auxiliary_index,side,direction,medium,m,n,order_m,order_n,polarization,alpha,gamma,beta,kz,vertical_sign,propagating,rayleigh_warning,refractive_index,auxiliary_amplitude_total_projection,incident_projection,outgoing_amplitude,boundary_phase,outgoing_amplitude_at_boundary,modal_power_code_units,power_ratio,power_source,R,T
0,top,outgoing_up,air,-7,-2,-7,-2,s,-4.3982297150257105e-01+0.0000000000000000e+00j,-1.2566370614359174e-01+0.0000000000000000e+00j,8.5914018327812564e-02+0.0000000000000000e+00j,8.5914018327812564e-02+0.0000000000000000e+00j,1,True,False,1.0000000000000000e+00+0.0000000000000000e+00j,1.0387608913134268e-06+1.4945552612683808e-06j,0.0000000000000000e+00+0.0000000000000000e+00j,1.0387608913134268e-06+1.4945552612683808e-06j,4.2815674128062886e-01-9.0370448980623785e-01j,1.7953887780662890e-06-2.9882897098658444e-07j,3.057543301037697e-09,6.115086602075394e-13,dtn_port_modal_amplitudes,6.115086602075394e-13,0.0
1,top,outgoing_up,air,-7,-2,-7,-2,p,-4.3982297150257105e-01+0.0000000000000000e+00j,-1.2566370614359174e-01+0.0000000000000000e+00j,8.5914018327812564e-02+0.0000000000000000e+00j,8.5914018327812564e-02+0.0000000000000000e+00j,1,True,False,1.0000000000000000e+00+0.0000000000000000e+00j,6.6292592156563081e-08-1.9958723037626139e-07j,0.0000000000000000e+00+0.0000000000000000e+00j,6.6292592156563081e-08-1.9958723037626139e-07j,4.2815674128062886e-01-9.0370448980623785e-01j,-1.5198425597021953e-07-1.4536353133190607e-07j,4.08227841415837e-11,8.164556828316741e-15,dtn_port_modal_amplitudes,8.164556828316741e-15,0.0
2,top,outgoing_up,air,-7,-1,-7,-1,s,-4.3982297150257105e-01+0.0000000000000000e+00j,-6.2831853071795868e-02+0.0000000000000000e+00j,1.3865332245041567e-01+0.0000000000000000e+00j,1.3865332245041567e-01+0.0000000000000000e+00j,1,True,False,1.0000000000000000e+00+0.0000000000000000e+00j,1.7907995255413183e-04+8.3411364671756999e-06j,0.0000000000000000e+00+0.0000000000000000e+00j,1.7907995255413183e-04+8.3411364671756999e-06j,-4.4861738743631935e-01+8.9372391692838304e-01j,-8.7793053612133089e-05+1.5630605778987352e-04j,4.787285198635136e-05,9.574570397270274e-09,dtn_port_modal_amplitudes,9.574570397270274e-09,0.0
3,top,outgoing_up,air,-7,-1,-7,-1,p,-4.3982297150257105e-01+0.0000000000000000e+00j,-6.2831853071795868e-02+0.0000000000000000e+00j,1.3865332245041567e-01+0.0000000000000000e+00j,1.3865332245041567e-01+0.0000000000000000e+00j,1,True,False,1.0000000000000000e+00+0.0000000000000000e+00j,-7.6822411059028112e-06-6.9063316593350467e-07j,0.0000000000000000e+00+0.0000000000000000e+00j,-7.6822411059028112e-06-6.9063316593350467e-07j,-4.4861738743631935e-01+8.9372391692838304e-01j,4.0636223128047618e-06-6.5559725653777309e-06j,8.861880985396662e-08,1.7723761970793327e-11,dtn_port_modal_amplitudes,1.7723761970793327e-11,0.0
4,top,outgoing_up,air,-7,0,-7,0,s,-4.3982297150257105e-01+0.0000000000000000e+00j,0.0000000000000000e+00+0.0000000000000000e+00j,1.5222544329702142e-01+0.0000000000000000e+00j,1.5222544329702142e-01+0.0000000000000000e+00j,1,True,False,1.0000000000000000e+00+0.0000000000000000e+00j,-2.2151053925221570e-04+2.9718262655014389e-05j,0.0000000000000000e+00+0.0000000000000000e+00j,-2.2151053925221570e-04+2.9718262655014389e-05j,-9.5788529532529842e-01+2.8715111178535563e-01j,2.0364805614755813e-04-9.2073684418300636e-05j,8.168596856881643e-05,1.633719371376329e-08,dtn_port_modal_amplitudes,1.633719371376329e-08,0.0
5,top,outgoing_up,air,-7,0,-7,0,p,-4.3982297150257105e-01+0.0000000000000000e+00j,0.0000000000000000e+00+0.0000000000000000e+00j,1.5222544329702142e-01+0.0000000000000000e+00j,1.5222544329702142e-01+0.0000000000000000e+00j,1,True,False,1.0000000000000000e+00+0.0000000000000000e+00j,-3.8462583812867145e-14+1.9011619123765783e-14j,0.0000000000000000e+00+0.0000000000000000e+00j,-3.8462583812867145e-14+1.9011619123765783e-14j,-9.5788529532529842e-01+2.8715111178535563e-01j,3.1383535886333211e-14-2.9255524102982703e-14j,3.0103749557276112e-24,6.020749911455223e-28,dtn_port_modal_amplitudes,6.020749911455223e-28,0.0
6,top,outgoing_up,air,-7,1,-7,1,s,-4.3982297150257105e-01+0.0000000000000000e+00j,6.2831853071795868e-02+0.0000000000000000e+00j,1.3865332245041567e-01+0.0000000000000000e+00j,1.3865332245041567e-01+0.0000000000000000e+00j,1,True,False,1.0000000000000000e+00+0.0000000000000000e+00j,1.7907995262281571e-04+8.3411364585532671e-06j,0.0000000000000000e+00+0.0000000000000000e+00j,1.7907995262281571e-04+8.3411364585532671e-06j,-4.4861738743631935e-01+8.9372391692838304e-01j,-8.7793053635239795e-05+1.5630605785512612e-04j,4.7872852022779686e-05,9.574570404555939e-09,dtn_port_modal_amplitudes,9.574570404555939e-09,0.0
7,top,outgoing_up,air,-7,1,-7,1,p,-4.3982297150257105e-01+0.0000000000000000e+00j,6.2831853071795868e-02+0.0000000000000000e+00j,1.3865332245041567e-01+0.0000000000000000e+00j,1.3865332245041567e-01+0.0000000000000000e+00j,1,True,False,1.0000000000000000e+00+0.0000000000000000e+00j,7.6822411216036731e-06+6.9063320709534158e-07j,0.0000000000000000e+00+0.0000000000000000e+00j,7.6822411216036731e-06+6.9063320709534158e-07j,-4.4861738743631935e-01+8.9372391692838304e-01j,-4.0636223566357598e-06+6.5559725609440504e-06j,8.861881029798724e-08,1.772376205959745e-11,dtn_port_modal_amplitudes,1.772376205959745e-11,0.0
8,top,outgoing_up,air,-7,2,-7,2,s,-4.3982297150257105e-01+0.0000000000000000e+00j,1.2566370614359174e-01+0.0000000000000000e+00j,8.5914018327812564e-02+0.0000000000000000e+00j,8.5914018327812564e-02+0.0000000000000000e+00j,1,True,False,1.0000000000000000e+00+0.0000000000000000e+00j,1.0387607933490884e-06+1.4945552874114261e-06j,0.0000000000000000e+00+0.0000000000000000e+00j,1.0387607933490884e-06+1.4945552874114261e-06j,4.2815674128062886e-01-9.0370448980623785e-01j,1.7953887597477844e-06-2.9882887126245085e-07j,3.0575431853169303e-09,6.115086370633862e-13,dtn_port_modal_amplitudes,6.115086370633862e-13,0.0
9,top,outgoing_up,air,-7,2,-7,2,p,-4.3982297150257105e-01+0.0000000000000000e+00j,1.2566370614359174e-01+0.0000000000000000e+00j,8.5914018327812564e-02+0.0000000000000000e+00j,8.5914018327812564e-02+0.0000000000000000e+00j,1,True,False,1.0000000000000000e+00+0.0000000000000000e+00j,-6.6292678552852906e-08+1.9958721505065774e-07j,0.0000000000000000e+00+0.0000000000000000e+00j,-6.6292678552852906e-08+1.9958721505065774e-07j,4.2815674128062886e-01-9.0370448980623785e-01j,1.5198420512924881e-07+1.4536360284686054e-07j,4.0822789067742675e-11,8.164557813548536e-15,dtn_port_modal_amplitudes,8.164557813548536e-15,0.0
10,top,outgoing_up,air,-6,-4,-6,-4,s,-3.7699111843077515e-01+0.0000000000000000e+00j,-2.5132741228718347e-01+0.0000000000000000e+00j,1.0643805853954440e-01+0.0000000000000000e+00j,1.0643805853954440e-01+0.0000000000000000e+00j,1,True,False,1.0000000000000000e+00+0.0000000000000000e+00j,-3.3592295094833948e-07+3.6866769240474365e-07j,0.0000000000000000e+00+0.0000000000000000e+00j,-3.3592295094833948e-07+3.6866769240474365e-07j,9.9469008590626495e-01+1.0291565964316193e-01j,-3.7208090768964633e-07+3.3213836654281303e-07j,2.844471358950473e-10,5.688942717900947e-14,dtn_port_modal_amplitudes,5.688942717900947e-14,0.0
11,top,outgoing_up,air,-6,-4,-6,-4,p,-3.7699111843077515e-01+0.0000000000000000e+00j,-2.5132741228718347e-01+0.0000000000000000e+00j,1.0643805853954440e-01+0.0000000000000000e+00j,1.0643805853954440e-01+0.0000000000000000e+00j,1,True,False,1.0000000000000000e+00+0.0000000000000000e+00j,-2.9227626380061081e-08-1.3038405139441159e-07j,0.0000000000000000e+00+0.0000000000000000e+00j,-2.9227626380061081e-08-1.3038405139441159e-07j,9.9469008590626495e-01+1.0291565964316193e-01j,-1.5653869538615377e-08-1.3269970373102199e-07j,2.0415620400422622e-11,4.083124080084525e-15,dtn_port_modal_amplitudes,4.083124080084525e-15,0.0
12,top,outgoing_up,air,-6,-3,-6,-3,s,-3.7699111843077515e-01+0.0000000000000000e+00j,-1.8849555921538758e-01+0.0000000000000000e+00j,1.9739288900240984e-01+0.0000000000000000e+00j,1.9739288900240984e-01+0.0000000000000000e+00j,1,True,False,1.0000000000000000e+00+0.0000000000000000e+00j,-3.7942869538327725e-07+5.3903640667495753e-08j,0.0000000000000000e+00+0.0000000000000000e+00j,-3.7942869538327725e-07+5.3903640667495753e-08j,7.4995831046452544e-01-6.6148509625326746e-01j,-2.4889924839606168e-07+2.9141191036974082e-07j,3.114538043108401e-10,6.229076086216803e-14,dtn_port_modal_amplitudes,6.229076086216803e-14,0.0
13,top,outgoing_up,air,-6,-3,-6,-3,p,-3.7699111843077515e-01+0.0000000000000000e+00j,-1.8849555921538758e-01+0.0000000000000000e+00j,1.9739288900240984e-01+0.0000000000000000e+00j,1.9739288900240984e-01+0.0000000000000000e+00j,1,True,False,1.0000000000000000e+00+0.0000000000000000e+00j,1.4988085679618024e-07+3.2600486758453931e-08j,0.0000000000000000e+00+0.0000000000000000e+00j,1.4988085679618024e-07+3.2600486758453931e-08j,7.4995831046452544e-01-6.6148509625326746e-01j,1.3396913025515808e-07-7.4694947014652229e-08j,4.989110497614699e-11,9.9782209952294e-15,dtn_port_modal_amplitudes,9.9782209952294e-15,0.0
14,top,outgoing_up,air,-6,-2,-6,-2,s,-3.7699111843077515e-01+0.0000000000000000e+00j,-1.2566370614359174e-01+0.0000000000000000e+00j,2.4228735301475479e-01+0.0000000000000000e+00j,2.4228735301475479e-01+0.0000000000000000e+00j,1,True,False,1.0000000000000000e+00+0.0000000000000000e+00j,6.3457456740386983e-08+8.9917085352077822e-08j,0.0000000000000000e+00+0.0000000000000000e+00j,6.3457456740386983e-08+8.9917085352077822e-08j,-3.8948672055607042e-01+9.2103208115161628e-01j,-1.0753235697355378e-07+2.3424842750446213e-08j,3.15259396435413e-11,6.305187928708261e-15,dtn_port_modal_amplitudes,6.305187928708261e-15,0.0
15,top,outgoing_up,air,-6,-2,-6,-2,p,-3.7699111843077515e-01+0.0000000000000000e+00j,-1.2566370614359174e-01+0.0000000000000000e+00j,2.4228735301475479e-01+0.0000000000000000e+00j,2.4228735301475479e-01+0.0000000000000000e+00j,1,True,False,1.0000000000000000e+00+0.0000000000000000e+00j,-2.3757005506826572e-08+1.5808198812128415e-08j,0.0000000000000000e+00+0.0000000000000000e+00j,-2.3757005506826572e-08+1.5808198812128415e-08j,-3.8948672055607042e-01+9.2103208115161628e-01j,-5.3068200861067569e-09-2.8038047737117149e-08j,2.11951322161433e-12,4.2390264432286607e-16,dtn_port_modal_amplitudes,4.2390264432286607e-16,0.0
16,top,outgoing_up,air,-6,-1,-6,-1,s,-3.7699111843077515e-01+0.0000000000000000e+00j,-6.2831853071795868e-02+0.0000000000000000e+00j,2.6560626256209324e-01+0.0000000000000000e+00j,2.6560626256209324e-01+0.0000000000000000e+00j,1,True,False,1.0000000000000000e+00+0.0000000000000000e+00j,6.3837594003280936e-07+4.1673459661770195e-08j,0.0000000000000000e+00+0.0000000000000000e+00j,6.3837594003280936e-07+4.1673459661770195e-08j,-9.7402708549712580e-01-2.2643152765896971e-01j,-6.1235927118759621e-07-1.8513951777929593e-07j,1.167782774618968e-09,2.3355655492379365e-13,dtn_port_modal_amplitudes,2.3355655492379365e-13,0.0
17,top,outgoing_up,air,-6,-1,-6,-1,p,-3.7699111843077515e-01+0.0000000000000000e+00j,-6.2831853071795868e-02+0.0000000000000000e+00j,2.6560626256209324e-01+0.0000000000000000e+00j,2.6560626256209324e-01+0.0000000000000000e+00j,1,True,False,1.0000000000000000e+00+0.0000000000000000e+00j,-6.1442103520071895e-08-3.3403141627012844e-08j,0.0000000000000000e+00+0.0000000000000000e+00j,-6.1442103520071895e-08-3.3403141627012844e-08j,-9.7402708549712580e-01-2.2643152765896971e-01j,5.2282748631254882e-08+4.6447994048037473e-08j,1.3955685447463328e-11,2.791137089492666e-15,dtn_port_modal_amplitudes,2.791137089492666e-15,0.0
18,top,outgoing_up,air,-6,0,-6,0,s,-3.7699111843077515e-01+0.0000000000000000e+00j,0.0000000000000000e+00+0.0000000000000000e+00j,2.7293685803247492e-01+0.0000000000000000e+00j,2.7293685803247492e-01+0.0000000000000000e+00j,1,True,False,1.0000000000000000e+00+0.0000000000000000e+00j,-1.1798689294187326e-06-5.3947514312785959e-08j,0.0000000000000000e+00+0.0000000000000000e+00j,-1.1798689294187326e-06-5.3947514312785959e-08j,-7.8490829720534228e-01-6.1961194709125000e-01j,8.9266238793146919e-07+7.7340473626731926e-07j,4.090351393463461e-09,8.180702786926923e-13,dtn_port_modal_amplitudes,8.180702786926923e-13,0.0
19,top,outgoing_up,air,-6,0,-6,0,p,-3.7699111843077515e-01+0.0000000000000000e+00j,0.0000000000000000e+00+0.0000000000000000e+00j,2.7293685803247492e-01+0.0000000000000000e+00j,2.7293685803247492e-01+0.0000000000000000e+00j,1,True,False,1.0000000000000000e+00+0.0000000000000000e+00j,2.8973080976037246e-15+3.3392159878906847e-15j,0.0000000000000000e+00+0.0000000000000000e+00j,2.8973080976037246e-15+3.3392159878906847e-15j,-7.8490829720534228e-01-6.1961194709125000e-01j,-2.0510304535420995e-16-4.4161850467356216e-15j,5.730814900053099e-26,1.14616298001062e-29,dtn_port_modal_amplitudes,1.14616298001062e-29,0.0
20,top,outgoing_up,air,-6,1,-6,1,s,-3.7699111843077515e-01+0.0000000000000000e+00j,6.2831853071795868e-02+0.0000000000000000e+00j,2.6560626256209324e-01+0.0000000000000000e+00j,2.6560626256209324e-01+0.0000000000000000e+00j,1,True,False,1.0000000000000000e+00+0.0000000000000000e+00j,6.3837597314273933e-07+4.1673483679996876e-08j,0.0000000000000000e+00+0.0000000000000000e+00j,6.3837597314273933e-07+4.1673483679996876e-08j,-9.7402708549712580e-01-2.2643152765896971e-01j,-6.1235929799908098e-07-1.8513954867083128e-07j,1.1677829009531594e-09,2.335565801906319e-13,dtn_port_modal_amplitudes,2.335565801906319e-13,0.0
21,top,outgoing_up,air,-6,1,-6,1,p,-3.7699111843077515e-01+0.0000000000000000e+00j,6.2831853071795868e-02+0.0000000000000000e+00j,2.6560626256209324e-01+0.0000000000000000e+00j,2.6560626256209324e-01+0.0000000000000000e+00j,1,True,False,1.0000000000000000e+00+0.0000000000000000e+00j,6.1442079592916668e-08+3.3403125595230720e-08j,0.0000000000000000e+00+0.0000000000000000e+00j,6.1442079592916668e-08+3.3403125595230720e-08j,-9.7402708549712580e-01-2.2643152765896971e-01j,-5.2282728955658522e-08-4.6447973014785153e-08j,1.3955674001653106e-11,2.791134800330622e-15,dtn_port_modal_amplitudes,2.791134800330622e-15,0.0
22,top,outgoing_up,air,-6,2,-6,2,s,-3.7699111843077515e-01+0.0000000000000000e+00j,1.2566370614359174e-01+0.0000000000000000e+00j,2.4228735301475479e-01+0.0000000000000000e+00j,2.4228735301475479e-01+0.0000000000000000e+00j,1,True,False,1.0000000000000000e+00+0.0000000000000000e+00j,6.3457474466064271e-08+8.9917081021492918e-08j,0.0000000000000000e+00+0.0000000000000000e+00j,6.3457474466064271e-08+8.9917081021492918e-08j,-3.8948672055607042e-01+9.2103208115161628e-01j,-1.0753235988886207e-07+2.3424860763068968e-08j,3.15259434720334e-11,6.305188694406681e-15,dtn_port_modal_amplitudes,6.305188694406681e-15,0.0
23,top,outgoing_up,air,-6,2,-6,2,p,-3.7699111843077515e-01+0.0000000000000000e+00j,1.2566370614359174e-01+0.0000000000000000e+00j,2.4228735301475479e-01+0.0000000000000000e+00j,2.4228735301475479e-01+0.0000000000000000e+00j,1,True,False,1.0000000000000000e+00+0.0000000000000000e+00j,2.3757038065937274e-08-1.5808213948201841e-08j,0.0000000000000000e+00+0.0000000000000000e+00j,2.3757038065937274e-08-1.5808213948201841e-08j,-3.8948672055607042e-01+9.2103208115161628e-01j,5.3068213455747120e-09+2.8038083620402244e-08j,2.1195184939187727e-12,4.2390369878375464e-16,dtn_port_modal_amplitudes,4.2390369878375464e-16,0.0
24,top,outgoing_up,air,-6,3,-6,3,s,-3.7699111843077515e-01+0.0000000000000000e+00j,1.8849555921538758e-01+0.0000000000000000e+00j,1.9739288900240984e-01+0.0000000000000000e+00j,1.9739288900240984e-01+0.0000000000000000e+00j,1,True,False,1.0000000000000000e+00+0.0000000000000000e+00j,-3.7942868395520413e-07+5.3903650124636443e-08j,0.0000000000000000e+00+0.0000000000000000e+00j,-3.7942868395520413e-07+5.3903650124636443e-08j,7.4995831046452544e-01-6.6148509625326746e-01j,-2.4889923356972567e-07+2.9141190990270205e-07j,3.1145378808258833e-10,6.229075761651768e-14,dtn_port_modal_amplitudes,6.229075761651768e-14,0.0
25,top,outgoing_up,air,-6,3,-6,3,p,-3.7699111843077515e-01+0.0000000000000000e+00j,1.8849555921538758e-01+0.0000000000000000e+00j,1.9739288900240984e-01+0.0000000000000000e+00j,1.9739288900240984e-01+0.0000000000000000e+00j,1,True,False,1.0000000000000000e+00+0.0000000000000000e+00j,-1.4988088555585984e-07-3.2600421284556602e-08j,0.0000000000000000e+00+0.0000000000000000e+00j,-1.4988088555585984e-07-3.2600421284556602e-08j,7.4995831046452544e-01-6.6148509625326746e-01j,-1.3396910851371153e-07+7.4695015141445075e-08j,4.9891114205126586e-11,9.978222841025319e-15,dtn_port_modal_amplitudes,9.978222841025319e-15,0.0
26,top,outgoing_up,air,-6,4,-6,4,s,-3.7699111843077515e-01+0.0000000000000000e+00j,2.5132741228718347e-01+0.0000000000000000e+00j,1.0643805853954440e-01+0.0000000000000000e+00j,1.0643805853954440e-01+0.0000000000000000e+00j,1,True,False,1.0000000000000000e+00+0.0000000000000000e+00j,-3.3592288354705134e-07+3.6866757287100097e-07j,0.0000000000000000e+00+0.0000000000000000e+00j,-3.3592288354705134e-07+3.6866757287100097e-07j,9.9469008590626495e-01+1.0291565964316193e-01j,-3.7208082834435931e-07+3.3213825458043232e-07j,2.8444698333498107e-10,5.688939666699623e-14,dtn_port_modal_amplitudes,5.688939666699623e-14,0.0
27,top,outgoing_up,air,-6,4,-6,4,p,-3.7699111843077515e-01+0.0000000000000000e+00j,2.5132741228718347e-01+0.0000000000000000e+00j,1.0643805853954440e-01+0.0000000000000000e+00j,1.0643805853954440e-01+0.0000000000000000e+00j,1,True,False,1.0000000000000000e+00+0.0000000000000000e+00j,2.9227664438208337e-08+1.3038410872683048e-07j,0.0000000000000000e+00+0.0000000000000000e+00j,2.9227664438208337e-08+1.3038410872683048e-07j,9.9469008590626495e-01+1.0291565964316193e-01j,1.5653901494273431e-08+1.3269976467579000e-07j,2.0415640039536092e-11,4.083128007907219e-15,dtn_port_modal_amplitudes,4.083128007907219e-15,0.0
28,top,outgoing_up,air,-5,-5,-5,-5,s,-3.1415926535897931e-01+0.0000000000000000e+00j,-3.1415926535897931e-01+0.0000000000000000e+00j,1.3865332245041576e-01+0.0000000000000000e+00j,1.3865332245041576e-01+0.0000000000000000e+00j,1,True,False,1.0000000000000000e+00+0.0000000000000000e+00j,-2.2475892592216411e-05-1.7033438897931746e-05j,0.0000000000000000e+00+0.0000000000000000e+00j,-2.2475892592216411e-05-1.7033438897931746e-05j,-4.4861738743632412e-01+8.9372391692838071e-01j,2.5306267945639358e-05-1.2445745906530828e-05j,1.1846423014577483e-06,2.369284602915497e-10,dtn_port_modal_amplitudes,2.369284602915497e-10,0.0
29,top,outgoing_up,air,-5,-5,-5,-5,p,-3.1415926535897931e-01+0.0000000000000000e+00j,-3.1415926535897931e-01+0.0000000000000000e+00j,1.3865332245041576e-01+0.0000000000000000e+00j,1.3865332245041576e-01+0.0000000000000000e+00j,1,True,False,1.0000000000000000e+00+0.0000000000000000e+00j,5.6181440892606674e-06+4.6530810672522375e-06j,0.0000000000000000e+00+0.0000000000000000e+00j,5.6181440892606674e-06+4.6530810672522375e-06j,-4.4861738743632412e-01+8.9372391692838071e-01j,-6.6789669607749067e-06+2.9336166694019518e-06j,7.926580157554869e-08,1.585316031510974e-11,dtn_port_modal_amplitudes,1.585316031510974e-11,0.0
30,top,outgoing_up,air,-5,-4,-5,-4,s,-3.1415926535897931e-01+0.0000000000000000e+00j,-2.5132741228718347e-01+0.0000000000000000e+00j,2.3399854629988762e-01+0.0000000000000000e+00j,2.3399854629988762e-01+0.0000000000000000e+00j,1,True,False,1.0000000000000000e+00+0.0000000000000000e+00j,-1.9587852602190295e-07+1.4129702172456606e-07j,0.0000000000000000e+00+0.0000000000000000e+00j,-1.9587852602190295e-07+1.4129702172456606e-07j,9.7100924635078481e-02+9.9527454023249928e-01j,-1.5964931432602201e-07-1.8123283847023099e-07j,1.4664025340778808e-10,2.932805068155762e-14,dtn_port_modal_amplitudes,2.932805068155762e-14,0.0
31,top,outgoing_up,air,-5,-4,-5,-4,p,-3.1415926535897931e-01+0.0000000000000000e+00j,-2.5132741228718347e-01+0.0000000000000000e+00j,2.3399854629988762e-01+0.0000000000000000e+00j,2.3399854629988762e-01+0.0000000000000000e+00j,1,True,False,1.0000000000000000e+00+0.0000000000000000e+00j,9.7998617660095730e-08+3.6095407129732632e-08j,0.0000000000000000e+00+0.0000000000000000e+00j,9.7998617660095730e-08+3.6095407129732632e-08j,9.7100924635078481e-02+9.9527454023249928e-01j,-2.6409083347794698e-08+1.0104042654244891e-07j,2.7417430252793246e-11,5.48348605055865e-15,dtn_port_modal_amplitudes,5.48348605055865e-15,0.0
32,top,outgoing_up,air,-5,-3,-5,-3,s,-3.1415926535897931e-01+0.0000000000000000e+00j,-1.8849555921538758e-01+0.0000000000000000e+00j,2.8703695231365395e-01+0.0000000000000000e+00j,2.8703695231365395e-01+0.0000000000000000e+00j,1,True,False,1.0000000000000000e+00+0.0000000000000000e+00j,8.2315106125423211e-06+2.7690202560563784e-06j,0.0000000000000000e+00+0.0000000000000000e+00j,8.2315106125423211e-06+2.7690202560563784e-06j,-5.6512332570259845e-02-9.9840190117380501e-01j,2.2994132227438494e-06-8.3748396386986496e-06j,2.3258324002537595e-07,4.65166480050752e-11,dtn_port_modal_amplitudes,4.65166480050752e-11,0.0
33,top,outgoing_up,air,-5,-3,-5,-3,p,-3.1415926535897931e-01+0.0000000000000000e+00j,-1.8849555921538758e-01+0.0000000000000000e+00j,2.8703695231365395e-01+0.0000000000000000e+00j,2.8703695231365395e-01+0.0000000000000000e+00j,1,True,False,1.0000000000000000e+00+0.0000000000000000e+00j,-3.0049748421905752e-06-1.0243872916159177e-06j,0.0000000000000000e+00+0.0000000000000000e+00j,-3.0049748421905752e-06-1.0243872916159177e-06j,-5.6512332570259845e-02-9.9840190117380501e-01j,-8.5293208184047938e-07+3.0580631107270713e-06j,3.10806172930238e-08,6.216123458604761e-12,dtn_port_modal_amplitudes,6.216123458604761e-12,0.0
34,top,outgoing_up,air,-5,-2,-5,-2,s,-3.1415926535897931e-01+0.0000000000000000e+00j,-1.2566370614359174e-01+0.0000000000000000e+00j,3.1957694033783096e-01+0.0000000000000000e+00j,3.1957694033783096e-01+0.0000000000000000e+00j,1,True,False,1.0000000000000000e+00+0.0000000000000000e+00j,3.9549690992704873e-07-9.5737964097912835e-08j,0.0000000000000000e+00+0.0000000000000000e+00j,3.9549690992704873e-07-9.5737964097912835e-08j,9.4763140690420844e-01+3.1936611693908690e-01j,4.0536075501804033e-07+3.5584010772559620e-08j,5.684817980241248e-10,1.1369635960482497e-13,dtn_port_modal_amplitudes,1.1369635960482497e-13,0.0
35,top,outgoing_up,air,-5,-2,-5,-2,p,-3.1415926535897931e-01+0.0000000000000000e+00j,-1.2566370614359174e-01+0.0000000000000000e+00j,3.1957694033783096e-01+0.0000000000000000e+00j,3.1957694033783096e-01+0.0000000000000000e+00j,1,True,False,1.0000000000000000e+00+0.0000000000000000e+00j,-7.0091680379926921e-08+3.0221338886314046e-08j,0.0000000000000000e+00+0.0000000000000000e+00j,-7.0091680379926921e-08+3.0221338886314046e-08j,9.4763140690420844e-01+3.1936611693908690e-01j,-7.6072749339532599e-08+6.2537820946938011e-09j,2.0002427910653842e-11,4.000485582130769e-15,dtn_port_modal_amplitudes,4.000485582130769e-15,0.0
36,top,outgoing_up,air,-5,-1,-5,-1,s,-3.1415926535897931e-01+0.0000000000000000e+00j,-6.2831853071795868e-02+0.0000000000000000e+00j,3.3759879454316299e-01+0.0000000000000000e+00j,3.3759879454316299e-01+0.0000000000000000e+00j,1,True,False,1.0000000000000000e+00+0.0000000000000000e+00j,2.9593825546389769e-05-5.2337619177752599e-05j,0.0000000000000000e+00+0.0000000000000000e+00j,2.9593825546389769e-05-5.2337619177752599e-05j,1.6368469478040518e-01+9.8651270680850611e-01j,5.6475782664902862e-05+2.0627817723944175e-05j,1.3110993533313109e-05,2.622198706662622e-09,dtn_port_modal_amplitudes,2.622198706662622e-09,0.0
37,top,outgoing_up,air,-5,-1,-5,-1,p,-3.1415926535897931e-01+0.0000000000000000e+00j,-6.2831853071795868e-02+0.0000000000000000e+00j,3.3759879454316299e-01+0.0000000000000000e+00j,3.3759879454316299e-01+0.0000000000000000e+00j,1,True,False,1.0000000000000000e+00+0.0000000000000000e+00j,-4.3056849659343321e-06+7.6265266872432887e-06j,0.0000000000000000e+00+0.0000000000000000e+00j,-4.3056849659343321e-06+7.6265266872432887e-06j,1.6368469478040518e-01+9.8651270680850611e-01j,-8.2284402152492256e-06-2.9992672373725364e-06j,2.781865911417347e-07,5.5637318228346954e-11,dtn_port_modal_amplitudes,5.5637318228346954e-11,0.0
38,top,outgoing_up,air,-5,0,-5,0,s,-3.1415926535897931e-01+0.0000000000000000e+00j,0.0000000000000000e+00+0.0000000000000000e+00j,3.4339596363008190e-01+0.0000000000000000e+00j,3.4339596363008190e-01+0.0000000000000000e+00j,1,True,False,1.0000000000000000e+00+0.0000000000000000e+00j,-3.7954811962504356e-05+9.6915580006872232e-05j,0.0000000000000000e+00+0.0000000000000000e+00j,-3.7954811962504356e-05+9.6915580006872232e-05j,-1.8237907681107474e-01+9.8322829106039256e-01j,-8.8367976541024249e-05-5.4993618913674915e-05j,3.996462546932032e-05,7.992925093864065e-09,dtn_port_modal_amplitudes,7.992925093864065e-09,0.0
39,top,outgoing_up,air,-5,0,-5,0,p,-3.1415926535897931e-01+0.0000000000000000e+00j,0.0000000000000000e+00+0.0000000000000000e+00j,3.4339596363008190e-01+0.0000000000000000e+00j,3.4339596363008190e-01+0.0000000000000000e+00j,1,True,False,1.0000000000000000e+00+0.0000000000000000e+00j,-1.4740790818299410e-14+4.9006533076246135e-15j,0.0000000000000000e+00+0.0000000000000000e+00j,-1.4740790818299410e-14+4.9006533076246135e-15j,-1.8237907681107474e-01+9.8322829106039256e-01j,-2.1300491558285956e-15-1.5387339191170972e-14j,8.902040813238422e-25,1.7804081626476848e-28,dtn_port_modal_amplitudes,1.7804081626476848e-28,0.0
40,top,outgoing_up,air,-5,1,-5,1,s,-3.1415926535897931e-01+0.0000000000000000e+00j,6.2831853071795868e-02+0.0000000000000000e+00j,3.3759879454316299e-01+0.0000000000000000e+00j,3.3759879454316299e-01+0.0000000000000000e+00j,1,True,False,1.0000000000000000e+00+0.0000000000000000e+00j,2.9593825542286007e-05-5.2337619177568474e-05j,0.0000000000000000e+00+0.0000000000000000e+00j,2.9593825542286007e-05-5.2337619177568474e-05j,1.6368469478040518e-01+9.8651270680850611e-01j,5.6475782664049500e-05+2.0627817719925902e-05j,1.3110993532362287e-05,2.622198706472458e-09,dtn_port_modal_amplitudes,2.622198706472458e-09,0.0
41,top,outgoing_up,air,-5,1,-5,1,p,-3.1415926535897931e-01+0.0000000000000000e+00j,6.2831853071795868e-02+0.0000000000000000e+00j,3.3759879454316299e-01+0.0000000000000000e+00j,3.3759879454316299e-01+0.0000000000000000e+00j,1,True,False,1.0000000000000000e+00+0.0000000000000000e+00j,4.3056849839822986e-06-7.6265266788726728e-06j,0.0000000000000000e+00+0.0000000000000000e+00j,4.3056849839822986e-06-7.6265266788726728e-06j,1.6368469478040518e-01+9.8651270680850611e-01j,8.2284402099456830e-06+2.9992672565472261e-06j,2.781865912423433e-07,5.563731824846868e-11,dtn_port_modal_amplitudes,5.563731824846868e-11,0.0
42,top,outgoing_up,air,-5,2,-5,2,s,-3.1415926535897931e-01+0.0000000000000000e+00j,1.2566370614359174e-01+0.0000000000000000e+00j,3.1957694033783096e-01+0.0000000000000000e+00j,3.1957694033783096e-01+0.0000000000000000e+00j,1,True,False,1.0000000000000000e+00+0.0000000000000000e+00j,3.9549687540711618e-07-9.5737973252620325e-08j,0.0000000000000000e+00+0.0000000000000000e+00j,3.9549687540711618e-07-9.5737973252620325e-08j,9.4763140690420844e-01+3.1936611693908690e-01j,4.0536072522957145e-07+3.5583991072774467e-08j,5.684817102984498e-10,1.1369634205968999e-13,dtn_port_modal_amplitudes,1.1369634205968999e-13,0.0
43,top,outgoing_up,air,-5,2,-5,2,p,-3.1415926535897931e-01+0.0000000000000000e+00j,1.2566370614359174e-01+0.0000000000000000e+00j,3.1957694033783096e-01+0.0000000000000000e+00j,3.1957694033783096e-01+0.0000000000000000e+00j,1,True,False,1.0000000000000000e+00+0.0000000000000000e+00j,7.0091676234464549e-08-3.0221372475737454e-08j,0.0000000000000000e+00+0.0000000000000000e+00j,7.0091676234464549e-08-3.0221372475737454e-08j,9.4763140690420844e-01+3.1936611693908690e-01j,7.6072756138485980e-08-6.2538152490065817e-09j,2.0002432885744393e-11,4.0004865771488795e-15,dtn_port_modal_amplitudes,4.0004865771488795e-15,0.0
44,top,outgoing_up,air,-5,3,-5,3,s,-3.1415926535897931e-01+0.0000000000000000e+00j,1.8849555921538758e-01+0.0000000000000000e+00j,2.8703695231365395e-01+0.0000000000000000e+00j,2.8703695231365395e-01+0.0000000000000000e+00j,1,True,False,1.0000000000000000e+00+0.0000000000000000e+00j,8.2315106475240585e-06+2.7690202359095778e-06j,0.0000000000000000e+00+0.0000000000000000e+00j,8.2315106475240585e-06+2.7690202359095778e-06j,-5.6512332570259845e-02-9.9840190117380501e-01j,2.2994132006523458e-06-8.3748396724859400e-06j,2.3258324145720002e-07,4.651664829144001e-11,dtn_port_modal_amplitudes,4.651664829144001e-11,0.0
45,top,outgoing_up,air,-5,3,-5,3,p,-3.1415926535897931e-01+0.0000000000000000e+00j,1.8849555921538758e-01+0.0000000000000000e+00j,2.8703695231365395e-01+0.0000000000000000e+00j,2.8703695231365395e-01+0.0000000000000000e+00j,1,True,False,1.0000000000000000e+00+0.0000000000000000e+00j,3.0049748587696930e-06+1.0243872829966883e-06j,0.0000000000000000e+00+0.0000000000000000e+00j,3.0049748587696930e-06+1.0243872829966883e-06j,-5.6512332570259845e-02-9.9840190117380501e-01j,8.5293207229809969e-07-3.0580631267926016e-06j,3.108061754582195e-08,6.216123509164391e-12,dtn_port_modal_amplitudes,6.216123509164391e-12,0.0
46,top,outgoing_up,air,-5,4,-5,4,s,-3.1415926535897931e-01+0.0000000000000000e+00j,2.5132741228718347e-01+0.0000000000000000e+00j,2.3399854629988762e-01+0.0000000000000000e+00j,2.3399854629988762e-01+0.0000000000000000e+00j,1,True,False,1.0000000000000000e+00+0.0000000000000000e+00j,-1.9587856107417414e-07+1.4129704211452851e-07j,0.0000000000000000e+00+0.0000000000000000e+00j,-1.9587856107417414e-07+1.4129704211452851e-07j,9.7100924635078481e-02+9.9527454023249928e-01j,-1.5964933802324045e-07-1.8123287137697985e-07j,1.4664030241266666e-10,2.932806048253334e-14,dtn_port_modal_amplitudes,2.932806048253334e-14,0.0
47,top,outgoing_up,air,-5,4,-5,4,p,-3.1415926535897931e-01+0.0000000000000000e+00j,2.5132741228718347e-01+0.0000000000000000e+00j,2.3399854629988762e-01+0.0000000000000000e+00j,2.3399854629988762e-01+0.0000000000000000e+00j,1,True,False,1.0000000000000000e+00+0.0000000000000000e+00j,-9.7998672941174655e-08-3.6095411863782801e-08j,0.0000000000000000e+00+0.0000000000000000e+00j,-9.7998672941174655e-08-3.6095411863782801e-08j,9.7100924635078481e-02+9.9527454023249928e-01j,2.6409082691630424e-08-1.0104048202197997e-07j,2.7417458349183575e-11,5.483491669836716e-15,dtn_port_modal_amplitudes,5.483491669836716e-15,0.0
48,top,outgoing_up,air,-5,5,-5,5,s,-3.1415926535897931e-01+0.0000000000000000e+00j,3.1415926535897931e-01+0.0000000000000000e+00j,1.3865332245041576e-01+0.0000000000000000e+00j,1.3865332245041576e-01+0.0000000000000000e+00j,1,True,False,1.0000000000000000e+00+0.0000000000000000e+00j,-2.2475892594939992e-05-1.7033438876087620e-05j,0.0000000000000000e+00+0.0000000000000000e+00j,-2.2475892594939992e-05-1.7033438876087620e-05j,-4.4861738743632412e-01+8.9372391692838071e-01j,2.5306267927338584e-05-1.2445745918764612e-05j,1.1846423005316497e-06,2.3692846010633e-10,dtn_port_modal_amplitudes,2.3692846010633e-10,0.0
49,top,outgoing_up,air,-5,5,-5,5,p,-3.1415926535897931e-01+0.0000000000000000e+00j,3.1415926535897931e-01+0.0000000000000000e+00j,1.3865332245041576e-01+0.0000000000000000e+00j,1.3865332245041576e-01+0.0000000000000000e+00j,1,True,False,1.0000000000000000e+00+0.0000000000000000e+00j,-5.6181440773037309e-06-4.6530810415844889e-06j,0.0000000000000000e+00+0.0000000000000000e+00j,-5.6181440773037309e-06-4.6530810415844889e-06j,-4.4861738743632412e-01+8.9372391692838071e-01j,6.6789669324709366e-06-2.9336166702307507e-06j,7.926580101962031e-08,1.5853160203924065e-11,dtn_port_modal_amplitudes,1.5853160203924065e-11,0.0
50,top,outgoing_up,air,-4,-6,-4,-6,s,-2.5132741228718347e-01+0.0000000000000000e+00j,-3.7699111843077515e-01+0.0000000000000000e+00j,1.0643805853954433e-01+0.0000000000000000e+00j,1.0643805853954433e-01+0.0000000000000000e+00j,1,True,False,1.0000000000000000e+00+0.0000000000000000e+00j,-3.0964407923138863e-07+2.4806225858910538e-07j,0.0000000000000000e+00+0.0000000000000000e+00j,-3.0964407923138863e-07+2.4806225858910538e-07j,9.9469008590626551e-01+1.0291565964315751e-01j,-3.3352938674630574e-07+2.1487784463740298e-07j,1.7999694803594906e-10,3.599938960718982e-14,dtn_port_modal_amplitudes,3.599938960718982e-14,0.0
51,top,outgoing_up,air,-4,-6,-4,-6,p,-2.5132741228718347e-01+0.0000000000000000e+00j,-3.7699111843077515e-01+0.0000000000000000e+00j,1.0643805853954433e-01+0.0000000000000000e+00j,1.0643805853954433e-01+0.0000000000000000e+00j,1,True,False,1.0000000000000000e+00+0.0000000000000000e+00j,-1.7511284104274304e-08-1.9153649657574420e-07j,0.0000000000000000e+00+0.0000000000000000e+00j,-1.7511284104274304e-08-1.9153649657574420e-07j,9.9469008590626551e-01+1.0291565964315751e-01j,2.2938042008224634e-09-1.9232163958790228e-07j,4.229985989909836e-11,8.459971979819674e-15,dtn_port_modal_amplitudes,8.459971979819674e-15,0.0
52,top,outgoing_up,air,-4,-5,-4,-5,s,-2.5132741228718347e-01+0.0000000000000000e+00j,-3.1415926535897931e-01+0.0000000000000000e+00j,2.3399854629988756e-01+0.0000000000000000e+00j,2.3399854629988756e-01+0.0000000000000000e+00j,1,True,False,1.0000000000000000e+00+0.0000000000000000e+00j,-1.8658630061038656e-07+1.4603647635181069e-07j,0.0000000000000000e+00+0.0000000000000000e+00j,-1.8658630061038656e-07+1.4603647635181069e-07j,9.7100924635082006e-02+9.9527454023249895e-01j,-1.6346408917173050e-07-1.7152431766947521e-07j,1.4112955807086123e-10,2.822591161417225e-14,dtn_port_modal_amplitudes,2.822591161417225e-14,0.0
53,top,outgoing_up,air,-4,-5,-4,-5,p,-2.5132741228718347e-01+0.0000000000000000e+00j,-3.1415926535897931e-01+0.0000000000000000e+00j,2.3399854629988756e-01+0.0000000000000000e+00j,2.3399854629988756e-01+0.0000000000000000e+00j,1,True,False,1.0000000000000000e+00+0.0000000000000000e+00j,1.0933097934777954e-07-5.4893170981511109e-08j,0.0000000000000000e+00+0.0000000000000000e+00j,1.0933097934777954e-07-5.4893170981511109e-08j,9.7100924635082006e-02+9.9527454023249895e-01j,6.5249914696455871e-08+1.0348416254507374e-07j,3.7623395592483103e-11,7.524679118496623e-15,dtn_port_modal_amplitudes,7.524679118496623e-15,0.0
54,top,outgoing_up,air,-4,-4,-4,-4,s,-2.5132741228718347e-01+0.0000000000000000e+00j,-2.5132741228718347e-01+0.0000000000000000e+00j,3.0047611471526703e-01+0.0000000000000000e+00j,3.0047611471526703e-01+0.0000000000000000e+00j,1,True,False,1.0000000000000000e+00+0.0000000000000000e+00j,1.1263972646772124e-07-1.3835568203603774e-07j,0.0000000000000000e+00+0.0000000000000000e+00j,1.1263972646772124e-07-1.3835568203603774e-07j,6.8149774226757609e-01-7.3182021513770468e-01j,-2.4487765715747653e-08-1.7672111379411033e-07j,1.0274732769840224e-10,2.054946553968045e-14,dtn_port_modal_amplitudes,2.054946553968045e-14,0.0
55,top,outgoing_up,air,-4,-4,-4,-4,p,-2.5132741228718347e-01+0.0000000000000000e+00j,-2.5132741228718347e-01+0.0000000000000000e+00j,3.0047611471526703e-01+0.0000000000000000e+00j,3.0047611471526703e-01+0.0000000000000000e+00j,1,True,False,1.0000000000000000e+00+0.0000000000000000e+00j,-3.5721309522521697e-08+1.3005359592638879e-07j,0.0000000000000000e+00+0.0000000000000000e+00j,-3.5721309522521697e-08+1.3005359592638879e-07j,6.8149774226757609e-01-7.3182021513770468e-01j,7.0831858759842151e-08+1.1477280841738596e-07j,5.871720292953256e-11,1.1743440585906514e-14,dtn_port_modal_amplitudes,1.1743440585906514e-14,0.0
56,top,outgoing_up,air,-4,-3,-4,-3,s,-2.5132741228718347e-01+0.0000000000000000e+00j,-1.8849555921538758e-01+0.0000000000000000e+00j,3.4339596363008185e-01+0.0000000000000000e+00j,3.4339596363008185e-01+0.0000000000000000e+00j,1,True,False,1.0000000000000000e+00+0.0000000000000000e+00j,1.6298732168424277e-07+5.4261895839094445e-08j,0.0000000000000000e+00+0.0000000000000000e+00j,1.6298732168424277e-07+5.4261895839094445e-08j,-1.8237907681107124e-01+9.8322829106039322e-01j,-8.3077308376251177e-08+1.5035751129495604e-07j,1.0886212966657961e-10,2.1772425933315928e-14,dtn_port_modal_amplitudes,2.1772425933315928e-14,0.0
57,top,outgoing_up,air,-4,-3,-4,-3,p,-2.5132741228718347e-01+0.0000000000000000e+00j,-1.8849555921538758e-01+0.0000000000000000e+00j,3.4339596363008185e-01+0.0000000000000000e+00j,3.4339596363008185e-01+0.0000000000000000e+00j,1,True,False,1.0000000000000000e+00+0.0000000000000000e+00j,-1.2375787679630689e-07-3.4880687121445337e-08j,0.0000000000000000e+00+0.0000000000000000e+00j,-1.2375787679630689e-07-3.4880687121445337e-08j,-1.8237907681107124e-01+9.8322829106039322e-01j,5.6866525707639706e-08-1.1532073819195048e-07j,6.099050134358598e-11,1.21981002687172e-14,dtn_port_modal_amplitudes,1.21981002687172e-14,0.0
58,top,outgoing_up,air,-4,-2,-4,-2,s,-2.5132741228718347e-01+0.0000000000000000e+00j,-1.2566370614359174e-01+0.0000000000000000e+00j,3.7102560105686944e-01+0.0000000000000000e+00j,3.7102560105686944e-01+0.0000000000000000e+00j,1,True,False,1.0000000000000000e+00+0.0000000000000000e+00j,7.4913781401652202e-08+8.2339470912103148e-08j,0.0000000000000000e+00+0.0000000000000000e+00j,7.4913781401652202e-08+8.2339470912103148e-08j,-9.6366746870815334e-01-2.6710486658542981e-01j,-5.0198700701993916e-08-9.9357705095333423e-08j,4.939288448180798e-11,9.878576896361599e-15,dtn_port_modal_amplitudes,9.878576896361599e-15,0.0
59,top,outgoing_up,air,-4,-2,-4,-2,p,-2.5132741228718347e-01+0.0000000000000000e+00j,-1.2566370614359174e-01+0.0000000000000000e+00j,3.7102560105686944e-01+0.0000000000000000e+00j,3.7102560105686944e-01+0.0000000000000000e+00j,1,True,False,1.0000000000000000e+00+0.0000000000000000e+00j,-3.5415021702710689e-08-7.2246389163492240e-08j,0.0000000000000000e+00+0.0000000000000000e+00j,-3.5415021702710689e-08-7.2246389163492240e-08j,-9.6366746870815334e-01-2.6710486658542981e-01j,1.4830942179701885e-08+7.9081019615509363e-08j,2.580386013244668e-11,5.160772026489337e-15,dtn_port_modal_amplitudes,5.160772026489337e-15,0.0
60,top,outgoing_up,air,-4,-1,-4,-1,s,-2.5132741228718347e-01+0.0000000000000000e+00j,-6.2831853071795868e-02+0.0000000000000000e+00j,3.8665685293412100e-01+0.0000000000000000e+00j,3.8665685293412100e-01+0.0000000000000000e+00j,1,True,False,1.0000000000000000e+00+0.0000000000000000e+00j,-1.0695309845901573e-06+5.3760978766999277e-07j,0.0000000000000000e+00+0.0000000000000000e+00j,-1.0695309845901573e-06+5.3760978766999277e-07j,-3.5464440597887031e-01-9.3500125417450330e-01j,8.8196900643390427e-07+8.0935250817363722e-07j,5.952121754822237e-09,1.1904243509644477e-12,dtn_port_modal_amplitudes,1.1904243509644477e-12,0.0
61,top,outgoing_up,air,-4,-1,-4,-1,p,-2.5132741228718347e-01+0.0000000000000000e+00j,-6.2831853071795868e-02+0.0000000000000000e+00j,3.8665685293412100e-01+0.0000000000000000e+00j,3.8665685293412100e-01+0.0000000000000000e+00j,1,True,False,1.0000000000000000e+00+0.0000000000000000e+00j,2.3891456635285376e-07-6.7761589849488323e-08j,0.0000000000000000e+00+0.0000000000000000e+00j,2.3891456635285376e-07-6.7761589849488323e-08j,-3.5464440597887031e-01-9.3500125417450330e-01j,-1.4808688595803709e-07-1.9935415040012022e-07j,2.561747152898815e-10,5.1234943057976303e-14,dtn_port_modal_amplitudes,5.1234943057976303e-14,0.0
62,top,outgoing_up,air,-4,0,-4,0,s,-2.5132741228718347e-01+0.0000000000000000e+00j,0.0000000000000000e+00+0.0000000000000000e+00j,3.9172868631407914e-01+0.0000000000000000e+00j,3.9172868631407914e-01+0.0000000000000000e+00j,1,True,False,1.0000000000000000e+00+0.0000000000000000e+00j,1.5783345007961229e-06-1.0796904538678395e-06j,0.0000000000000000e+00+0.0000000000000000e+00j,1.5783345007961229e-06-1.0796904538678395e-06j,-5.8190832231936877e-02-9.9830547781936696e-01j,-1.1697054925872475e-06-1.5128318919126182e-06j,1.538930309985876e-08,3.0778606199717524e-12,dtn_port_modal_amplitudes,3.0778606199717524e-12,0.0
63,top,outgoing_up,air,-4,0,-4,0,p,-2.5132741228718347e-01+0.0000000000000000e+00j,0.0000000000000000e+00+0.0000000000000000e+00j,3.9172868631407914e-01+0.0000000000000000e+00j,3.9172868631407914e-01+0.0000000000000000e+00j,1,True,False,1.0000000000000000e+00+0.0000000000000000e+00j,-1.6225406294112769e-15+1.3304370470011055e-14j,0.0000000000000000e+00+0.0000000000000000e+00j,-1.6225406294112769e-15+1.3304370470011055e-14j,-5.8190832231936877e-02-9.9830547781936696e-01j,1.3376242908705834e-14+8.4559880835381265e-16j,7.5597893788916875e-25,1.5119578757783377e-28,dtn_port_modal_amplitudes,1.5119578757783377e-28,0.0
64,top,outgoing_up,air,-4,1,-4,1,s,-2.5132741228718347e-01+0.0000000000000000e+00j,6.2831853071795868e-02+0.0000000000000000e+00j,3.8665685293412100e-01+0.0000000000000000e+00j,3.8665685293412100e-01+0.0000000000000000e+00j,1,True,False,1.0000000000000000e+00+0.0000000000000000e+00j,-1.0695309644443365e-06+5.3760976156980382e-07j,0.0000000000000000e+00+0.0000000000000000e+00j,-1.0695309644443365e-06+5.3760976156980382e-07j,-3.5464440597887031e-01-9.3500125417450330e-01j,8.8196897488559231e-07+8.0935249859355547e-07j,5.952121459249241e-09,1.1904242918498483e-12,dtn_port_modal_amplitudes,1.1904242918498483e-12,0.0
65,top,outgoing_up,air,-4,1,-4,1,p,-2.5132741228718347e-01+0.0000000000000000e+00j,6.2831853071795868e-02+0.0000000000000000e+00j,3.8665685293412100e-01+0.0000000000000000e+00j,3.8665685293412100e-01+0.0000000000000000e+00j,1,True,False,1.0000000000000000e+00+0.0000000000000000e+00j,-2.3891453818344834e-07+6.7761580978783264e-08j,0.0000000000000000e+00+0.0000000000000000e+00j,-2.3891453818344834e-07+6.7761580978783264e-08j,-3.5464440597887031e-01-9.3500125417450330e-01j,1.4808686767379469e-07+1.9935412720763677e-07j,2.561746543848553e-10,5.123493087697107e-14,dtn_port_modal_amplitudes,5.123493087697107e-14,0.0
66,top,outgoing_up,air,-4,2,-4,2,s,-2.5132741228718347e-01+0.0000000000000000e+00j,1.2566370614359174e-01+0.0000000000000000e+00j,3.7102560105686944e-01+0.0000000000000000e+00j,3.7102560105686944e-01+0.0000000000000000e+00j,1,True,False,1.0000000000000000e+00+0.0000000000000000e+00j,7.4913773728965146e-08+8.2339462435132910e-08j,0.0000000000000000e+00+0.0000000000000000e+00j,7.4913773728965146e-08+8.2339462435132910e-08j,-9.6366746870815334e-01-2.6710486658542981e-01j,-5.0198695572315020e-08-9.9357694876940923e-08j,4.939287433543461e-11,9.878574867086925e-15,dtn_port_modal_amplitudes,9.878574867086925e-15,0.0
67,top,outgoing_up,air,-4,2,-4,2,p,-2.5132741228718347e-01+0.0000000000000000e+00j,1.2566370614359174e-01+0.0000000000000000e+00j,3.7102560105686944e-01+0.0000000000000000e+00j,3.7102560105686944e-01+0.0000000000000000e+00j,1,True,False,1.0000000000000000e+00+0.0000000000000000e+00j,3.5415011501766340e-08+7.2246412815630653e-08j,0.0000000000000000e+00+0.0000000000000000e+00j,3.5415011501766340e-08+7.2246412815630653e-08j,-9.6366746870815334e-01-2.6710486658542981e-01j,-1.4830926031782395e-08-7.9081039683583846e-08j,2.580387087460306e-11,5.160774174920613e-15,dtn_port_modal_amplitudes,5.160774174920613e-15,0.0
68,top,outgoing_up,air,-4,3,-4,3,s,-2.5132741228718347e-01+0.0000000000000000e+00j,1.8849555921538758e-01+0.0000000000000000e+00j,3.4339596363008185e-01+0.0000000000000000e+00j,3.4339596363008185e-01+0.0000000000000000e+00j,1,True,False,1.0000000000000000e+00+0.0000000000000000e+00j,1.6298730587608422e-07+5.4261854079159814e-08j,0.0000000000000000e+00+0.0000000000000000e+00j,1.6298730587608422e-07+5.4261854079159814e-08j,-1.8237907681107124e-01+9.8322829106039322e-01j,-8.3077264433624662e-08+1.5035750336806565e-07j,1.0886209393774395e-10,2.1772418787548795e-14,dtn_port_modal_amplitudes,2.1772418787548795e-14,0.0
69,top,outgoing_up,air,-4,3,-4,3,p,-2.5132741228718347e-01+0.0000000000000000e+00j,1.8849555921538758e-01+0.0000000000000000e+00j,3.4339596363008185e-01+0.0000000000000000e+00j,3.4339596363008185e-01+0.0000000000000000e+00j,1,True,False,1.0000000000000000e+00+0.0000000000000000e+00j,1.2375785604491535e-07+3.4880677562658814e-08j,0.0000000000000000e+00+0.0000000000000000e+00j,1.2375785604491535e-07+3.4880677562658814e-08j,-1.8237907681107124e-01+9.8322829106039322e-01j,-5.6866512524550741e-08+1.1532071953191791e-07j,6.099047993532551e-11,1.2198095987065104e-14,dtn_port_modal_amplitudes,1.2198095987065104e-14,0.0
70,top,outgoing_up,air,-4,4,-4,4,s,-2.5132741228718347e-01+0.0000000000000000e+00j,2.5132741228718347e-01+0.0000000000000000e+00j,3.0047611471526703e-01+0.0000000000000000e+00j,3.0047611471526703e-01+0.0000000000000000e+00j,1,True,False,1.0000000000000000e+00+0.0000000000000000e+00j,1.1263972740928961e-07-1.3835566088704711e-07j,0.0000000000000000e+00+0.0000000000000000e+00j,1.1263972740928961e-07-1.3835566088704711e-07j,6.8149774226757609e-01-7.3182021513770468e-01j,-2.4487749596812046e-08-1.7672110007017973e-07j,1.0274730949230818e-10,2.054946189846164e-14,dtn_port_modal_amplitudes,2.054946189846164e-14,0.0
71,top,outgoing_up,air,-4,4,-4,4,p,-2.5132741228718347e-01+0.0000000000000000e+00j,2.5132741228718347e-01+0.0000000000000000e+00j,3.0047611471526703e-01+0.0000000000000000e+00j,3.0047611471526703e-01+0.0000000000000000e+00j,1,True,False,1.0000000000000000e+00+0.0000000000000000e+00j,3.5721271050503846e-08-1.3005359983398060e-07j,0.0000000000000000e+00+0.0000000000000000e+00j,3.5721271050503846e-08-1.3005359983398060e-07j,6.8149774226757609e-01-7.3182021513770468e-01j,-7.0831887838090154e-08-1.1477278292580057e-07j,5.871719733815619e-11,1.174343946763124e-14,dtn_port_modal_amplitudes,1.174343946763124e-14,0.0
72,top,outgoing_up,air,-4,5,-4,5,s,-2.5132741228718347e-01+0.0000000000000000e+00j,3.1415926535897931e-01+0.0000000000000000e+00j,2.3399854629988756e-01+0.0000000000000000e+00j,2.3399854629988756e-01+0.0000000000000000e+00j,1,True,False,1.0000000000000000e+00+0.0000000000000000e+00j,-1.8658628037600130e-07+1.4603647376896287e-07j,0.0000000000000000e+00+0.0000000000000000e+00j,-1.8658628037600130e-07+1.4603647376896287e-07j,9.7100924635082006e-02+9.9527454023249895e-01j,-1.6346408463631029e-07-1.7152429778150363e-07j,1.4112953719269885e-10,2.8225907438539776e-14,dtn_port_modal_amplitudes,2.8225907438539776e-14,0.0
73,top,outgoing_up,air,-4,5,-4,5,p,-2.5132741228718347e-01+0.0000000000000000e+00j,3.1415926535897931e-01+0.0000000000000000e+00j,2.3399854629988756e-01+0.0000000000000000e+00j,2.3399854629988756e-01+0.0000000000000000e+00j,1,True,False,1.0000000000000000e+00+0.0000000000000000e+00j,-1.0933097220515251e-07+5.4893184374193937e-08j,0.0000000000000000e+00+0.0000000000000000e+00j,-1.0933097220515251e-07+5.4893184374193937e-08j,9.7100924635082006e-02+9.9527454023249895e-01j,-6.5249927332296430e-08-1.0348415413575702e-07j,3.76233953624999e-11,7.524679072499981e-15,dtn_port_modal_amplitudes,7.524679072499981e-15,0.0
74,top,outgoing_up,air,-4,6,-4,6,s,-2.5132741228718347e-01+0.0000000000000000e+00j,3.7699111843077515e-01+0.0000000000000000e+00j,1.0643805853954433e-01+0.0000000000000000e+00j,1.0643805853954433e-01+0.0000000000000000e+00j,1,True,False,1.0000000000000000e+00+0.0000000000000000e+00j,-3.0964406847944240e-07+2.4806217812019760e-07j,0.0000000000000000e+00+0.0000000000000000e+00j,-3.0964406847944240e-07+2.4806217812019760e-07j,9.9469008590626551e-01+1.0291565964315751e-01j,-3.3352936776994064e-07+2.1487776570232184e-07j,1.7999689477228935e-10,3.5999378954457876e-14,dtn_port_modal_amplitudes,3.5999378954457876e-14,0.0
75,top,outgoing_up,air,-4,6,-4,6,p,-2.5132741228718347e-01+0.0000000000000000e+00j,3.7699111843077515e-01+0.0000000000000000e+00j,1.0643805853954433e-01+0.0000000000000000e+00j,1.0643805853954433e-01+0.0000000000000000e+00j,1,True,False,1.0000000000000000e+00+0.0000000000000000e+00j,1.7511233713089512e-08+1.9153654517303077e-07j,0.0000000000000000e+00+0.0000000000000000e+00j,1.7511233713089512e-08+1.9153654517303077e-07j,9.9469008590626551e-01+1.0291565964315751e-01j,-2.2938593258562006e-09+1.9232168274109938e-07j,4.2299879168090816e-11,8.459975833618165e-15,dtn_port_modal_amplitudes,8.459975833618165e-15,0.0
76,top,outgoing_up,air,-3,-6,-3,-6,s,-1.8849555921538758e-01+0.0000000000000000e+00j,-3.7699111843077515e-01+0.0000000000000000e+00j,1.9739288900240981e-01+0.0000000000000000e+00j,1.9739288900240981e-01+0.0000000000000000e+00j,1,True,False,1.0000000000000000e+00+0.0000000000000000e+00j,4.8131398747951808e-08+3.0485121205420320e-08j,0.0000000000000000e+00+0.0000000000000000e+00j,4.8131398747951808e-08+3.0485121205420320e-08j,7.4995831046452421e-01-6.6148509625326879e-01j,5.6261995820168278e-08-8.9756329400701021e-09j,6.883359720005898e-12,1.37667194400118e-15,dtn_port_modal_amplitudes,1.37667194400118e-15,0.0
77,top,outgoing_up,air,-3,-6,-3,-6,p,-1.8849555921538758e-01+0.0000000000000000e+00j,-3.7699111843077515e-01+0.0000000000000000e+00j,1.9739288900240981e-01+0.0000000000000000e+00j,1.9739288900240981e-01+0.0000000000000000e+00j,1,True,False,1.0000000000000000e+00+0.0000000000000000e+00j,1.8099779271531313e-07+1.5747534392513010e-07j,0.0000000000000000e+00+0.0000000000000000e+00j,1.8099779271531313e-07+1.5747534392513010e-07j,7.4995831046452421e-01-6.6148509625326879e-01j,2.3990839185641571e-07-1.6273994660076532e-09j,1.2205800591428653e-10,2.441160118285731e-14,dtn_port_modal_amplitudes,2.441160118285731e-14,0.0
78,top,outgoing_up,air,-3,-5,-3,-5,s,-1.8849555921538758e-01+0.0000000000000000e+00j,-3.1415926535897931e-01+0.0000000000000000e+00j,2.8703695231365395e-01+0.0000000000000000e+00j,2.8703695231365395e-01+0.0000000000000000e+00j,1,True,False,1.0000000000000000e+00+0.0000000000000000e+00j,4.9165117283859307e-06+1.7946734263835783e-06j,0.0000000000000000e+00+0.0000000000000000e+00j,4.9165117283859307e-06+1.7946734263835783e-06j,-5.6512332570259845e-02-9.9840190117380501e-01j,1.5139618150073428e-06-5.0100758382906190e-06j,8.446958594644545e-08,1.6893917189289092e-11,dtn_port_modal_amplitudes,1.6893917189289092e-11,0.0
79,top,outgoing_up,air,-3,-5,-3,-5,p,-1.8849555921538758e-01+0.0000000000000000e+00j,-3.1415926535897931e-01+0.0000000000000000e+00j,2.8703695231365395e-01+0.0000000000000000e+00j,2.8703695231365395e-01+0.0000000000000000e+00j,1,True,False,1.0000000000000000e+00+0.0000000000000000e+00j,-5.0828508544618666e-06-2.0709476208764389e-06j,0.0000000000000000e+00+0.0000000000000000e+00j,-5.0828508544618666e-06-2.0709476208764389e-06j,-5.6512332570259845e-02-9.9840190117380501e-01j,-1.7803942840220264e-06+5.1917620371641840e-06j,9.2891760038434e-08,1.8578352007686803e-11,dtn_port_modal_amplitudes,1.8578352007686803e-11,0.0
80,top,outgoing_up,air,-3,-4,-3,-4,s,-1.8849555921538758e-01+0.0000000000000000e+00j,-2.5132741228718347e-01+0.0000000000000000e+00j,3.4339596363008190e-01+0.0000000000000000e+00j,3.4339596363008190e-01+0.0000000000000000e+00j,1,True,False,1.0000000000000000e+00+0.0000000000000000e+00j,1.0896025134805267e-07-3.8821384134444096e-09j,0.0000000000000000e+00+0.0000000000000000e+00j,1.0896025134805267e-07-3.8821384134444096e-09j,-1.8237907681107474e-01+9.8322829106039256e-01j,-1.6055041732049658e-08+1.0784082254635347e-07j,4.385369950693847e-11,8.770739901387696e-15,dtn_port_modal_amplitudes,8.770739901387696e-15,0.0
81,top,outgoing_up,air,-3,-4,-3,-4,p,-1.8849555921538758e-01+0.0000000000000000e+00j,-2.5132741228718347e-01+0.0000000000000000e+00j,3.4339596363008190e-01+0.0000000000000000e+00j,3.4339596363008190e-01+0.0000000000000000e+00j,1,True,False,1.0000000000000000e+00+0.0000000000000000e+00j,-1.6174955904014464e-07-1.0337974324745948e-07j,0.0000000000000000e+00+0.0000000000000000e+00j,-1.6174955904014464e-07-1.0337974324745948e-07j,-1.8237907681107474e-01+9.8322829106039256e-01j,1.3114562353580177e-07-1.4018244038037588e-07j,1.359439905433797e-10,2.7188798108675943e-14,dtn_port_modal_amplitudes,2.7188798108675943e-14,0.0
82,top,outgoing_up,air,-3,-3,-3,-3,s,-1.8849555921538758e-01+0.0000000000000000e+00j,-1.8849555921538758e-01+0.0000000000000000e+00j,3.8151760137703050e-01+0.0000000000000000e+00j,3.8151760137703050e-01+0.0000000000000000e+00j,1,True,False,1.0000000000000000e+00+0.0000000000000000e+00j,-1.1518088032928409e-05-2.2879342220262879e-05j,0.0000000000000000e+00+0.0000000000000000e+00j,-1.1518088032928409e-05-2.2879342220262879e-05j,-6.2168241748112152e-01-7.8326941201276878e-01j,-1.0760096115032913e-05+2.3245450822934060e-05j,2.689235344792294e-06,5.37847068958459e-10,dtn_port_modal_amplitudes,5.37847068958459e-10,0.0
83,top,outgoing_up,air,-3,-3,-3,-3,p,-1.8849555921538758e-01+0.0000000000000000e+00j,-1.8849555921538758e-01+0.0000000000000000e+00j,3.8151760137703050e-01+0.0000000000000000e+00j,3.8151760137703050e-01+0.0000000000000000e+00j,1,True,False,1.0000000000000000e+00+0.0000000000000000e+00j,9.3316961237135393e-06+1.8805805620731855e-05j,0.0000000000000000e+00+0.0000000000000000e+00j,9.3316961237135393e-06+1.8805805620731855e-05j,-6.2168241748112152e-01-7.8326941201276878e-01j,8.9286609055876186e-06-1.9000470836879580e-05j,1.8064246246764726e-06,3.612849249352946e-10,dtn_port_modal_amplitudes,3.612849249352946e-10,0.0
84,top,outgoing_up,air,-3,-2,-3,-2,s,-1.8849555921538758e-01+0.0000000000000000e+00j,-1.2566370614359174e-01+0.0000000000000000e+00j,4.0656474141600307e-01+0.0000000000000000e+00j,4.0656474141600307e-01+0.0000000000000000e+00j,1,True,False,1.0000000000000000e+00+0.0000000000000000e+00j,-3.1340356295441824e-07+2.9605076572890015e-07j,0.0000000000000000e+00+0.0000000000000000e+00j,-3.1340356295441824e-07+2.9605076572890015e-07j,7.3923895982341259e-01-6.7344321236404114e-01j,-3.2306745188070855e-08+4.2991176231471636e-07j,8.118165305925138e-10,1.6236330611850279e-13,dtn_port_modal_amplitudes,1.6236330611850279e-13,0.0
85,top,outgoing_up,air,-3,-2,-3,-2,p,-1.8849555921538758e-01+0.0000000000000000e+00j,-1.2566370614359174e-01+0.0000000000000000e+00j,4.0656474141600307e-01+0.0000000000000000e+00j,4.0656474141600307e-01+0.0000000000000000e+00j,1,True,False,1.0000000000000000e+00+0.0000000000000000e+00j,1.9356395839931018e-07-1.3186714775267007e-07j,0.0000000000000000e+00+0.0000000000000000e+00j,1.9356395839931018e-07-1.3186714775267007e-07j,7.3923895982341259e-01-6.7344321236404114e-01j,5.4284983678566581e-08-2.2783566708189515e-07j,2.3959478596266495e-10,4.7918957192533e-14,dtn_port_modal_amplitudes,4.7918957192533e-14,0.0
86,top,outgoing_up,air,-3,-1,-3,-1,s,-1.8849555921538758e-01+0.0000000000000000e+00j,-6.2831853071795868e-02+0.0000000000000000e+00j,4.2087814655071920e-01+0.0000000000000000e+00j,4.2087814655071920e-01+0.0000000000000000e+00j,1,True,False,1.0000000000000000e+00+0.0000000000000000e+00j,2.2812211513035132e-05+2.6365581313088720e-06j,0.0000000000000000e+00+0.0000000000000000e+00j,2.2812211513035132e-05+2.6365581313088720e-06j,9.9281491167941782e-01+1.1966014853320958e-01j,2.2332812820917312e-05+5.3473268462938465e-06j,2.384393561806681e-06,4.768787123613363e-10,dtn_port_modal_amplitudes,4.768787123613363e-10,0.0
87,top,outgoing_up,air,-3,-1,-3,-1,p,-1.8849555921538758e-01+0.0000000000000000e+00j,-6.2831853071795868e-02+0.0000000000000000e+00j,4.2087814655071920e-01+0.0000000000000000e+00j,4.2087814655071920e-01+0.0000000000000000e+00j,1,True,False,1.0000000000000000e+00+0.0000000000000000e+00j,-6.7879929038668512e-06-6.9004714989892557e-07j,0.0000000000000000e+00+0.0000000000000000e+00j,-6.7879929038668512e-06-6.9004714989892557e-07j,9.9281491167941782e-01+1.1966014853320958e-01j,-6.6566494308812589e-06-1.4973413393006158e-06j,2.1048835441028393e-07,4.209767088205679e-11,dtn_port_modal_amplitudes,4.209767088205679e-11,0.0
88,top,outgoing_up,air,-3,0,-3,0,s,-1.8849555921538758e-01+0.0000000000000000e+00j,0.0000000000000000e+00+0.0000000000000000e+00j,4.2554230812506105e-01+0.0000000000000000e+00j,4.2554230812506105e-01+0.0000000000000000e+00j,1,True,False,1.0000000000000000e+00+0.0000000000000000e+00j,-2.6713503070871534e-05+2.9032915473253578e-06j,0.0000000000000000e+00+0.0000000000000000e+00j,-2.6713503070871534e-05+2.9032915473253578e-06j,9.2113992622043750e-01+3.8923159728188439e-01j,-2.5736927054132481e-05-7.7234017075701523e-06j,3.300867686748423e-06,6.601735373496847e-10,dtn_port_modal_amplitudes,6.601735373496847e-10,0.0
89,top,outgoing_up,air,-3,0,-3,0,p,-1.8849555921538758e-01+0.0000000000000000e+00j,0.0000000000000000e+00+0.0000000000000000e+00j,4.2554230812506105e-01+0.0000000000000000e+00j,4.2554230812506105e-01+0.0000000000000000e+00j,1,True,False,1.0000000000000000e+00+0.0000000000000000e+00j,6.0775632545890345e-15+1.2478596804886308e-14j,0.0000000000000000e+00+0.0000000000000000e+00j,6.0775632545890345e-15+1.2478596804886308e-14j,9.2113992622043750e-01+3.8923159728188439e-01j,7.4122200172966853e-16+1.3860113393352939e-14j,8.807253907179277e-25,1.7614507814358556e-28,dtn_port_modal_amplitudes,1.7614507814358556e-28,0.0
90,top,outgoing_up,air,-3,1,-3,1,s,-1.8849555921538758e-01+0.0000000000000000e+00j,6.2831853071795868e-02+0.0000000000000000e+00j,4.2087814655071920e-01+0.0000000000000000e+00j,4.2087814655071920e-01+0.0000000000000000e+00j,1,True,False,1.0000000000000000e+00+0.0000000000000000e+00j,2.2812211541528805e-05+2.6365581501007409e-06j,0.0000000000000000e+00+0.0000000000000000e+00j,2.2812211541528805e-05+2.6365581501007409e-06j,9.9281491167941782e-01+1.1966014853320958e-01j,2.2332812846957619e-05+5.3473268683602508e-06j,2.384393568132675e-06,4.768787136265351e-10,dtn_port_modal_amplitudes,4.768787136265351e-10,0.0
91,top,outgoing_up,air,-3,1,-3,1,p,-1.8849555921538758e-01+0.0000000000000000e+00j,6.2831853071795868e-02+0.0000000000000000e+00j,4.2087814655071920e-01+0.0000000000000000e+00j,4.2087814655071920e-01+0.0000000000000000e+00j,1,True,False,1.0000000000000000e+00+0.0000000000000000e+00j,6.7879929253305806e-06+6.9004712871710405e-07j,0.0000000000000000e+00+0.0000000000000000e+00j,6.7879929253305806e-06+6.9004712871710405e-07j,9.9281491167941782e-01+1.1966014853320958e-01j,6.6566494547253897e-06+1.4973413208393406e-06j,2.104883555956269e-07,4.2097671119125384e-11,dtn_port_modal_amplitudes,4.2097671119125384e-11,0.0
92,top,outgoing_up,air,-3,2,-3,2,s,-1.8849555921538758e-01+0.0000000000000000e+00j,1.2566370614359174e-01+0.0000000000000000e+00j,4.0656474141600307e-01+0.0000000000000000e+00j,4.0656474141600307e-01+0.0000000000000000e+00j,1,True,False,1.0000000000000000e+00+0.0000000000000000e+00j,-3.1340354831422063e-07+2.9605075507776127e-07j,0.0000000000000000e+00+0.0000000000000000e+00j,-3.1340354831422063e-07+2.9605075507776127e-07j,7.3923895982341259e-01-6.7344321236404114e-01j,-3.2306741538403588e-08+4.2991174458163787e-07j,8.118164629666957e-10,1.6236329259333918e-13,dtn_port_modal_amplitudes,1.6236329259333918e-13,0.0
93,top,outgoing_up,air,-3,2,-3,2,p,-1.8849555921538758e-01+0.0000000000000000e+00j,1.2566370614359174e-01+0.0000000000000000e+00j,4.0656474141600307e-01+0.0000000000000000e+00j,4.0656474141600307e-01+0.0000000000000000e+00j,1,True,False,1.0000000000000000e+00+0.0000000000000000e+00j,-1.9356395101671697e-07+1.3186712580144445e-07j,0.0000000000000000e+00+0.0000000000000000e+00j,-1.9356395101671697e-07+1.3186712580144445e-07j,7.3923895982341259e-01-6.7344321236404114e-01j,-5.4284993003969964e-08+2.2783564588293667e-07j,2.395947481937887e-10,4.7918949638757745e-14,dtn_port_modal_amplitudes,4.7918949638757745e-14,0.0
94,top,outgoing_up,air,-3,3,-3,3,s,-1.8849555921538758e-01+0.0000000000000000e+00j,1.8849555921538758e-01+0.0000000000000000e+00j,3.8151760137703050e-01+0.0000000000000000e+00j,3.8151760137703050e-01+0.0000000000000000e+00j,1,True,False,1.0000000000000000e+00+0.0000000000000000e+00j,-1.1518088034082244e-05-2.2879342206607685e-05j,0.0000000000000000e+00+0.0000000000000000e+00j,-1.1518088034082244e-05-2.2879342206607685e-05j,-6.2168241748112152e-01-7.8326941201276878e-01j,-1.0760096103619896e-05+2.3245450815348632e-05j,2.6892353423402333e-06,5.378470684680468e-10,dtn_port_modal_amplitudes,5.378470684680468e-10,0.0
95,top,outgoing_up,air,-3,3,-3,3,p,-1.8849555921538758e-01+0.0000000000000000e+00j,1.8849555921538758e-01+0.0000000000000000e+00j,3.8151760137703050e-01+0.0000000000000000e+00j,3.8151760137703050e-01+0.0000000000000000e+00j,1,True,False,1.0000000000000000e+00+0.0000000000000000e+00j,-9.3316961373593264e-06-1.8805805658805566e-05j,0.0000000000000000e+00+0.0000000000000000e+00j,-9.3316961373593264e-06-1.8805805658805566e-05j,-6.2168241748112152e-01-7.8326941201276878e-01j,-8.9286609269262454e-06+1.9000470871237666e-05j,1.8064246315895884e-06,3.6128492631791775e-10,dtn_port_modal_amplitudes,3.6128492631791775e-10,0.0
96,top,outgoing_up,air,-3,4,-3,4,s,-1.8849555921538758e-01+0.0000000000000000e+00j,2.5132741228718347e-01+0.0000000000000000e+00j,3.4339596363008190e-01+0.0000000000000000e+00j,3.4339596363008190e-01+0.0000000000000000e+00j,1,True,False,1.0000000000000000e+00+0.0000000000000000e+00j,1.0896024920140032e-07-3.8821404638992471e-09j,0.0000000000000000e+00+0.0000000000000000e+00j,1.0896024920140032e-07-3.8821404638992471e-09j,-1.8237907681107474e-01+9.8322829106039256e-01j,-1.6055039324479975e-08+1.0784082080966420e-07j,4.385369783991586e-11,8.770739567983172e-15,dtn_port_modal_amplitudes,8.770739567983172e-15,0.0
97,top,outgoing_up,air,-3,4,-3,4,p,-1.8849555921538758e-01+0.0000000000000000e+00j,2.5132741228718347e-01+0.0000000000000000e+00j,3.4339596363008190e-01+0.0000000000000000e+00j,3.4339596363008190e-01+0.0000000000000000e+00j,1,True,False,1.0000000000000000e+00+0.0000000000000000e+00j,1.6174954268661042e-07+1.0337975175089894e-07j,0.0000000000000000e+00+0.0000000000000000e+00j,1.6174954268661042e-07+1.0337975175089894e-07j,-1.8237907681107474e-01+9.8322829106039256e-01j,-1.3114562891408154e-07+1.4018242275026894e-07j,1.3594397751282956e-10,2.7188795502565916e-14,dtn_port_modal_amplitudes,2.7188795502565916e-14,0.0
98,top,outgoing_up,air,-3,5,-3,5,s,-1.8849555921538758e-01+0.0000000000000000e+00j,3.1415926535897931e-01+0.0000000000000000e+00j,2.8703695231365395e-01+0.0000000000000000e+00j,2.8703695231365395e-01+0.0000000000000000e+00j,1,True,False,1.0000000000000000e+00+0.0000000000000000e+00j,4.9165117124780743e-06+1.7946734100131375e-06j,0.0000000000000000e+00+0.0000000000000000e+00j,4.9165117124780743e-06+1.7946734100131375e-06j,-5.6512332570259845e-02-9.9840190117380501e-01j,1.5139617995620534e-06-5.0100758214830544e-06j,8.446958528290614e-08,1.689391705658123e-11,dtn_port_modal_amplitudes,1.689391705658123e-11,0.0
99,top,outgoing_up,air,-3,5,-3,5,p,-1.8849555921538758e-01+0.0000000000000000e+00j,3.1415926535897931e-01+0.0000000000000000e+00j,2.8703695231365395e-01+0.0000000000000000e+00j,2.8703695231365395e-01+0.0000000000000000e+00j,1,True,False,1.0000000000000000e+00+0.0000000000000000e+00j,5.0828508691843081e-06+2.0709476063603668e-06j,0.0000000000000000e+00+0.0000000000000000e+00j,5.0828508691843081e-06+2.0709476063603668e-06j,-5.6512332570259845e-02-9.9840190117380501e-01j,1.7803942686971529e-06-5.1917620510427604e-06j,9.289176031454157e-08,1.8578352062908317e-11,dtn_port_modal_amplitudes,1.8578352062908317e-11,0.0
100,top,outgoing_up,air,-3,6,-3,6,s,-1.8849555921538758e-01+0.0000000000000000e+00j,3.7699111843077515e-01+0.0000000000000000e+00j,1.9739288900240981e-01+0.0000000000000000e+00j,1.9739288900240981e-01+0.0000000000000000e+00j,1,True,False,1.0000000000000000e+00+0.0000000000000000e+00j,4.8131373927818198e-08+3.0485135239348884e-08j,0.0000000000000000e+00+0.0000000000000000e+00j,4.8131373927818198e-08+3.0485135239348884e-08j,7.4995831046452421e-01-6.6148509625326879e-01j,5.6261986489337399e-08-8.9756059970602735e-09j,6.8833564678731866e-12,1.3766712935746375e-15,dtn_port_modal_amplitudes,1.3766712935746375e-15,0.0
101,top,outgoing_up,air,-3,6,-3,6,p,-1.8849555921538758e-01+0.0000000000000000e+00j,3.7699111843077515e-01+0.0000000000000000e+00j,1.9739288900240981e-01+0.0000000000000000e+00j,1.9739288900240981e-01+0.0000000000000000e+00j,1,True,False,1.0000000000000000e+00+0.0000000000000000e+00j,-1.8099777622926516e-07-1.5747539886842004e-07j,0.0000000000000000e+00+0.0000000000000000e+00j,-1.8099777622926516e-07-1.5747539886842004e-07j,7.4995831046452421e-01-6.6148509625326879e-01j,-2.3990841583673446e-07+1.6273473555557314e-09j,1.220580299543968e-10,2.4411605990879368e-14,dtn_port_modal_amplitudes,2.4411605990879368e-14,0.0
102,top,outgoing_up,air,-2,-7,-2,-7,s,-1.2566370614359174e-01+0.0000000000000000e+00j,-4.3982297150257105e-01+0.0000000000000000e+00j,8.5914018327812577e-02+0.0000000000000000e+00j,8.5914018327812577e-02+0.0000000000000000e+00j,1,True,False,1.0000000000000000e+00+0.0000000000000000e+00j,2.8600955501487123e-07+3.8309828471251824e-07j,0.0000000000000000e+00+0.0000000000000000e+00j,2.8600955501487123e-07+3.8309828471251824e-07j,4.2815674128062969e-01-9.0370448980623741e-01j,4.6866455898206120e-07-9.4442005821712523e-08j,2.1095951147700073e-10,4.2191902295400155e-14,dtn_port_modal_amplitudes,4.2191902295400155e-14,0.0
103,top,outgoing_up,air,-2,-7,-2,-7,p,-1.2566370614359174e-01+0.0000000000000000e+00j,-4.3982297150257105e-01+0.0000000000000000e+00j,8.5914018327812577e-02+0.0000000000000000e+00j,8.5914018327812577e-02+0.0000000000000000e+00j,1,True,False,1.0000000000000000e+00+0.0000000000000000e+00j,1.2183135658221765e-07-4.9667971052939107e-07j,0.0000000000000000e+00+0.0000000000000000e+00j,1.2183135658221765e-07-4.9667971052939107e-07j,4.2815674128062969e-01-9.0370448980623741e-01j,-3.9668876778103231e-07-3.2275631026300534e-07j,2.4138787538026395e-10,4.82775750760528e-14,dtn_port_modal_amplitudes,4.82775750760528e-14,0.0
104,top,outgoing_up,air,-2,-6,-2,-6,s,-1.2566370614359174e-01+0.0000000000000000e+00j,-3.7699111843077515e-01+0.0000000000000000e+00j,2.4228735301475479e-01+0.0000000000000000e+00j,2.4228735301475479e-01+0.0000000000000000e+00j,1,True,False,1.0000000000000000e+00+0.0000000000000000e+00j,2.3159954059431364e-08+2.6185556738523147e-08j,0.0000000000000000e+00+0.0000000000000000e+00j,2.3159954059431364e-08+2.6185556738523147e-08j,-3.8948672055607042e-01+9.2103208115161628e-01j,-3.3138232373832879e-08+1.1132134066711603e-08j,3.1808970591981747e-12,6.361794118396351e-16,dtn_port_modal_amplitudes,6.361794118396351e-16,0.0
105,top,outgoing_up,air,-2,-6,-2,-6,p,-1.2566370614359174e-01+0.0000000000000000e+00j,-3.7699111843077515e-01+0.0000000000000000e+00j,2.4228735301475479e-01+0.0000000000000000e+00j,2.4228735301475479e-01+0.0000000000000000e+00j,1,True,False,1.0000000000000000e+00+0.0000000000000000e+00j,-7.5020481792506912e-08+5.1378629425392483e-08j,0.0000000000000000e+00+0.0000000000000000e+00j,-7.5020481792506912e-08+5.1378629425392483e-08j,-3.8948672055607042e-01+9.2103208115161628e-01j,-1.8101884558487003e-08-8.9107564355911319e-08j,2.1520210562195312e-11,4.304042112439063e-15,dtn_port_modal_amplitudes,4.304042112439063e-15,0.0
106,top,outgoing_up,air,-2,-5,-2,-5,s,-1.2566370614359174e-01+0.0000000000000000e+00j,-3.1415926535897931e-01+0.0000000000000000e+00j,3.1957694033783096e-01+0.0000000000000000e+00j,3.1957694033783096e-01+0.0000000000000000e+00j,1,True,False,1.0000000000000000e+00+0.0000000000000000e+00j,1.7089741281421038e-07-1.8549762746749382e-08j,0.0000000000000000e+00+0.0000000000000000e+00j,1.7089741281421038e-07-1.8549762746749382e-08j,9.4763140690420844e-01+3.1936611693908690e-01j,1.6787192143999017e-07+3.7000505355969129e-08j,1.014511815332186e-10,2.0290236306643723e-14,dtn_port_modal_amplitudes,2.0290236306643723e-14,0.0
107,top,outgoing_up,air,-2,-5,-2,-5,p,-1.2566370614359174e-01+0.0000000000000000e+00j,-3.1415926535897931e-01+0.0000000000000000e+00j,3.1957694033783096e-01+0.0000000000000000e+00j,3.1957694033783096e-01+0.0000000000000000e+00j,1,True,False,1.0000000000000000e+00+0.0000000000000000e+00j,-2.5545468751117722e-07+6.6153375863905983e-08j,0.0000000000000000e+00+0.0000000000000000e+00j,-2.5545468751117722e-07+6.6153375863905983e-08j,9.4763140690420844e-01+3.1936611693908690e-01j,-2.6320403169855939e-07-1.8894554962956389e-08j,2.3906540330220526e-10,4.781308066044106e-14,dtn_port_modal_amplitudes,4.781308066044106e-14,0.0
108,top,outgoing_up,air,-2,-4,-2,-4,s,-1.2566370614359174e-01+0.0000000000000000e+00j,-2.5132741228718347e-01+0.0000000000000000e+00j,3.7102560105686949e-01+0.0000000000000000e+00j,3.7102560105686949e-01+0.0000000000000000e+00j,1,True,False,1.0000000000000000e+00+0.0000000000000000e+00j,4.3258522872711363e-08+4.2046941679683487e-08j,0.0000000000000000e+00+0.0000000000000000e+00j,4.3258522872711363e-08+4.2046941679683487e-08j,-9.6366746870815245e-01-2.6710486658543325e-01j,-3.0455888489122122e-08-5.2073831835978376e-08j,1.4505713261647827e-11,2.9011426523295658e-15,dtn_port_modal_amplitudes,2.9011426523295658e-15,0.0
109,top,outgoing_up,air,-2,-4,-2,-4,p,-1.2566370614359174e-01+0.0000000000000000e+00j,-2.5132741228718347e-01+0.0000000000000000e+00j,3.7102560105686949e-01+0.0000000000000000e+00j,3.7102560105686949e-01+0.0000000000000000e+00j,1,True,False,1.0000000000000000e+00+0.0000000000000000e+00j,-8.0574845851943699e-08-1.4561698635670326e-07j,0.0000000000000000e+00+0.0000000000000000e+00j,-8.0574845851943699e-08-1.4561698635670326e-07j,-9.6366746870815245e-01-2.6710486658543325e-01j,3.8752352030312088e-08+1.6184828609469906e-07j,1.1039627932868634e-10,2.2079255865737272e-14,dtn_port_modal_amplitudes,2.2079255865737272e-14,0.0
110,top,outgoing_up,air,-2,-3,-2,-3,s,-1.2566370614359174e-01+0.0000000000000000e+00j,-1.8849555921538758e-01+0.0000000000000000e+00j,4.0656474141600307e-01+0.0000000000000000e+00j,4.0656474141600307e-01+0.0000000000000000e+00j,1,True,False,1.0000000000000000e+00+0.0000000000000000e+00j,-2.4332184406121269e-07+1.5603632523407379e-07j,0.0000000000000000e+00+0.0000000000000000e+00j,-2.4332184406121269e-07+1.5603632523407379e-07j,7.3923895982341259e-01-6.7344321236404114e-01j,-7.4791382795010520e-08+2.7921157506362977e-07j,3.6493448888759174e-10,7.298689777751836e-14,dtn_port_modal_amplitudes,7.298689777751836e-14,0.0
111,top,outgoing_up,air,-2,-3,-2,-3,p,-1.2566370614359174e-01+0.0000000000000000e+00j,-1.8849555921538758e-01+0.0000000000000000e+00j,4.0656474141600307e-01+0.0000000000000000e+00j,4.0656474141600307e-01+0.0000000000000000e+00j,1,True,False,1.0000000000000000e+00+0.0000000000000000e+00j,3.3137688109557333e-07-1.5244235933223979e-07j,0.0000000000000000e+00+0.0000000000000000e+00j,3.3137688109557333e-07-1.5244235933223979e-07j,7.3923895982341259e-01-6.7344321236404114e-01j,1.4230542872156126e-07-3.3585484245397167e-07j,5.811205645676765e-10,1.1622411291353534e-13,dtn_port_modal_amplitudes,1.1622411291353534e-13,0.0
112,top,outgoing_up,air,-2,-2,-2,-2,s,-1.2566370614359174e-01+0.0000000000000000e+00j,-1.2566370614359174e-01+0.0000000000000000e+00j,4.3015589937235565e-01+0.0000000000000000e+00j,4.3015589937235565e-01+0.0000000000000000e+00j,1,True,False,1.0000000000000000e+00+0.0000000000000000e+00j,-8.7736017514336188e-08+1.2253603387135994e-07j,0.0000000000000000e+00+0.0000000000000000e+00j,-8.7736017514336188e-08+1.2253603387135994e-07j,7.7969814338176791e-01+6.2615557588112569e-01j,-1.4513423081854871e-07+4.0604721534659067e-08j,1.049586726991753e-10,2.0991734539835066e-14,dtn_port_modal_amplitudes,2.0991734539835066e-14,0.0
113,top,outgoing_up,air,-2,-2,-2,-2,p,-1.2566370614359174e-01+0.0000000000000000e+00j,-1.2566370614359174e-01+0.0000000000000000e+00j,4.3015589937235565e-01+0.0000000000000000e+00j,4.3015589937235565e-01+0.0000000000000000e+00j,1,True,False,1.0000000000000000e+00+0.0000000000000000e+00j,4.8416938612182689e-08-1.0392501059151272e-07j,0.0000000000000000e+00+0.0000000000000000e+00j,4.8416938612182689e-08-1.0392501059151272e-07j,7.7969814338176791e-01+6.2615557588112569e-01j,1.0282382199952861e-07-5.0713601730020675e-08j,6.074316534236893e-11,1.2148633068473788e-14,dtn_port_modal_amplitudes,1.2148633068473788e-14,0.0
114,top,outgoing_up,air,-2,-1,-2,-1,s,-1.2566370614359174e-01+0.0000000000000000e+00j,-6.2831853071795868e-02+0.0000000000000000e+00j,4.4370893956077490e-01+0.0000000000000000e+00j,4.4370893956077490e-01+0.0000000000000000e+00j,1,True,False,1.0000000000000000e+00+0.0000000000000000e+00j,3.5210977497493277e-07-1.4900626835207810e-06j,0.0000000000000000e+00+0.0000000000000000e+00j,3.5210977497493277e-07-1.4900626835207810e-06j,8.0912633543696030e-02+9.9672119759390265e-01j,1.5136671915985172e-06+2.3039038072868128e-07j,1.1174532423980251e-08,2.2349064847960506e-12,dtn_port_modal_amplitudes,2.2349064847960506e-12,0.0
115,top,outgoing_up,air,-2,-1,-2,-1,p,-1.2566370614359174e-01+0.0000000000000000e+00j,-6.2831853071795868e-02+0.0000000000000000e+00j,4.4370893956077490e-01+0.0000000000000000e+00j,4.4370893956077490e-01+0.0000000000000000e+00j,1,True,False,1.0000000000000000e+00+0.0000000000000000e+00j,-1.4451131110240552e-07+6.8212685635578582e-07j,0.0000000000000000e+00+0.0000000000000000e+00j,-1.4451131110240552e-07+6.8212685635578582e-07j,8.0912633543696030e-02+9.9672119759390265e-01j,-6.9158308793605085e-07-8.8844806709225594e-08j,2.3174996600943206e-09,4.634999320188642e-13,dtn_port_modal_amplitudes,4.634999320188642e-13,0.0
116,top,outgoing_up,air,-2,0,-2,0,s,-1.2566370614359174e-01+0.0000000000000000e+00j,0.0000000000000000e+00+0.0000000000000000e+00j,4.4813554289587781e-01+0.0000000000000000e+00j,4.4813554289587781e-01+0.0000000000000000e+00j,1,True,False,1.0000000000000000e+00+0.0000000000000000e+00j,-3.3127260804138154e-07+2.4759556199112471e-06j,0.0000000000000000e+00+0.0000000000000000e+00j,-3.3127260804138154e-07+2.4759556199112471e-06j,-1.8354844720105296e-01+9.8301066501339762e-01j,-2.3730862076663755e-06-7.8010231610491095e-07j,3.004171275838027e-08,6.008342551676055e-12,dtn_port_modal_amplitudes,6.008342551676055e-12,0.0
117,top,outgoing_up,air,-2,0,-2,0,p,-1.2566370614359174e-01+0.0000000000000000e+00j,0.0000000000000000e+00+0.0000000000000000e+00j,4.4813554289587781e-01+0.0000000000000000e+00j,4.4813554289587781e-01+0.0000000000000000e+00j,1,True,False,1.0000000000000000e+00+0.0000000000000000e+00j,-1.0946416490308945e-15+1.3528252085448579e-15j,0.0000000000000000e+00+0.0000000000000000e+00j,-1.0946416490308945e-15+1.3528252085448579e-15j,-1.8354844720105296e-01+9.8301066501339762e-01j,-1.1289218329773483e-15-1.3243533817280709e-15j,1.4579517306891658e-26,2.915903461378332e-30,dtn_port_modal_amplitudes,2.915903461378332e-30,0.0
118,top,outgoing_up,air,-2,1,-2,1,s,-1.2566370614359174e-01+0.0000000000000000e+00j,6.2831853071795868e-02+0.0000000000000000e+00j,4.4370893956077490e-01+0.0000000000000000e+00j,4.4370893956077490e-01+0.0000000000000000e+00j,1,True,False,1.0000000000000000e+00+0.0000000000000000e+00j,3.5210979038753597e-07-1.4900626875061750e-06j,0.0000000000000000e+00+0.0000000000000000e+00j,3.5210979038753597e-07-1.4900626875061750e-06j,8.0912633543696030e-02+9.9672119759390265e-01j,1.5136671968179181e-06+2.3039039576828087e-07j,1.1174532532332362e-08,2.2349065064664725e-12,dtn_port_modal_amplitudes,2.2349065064664725e-12,0.0
119,top,outgoing_up,air,-2,1,-2,1,p,-1.2566370614359174e-01+0.0000000000000000e+00j,6.2831853071795868e-02+0.0000000000000000e+00j,4.4370893956077490e-01+0.0000000000000000e+00j,4.4370893956077490e-01+0.0000000000000000e+00j,1,True,False,1.0000000000000000e+00+0.0000000000000000e+00j,1.4451129615619799e-07-6.8212689989684204e-07j,0.0000000000000000e+00+0.0000000000000000e+00j,1.4451129615619799e-07-6.8212689989684204e-07j,8.0912633543696030e-02+9.9672119759390265e-01j,6.9158313012500753e-07+8.8844788289002213e-08j,2.317499922652729e-09,4.634999845305459e-13,dtn_port_modal_amplitudes,4.634999845305459e-13,0.0
120,top,outgoing_up,air,-2,2,-2,2,s,-1.2566370614359174e-01+0.0000000000000000e+00j,1.2566370614359174e-01+0.0000000000000000e+00j,4.3015589937235565e-01+0.0000000000000000e+00j,4.3015589937235565e-01+0.0000000000000000e+00j,1,True,False,1.0000000000000000e+00+0.0000000000000000e+00j,-8.7735994007214885e-08+1.2253606130421174e-07j,0.0000000000000000e+00+0.0000000000000000e+00j,-8.7735994007214885e-08+1.2253606130421174e-07j,7.7969814338176791e-01+6.2615557588112569e-01j,-1.4513422966732299e-07+4.0604757643117756e-08j,1.049586847057684e-10,2.0991736941153684e-14,dtn_port_modal_amplitudes,2.0991736941153684e-14,0.0
121,top,outgoing_up,air,-2,2,-2,2,p,-1.2566370614359174e-01+0.0000000000000000e+00j,1.2566370614359174e-01+0.0000000000000000e+00j,4.3015589937235565e-01+0.0000000000000000e+00j,4.3015589937235565e-01+0.0000000000000000e+00j,1,True,False,1.0000000000000000e+00+0.0000000000000000e+00j,-4.8416908193454232e-08+1.0392498106320381e-07j,0.0000000000000000e+00+0.0000000000000000e+00j,-4.8416908193454232e-08+1.0392498106320381e-07j,7.7969814338176791e-01+6.2615557588112569e-01j,-1.0282377979278724e-07+5.0713597753709472e-08j,6.074312336839211e-11,1.2148624673678424e-14,dtn_port_modal_amplitudes,1.2148624673678424e-14,0.0
122,top,outgoing_up,air,-2,3,-2,3,s,-1.2566370614359174e-01+0.0000000000000000e+00j,1.8849555921538758e-01+0.0000000000000000e+00j,4.0656474141600307e-01+0.0000000000000000e+00j,4.0656474141600307e-01+0.0000000000000000e+00j,1,True,False,1.0000000000000000e+00+0.0000000000000000e+00j,-2.4332186004508762e-07+1.5603629085882055e-07j,0.0000000000000000e+00+0.0000000000000000e+00j,-2.4332186004508762e-07+1.5603629085882055e-07j,7.3923895982341259e-01-6.7344321236404114e-01j,-7.4791417760694563e-08+2.7921156041633545e-07j,3.6493447600668256e-10,7.298689520133652e-14,dtn_port_modal_amplitudes,7.298689520133652e-14,0.0
123,top,outgoing_up,air,-2,3,-2,3,p,-1.2566370614359174e-01+0.0000000000000000e+00j,1.8849555921538758e-01+0.0000000000000000e+00j,4.0656474141600307e-01+0.0000000000000000e+00j,4.0656474141600307e-01+0.0000000000000000e+00j,1,True,False,1.0000000000000000e+00+0.0000000000000000e+00j,-3.3137688933867896e-07+1.5244236024762219e-07j,0.0000000000000000e+00+0.0000000000000000e+00j,-3.3137688933867896e-07+1.5244236024762219e-07j,7.3923895982341259e-01-6.7344321236404114e-01j,-1.4230543419872805e-07+3.3585484868192149e-07j,5.811205896480853e-10,1.1622411792961708e-13,dtn_port_modal_amplitudes,1.1622411792961708e-13,0.0
124,top,outgoing_up,air,-2,4,-2,4,s,-1.2566370614359174e-01+0.0000000000000000e+00j,2.5132741228718347e-01+0.0000000000000000e+00j,3.7102560105686949e-01+0.0000000000000000e+00j,3.7102560105686949e-01+0.0000000000000000e+00j,1,True,False,1.0000000000000000e+00+0.0000000000000000e+00j,4.3258526120733242e-08+4.2046930143533455e-08j,0.0000000000000000e+00+0.0000000000000000e+00j,4.3258526120733242e-08+4.2046930143533455e-08j,-9.6366746870815245e-01-2.6710486658543325e-01j,-3.0455894700496960e-08-5.2073821586528328e-08j,1.450571051491452e-11,2.9011421029829044e-15,dtn_port_modal_amplitudes,2.9011421029829044e-15,0.0
125,top,outgoing_up,air,-2,4,-2,4,p,-1.2566370614359174e-01+0.0000000000000000e+00j,2.5132741228718347e-01+0.0000000000000000e+00j,3.7102560105686949e-01+0.0000000000000000e+00j,3.7102560105686949e-01+0.0000000000000000e+00j,1,True,False,1.0000000000000000e+00+0.0000000000000000e+00j,8.0574851425911149e-08+1.4561699612072224e-07j,0.0000000000000000e+00+0.0000000000000000e+00j,8.0574851425911149e-08+1.4561699612072224e-07j,-9.6366746870815245e-01-2.6710486658543325e-01j,-3.8752354793746199e-08-1.6184829699280038e-07j,1.1039629424340287e-10,2.2079258848680578e-14,dtn_port_modal_amplitudes,2.2079258848680578e-14,0.0
126,top,outgoing_up,air,-2,5,-2,5,s,-1.2566370614359174e-01+0.0000000000000000e+00j,3.1415926535897931e-01+0.0000000000000000e+00j,3.1957694033783096e-01+0.0000000000000000e+00j,3.1957694033783096e-01+0.0000000000000000e+00j,1,True,False,1.0000000000000000e+00+0.0000000000000000e+00j,1.7089742189223705e-07-1.8549774834663141e-08j,0.0000000000000000e+00+0.0000000000000000e+00j,1.7089742189223705e-07-1.8549774834663141e-08j,9.4763140690420844e-01+3.1936611693908690e-01j,1.6787193390308342e-07+3.7000496800296528e-08j,1.0145119372547503e-10,2.029023874509501e-14,dtn_port_modal_amplitudes,2.029023874509501e-14,0.0
127,top,outgoing_up,air,-2,5,-2,5,p,-1.2566370614359174e-01+0.0000000000000000e+00j,3.1415926535897931e-01+0.0000000000000000e+00j,3.1957694033783096e-01+0.0000000000000000e+00j,3.1957694033783096e-01+0.0000000000000000e+00j,1,True,False,1.0000000000000000e+00+0.0000000000000000e+00j,2.5545469818120340e-07-6.6153376606978209e-08j,0.0000000000000000e+00+0.0000000000000000e+00j,2.5545469818120340e-07-6.6153376606978209e-08j,9.4763140690420844e-01+3.1936611693908690e-01j,2.6320404204712338e-07+1.8894557666442644e-08j,2.3906542235554853e-10,4.7813084471109715e-14,dtn_port_modal_amplitudes,4.7813084471109715e-14,0.0
128,top,outgoing_up,air,-2,6,-2,6,s,-1.2566370614359174e-01+0.0000000000000000e+00j,3.7699111843077515e-01+0.0000000000000000e+00j,2.4228735301475479e-01+0.0000000000000000e+00j,2.4228735301475479e-01+0.0000000000000000e+00j,1,True,False,1.0000000000000000e+00+0.0000000000000000e+00j,2.3159958732478597e-08+2.6185552242885496e-08j,0.0000000000000000e+00+0.0000000000000000e+00j,2.3159958732478597e-08+2.6185552242885496e-08j,-3.8948672055607042e-01+9.2103208115161628e-01j,-3.3138230053296216e-08+1.1132140121729186e-08j,3.1808970097788248e-12,6.361794019557651e-16,dtn_port_modal_amplitudes,6.361794019557651e-16,0.0
129,top,outgoing_up,air,-2,6,-2,6,p,-1.2566370614359174e-01+0.0000000000000000e+00j,3.7699111843077515e-01+0.0000000000000000e+00j,2.4228735301475479e-01+0.0000000000000000e+00j,2.4228735301475479e-01+0.0000000000000000e+00j,1,True,False,1.0000000000000000e+00+0.0000000000000000e+00j,7.5020505821102739e-08-5.1378630213407735e-08j,0.0000000000000000e+00+0.0000000000000000e+00j,7.5020505821102739e-08-5.1378630213407735e-08j,-3.8948672055607042e-01+9.2103208115161628e-01j,1.8101875925455343e-08+8.9107586793940419e-08j,2.152022015706902e-11,4.304044031413805e-15,dtn_port_modal_amplitudes,4.304044031413805e-15,0.0
130,top,outgoing_up,air,-2,7,-2,7,s,-1.2566370614359174e-01+0.0000000000000000e+00j,4.3982297150257105e-01+0.0000000000000000e+00j,8.5914018327812577e-02+0.0000000000000000e+00j,8.5914018327812577e-02+0.0000000000000000e+00j,1,True,False,1.0000000000000000e+00+0.0000000000000000e+00j,2.8600944255651726e-07+3.8309837107921617e-07j,0.0000000000000000e+00+0.0000000000000000e+00j,2.8600944255651726e-07+3.8309837107921617e-07j,4.2815674128062969e-01-9.0370448980623741e-01j,4.6866458888223154e-07-9.4441867214109164e-08j,2.1095951318039882e-10,4.219190263607977e-14,dtn_port_modal_amplitudes,4.219190263607977e-14,0.0
131,top,outgoing_up,air,-2,7,-2,7,p,-1.2566370614359174e-01+0.0000000000000000e+00j,4.3982297150257105e-01+0.0000000000000000e+00j,8.5914018327812577e-02+0.0000000000000000e+00j,8.5914018327812577e-02+0.0000000000000000e+00j,1,True,False,1.0000000000000000e+00+0.0000000000000000e+00j,-1.2183125253539570e-07+4.9667969945008619e-07j,0.0000000000000000e+00+0.0000000000000000e+00j,-1.2183125253539570e-07+4.9667969945008619e-07j,4.2815674128062969e-01-9.0370448980623741e-01j,3.9668880231696299e-07+3.2275621149174612e-07j,2.4138784182284564e-10,4.827756836456914e-14,dtn_port_modal_amplitudes,4.827756836456914e-14,0.0
132,top,outgoing_up,air,-1,-7,-1,-7,s,-6.2831853071795868e-02+0.0000000000000000e+00j,-4.3982297150257105e-01+0.0000000000000000e+00j,1.3865332245041564e-01+0.0000000000000000e+00j,1.3865332245041564e-01+0.0000000000000000e+00j,1,True,False,1.0000000000000000e+00+0.0000000000000000e+00j,2.4807096827988683e-05+1.8891273456159503e-06j,0.0000000000000000e+00+0.0000000000000000e+00j,2.4807096827988683e-05+1.8891273456159503e-06j,-4.4861738743631774e-01+8.9372391692838382e-01j,-1.2817253259752457e-05+2.1323200370406996e-05j,9.219712298207548e-07,1.8439424596415098e-10,dtn_port_modal_amplitudes,1.8439424596415098e-10,0.0
133,top,outgoing_up,air,-1,-7,-1,-7,p,-6.2831853071795868e-02+0.0000000000000000e+00j,-4.3982297150257105e-01+0.0000000000000000e+00j,1.3865332245041564e-01+0.0000000000000000e+00j,1.3865332245041564e-01+0.0000000000000000e+00j,1,True,False,1.0000000000000000e+00+0.0000000000000000e+00j,-3.9384084957407965e-05-1.0779924594174460e-05j,0.0000000000000000e+00+0.0000000000000000e+00j,-3.9384084957407965e-05-1.0779924594174460e-05j,-4.4861738743631774e-01+8.9372391692838382e-01j,2.7302661732660560e-05-3.0362437064575831e-05j,2.4835408128771605e-06,4.967081625754322e-10,dtn_port_modal_amplitudes,4.967081625754322e-10,0.0
134,top,outgoing_up,air,-1,-6,-1,-6,s,-6.2831853071795868e-02+0.0000000000000000e+00j,-3.7699111843077515e-01+0.0000000000000000e+00j,2.6560626256209324e-01+0.0000000000000000e+00j,2.6560626256209324e-01+0.0000000000000000e+00j,1,True,False,1.0000000000000000e+00+0.0000000000000000e+00j,6.0273943748201837e-08-3.4031569254996015e-08j,0.0000000000000000e+00+0.0000000000000000e+00j,6.0273943748201837e-08-3.4031569254996015e-08j,-9.7402708549712580e-01-2.2643152765896971e-01j,-6.6414273975519520e-08+1.9499749055401214e-08j,1.3670899426206287e-11,2.734179885241258e-15,dtn_port_modal_amplitudes,2.734179885241258e-15,0.0
135,top,outgoing_up,air,-1,-6,-1,-6,p,-6.2831853071795868e-02+0.0000000000000000e+00j,-3.7699111843077515e-01+0.0000000000000000e+00j,2.6560626256209324e-01+0.0000000000000000e+00j,2.6560626256209324e-01+0.0000000000000000e+00j,1,True,False,1.0000000000000000e+00+0.0000000000000000e+00j,-3.0398889139244806e-07-2.0150781319725750e-07j,0.0000000000000000e+00+0.0000000000000000e+00j,-3.0398889139244806e-07-2.0150781319725750e-07j,-9.7402708549712580e-01-2.2643152765896971e-01j,2.5046569192901518e-07+2.6510673706277265e-07j,3.795436016885016e-10,7.590872033770033e-14,dtn_port_modal_amplitudes,7.590872033770033e-14,0.0
136,top,outgoing_up,air,-1,-5,-1,-5,s,-6.2831853071795868e-02+0.0000000000000000e+00j,-3.1415926535897931e-01+0.0000000000000000e+00j,3.3759879454316299e-01+0.0000000000000000e+00j,3.3759879454316299e-01+0.0000000000000000e+00j,1,True,False,1.0000000000000000e+00+0.0000000000000000e+00j,5.8999132751534053e-06-1.0454119296118379e-05j,0.0000000000000000e+00+0.0000000000000000e+00j,5.8999132751534053e-06-1.0454119296118379e-05j,1.6368469478040518e-01+9.8651270680850611e-01j,1.1278847027787122e-05+4.1091600888239441e-06j,5.226145537699068e-07,1.0452291075398139e-10,dtn_port_modal_amplitudes,1.0452291075398139e-10,0.0
137,top,outgoing_up,air,-1,-5,-1,-5,p,-6.2831853071795868e-02+0.0000000000000000e+00j,-3.1415926535897931e-01+0.0000000000000000e+00j,3.3759879454316299e-01+0.0000000000000000e+00j,3.3759879454316299e-01+0.0000000000000000e+00j,1,True,False,1.0000000000000000e+00+0.0000000000000000e+00j,-2.1193288983433217e-05+3.7602394388002328e-05j,0.0000000000000000e+00+0.0000000000000000e+00j,-2.1193288983433217e-05+3.7602394388002328e-05j,1.6368469478040518e-01+9.8651270680850611e-01j,-4.0564256908835344e-05-1.4752512432809016e-05j,6.757093414592345e-06,1.3514186829184692e-09,dtn_port_modal_amplitudes,1.3514186829184692e-09,0.0
138,top,outgoing_up,air,-1,-4,-1,-4,s,-6.2831853071795868e-02+0.0000000000000000e+00j,-2.5132741228718347e-01+0.0000000000000000e+00j,3.8665685293412100e-01+0.0000000000000000e+00j,3.8665685293412100e-01+0.0000000000000000e+00j,1,True,False,1.0000000000000000e+00+0.0000000000000000e+00j,-2.2061272683845060e-07+1.8183552376042537e-07j,0.0000000000000000e+00+0.0000000000000000e+00j,-2.2061272683845060e-07+1.8183552376042537e-07j,-3.5464440597887031e-01-9.3500125417450330e-01j,2.4825551223047650e-07+1.4178622497093562e-07j,3.395103952317308e-10,6.790207904634618e-14,dtn_port_modal_amplitudes,6.790207904634618e-14,0.0
139,top,outgoing_up,air,-1,-4,-1,-4,p,-6.2831853071795868e-02+0.0000000000000000e+00j,-2.5132741228718347e-01+0.0000000000000000e+00j,3.8665685293412100e-01+0.0000000000000000e+00j,3.8665685293412100e-01+0.0000000000000000e+00j,1,True,False,1.0000000000000000e+00+0.0000000000000000e+00j,9.9187649707916704e-07-3.0491946267294064e-07j,0.0000000000000000e+00+0.0000000000000000e+00j,9.9187649707916704e-07-3.0491946267294064e-07j,-3.5464440597887031e-01-9.3500125417450330e-01j,-6.3686353113245906e-07-8.1926778704419285e-07j,4.4728320562048025e-09,8.945664112409607e-13,dtn_port_modal_amplitudes,8.945664112409607e-13,0.0
140,top,outgoing_up,air,-1,-3,-1,-3,s,-6.2831853071795868e-02+0.0000000000000000e+00j,-1.8849555921538758e-01+0.0000000000000000e+00j,4.2087814655071920e-01+0.0000000000000000e+00j,4.2087814655071920e-01+0.0000000000000000e+00j,1,True,False,1.0000000000000000e+00+0.0000000000000000e+00j,7.4533061516134596e-06+7.6153318802105336e-07j,0.0000000000000000e+00+0.0000000000000000e+00j,7.4533061516134596e-06+7.6153318802105336e-07j,9.9281491167941782e-01+1.1966014853320958e-01j,7.3086283142422106e-06+1.6479252259716188e-06j,2.537981884218957e-07,5.075963768437914e-11,dtn_port_modal_amplitudes,5.075963768437914e-11,0.0
141,top,outgoing_up,air,-1,-3,-1,-3,p,-6.2831853071795868e-02+0.0000000000000000e+00j,-1.8849555921538758e-01+0.0000000000000000e+00j,4.2087814655071920e-01+0.0000000000000000e+00j,4.2087814655071920e-01+0.0000000000000000e+00j,1,True,False,1.0000000000000000e+00+0.0000000000000000e+00j,-1.9895708225051255e-05-1.6609782988352570e-06j,0.0000000000000000e+00+0.0000000000000000e+00j,-1.9895708225051255e-05-1.6609782988352570e-06j,9.9281491167941782e-01+1.1966014853320958e-01j,-1.9554002894304665e-05-4.0297674244425886e-06j,1.8022517486645939e-06,3.6045034973291883e-10,dtn_port_modal_amplitudes,3.6045034973291883e-10,0.0
142,top,outgoing_up,air,-1,-2,-1,-2,s,-6.2831853071795868e-02+0.0000000000000000e+00j,-1.2566370614359174e-01+0.0000000000000000e+00j,4.4370893956077490e-01+0.0000000000000000e+00j,4.4370893956077490e-01+0.0000000000000000e+00j,1,True,False,1.0000000000000000e+00+0.0000000000000000e+00j,6.4736556986805000e-08-7.7821079604545550e-07j,0.0000000000000000e+00+0.0000000000000000e+00j,6.4736556986805000e-08-7.7821079604545550e-07j,8.0912633543696030e-02+9.9672119759390265e-01j,7.8089720192728468e-07+1.5572136478202978e-09j,2.9067758513178833e-09,5.813551702635767e-13,dtn_port_modal_amplitudes,5.813551702635767e-13,0.0
143,top,outgoing_up,air,-1,-2,-1,-2,p,-6.2831853071795868e-02+0.0000000000000000e+00j,-1.2566370614359174e-01+0.0000000000000000e+00j,4.4370893956077490e-01+0.0000000000000000e+00j,4.4370893956077490e-01+0.0000000000000000e+00j,1,True,False,1.0000000000000000e+00+0.0000000000000000e+00j,-4.6269536489646521e-08+1.4479178109292840e-06j,0.0000000000000000e+00+0.0000000000000000e+00j,-4.6269536489646521e-08+1.4479178109292840e-06j,8.0912633543696030e-02+9.9672119759390265e-01j,-1.4469141645772013e-06+7.1037015415036460e-08j,1.0003527508903719e-08,2.0007055017807443e-12,dtn_port_modal_amplitudes,2.0007055017807443e-12,0.0
144,top,outgoing_up,air,-1,-1,-1,-1,s,-6.2831853071795868e-02+0.0000000000000000e+00j,-6.2831853071795868e-02+0.0000000000000000e+00j,4.5686009710572734e-01+0.0000000000000000e+00j,4.5686009710572734e-01+0.0000000000000000e+00j,1,True,False,1.0000000000000000e+00+0.0000000000000000e+00j,-3.0835873522374895e-05-3.8447881293169355e-05j,0.0000000000000000e+00+0.0000000000000000e+00j,-3.0835873522374895e-05-3.8447881293169355e-05j,-6.5036760599189947e-01+7.5961962657396198e-01j,4.9260418471893286e-05+1.5817217819509501e-06j,1.192204779132928e-05,2.3844095582658565e-09,dtn_port_modal_amplitudes,2.3844095582658565e-09,0.0
145,top,outgoing_up,air,-1,-1,-1,-1,p,-6.2831853071795868e-02+0.0000000000000000e+00j,-6.2831853071795868e-02+0.0000000000000000e+00j,4.5686009710572734e-01+0.0000000000000000e+00j,4.5686009710572734e-01+0.0000000000000000e+00j,1,True,False,1.0000000000000000e+00+0.0000000000000000e+00j,3.0224698522435848e-05+3.7544885406268544e-05j,0.0000000000000000e+00+0.0000000000000000e+00j,3.0224698522435848e-05+3.7544885406268544e-05j,-6.5036760599189947e-01+7.5961962657396198e-01j,-4.8176996651935407e-05-1.4587030339917794e-06j,1.1402091916546957e-05,2.2804183833093917e-09,dtn_port_modal_amplitudes,2.2804183833093917e-09,0.0
146,top,outgoing_up,air,-1,0,-1,0,s,-6.2831853071795868e-02+0.0000000000000000e+00j,0.0000000000000000e+00+0.0000000000000000e+00j,4.6116048192347353e-01+0.0000000000000000e+00j,4.6116048192347353e-01+0.0000000000000000e+00j,1,True,False,1.0000000000000000e+00+0.0000000000000000e+00j,9.9738580756497972e-05+1.2293773795955863e-04j,0.0000000000000000e+00+0.0000000000000000e+00j,9.9738580756497972e-05+1.2293773795955863e-04j,-8.2266986547146859e-01+5.6851938616476028e-01j,-1.5194441213451580e-04-4.4433855639928166e-05j,0.000124160245645403,2.4832049129080604e-08,dtn_port_modal_amplitudes,2.4832049129080604e-08,0.0
147,top,outgoing_up,air,-1,0,-1,0,p,-6.2831853071795868e-02+0.0000000000000000e+00j,0.0000000000000000e+00+0.0000000000000000e+00j,4.6116048192347353e-01+0.0000000000000000e+00j,4.6116048192347353e-01+0.0000000000000000e+00j,1,True,False,1.0000000000000000e+00+0.0000000000000000e+00j,1.6358512838006907e-15-5.3884046434985994e-15j,0.0000000000000000e+00+0.0000000000000000e+00j,1.6358512838006907e-15-5.3884046434985994e-15j,-8.2266986547146859e-01+5.6851938616476028e-01j,1.7176469447535243e-15+5.3628912908960328e-15j,1.5710309792402716e-25,3.142061958480544e-29,dtn_port_modal_amplitudes,3.142061958480544e-29,0.0
148,top,outgoing_up,air,-1,1,-1,1,s,-6.2831853071795868e-02+0.0000000000000000e+00j,6.2831853071795868e-02+0.0000000000000000e+00j,4.5686009710572734e-01+0.0000000000000000e+00j,4.5686009710572734e-01+0.0000000000000000e+00j,1,True,False,1.0000000000000000e+00+0.0000000000000000e+00j,-3.0835873487858093e-05-3.8447881309615983e-05j,0.0000000000000000e+00+0.0000000000000000e+00j,-3.0835873487858093e-05-3.8447881309615983e-05j,-6.5036760599189947e-01+7.5961962657396198e-01j,4.9260418461937857e-05+1.5817218188669431e-06j,1.1922047787088565e-05,2.3844095574177135e-09,dtn_port_modal_amplitudes,2.3844095574177135e-09,0.0
149,top,outgoing_up,air,-1,1,-1,1,p,-6.2831853071795868e-02+0.0000000000000000e+00j,6.2831853071795868e-02+0.0000000000000000e+00j,4.5686009710572734e-01+0.0000000000000000e+00j,4.5686009710572734e-01+0.0000000000000000e+00j,1,True,False,1.0000000000000000e+00+0.0000000000000000e+00j,-3.0224698514300052e-05-3.7544885394124958e-05j,0.0000000000000000e+00+0.0000000000000000e+00j,-3.0224698514300052e-05-3.7544885394124958e-05j,-6.5036760599189947e-01+7.5961962657396198e-01j,4.8176996637419647e-05+1.4587030322740915e-06j,1.1402091909657736e-05,2.2804183819315475e-09,dtn_port_modal_amplitudes,2.2804183819315475e-09,0.0
150,top,outgoing_up,air,-1,2,-1,2,s,-6.2831853071795868e-02+0.0000000000000000e+00j,1.2566370614359174e-01+0.0000000000000000e+00j,4.4370893956077490e-01+0.0000000000000000e+00j,4.4370893956077490e-01+0.0000000000000000e+00j,1,True,False,1.0000000000000000e+00+0.0000000000000000e+00j,6.4736554150268809e-08-7.7821080411094113e-07j,0.0000000000000000e+00+0.0000000000000000e+00j,6.4736554150268809e-08-7.7821080411094113e-07j,8.0912633543696030e-02+9.9672119759390265e-01j,7.8089720973681358e-07+1.5572101679848573e-09j,2.906775909405654e-09,5.813551818811309e-13,dtn_port_modal_amplitudes,5.813551818811309e-13,0.0
151,top,outgoing_up,air,-1,2,-1,2,p,-6.2831853071795868e-02+0.0000000000000000e+00j,1.2566370614359174e-01+0.0000000000000000e+00j,4.4370893956077490e-01+0.0000000000000000e+00j,4.4370893956077490e-01+0.0000000000000000e+00j,1,True,False,1.0000000000000000e+00+0.0000000000000000e+00j,4.6269543179009124e-08-1.4479178223476577e-06j,0.0000000000000000e+00+0.0000000000000000e+00j,4.6269543179009124e-08-1.4479178223476577e-06j,8.0912633543696030e-02+9.9672119759390265e-01j,1.4469141764993903e-06-7.1037009671497633e-08j,1.0003527669470448e-08,2.00070553389409e-12,dtn_port_modal_amplitudes,2.00070553389409e-12,0.0
152,top,outgoing_up,air,-1,3,-1,3,s,-6.2831853071795868e-02+0.0000000000000000e+00j,1.8849555921538758e-01+0.0000000000000000e+00j,4.2087814655071920e-01+0.0000000000000000e+00j,4.2087814655071920e-01+0.0000000000000000e+00j,1,True,False,1.0000000000000000e+00+0.0000000000000000e+00j,7.4533061629801166e-06+7.6153318464069543e-07j,0.0000000000000000e+00+0.0000000000000000e+00j,7.4533061629801166e-06+7.6153318464069543e-07j,9.9281491167941782e-01+1.1966014853320958e-01j,7.3086283259316913e-06+1.6479252239756850e-06j,2.537981891647284e-07,5.0759637832945685e-11,dtn_port_modal_amplitudes,5.0759637832945685e-11,0.0
153,top,outgoing_up,air,-1,3,-1,3,p,-6.2831853071795868e-02+0.0000000000000000e+00j,1.8849555921538758e-01+0.0000000000000000e+00j,4.2087814655071920e-01+0.0000000000000000e+00j,4.2087814655071920e-01+0.0000000000000000e+00j,1,True,False,1.0000000000000000e+00+0.0000000000000000e+00j,1.9895708233729596e-05+1.6609782878671207e-06j,0.0000000000000000e+00+0.0000000000000000e+00j,1.9895708233729596e-05+1.6609782878671207e-06j,9.9281491167941782e-01+1.1966014853320958e-01j,1.9554002904233101e-05+4.0297674145917106e-06j,1.802251750061223e-06,3.604503500122447e-10,dtn_port_modal_amplitudes,3.604503500122447e-10,0.0
154,top,outgoing_up,air,-1,4,-1,4,s,-6.2831853071795868e-02+0.0000000000000000e+00j,2.5132741228718347e-01+0.0000000000000000e+00j,3.8665685293412100e-01+0.0000000000000000e+00j,3.8665685293412100e-01+0.0000000000000000e+00j,1,True,False,1.0000000000000000e+00+0.0000000000000000e+00j,-2.2061275480095819e-07+1.8183553403907251e-07j,0.0000000000000000e+00+0.0000000000000000e+00j,-2.2061275480095819e-07+1.8183553403907251e-07j,-3.5464440597887031e-01-9.3500125417450330e-01j,2.4825553175777136e-07+1.4178624747065057e-07j,3.395104620080811e-10,6.790209240161624e-14,dtn_port_modal_amplitudes,6.790209240161624e-14,0.0
155,top,outgoing_up,air,-1,4,-1,4,p,-6.2831853071795868e-02+0.0000000000000000e+00j,2.5132741228718347e-01+0.0000000000000000e+00j,3.8665685293412100e-01+0.0000000000000000e+00j,3.8665685293412100e-01+0.0000000000000000e+00j,1,True,False,1.0000000000000000e+00+0.0000000000000000e+00j,-9.9187650823522560e-07+3.0491946714093657e-07j,0.0000000000000000e+00+0.0000000000000000e+00j,-9.9187650823522560e-07+3.0491946714093657e-07j,-3.5464440597887031e-01-9.3500125417450330e-01j,6.3686353926647463e-07+8.1926779589057192e-07j,4.472832159451047e-09,8.945664318902096e-13,dtn_port_modal_amplitudes,8.945664318902096e-13,0.0
156,top,outgoing_up,air,-1,5,-1,5,s,-6.2831853071795868e-02+0.0000000000000000e+00j,3.1415926535897931e-01+0.0000000000000000e+00j,3.3759879454316299e-01+0.0000000000000000e+00j,3.3759879454316299e-01+0.0000000000000000e+00j,1,True,False,1.0000000000000000e+00+0.0000000000000000e+00j,5.8999132793995840e-06-1.0454119294622075e-05j,0.0000000000000000e+00+0.0000000000000000e+00j,5.8999132793995840e-06-1.0454119294622075e-05j,1.6368469478040518e-01+9.8651270680850611e-01j,1.1278847027006034e-05+4.1091600932577754e-06j,5.226145538381602e-07,1.0452291076763207e-10,dtn_port_modal_amplitudes,1.0452291076763207e-10,0.0
157,top,outgoing_up,air,-1,5,-1,5,p,-6.2831853071795868e-02+0.0000000000000000e+00j,3.1415926535897931e-01+0.0000000000000000e+00j,3.3759879454316299e-01+0.0000000000000000e+00j,3.3759879454316299e-01+0.0000000000000000e+00j,1,True,False,1.0000000000000000e+00+0.0000000000000000e+00j,2.1193288992317478e-05-3.7602394388628136e-05j,0.0000000000000000e+00+0.0000000000000000e+00j,2.1193288992317478e-05-3.7602394388628136e-05j,1.6368469478040518e-01+9.8651270680850611e-01j,4.0564256910906930e-05+1.4752512441471015e-05j,6.757093416128798e-06,1.35141868322576e-09,dtn_port_modal_amplitudes,1.35141868322576e-09,0.0
158,top,outgoing_up,air,-1,6,-1,6,s,-6.2831853071795868e-02+0.0000000000000000e+00j,3.7699111843077515e-01+0.0000000000000000e+00j,2.6560626256209324e-01+0.0000000000000000e+00j,2.6560626256209324e-01+0.0000000000000000e+00j,1,True,False,1.0000000000000000e+00+0.0000000000000000e+00j,6.0273922161354121e-08-3.4031567793237039e-08j,0.0000000000000000e+00+0.0000000000000000e+00j,6.0273922161354121e-08-3.4031567793237039e-08j,-9.7402708549712580e-01-2.2643152765896971e-01j,-6.6414252618356831e-08+1.9499752519551285e-08j,1.3670891717068281e-11,2.734178343413657e-15,dtn_port_modal_amplitudes,2.734178343413657e-15,0.0
159,top,outgoing_up,air,-1,6,-1,6,p,-6.2831853071795868e-02+0.0000000000000000e+00j,3.7699111843077515e-01+0.0000000000000000e+00j,2.6560626256209324e-01+0.0000000000000000e+00j,2.6560626256209324e-01+0.0000000000000000e+00j,1,True,False,1.0000000000000000e+00+0.0000000000000000e+00j,3.0398889679080476e-07+2.0150783643198174e-07j,0.0000000000000000e+00+0.0000000000000000e+00j,3.0398889679080476e-07+2.0150783643198174e-07j,-9.7402708549712580e-01-2.2643152765896971e-01j,-2.5046569192608672e-07-2.6510676091638152e-07j,3.7954363777267103e-10,7.590872755453421e-14,dtn_port_modal_amplitudes,7.590872755453421e-14,0.0
160,top,outgoing_up,air,-1,7,-1,7,s,-6.2831853071795868e-02+0.0000000000000000e+00j,4.3982297150257105e-01+0.0000000000000000e+00j,1.3865332245041564e-01+0.0000000000000000e+00j,1.3865332245041564e-01+0.0000000000000000e+00j,1,True,False,1.0000000000000000e+00+0.0000000000000000e+00j,2.4807096821562969e-05+1.8891273292075510e-06j,0.0000000000000000e+00+0.0000000000000000e+00j,2.4807096821562969e-05+1.8891273292075510e-06j,-4.4861738743631774e-01+8.9372391692838382e-01j,-1.2817253242205190e-05+2.1323200372025279e-05j,9.21971229253533e-07,1.8439424585070662e-10,dtn_port_modal_amplitudes,1.8439424585070662e-10,0.0
161,top,outgoing_up,air,-1,7,-1,7,p,-6.2831853071795868e-02+0.0000000000000000e+00j,4.3982297150257105e-01+0.0000000000000000e+00j,1.3865332245041564e-01+0.0000000000000000e+00j,1.3865332245041564e-01+0.0000000000000000e+00j,1,True,False,1.0000000000000000e+00+0.0000000000000000e+00j,3.9384084886840817e-05+1.0779924566831056e-05j,0.0000000000000000e+00+0.0000000000000000e+00j,3.9384084886840817e-05+1.0779924566831056e-05j,-4.4861738743631774e-01+8.9372391692838382e-01j,-2.7302661676565454e-05+3.0362437013775013e-05j,2.483540803719478e-06,4.967081607438957e-10,dtn_port_modal_amplitudes,4.967081607438957e-10,0.0
162,top,outgoing_up,air,0,-7,0,-7,s,0.0000000000000000e+00+0.0000000000000000e+00j,-4.3982297150257105e-01+0.0000000000000000e+00j,1.5222544329702142e-01+0.0000000000000000e+00j,1.5222544329702142e-01+0.0000000000000000e+00j,1,True,False,1.0000000000000000e+00+0.0000000000000000e+00j,-1.1525790262229032e-14+8.5292180939374917e-15j,0.0000000000000000e+00+0.0000000000000000e+00j,-1.1525790262229032e-14+8.5292180939374917e-15j,-9.5788529532529842e-01+2.8715111178535563e-01j,8.5912105508587817e-15-1.1479656080809085e-14j,3.362142380392013e-25,6.724284760784028e-29,dtn_port_modal_amplitudes,6.724284760784028e-29,0.0
163,top,outgoing_up,air,0,-7,0,-7,p,0.0000000000000000e+00+0.0000000000000000e+00j,-4.3982297150257105e-01+0.0000000000000000e+00j,1.5222544329702142e-01+0.0000000000000000e+00j,1.5222544329702142e-01+0.0000000000000000e+00j,1,True,False,1.0000000000000000e+00+0.0000000000000000e+00j,4.6422149837038221e-05-4.7094024672212297e-06j,0.0000000000000000e+00+0.0000000000000000e+00j,4.6422149837038221e-05-4.7094024672212297e-06j,-9.5788529532529842e-01+2.8715111178535563e-01j,-4.3114784551979339e-05+1.7841239310291785e-05j,3.5604785513750076e-06,7.120957102750016e-10,dtn_port_modal_amplitudes,7.120957102750016e-10,0.0
164,top,outgoing_up,air,0,-6,0,-6,s,0.0000000000000000e+00+0.0000000000000000e+00j,-3.7699111843077515e-01+0.0000000000000000e+00j,2.7293685803247492e-01+0.0000000000000000e+00j,2.7293685803247492e-01+0.0000000000000000e+00j,1,True,False,1.0000000000000000e+00+0.0000000000000000e+00j,-2.9474403220625312e-15+3.6633523588577927e-15j,0.0000000000000000e+00+0.0000000000000000e+00j,-2.9474403220625312e-15+3.6633523588577927e-15j,-7.8490829720534228e-01-6.1961194709125000e-01j,4.5833272522576678e-15-1.0491264251658182e-15j,6.482265361165876e-26,1.2964530722331754e-29,dtn_port_modal_amplitudes,1.2964530722331754e-29,0.0
165,top,outgoing_up,air,0,-6,0,-6,p,0.0000000000000000e+00+0.0000000000000000e+00j,-3.7699111843077515e-01+0.0000000000000000e+00j,2.7293685803247492e-01+0.0000000000000000e+00j,2.7293685803247492e-01+0.0000000000000000e+00j,1,True,False,1.0000000000000000e+00+0.0000000000000000e+00j,5.7825079968256844e-07+1.8909686039383979e-07j,0.0000000000000000e+00+0.0000000000000000e+00j,5.7825079968256844e-07+1.8909686039383979e-07j,-7.8490829720534228e-01-6.1961194709125000e-01j,-3.3670717667900292e-07-5.0671479859699375e-07j,1.0852811714602757e-09,2.1705623429205518e-13,dtn_port_modal_amplitudes,2.1705623429205518e-13,0.0
166,top,outgoing_up,air,0,-5,0,-5,s,0.0000000000000000e+00+0.0000000000000000e+00j,-3.1415926535897931e-01+0.0000000000000000e+00j,3.4339596363008190e-01+0.0000000000000000e+00j,3.4339596363008190e-01+0.0000000000000000e+00j,1,True,False,1.0000000000000000e+00+0.0000000000000000e+00j,-4.0461110269717858e-15+8.0057050481855337e-15j,0.0000000000000000e+00+0.0000000000000000e+00j,-4.0461110269717858e-15+8.0057050481855337e-15j,-1.8237907681107474e-01+9.8322829106039256e-01j,-7.1335096994867950e-15-5.4383239263999170e-15j,2.968326593593906e-25,5.936653187187813e-29,dtn_port_modal_amplitudes,5.936653187187813e-29,0.0
167,top,outgoing_up,air,0,-5,0,-5,p,0.0000000000000000e+00+0.0000000000000000e+00j,-3.1415926535897931e-01+0.0000000000000000e+00j,3.4339596363008190e-01+0.0000000000000000e+00j,3.4339596363008190e-01+0.0000000000000000e+00j,1,True,False,1.0000000000000000e+00+0.0000000000000000e+00j,2.7360981214439156e-05-7.1273730484821917e-05j,0.0000000000000000e+00+0.0000000000000000e+00j,2.7360981214439156e-05-7.1273730484821917e-05j,-1.8237907681107474e-01+9.8322829106039256e-01j,6.5088277727555889e-05+3.9900927967911694e-05j,2.150210381761417e-05,4.3004207635228344e-09,dtn_port_modal_amplitudes,4.3004207635228344e-09,0.0
168,top,outgoing_up,air,0,-4,0,-4,s,0.0000000000000000e+00+0.0000000000000000e+00j,-2.5132741228718347e-01+0.0000000000000000e+00j,3.9172868631407914e-01+0.0000000000000000e+00j,3.9172868631407914e-01+0.0000000000000000e+00j,1,True,False,1.0000000000000000e+00+0.0000000000000000e+00j,-7.6653000819457390e-15-3.2010110082070077e-15j,0.0000000000000000e+00+0.0000000000000000e+00j,-7.6653000819457390e-15-3.2010110082070077e-15j,-5.8190832231936877e-02-9.9830547781936696e-01j,-2.7495366329771941e-15+7.8385805554868317e-15j,2.903883047867647e-25,5.807766095735295e-29,dtn_port_modal_amplitudes,5.807766095735295e-29,0.0
169,top,outgoing_up,air,0,-4,0,-4,p,0.0000000000000000e+00+0.0000000000000000e+00j,-2.5132741228718347e-01+0.0000000000000000e+00j,3.9172868631407914e-01+0.0000000000000000e+00j,3.9172868631407914e-01+0.0000000000000000e+00j,1,True,False,1.0000000000000000e+00+0.0000000000000000e+00j,-1.4322900751710224e-06+7.6799056078278090e-07j,0.0000000000000000e+00+0.0000000000000000e+00j,-1.4322900751710224e-06+7.6799056078278090e-07j,-5.8190832231936877e-02-9.9830547781936696e-01j,8.5003533521476285e-07+1.3851730179913226e-06j,1.111529905942553e-08,2.2230598118851066e-12,dtn_port_modal_amplitudes,2.2230598118851066e-12,0.0
170,top,outgoing_up,air,0,-3,0,-3,s,0.0000000000000000e+00+0.0000000000000000e+00j,-1.8849555921538758e-01+0.0000000000000000e+00j,4.2554230812506105e-01+0.0000000000000000e+00j,4.2554230812506105e-01+0.0000000000000000e+00j,1,True,False,1.0000000000000000e+00+0.0000000000000000e+00j,7.3614608530611670e-15+6.2953374784768909e-15j,0.0000000000000000e+00+0.0000000000000000e+00j,7.3614608530611670e-15+6.2953374784768909e-15j,9.2113992622043750e-01+3.8923159728188439e-01j,4.3305912448873315e-15+8.6641998666220194e-15j,4.289168365373526e-25,8.578336730747053e-29,dtn_port_modal_amplitudes,8.578336730747053e-29,0.0
171,top,outgoing_up,air,0,-3,0,-3,p,0.0000000000000000e+00+0.0000000000000000e+00j,-1.8849555921538758e-01+0.0000000000000000e+00j,4.2554230812506105e-01+0.0000000000000000e+00j,4.2554230812506105e-01+0.0000000000000000e+00j,1,True,False,1.0000000000000000e+00+0.0000000000000000e+00j,2.3400730496952360e-05-4.1008748272669774e-06j,0.0000000000000000e+00+0.0000000000000000e+00j,2.3400730496952360e-05-4.1008748272669774e-06j,9.2113992622043750e-01+3.8923159728188439e-01j,2.3151537222737235e-05+5.3308241730637174e-06j,2.580253627316088e-06,5.160507254632176e-10,dtn_port_modal_amplitudes,5.160507254632176e-10,0.0
172,top,outgoing_up,air,0,-2,0,-2,s,0.0000000000000000e+00+0.0000000000000000e+00j,-1.2566370614359174e-01+0.0000000000000000e+00j,4.4813554289587781e-01+0.0000000000000000e+00j,4.4813554289587781e-01+0.0000000000000000e+00j,1,True,False,1.0000000000000000e+00+0.0000000000000000e+00j,-3.4934055656550860e-15-1.3634352921831743e-14j,0.0000000000000000e+00+0.0000000000000000e+00j,-3.4934055656550860e-15-1.3634352921831743e-14j,-1.8354844720105296e-01+9.8301066501339762e-01j,1.4043923499736691e-14-9.3149062086275505e-16j,9.537105592183609e-25,1.907421118436722e-28,dtn_port_modal_amplitudes,1.907421118436722e-28,0.0
173,top,outgoing_up,air,0,-2,0,-2,p,0.0000000000000000e+00+0.0000000000000000e+00j,-1.2566370614359174e-01+0.0000000000000000e+00j,4.4813554289587781e-01+0.0000000000000000e+00j,4.4813554289587781e-01+0.0000000000000000e+00j,1,True,False,1.0000000000000000e+00+0.0000000000000000e+00j,-1.6614040210060542e-07-2.4260465771800500e-06j,0.0000000000000000e+00+0.0000000000000000e+00j,-1.6614040210060542e-07-2.4260465771800500e-06j,-1.8354844720105296e-01+9.8301066501339762e-01j,2.4153244720101625e-06+2.8197929492431821e-07j,2.8468431995196578e-08,5.693686399039317e-12,dtn_port_modal_amplitudes,5.693686399039317e-12,0.0
174,top,outgoing_up,air,0,-1,0,-1,s,0.0000000000000000e+00+0.0000000000000000e+00j,-6.2831853071795868e-02+0.0000000000000000e+00j,4.6116048192347353e-01+0.0000000000000000e+00j,4.6116048192347353e-01+0.0000000000000000e+00j,1,True,False,1.0000000000000000e+00+0.0000000000000000e+00j,9.2193129156414597e-15-1.9127761690069240e-16j,0.0000000000000000e+00+0.0000000000000000e+00j,9.2193129156414597e-15-1.9127761690069240e-16j,-8.2266986547146859e-01+5.6851938616476028e-01j,-7.4757058827026928e-15+5.3987164510247249e-15j,4.2126948891546515e-25,8.425389778309305e-29,dtn_port_modal_amplitudes,8.425389778309305e-29,0.0
175,top,outgoing_up,air,0,-1,0,-1,p,0.0000000000000000e+00+0.0000000000000000e+00j,-6.2831853071795868e-02+0.0000000000000000e+00j,4.6116048192347353e-01+0.0000000000000000e+00j,4.6116048192347353e-01+0.0000000000000000e+00j,1,True,False,1.0000000000000000e+00+0.0000000000000000e+00j,-9.8620257150705963e-05-1.2156735195164102e-04j,0.0000000000000000e+00+0.0000000000000000e+00j,-9.8620257150705963e-05-1.2156735195164102e-04j,-8.2266986547146859e-01+5.6851938616476028e-01j,1.5024530999215523e-04+4.3942269017049035e-05j,0.00012140125725615484,2.4280251451230972e-08,dtn_port_modal_amplitudes,2.4280251451230972e-08,0.0
176,top,outgoing_up,air,0,0,0,0,x,0.0000000000000000e+00+0.0000000000000000e+00j,0.0000000000000000e+00+0.0000000000000000e+00j,4.6542113386515455e-01+0.0000000000000000e+00j,4.6542113386515455e-01+0.0000000000000000e+00j,1,True,False,1.0000000000000000e+00+0.0000000000000000e+00j,2.4254412370275453e-15+4.3861128160571644e-15j,0.0000000000000000e+00+0.0000000000000000e+00j,2.4254412370275453e-15+4.3861128160571644e-15j,-9.3969262078590809e-01+3.4202014332566938e-01j,-3.7793081665750553e-15-3.2920480876672664e-15j,1.2560375414727306e-25,2.5120750829454618e-29,dtn_port_modal_amplitudes,2.5120750829454618e-29,0.0
177,top,outgoing_up,air,0,0,0,0,y,0.0000000000000000e+00+0.0000000000000000e+00j,0.0000000000000000e+00+0.0000000000000000e+00j,4.6542113386515455e-01+0.0000000000000000e+00j,4.6542113386515455e-01+0.0000000000000000e+00j,1,True,False,1.0000000000000000e+00+0.0000000000000000e+00j,7.3969486030896625e-01+6.4645122746581196e-01j,7.6604444311897713e-01+6.4278760968654036e-01j,-2.6349582810010874e-02+3.6636177792715996e-03j,-9.3969262078590809e-01+3.4202014332566938e-01j,2.3507477449397487e-02-1.2454762681813092e-02j,3.538613047471077,0.0007077226094942156,dtn_port_modal_amplitudes,0.0007077226094942156,0.0
178,top,outgoing_up,air,0,1,0,1,s,0.0000000000000000e+00+0.0000000000000000e+00j,6.2831853071795868e-02+0.0000000000000000e+00j,4.6116048192347353e-01+0.0000000000000000e+00j,4.6116048192347353e-01+0.0000000000000000e+00j,1,True,False,1.0000000000000000e+00+0.0000000000000000e+00j,9.9973039644417344e-15-6.2613421818250242e-17j,0.0000000000000000e+00+0.0000000000000000e+00j,9.9973039644417344e-15-6.2613421818250242e-17j,-8.2266986547146859e-01+5.6851938616476028e-01j,-8.1888837633668741e-15+5.7351712884708675e-15j,4.951751225033803e-25,9.903502450067608e-29,dtn_port_modal_amplitudes,9.903502450067608e-29,0.0
179,top,outgoing_up,air,0,1,0,1,p,0.0000000000000000e+00+0.0000000000000000e+00j,6.2831853071795868e-02+0.0000000000000000e+00j,4.6116048192347353e-01+0.0000000000000000e+00j,4.6116048192347353e-01+0.0000000000000000e+00j,1,True,False,1.0000000000000000e+00+0.0000000000000000e+00j,9.8620257149317452e-05+1.2156735197116875e-04j,0.0000000000000000e+00+0.0000000000000000e+00j,9.8620257149317452e-05+1.2156735197116875e-04j,-8.2266986547146859e-01+5.6851938616476028e-01j,-1.5024531000211485e-04-4.3942269033903296e-05j,0.0001214012572783201,2.4280251455664025e-08,dtn_port_modal_amplitudes,2.4280251455664025e-08,0.0
180,top,outgoing_up,air,0,2,0,2,s,0.0000000000000000e+00+0.0000000000000000e+00j,1.2566370614359174e-01+0.0000000000000000e+00j,4.4813554289587781e-01+0.0000000000000000e+00j,4.4813554289587781e-01+0.0000000000000000e+00j,1,True,False,1.0000000000000000e+00+0.0000000000000000e+00j,-7.3565776301687789e-15+5.1599969155569845e-16j,0.0000000000000000e+00+0.0000000000000000e+00j,-7.3565776301687789e-15+5.1599969155569845e-16j,-1.8354844720105296e-01+9.8301066501339762e-01j,8.4305520078860612e-16-7.3263052105961657e-15j,2.6182815264397893e-25,5.23656305287958e-29,dtn_port_modal_amplitudes,5.23656305287958e-29,0.0
181,top,outgoing_up,air,0,2,0,2,p,0.0000000000000000e+00+0.0000000000000000e+00j,1.2566370614359174e-01+0.0000000000000000e+00j,4.4813554289587781e-01+0.0000000000000000e+00j,4.4813554289587781e-01+0.0000000000000000e+00j,1,True,False,1.0000000000000000e+00+0.0000000000000000e+00j,1.6614036659296172e-07+2.4260465887509254e-06j,0.0000000000000000e+00+0.0000000000000000e+00j,1.6614036659296172e-07+2.4260465887509254e-06j,-1.8354844720105296e-01+9.8301066501339762e-01j,-2.4153244768670837e-06-2.8197933195252687e-07j,2.8468432208684175e-08,5.693686441736836e-12,dtn_port_modal_amplitudes,5.693686441736836e-12,0.0
182,top,outgoing_up,air,0,3,0,3,s,0.0000000000000000e+00+0.0000000000000000e+00j,1.8849555921538758e-01+0.0000000000000000e+00j,4.2554230812506105e-01+0.0000000000000000e+00j,4.2554230812506105e-01+0.0000000000000000e+00j,1,True,False,1.0000000000000000e+00+0.0000000000000000e+00j,-4.1741605323846018e-15-1.1107842846169667e-15j,0.0000000000000000e+00+0.0000000000000000e+00j,-4.1741605323846018e-15-1.1107842846169667e-15j,9.2113992622043750e-01+3.8923159728188439e-01j,-3.4126335834959370e-15-2.6479029253099535e-15j,8.529412515950005e-26,1.7058825031900014e-29,dtn_port_modal_amplitudes,1.7058825031900014e-29,0.0
183,top,outgoing_up,air,0,3,0,3,p,0.0000000000000000e+00+0.0000000000000000e+00j,1.8849555921538758e-01+0.0000000000000000e+00j,4.2554230812506105e-01+0.0000000000000000e+00j,4.2554230812506105e-01+0.0000000000000000e+00j,1,True,False,1.0000000000000000e+00+0.0000000000000000e+00j,-2.3400730493191886e-05+4.1008747834635994e-06j,0.0000000000000000e+00+0.0000000000000000e+00j,-2.3400730493191886e-05+4.1008747834635994e-06j,9.2113992622043750e-01+3.8923159728188439e-01j,-2.3151537202223656e-05-5.3308242119490637e-06j,2.5802536248691024e-06,5.160507249738206e-10,dtn_port_modal_amplitudes,5.160507249738206e-10,0.0
184,top,outgoing_up,air,0,4,0,4,s,0.0000000000000000e+00+0.0000000000000000e+00j,2.5132741228718347e-01+0.0000000000000000e+00j,3.9172868631407914e-01+0.0000000000000000e+00j,3.9172868631407914e-01+0.0000000000000000e+00j,1,True,False,1.0000000000000000e+00+0.0000000000000000e+00j,1.5786125011057948e-15-4.8754875344165541e-15j,0.0000000000000000e+00+0.0000000000000000e+00j,1.5786125011057948e-15-4.8754875344165541e-15j,-5.8190832231936877e-02-9.9830547781936696e-01j,-4.9590866878591708e-15-1.2922288300439132e-15j,1.105207003473829e-25,2.2104140069476585e-29,dtn_port_modal_amplitudes,2.2104140069476585e-29,0.0
185,top,outgoing_up,air,0,4,0,4,p,0.0000000000000000e+00+0.0000000000000000e+00j,2.5132741228718347e-01+0.0000000000000000e+00j,3.9172868631407914e-01+0.0000000000000000e+00j,3.9172868631407914e-01+0.0000000000000000e+00j,1,True,False,1.0000000000000000e+00+0.0000000000000000e+00j,1.4322900695370730e-06-7.6799054040528471e-07j,0.0000000000000000e+00+0.0000000000000000e+00j,1.4322900695370730e-06-7.6799054040528471e-07j,-5.8190832231936877e-02-9.9830547781936696e-01j,-8.5003531454395260e-07-1.3851730135527035e-06j,1.1115298859789536e-08,2.2230597719579075e-12,dtn_port_modal_amplitudes,2.2230597719579075e-12,0.0
186,top,outgoing_up,air,0,5,0,5,s,0.0000000000000000e+00+0.0000000000000000e+00j,3.1415926535897931e-01+0.0000000000000000e+00j,3.4339596363008190e-01+0.0000000000000000e+00j,3.4339596363008190e-01+0.0000000000000000e+00j,1,True,False,1.0000000000000000e+00+0.0000000000000000e+00j,2.6120775176738272e-15+1.9048399133486719e-14j,0.0000000000000000e+00+0.0000000000000000e+00j,2.6120775176738272e-15+1.9048399133486719e-14j,-1.8237907681107474e-01+9.8322829106039256e-01j,-1.9205313213686723e-14-9.0576093487447426e-16j,1.363724954801542e-24,2.7274499096030846e-28,dtn_port_modal_amplitudes,2.7274499096030846e-28,0.0
187,top,outgoing_up,air,0,5,0,5,p,0.0000000000000000e+00+0.0000000000000000e+00j,3.1415926535897931e-01+0.0000000000000000e+00j,3.4339596363008190e-01+0.0000000000000000e+00j,3.4339596363008190e-01+0.0000000000000000e+00j,1,True,False,1.0000000000000000e+00+0.0000000000000000e+00j,-2.7360981235099777e-05+7.1273730496187906e-05j,0.0000000000000000e+00+0.0000000000000000e+00j,-2.7360981235099777e-05+7.1273730496187906e-05j,-1.8237907681107474e-01+9.8322829106039256e-01j,-6.5088277734963186e-05-3.9900927990298714e-05j,2.1502103827762047e-05,4.30042076555241e-09,dtn_port_modal_amplitudes,4.30042076555241e-09,0.0
188,top,outgoing_up,air,0,6,0,6,s,0.0000000000000000e+00+0.0000000000000000e+00j,3.7699111843077515e-01+0.0000000000000000e+00j,2.7293685803247492e-01+0.0000000000000000e+00j,2.7293685803247492e-01+0.0000000000000000e+00j,1,True,False,1.0000000000000000e+00+0.0000000000000000e+00j,4.5553897827721701e-15-1.2694019784031438e-16j,0.0000000000000000e+00+0.0000000000000000e+00j,4.5553897827721701e-15-1.2694019784031438e-16j,-7.8490829720534228e-01-6.1961194709125000e-01j,-3.6542169006503040e-15-2.7229375185293003e-15j,6.089396907298314e-26,1.2178793814596631e-29,dtn_port_modal_amplitudes,1.2178793814596631e-29,0.0
189,top,outgoing_up,air,0,6,0,6,p,0.0000000000000000e+00+0.0000000000000000e+00j,3.7699111843077515e-01+0.0000000000000000e+00j,2.7293685803247492e-01+0.0000000000000000e+00j,2.7293685803247492e-01+0.0000000000000000e+00j,1,True,False,1.0000000000000000e+00+0.0000000000000000e+00j,-5.7825080374207157e-07-1.8909686902221327e-07j,0.0000000000000000e+00+0.0000000000000000e+00j,-5.7825080374207157e-07-1.8909686902221327e-07j,-7.8490829720534228e-01-6.1961194709125000e-01j,3.3670717451909733e-07+5.0671480788479228e-07j,1.0852811947943754e-09,2.1705623895887512e-13,dtn_port_modal_amplitudes,2.1705623895887512e-13,0.0
190,top,outgoing_up,air,0,7,0,7,s,0.0000000000000000e+00+0.0000000000000000e+00j,4.3982297150257105e-01+0.0000000000000000e+00j,1.5222544329702142e-01+0.0000000000000000e+00j,1.5222544329702142e-01+0.0000000000000000e+00j,1,True,False,1.0000000000000000e+00+0.0000000000000000e+00j,3.8212344283995739e-15+2.2936644433315833e-14j,0.0000000000000000e+00+0.0000000000000000e+00j,3.8212344283995739e-15+2.2936644433315833e-14j,-9.5788529532529842e-01+2.8715111178535563e-01j,-1.0246587218606755e-14-2.0873402712270684e-14j,8.842207178276056e-25,1.7684414356552115e-28,dtn_port_modal_amplitudes,1.7684414356552115e-28,0.0
191,top,outgoing_up,air,0,7,0,7,p,0.0000000000000000e+00+0.0000000000000000e+00j,4.3982297150257105e-01+0.0000000000000000e+00j,1.5222544329702142e-01+0.0000000000000000e+00j,1.5222544329702142e-01+0.0000000000000000e+00j,1,True,False,1.0000000000000000e+00+0.0000000000000000e+00j,-4.6422149843224123e-05+4.7094024028118677e-06j,0.0000000000000000e+00+0.0000000000000000e+00j,-4.6422149843224123e-05+4.7094024028118677e-06j,-9.5788529532529842e-01+2.8715111178535563e-01j,4.3114784576399943e-05-1.7841239250371295e-05j,3.56047855132213e-06,7.120957102644261e-10,dtn_port_modal_amplitudes,7.120957102644261e-10,0.0
192,top,outgoing_up,air,1,-7,1,-7,s,6.2831853071795868e-02+0.0000000000000000e+00j,-4.3982297150257105e-01+0.0000000000000000e+00j,1.3865332245041564e-01+0.0000000000000000e+00j,1.3865332245041564e-01+0.0000000000000000e+00j,1,True,False,1.0000000000000000e+00+0.0000000000000000e+00j,-2.4807096808299720e-05-1.8891273198547153e-06j,0.0000000000000000e+00+0.0000000000000000e+00j,-2.4807096808299720e-05-1.8891273198547153e-06j,-4.4861738743631774e-01+8.9372391692838382e-01j,1.2817253227896213e-05-2.1323200364367437e-05j,9.219712282207066e-07,1.8439424564414135e-10,dtn_port_modal_amplitudes,1.8439424564414135e-10,0.0
193,top,outgoing_up,air,1,-7,1,-7,p,6.2831853071795868e-02+0.0000000000000000e+00j,-4.3982297150257105e-01+0.0000000000000000e+00j,1.3865332245041564e-01+0.0000000000000000e+00j,1.3865332245041564e-01+0.0000000000000000e+00j,1,True,False,1.0000000000000000e+00+0.0000000000000000e+00j,-3.9384084934645059e-05-1.0779924588839411e-05j,0.0000000000000000e+00+0.0000000000000000e+00j,-3.9384084934645059e-05-1.0779924588839411e-05j,-4.4861738743631774e-01+8.9372391692838382e-01j,2.7302661717680664e-05-3.0362437046625474e-05j,2.4835408100350825e-06,4.967081620070166e-10,dtn_port_modal_amplitudes,4.967081620070166e-10,0.0
194,top,outgoing_up,air,1,-6,1,-6,s,6.2831853071795868e-02+0.0000000000000000e+00j,-3.7699111843077515e-01+0.0000000000000000e+00j,2.6560626256209324e-01+0.0000000000000000e+00j,2.6560626256209324e-01+0.0000000000000000e+00j,1,True,False,1.0000000000000000e+00+0.0000000000000000e+00j,-6.0273908769183682e-08+3.4031575946144898e-08j,0.0000000000000000e+00+0.0000000000000000e+00j,-6.0273908769183682e-08+3.4031575946144898e-08j,-9.7402708549712580e-01-2.2643152765896971e-01j,6.6414241420095469e-08-1.9499763493113974e-08j,1.3670888693938114e-11,2.734177738787623e-15,dtn_port_modal_amplitudes,2.734177738787623e-15,0.0
195,top,outgoing_up,air,1,-6,1,-6,p,6.2831853071795868e-02+0.0000000000000000e+00j,-3.7699111843077515e-01+0.0000000000000000e+00j,2.6560626256209324e-01+0.0000000000000000e+00j,2.6560626256209324e-01+0.0000000000000000e+00j,1,True,False,1.0000000000000000e+00+0.0000000000000000e+00j,-3.0398888327388586e-07-2.0150779566793387e-07j,0.0000000000000000e+00+0.0000000000000000e+00j,-3.0398888327388586e-07-2.0150779566793387e-07j,-9.7402708549712580e-01-2.2643152765896971e-01j,2.5046568799050722e-07+2.6510671815043816e-07j,3.795435674463199e-10,7.590871348926399e-14,dtn_port_modal_amplitudes,7.590871348926399e-14,0.0
196,top,outgoing_up,air,1,-5,1,-5,s,6.2831853071795868e-02+0.0000000000000000e+00j,-3.1415926535897931e-01+0.0000000000000000e+00j,3.3759879454316299e-01+0.0000000000000000e+00j,3.3759879454316299e-01+0.0000000000000000e+00j,1,True,False,1.0000000000000000e+00+0.0000000000000000e+00j,-5.8999132820000260e-06+1.0454119316824255e-05j,0.0000000000000000e+00+0.0000000000000000e+00j,-5.8999132820000260e-06+1.0454119316824255e-05j,1.6368469478040518e-01+9.8651270680850611e-01j,-1.1278847049334419e-05-4.1091600921889867e-06j,5.226145556330437e-07,1.0452291112660875e-10,dtn_port_modal_amplitudes,1.0452291112660875e-10,0.0
197,top,outgoing_up,air,1,-5,1,-5,p,6.2831853071795868e-02+0.0000000000000000e+00j,-3.1415926535897931e-01+0.0000000000000000e+00j,3.3759879454316299e-01+0.0000000000000000e+00j,3.3759879454316299e-01+0.0000000000000000e+00j,1,True,False,1.0000000000000000e+00+0.0000000000000000e+00j,-2.1193288982952119e-05+3.7602394373925298e-05j,0.0000000000000000e+00+0.0000000000000000e+00j,-2.1193288982952119e-05+3.7602394373925298e-05j,1.6368469478040518e-01+9.8651270680850611e-01j,-4.0564256894869425e-05-1.4752512434638600e-05j,6.757093410678828e-06,1.3514186821357659e-09,dtn_port_modal_amplitudes,1.3514186821357659e-09,0.0
198,top,outgoing_up,air,1,-4,1,-4,s,6.2831853071795868e-02+0.0000000000000000e+00j,-2.5132741228718347e-01+0.0000000000000000e+00j,3.8665685293412100e-01+0.0000000000000000e+00j,3.8665685293412100e-01+0.0000000000000000e+00j,1,True,False,1.0000000000000000e+00+0.0000000000000000e+00j,2.2061273538076660e-07-1.8183552956789358e-07j,0.0000000000000000e+00+0.0000000000000000e+00j,2.2061273538076660e-07-1.8183552956789358e-07j,-3.5464440597887031e-01-9.3500125417450330e-01j,-2.4825552068995114e-07-1.4178623089842565e-07j,3.3951041966085177e-10,6.790208393217037e-14,dtn_port_modal_amplitudes,6.790208393217037e-14,0.0
199,top,outgoing_up,air,1,-4,1,-4,p,6.2831853071795868e-02+0.0000000000000000e+00j,-2.5132741228718347e-01+0.0000000000000000e+00j,3.8665685293412100e-01+0.0000000000000000e+00j,3.8665685293412100e-01+0.0000000000000000e+00j,1,True,False,1.0000000000000000e+00+0.0000000000000000e+00j,9.9187649583996356e-07-3.0491945306246310e-07j,0.0000000000000000e+00+0.0000000000000000e+00j,9.9187649583996356e-07-3.0491945306246310e-07j,-3.5464440597887031e-01-9.3500125417450330e-01j,-6.3686352170717395e-07-8.1926778929383814e-07j,4.472832021648535e-09,8.945664043297072e-13,dtn_port_modal_amplitudes,8.945664043297072e-13,0.0
200,top,outgoing_up,air,1,-3,1,-3,s,6.2831853071795868e-02+0.0000000000000000e+00j,-1.8849555921538758e-01+0.0000000000000000e+00j,4.2087814655071920e-01+0.0000000000000000e+00j,4.2087814655071920e-01+0.0000000000000000e+00j,1,True,False,1.0000000000000000e+00+0.0000000000000000e+00j,-7.4533061523681685e-06-7.6153318787214412e-07j,0.0000000000000000e+00+0.0000000000000000e+00j,-7.4533061523681685e-06-7.6153318787214412e-07j,9.9281491167941782e-01+1.1966014853320958e-01j,-7.3086283150093158e-06-1.6479252259140882e-06j,2.537981884717376e-07,5.075963769434753e-11,dtn_port_modal_amplitudes,5.075963769434753e-11,0.0
201,top,outgoing_up,air,1,-3,1,-3,p,6.2831853071795868e-02+0.0000000000000000e+00j,-1.8849555921538758e-01+0.0000000000000000e+00j,4.2087814655071920e-01+0.0000000000000000e+00j,4.2087814655071920e-01+0.0000000000000000e+00j,1,True,False,1.0000000000000000e+00+0.0000000000000000e+00j,-1.9895708233200007e-05-1.6609782827887364e-06j,0.0000000000000000e+00+0.0000000000000000e+00j,-1.9895708233200007e-05-1.6609782827887364e-06j,9.9281491167941782e-01+1.1966014853320958e-01j,-1.9554002904314995e-05-4.0297674094864440e-06j,1.8022517498896631e-06,3.6045034997793267e-10,dtn_port_modal_amplitudes,3.6045034997793267e-10,0.0
202,top,outgoing_up,air,1,-2,1,-2,s,6.2831853071795868e-02+0.0000000000000000e+00j,-1.2566370614359174e-01+0.0000000000000000e+00j,4.4370893956077490e-01+0.0000000000000000e+00j,4.4370893956077490e-01+0.0000000000000000e+00j,1,True,False,1.0000000000000000e+00+0.0000000000000000e+00j,-6.4736560201457004e-08+7.7821078715986527e-07j,0.0000000000000000e+00+0.0000000000000000e+00j,-6.4736560201457004e-08+7.7821078715986527e-07j,8.0912633543696030e-02+9.9672119759390265e-01j,-7.8089719333093450e-07-1.5572175708885978e-09j,2.9067757873790607e-09,5.813551574758123e-13,dtn_port_modal_amplitudes,5.813551574758123e-13,0.0
203,top,outgoing_up,air,1,-2,1,-2,p,6.2831853071795868e-02+0.0000000000000000e+00j,-1.2566370614359174e-01+0.0000000000000000e+00j,4.4370893956077490e-01+0.0000000000000000e+00j,4.4370893956077490e-01+0.0000000000000000e+00j,1,True,False,1.0000000000000000e+00+0.0000000000000000e+00j,-4.6269548673944324e-08+1.4479178113793300e-06j,0.0000000000000000e+00+0.0000000000000000e+00j,-4.6269548673944324e-08+1.4479178113793300e-06j,8.0912633543696030e-02+9.9672119759390265e-01j,-1.4469141660116353e-06+7.1037003307102966e-08j,1.0003527520490647e-08,2.0007055040981295e-12,dtn_port_modal_amplitudes,2.0007055040981295e-12,0.0
204,top,outgoing_up,air,1,-1,1,-1,s,6.2831853071795868e-02+0.0000000000000000e+00j,-6.2831853071795868e-02+0.0000000000000000e+00j,4.5686009710572734e-01+0.0000000000000000e+00j,4.5686009710572734e-01+0.0000000000000000e+00j,1,True,False,1.0000000000000000e+00+0.0000000000000000e+00j,3.0835873505734228e-05+3.8447881292209788e-05j,0.0000000000000000e+00+0.0000000000000000e+00j,3.0835873505734228e-05+3.8447881292209788e-05j,-6.5036760599189947e-01+7.5961962657396198e-01j,-4.9260418460341830e-05-1.5817217939674575e-06j,1.192204778593022e-05,2.3844095571860446e-09,dtn_port_modal_amplitudes,2.3844095571860446e-09,0.0
205,top,outgoing_up,air,1,-1,1,-1,p,6.2831853071795868e-02+0.0000000000000000e+00j,-6.2831853071795868e-02+0.0000000000000000e+00j,4.5686009710572734e-01+0.0000000000000000e+00j,4.5686009710572734e-01+0.0000000000000000e+00j,1,True,False,1.0000000000000000e+00+0.0000000000000000e+00j,3.0224698518038493e-05+3.7544885392607299e-05j,0.0000000000000000e+00+0.0000000000000000e+00j,3.0224698518038493e-05+3.7544885392607299e-05j,-6.5036760599189947e-01+7.5961962657396198e-01j,-4.8176996638698159e-05-1.4587030284472610e-06j,1.1402091910207566e-05,2.2804183820415137e-09,dtn_port_modal_amplitudes,2.2804183820415137e-09,0.0
206,top,outgoing_up,air,1,0,1,0,s,6.2831853071795868e-02+0.0000000000000000e+00j,0.0000000000000000e+00+0.0000000000000000e+00j,4.6116048192347353e-01+0.0000000000000000e+00j,4.6116048192347353e-01+0.0000000000000000e+00j,1,True,False,1.0000000000000000e+00+0.0000000000000000e+00j,-9.9738580748630066e-05-1.2293773797918844e-04j,0.0000000000000000e+00+0.0000000000000000e+00j,-9.9738580748630066e-05-1.2293773797918844e-04j,-8.2266986547146859e-01+5.6851938616476028e-01j,1.5194441213920308e-04+4.4433855660550057e-05j,0.00012416024566153908,2.483204913230782e-08,dtn_port_modal_amplitudes,2.483204913230782e-08,0.0
207,top,outgoing_up,air,1,0,1,0,p,6.2831853071795868e-02+0.0000000000000000e+00j,0.0000000000000000e+00+0.0000000000000000e+00j,4.6116048192347353e-01+0.0000000000000000e+00j,4.6116048192347353e-01+0.0000000000000000e+00j,1,True,False,1.0000000000000000e+00+0.0000000000000000e+00j,-2.3742138568475190e-15-1.0358690432496276e-14j,0.0000000000000000e+00+0.0000000000000000e+00j,-2.3742138568475190e-15-1.0358690432496276e-14j,-8.2266986547146859e-01+5.6851938616476028e-01j,7.8423105203668031e-15+7.1719958600434802e-15j,5.5952733336936945e-25,1.1190546667387392e-28,dtn_port_modal_amplitudes,1.1190546667387392e-28,0.0
208,top,outgoing_up,air,1,1,1,1,s,6.2831853071795868e-02+0.0000000000000000e+00j,6.2831853071795868e-02+0.0000000000000000e+00j,4.5686009710572734e-01+0.0000000000000000e+00j,4.5686009710572734e-01+0.0000000000000000e+00j,1,True,False,1.0000000000000000e+00+0.0000000000000000e+00j,3.0835873539393983e-05+3.8447881275728126e-05j,0.0000000000000000e+00+0.0000000000000000e+00j,3.0835873539393983e-05+3.8447881275728126e-05j,-6.5036760599189947e-01+7.5961962657396198e-01j,-4.9260418469713254e-05-1.5817217576797055e-06j,1.1922047789898297e-05,2.38440955797966e-09,dtn_port_modal_amplitudes,2.38440955797966e-09,0.0
209,top,outgoing_up,air,1,1,1,1,p,6.2831853071795868e-02+0.0000000000000000e+00j,6.2831853071795868e-02+0.0000000000000000e+00j,4.5686009710572734e-01+0.0000000000000000e+00j,4.5686009710572734e-01+0.0000000000000000e+00j,1,True,False,1.0000000000000000e+00+0.0000000000000000e+00j,-3.0224698529311892e-05-3.7544885417446621e-05j,0.0000000000000000e+00+0.0000000000000000e+00j,-3.0224698529311892e-05-3.7544885417446621e-05j,-6.5036760599189947e-01+7.5961962657396198e-01j,4.8176996664898453e-05+1.4587030360384584e-06j,1.1402091922706596e-05,2.2804183845413197e-09,dtn_port_modal_amplitudes,2.2804183845413197e-09,0.0
210,top,outgoing_up,air,1,2,1,2,s,6.2831853071795868e-02+0.0000000000000000e+00j,1.2566370614359174e-01+0.0000000000000000e+00j,4.4370893956077490e-01+0.0000000000000000e+00j,4.4370893956077490e-01+0.0000000000000000e+00j,1,True,False,1.0000000000000000e+00+0.0000000000000000e+00j,-6.4736553983671696e-08+7.7821077468140670e-07j,0.0000000000000000e+00+0.0000000000000000e+00j,-6.4736553983671696e-08+7.7821077468140670e-07j,8.0912633543696030e-02+9.9672119759390265e-01j,-7.8089718039029293e-07-1.5572123831551221e-09j,2.906775690963131e-09,5.813551381926263e-13,dtn_port_modal_amplitudes,5.813551381926263e-13,0.0
211,top,outgoing_up,air,1,2,1,2,p,6.2831853071795868e-02+0.0000000000000000e+00j,1.2566370614359174e-01+0.0000000000000000e+00j,4.4370893956077490e-01+0.0000000000000000e+00j,4.4370893956077490e-01+0.0000000000000000e+00j,1,True,False,1.0000000000000000e+00+0.0000000000000000e+00j,4.6269535216594620e-08-1.4479178351044785e-06j,0.0000000000000000e+00+0.0000000000000000e+00j,4.6269535216594620e-08-1.4479178351044785e-06j,8.0912633543696030e-02+9.9672119759390265e-01j,1.4469141885701242e-06-7.1037018639992911e-08j,1.0003527842049667e-08,2.0007055684099338e-12,dtn_port_modal_amplitudes,2.0007055684099338e-12,0.0
212,top,outgoing_up,air,1,3,1,3,s,6.2831853071795868e-02+0.0000000000000000e+00j,1.8849555921538758e-01+0.0000000000000000e+00j,4.2087814655071920e-01+0.0000000000000000e+00j,4.2087814655071920e-01+0.0000000000000000e+00j,1,True,False,1.0000000000000000e+00+0.0000000000000000e+00j,-7.4533061495036894e-06-7.6153317911356394e-07j,0.0000000000000000e+00+0.0000000000000000e+00j,-7.4533061495036894e-06-7.6153317911356394e-07j,9.9281491167941782e-01+1.1966014853320958e-01j,-7.3086283132134704e-06-1.6479252168756753e-06j,2.5379818821835594e-07,5.07596376436712e-11,dtn_port_modal_amplitudes,5.07596376436712e-11,0.0
213,top,outgoing_up,air,1,3,1,3,p,6.2831853071795868e-02+0.0000000000000000e+00j,1.8849555921538758e-01+0.0000000000000000e+00j,4.2087814655071920e-01+0.0000000000000000e+00j,4.2087814655071920e-01+0.0000000000000000e+00j,1,True,False,1.0000000000000000e+00+0.0000000000000000e+00j,1.9895708229815080e-05+1.6609782934604818e-06j,0.0000000000000000e+00+0.0000000000000000e+00j,1.9895708229815080e-05+1.6609782934604818e-06j,9.9281491167941782e-01+1.1966014853320958e-01j,1.9554002899677405e-05+4.0297674196764714e-06j,1.8022517494409519e-06,3.6045034988819045e-10,dtn_port_modal_amplitudes,3.6045034988819045e-10,0.0
214,top,outgoing_up,air,1,4,1,4,s,6.2831853071795868e-02+0.0000000000000000e+00j,2.5132741228718347e-01+0.0000000000000000e+00j,3.8665685293412100e-01+0.0000000000000000e+00j,3.8665685293412100e-01+0.0000000000000000e+00j,1,True,False,1.0000000000000000e+00+0.0000000000000000e+00j,2.2061272999713088e-07-1.8183553287443768e-07j,0.0000000000000000e+00+0.0000000000000000e+00j,2.2061272999713088e-07-1.8183553287443768e-07j,-3.5464440597887031e-01-9.3500125417450330e-01j,-2.4825552187229775e-07-1.4178622469207215e-07j,3.3951041478880315e-10,6.790208295776064e-14,dtn_port_modal_amplitudes,6.790208295776064e-14,0.0
215,top,outgoing_up,air,1,4,1,4,p,6.2831853071795868e-02+0.0000000000000000e+00j,2.5132741228718347e-01+0.0000000000000000e+00j,3.8665685293412100e-01+0.0000000000000000e+00j,3.8665685293412100e-01+0.0000000000000000e+00j,1,True,False,1.0000000000000000e+00+0.0000000000000000e+00j,-9.9187647953667065e-07+3.0491947437786198e-07j,0.0000000000000000e+00+0.0000000000000000e+00j,-9.9187647953667065e-07+3.0491947437786198e-07j,-3.5464440597887031e-01-9.3500125417450330e-01j,6.3686353585522689e-07+8.1926776649085189e-07j,4.47283194130189e-09,8.945663882603781e-13,dtn_port_modal_amplitudes,8.945663882603781e-13,0.0
216,top,outgoing_up,air,1,5,1,5,s,6.2831853071795868e-02+0.0000000000000000e+00j,3.1415926535897931e-01+0.0000000000000000e+00j,3.3759879454316299e-01+0.0000000000000000e+00j,3.3759879454316299e-01+0.0000000000000000e+00j,1,True,False,1.0000000000000000e+00+0.0000000000000000e+00j,-5.8999132792051874e-06+1.0454119297538668e-05j,0.0000000000000000e+00+0.0000000000000000e+00j,-5.8999132792051874e-06+1.0454119297538668e-05j,1.6368469478040518e-01+9.8651270680850611e-01j,-1.1278847029851470e-05-4.1091600925885982e-06j,5.226145540510066e-07,1.0452291081020134e-10,dtn_port_modal_amplitudes,1.0452291081020134e-10,0.0
217,top,outgoing_up,air,1,5,1,5,p,6.2831853071795868e-02+0.0000000000000000e+00j,3.1415926535897931e-01+0.0000000000000000e+00j,3.3759879454316299e-01+0.0000000000000000e+00j,3.3759879454316299e-01+0.0000000000000000e+00j,1,True,False,1.0000000000000000e+00+0.0000000000000000e+00j,2.1193288978989774e-05-3.7602394376230488e-05j,0.0000000000000000e+00+0.0000000000000000e+00j,2.1193288978989774e-05-3.7602394376230488e-05j,1.6368469478040518e-01+9.8651270680850611e-01j,4.0564256896494949e-05+1.4752512430352371e-05j,6.757093410698451e-06,1.3514186821396904e-09,dtn_port_modal_amplitudes,1.3514186821396904e-09,0.0
218,top,outgoing_up,air,1,6,1,6,s,6.2831853071795868e-02+0.0000000000000000e+00j,3.7699111843077515e-01+0.0000000000000000e+00j,2.6560626256209324e-01+0.0000000000000000e+00j,2.6560626256209324e-01+0.0000000000000000e+00j,1,True,False,1.0000000000000000e+00+0.0000000000000000e+00j,-6.0273929592040754e-08+3.4031552902760151e-08j,0.0000000000000000e+00+0.0000000000000000e+00j,-6.0273929592040754e-08+3.4031552902760151e-08j,-9.7402708549712580e-01-2.2643152765896971e-01j,6.6414256484373439e-08-1.9499736333281754e-08j,1.3670891381112116e-11,2.7341782762224237e-15,dtn_port_modal_amplitudes,2.7341782762224237e-15,0.0
219,top,outgoing_up,air,1,6,1,6,p,6.2831853071795868e-02+0.0000000000000000e+00j,3.7699111843077515e-01+0.0000000000000000e+00j,2.6560626256209324e-01+0.0000000000000000e+00j,2.6560626256209324e-01+0.0000000000000000e+00j,1,True,False,1.0000000000000000e+00+0.0000000000000000e+00j,3.0398888987050397e-07+2.0150780273576445e-07j,0.0000000000000000e+00+0.0000000000000000e+00j,3.0398888987050397e-07+2.0150780273576445e-07j,-9.7402708549712580e-01-2.2643152765896971e-01j,-2.5046569281541224e-07-2.6510672652837889e-07j,3.795435870178937e-10,7.590871740357876e-14,dtn_port_modal_amplitudes,7.590871740357876e-14,0.0
220,top,outgoing_up,air,1,7,1,7,s,6.2831853071795868e-02+0.0000000000000000e+00j,4.3982297150257105e-01+0.0000000000000000e+00j,1.3865332245041564e-01+0.0000000000000000e+00j,1.3865332245041564e-01+0.0000000000000000e+00j,1,True,False,1.0000000000000000e+00+0.0000000000000000e+00j,-2.4807096847922533e-05-1.8891273288436699e-06j,0.0000000000000000e+00+0.0000000000000000e+00j,-2.4807096847922533e-05-1.8891273288436699e-06j,-4.4861738743631774e-01+8.9372391692838382e-01j,1.2817253253705338e-05-2.1323200395746694e-05j,9.219712311995274e-07,1.8439424623990552e-10,dtn_port_modal_amplitudes,1.8439424623990552e-10,0.0
221,top,outgoing_up,air,1,7,1,7,p,6.2831853071795868e-02+0.0000000000000000e+00j,4.3982297150257105e-01+0.0000000000000000e+00j,1.3865332245041564e-01+0.0000000000000000e+00j,1.3865332245041564e-01+0.0000000000000000e+00j,1,True,False,1.0000000000000000e+00+0.0000000000000000e+00j,3.9384084909759251e-05+1.0779924624407187e-05j,0.0000000000000000e+00+0.0000000000000000e+00j,3.9384084909759251e-05+1.0779924624407187e-05j,-4.4861738743631774e-01+8.9372391692838382e-01j,-2.7302661738304232e-05+3.0362437008428114e-05j,2.4835408082574966e-06,4.967081616514994e-10,dtn_port_modal_amplitudes,4.967081616514994e-10,0.0
222,top,outgoing_up,air,2,-7,2,-7,s,1.2566370614359174e-01+0.0000000000000000e+00j,-4.3982297150257105e-01+0.0000000000000000e+00j,8.5914018327812577e-02+0.0000000000000000e+00j,8.5914018327812577e-02+0.0000000000000000e+00j,1,True,False,1.0000000000000000e+00+0.0000000000000000e+00j,-2.8600954415595268e-07-3.8309822868267315e-07j,0.0000000000000000e+00+0.0000000000000000e+00j,-2.8600954415595268e-07-3.8309822868267315e-07j,4.2815674128062969e-01-9.0370448980623741e-01j,-4.6866450369831947e-07+9.4442019998014938e-08j,2.1095946612094379e-10,4.219189322418877e-14,dtn_port_modal_amplitudes,4.219189322418877e-14,0.0
223,top,outgoing_up,air,2,-7,2,-7,p,1.2566370614359174e-01+0.0000000000000000e+00j,-4.3982297150257105e-01+0.0000000000000000e+00j,8.5914018327812577e-02+0.0000000000000000e+00j,8.5914018327812577e-02+0.0000000000000000e+00j,1,True,False,1.0000000000000000e+00+0.0000000000000000e+00j,1.2183140303039258e-07-4.9667974294317589e-07j,0.0000000000000000e+00+0.0000000000000000e+00j,1.2183140303039258e-07-4.9667974294317589e-07j,4.2815674128062969e-01-9.0370448980623741e-01j,-3.9668877718641596e-07-3.2275636611661003e-07j,2.413879155444713e-10,4.8277583108894274e-14,dtn_port_modal_amplitudes,4.8277583108894274e-14,0.0
224,top,outgoing_up,air,2,-6,2,-6,s,1.2566370614359174e-01+0.0000000000000000e+00j,-3.7699111843077515e-01+0.0000000000000000e+00j,2.4228735301475479e-01+0.0000000000000000e+00j,2.4228735301475479e-01+0.0000000000000000e+00j,1,True,False,1.0000000000000000e+00+0.0000000000000000e+00j,-2.3159943469512380e-08-2.6185545245290366e-08j,0.0000000000000000e+00+0.0000000000000000e+00j,-2.3159943469512380e-08-2.6185545245290366e-08j,-3.8948672055607042e-01+9.2103208115161628e-01j,3.3138217663563952e-08-1.1132128789518025e-08j,3.1808942157118658e-12,6.361788431423733e-16,dtn_port_modal_amplitudes,6.361788431423733e-16,0.0
225,top,outgoing_up,air,2,-6,2,-6,p,1.2566370614359174e-01+0.0000000000000000e+00j,-3.7699111843077515e-01+0.0000000000000000e+00j,2.4228735301475479e-01+0.0000000000000000e+00j,2.4228735301475479e-01+0.0000000000000000e+00j,1,True,False,1.0000000000000000e+00+0.0000000000000000e+00j,-7.5020457460137648e-08+5.1378605229729731e-08j,0.0000000000000000e+00+0.0000000000000000e+00j,-7.5020457460137648e-08+5.1378605229729731e-08j,-3.8948672055607042e-01+9.2103208115161628e-01j,-1.8101871750640089e-08-8.9107532521129281e-08j,2.1520194587961423e-11,4.304038917592285e-15,dtn_port_modal_amplitudes,4.304038917592285e-15,0.0
226,top,outgoing_up,air,2,-5,2,-5,s,1.2566370614359174e-01+0.0000000000000000e+00j,-3.1415926535897931e-01+0.0000000000000000e+00j,3.1957694033783096e-01+0.0000000000000000e+00j,3.1957694033783096e-01+0.0000000000000000e+00j,1,True,False,1.0000000000000000e+00+0.0000000000000000e+00j,-1.7089740201351513e-07+1.8549788954769870e-08j,0.0000000000000000e+00+0.0000000000000000e+00j,-1.7089740201351513e-07+1.8549788954769870e-08j,9.4763140690420844e-01+3.1936611693908690e-01j,-1.6787191957486586e-07-3.7000477071049703e-08j,1.0145117219725847e-10,2.0290234439451697e-14,dtn_port_modal_amplitudes,2.0290234439451697e-14,0.0
227,top,outgoing_up,air,2,-5,2,-5,p,1.2566370614359174e-01+0.0000000000000000e+00j,-3.1415926535897931e-01+0.0000000000000000e+00j,3.1957694033783096e-01+0.0000000000000000e+00j,3.1957694033783096e-01+0.0000000000000000e+00j,1,True,False,1.0000000000000000e+00+0.0000000000000000e+00j,-2.5545468682320827e-07+6.6153381314228500e-08j,0.0000000000000000e+00+0.0000000000000000e+00j,-2.5545468682320827e-07+6.6153381314228500e-08j,9.4763140690420844e-01+3.1936611693908690e-01j,-2.6320403278726672e-07-1.8894549578345629e-08j,2.3906540457120145e-10,4.78130809142403e-14,dtn_port_modal_amplitudes,4.78130809142403e-14,0.0
228,top,outgoing_up,air,2,-4,2,-4,s,1.2566370614359174e-01+0.0000000000000000e+00j,-2.5132741228718347e-01+0.0000000000000000e+00j,3.7102560105686949e-01+0.0000000000000000e+00j,3.7102560105686949e-01+0.0000000000000000e+00j,1,True,False,1.0000000000000000e+00+0.0000000000000000e+00j,-4.3258520746048670e-08-4.2046936661296627e-08j,0.0000000000000000e+00+0.0000000000000000e+00j,-4.3258520746048670e-08-4.2046936661296627e-08j,-9.6366746870815245e-01-2.6710486658543325e-01j,3.0455887780162017e-08+5.2073826431880260e-08j,1.450571084615212e-11,2.9011421692304244e-15,dtn_port_modal_amplitudes,2.9011421692304244e-15,0.0
229,top,outgoing_up,air,2,-4,2,-4,p,1.2566370614359174e-01+0.0000000000000000e+00j,-2.5132741228718347e-01+0.0000000000000000e+00j,3.7102560105686949e-01+0.0000000000000000e+00j,3.7102560105686949e-01+0.0000000000000000e+00j,1,True,False,1.0000000000000000e+00+0.0000000000000000e+00j,-8.0574862583251966e-08-1.4561697856315705e-07j,0.0000000000000000e+00+0.0000000000000000e+00j,-8.0574862583251966e-08-1.4561697856315705e-07j,-9.6366746870815245e-01-2.6710486658543325e-01j,3.8752370235423690e-08+1.6184828305332599e-07j,1.1039628102867845e-10,2.2079256205735694e-14,dtn_port_modal_amplitudes,2.2079256205735694e-14,0.0
230,top,outgoing_up,air,2,-3,2,-3,s,1.2566370614359174e-01+0.0000000000000000e+00j,-1.8849555921538758e-01+0.0000000000000000e+00j,4.0656474141600307e-01+0.0000000000000000e+00j,4.0656474141600307e-01+0.0000000000000000e+00j,1,True,False,1.0000000000000000e+00+0.0000000000000000e+00j,2.4332186282267558e-07-1.5603626950032921e-07j,0.0000000000000000e+00+0.0000000000000000e+00j,2.4332186282267558e-07-1.5603626950032921e-07j,7.3923895982341259e-01-6.7344321236404114e-01j,7.4791434197726802e-08-2.7921154649785428e-07j,3.649344527979769e-10,7.29868905595954e-14,dtn_port_modal_amplitudes,7.29868905595954e-14,0.0
231,top,outgoing_up,air,2,-3,2,-3,p,1.2566370614359174e-01+0.0000000000000000e+00j,-1.8849555921538758e-01+0.0000000000000000e+00j,4.0656474141600307e-01+0.0000000000000000e+00j,4.0656474141600307e-01+0.0000000000000000e+00j,1,True,False,1.0000000000000000e+00+0.0000000000000000e+00j,3.3137690191456098e-07-1.5244236751411545e-07j,0.0000000000000000e+00+0.0000000000000000e+00j,3.3137690191456098e-07-1.5244236751411545e-07j,7.3923895982341259e-01-6.7344321236404114e-01j,1.4230543860173944e-07-3.3585486252273880e-07j,5.811206357280894e-10,1.162241271456179e-13,dtn_port_modal_amplitudes,1.162241271456179e-13,0.0
232,top,outgoing_up,air,2,-2,2,-2,s,1.2566370614359174e-01+0.0000000000000000e+00j,-1.2566370614359174e-01+0.0000000000000000e+00j,4.3015589937235565e-01+0.0000000000000000e+00j,4.3015589937235565e-01+0.0000000000000000e+00j,1,True,False,1.0000000000000000e+00+0.0000000000000000e+00j,8.7736010810546284e-08-1.2253607040003192e-07j,0.0000000000000000e+00+0.0000000000000000e+00j,8.7736010810546284e-08-1.2253607040003192e-07j,7.7969814338176791e-01+6.2615557588112569e-01j,1.4513424846424781e-07-4.0604754213612226e-08j,1.0495870863243328e-10,2.0991741726486658e-14,dtn_port_modal_amplitudes,2.0991741726486658e-14,0.0
233,top,outgoing_up,air,2,-2,2,-2,p,1.2566370614359174e-01+0.0000000000000000e+00j,-1.2566370614359174e-01+0.0000000000000000e+00j,4.3015589937235565e-01+0.0000000000000000e+00j,4.3015589937235565e-01+0.0000000000000000e+00j,1,True,False,1.0000000000000000e+00+0.0000000000000000e+00j,4.8416954384183891e-08-1.0392500846972965e-07j,0.0000000000000000e+00+0.0000000000000000e+00j,4.8416954384183891e-08-1.0392500846972965e-07j,7.7969814338176791e-01+6.2615557588112569e-01j,1.0282383296836236e-07-5.0713590199943863e-08j,6.07431703620974e-11,1.2148634072419483e-14,dtn_port_modal_amplitudes,1.2148634072419483e-14,0.0
234,top,outgoing_up,air,2,-1,2,-1,s,1.2566370614359174e-01+0.0000000000000000e+00j,-6.2831853071795868e-02+0.0000000000000000e+00j,4.4370893956077490e-01+0.0000000000000000e+00j,4.4370893956077490e-01+0.0000000000000000e+00j,1,True,False,1.0000000000000000e+00+0.0000000000000000e+00j,-3.5210979542982654e-07+1.4900626805307945e-06j,0.0000000000000000e+00+0.0000000000000000e+00j,-3.5210979542982654e-07+1.4900626805307945e-06j,8.0912633543696030e-02+9.9672119759390265e-01j,-1.5136671902733936e-06-2.3039040135843519e-07j,1.1174532450169717e-08,2.234906490033944e-12,dtn_port_modal_amplitudes,2.234906490033944e-12,0.0
235,top,outgoing_up,air,2,-1,2,-1,p,1.2566370614359174e-01+0.0000000000000000e+00j,-6.2831853071795868e-02+0.0000000000000000e+00j,4.4370893956077490e-01+0.0000000000000000e+00j,4.4370893956077490e-01+0.0000000000000000e+00j,1,True,False,1.0000000000000000e+00+0.0000000000000000e+00j,-1.4451130574600787e-07+6.8212688636842758e-07j,0.0000000000000000e+00+0.0000000000000000e+00j,-1.4451130574600787e-07+6.8212688636842758e-07j,8.0912633543696030e-02+9.9672119759390265e-01j,-6.9158311741688678e-07-8.8844798941988630e-08j,2.3174998478885986e-09,4.634999695777198e-13,dtn_port_modal_amplitudes,4.634999695777198e-13,0.0
236,top,outgoing_up,air,2,0,2,0,s,1.2566370614359174e-01+0.0000000000000000e+00j,0.0000000000000000e+00+0.0000000000000000e+00j,4.4813554289587781e-01+0.0000000000000000e+00j,4.4813554289587781e-01+0.0000000000000000e+00j,1,True,False,1.0000000000000000e+00+0.0000000000000000e+00j,3.3127262374585625e-07-2.4759555869100007e-06j,0.0000000000000000e+00+0.0000000000000000e+00j,3.3127262374585625e-07-2.4759555869100007e-06j,-1.8354844720105296e-01+9.8301066501339762e-01j,2.3730861723432665e-06+7.8010232548524953e-07j,3.004171202172319e-08,6.008342404344639e-12,dtn_port_modal_amplitudes,6.008342404344639e-12,0.0
237,top,outgoing_up,air,2,0,2,0,p,1.2566370614359174e-01+0.0000000000000000e+00j,0.0000000000000000e+00+0.0000000000000000e+00j,4.4813554289587781e-01+0.0000000000000000e+00j,4.4813554289587781e-01+0.0000000000000000e+00j,1,True,False,1.0000000000000000e+00+0.0000000000000000e+00j,1.3964693143937242e-16-1.0012004263905174e-14j,0.0000000000000000e+00+0.0000000000000000e+00j,1.3964693143937242e-16-1.0012004263905174e-14j,-1.8354844720105296e-01+9.8301066501339762e-01j,9.8162749921563082e-15+1.9749622589514138e-15j,4.826805827495944e-25,9.65361165499189e-29,dtn_port_modal_amplitudes,9.65361165499189e-29,0.0
238,top,outgoing_up,air,2,1,2,1,s,1.2566370614359174e-01+0.0000000000000000e+00j,6.2831853071795868e-02+0.0000000000000000e+00j,4.4370893956077490e-01+0.0000000000000000e+00j,4.4370893956077490e-01+0.0000000000000000e+00j,1,True,False,1.0000000000000000e+00+0.0000000000000000e+00j,-3.5210977442246877e-07+1.4900626916483516e-06j,0.0000000000000000e+00+0.0000000000000000e+00j,-3.5210977442246877e-07+1.4900626916483516e-06j,8.0912633543696030e-02+9.9672119759390265e-01j,-1.5136671996547378e-06-2.3039037952040557e-07j,1.1174532537581946e-08,2.2349065075163897e-12,dtn_port_modal_amplitudes,2.2349065075163897e-12,0.0
239,top,outgoing_up,air,2,1,2,1,p,1.2566370614359174e-01+0.0000000000000000e+00j,6.2831853071795868e-02+0.0000000000000000e+00j,4.4370893956077490e-01+0.0000000000000000e+00j,4.4370893956077490e-01+0.0000000000000000e+00j,1,True,False,1.0000000000000000e+00+0.0000000000000000e+00j,1.4451128112747936e-07-6.8212685023525111e-07j,0.0000000000000000e+00+0.0000000000000000e+00j,1.4451128112747936e-07-6.8212685023525111e-07j,8.0912633543696030e-02+9.9672119759390265e-01j,6.9158307941023394e-07+8.8844777327809888e-08j,2.3174995789957834e-09,4.634999157991568e-13,dtn_port_modal_amplitudes,4.634999157991568e-13,0.0
240,top,outgoing_up,air,2,2,2,2,s,1.2566370614359174e-01+0.0000000000000000e+00j,1.2566370614359174e-01+0.0000000000000000e+00j,4.3015589937235565e-01+0.0000000000000000e+00j,4.3015589937235565e-01+0.0000000000000000e+00j,1,True,False,1.0000000000000000e+00+0.0000000000000000e+00j,8.7736005039160574e-08-1.2253606194267230e-07j,0.0000000000000000e+00+0.0000000000000000e+00j,8.7736005039160574e-08-1.2253606194267230e-07j,7.7969814338176791e-01+6.2615557588112569e-01j,1.4513423866868619e-07-4.0604751233209970e-08j,1.0495869437443932e-10,2.099173887488787e-14,dtn_port_modal_amplitudes,2.099173887488787e-14,0.0
241,top,outgoing_up,air,2,2,2,2,p,1.2566370614359174e-01+0.0000000000000000e+00j,1.2566370614359174e-01+0.0000000000000000e+00j,4.3015589937235565e-01+0.0000000000000000e+00j,4.3015589937235565e-01+0.0000000000000000e+00j,1,True,False,1.0000000000000000e+00+0.0000000000000000e+00j,-4.8416940659111511e-08+1.0392499759044672e-07j,0.0000000000000000e+00+0.0000000000000000e+00j,-4.8416940659111511e-08+1.0392499759044672e-07j,7.7969814338176791e-01+6.2615557588112569e-01j,-1.0282381545482523e-07+5.0713590311417753e-08j,6.074315377074122e-11,1.2148630754148247e-14,dtn_port_modal_amplitudes,1.2148630754148247e-14,0.0
242,top,outgoing_up,air,2,3,2,3,s,1.2566370614359174e-01+0.0000000000000000e+00j,1.8849555921538758e-01+0.0000000000000000e+00j,4.0656474141600307e-01+0.0000000000000000e+00j,4.0656474141600307e-01+0.0000000000000000e+00j,1,True,False,1.0000000000000000e+00+0.0000000000000000e+00j,2.4332185788969577e-07-1.5603630098665260e-07j,0.0000000000000000e+00+0.0000000000000000e+00j,2.4332185788969577e-07-1.5603630098665260e-07j,7.3923895982341259e-01-6.7344321236404114e-01j,7.4791409346825183e-08-2.7921156645168941e-07j,3.649344852300195e-10,7.298689704600392e-14,dtn_port_modal_amplitudes,7.298689704600392e-14,0.0
243,top,outgoing_up,air,2,3,2,3,p,1.2566370614359174e-01+0.0000000000000000e+00j,1.8849555921538758e-01+0.0000000000000000e+00j,4.0656474141600307e-01+0.0000000000000000e+00j,4.0656474141600307e-01+0.0000000000000000e+00j,1,True,False,1.0000000000000000e+00+0.0000000000000000e+00j,-3.3137687584068336e-07+1.5244238005462837e-07j,0.0000000000000000e+00+0.0000000000000000e+00j,-3.3137687584068336e-07+1.5244238005462837e-07j,7.3923895982341259e-01-6.7344321236404114e-01j,-1.4230541088158991e-07+3.3585485423389863e-07j,5.81120576951186e-10,1.1622411539023723e-13,dtn_port_modal_amplitudes,1.1622411539023723e-13,0.0
244,top,outgoing_up,air,2,4,2,4,s,1.2566370614359174e-01+0.0000000000000000e+00j,2.5132741228718347e-01+0.0000000000000000e+00j,3.7102560105686949e-01+0.0000000000000000e+00j,3.7102560105686949e-01+0.0000000000000000e+00j,1,True,False,1.0000000000000000e+00+0.0000000000000000e+00j,-4.3258520494163246e-08-4.2046935263810782e-08j,0.0000000000000000e+00+0.0000000000000000e+00j,-4.3258520494163246e-08-4.2046935263810782e-08j,-9.6366746870815245e-01-2.6710486658543325e-01j,3.0455887910703506e-08+5.2073825017888794e-08j,1.4505710290865148e-11,2.90114205817303e-15,dtn_port_modal_amplitudes,2.90114205817303e-15,0.0
245,top,outgoing_up,air,2,4,2,4,p,1.2566370614359174e-01+0.0000000000000000e+00j,2.5132741228718347e-01+0.0000000000000000e+00j,3.7102560105686949e-01+0.0000000000000000e+00j,3.7102560105686949e-01+0.0000000000000000e+00j,1,True,False,1.0000000000000000e+00+0.0000000000000000e+00j,8.0574853339477056e-08+1.4561698754189812e-07j,0.0000000000000000e+00+0.0000000000000000e+00j,8.0574853339477056e-08+1.4561698754189812e-07j,-9.6366746870815245e-01-2.6710486658543325e-01j,-3.8752358929233084e-08-1.6184828923678941e-07j,1.1039628551395693e-10,2.207925710279139e-14,dtn_port_modal_amplitudes,2.207925710279139e-14,0.0
246,top,outgoing_up,air,2,5,2,5,s,1.2566370614359174e-01+0.0000000000000000e+00j,3.1415926535897931e-01+0.0000000000000000e+00j,3.1957694033783096e-01+0.0000000000000000e+00j,3.1957694033783096e-01+0.0000000000000000e+00j,1,True,False,1.0000000000000000e+00+0.0000000000000000e+00j,-1.7089741558836957e-07+1.8549773519616343e-08j,0.0000000000000000e+00+0.0000000000000000e+00j,-1.7089741558836957e-07+1.8549773519616343e-08j,9.4763140690420844e-01+3.1936611693908690e-01j,-1.6787192750935925e-07-3.7000496033234502e-08j,1.0145118616069968e-10,2.029023723213994e-14,dtn_port_modal_amplitudes,2.029023723213994e-14,0.0
247,top,outgoing_up,air,2,5,2,5,p,1.2566370614359174e-01+0.0000000000000000e+00j,3.1415926535897931e-01+0.0000000000000000e+00j,3.1957694033783096e-01+0.0000000000000000e+00j,3.1957694033783096e-01+0.0000000000000000e+00j,1,True,False,1.0000000000000000e+00+0.0000000000000000e+00j,2.5545469499988624e-07-6.6153368478697290e-08j,0.0000000000000000e+00+0.0000000000000000e+00j,2.5545469499988624e-07-6.6153368478697290e-08j,9.4763140690420844e-01+3.1936611693908690e-01j,2.6320403643650980e-07+1.8894564353052019e-08j,2.3906541308318706e-10,4.7813082616637424e-14,dtn_port_modal_amplitudes,4.7813082616637424e-14,0.0
248,top,outgoing_up,air,2,6,2,6,s,1.2566370614359174e-01+0.0000000000000000e+00j,3.7699111843077515e-01+0.0000000000000000e+00j,2.4228735301475479e-01+0.0000000000000000e+00j,2.4228735301475479e-01+0.0000000000000000e+00j,1,True,False,1.0000000000000000e+00+0.0000000000000000e+00j,-2.3159959565128845e-08-2.6185576177475611e-08j,0.0000000000000000e+00+0.0000000000000000e+00j,-2.3159959565128845e-08-2.6185576177475611e-08j,-3.8948672055607042e-01+9.2103208115161628e-01j,3.3138252422127779e-08-1.1132131566421765e-08j,3.1809003728332643e-12,6.36180074566653e-16,dtn_port_modal_amplitudes,6.36180074566653e-16,0.0
249,top,outgoing_up,air,2,6,2,6,p,1.2566370614359174e-01+0.0000000000000000e+00j,3.7699111843077515e-01+0.0000000000000000e+00j,2.4228735301475479e-01+0.0000000000000000e+00j,2.4228735301475479e-01+0.0000000000000000e+00j,1,True,False,1.0000000000000000e+00+0.0000000000000000e+00j,7.5020477630182073e-08-5.1378601298112599e-08j,0.0000000000000000e+00+0.0000000000000000e+00j,7.5020477630182073e-08-5.1378601298112599e-08j,-3.8948672055607042e-01+9.2103208115161628e-01j,1.8101860273530123e-08+8.9107549567074607e-08j,2.152020141358051e-11,4.304040282716103e-15,dtn_port_modal_amplitudes,4.304040282716103e-15,0.0
250,top,outgoing_up,air,2,7,2,7,s,1.2566370614359174e-01+0.0000000000000000e+00j,4.3982297150257105e-01+0.0000000000000000e+00j,8.5914018327812577e-02+0.0000000000000000e+00j,8.5914018327812577e-02+0.0000000000000000e+00j,1,True,False,1.0000000000000000e+00+0.0000000000000000e+00j,-2.8600946257482394e-07-3.8309823042628973e-07j,0.0000000000000000e+00+0.0000000000000000e+00j,-2.8600946257482394e-07-3.8309823042628973e-07j,4.2815674128062969e-01-9.0370448980623741e-01j,-4.6866447034452338e-07+9.4441945526241432e-08j,2.1095942428267674e-10,4.2191884856535354e-14,dtn_port_modal_amplitudes,4.2191884856535354e-14,0.0
251,top,outgoing_up,air,2,7,2,7,p,1.2566370614359174e-01+0.0000000000000000e+00j,4.3982297150257105e-01+0.0000000000000000e+00j,8.5914018327812577e-02+0.0000000000000000e+00j,8.5914018327812577e-02+0.0000000000000000e+00j,1,True,False,1.0000000000000000e+00+0.0000000000000000e+00j,-1.2183125673743448e-07+4.9667977585974263e-07j,0.0000000000000000e+00+0.0000000000000000e+00j,-1.2183125673743448e-07+4.9667977585974263e-07j,4.2815674128062969e-01-9.0370448980623741e-01j,3.9668886956958134e-07+3.2275624800445694e-07j,2.413879128234184e-10,4.827758256468369e-14,dtn_port_modal_amplitudes,4.827758256468369e-14,0.0
252,top,outgoing_up,air,3,-6,3,-6,s,1.8849555921538758e-01+0.0000000000000000e+00j,-3.7699111843077515e-01+0.0000000000000000e+00j,1.9739288900240981e-01+0.0000000000000000e+00j,1.9739288900240981e-01+0.0000000000000000e+00j,1,True,False,1.0000000000000000e+00+0.0000000000000000e+00j,-4.8131402065343965e-08-3.0485104500394790e-08j,0.0000000000000000e+00+0.0000000000000000e+00j,-4.8131402065343965e-08-3.0485104500394790e-08j,7.4995831046452421e-01-6.6148509625326879e-01j,-5.6261987257948674e-08+8.9756476625482949e-09j,6.8833582373622745e-12,1.3766716474724552e-15,dtn_port_modal_amplitudes,1.3766716474724552e-15,0.0
253,top,outgoing_up,air,3,-6,3,-6,p,1.8849555921538758e-01+0.0000000000000000e+00j,-3.7699111843077515e-01+0.0000000000000000e+00j,1.9739288900240981e-01+0.0000000000000000e+00j,1.9739288900240981e-01+0.0000000000000000e+00j,1,True,False,1.0000000000000000e+00+0.0000000000000000e+00j,1.8099776808422641e-07+1.5747533138020885e-07j,0.0000000000000000e+00+0.0000000000000000e+00j,1.8099776808422641e-07+1.5747533138020885e-07j,7.4995831046452421e-01-6.6148509625326879e-01j,2.3990836508584905e-07-1.6273925810788404e-09j,1.2205797862794046e-10,2.4411595725588095e-14,dtn_port_modal_amplitudes,2.4411595725588095e-14,0.0
254,top,outgoing_up,air,3,-5,3,-5,s,1.8849555921538758e-01+0.0000000000000000e+00j,-3.1415926535897931e-01+0.0000000000000000e+00j,2.8703695231365395e-01+0.0000000000000000e+00j,2.8703695231365395e-01+0.0000000000000000e+00j,1,True,False,1.0000000000000000e+00+0.0000000000000000e+00j,-4.9165117142992730e-06-1.7946734302139522e-06j,0.0000000000000000e+00+0.0000000000000000e+00j,-4.9165117142992730e-06-1.7946734302139522e-06j,-5.6512332570259845e-02-9.9840190117380501e-01j,-1.5139618196276651e-06+5.0100758244429373e-06j,8.446958556171411e-08,1.6893917112342826e-11,dtn_port_modal_amplitudes,1.6893917112342826e-11,0.0
255,top,outgoing_up,air,3,-5,3,-5,p,1.8849555921538758e-01+0.0000000000000000e+00j,-3.1415926535897931e-01+0.0000000000000000e+00j,2.8703695231365395e-01+0.0000000000000000e+00j,2.8703695231365395e-01+0.0000000000000000e+00j,1,True,False,1.0000000000000000e+00+0.0000000000000000e+00j,-5.0828508708133481e-06-2.0709475800451559e-06j,0.0000000000000000e+00+0.0000000000000000e+00j,-5.0828508708133481e-06-2.0709475800451559e-06j,-5.6512332570259845e-02-9.9840190117380501e-01j,-1.7803942423319355e-06+5.1917620511820635e-06j,9.289176002950811e-08,1.8578352005901624e-11,dtn_port_modal_amplitudes,1.8578352005901624e-11,0.0
256,top,outgoing_up,air,3,-4,3,-4,s,1.8849555921538758e-01+0.0000000000000000e+00j,-2.5132741228718347e-01+0.0000000000000000e+00j,3.4339596363008190e-01+0.0000000000000000e+00j,3.4339596363008190e-01+0.0000000000000000e+00j,1,True,False,1.0000000000000000e+00+0.0000000000000000e+00j,-1.0896024122669658e-07+3.8821283013099935e-09j,0.0000000000000000e+00+0.0000000000000000e+00j,-1.0896024122669658e-07+3.8821283013099935e-09j,-1.8237907681107474e-01+9.8322829106039256e-01j,1.6055049828662718e-08-1.0784081075050808e-07j,4.385369108045422e-11,8.770738216090845e-15,dtn_port_modal_amplitudes,8.770738216090845e-15,0.0
257,top,outgoing_up,air,3,-4,3,-4,p,1.8849555921538758e-01+0.0000000000000000e+00j,-2.5132741228718347e-01+0.0000000000000000e+00j,3.4339596363008190e-01+0.0000000000000000e+00j,3.4339596363008190e-01+0.0000000000000000e+00j,1,True,False,1.0000000000000000e+00+0.0000000000000000e+00j,-1.6174955580032284e-07-1.0337977026370771e-07j,0.0000000000000000e+00+0.0000000000000000e+00j,-1.6174955580032284e-07-1.0337977026370771e-07j,-1.8237907681107474e-01+9.8322829106039256e-01j,1.3114564950806561e-07-1.4018243226769302e-07j,1.3594400728367763e-10,2.718880145673553e-14,dtn_port_modal_amplitudes,2.718880145673553e-14,0.0
258,top,outgoing_up,air,3,-3,3,-3,s,1.8849555921538758e-01+0.0000000000000000e+00j,-1.8849555921538758e-01+0.0000000000000000e+00j,3.8151760137703050e-01+0.0000000000000000e+00j,3.8151760137703050e-01+0.0000000000000000e+00j,1,True,False,1.0000000000000000e+00+0.0000000000000000e+00j,1.1518088028297065e-05+2.2879342212160142e-05j,0.0000000000000000e+00+0.0000000000000000e+00j,1.1518088028297065e-05+2.2879342212160142e-05j,-6.2168241748112152e-01-7.8326941201276878e-01j,1.0760096111565509e-05-2.3245450814269140e-05j,2.689235342835367e-06,5.378470685670735e-10,dtn_port_modal_amplitudes,5.378470685670735e-10,0.0
259,top,outgoing_up,air,3,-3,3,-3,p,1.8849555921538758e-01+0.0000000000000000e+00j,-1.8849555921538758e-01+0.0000000000000000e+00j,3.8151760137703050e-01+0.0000000000000000e+00j,3.8151760137703050e-01+0.0000000000000000e+00j,1,True,False,1.0000000000000000e+00+0.0000000000000000e+00j,9.3316961258424380e-06+1.8805805622594938e-05j,0.0000000000000000e+00+0.0000000000000000e+00j,9.3316961258424380e-06+1.8805805622594938e-05j,-6.2168241748112152e-01-7.8326941201276878e-01j,8.9286609057234150e-06-1.9000470839705326e-05j,1.8064246251265264e-06,3.6128492502530535e-10,dtn_port_modal_amplitudes,3.6128492502530535e-10,0.0
260,top,outgoing_up,air,3,-2,3,-2,s,1.8849555921538758e-01+0.0000000000000000e+00j,-1.2566370614359174e-01+0.0000000000000000e+00j,4.0656474141600307e-01+0.0000000000000000e+00j,4.0656474141600307e-01+0.0000000000000000e+00j,1,True,False,1.0000000000000000e+00+0.0000000000000000e+00j,3.1340355291045614e-07-2.9605076695772589e-07j,0.0000000000000000e+00+0.0000000000000000e+00j,3.1340355291045614e-07-2.9605076695772589e-07j,7.3923895982341259e-01-6.7344321236404114e-01j,3.2306736935638385e-08-4.2991175645907416e-07j,8.118165062729516e-10,1.6236330125459034e-13,dtn_port_modal_amplitudes,1.6236330125459034e-13,0.0
261,top,outgoing_up,air,3,-2,3,-2,p,1.8849555921538758e-01+0.0000000000000000e+00j,-1.2566370614359174e-01+0.0000000000000000e+00j,4.0656474141600307e-01+0.0000000000000000e+00j,4.0656474141600307e-01+0.0000000000000000e+00j,1,True,False,1.0000000000000000e+00+0.0000000000000000e+00j,1.9356394009828337e-07-1.3186713807631814e-07j,0.0000000000000000e+00+0.0000000000000000e+00j,1.9356394009828337e-07-1.3186713807631814e-07j,7.3923895982341259e-01-6.7344321236404114e-01j,5.4284976666208094e-08-2.2783564760405654e-07j,2.3959474387183043e-10,4.7918948774366097e-14,dtn_port_modal_amplitudes,4.7918948774366097e-14,0.0
262,top,outgoing_up,air,3,-1,3,-1,s,1.8849555921538758e-01+0.0000000000000000e+00j,-6.2831853071795868e-02+0.0000000000000000e+00j,4.2087814655071920e-01+0.0000000000000000e+00j,4.2087814655071920e-01+0.0000000000000000e+00j,1,True,False,1.0000000000000000e+00+0.0000000000000000e+00j,-2.2812211540581995e-05-2.6365581503265726e-06j,0.0000000000000000e+00+0.0000000000000000e+00j,-2.2812211540581995e-05-2.6365581503265726e-06j,9.9281491167941782e-01+1.1966014853320958e-01j,-2.2332812845990585e-05-5.3473268684711647e-06j,2.3843935679427414e-06,4.768787135885484e-10,dtn_port_modal_amplitudes,4.768787135885484e-10,0.0
263,top,outgoing_up,air,3,-1,3,-1,p,1.8849555921538758e-01+0.0000000000000000e+00j,-6.2831853071795868e-02+0.0000000000000000e+00j,4.2087814655071920e-01+0.0000000000000000e+00j,4.2087814655071920e-01+0.0000000000000000e+00j,1,True,False,1.0000000000000000e+00+0.0000000000000000e+00j,-6.7879929079501480e-06-6.9004712833269043e-07j,0.0000000000000000e+00+0.0000000000000000e+00j,-6.7879929079501480e-06-6.9004712833269043e-07j,9.9281491167941782e-01+1.1966014853320958e-01j,-6.6566494375158359e-06-1.4973413183779438e-06j,2.1048835452635632e-07,4.209767090527127e-11,dtn_port_modal_amplitudes,4.209767090527127e-11,0.0
264,top,outgoing_up,air,3,0,3,0,s,1.8849555921538758e-01+0.0000000000000000e+00j,0.0000000000000000e+00+0.0000000000000000e+00j,4.2554230812506105e-01+0.0000000000000000e+00j,4.2554230812506105e-01+0.0000000000000000e+00j,1,True,False,1.0000000000000000e+00+0.0000000000000000e+00j,2.6713503079899828e-05-2.9032915536325180e-06j,0.0000000000000000e+00+0.0000000000000000e+00j,2.6713503079899828e-05-2.9032915536325180e-06j,9.2113992622043750e-01+3.8923159728188439e-01j,2.5736927064903745e-05+7.7234017052744694e-06j,3.3008676891209724e-06,6.601735378241946e-10,dtn_port_modal_amplitudes,6.601735378241946e-10,0.0
265,top,outgoing_up,air,3,0,3,0,p,1.8849555921538758e-01+0.0000000000000000e+00j,0.0000000000000000e+00+0.0000000000000000e+00j,4.2554230812506105e-01+0.0000000000000000e+00j,4.2554230812506105e-01+0.0000000000000000e+00j,1,True,False,1.0000000000000000e+00+0.0000000000000000e+00j,7.9029883599229312e-15+7.3188966345241178e-15j,0.0000000000000000e+00+0.0000000000000000e+00j,7.9029883599229312e-15+7.3188966345241178e-15j,9.2113992622043750e-01+3.8923159728188439e-01j,4.4310122873835556e-15+9.8178206885734970e-15j,5.304109857639095e-25,1.060821971527819e-28,dtn_port_modal_amplitudes,1.060821971527819e-28,0.0
266,top,outgoing_up,air,3,1,3,1,s,1.8849555921538758e-01+0.0000000000000000e+00j,6.2831853071795868e-02+0.0000000000000000e+00j,4.2087814655071920e-01+0.0000000000000000e+00j,4.2087814655071920e-01+0.0000000000000000e+00j,1,True,False,1.0000000000000000e+00+0.0000000000000000e+00j,-2.2812211543692138e-05-2.6365580981257672e-06j,0.0000000000000000e+00+0.0000000000000000e+00j,-2.2812211543692138e-05-2.6365580981257672e-06j,9.9281491167941782e-01+1.1966014853320958e-01j,-2.2332812855324739e-05-5.3473268170175876e-06j,2.384393567339747e-06,4.768787134679495e-10,dtn_port_modal_amplitudes,4.768787134679495e-10,0.0
267,top,outgoing_up,air,3,1,3,1,p,1.8849555921538758e-01+0.0000000000000000e+00j,6.2831853071795868e-02+0.0000000000000000e+00j,4.2087814655071920e-01+0.0000000000000000e+00j,4.2087814655071920e-01+0.0000000000000000e+00j,1,True,False,1.0000000000000000e+00+0.0000000000000000e+00j,6.7879929138265780e-06+6.9004713337814255e-07j,0.0000000000000000e+00+0.0000000000000000e+00j,6.7879929138265780e-06+6.9004713337814255e-07j,9.9281491167941782e-01+1.1966014853320958e-01j,6.6566494427463041e-06+1.4973413240903185e-06j,2.1048835491855616e-07,4.209767098371124e-11,dtn_port_modal_amplitudes,4.209767098371124e-11,0.0
268,top,outgoing_up,air,3,2,3,2,s,1.8849555921538758e-01+0.0000000000000000e+00j,1.2566370614359174e-01+0.0000000000000000e+00j,4.0656474141600307e-01+0.0000000000000000e+00j,4.0656474141600307e-01+0.0000000000000000e+00j,1,True,False,1.0000000000000000e+00+0.0000000000000000e+00j,3.1340356813907441e-07-2.9605075906096923e-07j,0.0000000000000000e+00+0.0000000000000000e+00j,3.1340356813907441e-07-2.9605075906096923e-07j,7.3923895982341259e-01-6.7344321236404114e-01j,3.2306753511243521e-08-4.2991176087709351e-07j,8.118165275424877e-10,1.6236330550849757e-13,dtn_port_modal_amplitudes,1.6236330550849757e-13,0.0
269,top,outgoing_up,air,3,2,3,2,p,1.8849555921538758e-01+0.0000000000000000e+00j,1.2566370614359174e-01+0.0000000000000000e+00j,4.0656474141600307e-01+0.0000000000000000e+00j,4.0656474141600307e-01+0.0000000000000000e+00j,1,True,False,1.0000000000000000e+00+0.0000000000000000e+00j,-1.9356393438014301e-07+1.3186713111919461e-07j,0.0000000000000000e+00+0.0000000000000000e+00j,-1.9356393438014301e-07+1.3186713111919461e-07j,7.3923895982341259e-01-6.7344321236404114e-01j,-5.4284977124363583e-08+2.2783563861023696e-07j,2.3959472618923623e-10,4.7918945237847255e-14,dtn_port_modal_amplitudes,4.7918945237847255e-14,0.0
270,top,outgoing_up,air,3,3,3,3,s,1.8849555921538758e-01+0.0000000000000000e+00j,1.8849555921538758e-01+0.0000000000000000e+00j,3.8151760137703050e-01+0.0000000000000000e+00j,3.8151760137703050e-01+0.0000000000000000e+00j,1,True,False,1.0000000000000000e+00+0.0000000000000000e+00j,1.1518088020746537e-05+2.2879342251887979e-05j,0.0000000000000000e+00+0.0000000000000000e+00j,1.1518088020746537e-05+2.2879342251887979e-05j,-6.2168241748112152e-01-7.8326941201276878e-01j,1.0760096147377142e-05-2.3245450833053142e-05j,2.6892353495733407e-06,5.378470699146683e-10,dtn_port_modal_amplitudes,5.378470699146683e-10,0.0
271,top,outgoing_up,air,3,3,3,3,p,1.8849555921538758e-01+0.0000000000000000e+00j,1.8849555921538758e-01+0.0000000000000000e+00j,3.8151760137703050e-01+0.0000000000000000e+00j,3.8151760137703050e-01+0.0000000000000000e+00j,1,True,False,1.0000000000000000e+00+0.0000000000000000e+00j,-9.3316961393842332e-06-1.8805805632456363e-05j,0.0000000000000000e+00+0.0000000000000000e+00j,-9.3316961393842332e-06-1.8805805632456363e-05j,-6.2168241748112152e-01-7.8326941201276878e-01j,-8.9286609050288717e-06+1.9000470856442877e-05j,1.8064246276825945e-06,3.6128492553651895e-10,dtn_port_modal_amplitudes,3.6128492553651895e-10,0.0
272,top,outgoing_up,air,3,4,3,4,s,1.8849555921538758e-01+0.0000000000000000e+00j,2.5132741228718347e-01+0.0000000000000000e+00j,3.4339596363008190e-01+0.0000000000000000e+00j,3.4339596363008190e-01+0.0000000000000000e+00j,1,True,False,1.0000000000000000e+00+0.0000000000000000e+00j,-1.0896024677203235e-07+3.8821268441339647e-09j,0.0000000000000000e+00+0.0000000000000000e+00j,-1.0896024677203235e-07+3.8821268441339647e-09j,-1.8237907681107474e-01+9.8322829106039256e-01j,1.6055052272752633e-08-1.0784081593708066e-07j,4.385369549676695e-11,8.770739099353392e-15,dtn_port_modal_amplitudes,8.770739099353392e-15,0.0
273,top,outgoing_up,air,3,4,3,4,p,1.8849555921538758e-01+0.0000000000000000e+00j,2.5132741228718347e-01+0.0000000000000000e+00j,3.4339596363008190e-01+0.0000000000000000e+00j,3.4339596363008190e-01+0.0000000000000000e+00j,1,True,False,1.0000000000000000e+00+0.0000000000000000e+00j,1.6174953880068401e-07+1.0337975709659403e-07j,0.0000000000000000e+00+0.0000000000000000e+00j,1.6174953880068401e-07+1.0337975709659403e-07j,-1.8237907681107474e-01+9.8322829106039256e-01j,-1.3114563346140851e-07+1.4018241795457321e-07j,1.359439769527509e-10,2.7188795390550183e-14,dtn_port_modal_amplitudes,2.7188795390550183e-14,0.0
274,top,outgoing_up,air,3,5,3,5,s,1.8849555921538758e-01+0.0000000000000000e+00j,3.1415926535897931e-01+0.0000000000000000e+00j,2.8703695231365395e-01+0.0000000000000000e+00j,2.8703695231365395e-01+0.0000000000000000e+00j,1,True,False,1.0000000000000000e+00+0.0000000000000000e+00j,-4.9165117095759395e-06-1.7946734275944268e-06j,0.0000000000000000e+00+0.0000000000000000e+00j,-4.9165117095759395e-06-1.7946734275944268e-06j,-5.6512332570259845e-02-9.9840190117380501e-01j,-1.5139618172792525e-06+5.0100758195791166e-06j,8.446958538950272e-08,1.6893917077900547e-11,dtn_port_modal_amplitudes,1.6893917077900547e-11,0.0
275,top,outgoing_up,air,3,5,3,5,p,1.8849555921538758e-01+0.0000000000000000e+00j,3.1415926535897931e-01+0.0000000000000000e+00j,2.8703695231365395e-01+0.0000000000000000e+00j,2.8703695231365395e-01+0.0000000000000000e+00j,1,True,False,1.0000000000000000e+00+0.0000000000000000e+00j,5.0828508663852547e-06+2.0709475928487293e-06j,0.0000000000000000e+00+0.0000000000000000e+00j,5.0828508663852547e-06+2.0709475928487293e-06j,-5.6512332570259845e-02-9.9840190117380501e-01j,1.7803942553652895e-06-5.1917620474846063e-06j,9.289176005422763e-08,1.857835201084553e-11,dtn_port_modal_amplitudes,1.857835201084553e-11,0.0
276,top,outgoing_up,air,3,6,3,6,s,1.8849555921538758e-01+0.0000000000000000e+00j,3.7699111843077515e-01+0.0000000000000000e+00j,1.9739288900240981e-01+0.0000000000000000e+00j,1.9739288900240981e-01+0.0000000000000000e+00j,1,True,False,1.0000000000000000e+00+0.0000000000000000e+00j,-4.8131367082277886e-08-3.0485127172923512e-08j,0.0000000000000000e+00+0.0000000000000000e+00j,-4.8131367082277886e-08-3.0485127172923512e-08j,7.4995831046452421e-01-6.6148509625326879e-01j,-5.6261976019647389e-08+8.9756075183201243e-09j,6.883354027542541e-12,1.3766708055085084e-15,dtn_port_modal_amplitudes,1.3766708055085084e-15,0.0
277,top,outgoing_up,air,3,6,3,6,p,1.8849555921538758e-01+0.0000000000000000e+00j,3.7699111843077515e-01+0.0000000000000000e+00j,1.9739288900240981e-01+0.0000000000000000e+00j,1.9739288900240981e-01+0.0000000000000000e+00j,1,True,False,1.0000000000000000e+00+0.0000000000000000e+00j,-1.8099781926933395e-07-1.5747533988608343e-07j,0.0000000000000000e+00+0.0000000000000000e+00j,-1.8099781926933395e-07-1.5747533988608343e-07j,7.4995831046452421e-01-6.6148509625326879e-01j,-2.3990840909905508e-07+1.6274200602132761e-09j,1.2205802360067188e-10,2.441160472013438e-14,dtn_port_modal_amplitudes,2.441160472013438e-14,0.0
278,top,outgoing_up,air,4,-6,4,-6,s,2.5132741228718347e-01+0.0000000000000000e+00j,-3.7699111843077515e-01+0.0000000000000000e+00j,1.0643805853954433e-01+0.0000000000000000e+00j,1.0643805853954433e-01+0.0000000000000000e+00j,1,True,False,1.0000000000000000e+00+0.0000000000000000e+00j,3.0964399709151572e-07-2.4806222904754507e-07j,0.0000000000000000e+00+0.0000000000000000e+00j,3.0964399709151572e-07-2.4806222904754507e-07j,9.9469008590626551e-01+1.0291565964315751e-01j,3.3352930200229933e-07-2.1487782370618499e-07j,1.7999687311128596e-10,3.5999374622257196e-14,dtn_port_modal_amplitudes,3.5999374622257196e-14,0.0
279,top,outgoing_up,air,4,-6,4,-6,p,2.5132741228718347e-01+0.0000000000000000e+00j,-3.7699111843077515e-01+0.0000000000000000e+00j,1.0643805853954433e-01+0.0000000000000000e+00j,1.0643805853954433e-01+0.0000000000000000e+00j,1,True,False,1.0000000000000000e+00+0.0000000000000000e+00j,-1.7511287920066301e-08-1.9153654402584154e-07j,0.0000000000000000e+00+0.0000000000000000e+00j,-1.7511287920066301e-08-1.9153654402584154e-07j,9.9469008590626551e-01+1.0291565964315751e-01j,2.2938052886500626e-09-1.9232168717874841e-07j,4.229988083640726e-11,8.459976167281453e-15,dtn_port_modal_amplitudes,8.459976167281453e-15,0.0
280,top,outgoing_up,air,4,-5,4,-5,s,2.5132741228718347e-01+0.0000000000000000e+00j,-3.1415926535897931e-01+0.0000000000000000e+00j,2.3399854629988756e-01+0.0000000000000000e+00j,2.3399854629988756e-01+0.0000000000000000e+00j,1,True,False,1.0000000000000000e+00+0.0000000000000000e+00j,1.8658626344002997e-07-1.4603646670374517e-07j,0.0000000000000000e+00+0.0000000000000000e+00j,1.8658626344002997e-07-1.4603646670374517e-07j,9.7100924635082006e-02+9.9527454023249895e-01j,1.6346407595998052e-07+1.7152428161160174e-07j,1.411295161177014e-10,2.8225903223540287e-14,dtn_port_modal_amplitudes,2.8225903223540287e-14,0.0
281,top,outgoing_up,air,4,-5,4,-5,p,2.5132741228718347e-01+0.0000000000000000e+00j,-3.1415926535897931e-01+0.0000000000000000e+00j,2.3399854629988756e-01+0.0000000000000000e+00j,2.3399854629988756e-01+0.0000000000000000e+00j,1,True,False,1.0000000000000000e+00+0.0000000000000000e+00j,1.0933096676682737e-07-5.4893202693663258e-08j,0.0000000000000000e+00+0.0000000000000000e+00j,1.0933096676682737e-07-5.4893202693663258e-08j,9.7100924635082006e-02+9.9527454023249895e-01j,6.5249945037131427e-08+1.0348414694429304e-07j,3.7623397429058756e-11,7.524679485811752e-15,dtn_port_modal_amplitudes,7.524679485811752e-15,0.0
282,top,outgoing_up,air,4,-4,4,-4,s,2.5132741228718347e-01+0.0000000000000000e+00j,-2.5132741228718347e-01+0.0000000000000000e+00j,3.0047611471526703e-01+0.0000000000000000e+00j,3.0047611471526703e-01+0.0000000000000000e+00j,1,True,False,1.0000000000000000e+00+0.0000000000000000e+00j,-1.1263972321363763e-07+1.3835566967842576e-07j,0.0000000000000000e+00+0.0000000000000000e+00j,-1.1263972321363763e-07+1.3835566967842576e-07j,6.8149774226757609e-01-7.3182021513770468e-01j,2.4487758889848024e-08+1.7672110299102149e-07j,1.0274731429389705e-10,2.0549462858779412e-14,dtn_port_modal_amplitudes,2.0549462858779412e-14,0.0
283,top,outgoing_up,air,4,-4,4,-4,p,2.5132741228718347e-01+0.0000000000000000e+00j,-2.5132741228718347e-01+0.0000000000000000e+00j,3.0047611471526703e-01+0.0000000000000000e+00j,3.0047611471526703e-01+0.0000000000000000e+00j,1,True,False,1.0000000000000000e+00+0.0000000000000000e+00j,-3.5721301624638597e-08+1.3005359156349622e-07j,0.0000000000000000e+00+0.0000000000000000e+00j,-3.5721301624638597e-08+1.3005359156349622e-07j,6.8149774226757609e-01-7.3182021513770468e-01j,7.0831860949378671e-08+1.1477279966425401e-07j,5.871719744494619e-11,1.1743439488989239e-14,dtn_port_modal_amplitudes,1.1743439488989239e-14,0.0
284,top,outgoing_up,air,4,-3,4,-3,s,2.5132741228718347e-01+0.0000000000000000e+00j,-1.8849555921538758e-01+0.0000000000000000e+00j,3.4339596363008185e-01+0.0000000000000000e+00j,3.4339596363008185e-01+0.0000000000000000e+00j,1,True,False,1.0000000000000000e+00+0.0000000000000000e+00j,-1.6298730949400752e-07-5.4261862218696570e-08j,0.0000000000000000e+00+0.0000000000000000e+00j,-1.6298730949400752e-07-5.4261862218696570e-08j,-1.8237907681107124e-01+9.8322829106039322e-01j,8.3077273096480978e-08-1.5035750544082899e-07j,1.0886210154716783e-10,2.177242030943357e-14,dtn_port_modal_amplitudes,2.177242030943357e-14,0.0
285,top,outgoing_up,air,4,-3,4,-3,p,2.5132741228718347e-01+0.0000000000000000e+00j,-1.8849555921538758e-01+0.0000000000000000e+00j,3.4339596363008185e-01+0.0000000000000000e+00j,3.4339596363008185e-01+0.0000000000000000e+00j,1,True,False,1.0000000000000000e+00+0.0000000000000000e+00j,-1.2375785439678826e-07-3.4880652784353133e-08j,0.0000000000000000e+00+0.0000000000000000e+00j,-1.2375785439678826e-07-3.4880652784353133e-08j,-1.8237907681107124e-01+9.8322829106039322e-01j,5.6866487861235692e-08-1.1532072243047726e-07j,6.099047205356948e-11,1.2198094410713899e-14,dtn_port_modal_amplitudes,1.2198094410713899e-14,0.0
286,top,outgoing_up,air,4,-2,4,-2,s,2.5132741228718347e-01+0.0000000000000000e+00j,-1.2566370614359174e-01+0.0000000000000000e+00j,3.7102560105686944e-01+0.0000000000000000e+00j,3.7102560105686944e-01+0.0000000000000000e+00j,1,True,False,1.0000000000000000e+00+0.0000000000000000e+00j,-7.4913770776921957e-08-8.2339468485982385e-08j,0.0000000000000000e+00+0.0000000000000000e+00j,-7.4913770776921957e-08-8.2339468485982385e-08j,-9.6366746870815334e-01-2.6710486658542981e-01j,5.0198691111315689e-08+9.9357699919442620e-08j,4.939287654422829e-11,9.878575308845659e-15,dtn_port_modal_amplitudes,9.878575308845659e-15,0.0
287,top,outgoing_up,air,4,-2,4,-2,p,2.5132741228718347e-01+0.0000000000000000e+00j,-1.2566370614359174e-01+0.0000000000000000e+00j,3.7102560105686944e-01+0.0000000000000000e+00j,3.7102560105686944e-01+0.0000000000000000e+00j,1,True,False,1.0000000000000000e+00+0.0000000000000000e+00j,-3.5415024782114520e-08-7.2246423202938622e-08j,0.0000000000000000e+00+0.0000000000000000e+00j,-3.5415024782114520e-08-7.2246423202938622e-08j,-9.6366746870815334e-01-2.6710486658542981e-01j,1.4830936055121395e-08+7.9081053240740249e-08j,2.580388060636488e-11,5.160776121272976e-15,dtn_port_modal_amplitudes,5.160776121272976e-15,0.0
288,top,outgoing_up,air,4,-1,4,-1,s,2.5132741228718347e-01+0.0000000000000000e+00j,-6.2831853071795868e-02+0.0000000000000000e+00j,3.8665685293412100e-01+0.0000000000000000e+00j,3.8665685293412100e-01+0.0000000000000000e+00j,1,True,False,1.0000000000000000e+00+0.0000000000000000e+00j,1.0695309910023238e-06-5.3760976320995680e-07j,0.0000000000000000e+00+0.0000000000000000e+00j,1.0695309910023238e-06-5.3760976320995680e-07j,-3.5464440597887031e-01-9.3500125417450330e-01j,-8.8196898583777903e-07-8.0935252284363589e-07j,5.952121702550802e-09,1.1904243405101605e-12,dtn_port_modal_amplitudes,1.1904243405101605e-12,0.0
289,top,outgoing_up,air,4,-1,4,-1,p,2.5132741228718347e-01+0.0000000000000000e+00j,-6.2831853071795868e-02+0.0000000000000000e+00j,3.8665685293412100e-01+0.0000000000000000e+00j,3.8665685293412100e-01+0.0000000000000000e+00j,1,True,False,1.0000000000000000e+00+0.0000000000000000e+00j,2.3891455413856518e-07-6.7761575044795921e-08j,0.0000000000000000e+00+0.0000000000000000e+00j,2.3891455413856518e-07-6.7761575044795921e-08j,-3.5464440597887031e-01-9.3500125417450330e-01j,-1.4808686778390201e-07-1.9935414423014641e-07j,2.561746827124822e-10,5.123493654249645e-14,dtn_port_modal_amplitudes,5.123493654249645e-14,0.0
290,top,outgoing_up,air,4,0,4,0,s,2.5132741228718347e-01+0.0000000000000000e+00j,0.0000000000000000e+00+0.0000000000000000e+00j,3.9172868631407914e-01+0.0000000000000000e+00j,3.9172868631407914e-01+0.0000000000000000e+00j,1,True,False,1.0000000000000000e+00+0.0000000000000000e+00j,-1.5783345061412849e-06+1.0796904583294472e-06j,0.0000000000000000e+00+0.0000000000000000e+00j,-1.5783345061412849e-06+1.0796904583294472e-06j,-5.8190832231936877e-02-9.9830547781936696e-01j,1.1697054973523347e-06+1.5128318969890980e-06j,1.5389303211409753e-08,3.0778606422819513e-12,dtn_port_modal_amplitudes,3.0778606422819513e-12,0.0
291,top,outgoing_up,air,4,0,4,0,p,2.5132741228718347e-01+0.0000000000000000e+00j,0.0000000000000000e+00+0.0000000000000000e+00j,3.9172868631407914e-01+0.0000000000000000e+00j,3.9172868631407914e-01+0.0000000000000000e+00j,1,True,False,1.0000000000000000e+00+0.0000000000000000e+00j,-3.2563291159447776e-15-1.5068791929118772e-15j,0.0000000000000000e+00+0.0000000000000000e+00j,-3.2563291159447776e-15-1.5068791929118772e-15j,-5.8190832231936877e-02-9.9830547781936696e-01j,-1.3148372514180396e-15+3.3384977483388993e-15j,5.41795098404114e-26,1.0835901968082283e-29,dtn_port_modal_amplitudes,1.0835901968082283e-29,0.0
292,top,outgoing_up,air,4,1,4,1,s,2.5132741228718347e-01+0.0000000000000000e+00j,6.2831853071795868e-02+0.0000000000000000e+00j,3.8665685293412100e-01+0.0000000000000000e+00j,3.8665685293412100e-01+0.0000000000000000e+00j,1,True,False,1.0000000000000000e+00+0.0000000000000000e+00j,1.0695309918898305e-06-5.3760977378667743e-07j,0.0000000000000000e+00+0.0000000000000000e+00j,1.0695309918898305e-06-5.3760977378667743e-07j,-3.5464440597887031e-01-9.3500125417450330e-01j,-8.8196899604177531e-07-8.0935251992248109e-07j,5.952121757675266e-09,1.1904243515350533e-12,dtn_port_modal_amplitudes,1.1904243515350533e-12,0.0
293,top,outgoing_up,air,4,1,4,1,p,2.5132741228718347e-01+0.0000000000000000e+00j,6.2831853071795868e-02+0.0000000000000000e+00j,3.8665685293412100e-01+0.0000000000000000e+00j,3.8665685293412100e-01+0.0000000000000000e+00j,1,True,False,1.0000000000000000e+00+0.0000000000000000e+00j,-2.3891455645621059e-07+6.7761584618673667e-08j,0.0000000000000000e+00+0.0000000000000000e+00j,-2.3891455645621059e-07+6.7761584618673667e-08j,-3.5464440597887031e-01-9.3500125417450330e-01j,1.4808687755742968e-07+1.9935414300182561e-07j,2.5617469270213417e-10,5.123493854042684e-14,dtn_port_modal_amplitudes,5.123493854042684e-14,0.0
294,top,outgoing_up,air,4,2,4,2,s,2.5132741228718347e-01+0.0000000000000000e+00j,1.2566370614359174e-01+0.0000000000000000e+00j,3.7102560105686944e-01+0.0000000000000000e+00j,3.7102560105686944e-01+0.0000000000000000e+00j,1,True,False,1.0000000000000000e+00+0.0000000000000000e+00j,-7.4913776925418686e-08-8.2339463080586628e-08j,0.0000000000000000e+00+0.0000000000000000e+00j,-7.4913776925418686e-08-8.2339463080586628e-08j,-9.6366746870815334e-01-2.6710486658542981e-01j,5.0198698480229473e-08+9.9357696352731973e-08j,4.939287666802831e-11,9.878575333605664e-15,dtn_port_modal_amplitudes,9.878575333605664e-15,0.0
295,top,outgoing_up,air,4,2,4,2,p,2.5132741228718347e-01+0.0000000000000000e+00j,1.2566370614359174e-01+0.0000000000000000e+00j,3.7102560105686944e-01+0.0000000000000000e+00j,3.7102560105686944e-01+0.0000000000000000e+00j,1,True,False,1.0000000000000000e+00+0.0000000000000000e+00j,3.5415010223717607e-08+7.2246389077223589e-08j,0.0000000000000000e+00+0.0000000000000000e+00j,3.5415010223717607e-08+7.2246389077223589e-08j,-9.6366746870815334e-01-2.6710486658542981e-01j,-1.4830931140812458e-08-7.9081016466280160e-08j,2.5803856841985504e-11,5.160771368397102e-15,dtn_port_modal_amplitudes,5.160771368397102e-15,0.0
296,top,outgoing_up,air,4,3,4,3,s,2.5132741228718347e-01+0.0000000000000000e+00j,1.8849555921538758e-01+0.0000000000000000e+00j,3.4339596363008185e-01+0.0000000000000000e+00j,3.4339596363008185e-01+0.0000000000000000e+00j,1,True,False,1.0000000000000000e+00+0.0000000000000000e+00j,-1.6298730285614846e-07-5.4261900460590531e-08j,0.0000000000000000e+00+0.0000000000000000e+00j,-1.6298730285614846e-07-5.4261900460590531e-08j,-1.8237907681107124e-01+9.8322829106039322e-01j,8.3077309486386415e-08-1.5035749193977687e-07j,1.0886210887510228e-10,2.177242177502046e-14,dtn_port_modal_amplitudes,2.177242177502046e-14,0.0
297,top,outgoing_up,air,4,3,4,3,p,2.5132741228718347e-01+0.0000000000000000e+00j,1.8849555921538758e-01+0.0000000000000000e+00j,3.4339596363008185e-01+0.0000000000000000e+00j,3.4339596363008185e-01+0.0000000000000000e+00j,1,True,False,1.0000000000000000e+00+0.0000000000000000e+00j,1.2375787808521172e-07+3.4880697186077348e-08j,0.0000000000000000e+00+0.0000000000000000e+00j,1.2375787808521172e-07+3.4880697186077348e-08j,-1.8237907681107124e-01+9.8322829106039322e-01j,-5.6866535838539916e-08+1.1532073762365989e-07j,6.099050511068748e-11,1.2198101022137498e-14,dtn_port_modal_amplitudes,1.2198101022137498e-14,0.0
298,top,outgoing_up,air,4,4,4,4,s,2.5132741228718347e-01+0.0000000000000000e+00j,2.5132741228718347e-01+0.0000000000000000e+00j,3.0047611471526703e-01+0.0000000000000000e+00j,3.0047611471526703e-01+0.0000000000000000e+00j,1,True,False,1.0000000000000000e+00+0.0000000000000000e+00j,-1.1263974871708997e-07+1.3835566084655396e-07j,0.0000000000000000e+00+0.0000000000000000e+00j,-1.1263974871708997e-07+1.3835566084655396e-07j,6.8149774226757609e-01-7.3182021513770468e-01j,2.4487735045960503e-08+1.7672111563606277e-07j,1.027473249512288e-10,2.0549464990245763e-14,dtn_port_modal_amplitudes,2.0549464990245763e-14,0.0
299,top,outgoing_up,air,4,4,4,4,p,2.5132741228718347e-01+0.0000000000000000e+00j,2.5132741228718347e-01+0.0000000000000000e+00j,3.0047611471526703e-01+0.0000000000000000e+00j,3.0047611471526703e-01+0.0000000000000000e+00j,1,True,False,1.0000000000000000e+00+0.0000000000000000e+00j,3.5721308386689822e-08-1.3005361156703689e-07j,0.0000000000000000e+00+0.0000000000000000e+00j,3.5721308386689822e-08-1.3005361156703689e-07j,6.8149774226757609e-01-7.3182021513770468e-01j,-7.0831870980051465e-08-1.1477281824522760e-07j,5.871721579989639e-11,1.174344315997928e-14,dtn_port_modal_amplitudes,1.174344315997928e-14,0.0
300,top,outgoing_up,air,4,5,4,5,s,2.5132741228718347e-01+0.0000000000000000e+00j,3.1415926535897931e-01+0.0000000000000000e+00j,2.3399854629988756e-01+0.0000000000000000e+00j,2.3399854629988756e-01+0.0000000000000000e+00j,1,True,False,1.0000000000000000e+00+0.0000000000000000e+00j,1.8658626948065554e-07-1.4603645724118561e-07j,0.0000000000000000e+00+0.0000000000000000e+00j,1.8658626948065554e-07-1.4603645724118561e-07j,9.7100924635082006e-02+9.9527454023249895e-01j,1.6346406712868621e-07+1.7152428854250587e-07j,1.4112951483674602e-10,2.822590296734921e-14,dtn_port_modal_amplitudes,2.822590296734921e-14,0.0
301,top,outgoing_up,air,4,5,4,5,p,2.5132741228718347e-01+0.0000000000000000e+00j,3.1415926535897931e-01+0.0000000000000000e+00j,2.3399854629988756e-01+0.0000000000000000e+00j,2.3399854629988756e-01+0.0000000000000000e+00j,1,True,False,1.0000000000000000e+00+0.0000000000000000e+00j,-1.0933096447732272e-07+5.4893195175677856e-08j,0.0000000000000000e+00+0.0000000000000000e+00j,-1.0933096447732272e-07+5.4893195175677856e-08j,9.7100924635082006e-02+9.9527454023249895e-01j,-6.5249937332358948e-08-1.0348414539561071e-07j,3.7623394095711184e-11,7.524678819142238e-15,dtn_port_modal_amplitudes,7.524678819142238e-15,0.0
302,top,outgoing_up,air,4,6,4,6,s,2.5132741228718347e-01+0.0000000000000000e+00j,3.7699111843077515e-01+0.0000000000000000e+00j,1.0643805853954433e-01+0.0000000000000000e+00j,1.0643805853954433e-01+0.0000000000000000e+00j,1,True,False,1.0000000000000000e+00+0.0000000000000000e+00j,3.0964401827002778e-07-2.4806228459094131e-07j,0.0000000000000000e+00+0.0000000000000000e+00j,3.0964401827002778e-07-2.4806228459094131e-07j,9.9469008590626551e-01+1.0291565964315751e-01j,3.3352932878464055e-07-2.1487787677505008e-07j,1.799969196181221e-10,3.5999383923624426e-14,dtn_port_modal_amplitudes,3.5999383923624426e-14,0.0
303,top,outgoing_up,air,4,6,4,6,p,2.5132741228718347e-01+0.0000000000000000e+00j,3.7699111843077515e-01+0.0000000000000000e+00j,1.0643805853954433e-01+0.0000000000000000e+00j,1.0643805853954433e-01+0.0000000000000000e+00j,1,True,False,1.0000000000000000e+00+0.0000000000000000e+00j,1.7511259461128519e-08+1.9153652174362252e-07j,0.0000000000000000e+00+0.0000000000000000e+00j,1.7511259461128519e-08+1.9153652174362252e-07j,9.9469008590626551e-01+1.0291565964315751e-01j,-2.2938313032840606e-09+1.9232166208597571e-07j,4.229986993646671e-11,8.459973987293343e-15,dtn_port_modal_amplitudes,8.459973987293343e-15,0.0
304,top,outgoing_up,air,5,-5,5,-5,s,3.1415926535897931e-01+0.0000000000000000e+00j,-3.1415926535897931e-01+0.0000000000000000e+00j,1.3865332245041576e-01+0.0000000000000000e+00j,1.3865332245041576e-01+0.0000000000000000e+00j,1,True,False,1.0000000000000000e+00+0.0000000000000000e+00j,2.2475892650302397e-05+1.7033438862997437e-05j,0.0000000000000000e+00+0.0000000000000000e+00j,2.2475892650302397e-05+1.7033438862997437e-05j,-4.4861738743632412e-01+8.9372391692838071e-01j,-2.5306267940476113e-05+1.2445745974115799e-05j,1.1846423035743435e-06,2.3692846071486876e-10,dtn_port_modal_amplitudes,2.3692846071486876e-10,0.0
305,top,outgoing_up,air,5,-5,5,-5,p,3.1415926535897931e-01+0.0000000000000000e+00j,-3.1415926535897931e-01+0.0000000000000000e+00j,1.3865332245041576e-01+0.0000000000000000e+00j,1.3865332245041576e-01+0.0000000000000000e+00j,1,True,False,1.0000000000000000e+00+0.0000000000000000e+00j,5.6181440827527337e-06+4.6530810508354862e-06j,0.0000000000000000e+00+0.0000000000000000e+00j,5.6181440827527337e-06+4.6530810508354862e-06j,-4.4861738743632412e-01+8.9372391692838071e-01j,-6.6789669431832911e-06+2.9336166709504962e-06j,7.926580123905713e-08,1.5853160247811428e-11,dtn_port_modal_amplitudes,1.5853160247811428e-11,0.0
306,top,outgoing_up,air,5,-4,5,-4,s,3.1415926535897931e-01+0.0000000000000000e+00j,-2.5132741228718347e-01+0.0000000000000000e+00j,2.3399854629988762e-01+0.0000000000000000e+00j,2.3399854629988762e-01+0.0000000000000000e+00j,1,True,False,1.0000000000000000e+00+0.0000000000000000e+00j,1.9587854152769071e-07-1.4129701265534250e-07j,0.0000000000000000e+00+0.0000000000000000e+00j,1.9587854152769071e-07-1.4129701265534250e-07j,9.7100924635078481e-02+9.9527454023249928e-01j,1.5964930680528103e-07+1.8123285478337675e-07j,1.466402622353606e-10,2.932805244707213e-14,dtn_port_modal_amplitudes,2.932805244707213e-14,0.0
307,top,outgoing_up,air,5,-4,5,-4,p,3.1415926535897931e-01+0.0000000000000000e+00j,-2.5132741228718347e-01+0.0000000000000000e+00j,2.3399854629988762e-01+0.0000000000000000e+00j,2.3399854629988762e-01+0.0000000000000000e+00j,1,True,False,1.0000000000000000e+00+0.0000000000000000e+00j,9.7998636550283642e-08+3.6095422679958645e-08j,0.0000000000000000e+00+0.0000000000000000e+00j,9.7998636550283642e-08+3.6095422679958645e-08j,9.7100924635078481e-02+9.9527454023249928e-01j,-2.6409096990284032e-08+1.0104044685331333e-07j,2.74174423820772e-11,5.483488476415441e-15,dtn_port_modal_amplitudes,5.483488476415441e-15,0.0
308,top,outgoing_up,air,5,-3,5,-3,s,3.1415926535897931e-01+0.0000000000000000e+00j,-1.8849555921538758e-01+0.0000000000000000e+00j,2.8703695231365395e-01+0.0000000000000000e+00j,2.8703695231365395e-01+0.0000000000000000e+00j,1,True,False,1.0000000000000000e+00+0.0000000000000000e+00j,-8.2315106234989464e-06-2.7690202497933291e-06j,0.0000000000000000e+00+0.0000000000000000e+00j,-8.2315106234989464e-06-2.7690202497933291e-06j,-5.6512332570259845e-02-9.9840190117380501e-01j,-2.2994132158716250e-06+8.3748396492838272e-06j,2.325832404746423e-07,4.651664809492847e-11,dtn_port_modal_amplitudes,4.651664809492847e-11,0.0
309,top,outgoing_up,air,5,-3,5,-3,p,3.1415926535897931e-01+0.0000000000000000e+00j,-1.8849555921538758e-01+0.0000000000000000e+00j,2.8703695231365395e-01+0.0000000000000000e+00j,2.8703695231365395e-01+0.0000000000000000e+00j,1,True,False,1.0000000000000000e+00+0.0000000000000000e+00j,-3.0049748397603882e-06-1.0243872842642255e-06j,0.0000000000000000e+00+0.0000000000000000e+00j,-3.0049748397603882e-06-1.0243872842642255e-06j,-5.6512332570259845e-02-9.9840190117380501e-01j,-8.5293207463787151e-07+3.0580631078853067e-06j,3.108061720154105e-08,6.216123440308212e-12,dtn_port_modal_amplitudes,6.216123440308212e-12,0.0
310,top,outgoing_up,air,5,-2,5,-2,s,3.1415926535897931e-01+0.0000000000000000e+00j,-1.2566370614359174e-01+0.0000000000000000e+00j,3.1957694033783096e-01+0.0000000000000000e+00j,3.1957694033783096e-01+0.0000000000000000e+00j,1,True,False,1.0000000000000000e+00+0.0000000000000000e+00j,-3.9549688789985445e-07+9.5737969129498976e-08j,0.0000000000000000e+00+0.0000000000000000e+00j,-3.9549688789985445e-07+9.5737969129498976e-08j,9.4763140690420844e-01+3.1936611693908690e-01j,-4.0536073575129736e-07-3.5583998969731072e-08j,5.684817415138063e-10,1.1369634830276127e-13,dtn_port_modal_amplitudes,1.1369634830276127e-13,0.0
311,top,outgoing_up,air,5,-2,5,-2,p,3.1415926535897931e-01+0.0000000000000000e+00j,-1.2566370614359174e-01+0.0000000000000000e+00j,3.1957694033783096e-01+0.0000000000000000e+00j,3.1957694033783096e-01+0.0000000000000000e+00j,1,True,False,1.0000000000000000e+00+0.0000000000000000e+00j,-7.0091687777341173e-08+3.0221347078158209e-08j,0.0000000000000000e+00+0.0000000000000000e+00j,-7.0091687777341173e-08+3.0221347078158209e-08j,9.4763140690420844e-01+3.1936611693908690e-01j,-7.6072758965752137e-08+6.2537874950591454e-09j,2.000243317077059e-11,4.000486634154118e-15,dtn_port_modal_amplitudes,4.000486634154118e-15,0.0
312,top,outgoing_up,air,5,-1,5,-1,s,3.1415926535897931e-01+0.0000000000000000e+00j,-6.2831853071795868e-02+0.0000000000000000e+00j,3.3759879454316299e-01+0.0000000000000000e+00j,3.3759879454316299e-01+0.0000000000000000e+00j,1,True,False,1.0000000000000000e+00+0.0000000000000000e+00j,-2.9593825549128061e-05+5.2337619178598303e-05j,0.0000000000000000e+00+0.0000000000000000e+00j,-2.9593825549128061e-05+5.2337619178598303e-05j,1.6368469478040518e-01+9.8651270680850611e-01j,-5.6475782666185378e-05-2.0627817726507104e-05j,1.3110993534221977e-05,2.622198706844396e-09,dtn_port_modal_amplitudes,2.622198706844396e-09,0.0
313,top,outgoing_up,air,5,-1,5,-1,p,3.1415926535897931e-01+0.0000000000000000e+00j,-6.2831853071795868e-02+0.0000000000000000e+00j,3.3759879454316299e-01+0.0000000000000000e+00j,3.3759879454316299e-01+0.0000000000000000e+00j,1,True,False,1.0000000000000000e+00+0.0000000000000000e+00j,-4.3056849703769132e-06+7.6265266876567907e-06j,0.0000000000000000e+00+0.0000000000000000e+00j,-4.3056849703769132e-06+7.6265266876567907e-06j,1.6368469478040518e-01+9.8651270680850611e-01j,-8.2284402163843345e-06-2.9992672416875145e-06j,2.781865913033594e-07,5.563731826067189e-11,dtn_port_modal_amplitudes,5.563731826067189e-11,0.0
314,top,outgoing_up,air,5,0,5,0,s,3.1415926535897931e-01+0.0000000000000000e+00j,0.0000000000000000e+00+0.0000000000000000e+00j,3.4339596363008190e-01+0.0000000000000000e+00j,3.4339596363008190e-01+0.0000000000000000e+00j,1,True,False,1.0000000000000000e+00+0.0000000000000000e+00j,3.7954811956040207e-05-9.6915580014221998e-05j,0.0000000000000000e+00+0.0000000000000000e+00j,3.7954811956040207e-05-9.6915580014221998e-05j,-1.8237907681107474e-01+9.8322829106039256e-01j,8.8367976549429676e-05+5.4993618908659619e-05j,3.996462547276565e-05,7.992925094553132e-09,dtn_port_modal_amplitudes,7.992925094553132e-09,0.0
315,top,outgoing_up,air,5,0,5,0,p,3.1415926535897931e-01+0.0000000000000000e+00j,0.0000000000000000e+00+0.0000000000000000e+00j,3.4339596363008190e-01+0.0000000000000000e+00j,3.4339596363008190e-01+0.0000000000000000e+00j,1,True,False,1.0000000000000000e+00+0.0000000000000000e+00j,-3.7147276425201360e-15+5.3249238319494053e-15j,0.0000000000000000e+00+0.0000000000000000e+00j,-3.7147276425201360e-15+5.3249238319494053e-15j,-1.8237907681107474e-01+9.8322829106039256e-01j,-4.5581271612669685e-15-4.6235800042700971e-15j,1.5550989891386592e-25,3.110197978277319e-29,dtn_port_modal_amplitudes,3.110197978277319e-29,0.0
316,top,outgoing_up,air,5,1,5,1,s,3.1415926535897931e-01+0.0000000000000000e+00j,6.2831853071795868e-02+0.0000000000000000e+00j,3.3759879454316299e-01+0.0000000000000000e+00j,3.3759879454316299e-01+0.0000000000000000e+00j,1,True,False,1.0000000000000000e+00+0.0000000000000000e+00j,-2.9593825564522268e-05+5.2337619186009693e-05j,0.0000000000000000e+00+0.0000000000000000e+00j,-2.9593825564522268e-05+5.2337619186009693e-05j,1.6368469478040518e-01+9.8651270680850611e-01j,-5.6475782676016605e-05-2.0627817740480555e-05j,1.3110993540340175e-05,2.6221987080680355e-09,dtn_port_modal_amplitudes,2.6221987080680355e-09,0.0
317,top,outgoing_up,air,5,1,5,1,p,3.1415926535897931e-01+0.0000000000000000e+00j,6.2831853071795868e-02+0.0000000000000000e+00j,3.3759879454316299e-01+0.0000000000000000e+00j,3.3759879454316299e-01+0.0000000000000000e+00j,1,True,False,1.0000000000000000e+00+0.0000000000000000e+00j,4.3056849696884897e-06-7.6265266875350382e-06j,0.0000000000000000e+00+0.0000000000000000e+00j,4.3056849696884897e-06-7.6265266875350382e-06j,1.6368469478040518e-01+9.8651270680850611e-01j,8.2284402161515393e-06+2.9992672410283052e-06j,2.7818659127512334e-07,5.563731825502468e-11,dtn_port_modal_amplitudes,5.563731825502468e-11,0.0
318,top,outgoing_up,air,5,2,5,2,s,3.1415926535897931e-01+0.0000000000000000e+00j,1.2566370614359174e-01+0.0000000000000000e+00j,3.1957694033783096e-01+0.0000000000000000e+00j,3.1957694033783096e-01+0.0000000000000000e+00j,1,True,False,1.0000000000000000e+00+0.0000000000000000e+00j,-3.9549687724037944e-07+9.5737983312166288e-08j,0.0000000000000000e+00+0.0000000000000000e+00j,-3.9549687724037944e-07+9.5737983312166288e-08j,9.4763140690420844e-01+3.1936611693908690e-01j,-4.0536073017950743e-07-3.5583982125514941e-08j,5.684817218898351e-10,1.1369634437796705e-13,dtn_port_modal_amplitudes,1.1369634437796705e-13,0.0
319,top,outgoing_up,air,5,2,5,2,p,3.1415926535897931e-01+0.0000000000000000e+00j,1.2566370614359174e-01+0.0000000000000000e+00j,3.1957694033783096e-01+0.0000000000000000e+00j,3.1957694033783096e-01+0.0000000000000000e+00j,1,True,False,1.0000000000000000e+00+0.0000000000000000e+00j,7.0091684723370182e-08-3.0221351211931242e-08j,0.0000000000000000e+00+0.0000000000000000e+00j,7.0091684723370182e-08-3.0221351211931242e-08j,9.4763140690420844e-01+3.1936611693908690e-01j,7.6072757391900348e-08-6.2537923876871561e-09j,2.0002432558769542e-11,4.0004865117539094e-15,dtn_port_modal_amplitudes,4.0004865117539094e-15,0.0
320,top,outgoing_up,air,5,3,5,3,s,3.1415926535897931e-01+0.0000000000000000e+00j,1.8849555921538758e-01+0.0000000000000000e+00j,2.8703695231365395e-01+0.0000000000000000e+00j,2.8703695231365395e-01+0.0000000000000000e+00j,1,True,False,1.0000000000000000e+00+0.0000000000000000e+00j,-8.2315106113882794e-06-2.7690202699037611e-06j,0.0000000000000000e+00+0.0000000000000000e+00j,-8.2315106113882794e-06-2.7690202699037611e-06j,-5.6512332570259845e-02-9.9840190117380501e-01j,-2.2994132366343202e-06+8.3748396383289993e-06j,2.3258324020326523e-07,4.651664804065305e-11,dtn_port_modal_amplitudes,4.651664804065305e-11,0.0
321,top,outgoing_up,air,5,3,5,3,p,3.1415926535897931e-01+0.0000000000000000e+00j,1.8849555921538758e-01+0.0000000000000000e+00j,2.8703695231365395e-01+0.0000000000000000e+00j,2.8703695231365395e-01+0.0000000000000000e+00j,1,True,False,1.0000000000000000e+00+0.0000000000000000e+00j,3.0049748527217558e-06+1.0243872746748101e-06j,0.0000000000000000e+00+0.0000000000000000e+00j,3.0049748527217558e-06+1.0243872746748101e-06j,-5.6512332570259845e-02-9.9840190117380501e-01j,8.5293206433130367e-07-3.0580631202840407e-06j,3.1080617381164184e-08,6.216123476232838e-12,dtn_port_modal_amplitudes,6.216123476232838e-12,0.0
322,top,outgoing_up,air,5,4,5,4,s,3.1415926535897931e-01+0.0000000000000000e+00j,2.5132741228718347e-01+0.0000000000000000e+00j,2.3399854629988762e-01+0.0000000000000000e+00j,2.3399854629988762e-01+0.0000000000000000e+00j,1,True,False,1.0000000000000000e+00+0.0000000000000000e+00j,1.9587851670092751e-07-1.4129703868605368e-07j,0.0000000000000000e+00+0.0000000000000000e+00j,1.9587851670092751e-07-1.4129703868605368e-07j,9.7100924635078481e-02+9.9527454023249928e-01j,1.5964933030228346e-07+1.8123282754632532e-07j,1.4664025627772958e-10,2.932805125554592e-14,dtn_port_modal_amplitudes,2.932805125554592e-14,0.0
323,top,outgoing_up,air,5,4,5,4,p,3.1415926535897931e-01+0.0000000000000000e+00j,2.5132741228718347e-01+0.0000000000000000e+00j,2.3399854629988762e-01+0.0000000000000000e+00j,2.3399854629988762e-01+0.0000000000000000e+00j,1,True,False,1.0000000000000000e+00+0.0000000000000000e+00j,-9.7998696111056699e-08-3.6095435720614256e-08j,0.0000000000000000e+00+0.0000000000000000e+00j,-9.7998696111056699e-08-3.6095435720614256e-08j,9.7100924635078481e-02+9.9527454023249928e-01j,2.6409104185910410e-08-1.0104050739889406e-07j,2.7417474094551545e-11,5.48349481891031e-15,dtn_port_modal_amplitudes,5.48349481891031e-15,0.0
324,top,outgoing_up,air,5,5,5,5,s,3.1415926535897931e-01+0.0000000000000000e+00j,3.1415926535897931e-01+0.0000000000000000e+00j,1.3865332245041576e-01+0.0000000000000000e+00j,1.3865332245041576e-01+0.0000000000000000e+00j,1,True,False,1.0000000000000000e+00+0.0000000000000000e+00j,2.2475892628786768e-05+1.7033438908226340e-05j,0.0000000000000000e+00+0.0000000000000000e+00j,2.2475892628786768e-05+1.7033438908226340e-05j,-4.4861738743632412e-01+8.9372391692838071e-01j,-2.5306267971245980e-05+1.2445745934596298e-05j,1.18464230442881e-06,2.3692846088576205e-10,dtn_port_modal_amplitudes,2.3692846088576205e-10,0.0
325,top,outgoing_up,air,5,5,5,5,p,3.1415926535897931e-01+0.0000000000000000e+00j,3.1415926535897931e-01+0.0000000000000000e+00j,1.3865332245041576e-01+0.0000000000000000e+00j,1.3865332245041576e-01+0.0000000000000000e+00j,1,True,False,1.0000000000000000e+00+0.0000000000000000e+00j,-5.6181440970295816e-06-4.6530810427391311e-06j,0.0000000000000000e+00+0.0000000000000000e+00j,-5.6181440970295816e-06-4.6530810427391311e-06j,-4.4861738743632412e-01+8.9372391692838071e-01j,6.6789669423522273e-06-2.9336166873422223e-06j,7.926580136577704e-08,1.585316027315541e-11,dtn_port_modal_amplitudes,1.585316027315541e-11,0.0
326,top,outgoing_up,air,6,-4,6,-4,s,3.7699111843077515e-01+0.0000000000000000e+00j,-2.5132741228718347e-01+0.0000000000000000e+00j,1.0643805853954440e-01+0.0000000000000000e+00j,1.0643805853954440e-01+0.0000000000000000e+00j,1,True,False,1.0000000000000000e+00+0.0000000000000000e+00j,3.3592286200035757e-07-3.6866768148485234e-07j,0.0000000000000000e+00+0.0000000000000000e+00j,3.3592286200035757e-07-3.6866768148485234e-07j,9.9469008590626495e-01+1.0291565964316193e-01j,3.7208081809014271e-07-3.3213836483504563e-07j,2.8444705835595973e-10,5.688941167119196e-14,dtn_port_modal_amplitudes,5.688941167119196e-14,0.0
327,top,outgoing_up,air,6,-4,6,-4,p,3.7699111843077515e-01+0.0000000000000000e+00j,-2.5132741228718347e-01+0.0000000000000000e+00j,1.0643805853954440e-01+0.0000000000000000e+00j,1.0643805853954440e-01+0.0000000000000000e+00j,1,True,False,1.0000000000000000e+00+0.0000000000000000e+00j,-2.9227676487122651e-08-1.3038408491267538e-07j,0.0000000000000000e+00+0.0000000000000000e+00j,-2.9227676487122651e-08-1.3038408491267538e-07j,9.9469008590626495e-01+1.0291565964316193e-01j,-1.5653915930058526e-08-1.3269974222810799e-07j,2.041563374404647e-11,4.083126748809295e-15,dtn_port_modal_amplitudes,4.083126748809295e-15,0.0
328,top,outgoing_up,air,6,-3,6,-3,s,3.7699111843077515e-01+0.0000000000000000e+00j,-1.8849555921538758e-01+0.0000000000000000e+00j,1.9739288900240984e-01+0.0000000000000000e+00j,1.9739288900240984e-01+0.0000000000000000e+00j,1,True,False,1.0000000000000000e+00+0.0000000000000000e+00j,3.7942870651774473e-07-5.3903645798952776e-08j,0.0000000000000000e+00+0.0000000000000000e+00j,3.7942870651774473e-07-5.3903645798952776e-08j,7.4995831046452544e-01-6.6148509625326746e-01j,2.4889925335206581e-07-2.9141192158340397e-07j,3.114538234017793e-10,6.229076468035587e-14,dtn_port_modal_amplitudes,6.229076468035587e-14,0.0
329,top,outgoing_up,air,6,-3,6,-3,p,3.7699111843077515e-01+0.0000000000000000e+00j,-1.8849555921538758e-01+0.0000000000000000e+00j,1.9739288900240984e-01+0.0000000000000000e+00j,1.9739288900240984e-01+0.0000000000000000e+00j,1,True,False,1.0000000000000000e+00+0.0000000000000000e+00j,1.4988090246528489e-07+3.2600437254180219e-08j,0.0000000000000000e+00+0.0000000000000000e+00j,1.4988090246528489e-07+3.2600437254180219e-08j,7.4995831046452544e-01-6.6148509625326746e-01j,1.3396913175874339e-07-7.4695014350225802e-08j,4.9891127161961925e-11,9.978225432392386e-15,dtn_port_modal_amplitudes,9.978225432392386e-15,0.0
330,top,outgoing_up,air,6,-2,6,-2,s,3.7699111843077515e-01+0.0000000000000000e+00j,-1.2566370614359174e-01+0.0000000000000000e+00j,2.4228735301475479e-01+0.0000000000000000e+00j,2.4228735301475479e-01+0.0000000000000000e+00j,1,True,False,1.0000000000000000e+00+0.0000000000000000e+00j,-6.3457429313092274e-08-8.9917080535441590e-08j,0.0000000000000000e+00+0.0000000000000000e+00j,-6.3457429313092274e-08-8.9917080535441590e-08j,-3.8948672055607042e-01+9.2103208115161628e-01j,1.0753234185471022e-07-2.3424819365043743e-08j,3.152592832847633e-11,6.3051856656952675e-15,dtn_port_modal_amplitudes,6.3051856656952675e-15,0.0
331,top,outgoing_up,air,6,-2,6,-2,p,3.7699111843077515e-01+0.0000000000000000e+00j,-1.2566370614359174e-01+0.0000000000000000e+00j,2.4228735301475479e-01+0.0000000000000000e+00j,2.4228735301475479e-01+0.0000000000000000e+00j,1,True,False,1.0000000000000000e+00+0.0000000000000000e+00j,-2.3757046776175584e-08+1.5808216381450833e-08j,0.0000000000000000e+00+0.0000000000000000e+00j,-2.3757046776175584e-08+1.5808216381450833e-08j,-3.8948672055607042e-01+9.2103208115161628e-01j,-5.3068201941529396e-09-2.8038092590529330e-08j,2.119519771386816e-12,4.2390395427736325e-16,dtn_port_modal_amplitudes,4.2390395427736325e-16,0.0
332,top,outgoing_up,air,6,-1,6,-1,s,3.7699111843077515e-01+0.0000000000000000e+00j,-6.2831853071795868e-02+0.0000000000000000e+00j,2.6560626256209324e-01+0.0000000000000000e+00j,2.6560626256209324e-01+0.0000000000000000e+00j,1,True,False,1.0000000000000000e+00+0.0000000000000000e+00j,-6.3837594185508492e-07-4.1673472572337221e-08j,0.0000000000000000e+00+0.0000000000000000e+00j,-6.3837594185508492e-07-4.1673472572337221e-08j,-9.7402708549712580e-01-2.2643152765896971e-01j,6.1235927003918259e-07+1.8513953076715855e-07j,1.1677827843280797e-09,2.33556556865616e-13,dtn_port_modal_amplitudes,2.33556556865616e-13,0.0
333,top,outgoing_up,air,6,-1,6,-1,p,3.7699111843077515e-01+0.0000000000000000e+00j,-6.2831853071795868e-02+0.0000000000000000e+00j,2.6560626256209324e-01+0.0000000000000000e+00j,2.6560626256209324e-01+0.0000000000000000e+00j,1,True,False,1.0000000000000000e+00+0.0000000000000000e+00j,-6.1442101531690467e-08-3.3403160240893678e-08j,0.0000000000000000e+00+0.0000000000000000e+00j,-6.1442101531690467e-08-3.3403160240893678e-08j,-9.7402708549712580e-01-2.2643152765896971e-01j,5.2282742479748049e-08+4.6448011728229331e-08j,1.3955688298531687e-11,2.7911376597063377e-15,dtn_port_modal_amplitudes,2.7911376597063377e-15,0.0
334,top,outgoing_up,air,6,0,6,0,s,3.7699111843077515e-01+0.0000000000000000e+00j,0.0000000000000000e+00+0.0000000000000000e+00j,2.7293685803247492e-01+0.0000000000000000e+00j,2.7293685803247492e-01+0.0000000000000000e+00j,1,True,False,1.0000000000000000e+00+0.0000000000000000e+00j,1.1798689305224411e-06+5.3947510791930328e-08j,0.0000000000000000e+00+0.0000000000000000e+00j,1.1798689305224411e-06+5.3947510791930328e-08j,-7.8490829720534228e-01-6.1961194709125000e-01j,-8.9266239097934340e-07-7.7340473418764130e-07j,4.090351399986261e-09,8.180702799972523e-13,dtn_port_modal_amplitudes,8.180702799972523e-13,0.0
335,top,outgoing_up,air,6,0,6,0,p,3.7699111843077515e-01+0.0000000000000000e+00j,0.0000000000000000e+00+0.0000000000000000e+00j,2.7293685803247492e-01+0.0000000000000000e+00j,2.7293685803247492e-01+0.0000000000000000e+00j,1,True,False,1.0000000000000000e+00+0.0000000000000000e+00j,1.3135226540965010e-14+1.2308858595400305e-15j,0.0000000000000000e+00+0.0000000000000000e+00j,1.3135226540965010e-14+1.2308858595400305e-15j,-7.8490829720534228e-01-6.1961194709125000e-01j,-9.5472767135985789e-15-9.1048758165976931e-15j,5.1033841929249465e-25,1.0206768385849895e-28,dtn_port_modal_amplitudes,1.0206768385849895e-28,0.0
336,top,outgoing_up,air,6,1,6,1,s,3.7699111843077515e-01+0.0000000000000000e+00j,6.2831853071795868e-02+0.0000000000000000e+00j,2.6560626256209324e-01+0.0000000000000000e+00j,2.6560626256209324e-01+0.0000000000000000e+00j,1,True,False,1.0000000000000000e+00+0.0000000000000000e+00j,-6.3837595540474042e-07-4.1673505861347094e-08j,0.0000000000000000e+00+0.0000000000000000e+00j,-6.3837595540474042e-07-4.1673505861347094e-08j,-9.7402708549712580e-01-2.2643152765896971e-01j,6.1235927569923261e-07+1.8513956625962501e-07j,1.1677828416074203e-09,2.335565683214841e-13,dtn_port_modal_amplitudes,2.335565683214841e-13,0.0
337,top,outgoing_up,air,6,1,6,1,p,3.7699111843077515e-01+0.0000000000000000e+00j,6.2831853071795868e-02+0.0000000000000000e+00j,2.6560626256209324e-01+0.0000000000000000e+00j,2.6560626256209324e-01+0.0000000000000000e+00j,1,True,False,1.0000000000000000e+00+0.0000000000000000e+00j,6.1442108979514892e-08+3.3403147761667209e-08j,0.0000000000000000e+00+0.0000000000000000e+00j,6.1442108979514892e-08+3.3403147761667209e-08j,-9.7402708549712580e-01-2.2643152765896971e-01j,-5.2282752559821068e-08-4.6448001259547012e-08j,1.3955688531166232e-11,2.791137706233247e-15,dtn_port_modal_amplitudes,2.791137706233247e-15,0.0
338,top,outgoing_up,air,6,2,6,2,s,3.7699111843077515e-01+0.0000000000000000e+00j,1.2566370614359174e-01+0.0000000000000000e+00j,2.4228735301475479e-01+0.0000000000000000e+00j,2.4228735301475479e-01+0.0000000000000000e+00j,1,True,False,1.0000000000000000e+00+0.0000000000000000e+00j,-6.3457441613635039e-08-8.9917085252735654e-08j,0.0000000000000000e+00+0.0000000000000000e+00j,-6.3457441613635039e-08-8.9917085252735654e-08j,-3.8948672055607042e-01+9.2103208115161628e-01j,1.0753235099038745e-07-2.3424828856914848e-08j,3.1525934599999165e-11,6.305186919999834e-15,dtn_port_modal_amplitudes,6.305186919999834e-15,0.0
339,top,outgoing_up,air,6,2,6,2,p,3.7699111843077515e-01+0.0000000000000000e+00j,1.2566370614359174e-01+0.0000000000000000e+00j,2.4228735301475479e-01+0.0000000000000000e+00j,2.4228735301475479e-01+0.0000000000000000e+00j,1,True,False,1.0000000000000000e+00+0.0000000000000000e+00j,2.3757008755396557e-08-1.5808194679126417e-08j,0.0000000000000000e+00+0.0000000000000000e+00j,2.3757008755396557e-08-1.5808194679126417e-08j,-3.8948672055607042e-01+9.2103208115161628e-01j,5.3068150142044544e-09+2.8038049119404929e-08j,2.1195132832557613e-12,4.2390265665115235e-16,dtn_port_modal_amplitudes,4.2390265665115235e-16,0.0
340,top,outgoing_up,air,6,3,6,3,s,3.7699111843077515e-01+0.0000000000000000e+00j,1.8849555921538758e-01+0.0000000000000000e+00j,1.9739288900240984e-01+0.0000000000000000e+00j,1.9739288900240984e-01+0.0000000000000000e+00j,1,True,False,1.0000000000000000e+00+0.0000000000000000e+00j,3.7942870350143139e-07-5.3903645805672044e-08j,0.0000000000000000e+00+0.0000000000000000e+00j,3.7942870350143139e-07-5.3903645805672044e-08j,7.4995831046452544e-01-6.6148509625326746e-01j,2.4889925108551184e-07-2.9141191959319683e-07j,3.1145381854940185e-10,6.229076370988038e-14,dtn_port_modal_amplitudes,6.229076370988038e-14,0.0
341,top,outgoing_up,air,6,3,6,3,p,3.7699111843077515e-01+0.0000000000000000e+00j,1.8849555921538758e-01+0.0000000000000000e+00j,1.9739288900240984e-01+0.0000000000000000e+00j,1.9739288900240984e-01+0.0000000000000000e+00j,1,True,False,1.0000000000000000e+00+0.0000000000000000e+00j,-1.4988089429371844e-07-3.2600450369889691e-08j,0.0000000000000000e+00+0.0000000000000000e+00j,-1.4988089429371844e-07-3.2600450369889691e-08j,7.4995831046452544e-01-6.6148509625326746e-01j,-1.3396913430625557e-07+7.4694999108621061e-08j,4.989112378097218e-11,9.978224756194439e-15,dtn_port_modal_amplitudes,9.978224756194439e-15,0.0
342,top,outgoing_up,air,6,4,6,4,s,3.7699111843077515e-01+0.0000000000000000e+00j,2.5132741228718347e-01+0.0000000000000000e+00j,1.0643805853954440e-01+0.0000000000000000e+00j,1.0643805853954440e-01+0.0000000000000000e+00j,1,True,False,1.0000000000000000e+00+0.0000000000000000e+00j,3.3592296619894037e-07-3.6866760486899934e-07j,0.0000000000000000e+00+0.0000000000000000e+00j,3.3592296619894037e-07-3.6866760486899934e-07j,9.9469008590626495e-01+1.0291565964316193e-01j,3.7208091385046895e-07-3.3213827790235034e-07j,2.8444707380845774e-10,5.688941476169155e-14,dtn_port_modal_amplitudes,5.688941476169155e-14,0.0
343,top,outgoing_up,air,6,4,6,4,p,3.7699111843077515e-01+0.0000000000000000e+00j,2.5132741228718347e-01+0.0000000000000000e+00j,1.0643805853954440e-01+0.0000000000000000e+00j,1.0643805853954440e-01+0.0000000000000000e+00j,1,True,False,1.0000000000000000e+00+0.0000000000000000e+00j,2.9227632832855873e-08+1.3038409344772034e-07j,0.0000000000000000e+00+0.0000000000000000e+00j,2.9227632832855873e-08+1.3038409344772034e-07j,9.9469008590626495e-01+1.0291565964316193e-01j,1.5653871629202375e-08+1.3269974622512492e-07j,2.041563337110076e-11,4.083126674220153e-15,dtn_port_modal_amplitudes,4.083126674220153e-15,0.0
344,top,outgoing_up,air,7,-2,7,-2,s,4.3982297150257105e-01+0.0000000000000000e+00j,-1.2566370614359174e-01+0.0000000000000000e+00j,8.5914018327812564e-02+0.0000000000000000e+00j,8.5914018327812564e-02+0.0000000000000000e+00j,1,True,False,1.0000000000000000e+00+0.0000000000000000e+00j,-1.0387608908872095e-06-1.4945552988366694e-06j,0.0000000000000000e+00+0.0000000000000000e+00j,-1.0387608908872095e-06-1.4945552988366694e-06j,4.2815674128062886e-01-9.0370448980623785e-01j,-1.7953888118344322e-06+2.9882895451629400e-07j,3.0575434038661367e-09,6.115086807732274e-13,dtn_port_modal_amplitudes,6.115086807732274e-13,0.0
345,top,outgoing_up,air,7,-2,7,-2,p,4.3982297150257105e-01+0.0000000000000000e+00j,-1.2566370614359174e-01+0.0000000000000000e+00j,8.5914018327812564e-02+0.0000000000000000e+00j,8.5914018327812564e-02+0.0000000000000000e+00j,1,True,False,1.0000000000000000e+00+0.0000000000000000e+00j,6.6292788276229166e-08-1.9958716182805716e-07j,0.0000000000000000e+00+0.0000000000000000e+00j,6.6292788276229166e-08-1.9958716182805716e-07j,4.2815674128062886e-01-9.0370448980623785e-01j,-1.5198411005294247e-07-1.4536367921675309e-07j,4.0822782886262974e-11,8.164556577252596e-15,dtn_port_modal_amplitudes,8.164556577252596e-15,0.0
346,top,outgoing_up,air,7,-1,7,-1,s,4.3982297150257105e-01+0.0000000000000000e+00j,-6.2831853071795868e-02+0.0000000000000000e+00j,1.3865332245041567e-01+0.0000000000000000e+00j,1.3865332245041567e-01+0.0000000000000000e+00j,1,True,False,1.0000000000000000e+00+0.0000000000000000e+00j,-1.7907995261233771e-04-8.3411364183056207e-06j,0.0000000000000000e+00+0.0000000000000000e+00j,-1.7907995261233771e-04-8.3411364183056207e-06j,-4.4861738743631935e-01+8.9372391692838304e-01j,8.7793053594568892e-05-1.5630605786381749e-04j,4.7872852016189614e-05,9.574570403237924e-09,dtn_port_modal_amplitudes,9.574570403237924e-09,0.0
347,top,outgoing_up,air,7,-1,7,-1,p,4.3982297150257105e-01+0.0000000000000000e+00j,-6.2831853071795868e-02+0.0000000000000000e+00j,1.3865332245041567e-01+0.0000000000000000e+00j,1.3865332245041567e-01+0.0000000000000000e+00j,1,True,False,1.0000000000000000e+00+0.0000000000000000e+00j,-7.6822411075710070e-06-6.9063322451245857e-07j,0.0000000000000000e+00+0.0000000000000000e+00j,-7.6822411075710070e-06-6.9063322451245857e-07j,-4.4861738743631935e-01+8.9372391692838304e-01j,4.0636223659065557e-06-6.5559725405890999e-06j,8.861881001266905e-08,1.7723762002533814e-11,dtn_port_modal_amplitudes,1.7723762002533814e-11,0.0
348,top,outgoing_up,air,7,0,7,0,s,4.3982297150257105e-01+0.0000000000000000e+00j,0.0000000000000000e+00+0.0000000000000000e+00j,1.5222544329702142e-01+0.0000000000000000e+00j,1.5222544329702142e-01+0.0000000000000000e+00j,1,True,False,1.0000000000000000e+00+0.0000000000000000e+00j,2.2151053925212384e-04-2.9718262715841383e-05j,0.0000000000000000e+00+0.0000000000000000e+00j,2.2151053925212384e-04-2.9718262715841383e-05j,-9.5788529532529842e-01+2.8715111178535563e-01j,-2.0364805613000363e-04+9.2073684476539545e-05j,8.168596857466226e-05,1.6337193714932456e-08,dtn_port_modal_amplitudes,1.6337193714932456e-08,0.0
349,top,outgoing_up,air,7,0,7,0,p,4.3982297150257105e-01+0.0000000000000000e+00j,0.0000000000000000e+00+0.0000000000000000e+00j,1.5222544329702142e-01+0.0000000000000000e+00j,1.5222544329702142e-01+0.0000000000000000e+00j,1,True,False,1.0000000000000000e+00+0.0000000000000000e+00j,1.5194099568516110e-14-2.2018112227010837e-14j,0.0000000000000000e+00+0.0000000000000000e+00j,1.5194099568516110e-14-2.2018112227010837e-14j,-9.5788529532529842e-01+2.8715111178535563e-01j,-8.2316791469891505e-15+2.5453828516752635e-14j,1.1703523687720498e-24,2.3407047375441e-28,dtn_port_modal_amplitudes,2.3407047375441e-28,0.0
350,top,outgoing_up,air,7,1,7,1,s,4.3982297150257105e-01+0.0000000000000000e+00j,6.2831853071795868e-02+0.0000000000000000e+00j,1.3865332245041567e-01+0.0000000000000000e+00j,1.3865332245041567e-01+0.0000000000000000e+00j,1,True,False,1.0000000000000000e+00+0.0000000000000000e+00j,-1.7907995261651316e-04-8.3411363846494933e-06j,0.0000000000000000e+00+0.0000000000000000e+00j,-1.7907995261651316e-04-8.3411363846494933e-06j,-4.4861738743631935e-01+8.9372391692838304e-01j,8.7793053566362803e-05-1.5630605788264788e-04j,4.7872852017580876e-05,9.574570403516176e-09,dtn_port_modal_amplitudes,9.574570403516176e-09,0.0
351,top,outgoing_up,air,7,1,7,1,p,4.3982297150257105e-01+0.0000000000000000e+00j,6.2831853071795868e-02+0.0000000000000000e+00j,1.3865332245041567e-01+0.0000000000000000e+00j,1.3865332245041567e-01+0.0000000000000000e+00j,1,True,False,1.0000000000000000e+00+0.0000000000000000e+00j,7.6822411023160112e-06+6.9063318685360201e-07j,0.0000000000000000e+00+0.0000000000000000e+00j,7.6822411023160112e-06+6.9063318685360201e-07j,-4.4861738743631935e-01+8.9372391692838304e-01j,-4.0636223298924521e-06+6.5559725527870020e-06j,8.861880981492098e-08,1.77237619629842e-11,dtn_port_modal_amplitudes,1.77237619629842e-11,0.0
352,top,outgoing_up,air,7,2,7,2,s,4.3982297150257105e-01+0.0000000000000000e+00j,1.2566370614359174e-01+0.0000000000000000e+00j,8.5914018327812564e-02+0.0000000000000000e+00j,8.5914018327812564e-02+0.0000000000000000e+00j,1,True,False,1.0000000000000000e+00+0.0000000000000000e+00j,-1.0387608807830977e-06-1.4945553977750512e-06j,0.0000000000000000e+00+0.0000000000000000e+00j,-1.0387608807830977e-06-1.4945553977750512e-06j,4.2815674128062886e-01-9.0370448980623785e-01j,-1.7953888969193483e-06+2.9882890302402760e-07j,3.0575436574489e-09,6.115087314897802e-13,dtn_port_modal_amplitudes,6.115087314897802e-13,0.0
353,top,outgoing_up,air,7,2,7,2,p,4.3982297150257105e-01+0.0000000000000000e+00j,1.2566370614359174e-01+0.0000000000000000e+00j,8.5914018327812564e-02+0.0000000000000000e+00j,8.5914018327812564e-02+0.0000000000000000e+00j,1,True,False,1.0000000000000000e+00+0.0000000000000000e+00j,-6.6292653403966406e-08+1.9958714197559093e-07j,0.0000000000000000e+00+0.0000000000000000e+00j,-6.6292653403966406e-08+1.9958714197559093e-07j,4.2815674128062886e-01-9.0370448980623785e-01j,1.5198414985864810e-07+1.4536354883211644e-07j,4.0822759067440336e-11,8.16455181348807e-15,dtn_port_modal_amplitudes,8.16455181348807e-15,0.0
354,bottom,outgoing_down,substrate,-7,-2,-7,-2,s,-4.3982297150257105e-01+0.0000000000000000e+00j,-1.2566370614359174e-01+0.0000000000000000e+00j,8.3491841634213082e-02+4.7340497318727331e-03j,-8.3491841634213082e-02-4.7340497318727331e-03j,-1,True,False,9.9900230485899999e-01+1.8264936500000000e-03j,-4.3899424745968323e-07-2.7169099351102451e-06j,0.0000000000000000e+00+0.0000000000000000e+00j,-4.3899424745968323e-07-2.7169099351102451e-06j,6.4020184330448171e-01+7.0696865235754980e-01j,1.6397252289779749e-06-2.0497259200691277e-06j,6.1800488140052485e-09,1.2360097628010499e-12,dtn_port_modal_amplitudes,0.0,1.2360097628010499e-12
355,bottom,outgoing_down,substrate,-7,-2,-7,-2,p,-4.3982297150257105e-01+0.0000000000000000e+00j,-1.2566370614359174e-01+0.0000000000000000e+00j,8.3491841634213082e-02+4.7340497318727331e-03j,-8.3491841634213082e-02-4.7340497318727331e-03j,-1,True,False,9.9900230485899999e-01+1.8264936500000000e-03j,-9.8414723009276056e-08-8.6815561240772209e-08j,0.0000000000000000e+00+0.0000000000000000e+00j,-9.8414723009276056e-08-8.6815561240772209e-08j,6.4020184330448171e-01+7.0696865235754980e-01j,-1.6294067447854541e-09-1.2515560643186492e-07j,1.4052130284789988e-11,2.8104260569579982e-15,dtn_port_modal_amplitudes,0.0,2.8104260569579982e-15
356,bottom,outgoing_down,substrate,-7,-1,-7,-1,s,-4.3982297150257105e-01+0.0000000000000000e+00j,-6.2831853071795868e-02+0.0000000000000000e+00j,1.3711422769912737e-01+2.8826660597857318e-03j,-1.3711422769912737e-01-2.8826660597857318e-03j,-1,True,False,9.9900230485899999e-01+1.8264936500000000e-03j,1.7133017766945163e-04+1.6334550186664282e-04j,0.0000000000000000e+00+0.0000000000000000e+00j,1.7133017766945163e-04+1.6334550186664282e-04j,1.9269468320661354e-01+9.5228457230469910e-01j,-1.2253698707322458e-04+1.9463089470025990e-04j,7.791720223513713e-05,1.5583440447027427e-08,dtn_port_modal_amplitudes,0.0,1.5583440447027427e-08
357,bottom,outgoing_down,substrate,-7,-1,-7,-1,p,-4.3982297150257105e-01+0.0000000000000000e+00j,-6.2831853071795868e-02+0.0000000000000000e+00j,1.3711422769912737e-01+2.8826660597857318e-03j,-1.3711422769912737e-01-2.8826660597857318e-03j,-1,True,False,9.9900230485899999e-01+1.8264936500000000e-03j,7.3540293897765276e-06+6.6769022067444167e-06j,0.0000000000000000e+00+0.0000000000000000e+00j,7.3540293897765276e-06+6.6769022067444167e-06j,1.9269468320661354e-01+9.5228457230469910e-01j,-4.9412285987147950e-06+8.2897322876896825e-06j,1.371896086609892e-07,2.7437921732197847e-11,dtn_port_modal_amplitudes,0.0,2.7437921732197847e-11
358,bottom,outgoing_down,substrate,-7,0,-7,0,s,-4.3982297150257105e-01+0.0000000000000000e+00j,0.0000000000000000e+00+0.0000000000000000e+00j,1.5082012965905017e-01+2.6207014368409237e-03j,-1.5082012965905017e-01-2.6207014368409237e-03j,-1,True,False,9.9900230485899999e-01+1.8264936500000000e-03j,-1.4733920871469648e-04-4.0755971041169908e-04j,0.0000000000000000e+00+0.0000000000000000e+00j,-1.4733920871469648e-04-4.0755971041169908e-04j,6.0936099297287917e-02+9.7222563768366443e-01j,3.8726172269656120e-04-1.6808205513167351e-04j,0.0002887669581437764,5.7753391628755286e-08,dtn_port_modal_amplitudes,0.0,5.7753391628755286e-08
359,bottom,outgoing_down,substrate,-7,0,-7,0,p,-4.3982297150257105e-01+0.0000000000000000e+00j,0.0000000000000000e+00+0.0000000000000000e+00j,1.5082012965905017e-01+2.6207014368409237e-03j,-1.5082012965905017e-01-2.6207014368409237e-03j,-1,True,False,9.9900230485899999e-01+1.8264936500000000e-03j,-4.6784007384747788e-15+1.7841784800618836e-14j,0.0000000000000000e+00+0.0000000000000000e+00j,-4.6784007384747788e-15+1.7841784800618836e-14j,6.0936099297287917e-02+9.7222563768366443e-01j,-1.7631324097148566e-14-3.4612523710520166e-15j,5.230891862123693e-25,1.0461783724247388e-28,dtn_port_modal_amplitudes,0.0,1.0461783724247388e-28
360,bottom,outgoing_down,substrate,-7,1,-7,1,s,-4.3982297150257105e-01+0.0000000000000000e+00j,6.2831853071795868e-02+0.0000000000000000e+00j,1.3711422769912737e-01+2.8826660597857318e-03j,-1.3711422769912737e-01-2.8826660597857318e-03j,-1,True,False,9.9900230485899999e-01+1.8264936500000000e-03j,1.7133017766162893e-04+1.6334550184124024e-04j,0.0000000000000000e+00+0.0000000000000000e+00j,1.7133017766162893e-04+1.6334550184124024e-04j,1.9269468320661354e-01+9.5228457230469910e-01j,-1.2253698705054150e-04+1.9463089468791552e-04j,7.79172022198705e-05,1.5583440443974102e-08,dtn_port_modal_amplitudes,0.0,1.5583440443974102e-08
361,bottom,outgoing_down,substrate,-7,1,-7,1,p,-4.3982297150257105e-01+0.0000000000000000e+00j,6.2831853071795868e-02+0.0000000000000000e+00j,1.3711422769912737e-01+2.8826660597857318e-03j,-1.3711422769912737e-01-2.8826660597857318e-03j,-1,True,False,9.9900230485899999e-01+1.8264936500000000e-03j,-7.3540293857456910e-06-6.6769022748708083e-06j,0.0000000000000000e+00+0.0000000000000000e+00j,-7.3540293857456910e-06-6.6769022748708083e-06j,1.9269468320661354e-01+9.5228457230469910e-01j,4.9412286643672278e-06-8.2897322969787727e-06j,1.371896098435465e-07,2.7437921968709302e-11,dtn_port_modal_amplitudes,0.0,2.7437921968709302e-11
362,bottom,outgoing_down,substrate,-7,2,-7,2,s,-4.3982297150257105e-01+0.0000000000000000e+00j,1.2566370614359174e-01+0.0000000000000000e+00j,8.3491841634213082e-02+4.7340497318727331e-03j,-8.3491841634213082e-02-4.7340497318727331e-03j,-1,True,False,9.9900230485899999e-01+1.8264936500000000e-03j,-4.3899422458740556e-07-2.7169099812772211e-06j,0.0000000000000000e+00+0.0000000000000000e+00j,-4.3899422458740556e-07-2.7169099812772211e-06j,6.4020184330448171e-01+7.0696865235754980e-01j,1.6397252762594542e-06-2.0497259334553276e-06j,6.180049002304844e-09,1.236009800460969e-12,dtn_port_modal_amplitudes,0.0,1.236009800460969e-12
363,bottom,outgoing_down,substrate,-7,2,-7,2,p,-4.3982297150257105e-01+0.0000000000000000e+00j,1.2566370614359174e-01+0.0000000000000000e+00j,8.3491841634213082e-02+4.7340497318727331e-03j,-8.3491841634213082e-02-4.7340497318727331e-03j,-1,True,False,9.9900230485899999e-01+1.8264936500000000e-03j,9.8414758898475065e-08+8.6815685202462259e-08j,0.0000000000000000e+00+0.0000000000000000e+00j,9.8414758898475065e-08+8.6815685202462259e-08j,6.4020184330448171e-01+7.0696865235754980e-01j,1.6293420840878499e-09+1.2515571116490604e-07j,1.405215361009604e-11,2.8104307220192087e-15,dtn_port_modal_amplitudes,0.0,2.8104307220192087e-15
364,bottom,outgoing_down,substrate,-6,-4,-6,-4,s,-3.7699111843077515e-01+0.0000000000000000e+00j,-2.5132741228718347e-01+0.0000000000000000e+00j,1.0445399395798319e-01+3.7840059104010809e-03j,-1.0445399395798319e-01-3.7840059104010809e-03j,-1,True,False,9.9900230485899999e-01+1.8264936500000000e-03j,8.2422438161047667e-07-1.2063187860131319e-07j,0.0000000000000000e+00+0.0000000000000000e+00j,8.2422438161047667e-07-1.2063187860131319e-07j,4.8364785763862433e-01+8.3258481574728127e-01j,4.9907062679794980e-07+6.2789335524912784e-07j,7.219000282142608e-10,1.4438000564285217e-13,dtn_port_modal_amplitudes,0.0,1.4438000564285217e-13
365,bottom,outgoing_down,substrate,-6,-4,-6,-4,p,-3.7699111843077515e-01+0.0000000000000000e+00j,-2.5132741228718347e-01+0.0000000000000000e+00j,1.0445399395798319e-01+3.7840059104010809e-03j,-1.0445399395798319e-01-3.7840059104010809e-03j,-1,True,False,9.9900230485899999e-01+1.8264936500000000e-03j,1.3999180691285869e-07-9.7380527810590184e-08j,0.0000000000000000e+00+0.0000000000000000e+00j,1.3999180691285869e-07-9.7380527810590184e-08j,4.8364785763862433e-01+8.3258481574728127e-01j,1.4878428630491730e-07+6.9457169113361015e-08j,3.02542194847207e-11,6.050843896944142e-15,dtn_port_modal_amplitudes,0.0,6.050843896944142e-15
366,bottom,outgoing_down,substrate,-6,-3,-6,-3,s,-3.7699111843077515e-01+0.0000000000000000e+00j,-1.8849555921538758e-01+0.0000000000000000e+00j,1.9630401061771338e-01+2.0134816871965710e-03j,-1.9630401061771338e-01-2.0134816871965710e-03j,-1,True,False,9.9900230485899999e-01+1.8264936500000000e-03j,1.1559862379538186e-06+1.5700930938982381e-07j,0.0000000000000000e+00+0.0000000000000000e+00j,1.1559862379538186e-06+1.5700930938982381e-07j,-3.7464292707055397e-01+9.0563408174461468e-01j,-5.7527504957490565e-07+9.8807810787158823e-07j,2.756819395916908e-09,5.513638791833817e-13,dtn_port_modal_amplitudes,0.0,5.513638791833817e-13
367,bottom,outgoing_down,substrate,-6,-3,-6,-3,p,-3.7699111843077515e-01+0.0000000000000000e+00j,-1.8849555921538758e-01+0.0000000000000000e+00j,1.9630401061771338e-01+2.0134816871965710e-03j,-1.9630401061771338e-01-2.0134816871965710e-03j,-1,True,False,9.9900230485899999e-01+1.8264936500000000e-03j,2.9208091497396574e-07+1.0195131559971686e-07j,0.0000000000000000e+00+0.0000000000000000e+00j,2.9208091497396574e-07+1.0195131559971686e-07j,-3.7464292707055397e-01+9.0563408174461468e-01j,-2.0175663501309711e-07+2.2632309193260262e-07j,1.938654108606353e-10,3.8773082172127066e-14,dtn_port_modal_amplitudes,0.0,3.8773082172127066e-14
368,bottom,outgoing_down,substrate,-6,-2,-6,-2,s,-3.7699111843077515e-01+0.0000000000000000e+00j,-1.2566370614359174e-01+0.0000000000000000e+00j,2.4139821915039633e-01+1.6373547903257523e-03j,-2.4139821915039633e-01-1.6373547903257523e-03j,-1,True,False,9.9900230485899999e-01+1.8264936500000000e-03j,-2.3957939794442449e-07-1.1380971985677370e-08j,0.0000000000000000e+00+0.0000000000000000e+00j,-2.3957939794442449e-07-1.1380971985677370e-08j,-7.3463813559911417e-01+6.5428594270113771e-01j,1.8345057221835440e-07-1.4839253619497500e-07j,1.4438230081695297e-10,2.88764601633906e-14,dtn_port_modal_amplitudes,0.0,2.88764601633906e-14
369,bottom,outgoing_down,substrate,-6,-2,-6,-2,p,-3.7699111843077515e-01+0.0000000000000000e+00j,-1.2566370614359174e-01+0.0000000000000000e+00j,2.4139821915039633e-01+1.6373547903257523e-03j,-2.4139821915039633e-01-1.6373547903257523e-03j,-1,True,False,9.9900230485899999e-01+1.8264936500000000e-03j,-5.8987359695919420e-08+2.0731087824758484e-09j,0.0000000000000000e+00+0.0000000000000000e+00j,-5.8987359695919420e-08+2.0731087824758484e-09j,-7.3463813559911417e-01+6.5428594270113771e-01j,4.1977958016860357e-08-4.0117585016947944e-08j,8.743596227033442e-12,1.7487192454066886e-15,dtn_port_modal_amplitudes,0.0,1.7487192454066886e-15
370,bottom,outgoing_down,substrate,-6,-1,-6,-1,s,-3.7699111843077515e-01+0.0000000000000000e+00j,-6.2831853071795868e-02+0.0000000000000000e+00j,2.6479458579029341e-01+1.4926835808305868e-03j,-2.6479458579029341e-01-1.4926835808305868e-03j,-1,True,False,9.9900230485899999e-01+1.8264936500000000e-03j,2.2584126101397550e-06-1.6941573520552334e-07j,0.0000000000000000e+00+0.0000000000000000e+00j,2.2584126101397550e-06-1.6941573520552334e-07j,-8.6756360553666012e-01+4.6682002743340356e-01j,-1.8802299286860128e-06+1.2012511626909329e-06j,1.4161568589823766e-08,2.8323137179647536e-12,dtn_port_modal_amplitudes,0.0,2.8323137179647536e-12
371,bottom,outgoing_down,substrate,-6,-1,-6,-1,p,-3.7699111843077515e-01+0.0000000000000000e+00j,-6.2831853071795868e-02+0.0000000000000000e+00j,2.6479458579029341e-01+1.4926835808305868e-03j,-2.6479458579029341e-01-1.4926835808305868e-03j,-1,True,False,9.9900230485899999e-01+1.8264936500000000e-03j,2.1934906703957202e-07-5.4618315019188497e-08j,0.0000000000000000e+00+0.0000000000000000e+00j,2.1934906703957202e-07-5.4618315019188497e-08j,-8.6756360553666012e-01+4.6682002743340356e-01j,-1.6480234415632983e-07+1.4978139979928877e-07j,1.4107972297934336e-10,2.8215944595868675e-14,dtn_port_modal_amplitudes,0.0,2.8215944595868675e-14
372,bottom,outgoing_down,substrate,-6,0,-6,0,s,-3.7699111843077515e-01+0.0000000000000000e+00j,0.0000000000000000e+00+0.0000000000000000e+00j,2.7214682739800677e-01+1.4523576639898100e-03j,-2.7214682739800677e-01-1.4523576639898100e-03j,-1,True,False,9.9900230485899999e-01+1.8264936500000000e-03j,-3.2574095455143503e-06-7.2158542936913419e-07j,0.0000000000000000e+00+0.0000000000000000e+00j,-3.2574095455143503e-06-7.2158542936913419e-07j,-8.9987346668719126e-01+4.0199303977376999e-01j,3.2213287403505061e-06-6.6012038315204006e-07j,3.1612733324057e-08,6.322546664811402e-12,dtn_port_modal_amplitudes,0.0,6.322546664811402e-12
373,bottom,outgoing_down,substrate,-6,0,-6,0,p,-3.7699111843077515e-01+0.0000000000000000e+00j,0.0000000000000000e+00+0.0000000000000000e+00j,2.7214682739800677e-01+1.4523576639898100e-03j,-2.7214682739800677e-01-1.4523576639898100e-03j,-1,True,False,9.9900230485899999e-01+1.8264936500000000e-03j,-2.5759980276400452e-14-5.6370763486230342e-15j,0.0000000000000000e+00+0.0000000000000000e+00j,-2.5759980276400452e-14-5.6370763486230342e-15j,-8.9987346668719126e-01+4.0199303977376999e-01j,2.5446788209937942e-14-5.2826773400067942e-15j,1.9747750338636266e-24,3.9495500677272537e-28,dtn_port_modal_amplitudes,0.0,3.9495500677272537e-28
374,bottom,outgoing_down,substrate,-6,1,-6,1,s,-3.7699111843077515e-01+0.0000000000000000e+00j,6.2831853071795868e-02+0.0000000000000000e+00j,2.6479458579029341e-01+1.4926835808305868e-03j,-2.6479458579029341e-01-1.4926835808305868e-03j,-1,True,False,9.9900230485899999e-01+1.8264936500000000e-03j,2.2584125971171469e-06-1.6941572819460027e-07j,0.0000000000000000e+00+0.0000000000000000e+00j,2.2584125971171469e-06-1.6941572819460027e-07j,-8.6756360553666012e-01+4.6682002743340356e-01j,-1.8802299206609111e-06+1.2012511505292968e-06j,1.4161568420860082e-08,2.8323136841720167e-12,dtn_port_modal_amplitudes,0.0,2.8323136841720167e-12
375,bottom,outgoing_down,substrate,-6,1,-6,1,p,-3.7699111843077515e-01+0.0000000000000000e+00j,6.2831853071795868e-02+0.0000000000000000e+00j,2.6479458579029341e-01+1.4926835808305868e-03j,-2.6479458579029341e-01-1.4926835808305868e-03j,-1,True,False,9.9900230485899999e-01+1.8264936500000000e-03j,-2.1934908684051083e-07+5.4618301327154333e-08j,0.0000000000000000e+00+0.0000000000000000e+00j,-2.1934908684051083e-07+5.4618301327154333e-08j,-8.6756360553666012e-01+4.6682002743340356e-01j,1.6480236772661946e-07-1.4978139716405304e-07j,1.410797428336545e-10,2.8215948566730904e-14,dtn_port_modal_amplitudes,0.0,2.8215948566730904e-14
376,bottom,outgoing_down,substrate,-6,2,-6,2,s,-3.7699111843077515e-01+0.0000000000000000e+00j,1.2566370614359174e-01+0.0000000000000000e+00j,2.4139821915039633e-01+1.6373547903257523e-03j,-2.4139821915039633e-01-1.6373547903257523e-03j,-1,True,False,9.9900230485899999e-01+1.8264936500000000e-03j,-2.3957939740507229e-07-1.1380954952830715e-08j,0.0000000000000000e+00+0.0000000000000000e+00j,-2.3957939740507229e-07-1.1380954952830715e-08j,-7.3463813559911417e-01+6.5428594270113771e-01j,1.8345056067777359e-07-1.4839254835506316e-07j,1.4438229919529275e-10,2.8876459839058554e-14,dtn_port_modal_amplitudes,0.0,2.8876459839058554e-14
377,bottom,outgoing_down,substrate,-6,2,-6,2,p,-3.7699111843077515e-01+0.0000000000000000e+00j,1.2566370614359174e-01+0.0000000000000000e+00j,2.4139821915039633e-01+1.6373547903257523e-03j,-2.4139821915039633e-01-1.6373547903257523e-03j,-1,True,False,9.9900230485899999e-01+1.8264936500000000e-03j,5.8987348814595201e-08-2.0731015345577087e-09j,0.0000000000000000e+00+0.0000000000000000e+00j,5.8987348814595201e-08-2.0731015345577087e-09j,-7.3463813559911417e-01+6.5428594270113771e-01j,-4.1977954765235570e-08+4.0117572572853396e-08j,8.74359292975037e-12,1.7487185859500743e-15,dtn_port_modal_amplitudes,0.0,1.7487185859500743e-15
378,bottom,outgoing_down,substrate,-6,3,-6,3,s,-3.7699111843077515e-01+0.0000000000000000e+00j,1.8849555921538758e-01+0.0000000000000000e+00j,1.9630401061771338e-01+2.0134816871965710e-03j,-1.9630401061771338e-01-2.0134816871965710e-03j,-1,True,False,9.9900230485899999e-01+1.8264936500000000e-03j,1.1559862685054773e-06+1.5700930232001083e-07j,0.0000000000000000e+00+0.0000000000000000e+00j,1.1559862685054773e-06+1.5700930232001083e-07j,-3.7464292707055397e-01+9.0563408174461468e-01j,-5.7527505461820494e-07+9.8807813818886718e-07j,2.7568195345007594e-09,5.51363906900152e-13,dtn_port_modal_amplitudes,0.0,5.51363906900152e-13
379,bottom,outgoing_down,substrate,-6,3,-6,3,p,-3.7699111843077515e-01+0.0000000000000000e+00j,1.8849555921538758e-01+0.0000000000000000e+00j,1.9630401061771338e-01+2.0134816871965710e-03j,-1.9630401061771338e-01-2.0134816871965710e-03j,-1,True,False,9.9900230485899999e-01+1.8264936500000000e-03j,-2.9208091786222496e-07-1.0195132353718813e-07j,0.0000000000000000e+00+0.0000000000000000e+00j,-2.9208091786222496e-07-1.0195132353718813e-07j,-3.7464292707055397e-01+9.0563408174461468e-01j,2.0175664328360752e-07-2.2632309157459112e-07j,1.9386541755678712e-10,3.877308351135743e-14,dtn_port_modal_amplitudes,0.0,3.877308351135743e-14
380,bottom,outgoing_down,substrate,-6,4,-6,4,s,-3.7699111843077515e-01+0.0000000000000000e+00j,2.5132741228718347e-01+0.0000000000000000e+00j,1.0445399395798319e-01+3.7840059104010809e-03j,-1.0445399395798319e-01-3.7840059104010809e-03j,-1,True,False,9.9900230485899999e-01+1.8264936500000000e-03j,8.2422436312058949e-07-1.2063185300631314e-07j,0.0000000000000000e+00+0.0000000000000000e+00j,8.2422436312058949e-07-1.2063185300631314e-07j,4.8364785763862433e-01+8.3258481574728127e-01j,4.9907059654534700e-07+6.2789335223369541e-07j,7.218999900802861e-10,1.4437999801605724e-13,dtn_port_modal_amplitudes,0.0,1.4437999801605724e-13
381,bottom,outgoing_down,substrate,-6,4,-6,4,p,-3.7699111843077515e-01+0.0000000000000000e+00j,2.5132741228718347e-01+0.0000000000000000e+00j,1.0445399395798319e-01+3.7840059104010809e-03j,-1.0445399395798319e-01-3.7840059104010809e-03j,-1,True,False,9.9900230485899999e-01+1.8264936500000000e-03j,-1.3999179188465316e-07+9.7380526132291635e-08j,0.0000000000000000e+00+0.0000000000000000e+00j,-1.3999179188465316e-07+9.7380526132291635e-08j,4.8364785763862433e-01+8.3258481574728127e-01j,-1.4878427763923199e-07-6.9457157412810770e-08j,3.025421476721262e-11,6.050842953442525e-15,dtn_port_modal_amplitudes,0.0,6.050842953442525e-15
382,bottom,outgoing_down,substrate,-5,-5,-5,-5,s,-3.1415926535897931e-01+0.0000000000000000e+00j,-3.1415926535897931e-01+0.0000000000000000e+00j,1.3711422769912743e-01+2.8826660597857309e-03j,-1.3711422769912743e-01-2.8826660597857309e-03j,-1,True,False,9.9900230485899999e-01+1.8264936500000000e-03j,-1.4573811160221399e-05-5.4036301751898326e-05j,0.0000000000000000e+00+0.0000000000000000e+00j,-1.4573811160221399e-05-5.4036301751898326e-05j,1.9269468320661312e-01+9.5228457230469921e-01j,4.8649640578102303e-05-2.4290923575299890e-05j,4.355457059781271e-06,8.710914119562545e-10,dtn_port_modal_amplitudes,0.0,8.710914119562545e-10
383,bottom,outgoing_down,substrate,-5,-5,-5,-5,p,-3.1415926535897931e-01+0.0000000000000000e+00j,-3.1415926535897931e-01+0.0000000000000000e+00j,1.3711422769912743e-01+2.8826660597857309e-03j,-1.3711422769912743e-01-2.8826660597857309e-03j,-1,True,False,9.9900230485899999e-01+1.8264936500000000e-03j,-4.0253185482105760e-06-1.5214307777502063e-05j,0.0000000000000000e+00+0.0000000000000000e+00j,-4.0253185482105760e-06-1.5214307777502063e-05j,1.9269468320661312e-01+9.5228457230469921e-01j,1.3712693092357470e-05-6.7649649694665507e-06j,3.4439429913275003e-07,6.887885982655002e-11,dtn_port_modal_amplitudes,0.0,6.887885982655002e-11
384,bottom,outgoing_down,substrate,-5,-4,-5,-4,s,-3.1415926535897931e-01+0.0000000000000000e+00j,-2.5132741228718347e-01+0.0000000000000000e+00j,2.3307821275853752e-01+1.6958021336446396e-03j,-2.3307821275853752e-01-1.6958021336446396e-03j,-1,True,False,9.9900230485899999e-01+1.8264936500000000e-03j,9.9292844594988491e-08+9.6876028507939830e-07j,0.0000000000000000e+00+0.0000000000000000e+00j,9.9292844594988491e-08+9.6876028507939830e-07j,-6.7732708197908964e-01+7.1265747931378742e-01j,-7.5764799551491683e-07-5.8540578868709975e-07j,2.295446778400997e-09,4.590893556801995e-13,dtn_port_modal_amplitudes,0.0,4.590893556801995e-13
385,bottom,outgoing_down,substrate,-5,-4,-5,-4,p,-3.1415926535897931e-01+0.0000000000000000e+00j,-2.5132741228718347e-01+0.0000000000000000e+00j,2.3307821275853752e-01+1.6958021336446396e-03j,-2.3307821275853752e-01-1.6958021336446396e-03j,-1,True,False,9.9900230485899999e-01+1.8264936500000000e-03j,5.4886914888726688e-08+6.3492633932614007e-07j,0.0000000000000000e+00+0.0000000000000000e+00j,5.4886914888726688e-08+6.3492633932614007e-07j,-6.7732708197908964e-01+7.1265747931378742e-01j,-4.8966139843451339e-07-3.9093723427552945e-07j,9.830511309590581e-10,1.9661022619181167e-13,dtn_port_modal_amplitudes,0.0,1.9661022619181167e-13
386,bottom,outgoing_down,substrate,-5,-3,-5,-3,s,-3.1415926535897931e-01+0.0000000000000000e+00j,-1.8849555921538758e-01+0.0000000000000000e+00j,2.8628547986598113e-01+1.3806307280656977e-03j,-2.8628547986598113e-01-1.3806307280656977e-03j,-1,True,False,9.9900230485899999e-01+1.8264936500000000e-03j,-3.9320222043640320e-05+8.6335122253975341e-05j,0.0000000000000000e+00+0.0000000000000000e+00j,-3.9320222043640320e-05+8.6335122253975341e-05j,-9.4822125018063363e-01+2.7136983909883400e-01j,1.3855521868961279e-05-9.2535119887475443e-05j,2.6925618006023005e-05,5.385123601204602e-09,dtn_port_modal_amplitudes,0.0,5.385123601204602e-09
387,bottom,outgoing_down,substrate,-5,-3,-5,-3,p,-3.1415926535897931e-01+0.0000000000000000e+00j,-1.8849555921538758e-01+0.0000000000000000e+00j,2.8628547986598113e-01+1.3806307280656977e-03j,-2.8628547986598113e-01-1.3806307280656977e-03j,-1,True,False,9.9900230485899999e-01+1.8264936500000000e-03j,-1.4620278588164330e-05+3.1717964341952735e-05j,0.0000000000000000e+00+0.0000000000000000e+00j,-1.4620278588164330e-05+3.1717964341952735e-05j,-9.4822125018063363e-01+2.7136983909883400e-01j,5.2559599608400616e-06-3.4043150449561459e-05j,3.6493319705847734e-06,7.298663941169548e-10,dtn_port_modal_amplitudes,0.0,7.298663941169548e-10
388,bottom,outgoing_down,substrate,-5,-2,-5,-2,s,-3.1415926535897931e-01+0.0000000000000000e+00j,-1.2566370614359174e-01+0.0000000000000000e+00j,3.1890157543821018e-01+1.2394248286759907e-03j,-3.1890157543821018e-01-1.2394248286759907e-03j,-1,True,False,9.9900230485899999e-01+1.8264936500000000e-03j,-1.8320512616923852e-07+6.6524857959873142e-07j,0.0000000000000000e+00+0.0000000000000000e+00j,-1.8320512616923852e-07+6.6524857959873142e-07j,-9.8657182795723497e-01-4.6821400169955923e-02j,2.1189288617380847e-07-6.4773758669511741e-07j,1.5912239107529487e-09,3.182447821505898e-13,dtn_port_modal_amplitudes,0.0,3.182447821505898e-13
389,bottom,outgoing_down,substrate,-5,-2,-5,-2,p,-3.1415926535897931e-01+0.0000000000000000e+00j,-1.2566370614359174e-01+0.0000000000000000e+00j,3.1890157543821018e-01+1.2394248286759907e-03j,-3.1890157543821018e-01-1.2394248286759907e-03j,-1,True,False,9.9900230485899999e-01+1.8264936500000000e-03j,9.9803728664612482e-08+1.3142791749576991e-07j,0.0000000000000000e+00+0.0000000000000000e+00j,9.9803728664612482e-08+1.3142791749576991e-07j,-9.8657182795723497e-01-4.6821400169955923e-02j,-9.2309907907021228e-08-1.3433603112667391e-07j,9.10181069959511e-11,1.8203621399190224e-14,dtn_port_modal_amplitudes,0.0,1.8203621399190224e-14
390,bottom,outgoing_down,substrate,-5,-1,-5,-1,s,-3.1415926535897931e-01+0.0000000000000000e+00j,-6.2831853071795868e-02+0.0000000000000000e+00j,3.3695931484691999e-01+1.1730037220712257e-03j,-3.3695931484691999e-01-1.1730037220712257e-03j,-1,True,False,9.9900230485899999e-01+1.8264936500000000e-03j,-1.9705450910746023e-05-3.9326420830832241e-06j,0.0000000000000000e+00+0.0000000000000000e+00j,-1.9705450910746023e-05-3.9326420830832241e-06j,-9.6276057846770913e-01-2.2339436484036512e-01j,1.8093101237502018e-05+8.1882794569147643e-06j,1.42773413412851e-06,2.8554682682570205e-10,dtn_port_modal_amplitudes,0.0,2.8554682682570205e-10
391,bottom,outgoing_down,substrate,-5,-1,-5,-1,p,-3.1415926535897931e-01+0.0000000000000000e+00j,-6.2831853071795868e-02+0.0000000000000000e+00j,3.3695931484691999e-01+1.1730037220712257e-03j,-3.3695931484691999e-01-1.1730037220712257e-03j,-1,True,False,9.9900230485899999e-01+1.8264936500000000e-03j,-2.9536500442668406e-06-3.6472167276485733e-07j,0.0000000000000000e+00+0.0000000000000000e+00j,-2.9536500442668406e-06-3.6472167276485733e-07j,-9.6276057846770913e-01-2.2339436484036512e-01j,2.7621810587786974e-06+1.0109684242505116e-06j,3.131863971314777e-08,6.263727942629555e-12,dtn_port_modal_amplitudes,0.0,6.263727942629555e-12
392,bottom,outgoing_down,substrate,-5,0,-5,0,s,-3.1415926535897931e-01+0.0000000000000000e+00j,0.0000000000000000e+00+0.0000000000000000e+00j,3.4276723208213411e-01+1.1531281100035141e-03j,-3.4276723208213411e-01-1.1531281100035141e-03j,-1,True,False,9.9900230485899999e-01+1.8264936500000000e-03j,1.2504727045216908e-04+3.3974472321285528e-05j,0.0000000000000000e+00+0.0000000000000000e+00j,1.2504727045216908e-04+3.3974472321285528e-05j,-9.4835845410302377e-01-2.7895804079833547e-01j,-1.0911218385991871e-04-6.7102919622096988e-05j,6.042073564523913e-05,1.2084147129047828e-08,dtn_port_modal_amplitudes,0.0,1.2084147129047828e-08
393,bottom,outgoing_down,substrate,-5,0,-5,0,p,-3.1415926535897931e-01+0.0000000000000000e+00j,0.0000000000000000e+00+0.0000000000000000e+00j,3.4276723208213411e-01+1.1531281100035141e-03j,-3.4276723208213411e-01-1.1531281100035141e-03j,-1,True,False,9.9900230485899999e-01+1.8264936500000000e-03j,3.4805033797526789e-15+1.7223633975735163e-14j,0.0000000000000000e+00+0.0000000000000000e+00j,3.4805033797526789e-15+1.7223633975735163e-14j,-9.4835845410302377e-01-2.7895804079833547e-01j,1.5039063845761260e-15-1.7305093295072309e-14j,1.111063291804145e-24,2.2221265836082904e-28,dtn_port_modal_amplitudes,0.0,2.2221265836082904e-28
394,bottom,outgoing_down,substrate,-5,1,-5,1,s,-3.1415926535897931e-01+0.0000000000000000e+00j,6.2831853071795868e-02+0.0000000000000000e+00j,3.3695931484691999e-01+1.1730037220712257e-03j,-3.3695931484691999e-01-1.1730037220712257e-03j,-1,True,False,9.9900230485899999e-01+1.8264936500000000e-03j,-1.9705450909810844e-05-3.9326420623798779e-06j,0.0000000000000000e+00+0.0000000000000000e+00j,-1.9705450909810844e-05-3.9326420623798779e-06j,-9.6276057846770913e-01-2.2339436484036512e-01j,1.8093101241226680e-05+8.1882794367734846e-06j,1.427734133422392e-06,2.8554682668447844e-10,dtn_port_modal_amplitudes,0.0,2.8554682668447844e-10
395,bottom,outgoing_down,substrate,-5,1,-5,1,p,-3.1415926535897931e-01+0.0000000000000000e+00j,6.2831853071795868e-02+0.0000000000000000e+00j,3.3695931484691999e-01+1.1730037220712257e-03j,-3.3695931484691999e-01-1.1730037220712257e-03j,-1,True,False,9.9900230485899999e-01+1.8264936500000000e-03j,2.9536500344018862e-06+3.6472168348473760e-07j,0.0000000000000000e+00+0.0000000000000000e+00j,2.9536500344018862e-06+3.6472168348473760e-07j,-9.6276057846770913e-01-2.2339436484036512e-01j,-2.7621810468863472e-06-1.0109684323674147e-06j,3.1318639534736186e-08,6.263727906947238e-12,dtn_port_modal_amplitudes,0.0,6.263727906947238e-12
396,bottom,outgoing_down,substrate,-5,2,-5,2,s,-3.1415926535897931e-01+0.0000000000000000e+00j,1.2566370614359174e-01+0.0000000000000000e+00j,3.1890157543821018e-01+1.2394248286759907e-03j,-3.1890157543821018e-01-1.2394248286759907e-03j,-1,True,False,9.9900230485899999e-01+1.8264936500000000e-03j,-1.8320510644305847e-07+6.6524859485478477e-07j,0.0000000000000000e+00+0.0000000000000000e+00j,-1.8320510644305847e-07+6.6524859485478477e-07j,-9.8657182795723497e-01-4.6821400169955923e-02j,2.1189286742682477e-07-6.4773760266991718e-07j,1.5912239544346292e-09,3.182447908869259e-13,dtn_port_modal_amplitudes,0.0,3.182447908869259e-13
397,bottom,outgoing_down,substrate,-5,2,-5,2,p,-3.1415926535897931e-01+0.0000000000000000e+00j,1.2566370614359174e-01+0.0000000000000000e+00j,3.1890157543821018e-01+1.2394248286759907e-03j,-3.1890157543821018e-01-1.2394248286759907e-03j,-1,True,False,9.9900230485899999e-01+1.8264936500000000e-03j,-9.9803728621822243e-08-1.3142795624390391e-07j,0.0000000000000000e+00+0.0000000000000000e+00j,-9.9803728621822243e-08-1.3142795624390391e-07j,-9.8657182795723497e-01-4.6821400169955923e-02j,9.2309906050563699e-08+1.3433606935248779e-07j,9.101814100693458e-11,1.820362820138692e-14,dtn_port_modal_amplitudes,0.0,1.820362820138692e-14
398,bottom,outgoing_down,substrate,-5,3,-5,3,s,-3.1415926535897931e-01+0.0000000000000000e+00j,1.8849555921538758e-01+0.0000000000000000e+00j,2.8628547986598113e-01+1.3806307280656977e-03j,-2.8628547986598113e-01-1.3806307280656977e-03j,-1,True,False,9.9900230485899999e-01+1.8264936500000000e-03j,-3.9320222033215296e-05+8.6335122222377651e-05j,0.0000000000000000e+00+0.0000000000000000e+00j,-3.9320222033215296e-05+8.6335122222377651e-05j,-9.4822125018063363e-01+2.7136983909883400e-01j,1.3855521867650712e-05-9.2535119854684792e-05j,2.6925617987247097e-05,5.3851235974494204e-09,dtn_port_modal_amplitudes,0.0,5.3851235974494204e-09
399,bottom,outgoing_down,substrate,-5,3,-5,3,p,-3.1415926535897931e-01+0.0000000000000000e+00j,1.8849555921538758e-01+0.0000000000000000e+00j,2.8628547986598113e-01+1.3806307280656977e-03j,-2.8628547986598113e-01-1.3806307280656977e-03j,-1,True,False,9.9900230485899999e-01+1.8264936500000000e-03j,1.4620278577509509e-05-3.1717964318236904e-05j,0.0000000000000000e+00+0.0000000000000000e+00j,1.4620278577509509e-05-3.1717964318236904e-05j,-9.4822125018063363e-01+2.7136983909883400e-01j,-5.2559599571726970e-06+3.4043150424182211e-05j,3.649331965151717e-06,7.298663930303435e-10,dtn_port_modal_amplitudes,0.0,7.298663930303435e-10
400,bottom,outgoing_down,substrate,-5,4,-5,4,s,-3.1415926535897931e-01+0.0000000000000000e+00j,2.5132741228718347e-01+0.0000000000000000e+00j,2.3307821275853752e-01+1.6958021336446396e-03j,-2.3307821275853752e-01-1.6958021336446396e-03j,-1,True,False,9.9900230485899999e-01+1.8264936500000000e-03j,9.9292834377620239e-08+9.6876026094266804e-07j,0.0000000000000000e+00+0.0000000000000000e+00j,9.9292834377620239e-08+9.6876026094266804e-07j,-6.7732708197908964e-01+7.1265747931378742e-01j,-7.5764797139319535e-07-5.8540577962012250e-07j,2.295446660296532e-09,4.590893320593065e-13,dtn_port_modal_amplitudes,0.0,4.590893320593065e-13
401,bottom,outgoing_down,substrate,-5,4,-5,4,p,-3.1415926535897931e-01+0.0000000000000000e+00j,2.5132741228718347e-01+0.0000000000000000e+00j,2.3307821275853752e-01+1.6958021336446396e-03j,-2.3307821275853752e-01-1.6958021336446396e-03j,-1,True,False,9.9900230485899999e-01+1.8264936500000000e-03j,-5.4886899706562980e-08-6.3492638955010498e-07j,0.0000000000000000e+00+0.0000000000000000e+00j,-5.4886899706562980e-08-6.3492638955010498e-07j,-6.7732708197908964e-01+7.1265747931378742e-01j,4.8966142394370691e-07+3.9093727911326351e-07j,9.830512812942315e-10,1.9661025625884635e-13,dtn_port_modal_amplitudes,0.0,1.9661025625884635e-13
402,bottom,outgoing_down,substrate,-5,5,-5,5,s,-3.1415926535897931e-01+0.0000000000000000e+00j,3.1415926535897931e-01+0.0000000000000000e+00j,1.3711422769912743e-01+2.8826660597857309e-03j,-1.3711422769912743e-01-2.8826660597857309e-03j,-1,True,False,9.9900230485899999e-01+1.8264936500000000e-03j,-1.4573811111139169e-05-5.4036301717479013e-05j,0.0000000000000000e+00+0.0000000000000000e+00j,-1.4573811111139169e-05-5.4036301717479013e-05j,1.9269468320661312e-01+9.5228457230469921e-01j,4.8649640554783201e-05-2.4290923521927219e-05j,4.355457052619669e-06,8.710914105239339e-10,dtn_port_modal_amplitudes,0.0,8.710914105239339e-10
403,bottom,outgoing_down,substrate,-5,5,-5,5,p,-3.1415926535897931e-01+0.0000000000000000e+00j,3.1415926535897931e-01+0.0000000000000000e+00j,1.3711422769912743e-01+2.8826660597857309e-03j,-1.3711422769912743e-01-2.8826660597857309e-03j,-1,True,False,9.9900230485899999e-01+1.8264936500000000e-03j,4.0253185988736799e-06+1.5214307758490093e-05j,0.0000000000000000e+00+0.0000000000000000e+00j,4.0253185988736799e-06+1.5214307758490093e-05j,1.9269468320661312e-01+9.5228457230469921e-01j,-1.3712693064490154e-05+6.7649650140487374e-06j,3.443942988954801e-07,6.887885977909604e-11,dtn_port_modal_amplitudes,0.0,6.887885977909604e-11
404,bottom,outgoing_down,substrate,-4,-6,-4,-6,s,-2.5132741228718347e-01+0.0000000000000000e+00j,-3.7699111843077515e-01+0.0000000000000000e+00j,1.0445399395798326e-01+3.7840059104010783e-03j,-1.0445399395798326e-01-3.7840059104010783e-03j,-1,True,False,9.9900230485899999e-01+1.8264936500000000e-03j,5.8452989064965710e-07-3.2544327675787401e-08j,0.0000000000000000e+00+0.0000000000000000e+00j,5.8452989064965710e-07-3.2544327675787401e-08j,4.8364785763862383e-01+8.3258481574728171e-01j,3.0980254240001029e-07+4.7093071694663952e-07j,3.5656531960385455e-10,7.131306392077092e-14,dtn_port_modal_amplitudes,0.0,7.131306392077092e-14
405,bottom,outgoing_down,substrate,-4,-6,-4,-6,p,-2.5132741228718347e-01+0.0000000000000000e+00j,-3.7699111843077515e-01+0.0000000000000000e+00j,1.0445399395798326e-01+3.7840059104010783e-03j,-1.0445399395798326e-01-3.7840059104010783e-03j,-1,True,False,9.9900230485899999e-01+1.8264936500000000e-03j,1.7528912303053382e-07-1.0963751739101239e-07j,0.0000000000000000e+00+0.0000000000000000e+00j,1.7528912303053382e-07-1.0963751739101239e-07j,4.8364785763862383e-01+8.3258481574728171e-01j,1.7606074103705628e-07+9.2917111797899084e-08j,4.4471697118619244e-11,8.894339423723851e-15,dtn_port_modal_amplitudes,0.0,8.894339423723851e-15
406,bottom,outgoing_down,substrate,-4,-5,-4,-5,s,-2.5132741228718347e-01+0.0000000000000000e+00j,-3.1415926535897931e-01+0.0000000000000000e+00j,2.3307821275853755e-01+1.6958021336446394e-03j,-2.3307821275853755e-01-1.6958021336446394e-03j,-1,True,False,9.9900230485899999e-01+1.8264936500000000e-03j,1.0308525293267752e-07+8.2742283556008820e-07j,0.0000000000000000e+00+0.0000000000000000e+00j,1.0308525293267752e-07+8.2742283556008820e-07j,-6.7732708197908964e-01+7.1265747931378742e-01j,-6.5949150588088567e-07-4.8697141826335253e-07j,1.6828299324591242e-09,3.365659864918249e-13,dtn_port_modal_amplitudes,0.0,3.365659864918249e-13
407,bottom,outgoing_down,substrate,-4,-5,-4,-5,p,-2.5132741228718347e-01+0.0000000000000000e+00j,-3.1415926535897931e-01+0.0000000000000000e+00j,2.3307821275853755e-01+1.6958021336446394e-03j,-2.3307821275853755e-01-1.6958021336446394e-03j,-1,True,False,9.9900230485899999e-01+1.8264936500000000e-03j,6.1955756551192520e-08+5.2396334662440516e-07j,0.0000000000000000e+00+0.0000000000000000e+00j,6.1955756551192520e-08+5.2396334662440516e-07j,-6.7732708197908964e-01+7.1265747931378742e-01j,-4.1537070965479090e-07-3.1074133134035510e-07j,6.737953143762237e-10,1.3475906287524476e-13,dtn_port_modal_amplitudes,0.0,1.3475906287524476e-13
408,bottom,outgoing_down,substrate,-4,-4,-4,-4,s,-2.5132741228718347e-01+0.0000000000000000e+00j,-2.5132741228718347e-01+0.0000000000000000e+00j,2.9975805579007508e-01+1.3185785097926098e-03j,-2.9975805579007508e-01-1.3185785097926098e-03j,-1,True,False,9.9900230485899999e-01+1.8264936500000000e-03j,9.2460264084788999e-07+3.6472202340599478e-07j,0.0000000000000000e+00+0.0000000000000000e+00j,9.2460264084788999e-07+3.6472202340599478e-07j,-9.7668453528683474e-01+1.4163488804806326e-01j,-9.5470246355527275e-07-2.2526236841372354e-07j,3.098561269293636e-09,6.197122538587273e-13,dtn_port_modal_amplitudes,0.0,6.197122538587273e-13
409,bottom,outgoing_down,substrate,-4,-4,-4,-4,p,-2.5132741228718347e-01+0.0000000000000000e+00j,-2.5132741228718347e-01+0.0000000000000000e+00j,2.9975805579007508e-01+1.3185785097926098e-03j,-2.9975805579007508e-01-1.3185785097926098e-03j,-1,True,False,9.9900230485899999e-01+1.8264936500000000e-03j,6.3680268575378890e-07+2.6648011012548361e-07j,0.0000000000000000e+00+0.0000000000000000e+00j,6.3680268575378890e-07+2.6648011012548361e-07j,-9.7668453528683474e-01+1.4163488804806326e-01j,-6.5969821576950592e-07-1.7007352541564861e-07j,1.4946219571965391e-09,2.989243914393079e-13,dtn_port_modal_amplitudes,0.0,2.989243914393079e-13
410,bottom,outgoing_down,substrate,-4,-3,-4,-3,s,-2.5132741228718347e-01+0.0000000000000000e+00j,-1.8849555921538758e-01+0.0000000000000000e+00j,3.4276723208213411e-01+1.1531281100035141e-03j,-3.4276723208213411e-01-1.1531281100035141e-03j,-1,True,False,9.9900230485899999e-01+1.8264936500000000e-03j,-8.1159213100857899e-07-2.5065651676007541e-06j,0.0000000000000000e+00+0.0000000000000000e+00j,-8.1159213100857899e-07-2.5065651676007541e-06j,-9.4835845410302377e-01-2.7895804079833547e-01j,7.0453750438216992e-08+2.6035224182478371e-06j,2.4978350772572223e-08,4.995670154514445e-12,dtn_port_modal_amplitudes,0.0,4.995670154514445e-12
411,bottom,outgoing_down,substrate,-4,-3,-4,-3,p,-2.5132741228718347e-01+0.0000000000000000e+00j,-1.8849555921538758e-01+0.0000000000000000e+00j,3.4276723208213411e-01+1.1531281100035141e-03j,-3.4276723208213411e-01-1.1531281100035141e-03j,-1,True,False,9.9900230485899999e-01+1.8264936500000000e-03j,-4.7720906439834563e-07-1.4013261018094488e-06j,0.0000000000000000e+00+0.0000000000000000e+00j,-4.7720906439834563e-07-1.4013261018094488e-06j,-9.4835845410302377e-01-2.7895804079833547e-01j,6.1654066716432754e-08+1.4620807612619946e-06j,7.885650119135604e-09,1.577130023827121e-12,dtn_port_modal_amplitudes,0.0,1.577130023827121e-12
412,bottom,outgoing_down,substrate,-4,-2,-4,-2,s,-2.5132741228718347e-01+0.0000000000000000e+00j,-1.2566370614359174e-01+0.0000000000000000e+00j,3.7044350841378160e-01+1.0669765336001297e-03j,-3.7044350841378160e-01-1.0669765336001297e-03j,-1,True,False,9.9900230485899999e-01+1.8264936500000000e-03j,1.9210210536417943e-06-1.2213446430315474e-06j,0.0000000000000000e+00+0.0000000000000000e+00j,1.9210210536417943e-06-1.2213446430315474e-06j,-8.3676593415347811e-01-5.2792927326769790e-01j,-2.2522285662841155e-06+7.8163423685793379e-09j,2.0187198295893557e-08,4.037439659178712e-12,dtn_port_modal_amplitudes,0.0,4.037439659178712e-12
413,bottom,outgoing_down,substrate,-4,-2,-4,-2,p,-2.5132741228718347e-01+0.0000000000000000e+00j,-1.2566370614359174e-01+0.0000000000000000e+00j,3.7044350841378160e-01+1.0669765336001297e-03j,-3.7044350841378160e-01-1.0669765336001297e-03j,-1,True,False,9.9900230485899999e-01+1.8264936500000000e-03j,7.6664736174081052e-07-5.2364695846185153e-07j,0.0000000000000000e+00+0.0000000000000000e+00j,7.6664736174081052e-07-5.2364695846185153e-07j,-8.3676593415347811e-01-5.2792927326769790e-01j,-9.1795295404295448e-07+3.3434351827534735e-08j,3.357859346602543e-09,6.715718693205088e-13,dtn_port_modal_amplitudes,0.0,6.715718693205088e-13
414,bottom,outgoing_down,substrate,-4,-1,-4,-1,s,-2.5132741228718347e-01+0.0000000000000000e+00j,-6.2831853071795868e-02+0.0000000000000000e+00j,3.8609820999417283e-01+1.0237150037757817e-03j,-3.8609820999417283e-01-1.0237150037757817e-03j,-1,True,False,9.9900230485899999e-01+1.8264936500000000e-03j,-9.9555646453697405e-06+9.5701695024878647e-06j,0.0000000000000000e+00+0.0000000000000000e+00j,-9.9555646453697405e-06+9.5701695024878647e-06j,-7.4454699198637742e-01-6.5221442176757782e-01j,1.3654188278518798e-05-6.3227807732753987e-07j,7.74967919988145e-07,1.5499358399762904e-10,dtn_port_modal_amplitudes,0.0,1.5499358399762904e-10
415,bottom,outgoing_down,substrate,-4,-1,-4,-1,p,-2.5132741228718347e-01+0.0000000000000000e+00j,-6.2831853071795868e-02+0.0000000000000000e+00j,3.8609820999417283e-01+1.0237150037757817e-03j,-3.8609820999417283e-01-1.0237150037757817e-03j,-1,True,False,9.9900230485899999e-01+1.8264936500000000e-03j,-2.0543312741421886e-06+2.0348105479483523e-06j,0.0000000000000000e+00+0.0000000000000000e+00j,-2.0543312741421886e-06+2.0348105479483523e-06j,-7.4454699198637742e-01-6.5221442176757782e-01j,2.8566789556428113e-06-1.7514758865339917e-07j,3.39761421565779e-08,6.7952284313155815e-12,dtn_port_modal_amplitudes,0.0,6.7952284313155815e-12
416,bottom,outgoing_down,substrate,-4,0,-4,0,s,-2.5132741228718347e-01+0.0000000000000000e+00j,0.0000000000000000e+00+0.0000000000000000e+00j,3.9117725200165521e-01+1.0104230971496643e-03j,-3.9117725200165521e-01-1.0104230971496643e-03j,-1,True,False,9.9900230485899999e-01+1.8264936500000000e-03j,1.5590693661745222e-05-1.3518781309412233e-05j,0.0000000000000000e+00+0.0000000000000000e+00j,1.5590693661745222e-05-1.3518781309412233e-05j,-7.1056929492639742e-01-6.8926456284293680e-01j,-2.0396285092041045e-05-1.1400817478877552e-06j,1.75369655064116e-06,3.5073931012823207e-10,dtn_port_modal_amplitudes,0.0,3.5073931012823207e-10
417,bottom,outgoing_down,substrate,-4,0,-4,0,p,-2.5132741228718347e-01+0.0000000000000000e+00j,0.0000000000000000e+00+0.0000000000000000e+00j,3.9117725200165521e-01+1.0104230971496643e-03j,-3.9117725200165521e-01-1.0104230971496643e-03j,-1,True,False,9.9900230485899999e-01+1.8264936500000000e-03j,4.5800924411966059e-15-1.0535434598903414e-14j,0.0000000000000000e+00+0.0000000000000000e+00j,4.5800924411966059e-15-1.0535434598903414e-14j,-7.1056929492639742e-01-6.8926456284293680e-01j,-1.0516174779812308e-14+4.3292609204243546e-15j,5.435067480707592e-25,1.0870134961415187e-28,dtn_port_modal_amplitudes,0.0,1.0870134961415187e-28
418,bottom,outgoing_down,substrate,-4,1,-4,1,s,-2.5132741228718347e-01+0.0000000000000000e+00j,6.2831853071795868e-02+0.0000000000000000e+00j,3.8609820999417283e-01+1.0237150037757817e-03j,-3.8609820999417283e-01-1.0237150037757817e-03j,-1,True,False,9.9900230485899999e-01+1.8264936500000000e-03j,-9.9555646287409624e-06+9.5701695044965322e-06j,0.0000000000000000e+00+0.0000000000000000e+00j,-9.9555646287409624e-06+9.5701695044965322e-06j,-7.4454699198637742e-01-6.5221442176757782e-01j,1.3654188267447972e-05-6.3227808966861509e-07j,7.74967918798876e-07,1.5499358375977522e-10,dtn_port_modal_amplitudes,0.0,1.5499358375977522e-10
419,bottom,outgoing_down,substrate,-4,1,-4,1,p,-2.5132741228718347e-01+0.0000000000000000e+00j,6.2831853071795868e-02+0.0000000000000000e+00j,3.8609820999417283e-01+1.0237150037757817e-03j,-3.8609820999417283e-01-1.0237150037757817e-03j,-1,True,False,9.9900230485899999e-01+1.8264936500000000e-03j,2.0543312546914212e-06-2.0348105356341873e-06j,0.0000000000000000e+00+0.0000000000000000e+00j,2.0543312546914212e-06-2.0348105356341873e-06j,-7.4454699198637742e-01-6.5221442176757782e-01j,-2.8566789331293248e-06+1.7514759217099571e-07j,3.397614162816251e-08,6.7952283256325025e-12,dtn_port_modal_amplitudes,0.0,6.7952283256325025e-12
420,bottom,outgoing_down,substrate,-4,2,-4,2,s,-2.5132741228718347e-01+0.0000000000000000e+00j,1.2566370614359174e-01+0.0000000000000000e+00j,3.7044350841378160e-01+1.0669765336001297e-03j,-3.7044350841378160e-01-1.0669765336001297e-03j,-1,True,False,9.9900230485899999e-01+1.8264936500000000e-03j,1.9210210242177653e-06-1.2213446356017031e-06j,0.0000000000000000e+00+0.0000000000000000e+00j,1.9210210242177653e-06-1.2213446356017031e-06j,-8.3676593415347811e-01-5.2792927326769790e-01j,-2.2522285377406582e-06+7.8163516853450230e-09j,2.0187197784797318e-08,4.037439556959465e-12,dtn_port_modal_amplitudes,0.0,4.037439556959465e-12
421,bottom,outgoing_down,substrate,-4,2,-4,2,p,-2.5132741228718347e-01+0.0000000000000000e+00j,1.2566370614359174e-01+0.0000000000000000e+00j,3.7044350841378160e-01+1.0669765336001297e-03j,-3.7044350841378160e-01-1.0669765336001297e-03j,-1,True,False,9.9900230485899999e-01+1.8264936500000000e-03j,-7.6664736764600882e-07+5.2364697077997692e-07j,0.0000000000000000e+00+0.0000000000000000e+00j,-7.6664736764600882e-07+5.2364697077997692e-07j,-8.3676593415347811e-01-5.2792927326769790e-01j,9.1795296548732219e-07-3.3434359017395395e-08j,3.3578594321316254e-09,6.715718864263252e-13,dtn_port_modal_amplitudes,0.0,6.715718864263252e-13
422,bottom,outgoing_down,substrate,-4,3,-4,3,s,-2.5132741228718347e-01+0.0000000000000000e+00j,1.8849555921538758e-01+0.0000000000000000e+00j,3.4276723208213411e-01+1.1531281100035141e-03j,-3.4276723208213411e-01-1.1531281100035141e-03j,-1,True,False,9.9900230485899999e-01+1.8264936500000000e-03j,-8.1159212734617793e-07-2.5065651949805054e-06j,0.0000000000000000e+00+0.0000000000000000e+00j,-8.1159212734617793e-07-2.5065651949805054e-06j,-9.4835845410302377e-01-2.7895804079833547e-01j,7.0453739327146157e-08+2.6035224431919994e-06j,2.4978351245088384e-08,4.995670249017677e-12,dtn_port_modal_amplitudes,0.0,4.995670249017677e-12
423,bottom,outgoing_down,substrate,-4,3,-4,3,p,-2.5132741228718347e-01+0.0000000000000000e+00j,1.8849555921538758e-01+0.0000000000000000e+00j,3.4276723208213411e-01+1.1531281100035141e-03j,-3.4276723208213411e-01-1.1531281100035141e-03j,-1,True,False,9.9900230485899999e-01+1.8264936500000000e-03j,4.7720908378054846e-07+1.4013260974880322e-06j,0.0000000000000000e+00+0.0000000000000000e+00j,4.7720908378054846e-07+1.4013260974880322e-06j,-9.4835845410302377e-01-2.7895804079833547e-01j,-6.1654086303202562e-08-1.4620807625705640e-06j,7.885650142119542e-09,1.5771300284239085e-12,dtn_port_modal_amplitudes,0.0,1.5771300284239085e-12
424,bottom,outgoing_down,substrate,-4,4,-4,4,s,-2.5132741228718347e-01+0.0000000000000000e+00j,2.5132741228718347e-01+0.0000000000000000e+00j,2.9975805579007508e-01+1.3185785097926098e-03j,-2.9975805579007508e-01-1.3185785097926098e-03j,-1,True,False,9.9900230485899999e-01+1.8264936500000000e-03j,9.2460263517790544e-07+3.6472203489566277e-07j,0.0000000000000000e+00+0.0000000000000000e+00j,9.2460263517790544e-07+3.6472203489566277e-07j,-9.7668453528683474e-01+1.4163488804806326e-01j,-9.5470245964482444e-07-2.2526238043857222e-07j,3.098561262694822e-09,6.197122525389645e-13,dtn_port_modal_amplitudes,0.0,6.197122525389645e-13
425,bottom,outgoing_down,substrate,-4,4,-4,4,p,-2.5132741228718347e-01+0.0000000000000000e+00j,2.5132741228718347e-01+0.0000000000000000e+00j,2.9975805579007508e-01+1.3185785097926098e-03j,-2.9975805579007508e-01-1.3185785097926098e-03j,-1,True,False,9.9900230485899999e-01+1.8264936500000000e-03j,-6.3680269957538782e-07-2.6648010757874469e-07j,0.0000000000000000e+00+0.0000000000000000e+00j,-6.3680269957538782e-07-2.6648010757874469e-07j,-9.7668453528683474e-01+1.4163488804806326e-01j,6.5969822890814080e-07+1.7007352097066746e-07j,1.4946220081515524e-09,2.9892440163031055e-13,dtn_port_modal_amplitudes,0.0,2.9892440163031055e-13
426,bottom,outgoing_down,substrate,-4,5,-4,5,s,-2.5132741228718347e-01+0.0000000000000000e+00j,3.1415926535897931e-01+0.0000000000000000e+00j,2.3307821275853755e-01+1.6958021336446394e-03j,-2.3307821275853755e-01-1.6958021336446394e-03j,-1,True,False,9.9900230485899999e-01+1.8264936500000000e-03j,1.0308522480226492e-07+8.2742282138178347e-07j,0.0000000000000000e+00+0.0000000000000000e+00j,1.0308522480226492e-07+8.2742282138178347e-07j,-6.7732708197908964e-01+7.1265747931378742e-01j,-6.5949147672312049e-07-4.8697142870735167e-07j,1.682829861630558e-09,3.3656597232611166e-13,dtn_port_modal_amplitudes,0.0,3.3656597232611166e-13
427,bottom,outgoing_down,substrate,-4,5,-4,5,p,-2.5132741228718347e-01+0.0000000000000000e+00j,3.1415926535897931e-01+0.0000000000000000e+00j,2.3307821275853755e-01+1.6958021336446394e-03j,-2.3307821275853755e-01-1.6958021336446394e-03j,-1,True,False,9.9900230485899999e-01+1.8264936500000000e-03j,-6.1955740637371116e-08-5.2396337996536982e-07j,0.0000000000000000e+00+0.0000000000000000e+00j,-6.1955740637371116e-08-5.2396337996536982e-07j,-6.7732708197908964e-01+7.1265747931378742e-01j,4.1537072263661659e-07+3.1074136526419727e-07j,6.737953941711414e-10,1.347590788342283e-13,dtn_port_modal_amplitudes,0.0,1.347590788342283e-13
428,bottom,outgoing_down,substrate,-4,6,-4,6,s,-2.5132741228718347e-01+0.0000000000000000e+00j,3.7699111843077515e-01+0.0000000000000000e+00j,1.0445399395798326e-01+3.7840059104010783e-03j,-1.0445399395798326e-01-3.7840059104010783e-03j,-1,True,False,9.9900230485899999e-01+1.8264936500000000e-03j,5.8452984392455512e-07-3.2544286575172298e-08j,0.0000000000000000e+00+0.0000000000000000e+00j,5.8452984392455512e-07-3.2544286575172298e-08j,4.8364785763862383e-01+8.3258481574728171e-01j,3.0980248558176679e-07+4.7093069792225359e-07j,3.5656525999191955e-10,7.131305199838393e-14,dtn_port_modal_amplitudes,0.0,7.131305199838393e-14
429,bottom,outgoing_down,substrate,-4,6,-4,6,p,-2.5132741228718347e-01+0.0000000000000000e+00j,3.7699111843077515e-01+0.0000000000000000e+00j,1.0445399395798326e-01+3.7840059104010783e-03j,-1.0445399395798326e-01-3.7840059104010783e-03j,-1,True,False,9.9900230485899999e-01+1.8264936500000000e-03j,-1.7528912130929180e-07+1.0963750779911583e-07j,0.0000000000000000e+00+0.0000000000000000e+00j,-1.7528912130929180e-07+1.0963750779911583e-07j,4.8364785763862383e-01+8.3258481574728171e-01j,-1.7606073221851384e-07-9.2917115003919332e-08j,4.447169430269767e-11,8.894338860539535e-15,dtn_port_modal_amplitudes,0.0,8.894338860539535e-15
430,bottom,outgoing_down,substrate,-3,-6,-3,-6,s,-1.8849555921538758e-01+0.0000000000000000e+00j,-3.7699111843077515e-01+0.0000000000000000e+00j,1.9630401061771338e-01+2.0134816871965710e-03j,-1.9630401061771338e-01-2.0134816871965710e-03j,-1,True,False,9.9900230485899999e-01+1.8264936500000000e-03j,3.0929917911436971e-07+1.9396194569288622e-07j,0.0000000000000000e+00+0.0000000000000000e+00j,3.0929917911436971e-07+1.9396194569288622e-07j,-3.7464292707055397e-01+9.0563408174461468e-01j,-2.9153529838490285e-07+2.0744540698692259e-07j,2.699931231420455e-10,5.3998624628409114e-14,dtn_port_modal_amplitudes,0.0,5.3998624628409114e-14
431,bottom,outgoing_down,substrate,-3,-6,-3,-6,p,-1.8849555921538758e-01+0.0000000000000000e+00j,-3.7699111843077515e-01+0.0000000000000000e+00j,1.9630401061771338e-01+2.0134816871965710e-03j,-1.9630401061771338e-01-2.0134816871965710e-03j,-1,True,False,9.9900230485899999e-01+1.8264936500000000e-03j,5.2055496593349410e-07+3.7289054354592598e-07j,0.0000000000000000e+00+0.0000000000000000e+00j,5.2055496593349410e-07+3.7289054354592598e-07j,-3.7464292707055397e-01+9.0563408174461468e-01j,-5.3272462113390167e-07+3.3173151385980356e-07j,8.305663934261864e-10,1.661132786852373e-13,dtn_port_modal_amplitudes,0.0,1.661132786852373e-13
432,bottom,outgoing_down,substrate,-3,-5,-3,-5,s,-1.8849555921538758e-01+0.0000000000000000e+00j,-3.1415926535897931e-01+0.0000000000000000e+00j,2.8628547986598113e-01+1.3806307280656977e-03j,-2.8628547986598113e-01-1.3806307280656977e-03j,-1,True,False,9.9900230485899999e-01+1.8264936500000000e-03j,-2.3567981527020701e-05+5.1332474196384479e-05j,0.0000000000000000e+00+0.0000000000000000e+00j,-2.3567981527020701e-05+5.1332474196384479e-05j,-9.4822125018063363e-01+2.7136983909883400e-01j,8.4175756445677431e-06-5.5070182212232708e-05j,9.545226699159517e-06,1.9090453398319037e-09,dtn_port_modal_amplitudes,0.0,1.9090453398319037e-09
433,bottom,outgoing_down,substrate,-3,-5,-3,-5,p,-1.8849555921538758e-01+0.0000000000000000e+00j,-3.1415926535897931e-01+0.0000000000000000e+00j,2.8628547986598113e-01+1.3806307280656977e-03j,-2.8628547986598113e-01-1.3806307280656977e-03j,-1,True,False,9.9900230485899999e-01+1.8264936500000000e-03j,-2.4055144079288813e-05+5.2632871451263758e-05j,0.0000000000000000e+00+0.0000000000000000e+00j,-2.4055144079288813e-05+5.2632871451263758e-05j,-9.4822125018063363e-01+2.7136983909883400e-01j,8.5266249350994452e-06-5.6435447746409777e-05j,1.0019115748821938e-05,2.003823149764388e-09,dtn_port_modal_amplitudes,0.0,2.003823149764388e-09
434,bottom,outgoing_down,substrate,-3,-4,-3,-4,s,-1.8849555921538758e-01+0.0000000000000000e+00j,-2.5132741228718347e-01+0.0000000000000000e+00j,3.4276723208213405e-01+1.1531281100035143e-03j,-3.4276723208213405e-01-1.1531281100035143e-03j,-1,True,False,9.9900230485899999e-01+1.8264936500000000e-03j,-8.6797454972596875e-07-1.6595811534510604e-06j,0.0000000000000000e+00+0.0000000000000000e+00j,-8.6797454972596875e-07-1.6595811534510604e-06j,-9.4835845410302411e-01-2.7895804079833464e-01j,3.6019749506633997e-07+1.8160062969997342e-06j,1.2621646437063945e-08,2.5243292874127894e-12,dtn_port_modal_amplitudes,0.0,2.5243292874127894e-12
435,bottom,outgoing_down,substrate,-3,-4,-3,-4,p,-1.8849555921538758e-01+0.0000000000000000e+00j,-2.5132741228718347e-01+0.0000000000000000e+00j,3.4276723208213405e-01+1.1531281100035143e-03j,-3.4276723208213405e-01-1.1531281100035143e-03j,-1,True,False,9.9900230485899999e-01+1.8264936500000000e-03j,-7.4788303697012722e-07-2.2506955076048626e-06j,0.0000000000000000e+00+0.0000000000000000e+00j,-7.4788303697012722e-07-2.2506955076048626e-06j,-9.4835845410302411e-01-2.7895804079833464e-01j,8.1411591555798972e-08+2.3430940989882639e-06j,2.0240751978223696e-08,4.04815039564474e-12,dtn_port_modal_amplitudes,0.0,4.04815039564474e-12
436,bottom,outgoing_down,substrate,-3,-3,-3,-3,s,-1.8849555921538758e-01+0.0000000000000000e+00j,-1.8849555921538758e-01+0.0000000000000000e+00j,3.8095145951792858e-01+1.0375456521473320e-03j,-3.8095145951792858e-01-1.0375456521473320e-03j,-1,True,False,9.9900230485899999e-01+1.8264936500000000e-03j,-7.4722426776446221e-05-1.8492831499865487e-04j,0.0000000000000000e+00+0.0000000000000000e+00j,-7.4722426776446221e-05-1.8492831499865487e-04j,-7.7700665153760295e-01-6.1296294267105667e-01j,-5.5294381520445400e-05+1.8949260941200896e-04j,0.0001594657093168641,3.189314186337283e-08,dtn_port_modal_amplitudes,0.0,3.189314186337283e-08
437,bottom,outgoing_down,substrate,-3,-3,-3,-3,p,-1.8849555921538758e-01+0.0000000000000000e+00j,-1.8849555921538758e-01+0.0000000000000000e+00j,3.8095145951792858e-01+1.0375456521473320e-03j,-3.8095145951792858e-01-1.0375456521473320e-03j,-1,True,False,9.9900230485899999e-01+1.8264936500000000e-03j,-6.1275496042255162e-05-1.5096850562605662e-04j,0.0000000000000000e+00+0.0000000000000000e+00j,-6.1275496042255162e-05-1.5096850562605662e-04j,-7.7700665153760295e-01-6.1296294267105667e-01j,-4.4926631458101313e-05+1.5486314141182744e-04j,0.00010641026148624882,2.128205229724977e-08,dtn_port_modal_amplitudes,0.0,2.128205229724977e-08
438,bottom,outgoing_down,substrate,-3,-2,-3,-2,s,-1.8849555921538758e-01+0.0000000000000000e+00j,-1.2566370614359174e-01+0.0000000000000000e+00j,4.0603336614299962e-01+9.7345332541662040e-04j,-4.0603336614299962e-01-9.7345332541662040e-04j,-1,True,False,9.9900230485899999e-01+1.8264936500000000e-03j,-3.7323657139665341e-06+1.0734142785787891e-06j,0.0000000000000000e+00+0.0000000000000000e+00j,-3.7323657139665341e-06+1.0734142785787891e-06j,-6.0094286848200285e-01-7.8713842531683220e-01j,3.0878641833280392e-06+2.2928278151594744e-06j,6.452254467277688e-08,1.2904508934555378e-11,dtn_port_modal_amplitudes,0.0,1.2904508934555378e-11
439,bottom,outgoing_down,substrate,-3,-2,-3,-2,p,-1.8849555921538758e-01+0.0000000000000000e+00j,-1.2566370614359174e-01+0.0000000000000000e+00j,4.0603336614299962e-01+9.7345332541662040e-04j,-4.0603336614299962e-01-9.7345332541662040e-04j,-1,True,False,9.9900230485899999e-01+1.8264936500000000e-03j,-2.4623561550548494e-06+5.7623764850139795e-07j,0.0000000000000000e+00+0.0000000000000000e+00j,-2.4623561550548494e-06+5.7623764850139795e-07j,-6.0094286848200285e-01-7.8713842531683220e-01j,1.9333141662926411e-06+1.5919292410413297e-06j,2.735821054417868e-08,5.471642108835737e-12,dtn_port_modal_amplitudes,0.0,5.471642108835737e-12
440,bottom,outgoing_down,substrate,-3,-1,-3,-1,s,-1.8849555921538758e-01+0.0000000000000000e+00j,-6.2831853071795868e-02+0.0000000000000000e+00j,4.2036478942776917e-01+9.4026555135613547e-04j,-4.2036478942776917e-01-9.4026555135613547e-04j,-1,True,False,9.9900230485899999e-01+1.8264936500000000e-03j,-6.8300814763313025e-04+1.1213442171882021e-03j,0.0000000000000000e+00+0.0000000000000000e+00j,-6.8300814763313025e-04+1.1213442171882021e-03j,-4.8251978603356227e-01-8.6518498699849899e-01j,1.2997351272239343e-03+4.9857623582214993e-05j,0.007640091038834913,1.5280182077669827e-06,dtn_port_modal_amplitudes,0.0,1.5280182077669827e-06
441,bottom,outgoing_down,substrate,-3,-1,-3,-1,p,-1.8849555921538758e-01+0.0000000000000000e+00j,-6.2831853071795868e-02+0.0000000000000000e+00j,4.2036478942776917e-01+9.4026555135613547e-04j,-4.2036478942776917e-01-9.4026555135613547e-04j,-1,True,False,9.9900230485899999e-01+1.8264936500000000e-03j,-2.0543628031668146e-04+3.3784322398495856e-04j,0.0000000000000000e+00+0.0000000000000000e+00j,-2.0543628031668146e-04+3.3784322398495856e-04j,-4.8251978603356227e-01-8.6518498699849899e-01j,3.9142395537289344e-04+1.4724345364696995e-05j,0.0006928818099543874,1.385763619908775e-07,dtn_port_modal_amplitudes,0.0,1.385763619908775e-07
442,bottom,outgoing_down,substrate,-3,0,-3,0,s,-1.8849555921538758e-01+0.0000000000000000e+00j,0.0000000000000000e+00+0.0000000000000000e+00j,4.2503456168993237e-01+9.2993503617795192e-04j,-4.2503456168993237e-01-9.2993503617795192e-04j,-1,True,False,9.9900230485899999e-01+1.8264936500000000e-03j,1.3684176629606599e-03-1.7704636284293397e-03j,0.0000000000000000e+00+0.0000000000000000e+00j,1.3684176629606599e-03-1.7704636284293397e-03j,-4.4165190809721844e-01-8.8685781267387764e-01j,-2.1745137728480129e-03-4.3166325568504778e-04j,0.02244180723652984,4.488361447305968e-06,dtn_port_modal_amplitudes,0.0,4.488361447305968e-06
443,bottom,outgoing_down,substrate,-3,0,-3,0,p,-1.8849555921538758e-01+0.0000000000000000e+00j,0.0000000000000000e+00+0.0000000000000000e+00j,4.2503456168993237e-01+9.2993503617795192e-04j,-4.2503456168993237e-01-9.2993503617795192e-04j,-1,True,False,9.9900230485899999e-01+1.8264936500000000e-03j,7.2704539365789535e-16-2.4556481052923435e-15j,0.0000000000000000e+00+0.0000000000000000e+00j,7.2704539365789535e-16-2.4556481052923435e-15j,-4.4165190809721844e-01-8.8685781267387764e-01j,-2.4989116927386224e-15+4.3975578378362326e-16j,2.939648466814568e-26,5.8792969336291365e-30,dtn_port_modal_amplitudes,0.0,5.8792969336291365e-30
444,bottom,outgoing_down,substrate,-3,1,-3,1,s,-1.8849555921538758e-01+0.0000000000000000e+00j,6.2831853071795868e-02+0.0000000000000000e+00j,4.2036478942776917e-01+9.4026555135613547e-04j,-4.2036478942776917e-01-9.4026555135613547e-04j,-1,True,False,9.9900230485899999e-01+1.8264936500000000e-03j,-6.8300814765637067e-04+1.1213442171641185e-03j,0.0000000000000000e+00+0.0000000000000000e+00j,-6.8300814765637067e-04+1.1213442171641185e-03j,-4.8251978603356227e-01-8.6518498699849899e-01j,1.2997351272143116e-03+4.9857623613943085e-05j,0.007640091038736236,1.5280182077472475e-06,dtn_port_modal_amplitudes,0.0,1.5280182077472475e-06
445,bottom,outgoing_down,substrate,-3,1,-3,1,p,-1.8849555921538758e-01+0.0000000000000000e+00j,6.2831853071795868e-02+0.0000000000000000e+00j,4.2036478942776917e-01+9.4026555135613547e-04j,-4.2036478942776917e-01-9.4026555135613547e-04j,-1,True,False,9.9900230485899999e-01+1.8264936500000000e-03j,2.0543628033910377e-04-3.3784322400352536e-04j,0.0000000000000000e+00+0.0000000000000000e+00j,2.0543628033910377e-04-3.3784322400352536e-04j,-4.8251978603356227e-01-8.6518498699849899e-01j,-3.9142395539977634e-04-1.4724345375137591e-05j,0.0006928818100508153,1.3857636201016307e-07,dtn_port_modal_amplitudes,0.0,1.3857636201016307e-07
446,bottom,outgoing_down,substrate,-3,2,-3,2,s,-1.8849555921538758e-01+0.0000000000000000e+00j,1.2566370614359174e-01+0.0000000000000000e+00j,4.0603336614299962e-01+9.7345332541662040e-04j,-4.0603336614299962e-01-9.7345332541662040e-04j,-1,True,False,9.9900230485899999e-01+1.8264936500000000e-03j,-3.7323657015373781e-06+1.0734142904003087e-06j,0.0000000000000000e+00+0.0000000000000000e+00j,-3.7323657015373781e-06+1.0734142904003087e-06j,-6.0094286848200285e-01-7.8713842531683220e-01j,3.0878641851639988e-06+2.2928277982719507e-06j,6.452254438444005e-08,1.2904508876888014e-11,dtn_port_modal_amplitudes,0.0,1.2904508876888014e-11
447,bottom,outgoing_down,substrate,-3,2,-3,2,p,-1.8849555921538758e-01+0.0000000000000000e+00j,1.2566370614359174e-01+0.0000000000000000e+00j,4.0603336614299962e-01+9.7345332541662040e-04j,-4.0603336614299962e-01-9.7345332541662040e-04j,-1,True,False,9.9900230485899999e-01+1.8264936500000000e-03j,2.4623561382823358e-06-5.7623764799270871e-07j,0.0000000000000000e+00+0.0000000000000000e+00j,2.4623561382823358e-06-5.7623764799270871e-07j,-6.0094286848200285e-01-7.8713842531683220e-01j,-1.9333141558129098e-06-1.5919292281447328e-06j,2.73582101883173e-08,5.471642037663461e-12,dtn_port_modal_amplitudes,0.0,5.471642037663461e-12
448,bottom,outgoing_down,substrate,-3,3,-3,3,s,-1.8849555921538758e-01+0.0000000000000000e+00j,1.8849555921538758e-01+0.0000000000000000e+00j,3.8095145951792858e-01+1.0375456521473320e-03j,-3.8095145951792858e-01-1.0375456521473320e-03j,-1,True,False,9.9900230485899999e-01+1.8264936500000000e-03j,-7.4722426728984011e-05-1.8492831498003693e-04j,0.0000000000000000e+00+0.0000000000000000e+00j,-7.4722426728984011e-05-1.8492831498003693e-04j,-7.7700665153760295e-01-6.1296294267105667e-01j,-5.5294381545911744e-05+1.8949260936845010e-04j,0.00015946570926082958,3.189314185216592e-08,dtn_port_modal_amplitudes,0.0,3.189314185216592e-08
449,bottom,outgoing_down,substrate,-3,3,-3,3,p,-1.8849555921538758e-01+0.0000000000000000e+00j,1.8849555921538758e-01+0.0000000000000000e+00j,3.8095145951792858e-01+1.0375456521473320e-03j,-3.8095145951792858e-01-1.0375456521473320e-03j,-1,True,False,9.9900230485899999e-01+1.8264936500000000e-03j,6.1275496051253471e-05+1.5096850561397522e-04j,0.0000000000000000e+00+0.0000000000000000e+00j,6.1275496051253471e-05+1.5096850561397522e-04j,-7.7700665153760295e-01-6.1296294267105667e-01j,4.4926631443704111e-05-1.5486314140795575e-04j,0.00010641026147604694,2.1282052295209393e-08,dtn_port_modal_amplitudes,0.0,2.1282052295209393e-08
450,bottom,outgoing_down,substrate,-3,4,-3,4,s,-1.8849555921538758e-01+0.0000000000000000e+00j,2.5132741228718347e-01+0.0000000000000000e+00j,3.4276723208213405e-01+1.1531281100035143e-03j,-3.4276723208213405e-01-1.1531281100035143e-03j,-1,True,False,9.9900230485899999e-01+1.8264936500000000e-03j,-8.6797454754474869e-07-1.6595811547520244e-06j,0.0000000000000000e+00+0.0000000000000000e+00j,-8.6797454754474869e-07-1.6595811547520244e-06j,-9.4835845410302411e-01-2.7895804079833464e-01j,3.6019749263484713e-07+1.8160062976250457e-06j,1.2621646438976934e-08,2.5243292877953875e-12,dtn_port_modal_amplitudes,0.0,2.5243292877953875e-12
451,bottom,outgoing_down,substrate,-3,4,-3,4,p,-1.8849555921538758e-01+0.0000000000000000e+00j,2.5132741228718347e-01+0.0000000000000000e+00j,3.4276723208213405e-01+1.1531281100035143e-03j,-3.4276723208213405e-01-1.1531281100035143e-03j,-1,True,False,9.9900230485899999e-01+1.8264936500000000e-03j,7.4788304395112003e-07+2.2506955163101540e-06j,0.0000000000000000e+00+0.0000000000000000e+00j,7.4788304395112003e-07+2.2506955163101540e-06j,-9.4835845410302411e-01-2.7895804079833464e-01j,-8.1411595747871437e-08-2.3430941091914042e-06j,2.0240752156803662e-08,4.048150431360733e-12,dtn_port_modal_amplitudes,0.0,4.048150431360733e-12
452,bottom,outgoing_down,substrate,-3,5,-3,5,s,-1.8849555921538758e-01+0.0000000000000000e+00j,3.1415926535897931e-01+0.0000000000000000e+00j,2.8628547986598113e-01+1.3806307280656977e-03j,-2.8628547986598113e-01-1.3806307280656977e-03j,-1,True,False,9.9900230485899999e-01+1.8264936500000000e-03j,-2.3567981551704241e-05+5.1332474215799105e-05j,0.0000000000000000e+00+0.0000000000000000e+00j,-2.3567981551704241e-05+5.1332474215799105e-05j,-9.4822125018063363e-01+2.7136983909883400e-01j,8.4175756627046566e-06-5.5070182237340439e-05j,9.545226708603653e-06,1.909045341720731e-09,dtn_port_modal_amplitudes,0.0,1.909045341720731e-09
453,bottom,outgoing_down,substrate,-3,5,-3,5,p,-1.8849555921538758e-01+0.0000000000000000e+00j,3.1415926535897931e-01+0.0000000000000000e+00j,2.8628547986598113e-01+1.3806307280656977e-03j,-2.8628547986598113e-01-1.3806307280656977e-03j,-1,True,False,9.9900230485899999e-01+1.8264936500000000e-03j,2.4055144103988863e-05-5.2632871443623392e-05j,0.0000000000000000e+00+0.0000000000000000e+00j,2.4055144103988863e-05-5.2632871443623392e-05j,-9.4822125018063363e-01+2.7136983909883400e-01j,-8.5266249605939206e-06+5.6435447745867866e-05j,1.0019115749970955e-05,2.0038231499941915e-09,dtn_port_modal_amplitudes,0.0,2.0038231499941915e-09
454,bottom,outgoing_down,substrate,-3,6,-3,6,s,-1.8849555921538758e-01+0.0000000000000000e+00j,3.7699111843077515e-01+0.0000000000000000e+00j,1.9630401061771338e-01+2.0134816871965710e-03j,-1.9630401061771338e-01-2.0134816871965710e-03j,-1,True,False,9.9900230485899999e-01+1.8264936500000000e-03j,3.0929918714898136e-07+1.9396195042525517e-07j,0.0000000000000000e+00+0.0000000000000000e+00j,3.0929918714898136e-07+1.9396195042525517e-07j,-3.7464292707055397e-01+9.0563408174461468e-01j,-2.9153530568080786e-07+2.0744541249039221e-07j,2.6999313692860595e-10,5.39986273857212e-14,dtn_port_modal_amplitudes,0.0,5.39986273857212e-14
455,bottom,outgoing_down,substrate,-3,6,-3,6,p,-1.8849555921538758e-01+0.0000000000000000e+00j,3.7699111843077515e-01+0.0000000000000000e+00j,1.9630401061771338e-01+2.0134816871965710e-03j,-1.9630401061771338e-01-2.0134816871965710e-03j,-1,True,False,9.9900230485899999e-01+1.8264936500000000e-03j,-5.2055494217046768e-07-3.7289057590045788e-07j,0.0000000000000000e+00+0.0000000000000000e+00j,-5.2055494217046768e-07-3.7289057590045788e-07j,-3.7464292707055397e-01+9.0563408174461468e-01j,5.3272464153261868e-07-3.3173148021780043e-07j,8.305663921894808e-10,1.661132784378962e-13,dtn_port_modal_amplitudes,0.0,1.661132784378962e-13
456,bottom,outgoing_down,substrate,-2,-7,-2,-7,s,-1.2566370614359174e-01+0.0000000000000000e+00j,-4.3982297150257105e-01+0.0000000000000000e+00j,8.3491841634213096e-02+4.7340497318727331e-03j,-8.3491841634213096e-02-4.7340497318727331e-03j,-1,True,False,9.9900230485899999e-01+1.8264936500000000e-03j,-1.6437048415945193e-07-7.0949945635586764e-07j,0.0000000000000000e+00+0.0000000000000000e+00j,-1.6437048415945193e-07-7.0949945635586764e-07j,6.4020184330448171e-01+7.0696865235754991e-01j,3.9636358756459084e-07-5.7042763945611990e-07j,4.3277071887661867e-10,8.655414377532375e-14,dtn_port_modal_amplitudes,0.0,8.655414377532375e-14
457,bottom,outgoing_down,substrate,-2,-7,-2,-7,p,-1.2566370614359174e-01+0.0000000000000000e+00j,-4.3982297150257105e-01+0.0000000000000000e+00j,8.3491841634213096e-02+4.7340497318727331e-03j,-8.3491841634213096e-02-4.7340497318727331e-03j,-1,True,False,9.9900230485899999e-01+1.8264936500000000e-03j,2.3787446489342006e-07-3.9859540351734193e-07j,0.0000000000000000e+00+0.0000000000000000e+00j,2.3787446489342006e-07-3.9859540351734193e-07j,6.4020184330448171e-01+7.0696865235754991e-01j,4.3408212616040376e-07-8.7011722188521512e-08j,1.758005869243805e-10,3.5160117384876107e-14,dtn_port_modal_amplitudes,0.0,3.5160117384876107e-14
458,bottom,outgoing_down,substrate,-2,-6,-2,-6,s,-1.2566370614359174e-01+0.0000000000000000e+00j,-3.7699111843077515e-01+0.0000000000000000e+00j,2.4139821915039633e-01+1.6373547903257523e-03j,-2.4139821915039633e-01-1.6373547903257523e-03j,-1,True,False,9.9900230485899999e-01+1.8264936500000000e-03j,-1.1580023822585995e-07-3.1400547687369641e-08j,0.0000000000000000e+00+0.0000000000000000e+00j,-1.1580023822585995e-07-3.1400547687369641e-08j,-7.3463813559911417e-01+6.5428594270113771e-01j,1.0561620805714170e-07-5.2698428222782785e-08j,3.613004946983392e-11,7.226009893966786e-15,dtn_port_modal_amplitudes,0.0,7.226009893966786e-15
459,bottom,outgoing_down,substrate,-2,-6,-2,-6,p,-1.2566370614359174e-01+0.0000000000000000e+00j,-3.7699111843077515e-01+0.0000000000000000e+00j,2.4139821915039633e-01+1.6373547903257523e-03j,-2.4139821915039633e-01-1.6373547903257523e-03j,-1,True,False,9.9900230485899999e-01+1.8264936500000000e-03j,-2.2851344146685305e-07-3.2293060239170648e-08j,0.0000000000000000e+00+0.0000000000000000e+00j,-2.2851344146685305e-07-3.2293060239170648e-08j,-7.3463813559911417e-01+6.5428594270113771e-01j,1.8900358395983665e-07-1.2578941890312699e-07j,1.336741136541985e-10,2.6734822730839703e-14,dtn_port_modal_amplitudes,0.0,2.6734822730839703e-14
460,bottom,outgoing_down,substrate,-2,-5,-2,-5,s,-1.2566370614359174e-01+0.0000000000000000e+00j,-3.1415926535897931e-01+0.0000000000000000e+00j,3.1890157543821018e-01+1.2394248286759907e-03j,-3.1890157543821018e-01-1.2394248286759907e-03j,-1,True,False,9.9900230485899999e-01+1.8264936500000000e-03j,-7.7525480191056482e-08+2.3920291146678694e-07j,0.0000000000000000e+00+0.0000000000000000e+00j,-7.7525480191056482e-08+2.3920291146678694e-07j,-9.8657182795723497e-01-4.6821400169955923e-02j,8.7684269944957979e-08-2.3236100208708717e-07j,2.113129468632728e-10,4.226258937265457e-14,dtn_port_modal_amplitudes,0.0,4.226258937265457e-14
461,bottom,outgoing_down,substrate,-2,-5,-2,-5,p,-1.2566370614359174e-01+0.0000000000000000e+00j,-3.1415926535897931e-01+0.0000000000000000e+00j,3.1890157543821018e-01+1.2394248286759907e-03j,-3.1890157543821018e-01-1.2394248286759907e-03j,-1,True,False,9.9900230485899999e-01+1.8264936500000000e-03j,-1.0220235248122472e-07+4.4712818694308716e-07j,0.0000000000000000e+00+0.0000000000000000e+00j,-1.0220235248122472e-07+4.4712818694308716e-07j,-9.8657182795723497e-01-4.6821400169955923e-02j,1.2176512947706065e-07-4.3633881547981149e-07j,7.030669341768103e-10,1.4061338683536207e-13,dtn_port_modal_amplitudes,0.0,1.4061338683536207e-13
462,bottom,outgoing_down,substrate,-2,-4,-2,-4,s,-1.2566370614359174e-01+0.0000000000000000e+00j,-2.5132741228718347e-01+0.0000000000000000e+00j,3.7044350841378154e-01+1.0669765336001299e-03j,-3.7044350841378154e-01-1.0669765336001299e-03j,-1,True,False,9.9900230485899999e-01+1.8264936500000000e-03j,1.0157411865407121e-06-5.8133960450811922e-07j,0.0000000000000000e+00+0.0000000000000000e+00j,1.0157411865407121e-06-5.8133960450811922e-07j,-8.3676593415347844e-01-5.2792927326769756e-01j,-1.1568438177436036e-06-4.9794329211856815e-08j,5.335796229271143e-09,1.0671592458542288e-12,dtn_port_modal_amplitudes,0.0,1.0671592458542288e-12
463,bottom,outgoing_down,substrate,-2,-4,-2,-4,p,-1.2566370614359174e-01+0.0000000000000000e+00j,-2.5132741228718347e-01+0.0000000000000000e+00j,3.7044350841378154e-01+1.0669765336001299e-03j,-3.7044350841378154e-01-1.0669765336001299e-03j,-1,True,False,9.9900230485899999e-01+1.8264936500000000e-03j,1.6183606953895099e-06-9.9765061807813901e-07j,0.0000000000000000e+00+0.0000000000000000e+00j,1.6183606953895099e-06-9.9765061807813901e-07j,-8.3676593415347844e-01-5.2792927326769756e-01j,-1.8808780648519374e-06-1.9579934407040458e-08j,1.4080375522346987e-08,2.816075104469398e-12,dtn_port_modal_amplitudes,0.0,2.816075104469398e-12
464,bottom,outgoing_down,substrate,-2,-3,-2,-3,s,-1.2566370614359174e-01+0.0000000000000000e+00j,-1.8849555921538758e-01+0.0000000000000000e+00j,4.0603336614299962e-01+9.7345332541662040e-04j,-4.0603336614299962e-01-9.7345332541662040e-04j,-1,True,False,9.9900230485899999e-01+1.8264936500000000e-03j,-2.5596602858172856e-06+1.5419847002988515e-07j,0.0000000000000000e+00+0.0000000000000000e+00j,-2.5596602858172856e-06+1.5419847002988515e-07j,-6.0094286848200285e-01-7.8713842531683220e-01j,1.6595851353840915e-06+1.9221424958289554e-06j,2.8129901596627786e-08,5.625980319325558e-12,dtn_port_modal_amplitudes,0.0,5.625980319325558e-12
465,bottom,outgoing_down,substrate,-2,-3,-2,-3,p,-1.2566370614359174e-01+0.0000000000000000e+00j,-1.8849555921538758e-01+0.0000000000000000e+00j,4.0603336614299962e-01+9.7345332541662040e-04j,-4.0603336614299962e-01-9.7345332541662040e-04j,-1,True,False,9.9900230485899999e-01+1.8264936500000000e-03j,-3.3448323378237912e-06+2.5744662869272050e-07j,0.0000000000000000e+00+0.0000000000000000e+00j,-3.3448323378237912e-06+2.5744662869272050e-07j,-6.0094286848200285e-01-7.8713842531683220e-01j,2.2126992735955080e-06+2.4781353438158130e-06j,4.8144231564430054e-08,9.628846312886013e-12,dtn_port_modal_amplitudes,0.0,9.628846312886013e-12
466,bottom,outgoing_down,substrate,-2,-2,-2,-2,s,-1.2566370614359174e-01+0.0000000000000000e+00j,-1.2566370614359174e-01+0.0000000000000000e+00j,4.2965358359682437e-01+9.1993770235349330e-04j,-4.2965358359682437e-01-9.1993770235349330e-04j,-1,True,False,9.9900230485899999e-01+1.8264936500000000e-03j,-7.4757011361515975e-07-1.6110949290176372e-06j,0.0000000000000000e+00+0.0000000000000000e+00j,-7.4757011361515975e-07-1.6110949290176372e-06j,-4.0027127433075843e-01-9.0639526515267110e-01j,-1.1610579733447353e-06+1.3224690316561376e-06j,1.4294887362221984e-08,2.8589774724443974e-12,dtn_port_modal_amplitudes,0.0,2.8589774724443974e-12
467,bottom,outgoing_down,substrate,-2,-2,-2,-2,p,-1.2566370614359174e-01+0.0000000000000000e+00j,-1.2566370614359174e-01+0.0000000000000000e+00j,4.2965358359682437e-01+9.1993770235349330e-04j,-4.2965358359682437e-01-9.1993770235349330e-04j,-1,True,False,9.9900230485899999e-01+1.8264936500000000e-03j,-7.2368938805271244e-07-1.4826415451928841e-06j,0.0000000000000000e+00+0.0000000000000000e+00j,-7.2368938805271244e-07-1.4826415451928841e-06j,-4.0027127433075843e-01-9.0639526515267110e-01j,-1.0541872029059642e-06+1.2494074554422930e-06j,1.2334807408600502e-08,2.4669614817201008e-12,dtn_port_modal_amplitudes,0.0,2.4669614817201008e-12
468,bottom,outgoing_down,substrate,-2,-1,-2,-1,s,-1.2566370614359174e-01+0.0000000000000000e+00j,-6.2831853071795868e-02+0.0000000000000000e+00j,4.4322192653045722e-01+8.9177567002621239e-04j,-4.4322192653045722e-01-8.9177567002621239e-04j,-1,True,False,9.9900230485899999e-01+1.8264936500000000e-03j,8.8714414740624820e-06+9.7588182122961600e-06j,0.0000000000000000e+00+0.0000000000000000e+00j,8.8714414740624820e-06+9.7588182122961600e-06j,-2.7406378590347025e-01-9.5247658198521234e-01j,6.8637049782602594e-06-1.1124378917702508e-05j,8.135631489437621e-07,1.6271262978875245e-10,dtn_port_modal_amplitudes,0.0,1.6271262978875245e-10
469,bottom,outgoing_down,substrate,-2,-1,-2,-1,p,-1.2566370614359174e-01+0.0000000000000000e+00j,-6.2831853071795868e-02+0.0000000000000000e+00j,4.4322192653045722e-01+8.9177567002621239e-04j,-4.4322192653045722e-01-8.9177567002621239e-04j,-1,True,False,9.9900230485899999e-01+1.8264936500000000e-03j,4.2565221891299668e-06+4.6297234439427531e-06j,0.0000000000000000e+00+0.0000000000000000e+00j,4.2565221891299668e-06+4.6297234439427531e-06j,-2.7406378590347025e-01-9.5247658198521234e-01j,3.2431445754883136e-06-5.3230772405797283e-06j,1.849997931314417e-07,3.6999958626288346e-11,dtn_port_modal_amplitudes,0.0,3.6999958626288346e-11
470,bottom,outgoing_down,substrate,-2,0,-2,0,s,-1.2566370614359174e-01+0.0000000000000000e+00j,0.0000000000000000e+00+0.0000000000000000e+00j,4.4765332820254328e-01+8.8294782055808158e-04j,-4.4765332820254328e-01-8.8294782055808158e-04j,-1,True,False,9.9900230485899999e-01+1.8264936500000000e-03j,-1.3692458884492466e-05-1.6127789481556833e-05j,0.0000000000000000e+00+0.0000000000000000e+00j,-1.3692458884492466e-05-1.6127789481556833e-05j,-2.3162093194174876e-01-9.6376749949998630e-01j,-1.2371979253701986e-05+1.6931880490992204e-05j,2.1148324360780295e-06,4.2296648721560595e-10,dtn_port_modal_amplitudes,0.0,4.2296648721560595e-10
471,bottom,outgoing_down,substrate,-2,0,-2,0,p,-1.2566370614359174e-01+0.0000000000000000e+00j,0.0000000000000000e+00+0.0000000000000000e+00j,4.4765332820254328e-01+8.8294782055808158e-04j,-4.4765332820254328e-01-8.8294782055808158e-04j,-1,True,False,9.9900230485899999e-01+1.8264936500000000e-03j,1.9911485227620737e-15-1.7767584309719740e-15j,0.0000000000000000e+00+0.0000000000000000e+00j,1.9911485227620737e-15-1.7767584309719740e-15j,-2.3162093194174876e-01-9.6376749949998630e-01j,-2.1735737067099661e-15-1.5074697892984073e-15j,3.364888155731354e-26,6.729776311462709e-30,dtn_port_modal_amplitudes,0.0,6.729776311462709e-30
472,bottom,outgoing_down,substrate,-2,1,-2,1,s,-1.2566370614359174e-01+0.0000000000000000e+00j,6.2831853071795868e-02+0.0000000000000000e+00j,4.4322192653045722e-01+8.9177567002621239e-04j,-4.4322192653045722e-01-8.9177567002621239e-04j,-1,True,False,9.9900230485899999e-01+1.8264936500000000e-03j,8.8714414744816159e-06+9.7588182220310436e-06j,0.0000000000000000e+00+0.0000000000000000e+00j,8.8714414744816159e-06+9.7588182220310436e-06j,-2.7406378590347025e-01-9.5247658198521234e-01j,6.8637049874176394e-06-1.1124378920769703e-05j,8.135631498672503e-07,1.627126299734501e-10,dtn_port_modal_amplitudes,0.0,1.627126299734501e-10
473,bottom,outgoing_down,substrate,-2,1,-2,1,p,-1.2566370614359174e-01+0.0000000000000000e+00j,6.2831853071795868e-02+0.0000000000000000e+00j,4.4322192653045722e-01+8.9177567002621239e-04j,-4.4322192653045722e-01-8.9177567002621239e-04j,-1,True,False,9.9900230485899999e-01+1.8264936500000000e-03j,-4.2565221642657017e-06-4.6297234244596130e-06j,0.0000000000000000e+00+0.0000000000000000e+00j,-4.2565221642657017e-06-4.6297234244596130e-06j,-2.7406378590347025e-01-9.5247658198521234e-01j,-3.2431445637454740e-06+5.3230772115574751e-06j,1.849997912975783e-07,3.699995825951567e-11,dtn_port_modal_amplitudes,0.0,3.699995825951567e-11
474,bottom,outgoing_down,substrate,-2,2,-2,2,s,-1.2566370614359174e-01+0.0000000000000000e+00j,1.2566370614359174e-01+0.0000000000000000e+00j,4.2965358359682437e-01+9.1993770235349330e-04j,-4.2965358359682437e-01-9.1993770235349330e-04j,-1,True,False,9.9900230485899999e-01+1.8264936500000000e-03j,-7.4757010825428642e-07-1.6110949583315374e-06j,0.0000000000000000e+00+0.0000000000000000e+00j,-7.4757010825428642e-07-1.6110949583315374e-06j,-4.0027127433075843e-01-9.0639526515267110e-01j,-1.1610580020605193e-06+1.3224690385305795e-06j,1.4294887753932375e-08,2.8589775507864757e-12,dtn_port_modal_amplitudes,0.0,2.8589775507864757e-12
475,bottom,outgoing_down,substrate,-2,2,-2,2,p,-1.2566370614359174e-01+0.0000000000000000e+00j,1.2566370614359174e-01+0.0000000000000000e+00j,4.2965358359682437e-01+9.1993770235349330e-04j,-4.2965358359682437e-01-9.1993770235349330e-04j,-1,True,False,9.9900230485899999e-01+1.8264936500000000e-03j,7.2368942328516319e-07+1.4826415418462270e-06j,0.0000000000000000e+00+0.0000000000000000e+00j,7.2368942328516319e-07+1.4826415418462270e-06j,-4.0027127433075843e-01-9.0639526515267110e-01j,1.0541871857700321e-06-1.2494074860372488e-06j,1.2334807594717597e-08,2.46696151894352e-12,dtn_port_modal_amplitudes,0.0,2.46696151894352e-12
476,bottom,outgoing_down,substrate,-2,3,-2,3,s,-1.2566370614359174e-01+0.0000000000000000e+00j,1.8849555921538758e-01+0.0000000000000000e+00j,4.0603336614299962e-01+9.7345332541662040e-04j,-4.0603336614299962e-01-9.7345332541662040e-04j,-1,True,False,9.9900230485899999e-01+1.8264936500000000e-03j,-2.5596602789350536e-06+1.5419847889303753e-07j,0.0000000000000000e+00+0.0000000000000000e+00j,-2.5596602789350536e-06+1.5419847889303753e-07j,-6.0094286848200285e-01-7.8713842531683220e-01j,1.6595851382247909e-06+1.9221424850854381e-06j,2.812990145760049e-08,5.625980291520099e-12,dtn_port_modal_amplitudes,0.0,5.625980291520099e-12
477,bottom,outgoing_down,substrate,-2,3,-2,3,p,-1.2566370614359174e-01+0.0000000000000000e+00j,1.8849555921538758e-01+0.0000000000000000e+00j,4.0603336614299962e-01+9.7345332541662040e-04j,-4.0603336614299962e-01-9.7345332541662040e-04j,-1,True,False,9.9900230485899999e-01+1.8264936500000000e-03j,3.3448323524792561e-06-2.5744662329724863e-07j,0.0000000000000000e+00+0.0000000000000000e+00j,3.3448323524792561e-06-2.5744662329724863e-07j,-6.0094286848200285e-01-7.8713842531683220e-01j,-2.2126992781556217e-06-2.4781353585940629e-06j,4.8144231971951303e-08,9.628846394390263e-12,dtn_port_modal_amplitudes,0.0,9.628846394390263e-12
478,bottom,outgoing_down,substrate,-2,4,-2,4,s,-1.2566370614359174e-01+0.0000000000000000e+00j,2.5132741228718347e-01+0.0000000000000000e+00j,3.7044350841378154e-01+1.0669765336001299e-03j,-3.7044350841378154e-01-1.0669765336001299e-03j,-1,True,False,9.9900230485899999e-01+1.8264936500000000e-03j,1.0157411873271498e-06-5.8133960099518231e-07j,0.0000000000000000e+00+0.0000000000000000e+00j,1.0157411873271498e-06-5.8133960099518231e-07j,-8.3676593415347844e-01-5.2792927326769756e-01j,-1.1568438165470857e-06-4.9794332566546261e-08j,5.33579621958354e-09,1.0671592439167082e-12,dtn_port_modal_amplitudes,0.0,1.0671592439167082e-12
479,bottom,outgoing_down,substrate,-2,4,-2,4,p,-1.2566370614359174e-01+0.0000000000000000e+00j,2.5132741228718347e-01+0.0000000000000000e+00j,3.7044350841378154e-01+1.0669765336001299e-03j,-3.7044350841378154e-01-1.0669765336001299e-03j,-1,True,False,9.9900230485899999e-01+1.8264936500000000e-03j,-1.6183606845974197e-06+9.9765061939435219e-07j,0.0000000000000000e+00+0.0000000000000000e+00j,-1.6183606845974197e-06+9.9765061939435219e-07j,-8.3676593415347844e-01-5.2792927326769756e-01j,1.8808780565163514e-06+1.9579927608217851e-08j,1.4080375396499486e-08,2.8160750792998975e-12,dtn_port_modal_amplitudes,0.0,2.8160750792998975e-12
480,bottom,outgoing_down,substrate,-2,5,-2,5,s,-1.2566370614359174e-01+0.0000000000000000e+00j,3.1415926535897931e-01+0.0000000000000000e+00j,3.1890157543821018e-01+1.2394248286759907e-03j,-3.1890157543821018e-01-1.2394248286759907e-03j,-1,True,False,9.9900230485899999e-01+1.8264936500000000e-03j,-7.7525454098917044e-08+2.3920290648761514e-07j,0.0000000000000000e+00+0.0000000000000000e+00j,-7.7525454098917044e-08+2.3920290648761514e-07j,-9.8657182795723497e-01-4.6821400169955923e-02j,8.7684243970056477e-08-2.3236099839644707e-07j,2.1131292538155553e-10,4.226258507631111e-14,dtn_port_modal_amplitudes,0.0,4.226258507631111e-14
481,bottom,outgoing_down,substrate,-2,5,-2,5,p,-1.2566370614359174e-01+0.0000000000000000e+00j,3.1415926535897931e-01+0.0000000000000000e+00j,3.1890157543821018e-01+1.2394248286759907e-03j,-3.1890157543821018e-01-1.2394248286759907e-03j,-1,True,False,9.9900230485899999e-01+1.8264936500000000e-03j,1.0220234435064106e-07-4.4712820788883526e-07j,0.0000000000000000e+00+0.0000000000000000e+00j,1.0220234435064106e-07-4.4712820788883526e-07j,-9.8657182795723497e-01-4.6821400169955923e-02j,-1.2176512243636514e-07+4.3633883652498177e-07j,7.030669912223383e-10,1.406133982444677e-13,dtn_port_modal_amplitudes,0.0,1.406133982444677e-13
482,bottom,outgoing_down,substrate,-2,6,-2,6,s,-1.2566370614359174e-01+0.0000000000000000e+00j,3.7699111843077515e-01+0.0000000000000000e+00j,2.4139821915039633e-01+1.6373547903257523e-03j,-2.4139821915039633e-01-1.6373547903257523e-03j,-1,True,False,9.9900230485899999e-01+1.8264936500000000e-03j,-1.1580024553243158e-07-3.1400547008047159e-08j,0.0000000000000000e+00+0.0000000000000000e+00j,-1.1580024553243158e-07-3.1400547008047159e-08j,-7.3463813559911417e-01+6.5428594270113771e-01j,1.0561621298035671e-07-5.2698433502426098e-08j,3.6130053609828865e-11,7.226010721965773e-15,dtn_port_modal_amplitudes,0.0,7.226010721965773e-15
483,bottom,outgoing_down,substrate,-2,6,-2,6,p,-1.2566370614359174e-01+0.0000000000000000e+00j,3.7699111843077515e-01+0.0000000000000000e+00j,2.4139821915039633e-01+1.6373547903257523e-03j,-2.4139821915039633e-01-1.6373547903257523e-03j,-1,True,False,9.9900230485899999e-01+1.8264936500000000e-03j,2.2851341080932810e-07+3.2293079133356846e-08j,0.0000000000000000e+00+0.0000000000000000e+00j,2.2851341080932810e-07+3.2293079133356846e-08j,-7.3463813559911417e-01+6.5428594270113771e-01j,-1.8900357379985009e-07+1.2578938496394968e-07j,1.3367408155154673e-10,2.673481631030935e-14,dtn_port_modal_amplitudes,0.0,2.673481631030935e-14
484,bottom,outgoing_down,substrate,-2,7,-2,7,s,-1.2566370614359174e-01+0.0000000000000000e+00j,4.3982297150257105e-01+0.0000000000000000e+00j,8.3491841634213096e-02+4.7340497318727331e-03j,-8.3491841634213096e-02-4.7340497318727331e-03j,-1,True,False,9.9900230485899999e-01+1.8264936500000000e-03j,-1.6437042365933109e-07-7.0949942048036970e-07j,0.0000000000000000e+00+0.0000000000000000e+00j,-1.6437042365933109e-07-7.0949942048036970e-07j,6.4020184330448171e-01+7.0696865235754991e-01j,3.9636360093402722e-07-5.7042757371687103e-07j,4.3277066111249494e-10,8.655413222249901e-14,dtn_port_modal_amplitudes,0.0,8.655413222249901e-14
485,bottom,outgoing_down,substrate,-2,7,-2,7,p,-1.2566370614359174e-01+0.0000000000000000e+00j,4.3982297150257105e-01+0.0000000000000000e+00j,8.3491841634213096e-02+4.7340497318727331e-03j,-8.3491841634213096e-02-4.7340497318727331e-03j,-1,True,False,9.9900230485899999e-01+1.8264936500000000e-03j,-2.3787438115773668e-07+3.9859541781636478e-07j,0.0000000000000000e+00+0.0000000000000000e+00j,-2.3787438115773668e-07+3.9859541781636478e-07j,6.4020184330448171e-01+7.0696865235754991e-01j,-4.3408208266162587e-07+8.7011790541285517e-08j,1.7580056372111204e-10,3.516011274422241e-14,dtn_port_modal_amplitudes,0.0,3.516011274422241e-14
486,bottom,outgoing_down,substrate,-1,-7,-1,-7,s,-6.2831853071795868e-02+0.0000000000000000e+00j,-4.3982297150257105e-01+0.0000000000000000e+00j,1.3711422769912734e-01+2.8826660597857327e-03j,-1.3711422769912734e-01-2.8826660597857327e-03j,-1,True,False,9.9900230485899999e-01+1.8264936500000000e-03j,2.3863287170052791e-05+2.3351063217871897e-05j,0.0000000000000000e+00+0.0000000000000000e+00j,2.3863287170052791e-05+2.3351063217871897e-05j,1.9269468320661395e-01+9.5228457230469898e-01j,-1.7638528687789351e-05+2.7224265945823376e-05j,1.5500191424826434e-06,3.1000382849652874e-10,dtn_port_modal_amplitudes,0.0,3.1000382849652874e-10
487,bottom,outgoing_down,substrate,-1,-7,-1,-7,p,-6.2831853071795868e-02+0.0000000000000000e+00j,-4.3982297150257105e-01+0.0000000000000000e+00j,1.3711422769912734e-01+2.8826660597857327e-03j,-1.3711422769912734e-01-2.8826660597857327e-03j,-1,True,False,9.9900230485899999e-01+1.8264936500000000e-03j,3.5358525409725739e-05+4.2194289424455596e-05j,0.0000000000000000e+00+0.0000000000000000e+00j,3.5358525409725739e-05+4.2194289424455596e-05j,1.9269468320661395e-01+9.5228457230469898e-01j,-3.3367571005788274e-05+4.1801993480899159e-05j,4.213996243372668e-06,8.427992486745337e-10,dtn_port_modal_amplitudes,0.0,8.427992486745337e-10
488,bottom,outgoing_down,substrate,-1,-6,-1,-6,s,-6.2831853071795868e-02+0.0000000000000000e+00j,-3.7699111843077515e-01+0.0000000000000000e+00j,2.6479458579029341e-01+1.4926835808305868e-03j,-2.6479458579029341e-01-1.4926835808305868e-03j,-1,True,False,9.9900230485899999e-01+1.8264936500000000e-03j,2.8248626867626528e-07-1.5779716119228905e-07j,0.0000000000000000e+00+0.0000000000000000e+00j,2.8248626867626528e-07-1.5779716119228905e-07j,-8.6756360553666012e-01+4.6682002743340356e-01j,-1.7141193065068085e-07+2.6876932180044578e-07j,2.8907325654275346e-10,5.78146513085507e-14,dtn_port_modal_amplitudes,0.0,5.78146513085507e-14
489,bottom,outgoing_down,substrate,-1,-6,-1,-6,p,-6.2831853071795868e-02+0.0000000000000000e+00j,-3.7699111843077515e-01+0.0000000000000000e+00j,2.6479458579029341e-01+1.4926835808305868e-03j,-2.6479458579029341e-01-1.4926835808305868e-03j,-1,True,False,9.9900230485899999e-01+1.8264936500000000e-03j,1.4375981328547191e-06-1.0272818718013189e-06j,0.0000000000000000e+00+0.0000000000000000e+00j,1.4375981328547191e-06-1.0272818718013189e-06j,-8.6756360553666012e-01+4.6682002743340356e-01j,-7.6765206787608094e-07+1.5623319644198511e-06j,8.619858237197392e-09,1.7239716474394787e-12,dtn_port_modal_amplitudes,0.0,1.7239716474394787e-12
490,bottom,outgoing_down,substrate,-1,-5,-1,-5,s,-6.2831853071795868e-02+0.0000000000000000e+00j,-3.1415926535897931e-01+0.0000000000000000e+00j,3.3695931484691999e-01+1.1730037220712257e-03j,-3.3695931484691999e-01-1.1730037220712257e-03j,-1,True,False,9.9900230485899999e-01+1.8264936500000000e-03j,-4.1387507332900325e-06-5.0763128732627498e-07j,0.0000000000000000e+00+0.0000000000000000e+00j,-4.1387507332900325e-06-5.0763128732627498e-07j,-9.6276057846770913e-01-2.2339436484036512e-01j,3.8712240811106173e-06+1.4133009831304746e-06j,6.148032069597413e-08,1.2296064139194827e-11,dtn_port_modal_amplitudes,0.0,1.2296064139194827e-11
491,bottom,outgoing_down,substrate,-1,-5,-1,-5,p,-6.2831853071795868e-02+0.0000000000000000e+00j,-3.1415926535897931e-01+0.0000000000000000e+00j,3.3695931484691999e-01+1.1730037220712257e-03j,-3.3695931484691999e-01-1.1730037220712257e-03j,-1,True,False,9.9900230485899999e-01+1.8264936500000000e-03j,-1.4065052228582817e-05-2.5274487788651906e-06j,0.0000000000000000e+00+0.0000000000000000e+00j,-1.4065052228582817e-05-2.5274487788651906e-06j,-9.6276057846770913e-01-2.2339436484036512e-01j,1.2976660005147788e-05+5.5753814574385767e-06j,7.221005005960205e-07,1.4442010011920413e-10,dtn_port_modal_amplitudes,0.0,1.4442010011920413e-10
492,bottom,outgoing_down,substrate,-1,-4,-1,-4,s,-6.2831853071795868e-02+0.0000000000000000e+00j,-2.5132741228718347e-01+0.0000000000000000e+00j,3.8609820999417283e-01+1.0237150037757817e-03j,-3.8609820999417283e-01-1.0237150037757817e-03j,-1,True,False,9.9900230485899999e-01+1.8264936500000000e-03j,-2.0153589273242031e-06+2.6182603383463343e-06j,0.0000000000000000e+00+0.0000000000000000e+00j,-2.0153589273242031e-06+2.6182603383463343e-06j,-7.4454699198637742e-01-6.5221442176757782e-01j,3.2081965797236647e-06-6.3497170171411675e-07j,4.43640809046994e-08,8.872816180939881e-12,dtn_port_modal_amplitudes,0.0,8.872816180939881e-12
493,bottom,outgoing_down,substrate,-1,-4,-1,-4,p,-6.2831853071795868e-02+0.0000000000000000e+00j,-2.5132741228718347e-01+0.0000000000000000e+00j,3.8609820999417283e-01+1.0237150037757817e-03j,-3.8609820999417283e-01-1.0237150037757817e-03j,-1,True,False,9.9900230485899999e-01+1.8264936500000000e-03j,-7.9704224847590624e-06+1.0246149119980473e-05j,0.0000000000000000e+00+0.0000000000000000e+00j,-7.9704224847590624e-06+1.0246149119980473e-05j,-7.4454699198637742e-01-6.5221442176757782e-01j,1.2617040309520388e-05-2.4303150145848965e-06j,6.847918844680765e-07,1.3695837689361534e-10,dtn_port_modal_amplitudes,0.0,1.3695837689361534e-10
494,bottom,outgoing_down,substrate,-1,-3,-1,-3,s,-6.2831853071795868e-02+0.0000000000000000e+00j,-1.8849555921538758e-01+0.0000000000000000e+00j,4.2036478942776917e-01+9.4026555135613547e-04j,-4.2036478942776917e-01-9.4026555135613547e-04j,-1,True,False,9.9900230485899999e-01+1.8264936500000000e-03j,-2.2782500925924899e-04+3.7387920195214183e-04j,0.0000000000000000e+00+0.0000000000000000e+00j,-2.2782500925924899e-04+3.7387920195214183e-04j,-4.8251978603356227e-01-8.6518498699849899e-01j,4.3340474720084013e-04+1.6706665145549735e-05j,0.0008495372122649533,1.6990744245299068e-07,dtn_port_modal_amplitudes,0.0,1.6990744245299068e-07
495,bottom,outgoing_down,substrate,-1,-3,-1,-3,p,-6.2831853071795868e-02+0.0000000000000000e+00j,-1.8849555921538758e-01+0.0000000000000000e+00j,4.2036478942776917e-01+9.4026555135613547e-04j,-4.2036478942776917e-01-9.4026555135613547e-04j,-1,True,False,9.9900230485899999e-01+1.8264936500000000e-03j,-6.1706430860871092e-04+1.0129235175099702e-03j,0.0000000000000000e+00+0.0000000000000000e+00j,-6.1706430860871092e-04+1.0129235175099702e-03j,-4.8251978603356227e-01-8.6518498699849899e-01j,1.1741119584861607e-03+4.5119136883591199e-05j,0.00623462194109695,1.2469243882193902e-06,dtn_port_modal_amplitudes,0.0,1.2469243882193902e-06
496,bottom,outgoing_down,substrate,-1,-2,-1,-2,s,-6.2831853071795868e-02+0.0000000000000000e+00j,-1.2566370614359174e-01+0.0000000000000000e+00j,4.4322192653045722e-01+8.9177567002621239e-04j,-4.4322192653045722e-01-8.9177567002621239e-04j,-1,True,False,9.9900230485899999e-01+1.8264936500000000e-03j,5.4158108857651226e-06+3.7999456911049487e-06j,0.0000000000000000e+00+0.0000000000000000e+00j,5.4158108857651226e-06+3.7999456911049487e-06j,-2.7406378590347025e-01-9.5247658198521234e-01j,2.1350816485030609e-06-6.1998605434836696e-06j,2.047301124187756e-07,4.094602248375513e-11,dtn_port_modal_amplitudes,0.0,4.094602248375513e-11
497,bottom,outgoing_down,substrate,-1,-2,-1,-2,p,-6.2831853071795868e-02+0.0000000000000000e+00j,-1.2566370614359174e-01+0.0000000000000000e+00j,4.4322192653045722e-01+8.9177567002621239e-04j,-4.4322192653045722e-01-8.9177567002621239e-04j,-1,True,False,9.9900230485899999e-01+1.8264936500000000e-03j,1.0808194390253964e-05+7.6091239122558777e-06j,0.0000000000000000e+00+0.0000000000000000e+00j,1.0808194390253964e-05+7.6091239122558777e-06j,-2.7406378590347025e-01-9.5247658198521234e-01j,4.2853776624737753e-06-1.2379937357062312e-05j,8.17205985585655e-07,1.6344119711713102e-10,dtn_port_modal_amplitudes,0.0,1.6344119711713102e-10
498,bottom,outgoing_down,substrate,-1,-1,-1,-1,s,-6.2831853071795868e-02+0.0000000000000000e+00j,-6.2831853071795868e-02+0.0000000000000000e+00j,4.5638706841821153e-01+8.6605111724991871e-04j,-4.5638706841821153e-01-8.6605111724991871e-04j,-1,True,False,9.9900230485899999e-01+1.8264936500000000e-03j,3.1724216355227220e-03-6.0797102214635431e-04j,0.0000000000000000e+00+0.0000000000000000e+00j,3.1724216355227220e-03-6.0797102214635431e-04j,-1.4669691545452121e-01-9.8046322684413445e-01j,-1.0614776986537120e-03-3.0212552800401521e-03j,0.050278344865256966,1.0055668973051396e-05,dtn_port_modal_amplitudes,0.0,1.0055668973051396e-05
499,bottom,outgoing_down,substrate,-1,-1,-1,-1,p,-6.2831853071795868e-02+0.0000000000000000e+00j,-6.2831853071795868e-02+0.0000000000000000e+00j,4.5638706841821153e-01+8.6605111724991871e-04j,-4.5638706841821153e-01-8.6605111724991871e-04j,-1,True,False,9.9900230485899999e-01+1.8264936500000000e-03j,3.1134041630051018e-03-5.9691347786395286e-04j,0.0000000000000000e+00+0.0000000000000000e+00j,3.1134041630051018e-03-5.9691347786395286e-04j,-1.4669691545452121e-01-9.8046322684413445e-01j,-1.0419785019293599e-03-2.9650129261340713e-03j,0.04842651378212181,9.685302756424363e-06,dtn_port_modal_amplitudes,0.0,9.685302756424363e-06
500,bottom,outgoing_down,substrate,-1,0,-1,0,s,-6.2831853071795868e-02+0.0000000000000000e+00j,0.0000000000000000e+00+0.0000000000000000e+00j,4.6069185365947102e-01+8.5795858416495233e-04j,-4.6069185365947102e-01-8.5795858416495233e-04j,-1,True,False,9.9900230485899999e-01+1.8264936500000000e-03j,-7.1139949071673579e-03+6.3598425578787615e-04j,0.0000000000000000e+00+0.0000000000000000e+00j,-7.1139949071673579e-03+6.3598425578787615e-04j,-1.0437565763072278e-01-9.8594773215798548e-01j,1.3695751314994464e-03+6.9476458703644694e-03j,0.24817987950262518,4.9635975900525045e-05,dtn_port_modal_amplitudes,0.0,4.9635975900525045e-05
501,bottom,outgoing_down,substrate,-1,0,-1,0,p,-6.2831853071795868e-02+0.0000000000000000e+00j,0.0000000000000000e+00+0.0000000000000000e+00j,4.6069185365947102e-01+8.5795858416495233e-04j,-4.6069185365947102e-01-8.5795858416495233e-04j,-1,True,False,9.9900230485899999e-01+1.8264936500000000e-03j,1.0026073126078045e-14-4.6660977101415187e-15j,0.0000000000000000e+00+0.0000000000000000e+00j,1.0026073126078045e-14-4.6660977101415187e-15j,-1.0437565763072278e-01-9.8594773215798548e-01j,-5.6470064313297127e-15-9.3981570440415413e-15j,5.9496253740550545e-25,1.1899250748110112e-28,dtn_port_modal_amplitudes,0.0,1.1899250748110112e-28
502,bottom,outgoing_down,substrate,-1,1,-1,1,s,-6.2831853071795868e-02+0.0000000000000000e+00j,6.2831853071795868e-02+0.0000000000000000e+00j,4.5638706841821153e-01+8.6605111724991871e-04j,-4.5638706841821153e-01-8.6605111724991871e-04j,-1,True,False,9.9900230485899999e-01+1.8264936500000000e-03j,3.1724216355407003e-03-6.0797102213675435e-04j,0.0000000000000000e+00+0.0000000000000000e+00j,3.1724216355407003e-03-6.0797102213675435e-04j,-1.4669691545452121e-01-9.8046322684413445e-01j,-1.0614776986469369e-03-3.0212552800591872e-03j,0.050278344865750384,1.0055668973150078e-05,dtn_port_modal_amplitudes,0.0,1.0055668973150078e-05
503,bottom,outgoing_down,substrate,-1,1,-1,1,p,-6.2831853071795868e-02+0.0000000000000000e+00j,6.2831853071795868e-02+0.0000000000000000e+00j,4.5638706841821153e-01+8.6605111724991871e-04j,-4.5638706841821153e-01-8.6605111724991871e-04j,-1,True,False,9.9900230485899999e-01+1.8264936500000000e-03j,-3.1134041630063490e-03+5.9691347785167394e-04j,0.0000000000000000e+00+0.0000000000000000e+00j,-3.1134041630063490e-03+5.9691347785167394e-04j,-1.4669691545452121e-01-9.8046322684413445e-01j,1.0419785019175039e-03+2.9650129261370953e-03j,0.048426513782088565,9.685302756417714e-06,dtn_port_modal_amplitudes,0.0,9.685302756417714e-06
504,bottom,outgoing_down,substrate,-1,2,-1,2,s,-6.2831853071795868e-02+0.0000000000000000e+00j,1.2566370614359174e-01+0.0000000000000000e+00j,4.4322192653045722e-01+8.9177567002621239e-04j,-4.4322192653045722e-01-8.9177567002621239e-04j,-1,True,False,9.9900230485899999e-01+1.8264936500000000e-03j,5.4158108872219337e-06+3.7999456915513914e-06j,0.0000000000000000e+00+0.0000000000000000e+00j,5.4158108872219337e-06+3.7999456915513914e-06j,-2.7406378590347025e-01-9.5247658198521234e-01j,2.1350816485290280e-06-6.1998605449936024e-06j,2.047301125084522e-07,4.0946022501690446e-11,dtn_port_modal_amplitudes,0.0,4.0946022501690446e-11
505,bottom,outgoing_down,substrate,-1,2,-1,2,p,-6.2831853071795868e-02+0.0000000000000000e+00j,1.2566370614359174e-01+0.0000000000000000e+00j,4.4322192653045722e-01+8.9177567002621239e-04j,-4.4322192653045722e-01-8.9177567002621239e-04j,-1,True,False,9.9900230485899999e-01+1.8264936500000000e-03j,-1.0808194370125112e-05-7.6091238930671416e-06j,0.0000000000000000e+00+0.0000000000000000e+00j,-1.0808194370125112e-05-7.6091238930671416e-06j,-2.7406378590347025e-01-9.5247658198521234e-01j,-4.2853776497135425e-06+1.2379937332631113e-05j,8.172059821846086e-07,1.6344119643692174e-10,dtn_port_modal_amplitudes,0.0,1.6344119643692174e-10
506,bottom,outgoing_down,substrate,-1,3,-1,3,s,-6.2831853071795868e-02+0.0000000000000000e+00j,1.8849555921538758e-01+0.0000000000000000e+00j,4.2036478942776917e-01+9.4026555135613547e-04j,-4.2036478942776917e-01-9.4026555135613547e-04j,-1,True,False,9.9900230485899999e-01+1.8264936500000000e-03j,-2.2782500925795963e-04+3.7387920193018560e-04j,0.0000000000000000e+00+0.0000000000000000e+00j,-2.2782500925795963e-04+3.7387920193018560e-04j,-4.8251978603356227e-01-8.6518498699849899e-01j,4.3340474718122181e-04+1.6706665155028535e-05j,0.0008495372121895881,1.6990744243791765e-07,dtn_port_modal_amplitudes,0.0,1.6990744243791765e-07
507,bottom,outgoing_down,substrate,-1,3,-1,3,p,-6.2831853071795868e-02+0.0000000000000000e+00j,1.8849555921538758e-01+0.0000000000000000e+00j,4.2036478942776917e-01+9.4026555135613547e-04j,-4.2036478942776917e-01-9.4026555135613547e-04j,-1,True,False,9.9900230485899999e-01+1.8264936500000000e-03j,6.1706430860301951e-04-1.0129235174985869e-03j,0.0000000000000000e+00+0.0000000000000000e+00j,6.1706430860301951e-04-1.0129235174985869e-03j,-4.8251978603356227e-01-8.6518498699849899e-01j,-1.1741119584735660e-03-4.5119136884159755e-05j,0.006234621940963624,1.246924388192725e-06,dtn_port_modal_amplitudes,0.0,1.246924388192725e-06
508,bottom,outgoing_down,substrate,-1,4,-1,4,s,-6.2831853071795868e-02+0.0000000000000000e+00j,2.5132741228718347e-01+0.0000000000000000e+00j,3.8609820999417283e-01+1.0237150037757817e-03j,-3.8609820999417283e-01-1.0237150037757817e-03j,-1,True,False,9.9900230485899999e-01+1.8264936500000000e-03j,-2.0153589258906253e-06+2.6182603329873974e-06j,0.0000000000000000e+00+0.0000000000000000e+00j,-2.0153589258906253e-06+2.6182603329873974e-06j,-7.4454699198637742e-01-6.5221442176757782e-01j,3.2081965751611226e-06-6.3497169865913700e-07j,4.4364080767179054e-08,8.872816153435812e-12,dtn_port_modal_amplitudes,0.0,8.872816153435812e-12
509,bottom,outgoing_down,substrate,-1,4,-1,4,p,-6.2831853071795868e-02+0.0000000000000000e+00j,2.5132741228718347e-01+0.0000000000000000e+00j,3.8609820999417283e-01+1.0237150037757817e-03j,-3.8609820999417283e-01-1.0237150037757817e-03j,-1,True,False,9.9900230485899999e-01+1.8264936500000000e-03j,7.9704224804072968e-06-1.0246149138738055e-05j,0.0000000000000000e+00+0.0000000000000000e+00j,7.9704224804072968e-06-1.0246149138738055e-05j,-7.4454699198637742e-01-6.5221442176757782e-01j,-1.2617040318514260e-05+2.4303150313890815e-06j,6.847918857482279e-07,1.369583771496456e-10,dtn_port_modal_amplitudes,0.0,1.369583771496456e-10
510,bottom,outgoing_down,substrate,-1,5,-1,5,s,-6.2831853071795868e-02+0.0000000000000000e+00j,3.1415926535897931e-01+0.0000000000000000e+00j,3.3695931484691999e-01+1.1730037220712257e-03j,-3.3695931484691999e-01-1.1730037220712257e-03j,-1,True,False,9.9900230485899999e-01+1.8264936500000000e-03j,-4.1387507396190051e-06-5.0763127974066931e-07j,0.0000000000000000e+00+0.0000000000000000e+00j,-4.1387507396190051e-06-5.0763127974066931e-07j,-9.6276057846770913e-01-2.2339436484036512e-01j,3.8712240888984839e-06+1.4133009772412093e-06j,6.148032085398648e-08,1.2296064170797298e-11,dtn_port_modal_amplitudes,0.0,1.2296064170797298e-11
511,bottom,outgoing_down,substrate,-1,5,-1,5,p,-6.2831853071795868e-02+0.0000000000000000e+00j,3.1415926535897931e-01+0.0000000000000000e+00j,3.3695931484691999e-01+1.1730037220712257e-03j,-3.3695931484691999e-01-1.1730037220712257e-03j,-1,True,False,9.9900230485899999e-01+1.8264936500000000e-03j,1.4065052256178348e-05+2.5274487911752352e-06j,0.0000000000000000e+00+0.0000000000000000e+00j,1.4065052256178348e-05+2.5274487911752352e-06j,-9.6276057846770913e-01-2.2339436484036512e-01j,-1.2976660028965684e-05-5.5753814754548879e-06j,7.22100503560929e-07,1.4442010071218582e-10,dtn_port_modal_amplitudes,0.0,1.4442010071218582e-10
512,bottom,outgoing_down,substrate,-1,6,-1,6,s,-6.2831853071795868e-02+0.0000000000000000e+00j,3.7699111843077515e-01+0.0000000000000000e+00j,2.6479458579029341e-01+1.4926835808305868e-03j,-2.6479458579029341e-01-1.4926835808305868e-03j,-1,True,False,9.9900230485899999e-01+1.8264936500000000e-03j,2.8248625100789365e-07-1.5779718226025161e-07j,0.0000000000000000e+00+0.0000000000000000e+00j,2.8248625100789365e-07-1.5779718226025161e-07j,-8.6756360553666012e-01+4.6682002743340356e-01j,-1.7141190548729774e-07+2.6876933183029367e-07j,2.8907324733972017e-10,5.781464946794404e-14,dtn_port_modal_amplitudes,0.0,5.781464946794404e-14
513,bottom,outgoing_down,substrate,-1,6,-1,6,p,-6.2831853071795868e-02+0.0000000000000000e+00j,3.7699111843077515e-01+0.0000000000000000e+00j,2.6479458579029341e-01+1.4926835808305868e-03j,-2.6479458579029341e-01-1.4926835808305868e-03j,-1,True,False,9.9900230485899999e-01+1.8264936500000000e-03j,-1.4375981494366700e-06+1.0272818765656238e-06j,0.0000000000000000e+00+0.0000000000000000e+00j,-1.4375981494366700e-06+1.0272818765656238e-06j,-8.6756360553666012e-01+4.6682002743340356e-01j,7.6765208003790504e-07-1.5623319762939753e-06j,8.619858395858548e-09,1.7239716791717099e-12,dtn_port_modal_amplitudes,0.0,1.7239716791717099e-12
514,bottom,outgoing_down,substrate,-1,7,-1,7,s,-6.2831853071795868e-02+0.0000000000000000e+00j,4.3982297150257105e-01+0.0000000000000000e+00j,1.3711422769912734e-01+2.8826660597857327e-03j,-1.3711422769912734e-01-2.8826660597857327e-03j,-1,True,False,9.9900230485899999e-01+1.8264936500000000e-03j,2.3863287180671565e-05+2.3351063247306854e-05j,0.0000000000000000e+00+0.0000000000000000e+00j,2.3863287180671565e-05+2.3351063247306854e-05j,1.9269468320661395e-01+9.5228457230469898e-01j,-1.7638528713773622e-05+2.7224265961607429e-05j,1.550019145098812e-06,3.1000382901976245e-10,dtn_port_modal_amplitudes,0.0,3.1000382901976245e-10
515,bottom,outgoing_down,substrate,-1,7,-1,7,p,-6.2831853071795868e-02+0.0000000000000000e+00j,4.3982297150257105e-01+0.0000000000000000e+00j,1.3711422769912734e-01+2.8826660597857327e-03j,-1.3711422769912734e-01-2.8826660597857327e-03j,-1,True,False,9.9900230485899999e-01+1.8264936500000000e-03j,-3.5358525383708485e-05-4.2194289449757920e-05j,0.0000000000000000e+00+0.0000000000000000e+00j,-3.5358525383708485e-05-4.2194289449757920e-05j,1.9269468320661395e-01+9.5228457230469898e-01j,3.3367571034896669e-05-4.1801993460998954e-05j,4.213996243783369e-06,8.427992487566739e-10,dtn_port_modal_amplitudes,0.0,8.427992487566739e-10
516,bottom,outgoing_down,substrate,0,-7,0,-7,s,0.0000000000000000e+00+0.0000000000000000e+00j,-4.3982297150257105e-01+0.0000000000000000e+00j,1.5082012965905017e-01+2.6207014368409237e-03j,-1.5082012965905017e-01-2.6207014368409237e-03j,-1,True,False,9.9900230485899999e-01+1.8264936500000000e-03j,-1.3693720613653004e-14-1.6179735757589901e-14j,0.0000000000000000e+00+0.0000000000000000e+00j,-1.3693720613653004e-14-1.6179735757589901e-14j,6.0936099297287917e-02+9.7222563768366443e-01j,1.4895911995413152e-14-1.4299316240599111e-14j,6.908094686191388e-25,1.3816189372382778e-28,dtn_port_modal_amplitudes,0.0,1.3816189372382778e-28
517,bottom,outgoing_down,substrate,0,-7,0,-7,p,0.0000000000000000e+00+0.0000000000000000e+00j,-4.3982297150257105e-01+0.0000000000000000e+00j,1.5082012965905017e-01+2.6207014368409237e-03j,-1.5082012965905017e-01-2.6207014368409237e-03j,-1,True,False,9.9900230485899999e-01+1.8264936500000000e-03j,-3.8397033159453406e-05-1.0770633712091224e-04j,0.0000000000000000e+00+0.0000000000000000e+00j,-3.8397033159453406e-05-1.0770633712091224e-04j,6.0936099297287917e-02+9.7222563768366443e-01j,1.0237509686462493e-04-4.3893784102357473e-05j,2.010302272480677e-05,4.020604544961355e-09,dtn_port_modal_amplitudes,0.0,4.020604544961355e-09
518,bottom,outgoing_down,substrate,0,-6,0,-6,s,0.0000000000000000e+00+0.0000000000000000e+00j,-3.7699111843077515e-01+0.0000000000000000e+00j,2.7214682739800677e-01+1.4523576639898100e-03j,-2.7214682739800677e-01-1.4523576639898100e-03j,-1,True,False,9.9900230485899999e-01+1.8264936500000000e-03j,1.9672593883553288e-14-5.6673186777532865e-15j,0.0000000000000000e+00+0.0000000000000000e+00j,1.9672593883553288e-14-5.6673186777532865e-15j,-8.9987346668719126e-01+4.0199303977376999e-01j,-1.5424622594085626e-14+1.3008115520855379e-14j,1.1903107080041202e-24,2.380621416008241e-28,dtn_port_modal_amplitudes,0.0,2.380621416008241e-28
519,bottom,outgoing_down,substrate,0,-6,0,-6,p,0.0000000000000000e+00+0.0000000000000000e+00j,-3.7699111843077515e-01+0.0000000000000000e+00j,2.7214682739800677e-01+1.4523576639898100e-03j,-2.7214682739800677e-01-1.4523576639898100e-03j,-1,True,False,9.9900230485899999e-01+1.8264936500000000e-03j,-2.2065750127862619e-06+1.0510073929129915e-06j,0.0000000000000000e+00+0.0000000000000000e+00j,-2.2065750127862619e-06+1.0510073929129915e-06j,-8.9987346668719126e-01+4.0199303977376999e-01j,1.5631406495595085e-06-1.8328014630532754e-06j,1.696475377144836e-08,3.3929507542896727e-12,dtn_port_modal_amplitudes,0.0,3.3929507542896727e-12
520,bottom,outgoing_down,substrate,0,-5,0,-5,s,0.0000000000000000e+00+0.0000000000000000e+00j,-3.1415926535897931e-01+0.0000000000000000e+00j,3.4276723208213411e-01+1.1531281100035141e-03j,-3.4276723208213411e-01-1.1531281100035141e-03j,-1,True,False,9.9900230485899999e-01+1.8264936500000000e-03j,-9.8155773916353691e-15-1.2149806950039172e-14j,0.0000000000000000e+00+0.0000000000000000e+00j,-9.8155773916353691e-15-1.2149806950039172e-14j,-9.4835845410302377e-01-2.7895804079833547e-01j,5.9193994583989816e-15+1.4260506375264362e-14j,8.778733791585955e-25,1.7557467583171913e-28,dtn_port_modal_amplitudes,0.0,1.7557467583171913e-28
521,bottom,outgoing_down,substrate,0,-5,0,-5,p,0.0000000000000000e+00+0.0000000000000000e+00j,-3.1415926535897931e-01+0.0000000000000000e+00j,3.4276723208213411e-01+1.1531281100035141e-03j,-3.4276723208213411e-01-1.1531281100035141e-03j,-1,True,False,9.9900230485899999e-01+1.8264936500000000e-03j,9.1524418922274488e-05+2.4400619090453683e-05j,0.0000000000000000e+00+0.0000000000000000e+00j,9.1524418922274488e-05+2.4400619090453683e-05j,-9.4835845410302377e-01-2.7895804079833547e-01j,-7.9991207546066352e-05-4.8672005987543182e-05j,3.22850766876917e-05,6.457015337538341e-09,dtn_port_modal_amplitudes,0.0,6.457015337538341e-09
522,bottom,outgoing_down,substrate,0,-4,0,-4,s,0.0000000000000000e+00+0.0000000000000000e+00j,-2.5132741228718347e-01+0.0000000000000000e+00j,3.9117725200165521e-01+1.0104230971496643e-03j,-3.9117725200165521e-01-1.0104230971496643e-03j,-1,True,False,9.9900230485899999e-01+1.8264936500000000e-03j,-1.1198935166043427e-14-7.7068823285911487e-15j,0.0000000000000000e+00+0.0000000000000000e+00j,-1.1198935166043427e-14-7.7068823285911487e-15j,-7.1056929492639742e-01-6.8926456284293680e-01j,2.6455385857635821e-15+1.3195303093837040e-14j,7.611174375058097e-25,1.5222348750116196e-28,dtn_port_modal_amplitudes,0.0,1.5222348750116196e-28
523,bottom,outgoing_down,substrate,0,-4,0,-4,p,0.0000000000000000e+00+0.0000000000000000e+00j,-2.5132741228718347e-01+0.0000000000000000e+00j,3.9117725200165521e-01+1.0104230971496643e-03j,-3.9117725200165521e-01-1.0104230971496643e-03j,-1,True,False,9.9900230485899999e-01+1.8264936500000000e-03j,1.2721885400002800e-05-1.5253277637018366e-05j,0.0000000000000000e+00+0.0000000000000000e+00j,1.2721885400002800e-05-1.5253277637018366e-05j,-7.1056929492639742e-01-6.8926456284293680e-01j,-1.9553324881215826e-05+2.0697659570818557e-06j,1.6247173531693495e-06,3.2494347063386997e-10,dtn_port_modal_amplitudes,0.0,3.2494347063386997e-10
524,bottom,outgoing_down,substrate,0,-3,0,-3,s,0.0000000000000000e+00+0.0000000000000000e+00j,-1.8849555921538758e-01+0.0000000000000000e+00j,4.2503456168993237e-01+9.2993503617795192e-04j,-4.2503456168993237e-01-9.2993503617795192e-04j,-1,True,False,9.9900230485899999e-01+1.8264936500000000e-03j,-6.7386624459484783e-15-8.4811548582819044e-15j,0.0000000000000000e+00+0.0000000000000000e+00j,-6.7386624459484783e-15-8.4811548582819044e-15j,-4.4165190809721844e-01-8.8685781267387764e-01j,-4.5454353192881059e-15+9.7219536631896678e-15j,5.259146760056737e-25,1.0518293520113475e-28,dtn_port_modal_amplitudes,0.0,1.0518293520113475e-28
525,bottom,outgoing_down,substrate,0,-3,0,-3,p,0.0000000000000000e+00+0.0000000000000000e+00j,-1.8849555921538758e-01+0.0000000000000000e+00j,4.2503456168993237e-01+9.2993503617795192e-04j,-4.2503456168993237e-01-9.2993503617795192e-04j,-1,True,False,9.9900230485899999e-01+1.8264936500000000e-03j,1.2500557841012858e-03-1.6164035686630782e-03j,0.0000000000000000e+00+0.0000000000000000e+00j,1.2500557841012858e-03-1.6164035686630782e-03j,-4.4165190809721844e-01-8.8685781267387764e-01j,-1.9856096555790851e-03-3.9473401805319359e-04j,0.01871409889821658,3.7428197796433167e-06,dtn_port_modal_amplitudes,0.0,3.7428197796433167e-06
526,bottom,outgoing_down,substrate,0,-2,0,-2,s,0.0000000000000000e+00+0.0000000000000000e+00j,-1.2566370614359174e-01+0.0000000000000000e+00j,4.4765332820254328e-01+8.8294782055808158e-04j,-4.4765332820254328e-01-8.8294782055808158e-04j,-1,True,False,9.9900230485899999e-01+1.8264936500000000e-03j,-7.0203866986958925e-15-1.1618311927555309e-14j,0.0000000000000000e+00+0.0000000000000000e+00j,-7.0203866986958925e-15-1.1618311927555309e-14j,-2.3162093194174876e-01-9.6376749949998630e-01j,-9.5712829250874459e-15+9.4570647703753998e-15j,8.706699005257342e-25,1.7413398010514686e-28,dtn_port_modal_amplitudes,0.0,1.7413398010514686e-28
527,bottom,outgoing_down,substrate,0,-2,0,-2,p,0.0000000000000000e+00+0.0000000000000000e+00j,-1.2566370614359174e-01+0.0000000000000000e+00j,4.4765332820254328e-01+8.8294782055808158e-04j,-4.4765332820254328e-01-8.8294782055808158e-04j,-1,True,False,9.9900230485899999e-01+1.8264936500000000e-03j,-1.7457380057966478e-05-1.2769552522541404e-05j,0.0000000000000000e+00+0.0000000000000000e+00j,-1.7457380057966478e-05-1.2769552522541404e-05j,-2.3162093194174876e-01-9.6376749949998630e-01j,-8.2633850660959750e-06+1.9782551182037428e-05j,2.2104301498012864e-06,4.4208602996025735e-10,dtn_port_modal_amplitudes,0.0,4.4208602996025735e-10
528,bottom,outgoing_down,substrate,0,-1,0,-1,s,0.0000000000000000e+00+0.0000000000000000e+00j,-6.2831853071795868e-02+0.0000000000000000e+00j,4.6069185365947102e-01+8.5795858416495233e-04j,-4.6069185365947102e-01-8.5795858416495233e-04j,-1,True,False,9.9900230485899999e-01+1.8264936500000000e-03j,1.1061245979599166e-14+4.4492781413801468e-15j,0.0000000000000000e+00+0.0000000000000000e+00j,1.1061245979599166e-14+4.4492781413801468e-15j,-1.0437565763072278e-01-9.8594773215798548e-01j,3.2322308698980014e-15-1.1370206720415986e-14j,6.91545454418451e-25,1.3830909088369023e-28,dtn_port_modal_amplitudes,0.0,1.3830909088369023e-28
529,bottom,outgoing_down,substrate,0,-1,0,-1,p,0.0000000000000000e+00+0.0000000000000000e+00j,-6.2831853071795868e-02+0.0000000000000000e+00j,4.6069185365947102e-01+8.5795858416495233e-04j,-4.6069185365947102e-01-8.5795858416495233e-04j,-1,True,False,9.9900230485899999e-01+1.8264936500000000e-03j,-7.0458273412553670e-03+6.2898740545941996e-04j,0.0000000000000000e+00+0.0000000000000000e+00j,-7.0458273412553670e-03+6.2898740545941996e-04j,-1.0437565763072278e-01-9.8594773215798548e-01j,1.3555615682647065e-03+6.8811665142011888e-03j,0.24344093057989116,4.868818611597824e-05,dtn_port_modal_amplitudes,0.0,4.868818611597824e-05
530,bottom,outgoing_down,substrate,0,0,0,0,x,0.0000000000000000e+00+0.0000000000000000e+00j,0.0000000000000000e+00+0.0000000000000000e+00j,4.6495678546137859e-01+8.5008874558050471e-04j,-4.6495678546137859e-01-8.5008874558050471e-04j,-1,True,False,9.9900230485899999e-01+1.8264936500000000e-03j,-6.3298914362281315e-15-1.3262279390503705e-14j,0.0000000000000000e+00+0.0000000000000000e+00j,-6.3298914362281315e-15-1.3262279390503705e-14j,-6.2248391244742879e-02-9.8957924262322694e-01j,-1.2730050836053212e-14+7.0894847296470495e-15j,1.0605158119424416e-24,2.1210316238848837e-28,dtn_port_modal_amplitudes,0.0,2.1210316238848837e-28
531,bottom,outgoing_down,substrate,0,0,0,0,y,0.0000000000000000e+00+0.0000000000000000e+00j,0.0000000000000000e+00+0.0000000000000000e+00j,4.6495678546137859e-01+8.5008874558050471e-04j,-4.6495678546137859e-01-8.5008874558050471e-04j,-1,True,False,9.9900230485899999e-01+1.8264936500000000e-03j,8.7534564702839579e-01-4.6430910161312067e-01j,0.0000000000000000e+00+0.0000000000000000e+00j,8.7534564702839579e-01-4.6430910161312067e-01j,-6.2248391244742879e-02-9.8957924262322694e-01j,-5.1395950742798902e-01-8.3732138780418985e-01j,4821.4922252990955,0.9642984450598193,dtn_port_modal_amplitudes,0.0,0.9642984450598193
532,bottom,outgoing_down,substrate,0,1,0,1,s,0.0000000000000000e+00+0.0000000000000000e+00j,6.2831853071795868e-02+0.0000000000000000e+00j,4.6069185365947102e-01+8.5795858416495233e-04j,-4.6069185365947102e-01-8.5795858416495233e-04j,-1,True,False,9.9900230485899999e-01+1.8264936500000000e-03j,2.0141881025390605e-15+3.5750324842695696e-15j,0.0000000000000000e+00+0.0000000000000000e+00j,2.0141881025390605e-15+3.5750324842695696e-15j,-1.0437565763072278e-01-9.8594773215798548e-01j,3.3145629624622189e-15-2.3590305584348155e-15j,8.191584836568694e-26,1.638316967313739e-29,dtn_port_modal_amplitudes,0.0,1.638316967313739e-29
533,bottom,outgoing_down,substrate,0,1,0,1,p,0.0000000000000000e+00+0.0000000000000000e+00j,6.2831853071795868e-02+0.0000000000000000e+00j,4.6069185365947102e-01+8.5795858416495233e-04j,-4.6069185365947102e-01-8.5795858416495233e-04j,-1,True,False,9.9900230485899999e-01+1.8264936500000000e-03j,7.0458273412620310e-03-6.2898740545545275e-04j,0.0000000000000000e+00+0.0000000000000000e+00j,7.0458273412620310e-03-6.2898740545545275e-04j,-1.0437565763072278e-01-9.8594773215798548e-01j,-1.3555615682614903e-03-6.8811665142081728e-03j,0.2434409305803237,4.868818611606475e-05,dtn_port_modal_amplitudes,0.0,4.868818611606475e-05
534,bottom,outgoing_down,substrate,0,2,0,2,s,0.0000000000000000e+00+0.0000000000000000e+00j,1.2566370614359174e-01+0.0000000000000000e+00j,4.4765332820254328e-01+8.8294782055808158e-04j,-4.4765332820254328e-01-8.8294782055808158e-04j,-1,True,False,9.9900230485899999e-01+1.8264936500000000e-03j,-1.6819201985059151e-15+2.7177710695604875e-15j,0.0000000000000000e+00+0.0000000000000000e+00j,-1.6819201985059151e-15+2.7177710695604875e-15j,-2.3162093194174876e-01-9.6376749949998630e-01j,3.0088673517533057e-15+9.9148735613664281e-16j,4.826592696105583e-26,9.653185392211168e-30,dtn_port_modal_amplitudes,0.0,9.653185392211168e-30
535,bottom,outgoing_down,substrate,0,2,0,2,p,0.0000000000000000e+00+0.0000000000000000e+00j,1.2566370614359174e-01+0.0000000000000000e+00j,4.4765332820254328e-01+8.8294782055808158e-04j,-4.4765332820254328e-01-8.8294782055808158e-04j,-1,True,False,9.9900230485899999e-01+1.8264936500000000e-03j,1.7457380091695340e-05+1.2769552521105780e-05j,0.0000000000000000e+00+0.0000000000000000e+00j,1.7457380091695340e-05+1.2769552521105780e-05j,-2.3162093194174876e-01-9.6376749949998630e-01j,8.2633850569000567e-06-1.9782551214211687e-05j,2.210430155192306e-06,4.4208603103846127e-10,dtn_port_modal_amplitudes,0.0,4.4208603103846127e-10
536,bottom,outgoing_down,substrate,0,3,0,3,s,0.0000000000000000e+00+0.0000000000000000e+00j,1.8849555921538758e-01+0.0000000000000000e+00j,4.2503456168993237e-01+9.2993503617795192e-04j,-4.2503456168993237e-01-9.2993503617795192e-04j,-1,True,False,9.9900230485899999e-01+1.8264936500000000e-03j,3.4441353356163438e-15-6.6474872951699474e-15j,0.0000000000000000e+00+0.0000000000000000e+00j,3.4441353356163438e-15-6.6474872951699474e-15j,-4.4165190809721844e-01-8.8685781267387764e-01j,-7.4164849850918227e-15-1.1858288233369739e-16j,2.51220692226639e-25,5.0244138445327813e-29,dtn_port_modal_amplitudes,0.0,5.0244138445327813e-29
537,bottom,outgoing_down,substrate,0,3,0,3,p,0.0000000000000000e+00+0.0000000000000000e+00j,1.8849555921538758e-01+0.0000000000000000e+00j,4.2503456168993237e-01+9.2993503617795192e-04j,-4.2503456168993237e-01-9.2993503617795192e-04j,-1,True,False,9.9900230485899999e-01+1.8264936500000000e-03j,-1.2500557840906040e-03+1.6164035686214325e-03j,0.0000000000000000e+00+0.0000000000000000e+00j,-1.2500557840906040e-03+1.6164035686214325e-03j,-4.4165190809721844e-01-8.8685781267387764e-01j,1.9856096555374335e-03+3.9473401806211321e-04j,0.018714098897493463,3.7428197794986934e-06,dtn_port_modal_amplitudes,0.0,3.7428197794986934e-06
538,bottom,outgoing_down,substrate,0,4,0,4,s,0.0000000000000000e+00+0.0000000000000000e+00j,2.5132741228718347e-01+0.0000000000000000e+00j,3.9117725200165521e-01+1.0104230971496643e-03j,-3.9117725200165521e-01-1.0104230971496643e-03j,-1,True,False,9.9900230485899999e-01+1.8264936500000000e-03j,9.1855515224206726e-15+2.6214756202769515e-15j,0.0000000000000000e+00+0.0000000000000000e+00j,9.1855515224206726e-15+2.6214756202769515e-15j,-7.1056929492639742e-01-6.8926456284293680e-01j,-4.7200806213829440e-15-8.1940152377394913e-15j,3.7578310060190213e-25,7.515662012038043e-29,dtn_port_modal_amplitudes,0.0,7.515662012038043e-29
539,bottom,outgoing_down,substrate,0,4,0,4,p,0.0000000000000000e+00+0.0000000000000000e+00j,2.5132741228718347e-01+0.0000000000000000e+00j,3.9117725200165521e-01+1.0104230971496643e-03j,-3.9117725200165521e-01-1.0104230971496643e-03j,-1,True,False,9.9900230485899999e-01+1.8264936500000000e-03j,-1.2721885386949946e-05+1.5253277620939266e-05j,0.0000000000000000e+00+0.0000000000000000e+00j,-1.2721885386949946e-05+1.5253277620939266e-05j,-7.1056929492639742e-01-6.8926456284293680e-01j,1.9553324860858118e-05-2.0697659546534106e-06j,1.624717349781481e-06,3.249434699562963e-10,dtn_port_modal_amplitudes,0.0,3.249434699562963e-10
540,bottom,outgoing_down,substrate,0,5,0,5,s,0.0000000000000000e+00+0.0000000000000000e+00j,3.1415926535897931e-01+0.0000000000000000e+00j,3.4276723208213411e-01+1.1531281100035141e-03j,-3.4276723208213411e-01-1.1531281100035141e-03j,-1,True,False,9.9900230485899999e-01+1.8264936500000000e-03j,-5.7799533898916907e-15-6.1687797651245817e-15j,0.0000000000000000e+00+0.0000000000000000e+00j,-5.7799533898916907e-15-6.1687797651245817e-15j,-9.4835845410302377e-01-2.7895804079833547e-01j,3.7606369442296466e-15+7.4625789153054462e-15j,2.5714650862796054e-25,5.142930172559211e-29,dtn_port_modal_amplitudes,0.0,5.142930172559211e-29
541,bottom,outgoing_down,substrate,0,5,0,5,p,0.0000000000000000e+00+0.0000000000000000e+00j,3.1415926535897931e-01+0.0000000000000000e+00j,3.4276723208213411e-01+1.1531281100035141e-03j,-3.4276723208213411e-01-1.1531281100035141e-03j,-1,True,False,9.9900230485899999e-01+1.8264936500000000e-03j,-9.1524418928864810e-05-2.4400619092164117e-05j,0.0000000000000000e+00+0.0000000000000000e+00j,-9.1524418928864810e-05-2.4400619092164117e-05j,-9.4835845410302377e-01-2.7895804079833547e-01j,7.9991207551839200e-05+4.8672005991003711e-05j,3.228507669233298e-05,6.457015338466597e-09,dtn_port_modal_amplitudes,0.0,6.457015338466597e-09
542,bottom,outgoing_down,substrate,0,6,0,6,s,0.0000000000000000e+00+0.0000000000000000e+00j,3.7699111843077515e-01+0.0000000000000000e+00j,2.7214682739800677e-01+1.4523576639898100e-03j,-2.7214682739800677e-01-1.4523576639898100e-03j,-1,True,False,9.9900230485899999e-01+1.8264936500000000e-03j,1.1863536205181944e-14+6.5111626916962602e-15j,0.0000000000000000e+00+0.0000000000000000e+00j,1.1863536205181944e-14+6.5111626916962602e-15j,-8.9987346668719126e-01+4.0199303977376999e-01j,-1.3293123535022622e-14-1.0901635619537518e-15j,5.201065967914137e-25,1.0402131935828277e-28,dtn_port_modal_amplitudes,0.0,1.0402131935828277e-28
543,bottom,outgoing_down,substrate,0,6,0,6,p,0.0000000000000000e+00+0.0000000000000000e+00j,3.7699111843077515e-01+0.0000000000000000e+00j,2.7214682739800677e-01+1.4523576639898100e-03j,-2.7214682739800677e-01-1.4523576639898100e-03j,-1,True,False,9.9900230485899999e-01+1.8264936500000000e-03j,2.2065750051298049e-06-1.0510073644628804e-06j,0.0000000000000000e+00+0.0000000000000000e+00j,2.2065750051298049e-06-1.0510073644628804e-06j,-8.9987346668719126e-01+4.0199303977376999e-01j,-1.5631406541064125e-06+1.8328014343739328e-06j,1.6964753505651866e-08,3.392950701130374e-12,dtn_port_modal_amplitudes,0.0,3.392950701130374e-12
544,bottom,outgoing_down,substrate,0,7,0,7,s,0.0000000000000000e+00+0.0000000000000000e+00j,4.3982297150257105e-01+0.0000000000000000e+00j,1.5082012965905017e-01+2.6207014368409237e-03j,-1.5082012965905017e-01-2.6207014368409237e-03j,-1,True,False,9.9900230485899999e-01+1.8264936500000000e-03j,-7.3647525343038270e-15+1.8947647516826569e-14j,0.0000000000000000e+00+0.0000000000000000e+00j,-7.3647525343038270e-15+1.8947647516826569e-14j,6.0936099297287917e-02+9.7222563768366443e-01j,-1.8870167981382303e-14-6.0056054985105669e-15j,6.353836401075554e-25,1.270767280215111e-28,dtn_port_modal_amplitudes,0.0,1.270767280215111e-28
545,bottom,outgoing_down,substrate,0,7,0,7,p,0.0000000000000000e+00+0.0000000000000000e+00j,4.3982297150257105e-01+0.0000000000000000e+00j,1.5082012965905017e-01+2.6207014368409237e-03j,-1.5082012965905017e-01-2.6207014368409237e-03j,-1,True,False,9.9900230485899999e-01+1.8264936500000000e-03j,3.8397033158799679e-05+1.0770633714529421e-04j,0.0000000000000000e+00+0.0000000000000000e+00j,3.8397033158799679e-05+1.0770633714529421e-04j,6.0936099297287917e-02+9.7222563768366443e-01j,-1.0237509688836954e-04+4.3893784103207644e-05j,2.010302273280491e-05,4.020604546560983e-09,dtn_port_modal_amplitudes,0.0,4.020604546560983e-09
546,bottom,outgoing_down,substrate,1,-7,1,-7,s,6.2831853071795868e-02+0.0000000000000000e+00j,-4.3982297150257105e-01+0.0000000000000000e+00j,1.3711422769912734e-01+2.8826660597857327e-03j,-1.3711422769912734e-01-2.8826660597857327e-03j,-1,True,False,9.9900230485899999e-01+1.8264936500000000e-03j,-2.3863287187823322e-05-2.3351063233273256e-05j,0.0000000000000000e+00+0.0000000000000000e+00j,-2.3863287187823322e-05-2.3351063233273256e-05j,1.9269468320661395e-01+9.5228457230469898e-01j,1.7638528699031538e-05-2.7224265965713736e-05j,1.5500191446621008e-06,3.1000382893242024e-10,dtn_port_modal_amplitudes,0.0,3.1000382893242024e-10
547,bottom,outgoing_down,substrate,1,-7,1,-7,p,6.2831853071795868e-02+0.0000000000000000e+00j,-4.3982297150257105e-01+0.0000000000000000e+00j,1.3711422769912734e-01+2.8826660597857327e-03j,-1.3711422769912734e-01-2.8826660597857327e-03j,-1,True,False,9.9900230485899999e-01+1.8264936500000000e-03j,3.5358525383254360e-05+4.2194289375238042e-05j,0.0000000000000000e+00+0.0000000000000000e+00j,3.5358525383254360e-05+4.2194289375238042e-05j,1.9269468320661395e-01+9.5228457230469898e-01j,-3.3367570964020049e-05+4.1801993446206912e-05j,4.213996234994441e-06,8.427992469988883e-10,dtn_port_modal_amplitudes,0.0,8.427992469988883e-10
548,bottom,outgoing_down,substrate,1,-6,1,-6,s,6.2831853071795868e-02+0.0000000000000000e+00j,-3.7699111843077515e-01+0.0000000000000000e+00j,2.6479458579029341e-01+1.4926835808305868e-03j,-2.6479458579029341e-01-1.4926835808305868e-03j,-1,True,False,9.9900230485899999e-01+1.8264936500000000e-03j,-2.8248625486910186e-07+1.5779715882888549e-07j,0.0000000000000000e+00+0.0000000000000000e+00j,-2.8248625486910186e-07+1.5779715882888549e-07j,-8.6756360553666012e-01+4.6682002743340356e-01j,1.7141191977537245e-07-2.6876931330458250e-07j,2.8907323294567224e-10,5.781464658913446e-14,dtn_port_modal_amplitudes,0.0,5.781464658913446e-14
549,bottom,outgoing_down,substrate,1,-6,1,-6,p,6.2831853071795868e-02+0.0000000000000000e+00j,-3.7699111843077515e-01+0.0000000000000000e+00j,2.6479458579029341e-01+1.4926835808305868e-03j,-2.6479458579029341e-01-1.4926835808305868e-03j,-1,True,False,9.9900230485899999e-01+1.8264936500000000e-03j,1.4375981445835465e-06-1.0272818588082767e-06j,0.0000000000000000e+00+0.0000000000000000e+00j,1.4375981445835465e-06-1.0272818588082767e-06j,-8.6756360553666012e-01+4.6682002743340356e-01j,-7.6765208411699675e-07+1.5623319586228118e-06j,8.619858256600783e-09,1.723971651320157e-12,dtn_port_modal_amplitudes,0.0,1.723971651320157e-12
550,bottom,outgoing_down,substrate,1,-5,1,-5,s,6.2831853071795868e-02+0.0000000000000000e+00j,-3.1415926535897931e-01+0.0000000000000000e+00j,3.3695931484691999e-01+1.1730037220712257e-03j,-3.3695931484691999e-01-1.1730037220712257e-03j,-1,True,False,9.9900230485899999e-01+1.8264936500000000e-03j,4.1387507375237505e-06+5.0763128605673639e-07j,0.0000000000000000e+00+0.0000000000000000e+00j,4.1387507375237505e-06+5.0763128605673639e-07j,-9.6276057846770913e-01-2.2339436484036512e-01j,-3.8712240854702815e-06-1.4133009828540015e-06j,6.14803208153344e-08,1.2296064163066882e-11,dtn_port_modal_amplitudes,0.0,1.2296064163066882e-11
551,bottom,outgoing_down,substrate,1,-5,1,-5,p,6.2831853071795868e-02+0.0000000000000000e+00j,-3.1415926535897931e-01+0.0000000000000000e+00j,3.3695931484691999e-01+1.1730037220712257e-03j,-3.3695931484691999e-01-1.1730037220712257e-03j,-1,True,False,9.9900230485899999e-01+1.8264936500000000e-03j,-1.4065052239406846e-05-2.5274488083859922e-06j,0.0000000000000000e+00+0.0000000000000000e+00j,-1.4065052239406846e-05-2.5274488083859922e-06j,-9.6276057846770913e-01-2.2339436484036512e-01j,1.2976660008973956e-05+5.5753814882780671e-06j,7.221005022003257e-07,1.4442010044006516e-10,dtn_port_modal_amplitudes,0.0,1.4442010044006516e-10
552,bottom,outgoing_down,substrate,1,-4,1,-4,s,6.2831853071795868e-02+0.0000000000000000e+00j,-2.5132741228718347e-01+0.0000000000000000e+00j,3.8609820999417283e-01+1.0237150037757817e-03j,-3.8609820999417283e-01-1.0237150037757817e-03j,-1,True,False,9.9900230485899999e-01+1.8264936500000000e-03j,2.0153589227339770e-06-2.6182603411172391e-06j,0.0000000000000000e+00+0.0000000000000000e+00j,2.0153589227339770e-06-2.6182603411172391e-06j,-7.4454699198637742e-01-6.5221442176757782e-01j,-3.2081965781132501e-06+6.3497170677099747e-07j,4.436408088847679e-08,8.87281617769536e-12,dtn_port_modal_amplitudes,0.0,8.87281617769536e-12
553,bottom,outgoing_down,substrate,1,-4,1,-4,p,6.2831853071795868e-02+0.0000000000000000e+00j,-2.5132741228718347e-01+0.0000000000000000e+00j,3.8609820999417283e-01+1.0237150037757817e-03j,-3.8609820999417283e-01-1.0237150037757817e-03j,-1,True,False,9.9900230485899999e-01+1.8264936500000000e-03j,-7.9704225035596092e-06+1.0246149144544215e-05j,0.0000000000000000e+00+0.0000000000000000e+00j,-7.9704225035596092e-06+1.0246149144544215e-05j,-7.4454699198637742e-01-6.5221442176757782e-01j,1.2617040339539107e-05-2.4303150206117688e-06j,6.847918877315501e-07,1.3695837754631004e-10,dtn_port_modal_amplitudes,0.0,1.3695837754631004e-10
554,bottom,outgoing_down,substrate,1,-3,1,-3,s,6.2831853071795868e-02+0.0000000000000000e+00j,-1.8849555921538758e-01+0.0000000000000000e+00j,4.2036478942776917e-01+9.4026555135613547e-04j,-4.2036478942776917e-01-9.4026555135613547e-04j,-1,True,False,9.9900230485899999e-01+1.8264936500000000e-03j,2.2782500925434877e-04-3.7387920194200612e-04j,0.0000000000000000e+00+0.0000000000000000e+00j,2.2782500925434877e-04-3.7387920194200612e-04j,-4.8251978603356227e-01-8.6518498699849899e-01j,-4.3340474718970646e-04-1.6706665146200853e-05j,0.0008495372122214693,1.6990744244429388e-07,dtn_port_modal_amplitudes,0.0,1.6990744244429388e-07
555,bottom,outgoing_down,substrate,1,-3,1,-3,p,6.2831853071795868e-02+0.0000000000000000e+00j,-1.8849555921538758e-01+0.0000000000000000e+00j,4.2036478942776917e-01+9.4026555135613547e-04j,-4.2036478942776917e-01-9.4026555135613547e-04j,-1,True,False,9.9900230485899999e-01+1.8264936500000000e-03j,-6.1706430859868487e-04+1.0129235175234282e-03j,0.0000000000000000e+00+0.0000000000000000e+00j,-6.1706430859868487e-04+1.0129235175234282e-03j,-4.8251978603356227e-01-8.6518498699849899e-01j,1.1741119584929665e-03+4.5119136868423102e-05j,0.006234621941162944,1.246924388232589e-06,dtn_port_modal_amplitudes,0.0,1.246924388232589e-06
556,bottom,outgoing_down,substrate,1,-2,1,-2,s,6.2831853071795868e-02+0.0000000000000000e+00j,-1.2566370614359174e-01+0.0000000000000000e+00j,4.4322192653045722e-01+8.9177567002621239e-04j,-4.4322192653045722e-01-8.9177567002621239e-04j,-1,True,False,9.9900230485899999e-01+1.8264936500000000e-03j,-5.4158108826461000e-06-3.7999456969065281e-06j,0.0000000000000000e+00+0.0000000000000000e+00j,-5.4158108826461000e-06-3.7999456969065281e-06j,-2.7406378590347025e-01-9.5247658198521234e-01j,-2.1350816548837407e-06+6.1998605421028772e-06j,2.0473011246698635e-07,4.0946022493397276e-11,dtn_port_modal_amplitudes,0.0,4.0946022493397276e-11
557,bottom,outgoing_down,substrate,1,-2,1,-2,p,6.2831853071795868e-02+0.0000000000000000e+00j,-1.2566370614359174e-01+0.0000000000000000e+00j,4.4322192653045722e-01+8.9177567002621239e-04j,-4.4322192653045722e-01-8.9177567002621239e-04j,-1,True,False,9.9900230485899999e-01+1.8264936500000000e-03j,1.0808194365035130e-05+7.6091239041471703e-06j,0.0000000000000000e+00+0.0000000000000000e+00j,1.0808194365035130e-05+7.6091239041471703e-06j,-2.7406378590347025e-01-9.5247658198521234e-01j,4.2853776616619900e-06-1.2379937330819661e-05j,8.172059824586617e-07,1.6344119649173235e-10,dtn_port_modal_amplitudes,0.0,1.6344119649173235e-10
558,bottom,outgoing_down,substrate,1,-1,1,-1,s,6.2831853071795868e-02+0.0000000000000000e+00j,-6.2831853071795868e-02+0.0000000000000000e+00j,4.5638706841821153e-01+8.6605111724991871e-04j,-4.5638706841821153e-01-8.6605111724991871e-04j,-1,True,False,9.9900230485899999e-01+1.8264936500000000e-03j,-3.1724216355149193e-03+6.0797102214910851e-04j,0.0000000000000000e+00+0.0000000000000000e+00j,-3.1724216355149193e-03+6.0797102214910851e-04j,-1.4669691545452121e-01-9.8046322684413445e-01j,1.0614776986552677e-03+3.0212552800320974e-03j,0.05027834486503454,1.005566897300691e-05,dtn_port_modal_amplitudes,0.0,1.005566897300691e-05
559,bottom,outgoing_down,substrate,1,-1,1,-1,p,6.2831853071795868e-02+0.0000000000000000e+00j,-6.2831853071795868e-02+0.0000000000000000e+00j,4.5638706841821153e-01+8.6605111724991871e-04j,-4.5638706841821153e-01-8.6605111724991871e-04j,-1,True,False,9.9900230485899999e-01+1.8264936500000000e-03j,3.1134041630128859e-03-5.9691347786932768e-04j,0.0000000000000000e+00+0.0000000000000000e+00j,3.1134041630128859e-03-5.9691347786932768e-04j,-1.4669691545452121e-01-9.8046322684413445e-01j,-1.0419785019357714e-03-2.9650129261409148e-03j,0.048426513782386285,9.685302756477259e-06,dtn_port_modal_amplitudes,0.0,9.685302756477259e-06
560,bottom,outgoing_down,substrate,1,0,1,0,s,6.2831853071795868e-02+0.0000000000000000e+00j,0.0000000000000000e+00+0.0000000000000000e+00j,4.6069185365947102e-01+8.5795858416495233e-04j,-4.6069185365947102e-01-8.5795858416495233e-04j,-1,True,False,9.9900230485899999e-01+1.8264936500000000e-03j,7.1139949071777090e-03-6.3598425578480233e-04j,0.0000000000000000e+00+0.0000000000000000e+00j,7.1139949071777090e-03-6.3598425578480233e-04j,-1.0437565763072278e-01-9.8594773215798548e-01j,-1.3695751314974961e-03-6.9476458703749957e-03j,0.24817987950332263,4.9635975900664534e-05,dtn_port_modal_amplitudes,0.0,4.9635975900664534e-05
561,bottom,outgoing_down,substrate,1,0,1,0,p,6.2831853071795868e-02+0.0000000000000000e+00j,0.0000000000000000e+00+0.0000000000000000e+00j,4.6069185365947102e-01+8.5795858416495233e-04j,-4.6069185365947102e-01-8.5795858416495233e-04j,-1,True,False,9.9900230485899999e-01+1.8264936500000000e-03j,-1.0737798573256059e-14+7.2852027814747001e-15j,0.0000000000000000e+00+0.0000000000000000e+00j,-1.0737798573256059e-14+7.2852027814747001e-15j,-1.0437565763072278e-01-9.8594773215798548e-01j,8.3035939482958662e-15+9.8265103203814706e-15j,8.191409113333035e-25,1.6382818226666073e-28,dtn_port_modal_amplitudes,0.0,1.6382818226666073e-28
562,bottom,outgoing_down,substrate,1,1,1,1,s,6.2831853071795868e-02+0.0000000000000000e+00j,6.2831853071795868e-02+0.0000000000000000e+00j,4.5638706841821153e-01+8.6605111724991871e-04j,-4.5638706841821153e-01-8.6605111724991871e-04j,-1,True,False,9.9900230485899999e-01+1.8264936500000000e-03j,-3.1724216354807604e-03+6.0797102215186043e-04j,0.0000000000000000e+00+0.0000000000000000e+00j,-3.1724216354807604e-03+6.0797102215186043e-04j,-1.4669691545452121e-01-9.8046322684413445e-01j,1.0614776986529548e-03+3.0212552799982022e-03j,0.05027834486400625,1.0055668972801251e-05,dtn_port_modal_amplitudes,0.0,1.0055668972801251e-05
563,bottom,outgoing_down,substrate,1,1,1,1,p,6.2831853071795868e-02+0.0000000000000000e+00j,6.2831853071795868e-02+0.0000000000000000e+00j,4.5638706841821153e-01+8.6605111724991871e-04j,-4.5638706841821153e-01-8.6605111724991871e-04j,-1,True,False,9.9900230485899999e-01+1.8264936500000000e-03j,-3.1134041630059930e-03+5.9691347787472462e-04j,0.0000000000000000e+00+0.0000000000000000e+00j,-3.1134041630059930e-03+5.9691347787472462e-04j,-1.4669691545452121e-01-9.8046322684413445e-01j,1.0419785019400519e-03+2.9650129261333648e-03j,0.04842651378221051,9.685302756442103e-06,dtn_port_modal_amplitudes,0.0,9.685302756442103e-06
564,bottom,outgoing_down,substrate,1,2,1,2,s,6.2831853071795868e-02+0.0000000000000000e+00j,1.2566370614359174e-01+0.0000000000000000e+00j,4.4322192653045722e-01+8.9177567002621239e-04j,-4.4322192653045722e-01-8.9177567002621239e-04j,-1,True,False,9.9900230485899999e-01+1.8264936500000000e-03j,-5.4158108900990988e-06-3.7999457176632318e-06j,0.0000000000000000e+00+0.0000000000000000e+00j,-5.4158108900990988e-06-3.7999457176632318e-06j,-2.7406378590347025e-01-9.5247658198521234e-01j,-2.1350816726114177e-06+6.1998605548903447e-06j,2.047301135824241e-07,4.094602271648483e-11,dtn_port_modal_amplitudes,0.0,4.094602271648483e-11
565,bottom,outgoing_down,substrate,1,2,1,2,p,6.2831853071795868e-02+0.0000000000000000e+00j,1.2566370614359174e-01+0.0000000000000000e+00j,4.4322192653045722e-01+8.9177567002621239e-04j,-4.4322192653045722e-01-8.9177567002621239e-04j,-1,True,False,9.9900230485899999e-01+1.8264936500000000e-03j,-1.0808194357557357e-05-7.6091238999567391e-06j,0.0000000000000000e+00+0.0000000000000000e+00j,-1.0808194357557357e-05-7.6091238999567391e-06j,-2.7406378590347025e-01-9.5247658198521234e-01j,-4.2853776597200882e-06+1.2379937322548812e-05j,8.172059814043253e-07,1.634411962808651e-10,dtn_port_modal_amplitudes,0.0,1.634411962808651e-10
566,bottom,outgoing_down,substrate,1,3,1,3,s,6.2831853071795868e-02+0.0000000000000000e+00j,1.8849555921538758e-01+0.0000000000000000e+00j,4.2036478942776917e-01+9.4026555135613547e-04j,-4.2036478942776917e-01-9.4026555135613547e-04j,-1,True,False,9.9900230485899999e-01+1.8264936500000000e-03j,2.2782500926504988e-04-3.7387920195453190e-04j,0.0000000000000000e+00+0.0000000000000000e+00j,2.2782500926504988e-04-3.7387920195453190e-04j,-4.8251978603356227e-01-8.6518498699849899e-01j,-4.3340474720570711e-04-1.6706665149415350e-05j,0.0008495372122845885,1.6990744245691774e-07,dtn_port_modal_amplitudes,0.0,1.6990744245691774e-07
567,bottom,outgoing_down,substrate,1,3,1,3,p,6.2831853071795868e-02+0.0000000000000000e+00j,1.8849555921538758e-01+0.0000000000000000e+00j,4.2036478942776917e-01+9.4026555135613547e-04j,-4.2036478942776917e-01-9.4026555135613547e-04j,-1,True,False,9.9900230485899999e-01+1.8264936500000000e-03j,6.1706430861101788e-04-1.0129235175130402e-03j,0.0000000000000000e+00+0.0000000000000000e+00j,6.1706430861101788e-04-1.0129235175130402e-03j,-4.8251978603356227e-01-8.6518498699849899e-01j,-1.1741119584899300e-03-4.5119136884105870e-05j,0.006234621941137133,1.2469243882274267e-06,dtn_port_modal_amplitudes,0.0,1.2469243882274267e-06
568,bottom,outgoing_down,substrate,1,4,1,4,s,6.2831853071795868e-02+0.0000000000000000e+00j,2.5132741228718347e-01+0.0000000000000000e+00j,3.8609820999417283e-01+1.0237150037757817e-03j,-3.8609820999417283e-01-1.0237150037757817e-03j,-1,True,False,9.9900230485899999e-01+1.8264936500000000e-03j,2.0153589507202636e-06-2.6182603238046268e-06j,0.0000000000000000e+00+0.0000000000000000e+00j,2.0153589507202636e-06-2.6182603238046268e-06j,-7.4454699198637742e-01-6.5221442176757782e-01j,-3.2081965876588202e-06+6.3497167562788447e-07j,4.4364080978477146e-08,8.872816195695431e-12,dtn_port_modal_amplitudes,0.0,8.872816195695431e-12
569,bottom,outgoing_down,substrate,1,4,1,4,p,6.2831853071795868e-02+0.0000000000000000e+00j,2.5132741228718347e-01+0.0000000000000000e+00j,3.8609820999417283e-01+1.0237150037757817e-03j,-3.8609820999417283e-01-1.0237150037757817e-03j,-1,True,False,9.9900230485899999e-01+1.8264936500000000e-03j,7.9704224746249129e-06-1.0246149116024653e-05j,0.0000000000000000e+00+0.0000000000000000e+00j,7.9704224746249129e-06-1.0246149116024653e-05j,-7.4454699198637742e-01-6.5221442176757782e-01j,-1.2617040299394995e-05+2.4303150182492415e-06j,6.847918834821611e-07,1.3695837669643224e-10,dtn_port_modal_amplitudes,0.0,1.3695837669643224e-10
570,bottom,outgoing_down,substrate,1,5,1,5,s,6.2831853071795868e-02+0.0000000000000000e+00j,3.1415926535897931e-01+0.0000000000000000e+00j,3.3695931484691999e-01+1.1730037220712257e-03j,-3.3695931484691999e-01-1.1730037220712257e-03j,-1,True,False,9.9900230485899999e-01+1.8264936500000000e-03j,4.1387507397117510e-06+5.0763126863097543e-07j,0.0000000000000000e+00+0.0000000000000000e+00j,4.1387507397117510e-06+5.0763126863097543e-07j,-9.6276057846770913e-01-2.2339436484036512e-01j,-3.8712240914696193e-06-1.4133009665659529e-06j,6.148032081681759e-08,1.229606416336352e-11,dtn_port_modal_amplitudes,0.0,1.229606416336352e-11
571,bottom,outgoing_down,substrate,1,5,1,5,p,6.2831853071795868e-02+0.0000000000000000e+00j,3.1415926535897931e-01+0.0000000000000000e+00j,3.3695931484691999e-01+1.1730037220712257e-03j,-3.3695931484691999e-01-1.1730037220712257e-03j,-1,True,False,9.9900230485899999e-01+1.8264936500000000e-03j,1.4065052245593250e-05+2.5274488028835616e-06j,0.0000000000000000e+00+0.0000000000000000e+00j,1.4065052245593250e-05+2.5274488028835616e-06j,-9.6276057846770913e-01-2.2339436484036512e-01j,-1.2976660016159194e-05-5.5753814843625523e-06j,7.221005027173248e-07,1.44420100543465e-10,dtn_port_modal_amplitudes,0.0,1.44420100543465e-10
572,bottom,outgoing_down,substrate,1,6,1,6,s,6.2831853071795868e-02+0.0000000000000000e+00j,3.7699111843077515e-01+0.0000000000000000e+00j,2.6479458579029341e-01+1.4926835808305868e-03j,-2.6479458579029341e-01-1.4926835808305868e-03j,-1,True,False,9.9900230485899999e-01+1.8264936500000000e-03j,-2.8248625530668411e-07+1.5779719607962972e-07j,0.0000000000000000e+00+0.0000000000000000e+00j,-2.8248625530668411e-07+1.5779719607962972e-07j,-8.6756360553666012e-01+4.6682002743340356e-01j,1.7141190276560943e-07-2.6876934582624459e-07j,2.890732660870122e-10,5.781465321740245e-14,dtn_port_modal_amplitudes,0.0,5.781465321740245e-14
573,bottom,outgoing_down,substrate,1,6,1,6,p,6.2831853071795868e-02+0.0000000000000000e+00j,3.7699111843077515e-01+0.0000000000000000e+00j,2.6479458579029341e-01+1.4926835808305868e-03j,-2.6479458579029341e-01-1.4926835808305868e-03j,-1,True,False,9.9900230485899999e-01+1.8264936500000000e-03j,-1.4375981538820071e-06+1.0272818477173586e-06j,0.0000000000000000e+00+0.0000000000000000e+00j,-1.4375981538820071e-06+1.0272818477173586e-06j,-8.6756360553666012e-01+4.6682002743340356e-01j,7.6765209736146554e-07-1.5623319533414428e-06j,8.619858267500975e-09,1.7239716535001953e-12,dtn_port_modal_amplitudes,0.0,1.7239716535001953e-12
574,bottom,outgoing_down,substrate,1,7,1,7,s,6.2831853071795868e-02+0.0000000000000000e+00j,4.3982297150257105e-01+0.0000000000000000e+00j,1.3711422769912734e-01+2.8826660597857327e-03j,-1.3711422769912734e-01-2.8826660597857327e-03j,-1,True,False,9.9900230485899999e-01+1.8264936500000000e-03j,-2.3863287208210616e-05-2.3351063227863294e-05j,0.0000000000000000e+00+0.0000000000000000e+00j,-2.3863287208210616e-05-2.3351063227863294e-05j,1.9269468320661395e-01+9.5228457230469898e-01j,1.7638528689951193e-05-2.7224265984085772e-05j,1.5500191456637537e-06,3.1000382913275083e-10,dtn_port_modal_amplitudes,0.0,3.1000382913275083e-10
575,bottom,outgoing_down,substrate,1,7,1,7,p,6.2831853071795868e-02+0.0000000000000000e+00j,4.3982297150257105e-01+0.0000000000000000e+00j,1.3711422769912734e-01+2.8826660597857327e-03j,-1.3711422769912734e-01-2.8826660597857327e-03j,-1,True,False,9.9900230485899999e-01+1.8264936500000000e-03j,-3.5358525389273329e-05-4.2194289431189921e-05j,0.0000000000000000e+00+0.0000000000000000e+00j,-3.5358525389273329e-05-4.2194289431189921e-05j,1.9269468320661395e-01+9.5228457230469898e-01j,3.3367571016142330e-05-4.1801993462720314e-05j,4.213996242151769e-06,8.42799248430354e-10,dtn_port_modal_amplitudes,0.0,8.42799248430354e-10
576,bottom,outgoing_down,substrate,2,-7,2,-7,s,1.2566370614359174e-01+0.0000000000000000e+00j,-4.3982297150257105e-01+0.0000000000000000e+00j,8.3491841634213096e-02+4.7340497318727331e-03j,-8.3491841634213096e-02-4.7340497318727331e-03j,-1,True,False,9.9900230485899999e-01+1.8264936500000000e-03j,1.6437047293002161e-07+7.0949943089794047e-07j,0.0000000000000000e+00+0.0000000000000000e+00j,1.6437047293002161e-07+7.0949943089794047e-07j,6.4020184330448171e-01+7.0696865235754991e-01j,-3.9636357675573628e-07+5.7042761521905276e-07j,4.327706863895973e-10,8.655413727791947e-14,dtn_port_modal_amplitudes,0.0,8.655413727791947e-14
577,bottom,outgoing_down,substrate,2,-7,2,-7,p,1.2566370614359174e-01+0.0000000000000000e+00j,-4.3982297150257105e-01+0.0000000000000000e+00j,8.3491841634213096e-02+4.7340497318727331e-03j,-8.3491841634213096e-02-4.7340497318727331e-03j,-1,True,False,9.9900230485899999e-01+1.8264936500000000e-03j,2.3787453775193721e-07-3.9859537464149409e-07j,0.0000000000000000e+00+0.0000000000000000e+00j,2.3787453775193721e-07-3.9859537464149409e-07j,6.4020184330448171e-01+7.0696865235754991e-01j,4.3408215239024148e-07-8.7011652193462795e-08j,1.7580059642400013e-10,3.516011928480003e-14,dtn_port_modal_amplitudes,0.0,3.516011928480003e-14
578,bottom,outgoing_down,substrate,2,-6,2,-6,s,1.2566370614359174e-01+0.0000000000000000e+00j,-3.7699111843077515e-01+0.0000000000000000e+00j,2.4139821915039633e-01+1.6373547903257523e-03j,-2.4139821915039633e-01-1.6373547903257523e-03j,-1,True,False,9.9900230485899999e-01+1.8264936500000000e-03j,1.1580023704481776e-07+3.1400537491855078e-08j,0.0000000000000000e+00+0.0000000000000000e+00j,1.1580023704481776e-07+3.1400537491855078e-08j,-7.3463813559911417e-01+6.5428594270113771e-01j,-1.0561620051872121e-07+5.2698434940057294e-08j,3.613004717634622e-11,7.226009435269245e-15,dtn_port_modal_amplitudes,0.0,7.226009435269245e-15
579,bottom,outgoing_down,substrate,2,-6,2,-6,p,1.2566370614359174e-01+0.0000000000000000e+00j,-3.7699111843077515e-01+0.0000000000000000e+00j,2.4139821915039633e-01+1.6373547903257523e-03j,-2.4139821915039633e-01-1.6373547903257523e-03j,-1,True,False,9.9900230485899999e-01+1.8264936500000000e-03j,-2.2851345883610042e-07-3.2293050975884545e-08j,0.0000000000000000e+00+0.0000000000000000e+00j,-2.2851345883610042e-07-3.2293050975884545e-08j,-7.3463813559911417e-01+6.5428594270113771e-01j,1.8900359065911026e-07-1.2578943707274460e-07j,1.336741320758354e-10,2.6734826415167084e-14,dtn_port_modal_amplitudes,0.0,2.6734826415167084e-14
580,bottom,outgoing_down,substrate,2,-5,2,-5,s,1.2566370614359174e-01+0.0000000000000000e+00j,-3.1415926535897931e-01+0.0000000000000000e+00j,3.1890157543821018e-01+1.2394248286759907e-03j,-3.1890157543821018e-01-1.2394248286759907e-03j,-1,True,False,9.9900230485899999e-01+1.8264936500000000e-03j,7.7525469770105807e-08-2.3920293014837774e-07j,0.0000000000000000e+00+0.0000000000000000e+00j,7.7525469770105807e-08-2.3920293014837774e-07j,-9.8657182795723497e-01-4.6821400169955923e-02j,-8.7684260538639855e-08+2.3236102100574187e-07j,2.1131297133255838e-10,4.2262594266511685e-14,dtn_port_modal_amplitudes,0.0,4.2262594266511685e-14
581,bottom,outgoing_down,substrate,2,-5,2,-5,p,1.2566370614359174e-01+0.0000000000000000e+00j,-3.1415926535897931e-01+0.0000000000000000e+00j,3.1890157543821018e-01+1.2394248286759907e-03j,-3.1890157543821018e-01-1.2394248286759907e-03j,-1,True,False,9.9900230485899999e-01+1.8264936500000000e-03j,-1.0220234374266162e-07+4.4712819079200154e-07j,0.0000000000000000e+00+0.0000000000000000e+00j,-1.0220234374266162e-07+4.4712819079200154e-07j,-9.8657182795723497e-01-4.6821400169955923e-02j,1.2176512103605205e-07-4.3633881968619373e-07j,7.030669397103127e-10,1.4061338794206256e-13,dtn_port_modal_amplitudes,0.0,1.4061338794206256e-13
582,bottom,outgoing_down,substrate,2,-4,2,-4,s,1.2566370614359174e-01+0.0000000000000000e+00j,-2.5132741228718347e-01+0.0000000000000000e+00j,3.7044350841378154e-01+1.0669765336001299e-03j,-3.7044350841378154e-01-1.0669765336001299e-03j,-1,True,False,9.9900230485899999e-01+1.8264936500000000e-03j,-1.0157411705473592e-06+5.8133960589467933e-07j,0.0000000000000000e+00+0.0000000000000000e+00j,-1.0157411705473592e-06+5.8133960589467933e-07j,-8.3676593415347844e-01-5.2792927326769756e-01j,1.1568438050929164e-06+4.9794319608271374e-08j,5.335796108981378e-09,1.0671592217962758e-12,dtn_port_modal_amplitudes,0.0,1.0671592217962758e-12
583,bottom,outgoing_down,substrate,2,-4,2,-4,p,1.2566370614359174e-01+0.0000000000000000e+00j,-2.5132741228718347e-01+0.0000000000000000e+00j,3.7044350841378154e-01+1.0669765336001299e-03j,-3.7044350841378154e-01-1.0669765336001299e-03j,-1,True,False,9.9900230485899999e-01+1.8264936500000000e-03j,1.6183606764469781e-06-9.9765062314638966e-07j,0.0000000000000000e+00+0.0000000000000000e+00j,1.6183606764469781e-06-9.9765062314638966e-07j,-8.3676593415347844e-01-5.2792927326769756e-01j,-1.8808780516771501e-06-1.9579920165783930e-08j,1.4080375322894334e-08,2.8160750645788675e-12,dtn_port_modal_amplitudes,0.0,2.8160750645788675e-12
584,bottom,outgoing_down,substrate,2,-3,2,-3,s,1.2566370614359174e-01+0.0000000000000000e+00j,-1.8849555921538758e-01+0.0000000000000000e+00j,4.0603336614299962e-01+9.7345332541662040e-04j,-4.0603336614299962e-01-9.7345332541662040e-04j,-1,True,False,9.9900230485899999e-01+1.8264936500000000e-03j,2.5596602638066038e-06-1.5419846172170682e-07j,0.0000000000000000e+00+0.0000000000000000e+00j,2.5596602638066038e-06-1.5419846172170682e-07j,-6.0094286848200285e-01-7.8713842531683220e-01j,-1.6595851156172429e-06-1.9221424834962425e-06j,2.8129901103634583e-08,5.625980220726918e-12,dtn_port_modal_amplitudes,0.0,5.625980220726918e-12
585,bottom,outgoing_down,substrate,2,-3,2,-3,p,1.2566370614359174e-01+0.0000000000000000e+00j,-1.8849555921538758e-01+0.0000000000000000e+00j,4.0603336614299962e-01+9.7345332541662040e-04j,-4.0603336614299962e-01-9.7345332541662040e-04j,-1,True,False,9.9900230485899999e-01+1.8264936500000000e-03j,-3.3448323538013161e-06+2.5744662639740394e-07j,0.0000000000000000e+00+0.0000000000000000e+00j,-3.3448323538013161e-06+2.5744662639740394e-07j,-6.0094286848200285e-01-7.8713842531683220e-01j,2.2126992813903558e-06+2.4781353577716909e-06j,4.814423201661419e-08,9.62884640332284e-12,dtn_port_modal_amplitudes,0.0,9.62884640332284e-12
586,bottom,outgoing_down,substrate,2,-2,2,-2,s,1.2566370614359174e-01+0.0000000000000000e+00j,-1.2566370614359174e-01+0.0000000000000000e+00j,4.2965358359682437e-01+9.1993770235349330e-04j,-4.2965358359682437e-01-9.1993770235349330e-04j,-1,True,False,9.9900230485899999e-01+1.8264936500000000e-03j,7.4757007584731768e-07+1.6110949504070601e-06j,0.0000000000000000e+00+0.0000000000000000e+00j,7.4757007584731768e-07+1.6110949504070601e-06j,-4.0027127433075843e-01-9.0639526515267110e-01j,1.1610580078493892e-06-1.3224690059851160e-06j,1.4294887418652056e-08,2.8589774837304117e-12,dtn_port_modal_amplitudes,0.0,2.8589774837304117e-12
587,bottom,outgoing_down,substrate,2,-2,2,-2,p,1.2566370614359174e-01+0.0000000000000000e+00j,-1.2566370614359174e-01+0.0000000000000000e+00j,4.2965358359682437e-01+9.1993770235349330e-04j,-4.2965358359682437e-01-9.1993770235349330e-04j,-1,True,False,9.9900230485899999e-01+1.8264936500000000e-03j,-7.2368939407371676e-07-1.4826415375635990e-06j,0.0000000000000000e+00+0.0000000000000000e+00j,-7.2368939407371676e-07-1.4826415375635990e-06j,-4.0027127433075843e-01-9.0639526515267110e-01j,-1.0541871935807813e-06+1.2494074578459192e-06j,1.2334807345573535e-08,2.4669614691147075e-12,dtn_port_modal_amplitudes,0.0,2.4669614691147075e-12
588,bottom,outgoing_down,substrate,2,-1,2,-1,s,1.2566370614359174e-01+0.0000000000000000e+00j,-6.2831853071795868e-02+0.0000000000000000e+00j,4.4322192653045722e-01+8.9177567002621239e-04j,-4.4322192653045722e-01-8.9177567002621239e-04j,-1,True,False,9.9900230485899999e-01+1.8264936500000000e-03j,-8.8714414864809235e-06-9.7588182110959533e-06j,0.0000000000000000e+00+0.0000000000000000e+00j,-8.8714414864809235e-06-9.7588182110959533e-06j,-2.7406378590347025e-01-9.5247658198521234e-01j,-6.8637049737136475e-06+1.1124378929201850e-05j,8.135631498647957e-07,1.6271262997295919e-10,dtn_port_modal_amplitudes,0.0,1.6271262997295919e-10
589,bottom,outgoing_down,substrate,2,-1,2,-1,p,1.2566370614359174e-01+0.0000000000000000e+00j,-6.2831853071795868e-02+0.0000000000000000e+00j,4.4322192653045722e-01+8.9177567002621239e-04j,-4.4322192653045722e-01-8.9177567002621239e-04j,-1,True,False,9.9900230485899999e-01+1.8264936500000000e-03j,4.2565221687865639e-06+4.6297234360428927e-06j,0.0000000000000000e+00+0.0000000000000000e+00j,4.2565221687865639e-06+4.6297234360428927e-06j,-2.7406378590347025e-01-9.5247658198521234e-01j,3.2431445735392713e-06-5.3230772190380483e-06j,1.8499979197925935e-07,3.699995839585188e-11,dtn_port_modal_amplitudes,0.0,3.699995839585188e-11
590,bottom,outgoing_down,substrate,2,0,2,0,s,1.2566370614359174e-01+0.0000000000000000e+00j,0.0000000000000000e+00+0.0000000000000000e+00j,4.4765332820254328e-01+8.8294782055808158e-04j,-4.4765332820254328e-01-8.8294782055808158e-04j,-1,True,False,9.9900230485899999e-01+1.8264936500000000e-03j,1.3692458902323450e-05+1.6127789507758259e-05j,0.0000000000000000e+00+0.0000000000000000e+00j,1.3692458902323450e-05+1.6127789507758259e-05j,-2.3162093194174876e-01-9.6376749949998630e-01j,1.2371979274824041e-05-1.6931880514245925e-05j,2.1148324423784672e-06,4.229664884756935e-10,dtn_port_modal_amplitudes,0.0,4.229664884756935e-10
591,bottom,outgoing_down,substrate,2,0,2,0,p,1.2566370614359174e-01+0.0000000000000000e+00j,0.0000000000000000e+00+0.0000000000000000e+00j,4.4765332820254328e-01+8.8294782055808158e-04j,-4.4765332820254328e-01-8.8294782055808158e-04j,-1,True,False,9.9900230485899999e-01+1.8264936500000000e-03j,6.1502167904750076e-15+4.1511697420959506e-15j,0.0000000000000000e+00+0.0000000000000000e+00j,6.1502167904750076e-15+4.1511697420959506e-15j,-2.3162093194174876e-01-9.6376749949998630e-01j,2.5762435376862047e-15-6.8888768618515818e-15j,2.6014294383575206e-25,5.202858876715042e-29,dtn_port_modal_amplitudes,0.0,5.202858876715042e-29
592,bottom,outgoing_down,substrate,2,1,2,1,s,1.2566370614359174e-01+0.0000000000000000e+00j,6.2831853071795868e-02+0.0000000000000000e+00j,4.4322192653045722e-01+8.9177567002621239e-04j,-4.4322192653045722e-01-8.9177567002621239e-04j,-1,True,False,9.9900230485899999e-01+1.8264936500000000e-03j,-8.8714414551858378e-06-9.7588182155258543e-06j,0.0000000000000000e+00+0.0000000000000000e+00j,-8.8714414551858378e-06-9.7588182155258543e-06j,-2.7406378590347025e-01-9.5247658198521234e-01j,-6.8637049865098724e-06+1.1124378900608089e-05j,8.135631476720391e-07,1.6271262953440785e-10,dtn_port_modal_amplitudes,0.0,1.6271262953440785e-10
593,bottom,outgoing_down,substrate,2,1,2,1,p,1.2566370614359174e-01+0.0000000000000000e+00j,6.2831853071795868e-02+0.0000000000000000e+00j,4.4322192653045722e-01+8.9177567002621239e-04j,-4.4322192653045722e-01-8.9177567002621239e-04j,-1,True,False,9.9900230485899999e-01+1.8264936500000000e-03j,-4.2565221663743750e-06-4.6297234751107111e-06j,0.0000000000000000e+00+0.0000000000000000e+00j,-4.2565221663743750e-06-4.6297234751107111e-06j,-2.7406378590347025e-01-9.5247658198521234e-01j,-3.2431446114115475e-06+5.3230772274475675e-06j,1.8499979357522187e-07,3.699995871504438e-11,dtn_port_modal_amplitudes,0.0,3.699995871504438e-11
594,bottom,outgoing_down,substrate,2,2,2,2,s,1.2566370614359174e-01+0.0000000000000000e+00j,1.2566370614359174e-01+0.0000000000000000e+00j,4.2965358359682437e-01+9.1993770235349330e-04j,-4.2965358359682437e-01-9.1993770235349330e-04j,-1,True,False,9.9900230485899999e-01+1.8264936500000000e-03j,7.4757009242082194e-07+1.6110949511140438e-06j,0.0000000000000000e+00+0.0000000000000000e+00j,7.4757009242082194e-07+1.6110949511140438e-06j,-4.0027127433075843e-01-9.0639526515267110e-01j,1.1610580018562982e-06-1.3224690212902471e-06j,1.4294887541267029e-08,2.8589775082534064e-12,dtn_port_modal_amplitudes,0.0,2.8589775082534064e-12
595,bottom,outgoing_down,substrate,2,2,2,2,p,1.2566370614359174e-01+0.0000000000000000e+00j,1.2566370614359174e-01+0.0000000000000000e+00j,4.2965358359682437e-01+9.1993770235349330e-04j,-4.2965358359682437e-01-9.1993770235349330e-04j,-1,True,False,9.9900230485899999e-01+1.8264936500000000e-03j,7.2368939620953109e-07+1.4826415343543047e-06j,0.0000000000000000e+00+0.0000000000000000e+00j,7.2368939620953109e-07+1.4826415343543047e-06j,-4.0027127433075843e-01-9.0639526515267110e-01j,1.0541871898169870e-06-1.2494074584972227e-06j,1.2334807316457378e-08,2.466961463291476e-12,dtn_port_modal_amplitudes,0.0,2.466961463291476e-12
596,bottom,outgoing_down,substrate,2,3,2,3,s,1.2566370614359174e-01+0.0000000000000000e+00j,1.8849555921538758e-01+0.0000000000000000e+00j,4.0603336614299962e-01+9.7345332541662040e-04j,-4.0603336614299962e-01-9.7345332541662040e-04j,-1,True,False,9.9900230485899999e-01+1.8264936500000000e-03j,2.5596602979753899e-06-1.5419849099954593e-07j,0.0000000000000000e+00+0.0000000000000000e+00j,2.5596602979753899e-06-1.5419849099954593e-07j,-6.0094286848200285e-01-7.8713842531683220e-01j,-1.6595851591964433e-06-1.9221424927974982e-06j,2.8129901890554432e-08,5.625980378110888e-12,dtn_port_modal_amplitudes,0.0,5.625980378110888e-12
597,bottom,outgoing_down,substrate,2,3,2,3,p,1.2566370614359174e-01+0.0000000000000000e+00j,1.8849555921538758e-01+0.0000000000000000e+00j,4.0603336614299962e-01+9.7345332541662040e-04j,-4.0603336614299962e-01-9.7345332541662040e-04j,-1,True,False,9.9900230485899999e-01+1.8264936500000000e-03j,3.3448323734190807e-06-2.5744663621093745e-07j,0.0000000000000000e+00+0.0000000000000000e+00j,3.3448323734190807e-06-2.5744663621093745e-07j,-6.0094286848200285e-01-7.8713842531683220e-01j,-2.2126993009041209e-06-2.4781353673162140e-06j,4.814423259964531e-08,9.628846519929063e-12,dtn_port_modal_amplitudes,0.0,9.628846519929063e-12
598,bottom,outgoing_down,substrate,2,4,2,4,s,1.2566370614359174e-01+0.0000000000000000e+00j,2.5132741228718347e-01+0.0000000000000000e+00j,3.7044350841378154e-01+1.0669765336001299e-03j,-3.7044350841378154e-01-1.0669765336001299e-03j,-1,True,False,9.9900230485899999e-01+1.8264936500000000e-03j,-1.0157411911402988e-06+5.8133961042413804e-07j,0.0000000000000000e+00+0.0000000000000000e+00j,-1.0157411911402988e-06+5.8133961042413804e-07j,-8.3676593415347844e-01-5.2792927326769756e-01j,1.1568438247156207e-06+4.9794326689790274e-08j,5.3357962924677365e-09,1.0671592584935475e-12,dtn_port_modal_amplitudes,0.0,1.0671592584935475e-12
599,bottom,outgoing_down,substrate,2,4,2,4,p,1.2566370614359174e-01+0.0000000000000000e+00j,2.5132741228718347e-01+0.0000000000000000e+00j,3.7044350841378154e-01+1.0669765336001299e-03j,-3.7044350841378154e-01-1.0669765336001299e-03j,-1,True,False,9.9900230485899999e-01+1.8264936500000000e-03j,-1.6183606793858998e-06+9.9765064527349445e-07j,0.0000000000000000e+00+0.0000000000000000e+00j,-1.6183606793858998e-06+9.9765064527349445e-07j,-8.3676593415347844e-01-5.2792927326769756e-01j,1.8808780658178859e-06+1.9579903202119147e-08j,1.4080375531944666e-08,2.8160751063889337e-12,dtn_port_modal_amplitudes,0.0,2.8160751063889337e-12
600,bottom,outgoing_down,substrate,2,5,2,5,s,1.2566370614359174e-01+0.0000000000000000e+00j,3.1415926535897931e-01+0.0000000000000000e+00j,3.1890157543821018e-01+1.2394248286759907e-03j,-3.1890157543821018e-01-1.2394248286759907e-03j,-1,True,False,9.9900230485899999e-01+1.8264936500000000e-03j,7.7525477407684234e-08-2.3920293425191022e-07j,0.0000000000000000e+00+0.0000000000000000e+00j,7.7525477407684234e-08-2.3920293425191022e-07j,-9.8657182795723497e-01-4.6821400169955923e-02j,-8.7684268265792691e-08+2.3236102469656930e-07j,2.1131298185127018e-10,4.2262596370254044e-14,dtn_port_modal_amplitudes,0.0,4.2262596370254044e-14
601,bottom,outgoing_down,substrate,2,5,2,5,p,1.2566370614359174e-01+0.0000000000000000e+00j,3.1415926535897931e-01+0.0000000000000000e+00j,3.1890157543821018e-01+1.2394248286759907e-03j,-3.1890157543821018e-01-1.2394248286759907e-03j,-1,True,False,9.9900230485899999e-01+1.8264936500000000e-03j,1.0220233332515254e-07-4.4712818654264429e-07j,0.0000000000000000e+00+0.0000000000000000e+00j,1.0220233332515254e-07-4.4712818654264429e-07j,-9.8657182795723497e-01-4.6821400169955923e-02j,-1.2176511055947022e-07+4.3633881598165993e-07j,7.030669198938562e-10,1.4061338397877128e-13,dtn_port_modal_amplitudes,0.0,1.4061338397877128e-13
602,bottom,outgoing_down,substrate,2,6,2,6,s,1.2566370614359174e-01+0.0000000000000000e+00j,3.7699111843077515e-01+0.0000000000000000e+00j,2.4139821915039633e-01+1.6373547903257523e-03j,-2.4139821915039633e-01-1.6373547903257523e-03j,-1,True,False,9.9900230485899999e-01+1.8264936500000000e-03j,1.1580022433901727e-07+3.1400540571381007e-08j,0.0000000000000000e+00+0.0000000000000000e+00j,1.1580022433901727e-07+3.1400540571381007e-08j,-7.3463813559911417e-01+6.5428594270113771e-01j,-1.0561619319944616e-07+5.2698424364493460e-08j,3.6130040276272256e-11,7.226008055254453e-15,dtn_port_modal_amplitudes,0.0,7.226008055254453e-15
603,bottom,outgoing_down,substrate,2,6,2,6,p,1.2566370614359174e-01+0.0000000000000000e+00j,3.7699111843077515e-01+0.0000000000000000e+00j,2.4139821915039633e-01+1.6373547903257523e-03j,-2.4139821915039633e-01-1.6373547903257523e-03j,-1,True,False,9.9900230485899999e-01+1.8264936500000000e-03j,2.2851343673515344e-07+3.2293096604024708e-08j,0.0000000000000000e+00+0.0000000000000000e+00j,2.2851343673515344e-07+3.2293096604024708e-08j,-7.3463813559911417e-01+6.5428594270113771e-01j,-1.8900360427676247e-07+1.2578938909223386e-07j,1.3367411412140018e-10,2.673482282428004e-14,dtn_port_modal_amplitudes,0.0,2.673482282428004e-14
604,bottom,outgoing_down,substrate,2,7,2,7,s,1.2566370614359174e-01+0.0000000000000000e+00j,4.3982297150257105e-01+0.0000000000000000e+00j,8.3491841634213096e-02+4.7340497318727331e-03j,-8.3491841634213096e-02-4.7340497318727331e-03j,-1,True,False,9.9900230485899999e-01+1.8264936500000000e-03j,1.6437046740677776e-07+7.0949945167062792e-07j,0.0000000000000000e+00+0.0000000000000000e+00j,1.6437046740677776e-07+7.0949945167062792e-07j,6.4020184330448171e-01+7.0696865235754991e-01j,-3.9636359497736612e-07+5.7042762461300528e-07j,4.3277070895856746e-10,8.655414179171351e-14,dtn_port_modal_amplitudes,0.0,8.655414179171351e-14
605,bottom,outgoing_down,substrate,2,7,2,7,p,1.2566370614359174e-01+0.0000000000000000e+00j,4.3982297150257105e-01+0.0000000000000000e+00j,8.3491841634213096e-02+4.7340497318727331e-03j,-8.3491841634213096e-02-4.7340497318727331e-03j,-1,True,False,9.9900230485899999e-01+1.8264936500000000e-03j,-2.3787436402169688e-07+3.9859544620358387e-07j,0.0000000000000000e+00+0.0000000000000000e+00j,-2.3787436402169688e-07+3.9859544620358387e-07j,6.4020184330448171e-01+7.0696865235754991e-01j,-4.3408209175997558e-07+8.7011820829478448e-08j,1.7580057553368636e-10,3.516011510673728e-14,dtn_port_modal_amplitudes,0.0,3.516011510673728e-14
606,bottom,outgoing_down,substrate,3,-6,3,-6,s,1.8849555921538758e-01+0.0000000000000000e+00j,-3.7699111843077515e-01+0.0000000000000000e+00j,1.9630401061771338e-01+2.0134816871965710e-03j,-1.9630401061771338e-01-2.0134816871965710e-03j,-1,True,False,9.9900230485899999e-01+1.8264936500000000e-03j,-3.0929916392058969e-07-1.9396195515567703e-07j,0.0000000000000000e+00+0.0000000000000000e+00j,-3.0929916392058969e-07-1.9396195515567703e-07j,-3.7464292707055397e-01+9.0563408174461468e-01j,2.9153530126248649e-07-2.0744538968174992e-07j,2.69993111539119e-10,5.399862230782381e-14,dtn_port_modal_amplitudes,0.0,5.399862230782381e-14
607,bottom,outgoing_down,substrate,3,-6,3,-6,p,1.8849555921538758e-01+0.0000000000000000e+00j,-3.7699111843077515e-01+0.0000000000000000e+00j,1.9630401061771338e-01+2.0134816871965710e-03j,-1.9630401061771338e-01-2.0134816871965710e-03j,-1,True,False,9.9900230485899999e-01+1.8264936500000000e-03j,5.2055495385202124e-07+3.7289053876528192e-07j,0.0000000000000000e+00+0.0000000000000000e+00j,5.2055495385202124e-07+3.7289053876528192e-07j,-3.7464292707055397e-01+9.0563408174461468e-01j,-5.3272461227814913e-07+3.3173150470944448e-07j,8.305663607252126e-10,1.6611327214504254e-13,dtn_port_modal_amplitudes,0.0,1.6611327214504254e-13
608,bottom,outgoing_down,substrate,3,-5,3,-5,s,1.8849555921538758e-01+0.0000000000000000e+00j,-3.1415926535897931e-01+0.0000000000000000e+00j,2.8628547986598113e-01+1.3806307280656977e-03j,-2.8628547986598113e-01-1.3806307280656977e-03j,-1,True,False,9.9900230485899999e-01+1.8264936500000000e-03j,2.3567981539639029e-05-5.1332474204431469e-05j,0.0000000000000000e+00+0.0000000000000000e+00j,2.3567981539639029e-05-5.1332474204431469e-05j,-9.4822125018063363e-01+2.7136983909883400e-01j,-8.4175756543490001e-06+5.5070182223287267e-05j,9.545226703410612e-06,1.909045340682123e-09,dtn_port_modal_amplitudes,0.0,1.909045340682123e-09
609,bottom,outgoing_down,substrate,3,-5,3,-5,p,1.8849555921538758e-01+0.0000000000000000e+00j,-3.1415926535897931e-01+0.0000000000000000e+00j,2.8628547986598113e-01+1.3806307280656977e-03j,-2.8628547986598113e-01-1.3806307280656977e-03j,-1,True,False,9.9900230485899999e-01+1.8264936500000000e-03j,-2.4055144072578323e-05+5.2632871449641690e-05j,0.0000000000000000e+00+0.0000000000000000e+00j,-2.4055144072578323e-05+5.2632871449641690e-05j,-9.4822125018063363e-01+2.7136983909883400e-01j,8.5266249291765978e-06-5.6435447743050668e-05j,1.001911574734521e-05,2.0038231494690427e-09,dtn_port_modal_amplitudes,0.0,2.0038231494690427e-09
610,bottom,outgoing_down,substrate,3,-4,3,-4,s,1.8849555921538758e-01+0.0000000000000000e+00j,-2.5132741228718347e-01+0.0000000000000000e+00j,3.4276723208213405e-01+1.1531281100035143e-03j,-3.4276723208213405e-01-1.1531281100035143e-03j,-1,True,False,9.9900230485899999e-01+1.8264936500000000e-03j,8.6797455714273429e-07+1.6595811352038463e-06j,0.0000000000000000e+00+0.0000000000000000e+00j,8.6797455714273429e-07+1.6595811352038463e-06j,-9.4835845410302411e-01-2.7895804079833464e-01j,-3.6019750719029942e-07-1.8160062817638008e-06j,1.2621646265455897e-08,2.52432925309118e-12,dtn_port_modal_amplitudes,0.0,2.52432925309118e-12
611,bottom,outgoing_down,substrate,3,-4,3,-4,p,1.8849555921538758e-01+0.0000000000000000e+00j,-2.5132741228718347e-01+0.0000000000000000e+00j,3.4276723208213405e-01+1.1531281100035143e-03j,-3.4276723208213405e-01-1.1531281100035143e-03j,-1,True,False,9.9900230485899999e-01+1.8264936500000000e-03j,-7.4788303413859274e-07-2.2506954930301971e-06j,0.0000000000000000e+00+0.0000000000000000e+00j,-7.4788303413859274e-07-2.2506954930301971e-06j,-9.4835845410302411e-01-2.7895804079833464e-01j,8.1411592936209413e-08+2.3430940843763776e-06j,2.0240751726907015e-08,4.048150345381404e-12,dtn_port_modal_amplitudes,0.0,4.048150345381404e-12
612,bottom,outgoing_down,substrate,3,-3,3,-3,s,1.8849555921538758e-01+0.0000000000000000e+00j,-1.8849555921538758e-01+0.0000000000000000e+00j,3.8095145951792858e-01+1.0375456521473320e-03j,-3.8095145951792858e-01-1.0375456521473320e-03j,-1,True,False,9.9900230485899999e-01+1.8264936500000000e-03j,7.4722426744933519e-05+1.8492831498986151e-04j,0.0000000000000000e+00+0.0000000000000000e+00j,7.4722426744933519e-05+1.8492831498986151e-04j,-7.7700665153760295e-01-6.1296294267105667e-01j,5.5294381539540965e-05-1.8949260938586033e-04j,0.00015946570928494967,3.189314185698994e-08,dtn_port_modal_amplitudes,0.0,3.189314185698994e-08
613,bottom,outgoing_down,substrate,3,-3,3,-3,p,1.8849555921538758e-01+0.0000000000000000e+00j,-1.8849555921538758e-01+0.0000000000000000e+00j,3.8095145951792858e-01+1.0375456521473320e-03j,-3.8095145951792858e-01-1.0375456521473320e-03j,-1,True,False,9.9900230485899999e-01+1.8264936500000000e-03j,-6.1275496024265009e-05-1.5096850563276084e-04j,0.0000000000000000e+00+0.0000000000000000e+00j,-6.1275496024265009e-05-1.5096850563276084e-04j,-7.7700665153760295e-01-6.1296294267105667e-01j,-4.4926631476189220e-05+1.5486314140600936e-04j,0.00010641026148552546,2.1282052297105096e-08,dtn_port_modal_amplitudes,0.0,2.1282052297105096e-08
614,bottom,outgoing_down,substrate,3,-2,3,-2,s,1.8849555921538758e-01+0.0000000000000000e+00j,-1.2566370614359174e-01+0.0000000000000000e+00j,4.0603336614299962e-01+9.7345332541662040e-04j,-4.0603336614299962e-01-9.7345332541662040e-04j,-1,True,False,9.9900230485899999e-01+1.8264936500000000e-03j,3.7323657059026441e-06-1.0734142970304486e-06j,0.0000000000000000e+00+0.0000000000000000e+00j,3.7323657059026441e-06-1.0734142970304486e-06j,-6.0094286848200285e-01-7.8713842531683220e-01j,-3.0878641930061119e-06-2.2928277977236836e-06j,6.452254458472823e-08,1.2904508916945648e-11,dtn_port_modal_amplitudes,0.0,1.2904508916945648e-11
615,bottom,outgoing_down,substrate,3,-2,3,-2,p,1.8849555921538758e-01+0.0000000000000000e+00j,-1.2566370614359174e-01+0.0000000000000000e+00j,4.0603336614299962e-01+9.7345332541662040e-04j,-4.0603336614299962e-01-9.7345332541662040e-04j,-1,True,False,9.9900230485899999e-01+1.8264936500000000e-03j,-2.4623561557978786e-06+5.7623765344183863e-07j,0.0000000000000000e+00+0.0000000000000000e+00j,-2.4623561557978786e-06+5.7623765344183863e-07j,-6.0094286848200285e-01-7.8713842531683220e-01j,1.9333141706279700e-06+1.5919292386572736e-06j,2.7358210584189588e-08,5.4716421168379184e-12,dtn_port_modal_amplitudes,0.0,5.4716421168379184e-12
616,bottom,outgoing_down,substrate,3,-1,3,-1,s,1.8849555921538758e-01+0.0000000000000000e+00j,-6.2831853071795868e-02+0.0000000000000000e+00j,4.2036478942776917e-01+9.4026555135613547e-04j,-4.2036478942776917e-01-9.4026555135613547e-04j,-1,True,False,9.9900230485899999e-01+1.8264936500000000e-03j,6.8300814765673225e-04-1.1213442171775995e-03j,0.0000000000000000e+00+0.0000000000000000e+00j,6.8300814765673225e-04-1.1213442171775995e-03j,-4.8251978603356227e-01-8.6518498699849899e-01j,-1.2997351272261495e-03-4.9857623607750990e-05j,0.0076400910388724165,1.5280182077744836e-06,dtn_port_modal_amplitudes,0.0,1.5280182077744836e-06
617,bottom,outgoing_down,substrate,3,-1,3,-1,p,1.8849555921538758e-01+0.0000000000000000e+00j,-6.2831853071795868e-02+0.0000000000000000e+00j,4.2036478942776917e-01+9.4026555135613547e-04j,-4.2036478942776917e-01-9.4026555135613547e-04j,-1,True,False,9.9900230485899999e-01+1.8264936500000000e-03j,-2.0543628032040497e-04+3.3784322399686299e-04j,0.0000000000000000e+00+0.0000000000000000e+00j,-2.0543628032040497e-04+3.3784322399686299e-04j,-4.8251978603356227e-01-8.6518498699849899e-01j,3.9142395538498961e-04+1.4724345362174382e-05j,0.0006928818099968155,1.3857636199936314e-07,dtn_port_modal_amplitudes,0.0,1.3857636199936314e-07
618,bottom,outgoing_down,substrate,3,0,3,0,s,1.8849555921538758e-01+0.0000000000000000e+00j,0.0000000000000000e+00+0.0000000000000000e+00j,4.2503456168993237e-01+9.2993503617795192e-04j,-4.2503456168993237e-01-9.2993503617795192e-04j,-1,True,False,9.9900230485899999e-01+1.8264936500000000e-03j,-1.3684176629863406e-03+1.7704636284232734e-03j,0.0000000000000000e+00+0.0000000000000000e+00j,-1.3684176629863406e-03+1.7704636284232734e-03j,-4.4165190809721844e-01-8.8685781267387764e-01j,2.1745137728539747e-03+4.3166325571050203e-04j,0.022441807236748573,4.488361447349716e-06,dtn_port_modal_amplitudes,0.0,4.488361447349716e-06
619,bottom,outgoing_down,substrate,3,0,3,0,p,1.8849555921538758e-01+0.0000000000000000e+00j,0.0000000000000000e+00+0.0000000000000000e+00j,4.2503456168993237e-01+9.2993503617795192e-04j,-4.2503456168993237e-01-9.2993503617795192e-04j,-1,True,False,9.9900230485899999e-01+1.8264936500000000e-03j,1.0589512395893867e-14+1.3503856058537361e-14j,0.0000000000000000e+00+0.0000000000000000e+00j,1.0589512395893867e-14+1.3503856058537361e-14j,-4.4165190809721844e-01-8.8685781267387764e-01j,7.2991218912716625e-15-1.5355395595628555e-14j,1.3199096175179805e-24,2.6398192350359615e-28,dtn_port_modal_amplitudes,0.0,2.6398192350359615e-28
620,bottom,outgoing_down,substrate,3,1,3,1,s,1.8849555921538758e-01+0.0000000000000000e+00j,6.2831853071795868e-02+0.0000000000000000e+00j,4.2036478942776917e-01+9.4026555135613547e-04j,-4.2036478942776917e-01-9.4026555135613547e-04j,-1,True,False,9.9900230485899999e-01+1.8264936500000000e-03j,6.8300814766776412e-04-1.1213442172060310e-03j,0.0000000000000000e+00+0.0000000000000000e+00j,6.8300814766776412e-04-1.1213442172060310e-03j,-4.8251978603356227e-01-8.6518498699849899e-01j,-1.2997351272560711e-03-4.9857623603576920e-05j,0.007640091039221788,1.528018207844358e-06,dtn_port_modal_amplitudes,0.0,1.528018207844358e-06
621,bottom,outgoing_down,substrate,3,1,3,1,p,1.8849555921538758e-01+0.0000000000000000e+00j,6.2831853071795868e-02+0.0000000000000000e+00j,4.2036478942776917e-01+9.4026555135613547e-04j,-4.2036478942776917e-01-9.4026555135613547e-04j,-1,True,False,9.9900230485899999e-01+1.8264936500000000e-03j,2.0543628032661869e-04-3.3784322398929125e-04j,0.0000000000000000e+00+0.0000000000000000e+00j,2.0543628032661869e-04-3.3784322398929125e-04j,-4.8251978603356227e-01-8.6518498699849899e-01j,-3.9142395538143690e-04-1.4724345371203916e-05j,0.0006928818099854565,1.3857636199709134e-07,dtn_port_modal_amplitudes,0.0,1.3857636199709134e-07
622,bottom,outgoing_down,substrate,3,2,3,2,s,1.8849555921538758e-01+0.0000000000000000e+00j,1.2566370614359174e-01+0.0000000000000000e+00j,4.0603336614299962e-01+9.7345332541662040e-04j,-4.0603336614299962e-01-9.7345332541662040e-04j,-1,True,False,9.9900230485899999e-01+1.8264936500000000e-03j,3.7323657162582457e-06-1.0734142744511976e-06j,0.0000000000000000e+00+0.0000000000000000e+00j,3.7323657162582457e-06-1.0734142744511976e-06j,-6.0094286848200285e-01-7.8713842531683220e-01j,-3.0878641814562408e-06-2.2928278194438153e-06j,6.452254470805148e-08,1.2904508941610299e-11,dtn_port_modal_amplitudes,0.0,1.2904508941610299e-11
623,bottom,outgoing_down,substrate,3,2,3,2,p,1.8849555921538758e-01+0.0000000000000000e+00j,1.2566370614359174e-01+0.0000000000000000e+00j,4.0603336614299962e-01+9.7345332541662040e-04j,-4.0603336614299962e-01-9.7345332541662040e-04j,-1,True,False,9.9900230485899999e-01+1.8264936500000000e-03j,2.4623561474149146e-06-5.7623764514694239e-07j,0.0000000000000000e+00+0.0000000000000000e+00j,2.4623561474149146e-06-5.7623764514694239e-07j,-6.0094286848200285e-01-7.8713842531683220e-01j,-1.9333141590610558e-06-1.5919292370434793e-06j,2.735821036668698e-08,5.471642073337396e-12,dtn_port_modal_amplitudes,0.0,5.471642073337396e-12
624,bottom,outgoing_down,substrate,3,3,3,3,s,1.8849555921538758e-01+0.0000000000000000e+00j,1.8849555921538758e-01+0.0000000000000000e+00j,3.8095145951792858e-01+1.0375456521473320e-03j,-3.8095145951792858e-01-1.0375456521473320e-03j,-1,True,False,9.9900230485899999e-01+1.8264936500000000e-03j,7.4722426752365048e-05+1.8492831500091259e-04j,0.0000000000000000e+00+0.0000000000000000e+00j,7.4722426752365048e-05+1.8492831500091259e-04j,-7.7700665153760295e-01-6.1296294267105667e-01j,5.5294381540540518e-05-1.8949260939900232e-04j,0.0001594657093057855,3.189314186115711e-08,dtn_port_modal_amplitudes,0.0,3.189314186115711e-08
625,bottom,outgoing_down,substrate,3,3,3,3,p,1.8849555921538758e-01+0.0000000000000000e+00j,1.8849555921538758e-01+0.0000000000000000e+00j,3.8095145951792858e-01+1.0375456521473320e-03j,-3.8095145951792858e-01-1.0375456521473320e-03j,-1,True,False,9.9900230485899999e-01+1.8264936500000000e-03j,6.1275496024778623e-05+1.5096850561717163e-04j,0.0000000000000000e+00+0.0000000000000000e+00j,6.1275496024778623e-05+1.5096850561717163e-04j,-7.7700665153760295e-01-6.1296294267105667e-01j,4.4926631466234537e-05-1.5486314139421126e-04j,0.00010641026146690991,2.1282052293381986e-08,dtn_port_modal_amplitudes,0.0,2.1282052293381986e-08
626,bottom,outgoing_down,substrate,3,4,3,4,s,1.8849555921538758e-01+0.0000000000000000e+00j,2.5132741228718347e-01+0.0000000000000000e+00j,3.4276723208213405e-01+1.1531281100035143e-03j,-3.4276723208213405e-01-1.1531281100035143e-03j,-1,True,False,9.9900230485899999e-01+1.8264936500000000e-03j,8.6797456564786093e-07+1.6595811386532584e-06j,0.0000000000000000e+00+0.0000000000000000e+00j,8.6797456564786093e-07+1.6595811386532584e-06j,-9.4835845410302411e-01-2.7895804079833464e-01j,-3.6019751429396690e-07-1.8160062874076536e-06j,1.2621646359782537e-08,2.5243292719565077e-12,dtn_port_modal_amplitudes,0.0,2.5243292719565077e-12
627,bottom,outgoing_down,substrate,3,4,3,4,p,1.8849555921538758e-01+0.0000000000000000e+00j,2.5132741228718347e-01+0.0000000000000000e+00j,3.4276723208213405e-01+1.1531281100035143e-03j,-3.4276723208213405e-01-1.1531281100035143e-03j,-1,True,False,9.9900230485899999e-01+1.8264936500000000e-03j,7.4788307467181675e-07+2.2506955063762053e-06j,0.0000000000000000e+00+0.0000000000000000e+00j,7.4788307467181675e-07+2.2506955063762053e-06j,-9.4835845410302411e-01-2.7895804079833464e-01j,-8.1411627653258820e-08-2.3430941083402458e-06j,2.0240752161245476e-08,4.048150432249096e-12,dtn_port_modal_amplitudes,0.0,4.048150432249096e-12
628,bottom,outgoing_down,substrate,3,5,3,5,s,1.8849555921538758e-01+0.0000000000000000e+00j,3.1415926535897931e-01+0.0000000000000000e+00j,2.8628547986598113e-01+1.3806307280656977e-03j,-2.8628547986598113e-01-1.3806307280656977e-03j,-1,True,False,9.9900230485899999e-01+1.8264936500000000e-03j,2.3567981541399242e-05-5.1332474231892771e-05j,0.0000000000000000e+00+0.0000000000000000e+00j,2.3567981541399242e-05-5.1332474231892771e-05j,-9.4822125018063363e-01+2.7136983909883400e-01j,-8.4175756485659013e-06+5.5070182249804332e-05j,9.545226712093639e-06,1.909045342418728e-09,dtn_port_modal_amplitudes,0.0,1.909045342418728e-09
629,bottom,outgoing_down,substrate,3,5,3,5,p,1.8849555921538758e-01+0.0000000000000000e+00j,3.1415926535897931e-01+0.0000000000000000e+00j,2.8628547986598113e-01+1.3806307280656977e-03j,-2.8628547986598113e-01-1.3806307280656977e-03j,-1,True,False,9.9900230485899999e-01+1.8264936500000000e-03j,2.4055144090124560e-05-5.2632871466692863e-05j,0.0000000000000000e+00+0.0000000000000000e+00j,2.4055144090124560e-05-5.2632871466692863e-05j,-9.4822125018063363e-01+2.7136983909883400e-01j,-8.5266249411871371e-06+5.6435447763980479e-05j,1.0019115755240727e-05,2.0038231510481458e-09,dtn_port_modal_amplitudes,0.0,2.0038231510481458e-09
630,bottom,outgoing_down,substrate,3,6,3,6,s,1.8849555921538758e-01+0.0000000000000000e+00j,3.7699111843077515e-01+0.0000000000000000e+00j,1.9630401061771338e-01+2.0134816871965710e-03j,-1.9630401061771338e-01-2.0134816871965710e-03j,-1,True,False,9.9900230485899999e-01+1.8264936500000000e-03j,-3.0929917771813092e-07-1.9396193145398297e-07j,0.0000000000000000e+00+0.0000000000000000e+00j,-3.0929917771813092e-07-1.9396193145398297e-07j,-3.7464292707055397e-01+9.0563408174461468e-01j,2.9153528496657579e-07-2.0744541105694555e-07j,2.699931102035739e-10,5.3998622040714795e-14,dtn_port_modal_amplitudes,0.0,5.3998622040714795e-14
631,bottom,outgoing_down,substrate,3,6,3,6,p,1.8849555921538758e-01+0.0000000000000000e+00j,3.7699111843077515e-01+0.0000000000000000e+00j,1.9630401061771338e-01+2.0134816871965710e-03j,-1.9630401061771338e-01-2.0134816871965710e-03j,-1,True,False,9.9900230485899999e-01+1.8264936500000000e-03j,-5.2055496286195019e-07-3.7289054531133921e-07j,0.0000000000000000e+00+0.0000000000000000e+00j,-5.2055496286195019e-07-3.7289054531133921e-07j,-3.7464292707055397e-01+9.0563408174461468e-01j,5.3272462158198792e-07-3.3173151041670907e-07j,8.305663896155294e-10,1.661132779231059e-13,dtn_port_modal_amplitudes,0.0,1.661132779231059e-13
632,bottom,outgoing_down,substrate,4,-6,4,-6,s,2.5132741228718347e-01+0.0000000000000000e+00j,-3.7699111843077515e-01+0.0000000000000000e+00j,1.0445399395798326e-01+3.7840059104010783e-03j,-1.0445399395798326e-01-3.7840059104010783e-03j,-1,True,False,9.9900230485899999e-01+1.8264936500000000e-03j,-5.8452982548022211e-07+3.2544322355776840e-08j,0.0000000000000000e+00+0.0000000000000000e+00j,-5.8452982548022211e-07+3.2544322355776840e-08j,4.8364785763862383e-01+8.3258481574728171e-01j,-3.0980250645159267e-07-4.7093066526056922e-07j,3.565652399821338e-10,7.131304799642677e-14,dtn_port_modal_amplitudes,0.0,7.131304799642677e-14
633,bottom,outgoing_down,substrate,4,-6,4,-6,p,2.5132741228718347e-01+0.0000000000000000e+00j,-3.7699111843077515e-01+0.0000000000000000e+00j,1.0445399395798326e-01+3.7840059104010783e-03j,-1.0445399395798326e-01-3.7840059104010783e-03j,-1,True,False,9.9900230485899999e-01+1.8264936500000000e-03j,1.7528913097427347e-07-1.0963749562039572e-07j,0.0000000000000000e+00+0.0000000000000000e+00j,1.7528913097427347e-07-1.0963749562039572e-07j,4.8364785763862383e-01+8.3258481574728171e-01j,1.7606072675314407e-07+9.2917128941048216e-08j,4.447169504950963e-11,8.894339009901927e-15,dtn_port_modal_amplitudes,0.0,8.894339009901927e-15
634,bottom,outgoing_down,substrate,4,-5,4,-5,s,2.5132741228718347e-01+0.0000000000000000e+00j,-3.1415926535897931e-01+0.0000000000000000e+00j,2.3307821275853755e-01+1.6958021336446394e-03j,-2.3307821275853755e-01-1.6958021336446394e-03j,-1,True,False,9.9900230485899999e-01+1.8264936500000000e-03j,-1.0308522160906094e-07-8.2742282397670141e-07j,0.0000000000000000e+00+0.0000000000000000e+00j,-1.0308522160906094e-07-8.2742282397670141e-07j,-6.7732708197908964e-01+7.1265747931378742e-01j,6.5949147640956467e-07+4.8697143274062060e-07j,1.682829870430936e-09,3.3656597408618726e-13,dtn_port_modal_amplitudes,0.0,3.3656597408618726e-13
635,bottom,outgoing_down,substrate,4,-5,4,-5,p,2.5132741228718347e-01+0.0000000000000000e+00j,-3.1415926535897931e-01+0.0000000000000000e+00j,2.3307821275853755e-01+1.6958021336446394e-03j,-2.3307821275853755e-01-1.6958021336446394e-03j,-1,True,False,9.9900230485899999e-01+1.8264936500000000e-03j,6.1955763773311861e-08+5.2396335571596512e-07j,0.0000000000000000e+00+0.0000000000000000e+00j,6.1955763773311861e-08+5.2396335571596512e-07j,-6.7732708197908964e-01+7.1265747931378742e-01j,-4.1537072102569614e-07-3.1074133235141751e-07j,6.737953396026141e-10,1.3475906792052285e-13,dtn_port_modal_amplitudes,0.0,1.3475906792052285e-13
636,bottom,outgoing_down,substrate,4,-4,4,-4,s,2.5132741228718347e-01+0.0000000000000000e+00j,-2.5132741228718347e-01+0.0000000000000000e+00j,2.9975805579007508e-01+1.3185785097926098e-03j,-2.9975805579007508e-01-1.3185785097926098e-03j,-1,True,False,9.9900230485899999e-01+1.8264936500000000e-03j,-9.2460265033252394e-07-3.6472203038702963e-07j,0.0000000000000000e+00+0.0000000000000000e+00j,-9.2460265033252394e-07-3.6472203038702963e-07j,-9.7668453528683474e-01+1.4163488804806326e-01j,9.5470247380752618e-07+2.2526237388863725e-07j,3.098561340276158e-09,6.197122680552317e-13,dtn_port_modal_amplitudes,0.0,6.197122680552317e-13
637,bottom,outgoing_down,substrate,4,-4,4,-4,p,2.5132741228718347e-01+0.0000000000000000e+00j,-2.5132741228718347e-01+0.0000000000000000e+00j,2.9975805579007508e-01+1.3185785097926098e-03j,-2.9975805579007508e-01-1.3185785097926098e-03j,-1,True,False,9.9900230485899999e-01+1.8264936500000000e-03j,6.3680270331916672e-07+2.6648011831968336e-07j,0.0000000000000000e+00+0.0000000000000000e+00j,6.3680270331916672e-07+2.6648011831968336e-07j,-9.7668453528683474e-01+1.4163488804806326e-01j,-6.5969823408592351e-07-1.7007353093092649e-07j,1.4946220410612927e-09,2.989244082122586e-13,dtn_port_modal_amplitudes,0.0,2.989244082122586e-13
638,bottom,outgoing_down,substrate,4,-3,4,-3,s,2.5132741228718347e-01+0.0000000000000000e+00j,-1.8849555921538758e-01+0.0000000000000000e+00j,3.4276723208213411e-01+1.1531281100035141e-03j,-3.4276723208213411e-01-1.1531281100035141e-03j,-1,True,False,9.9900230485899999e-01+1.8264936500000000e-03j,8.1159212882552384e-07+2.5065651859726074e-06j,0.0000000000000000e+00+0.0000000000000000e+00j,8.1159212882552384e-07+2.5065651859726074e-06j,-9.4835845410302377e-01-2.7895804079833547e-01j,-7.0453743242921979e-08-2.6035224350619587e-06j,2.4978351091234114e-08,4.9956702182468236e-12,dtn_port_modal_amplitudes,0.0,4.9956702182468236e-12
639,bottom,outgoing_down,substrate,4,-3,4,-3,p,2.5132741228718347e-01+0.0000000000000000e+00j,-1.8849555921538758e-01+0.0000000000000000e+00j,3.4276723208213411e-01+1.1531281100035141e-03j,-3.4276723208213411e-01-1.1531281100035141e-03j,-1,True,False,9.9900230485899999e-01+1.8264936500000000e-03j,-4.7720908370295643e-07-1.4013260927740533e-06j,0.0000000000000000e+00+0.0000000000000000e+00j,-4.7720908370295643e-07-1.4013260927740533e-06j,-9.4835845410302377e-01-2.7895804079833547e-01j,6.1654087544619873e-08+1.4620807580783770e-06j,7.88565009431252e-09,1.5771300188625044e-12,dtn_port_modal_amplitudes,0.0,1.5771300188625044e-12
640,bottom,outgoing_down,substrate,4,-2,4,-2,s,2.5132741228718347e-01+0.0000000000000000e+00j,-1.2566370614359174e-01+0.0000000000000000e+00j,3.7044350841378160e-01+1.0669765336001297e-03j,-3.7044350841378160e-01-1.0669765336001297e-03j,-1,True,False,9.9900230485899999e-01+1.8264936500000000e-03j,-1.9210210382806260e-06+1.2213446484495598e-06j,0.0000000000000000e+00+0.0000000000000000e+00j,-1.9210210382806260e-06+1.2213446484495598e-06j,-8.3676593415347811e-01-5.2792927326769790e-01j,2.2522285562907407e-06-7.8163550117977786e-09j,2.0187198117536844e-08,4.0374396235073695e-12,dtn_port_modal_amplitudes,0.0,4.0374396235073695e-12
641,bottom,outgoing_down,substrate,4,-2,4,-2,p,2.5132741228718347e-01+0.0000000000000000e+00j,-1.2566370614359174e-01+0.0000000000000000e+00j,3.7044350841378160e-01+1.0669765336001297e-03j,-3.7044350841378160e-01-1.0669765336001297e-03j,-1,True,False,9.9900230485899999e-01+1.8264936500000000e-03j,7.6664737162950471e-07-5.2364698667562453e-07j,0.0000000000000000e+00+0.0000000000000000e+00j,7.6664737162950471e-07-5.2364698667562453e-07j,-8.3676593415347811e-01-5.2792927326769790e-01j,-9.1795297721235353e-07+3.3434370215327765e-08j,3.357859520777925e-09,6.715719041555852e-13,dtn_port_modal_amplitudes,0.0,6.715719041555852e-13
642,bottom,outgoing_down,substrate,4,-1,4,-1,s,2.5132741228718347e-01+0.0000000000000000e+00j,-6.2831853071795868e-02+0.0000000000000000e+00j,3.8609820999417283e-01+1.0237150037757817e-03j,-3.8609820999417283e-01-1.0237150037757817e-03j,-1,True,False,9.9900230485899999e-01+1.8264936500000000e-03j,9.9555646508477143e-06-9.5701695098253334e-06j,0.0000000000000000e+00+0.0000000000000000e+00j,9.9555646508477143e-06-9.5701695098253334e-06j,-7.4454699198637742e-01-6.5221442176757782e-01j,-1.3654188287383008e-05+6.3227807921781586e-07j,7.749679210021152e-07,1.5499358420042307e-10,dtn_port_modal_amplitudes,0.0,1.5499358420042307e-10
643,bottom,outgoing_down,substrate,4,-1,4,-1,p,2.5132741228718347e-01+0.0000000000000000e+00j,-6.2831853071795868e-02+0.0000000000000000e+00j,3.8609820999417283e-01+1.0237150037757817e-03j,-3.8609820999417283e-01-1.0237150037757817e-03j,-1,True,False,9.9900230485899999e-01+1.8264936500000000e-03j,-2.0543312722615641e-06+2.0348105385773519e-06j,0.0000000000000000e+00+0.0000000000000000e+00j,-2.0543312722615641e-06+2.0348105385773519e-06j,-7.4454699198637742e-01-6.5221442176757782e-01j,2.8566789481306967e-06-1.7514758290281943e-07j,3.397614197019984e-08,6.795228394039968e-12,dtn_port_modal_amplitudes,0.0,6.795228394039968e-12
644,bottom,outgoing_down,substrate,4,0,4,0,s,2.5132741228718347e-01+0.0000000000000000e+00j,0.0000000000000000e+00+0.0000000000000000e+00j,3.9117725200165521e-01+1.0104230971496643e-03j,-3.9117725200165521e-01-1.0104230971496643e-03j,-1,True,False,9.9900230485899999e-01+1.8264936500000000e-03j,-1.5590693656244536e-05+1.3518781329241024e-05j,0.0000000000000000e+00+0.0000000000000000e+00j,-1.5590693656244536e-05+1.3518781329241024e-05j,-7.1056929492639742e-01-6.8926456284293680e-01j,2.0396285101799705e-05+1.1400817300065983e-06j,1.753696552142715e-06,3.5073931042854304e-10,dtn_port_modal_amplitudes,0.0,3.5073931042854304e-10
645,bottom,outgoing_down,substrate,4,0,4,0,p,2.5132741228718347e-01+0.0000000000000000e+00j,0.0000000000000000e+00+0.0000000000000000e+00j,3.9117725200165521e-01+1.0104230971496643e-03j,-3.9117725200165521e-01-1.0104230971496643e-03j,-1,True,False,9.9900230485899999e-01+1.8264936500000000e-03j,1.7729393838619619e-14-2.8733669020687169e-15j,0.0000000000000000e+00+0.0000000000000000e+00j,1.7729393838619619e-14-2.8733669020687169e-15j,-7.1056929492639742e-01-6.8926456284293680e-01j,-1.4578472861022118e-14-1.0178516599978594e-14j,1.328522151367842e-24,2.6570443027356843e-28,dtn_port_modal_amplitudes,0.0,2.6570443027356843e-28
646,bottom,outgoing_down,substrate,4,1,4,1,s,2.5132741228718347e-01+0.0000000000000000e+00j,6.2831853071795868e-02+0.0000000000000000e+00j,3.8609820999417283e-01+1.0237150037757817e-03j,-3.8609820999417283e-01-1.0237150037757817e-03j,-1,True,False,9.9900230485899999e-01+1.8264936500000000e-03j,9.9555646437586804e-06-9.5701695119125174e-06j,0.0000000000000000e+00+0.0000000000000000e+00j,9.9555646437586804e-06-9.5701695119125174e-06j,-7.4454699198637742e-01-6.5221442176757782e-01j,-1.3654188283466182e-05+6.3227808539539316e-07j,7.74967920590856e-07,1.5499358411817123e-10,dtn_port_modal_amplitudes,0.0,1.5499358411817123e-10
647,bottom,outgoing_down,substrate,4,1,4,1,p,2.5132741228718347e-01+0.0000000000000000e+00j,6.2831853071795868e-02+0.0000000000000000e+00j,3.8609820999417283e-01+1.0237150037757817e-03j,-3.8609820999417283e-01-1.0237150037757817e-03j,-1,True,False,9.9900230485899999e-01+1.8264936500000000e-03j,2.0543312595701057e-06-2.0348105474037351e-06j,0.0000000000000000e+00+0.0000000000000000e+00j,2.0543312595701057e-06-2.0348105474037351e-06j,-7.4454699198637742e-01-6.5221442176757782e-01j,-2.8566789444380037e-06+1.7514759775202867e-07j,3.3976141904265516e-08,6.795228380853104e-12,dtn_port_modal_amplitudes,0.0,6.795228380853104e-12
648,bottom,outgoing_down,substrate,4,2,4,2,s,2.5132741228718347e-01+0.0000000000000000e+00j,1.2566370614359174e-01+0.0000000000000000e+00j,3.7044350841378160e-01+1.0669765336001297e-03j,-3.7044350841378160e-01-1.0669765336001297e-03j,-1,True,False,9.9900230485899999e-01+1.8264936500000000e-03j,-1.9210210202804682e-06+1.2213446467947384e-06j,0.0000000000000000e+00+0.0000000000000000e+00j,-1.9210210202804682e-06+1.2213446467947384e-06j,-8.3676593415347811e-01-5.2792927326769790e-01j,2.2522285403551931e-06-7.8163631299099876e-09j,2.0187197832378004e-08,4.037439566475602e-12,dtn_port_modal_amplitudes,0.0,4.037439566475602e-12
649,bottom,outgoing_down,substrate,4,2,4,2,p,2.5132741228718347e-01+0.0000000000000000e+00j,1.2566370614359174e-01+0.0000000000000000e+00j,3.7044350841378160e-01+1.0669765336001297e-03j,-3.7044350841378160e-01-1.0669765336001297e-03j,-1,True,False,9.9900230485899999e-01+1.8264936500000000e-03j,-7.6664736408383632e-07+5.2364697044850477e-07j,0.0000000000000000e+00+0.0000000000000000e+00j,-7.6664736408383632e-07+5.2364697044850477e-07j,-8.3676593415347811e-01-5.2792927326769790e-01j,9.1795296233162376e-07-3.3434360620605942e-08j,3.357859409501847e-09,6.715718819003695e-13,dtn_port_modal_amplitudes,0.0,6.715718819003695e-13
650,bottom,outgoing_down,substrate,4,3,4,3,s,2.5132741228718347e-01+0.0000000000000000e+00j,1.8849555921538758e-01+0.0000000000000000e+00j,3.4276723208213411e-01+1.1531281100035141e-03j,-3.4276723208213411e-01-1.1531281100035141e-03j,-1,True,False,9.9900230485899999e-01+1.8264936500000000e-03j,8.1159215054490868e-07+2.5065651759342001e-06j,0.0000000000000000e+00+0.0000000000000000e+00j,8.1159215054490868e-07+2.5065651759342001e-06j,-9.4835845410302377e-01-2.7895804079833547e-01j,-7.0453766640978632e-08-2.6035224316007474e-06j,2.497835103700909e-08,4.9956702074018185e-12,dtn_port_modal_amplitudes,0.0,4.9956702074018185e-12
651,bottom,outgoing_down,substrate,4,3,4,3,p,2.5132741228718347e-01+0.0000000000000000e+00j,1.8849555921538758e-01+0.0000000000000000e+00j,3.4276723208213411e-01+1.1531281100035141e-03j,-3.4276723208213411e-01-1.1531281100035141e-03j,-1,True,False,9.9900230485899999e-01+1.8264936500000000e-03j,4.7720906737766597e-07+1.4013260811578218e-06j,0.0000000000000000e+00+0.0000000000000000e+00j,4.7720906737766597e-07+1.4013260811578218e-06j,-9.4835845410302377e-01-2.7895804079833547e-01j,-6.1654075302833798e-08-1.4620807425079548e-06j,7.885649921095737e-09,1.5771299842191478e-12,dtn_port_modal_amplitudes,0.0,1.5771299842191478e-12
652,bottom,outgoing_down,substrate,4,4,4,4,s,2.5132741228718347e-01+0.0000000000000000e+00j,2.5132741228718347e-01+0.0000000000000000e+00j,2.9975805579007508e-01+1.3185785097926098e-03j,-2.9975805579007508e-01-1.3185785097926098e-03j,-1,True,False,9.9900230485899999e-01+1.8264936500000000e-03j,-9.2460263665151227e-07-3.6472200243944070e-07j,0.0000000000000000e+00+0.0000000000000000e+00j,-9.2460263665151227e-07-3.6472200243944070e-07j,-9.7668453528683474e-01+1.4163488804806326e-01j,9.5470245648714004e-07+2.2526234853036789e-07j,3.0985611969856964e-09,6.197122393971394e-13,dtn_port_modal_amplitudes,0.0,6.197122393971394e-13
653,bottom,outgoing_down,substrate,4,4,4,4,p,2.5132741228718347e-01+0.0000000000000000e+00j,2.5132741228718347e-01+0.0000000000000000e+00j,2.9975805579007508e-01+1.3185785097926098e-03j,-2.9975805579007508e-01-1.3185785097926098e-03j,-1,True,False,9.9900230485899999e-01+1.8264936500000000e-03j,-6.3680269098092758e-07-2.6648012072533618e-07j,0.0000000000000000e+00+0.0000000000000000e+00j,-6.3680269098092758e-07-2.6648012072533618e-07j,-9.7668453528683474e-01+1.4163488804806326e-01j,6.5969822237608043e-07+1.7007353502801548e-07j,1.4946219957959118e-09,2.9892439915918244e-13,dtn_port_modal_amplitudes,0.0,2.9892439915918244e-13
654,bottom,outgoing_down,substrate,4,5,4,5,s,2.5132741228718347e-01+0.0000000000000000e+00j,3.1415926535897931e-01+0.0000000000000000e+00j,2.3307821275853755e-01+1.6958021336446394e-03j,-2.3307821275853755e-01-1.6958021336446394e-03j,-1,True,False,9.9900230485899999e-01+1.8264936500000000e-03j,-1.0308523073390417e-07-8.2742282325110747e-07j,0.0000000000000000e+00+0.0000000000000000e+00j,-1.0308523073390417e-07-8.2742282325110747e-07j,-6.7732708197908964e-01+7.1265747931378742e-01j,6.5949148207296820e-07+4.8697142574626827e-07j,1.682829872078117e-09,3.3656597441562345e-13,dtn_port_modal_amplitudes,0.0,3.3656597441562345e-13
655,bottom,outgoing_down,substrate,4,5,4,5,p,2.5132741228718347e-01+0.0000000000000000e+00j,3.1415926535897931e-01+0.0000000000000000e+00j,2.3307821275853755e-01+1.6958021336446394e-03j,-2.3307821275853755e-01-1.6958021336446394e-03j,-1,True,False,9.9900230485899999e-01+1.8264936500000000e-03j,-6.1955770017154934e-08-5.2396336108046438e-07j,0.0000000000000000e+00+0.0000000000000000e+00j,-6.1955770017154934e-08-5.2396336108046438e-07j,-6.7732708197908964e-01+7.1265747931378742e-01j,4.1537072907787069e-07+3.1074133153521672e-07j,6.737953550820818e-10,1.3475907101641638e-13,dtn_port_modal_amplitudes,0.0,1.3475907101641638e-13
656,bottom,outgoing_down,substrate,4,6,4,6,s,2.5132741228718347e-01+0.0000000000000000e+00j,3.7699111843077515e-01+0.0000000000000000e+00j,1.0445399395798326e-01+3.7840059104010783e-03j,-1.0445399395798326e-01-3.7840059104010783e-03j,-1,True,False,9.9900230485899999e-01+1.8264936500000000e-03j,-5.8452984836134620e-07+3.2544335999966520e-08j,0.0000000000000000e+00+0.0000000000000000e+00j,-5.8452984836134620e-07+3.2544335999966520e-08j,4.8364785763862383e-01+8.3258481574728171e-01j,-3.0980252887794451e-07-4.7093067771206255e-07j,3.565652687349217e-10,7.131305374698436e-14,dtn_port_modal_amplitudes,0.0,7.131305374698436e-14
657,bottom,outgoing_down,substrate,4,6,4,6,p,2.5132741228718347e-01+0.0000000000000000e+00j,3.7699111843077515e-01+0.0000000000000000e+00j,1.0445399395798326e-01+3.7840059104010783e-03j,-1.0445399395798326e-01-3.7840059104010783e-03j,-1,True,False,9.9900230485899999e-01+1.8264936500000000e-03j,-1.7528908869159391e-07+1.0963748226695931e-07j,0.0000000000000000e+00+0.0000000000000000e+00j,-1.7528908869159391e-07+1.0963748226695931e-07j,4.8364785763862383e-01+8.3258481574728171e-01j,-1.7606069518534831e-07-9.2917100195492137e-08j,4.4471676581691037e-11,8.89433531633821e-15,dtn_port_modal_amplitudes,0.0,8.89433531633821e-15
658,bottom,outgoing_down,substrate,5,-5,5,-5,s,3.1415926535897931e-01+0.0000000000000000e+00j,-3.1415926535897931e-01+0.0000000000000000e+00j,1.3711422769912743e-01+2.8826660597857309e-03j,-1.3711422769912743e-01-2.8826660597857309e-03j,-1,True,False,9.9900230485899999e-01+1.8264936500000000e-03j,1.4573811141239262e-05+5.4036301713693542e-05j,0.0000000000000000e+00+0.0000000000000000e+00j,1.4573811141239262e-05+5.4036301713693542e-05j,1.9269468320661312e-01+9.5228457230469921e-01j,-4.8649640545378228e-05+2.4290923549861634e-05j,4.355457053270752e-06,8.710914106541507e-10,dtn_port_modal_amplitudes,0.0,8.710914106541507e-10
659,bottom,outgoing_down,substrate,5,-5,5,-5,p,3.1415926535897931e-01+0.0000000000000000e+00j,-3.1415926535897931e-01+0.0000000000000000e+00j,1.3711422769912743e-01+2.8826660597857309e-03j,-1.3711422769912743e-01-2.8826660597857309e-03j,-1,True,False,9.9900230485899999e-01+1.8264936500000000e-03j,-4.0253185540938246e-06-1.5214307843806994e-05j,0.0000000000000000e+00+0.0000000000000000e+00j,-4.0253185540938246e-06-1.5214307843806994e-05j,1.9269468320661312e-01+9.5228457230469921e-01j,1.3712693154364962e-05-6.7649649878456851e-06j,3.443943020040163e-07,6.887886040080327e-11,dtn_port_modal_amplitudes,0.0,6.887886040080327e-11
660,bottom,outgoing_down,substrate,5,-4,5,-4,s,3.1415926535897931e-01+0.0000000000000000e+00j,-2.5132741228718347e-01+0.0000000000000000e+00j,2.3307821275853752e-01+1.6958021336446396e-03j,-2.3307821275853752e-01-1.6958021336446396e-03j,-1,True,False,9.9900230485899999e-01+1.8264936500000000e-03j,-9.9292856320004318e-08-9.6876028945924664e-07j,0.0000000000000000e+00+0.0000000000000000e+00j,-9.9292856320004318e-08-9.6876028945924664e-07j,-6.7732708197908964e-01+7.1265747931378742e-01j,7.5764800657791928e-07+5.8540578329776940e-07j,2.2954468045768683e-09,4.590893609153737e-13,dtn_port_modal_amplitudes,0.0,4.590893609153737e-13
661,bottom,outgoing_down,substrate,5,-4,5,-4,p,3.1415926535897931e-01+0.0000000000000000e+00j,-2.5132741228718347e-01+0.0000000000000000e+00j,2.3307821275853752e-01+1.6958021336446396e-03j,-2.3307821275853752e-01-1.6958021336446396e-03j,-1,True,False,9.9900230485899999e-01+1.8264936500000000e-03j,5.4886927179912353e-08+6.3492638065852495e-07j,0.0000000000000000e+00+0.0000000000000000e+00j,5.4886927179912353e-08+6.3492638065852495e-07j,-6.7732708197908964e-01+7.1265747931378742e-01j,-4.8966143621549950e-07-3.9093725351166764e-07j,9.83051261264666e-10,1.9661025225293323e-13,dtn_port_modal_amplitudes,0.0,1.9661025225293323e-13
662,bottom,outgoing_down,substrate,5,-3,5,-3,s,3.1415926535897931e-01+0.0000000000000000e+00j,-1.8849555921538758e-01+0.0000000000000000e+00j,2.8628547986598113e-01+1.3806307280656977e-03j,-2.8628547986598113e-01-1.3806307280656977e-03j,-1,True,False,9.9900230485899999e-01+1.8264936500000000e-03j,3.9320222055962590e-05-8.6335122255555444e-05j,0.0000000000000000e+00+0.0000000000000000e+00j,3.9320222055962590e-05-8.6335122255555444e-05j,-9.4822125018063363e-01+2.7136983909883400e-01j,-1.3855521880216724e-05+9.2535119892317625e-05j,2.692561800973841e-05,5.385123601947683e-09,dtn_port_modal_amplitudes,0.0,5.385123601947683e-09
663,bottom,outgoing_down,substrate,5,-3,5,-3,p,3.1415926535897931e-01+0.0000000000000000e+00j,-1.8849555921538758e-01+0.0000000000000000e+00j,2.8628547986598113e-01+1.3806307280656977e-03j,-2.8628547986598113e-01-1.3806307280656977e-03j,-1,True,False,9.9900230485899999e-01+1.8264936500000000e-03j,-1.4620278589114389e-05+3.1717964340722627e-05j,0.0000000000000000e+00+0.0000000000000000e+00j,-1.4620278589114389e-05+3.1717964340722627e-05j,-9.4822125018063363e-01+2.7136983909883400e-01j,5.2559599620747426e-06-3.4043150448652864e-05j,3.649331970434428e-06,7.298663940868857e-10,dtn_port_modal_amplitudes,0.0,7.298663940868857e-10
664,bottom,outgoing_down,substrate,5,-2,5,-2,s,3.1415926535897931e-01+0.0000000000000000e+00j,-1.2566370614359174e-01+0.0000000000000000e+00j,3.1890157543821018e-01+1.2394248286759907e-03j,-3.1890157543821018e-01-1.2394248286759907e-03j,-1,True,False,9.9900230485899999e-01+1.8264936500000000e-03j,1.8320510044337511e-07-6.6524858396870875e-07j,0.0000000000000000e+00+0.0000000000000000e+00j,1.8320510044337511e-07-6.6524858396870875e-07j,-9.8657182795723497e-01-4.6821400169955923e-02j,-2.1189286099800484e-07+6.4773759221093487e-07j,1.5912238986814818e-09,3.1824477973629643e-13,dtn_port_modal_amplitudes,0.0,3.1824477973629643e-13
665,bottom,outgoing_down,substrate,5,-2,5,-2,p,3.1415926535897931e-01+0.0000000000000000e+00j,-1.2566370614359174e-01+0.0000000000000000e+00j,3.1890157543821018e-01+1.2394248286759907e-03j,-3.1890157543821018e-01-1.2394248286759907e-03j,-1,True,False,9.9900230485899999e-01+1.8264936500000000e-03j,9.9803731010314137e-08+1.3142793004675078e-07j,0.0000000000000000e+00+0.0000000000000000e+00j,9.9803731010314137e-08+1.3142793004675078e-07j,-9.8657182795723497e-01-4.6821400169955923e-02j,-9.2309909633569896e-08-1.3433604361894708e-07j,9.10181195865785e-11,1.8203623917315703e-14,dtn_port_modal_amplitudes,0.0,1.8203623917315703e-14
666,bottom,outgoing_down,substrate,5,-1,5,-1,s,3.1415926535897931e-01+0.0000000000000000e+00j,-6.2831853071795868e-02+0.0000000000000000e+00j,3.3695931484691999e-01+1.1730037220712257e-03j,-3.3695931484691999e-01-1.1730037220712257e-03j,-1,True,False,9.9900230485899999e-01+1.8264936500000000e-03j,1.9705450894022984e-05+3.9326420720084614e-06j,0.0000000000000000e+00+0.0000000000000000e+00j,1.9705450894022984e-05+3.9326420720084614e-06j,-9.6276057846770913e-01-2.2339436484036512e-01j,-1.8093101223875776e-05-8.1882794425165865e-06j,1.427734131490028e-06,2.8554682629800565e-10,dtn_port_modal_amplitudes,0.0,2.8554682629800565e-10
667,bottom,outgoing_down,substrate,5,-1,5,-1,p,3.1415926535897931e-01+0.0000000000000000e+00j,-6.2831853071795868e-02+0.0000000000000000e+00j,3.3695931484691999e-01+1.1730037220712257e-03j,-3.3695931484691999e-01-1.1730037220712257e-03j,-1,True,False,9.9900230485899999e-01+1.8264936500000000e-03j,-2.9536500541921279e-06-3.6472167765121142e-07j,0.0000000000000000e+00+0.0000000000000000e+00j,-2.9536500541921279e-06-3.6472167765121142e-07j,-9.6276057846770913e-01-2.2339436484036512e-01j,2.7621810672427889e-06+1.0109684311721540e-06j,3.1318639933073e-08,6.263727986614601e-12,dtn_port_modal_amplitudes,0.0,6.263727986614601e-12
668,bottom,outgoing_down,substrate,5,0,5,0,s,3.1415926535897931e-01+0.0000000000000000e+00j,0.0000000000000000e+00+0.0000000000000000e+00j,3.4276723208213411e-01+1.1531281100035141e-03j,-3.4276723208213411e-01-1.1531281100035141e-03j,-1,True,False,9.9900230485899999e-01+1.8264936500000000e-03j,-1.2504727044991131e-04-3.3974472352597198e-05j,0.0000000000000000e+00+0.0000000000000000e+00j,-1.2504727044991131e-04-3.3974472352597198e-05j,-9.4835845410302377e-01-2.7895804079833547e-01j,1.0911218384904289e-04+6.7102919651161846e-05j,6.042073565086317e-05,1.2084147130172637e-08,dtn_port_modal_amplitudes,0.0,1.2084147130172637e-08
669,bottom,outgoing_down,substrate,5,0,5,0,p,3.1415926535897931e-01+0.0000000000000000e+00j,0.0000000000000000e+00+0.0000000000000000e+00j,3.4276723208213411e-01+1.1531281100035141e-03j,-3.4276723208213411e-01-1.1531281100035141e-03j,-1,True,False,9.9900230485899999e-01+1.8264936500000000e-03j,4.3942677014728419e-15-2.2069195192694849e-15j,0.0000000000000000e+00+0.0000000000000000e+00j,4.3942677014728419e-15-2.2069195192694849e-15j,-9.4835845410302377e-01-2.7895804079833547e-01j,-4.7829788695786517e-15+8.6713447487792825e-16j,8.700917181313135e-26,1.7401834362626273e-29,dtn_port_modal_amplitudes,0.0,1.7401834362626273e-29
670,bottom,outgoing_down,substrate,5,1,5,1,s,3.1415926535897931e-01+0.0000000000000000e+00j,6.2831853071795868e-02+0.0000000000000000e+00j,3.3695931484691999e-01+1.1730037220712257e-03j,-3.3695931484691999e-01-1.1730037220712257e-03j,-1,True,False,9.9900230485899999e-01+1.8264936500000000e-03j,1.9705450895702857e-05+3.9326420813022840e-06j,0.0000000000000000e+00+0.0000000000000000e+00j,1.9705450895702857e-05+3.9326420813022840e-06j,-9.6276057846770913e-01-2.2339436484036512e-01j,-1.8093101223416904e-05-8.1882794518395868e-06j,1.4277341319826073e-06,2.855468263965215e-10,dtn_port_modal_amplitudes,0.0,2.855468263965215e-10
671,bottom,outgoing_down,substrate,5,1,5,1,p,3.1415926535897931e-01+0.0000000000000000e+00j,6.2831853071795868e-02+0.0000000000000000e+00j,3.3695931484691999e-01+1.1730037220712257e-03j,-3.3695931484691999e-01-1.1730037220712257e-03j,-1,True,False,9.9900230485899999e-01+1.8264936500000000e-03j,2.9536500592983843e-06+3.6472169660694184e-07j,0.0000000000000000e+00+0.0000000000000000e+00j,2.9536500592983843e-06+3.6472169660694184e-07j,-9.6276057846770913e-01-2.2339436484036512e-01j,-2.7621810679242875e-06-1.0109684505626929e-06j,3.131864008862648e-08,6.2637280177252976e-12,dtn_port_modal_amplitudes,0.0,6.2637280177252976e-12
672,bottom,outgoing_down,substrate,5,2,5,2,s,3.1415926535897931e-01+0.0000000000000000e+00j,1.2566370614359174e-01+0.0000000000000000e+00j,3.1890157543821018e-01+1.2394248286759907e-03j,-3.1890157543821018e-01-1.2394248286759907e-03j,-1,True,False,9.9900230485899999e-01+1.8264936500000000e-03j,1.8320510729627518e-07-6.6524857351819857e-07j,0.0000000000000000e+00+0.0000000000000000e+00j,1.8320510729627518e-07-6.6524857351819857e-07j,-9.8657182795723497e-01-4.6821400169955923e-02j,-2.1189286726957549e-07+6.4773758157989359e-07j,1.5912238606039788e-09,3.182447721207958e-13,dtn_port_modal_amplitudes,0.0,3.182447721207958e-13
673,bottom,outgoing_down,substrate,5,2,5,2,p,3.1415926535897931e-01+0.0000000000000000e+00j,1.2566370614359174e-01+0.0000000000000000e+00j,3.1890157543821018e-01+1.2394248286759907e-03j,-3.1890157543821018e-01-1.2394248286759907e-03j,-1,True,False,9.9900230485899999e-01+1.8264936500000000e-03j,-9.9803724772690642e-08-1.3142791708080950e-07j,0.0000000000000000e+00+0.0000000000000000e+00j,-9.9803724772690642e-08-1.3142791708080950e-07j,-9.8657182795723497e-01-4.6821400169955923e-02j,9.2309904086789821e-08+1.3433603053506044e-07j,9.101810403510974e-11,1.820362080702195e-14,dtn_port_modal_amplitudes,0.0,1.820362080702195e-14
674,bottom,outgoing_down,substrate,5,3,5,3,s,3.1415926535897931e-01+0.0000000000000000e+00j,1.8849555921538758e-01+0.0000000000000000e+00j,2.8628547986598113e-01+1.3806307280656977e-03j,-2.8628547986598113e-01-1.3806307280656977e-03j,-1,True,False,9.9900230485899999e-01+1.8264936500000000e-03j,3.9320222057228951e-05-8.6335122256828243e-05j,0.0000000000000000e+00+0.0000000000000000e+00j,3.9320222057228951e-05-8.6335122256828243e-05j,-9.4822125018063363e-01+2.7136983909883400e-01j,-1.3855521881072119e-05+9.2535119893868170e-05j,2.692561801069388e-05,5.385123602138777e-09,dtn_port_modal_amplitudes,0.0,5.385123602138777e-09
675,bottom,outgoing_down,substrate,5,3,5,3,p,3.1415926535897931e-01+0.0000000000000000e+00j,1.8849555921538758e-01+0.0000000000000000e+00j,2.8628547986598113e-01+1.3806307280656977e-03j,-2.8628547986598113e-01-1.3806307280656977e-03j,-1,True,False,9.9900230485899999e-01+1.8264936500000000e-03j,1.4620278601009273e-05-3.1717964328648477e-05j,0.0000000000000000e+00+0.0000000000000000e+00j,1.4620278601009273e-05-3.1717964328648477e-05j,-9.4822125018063363e-01+2.7136983909883400e-01j,-5.2559599766302838e-06+3.4043150440431813e-05j,3.649331969183496e-06,7.298663938366994e-10,dtn_port_modal_amplitudes,0.0,7.298663938366994e-10
676,bottom,outgoing_down,substrate,5,4,5,4,s,3.1415926535897931e-01+0.0000000000000000e+00j,2.5132741228718347e-01+0.0000000000000000e+00j,2.3307821275853752e-01+1.6958021336446396e-03j,-2.3307821275853752e-01-1.6958021336446396e-03j,-1,True,False,9.9900230485899999e-01+1.8264936500000000e-03j,-9.9292826636056037e-08-9.6876029075389161e-07j,0.0000000000000000e+00+0.0000000000000000e+00j,-9.9292826636056037e-08-9.6876029075389161e-07j,-6.7732708197908964e-01+7.1265747931378742e-01j,7.5764798739481568e-07+5.8540580532915523e-07j,2.2954467963802438e-09,4.590893592760489e-13,dtn_port_modal_amplitudes,0.0,4.590893592760489e-13
677,bottom,outgoing_down,substrate,5,4,5,4,p,3.1415926535897931e-01+0.0000000000000000e+00j,2.5132741228718347e-01+0.0000000000000000e+00j,2.3307821275853752e-01+1.6958021336446396e-03j,-2.3307821275853752e-01-1.6958021336446396e-03j,-1,True,False,9.9900230485899999e-01+1.8264936500000000e-03j,-5.4886905297009793e-08-6.3492635179072054e-07j,0.0000000000000000e+00+0.0000000000000000e+00j,-5.4886905297009793e-08-6.3492635179072054e-07j,-6.7732708197908964e-01+7.1265747931378742e-01j,4.8966140082076021e-07+3.9093724955373609e-07j,9.83051166721833e-10,1.9661023334436665e-13,dtn_port_modal_amplitudes,0.0,1.9661023334436665e-13
678,bottom,outgoing_down,substrate,5,5,5,5,s,3.1415926535897931e-01+0.0000000000000000e+00j,3.1415926535897931e-01+0.0000000000000000e+00j,1.3711422769912743e-01+2.8826660597857309e-03j,-1.3711422769912743e-01-2.8826660597857309e-03j,-1,True,False,9.9900230485899999e-01+1.8264936500000000e-03j,1.4573811164570209e-05+5.4036301796803635e-05j,0.0000000000000000e+00+0.0000000000000000e+00j,1.4573811164570209e-05+5.4036301796803635e-05j,1.9269468320661312e-01+9.5228457230469921e-01j,-4.8649640620026944e-05+2.4290923588094207e-05j,4.355457066705621e-06,8.710914133411243e-10,dtn_port_modal_amplitudes,0.0,8.710914133411243e-10
679,bottom,outgoing_down,substrate,5,5,5,5,p,3.1415926535897931e-01+0.0000000000000000e+00j,3.1415926535897931e-01+0.0000000000000000e+00j,1.3711422769912743e-01+2.8826660597857309e-03j,-1.3711422769912743e-01-2.8826660597857309e-03j,-1,True,False,9.9900230485899999e-01+1.8264936500000000e-03j,4.0253185458641490e-06+1.5214307853858873e-05j,0.0000000000000000e+00+0.0000000000000000e+00j,4.0253185458641490e-06+1.5214307853858873e-05j,1.9269468320661312e-01+9.5228457230469921e-01j,-1.3712693165523026e-05+6.7649649819456364e-06j,3.4439430233719256e-07,6.887886046743852e-11,dtn_port_modal_amplitudes,0.0,6.887886046743852e-11
680,bottom,outgoing_down,substrate,6,-4,6,-4,s,3.7699111843077515e-01+0.0000000000000000e+00j,-2.5132741228718347e-01+0.0000000000000000e+00j,1.0445399395798319e-01+3.7840059104010809e-03j,-1.0445399395798319e-01-3.7840059104010809e-03j,-1,True,False,9.9900230485899999e-01+1.8264936500000000e-03j,-8.2422438576987018e-07+1.2063190006269010e-07j,0.0000000000000000e+00+0.0000000000000000e+00j,-8.2422438576987018e-07+1.2063190006269010e-07j,4.8364785763862433e-01+8.3258481574728127e-01j,-4.9907064667804802e-07-6.2789334833242683e-07j,7.219000407343074e-10,1.443800081468615e-13,dtn_port_modal_amplitudes,0.0,1.443800081468615e-13
681,bottom,outgoing_down,substrate,6,-4,6,-4,p,3.7699111843077515e-01+0.0000000000000000e+00j,-2.5132741228718347e-01+0.0000000000000000e+00j,1.0445399395798319e-01+3.7840059104010809e-03j,-1.0445399395798319e-01-3.7840059104010809e-03j,-1,True,False,9.9900230485899999e-01+1.8264936500000000e-03j,1.3999177548659563e-07-9.7380562684074889e-08j,0.0000000000000000e+00+0.0000000000000000e+00j,1.3999177548659563e-07-9.7380562684074889e-08j,4.8364785763862433e-01+8.3258481574728127e-01j,1.4878430014080633e-07+6.9457126081845410e-08j,3.0254217396895175e-11,6.050843479379036e-15,dtn_port_modal_amplitudes,0.0,6.050843479379036e-15
682,bottom,outgoing_down,substrate,6,-3,6,-3,s,3.7699111843077515e-01+0.0000000000000000e+00j,-1.8849555921538758e-01+0.0000000000000000e+00j,1.9630401061771338e-01+2.0134816871965710e-03j,-1.9630401061771338e-01-2.0134816871965710e-03j,-1,True,False,9.9900230485899999e-01+1.8264936500000000e-03j,-1.1559862266375639e-06-1.5700930346576988e-07j,0.0000000000000000e+00+0.0000000000000000e+00j,-1.1559862266375639e-06-1.5700930346576988e-07j,-3.7464292707055397e-01+9.0563408174461468e-01j,5.7527503997032580e-07-9.8807809984260718e-07j,2.756819339151878e-09,5.513638678303757e-13,dtn_port_modal_amplitudes,0.0,5.513638678303757e-13
683,bottom,outgoing_down,substrate,6,-3,6,-3,p,3.7699111843077515e-01+0.0000000000000000e+00j,-1.8849555921538758e-01+0.0000000000000000e+00j,1.9630401061771338e-01+2.0134816871965710e-03j,-1.9630401061771338e-01-2.0134816871965710e-03j,-1,True,False,9.9900230485899999e-01+1.8264936500000000e-03j,2.9208089046361555e-07+1.0195134234984754e-07j,0.0000000000000000e+00+0.0000000000000000e+00j,2.9208089046361555e-07+1.0195134234984754e-07j,-3.7464292707055397e-01+9.0563408174461468e-01j,-2.0175665005629781e-07+2.2632305971344684e-07j,1.9386539290611763e-10,3.8773078581223535e-14,dtn_port_modal_amplitudes,0.0,3.8773078581223535e-14
684,bottom,outgoing_down,substrate,6,-2,6,-2,s,3.7699111843077515e-01+0.0000000000000000e+00j,-1.2566370614359174e-01+0.0000000000000000e+00j,2.4139821915039633e-01+1.6373547903257523e-03j,-2.4139821915039633e-01-1.6373547903257523e-03j,-1,True,False,9.9900230485899999e-01+1.8264936500000000e-03j,2.3957939387175075e-07+1.1380985509441507e-08j,0.0000000000000000e+00+0.0000000000000000e+00j,2.3957939387175075e-07+1.1380985509441507e-08j,-7.3463813559911417e-01+6.5428594270113771e-01j,-1.8345057807482173e-07+1.4839252359520895e-07j,1.4438229669179896e-10,2.8876459338359796e-14,dtn_port_modal_amplitudes,0.0,2.8876459338359796e-14
685,bottom,outgoing_down,substrate,6,-2,6,-2,p,3.7699111843077515e-01+0.0000000000000000e+00j,-1.2566370614359174e-01+0.0000000000000000e+00j,2.4139821915039633e-01+1.6373547903257523e-03j,-2.4139821915039633e-01-1.6373547903257523e-03j,-1,True,False,9.9900230485899999e-01+1.8264936500000000e-03j,-5.8987341503228286e-08+2.0731053232427742e-09j,0.0000000000000000e+00+0.0000000000000000e+00j,-5.8987341503228286e-08+2.0731053232427742e-09j,-7.3463813559911417e-01+6.5428594270113771e-01j,4.1977946915143234e-08-4.0117570572441334e-08j,8.743590804347162e-12,1.7487181608694329e-15,dtn_port_modal_amplitudes,0.0,1.7487181608694329e-15
686,bottom,outgoing_down,substrate,6,-1,6,-1,s,3.7699111843077515e-01+0.0000000000000000e+00j,-6.2831853071795868e-02+0.0000000000000000e+00j,2.6479458579029341e-01+1.4926835808305868e-03j,-2.6479458579029341e-01-1.4926835808305868e-03j,-1,True,False,9.9900230485899999e-01+1.8264936500000000e-03j,-2.2584126101866090e-06+1.6941572301072554e-07j,0.0000000000000000e+00+0.0000000000000000e+00j,-2.2584126101866090e-06+1.6941572301072554e-07j,-8.6756360553666012e-01+4.6682002743340356e-01j,1.8802299344194373e-06-1.2012511521330427e-06j,1.4161568578999644e-08,2.8323137157999294e-12,dtn_port_modal_amplitudes,0.0,2.8323137157999294e-12
687,bottom,outgoing_down,substrate,6,-1,6,-1,p,3.7699111843077515e-01+0.0000000000000000e+00j,-6.2831853071795868e-02+0.0000000000000000e+00j,2.6479458579029341e-01+1.4926835808305868e-03j,-2.6479458579029341e-01-1.4926835808305868e-03j,-1,True,False,9.9900230485899999e-01+1.8264936500000000e-03j,2.1934907740661129e-07-5.4618327156172356e-08j,0.0000000000000000e+00+0.0000000000000000e+00j,2.1934907740661129e-07-5.4618327156172356e-08j,-8.6756360553666012e-01+4.6682002743340356e-01j,-1.6480234748460866e-07+1.4978141516843579e-07j,1.4107973919696595e-10,2.8215947839393195e-14,dtn_port_modal_amplitudes,0.0,2.8215947839393195e-14
688,bottom,outgoing_down,substrate,6,0,6,0,s,3.7699111843077515e-01+0.0000000000000000e+00j,0.0000000000000000e+00+0.0000000000000000e+00j,2.7214682739800677e-01+1.4523576639898100e-03j,-2.7214682739800677e-01-1.4523576639898100e-03j,-1,True,False,9.9900230485899999e-01+1.8264936500000000e-03j,3.2574095198451736e-06+7.2158543135863744e-07j,0.0000000000000000e+00+0.0000000000000000e+00j,3.2574095198451736e-06+7.2158543135863744e-07j,-8.9987346668719126e-01+4.0199303977376999e-01j,-3.2213287180512613e-06+6.6012037104290839e-07j,3.161273285728451e-08,6.322546571456903e-12,dtn_port_modal_amplitudes,0.0,6.322546571456903e-12
689,bottom,outgoing_down,substrate,6,0,6,0,p,3.7699111843077515e-01+0.0000000000000000e+00j,0.0000000000000000e+00+0.0000000000000000e+00j,2.7214682739800677e-01+1.4523576639898100e-03j,-2.7214682739800677e-01-1.4523576639898100e-03j,-1,True,False,9.9900230485899999e-01+1.8264936500000000e-03j,-8.6680785992836004e-15-7.3289838497473723e-15j,0.0000000000000000e+00+0.0000000000000000e+00j,-8.6680785992836004e-15-7.3289838497473723e-15j,-8.9987346668719126e-01+4.0199303977376999e-01j,1.0746374434867200e-14+3.1106508390426278e-15j,3.65927632465172e-25,7.318552649303441e-29,dtn_port_modal_amplitudes,0.0,7.318552649303441e-29
690,bottom,outgoing_down,substrate,6,1,6,1,s,3.7699111843077515e-01+0.0000000000000000e+00j,6.2831853071795868e-02+0.0000000000000000e+00j,2.6479458579029341e-01+1.4926835808305868e-03j,-2.6479458579029341e-01-1.4926835808305868e-03j,-1,True,False,9.9900230485899999e-01+1.8264936500000000e-03j,-2.2584126421669355e-06+1.6941575353247349e-07j,0.0000000000000000e+00+0.0000000000000000e+00j,-2.2584126421669355e-06+1.6941575353247349e-07j,-8.6756360553666012e-01+4.6682002743340356e-01j,1.8802299479162416e-06-1.2012511935416572e-06j,1.4161569006379648e-08,2.83231380127593e-12,dtn_port_modal_amplitudes,0.0,2.83231380127593e-12
691,bottom,outgoing_down,substrate,6,1,6,1,p,3.7699111843077515e-01+0.0000000000000000e+00j,6.2831853071795868e-02+0.0000000000000000e+00j,2.6479458579029341e-01+1.4926835808305868e-03j,-2.6479458579029341e-01-1.4926835808305868e-03j,-1,True,False,9.9900230485899999e-01+1.8264936500000000e-03j,-2.1934907505525047e-07+5.4618316892496774e-08j,0.0000000000000000e+00+0.0000000000000000e+00j,-2.1934907505525047e-07+5.4618316892496774e-08j,-8.6756360553666012e-01+4.6682002743340356e-01j,1.6480235023594290e-07-1.4978140516638210e-07j,1.410797332533236e-10,2.8215946650664727e-14,dtn_port_modal_amplitudes,0.0,2.8215946650664727e-14
692,bottom,outgoing_down,substrate,6,2,6,2,s,3.7699111843077515e-01+0.0000000000000000e+00j,1.2566370614359174e-01+0.0000000000000000e+00j,2.4139821915039633e-01+1.6373547903257523e-03j,-2.4139821915039633e-01-1.6373547903257523e-03j,-1,True,False,9.9900230485899999e-01+1.8264936500000000e-03j,2.3957941304473252e-07+1.1380976968639479e-08j,0.0000000000000000e+00+0.0000000000000000e+00j,2.3957941304473252e-07+1.1380976968639479e-08j,-7.3463813559911417e-01+6.5428594270113771e-01j,-1.8345058657189859e-07+1.4839254241422029e-07j,1.4438231926101203e-10,2.8876463852202414e-14,dtn_port_modal_amplitudes,0.0,2.8876463852202414e-14
693,bottom,outgoing_down,substrate,6,2,6,2,p,3.7699111843077515e-01+0.0000000000000000e+00j,1.2566370614359174e-01+0.0000000000000000e+00j,2.4139821915039633e-01+1.6373547903257523e-03j,-2.4139821915039633e-01-1.6373547903257523e-03j,-1,True,False,9.9900230485899999e-01+1.8264936500000000e-03j,5.8987366246151958e-08-2.0731121558593007e-09j,0.0000000000000000e+00+0.0000000000000000e+00j,5.8987366246151958e-08-2.0731121558593007e-09j,-7.3463813559911417e-01+6.5428594270113771e-01j,-4.1977960621753604e-08+4.0117591780889145e-08j,8.743598201601499e-12,1.7487196403203002e-15,dtn_port_modal_amplitudes,0.0,1.7487196403203002e-15
694,bottom,outgoing_down,substrate,6,3,6,3,s,3.7699111843077515e-01+0.0000000000000000e+00j,1.8849555921538758e-01+0.0000000000000000e+00j,1.9630401061771338e-01+2.0134816871965710e-03j,-1.9630401061771338e-01-2.0134816871965710e-03j,-1,True,False,9.9900230485899999e-01+1.8264936500000000e-03j,-1.1559862673320571e-06-1.5700927584477607e-07j,0.0000000000000000e+00+0.0000000000000000e+00j,-1.1559862673320571e-06-1.5700927584477607e-07j,-3.7464292707055397e-01+9.0563408174461468e-01j,5.7527503020171653e-07-9.8807814704493737e-07j,2.756819512164675e-09,5.513639024329351e-13,dtn_port_modal_amplitudes,0.0,5.513639024329351e-13
695,bottom,outgoing_down,substrate,6,3,6,3,p,3.7699111843077515e-01+0.0000000000000000e+00j,1.8849555921538758e-01+0.0000000000000000e+00j,1.9630401061771338e-01+2.0134816871965710e-03j,-1.9630401061771338e-01-2.0134816871965710e-03j,-1,True,False,9.9900230485899999e-01+1.8264936500000000e-03j,-2.9208089401297349e-07-1.0195130800887867e-07j,0.0000000000000000e+00+0.0000000000000000e+00j,-2.9208089401297349e-07-1.0195130800887867e-07j,-3.7464292707055397e-01+9.0563408174461468e-01j,2.0175662028568785e-07-2.2632307579346745e-07j,1.938653829220678e-10,3.877307658441357e-14,dtn_port_modal_amplitudes,0.0,3.877307658441357e-14
696,bottom,outgoing_down,substrate,6,4,6,4,s,3.7699111843077515e-01+0.0000000000000000e+00j,2.5132741228718347e-01+0.0000000000000000e+00j,1.0445399395798319e-01+3.7840059104010809e-03j,-1.0445399395798319e-01-3.7840059104010809e-03j,-1,True,False,9.9900230485899999e-01+1.8264936500000000e-03j,-8.2422438934940315e-07+1.2063190979186628e-07j,0.0000000000000000e+00+0.0000000000000000e+00j,-8.2422438934940315e-07+1.2063190979186628e-07j,4.8364785763862433e-01+8.3258481574728127e-01j,-4.9907065650964583e-07-6.2789334660719637e-07j,7.21900049315128e-10,1.4438000986302562e-13,dtn_port_modal_amplitudes,0.0,1.4438000986302562e-13
697,bottom,outgoing_down,substrate,6,4,6,4,p,3.7699111843077515e-01+0.0000000000000000e+00j,2.5132741228718347e-01+0.0000000000000000e+00j,1.0445399395798319e-01+3.7840059104010809e-03j,-1.0445399395798319e-01-3.7840059104010809e-03j,-1,True,False,9.9900230485899999e-01+1.8264936500000000e-03j,-1.3999179251733433e-07+9.7380517543440667e-08j,0.0000000000000000e+00+0.0000000000000000e+00j,-1.3999179251733433e-07+9.7380517543440667e-08j,4.8364785763862433e-01+8.3258481574728127e-01j,-1.4878427079427999e-07-6.9457162093550888e-08j,3.0254213211223323e-11,6.050842642244666e-15,dtn_port_modal_amplitudes,0.0,6.050842642244666e-15
698,bottom,outgoing_down,substrate,7,-2,7,-2,s,4.3982297150257105e-01+0.0000000000000000e+00j,-1.2566370614359174e-01+0.0000000000000000e+00j,8.3491841634213082e-02+4.7340497318727331e-03j,-8.3491841634213082e-02-4.7340497318727331e-03j,-1,True,False,9.9900230485899999e-01+1.8264936500000000e-03j,4.3899428486026261e-07+2.7169099727491578e-06j,0.0000000000000000e+00+0.0000000000000000e+00j,4.3899428486026261e-07+2.7169099727491578e-06j,6.4020184330448171e-01+7.0696865235754980e-01j,-1.6397252316435867e-06+2.0497259706066662e-06j,6.180049007672725e-09,1.2360098015345452e-12,dtn_port_modal_amplitudes,0.0,1.2360098015345452e-12
699,bottom,outgoing_down,substrate,7,-2,7,-2,p,4.3982297150257105e-01+0.0000000000000000e+00j,-1.2566370614359174e-01+0.0000000000000000e+00j,8.3491841634213082e-02+4.7340497318727331e-03j,-8.3491841634213082e-02-4.7340497318727331e-03j,-1,True,False,9.9900230485899999e-01+1.8264936500000000e-03j,-9.8414644728145855e-08-8.6815648484592163e-08j,0.0000000000000000e+00+0.0000000000000000e+00j,-9.8414644728145855e-08-8.6815648484592163e-08j,6.4020184330448171e-01+7.0696865235754980e-01j,-1.6292949504157821e-09-1.2515560694321416e-07j,1.4052130072833619e-11,2.810426014566724e-15,dtn_port_modal_amplitudes,0.0,2.810426014566724e-15
700,bottom,outgoing_down,substrate,7,-1,7,-1,s,4.3982297150257105e-01+0.0000000000000000e+00j,-6.2831853071795868e-02+0.0000000000000000e+00j,1.3711422769912737e-01+2.8826660597857318e-03j,-1.3711422769912737e-01-2.8826660597857318e-03j,-1,True,False,9.9900230485899999e-01+1.8264936500000000e-03j,-1.7133017767465673e-04-1.6334550185244400e-04j,0.0000000000000000e+00+0.0000000000000000e+00j,-1.7133017767465673e-04-1.6334550185244400e-04j,1.9269468320661354e-01+9.5228457230469910e-01j,1.2253698705870028e-04-1.9463089470248059e-04j,7.791720223116724e-05,1.558344044623345e-08,dtn_port_modal_amplitudes,0.0,1.558344044623345e-08
701,bottom,outgoing_down,substrate,7,-1,7,-1,p,4.3982297150257105e-01+0.0000000000000000e+00j,-6.2831853071795868e-02+0.0000000000000000e+00j,1.3711422769912737e-01+2.8826660597857318e-03j,-1.3711422769912737e-01-2.8826660597857318e-03j,-1,True,False,9.9900230485899999e-01+1.8264936500000000e-03j,7.3540293930343705e-06+6.6769022992960265e-06j,0.0000000000000000e+00+0.0000000000000000e+00j,7.3540293930343705e-06+6.6769022992960265e-06j,1.9269468320661354e-01+9.5228457230469910e-01j,-4.9412286862224964e-06+8.2897323086262787e-06j,1.371896104461458e-07,2.7437922089229165e-11,dtn_port_modal_amplitudes,0.0,2.7437922089229165e-11
702,bottom,outgoing_down,substrate,7,0,7,0,s,4.3982297150257105e-01+0.0000000000000000e+00j,0.0000000000000000e+00+0.0000000000000000e+00j,1.5082012965905017e-01+2.6207014368409237e-03j,-1.5082012965905017e-01-2.6207014368409237e-03j,-1,True,False,9.9900230485899999e-01+1.8264936500000000e-03j,1.4733920867004302e-04+4.0755971044688946e-04j,0.0000000000000000e+00+0.0000000000000000e+00j,1.4733920867004302e-04+4.0755971044688946e-04j,6.0936099297287917e-02+9.7222563768366443e-01j,-3.8726172273349514e-04+1.6808205509040466e-04j,0.0002887669581676478,5.775339163352957e-08,dtn_port_modal_amplitudes,0.0,5.775339163352957e-08
703,bottom,outgoing_down,substrate,7,0,7,0,p,4.3982297150257105e-01+0.0000000000000000e+00j,0.0000000000000000e+00+0.0000000000000000e+00j,1.5082012965905017e-01+2.6207014368409237e-03j,-1.5082012965905017e-01-2.6207014368409237e-03j,-1,True,False,9.9900230485899999e-01+1.8264936500000000e-03j,1.2716631171865304e-15-3.7501597756785146e-14j,0.0000000000000000e+00+0.0000000000000000e+00j,1.2716631171865304e-15-3.7501597756785146e-14j,6.0936099297287917e-02+9.7222563768366443e-01j,3.6537504983228296e-14-1.0488575996889384e-15j,2.1648047086708453e-24,4.329609417341692e-28,dtn_port_modal_amplitudes,0.0,4.329609417341692e-28
704,bottom,outgoing_down,substrate,7,1,7,1,s,4.3982297150257105e-01+0.0000000000000000e+00j,6.2831853071795868e-02+0.0000000000000000e+00j,1.3711422769912737e-01+2.8826660597857318e-03j,-1.3711422769912737e-01-2.8826660597857318e-03j,-1,True,False,9.9900230485899999e-01+1.8264936500000000e-03j,-1.7133017771208515e-04-1.6334550182353158e-04j,0.0000000000000000e+00+0.0000000000000000e+00j,-1.7133017771208515e-04-1.6334550182353158e-04j,1.9269468320661354e-01+9.5228457230469910e-01j,1.2253698702395518e-04-1.9463089473255183e-04j,7.791720223586681e-05,1.5583440447173365e-08,dtn_port_modal_amplitudes,0.0,1.5583440447173365e-08
705,bottom,outgoing_down,substrate,7,1,7,1,p,4.3982297150257105e-01+0.0000000000000000e+00j,6.2831853071795868e-02+0.0000000000000000e+00j,1.3711422769912737e-01+2.8826660597857318e-03j,-1.3711422769912737e-01-2.8826660597857318e-03j,-1,True,False,9.9900230485899999e-01+1.8264936500000000e-03j,-7.3540294199145875e-06-6.6769022347257029e-06j,0.0000000000000000e+00+0.0000000000000000e+00j,-7.3540294199145875e-06-6.6769022347257029e-06j,1.9269468320661354e-01+9.5228457230469910e-01j,4.9412286195534979e-06-8.2897323217815372e-06j,1.371896097969209e-07,2.7437921959384185e-11,dtn_port_modal_amplitudes,0.0,2.7437921959384185e-11
706,bottom,outgoing_down,substrate,7,2,7,2,s,4.3982297150257105e-01+0.0000000000000000e+00j,1.2566370614359174e-01+0.0000000000000000e+00j,8.3491841634213082e-02+4.7340497318727331e-03j,-8.3491841634213082e-02-4.7340497318727331e-03j,-1,True,False,9.9900230485899999e-01+1.8264936500000000e-03j,4.3899418896796462e-07+2.7169099521596927e-06j,0.0000000000000000e+00+0.0000000000000000e+00j,4.3899418896796462e-07+2.7169099521596927e-06j,6.4020184330448171e-01+7.0696865235754980e-01j,-1.6397252784779059e-06+2.0497258896324039e-06j,6.180048847693494e-09,1.2360097695386991e-12,dtn_port_modal_amplitudes,0.0,1.2360097695386991e-12
707,bottom,outgoing_down,substrate,7,2,7,2,p,4.3982297150257105e-01+0.0000000000000000e+00j,1.2566370614359174e-01+0.0000000000000000e+00j,8.3491841634213082e-02+4.7340497318727331e-03j,-8.3491841634213082e-02-4.7340497318727331e-03j,-1,True,False,9.9900230485899999e-01+1.8264936500000000e-03j,9.8414646732310022e-08+8.6815627740435636e-08j,0.0000000000000000e+00+0.0000000000000000e+00j,9.8414646732310022e-08+8.6815627740435636e-08j,6.4020184330448171e-01+7.0696865235754980e-01j,1.6293108989537711e-09+1.2515559507964815e-07j,1.4052127455881963e-11,2.810425491176393e-15,dtn_port_modal_amplitudes,0.0,2.810425491176393e-15
