state,index,original_key,total_real,total_imag,scattered_real,scattered_imag,reference_total_real,reference_total_imag,reference_scattered_real,reference_scattered_imag,error_total_real,error_total_imag,error_scattered_real,error_scattered_imag,reference_role
V17-GPOLY,0,"{""schema"": ""fullspace-dtn.mode.v1"", ""mode_index"": 0, ""side"": ""top"", ""m"": -3, ""n"": -1, ""polarization"": ""s"", ""alpha"": {""real"": -4.489356590207668, ""imag"": 0.0}, ""gamma"": {""real"": -5.983986006837701, ""imag"": 0.0}, ""beta"": {""real"": 4.960422166357995, ""imag"": 0.0}, ""k_vector"": [{""real"": -4.489356590207668, ""imag"": 0.0}, {""real"": -5.983986006837701, ""imag"": 0.0}, {""real"": 4.960422166357995, ""imag"": 0.0}], ""e_vector"": [{""real"": 0.7999122734807461, ""imag"": -0.0}, {""real"": -0.6001169508811294, ""imag"": 0.0}, {""real"": 0.0, ""imag"": 0.0}], ""h_vector"": [{""real"": 0.33164442810710654, ""imag"": 0.0}, {""real"": 0.44205791568604624, ""imag"": 0.0}, {""real"": 0.8334247251460797, ""imag"": -0.0}], ""refractive_index"": {""real"": 1.0, ""imag"": 0.0}, ""vertical_sign"": 1, ""electric_tangential_norm_sq"": 0.9999999999999998, ""power_per_unit_amplitude"": 0.4061852515594194, ""propagating"": true, ""rayleigh_warning"": false, ""classification"": ""propagating"", ""rayleigh_tolerance"": 1e-06, ""projection_denominator"": 1.4699999999999998, ""traction_vector"": [{""real"": 0.0, ""imag"": 3.9679025725157118}, {""real"": 0.0, ""imag"": -2.9768334255579263}, {""real"": 0.0, ""imag"": 0.0}]}",-3.982229485910381e-06,-8.50771962637161e-06,-3.982229485931623e-06,-8.507719626401112e-06,-4.134544516790736e-06,-8.530477664715285e-06,-4.134544516811978e-06,-8.530477664744787e-06,1.5231503088035512e-07,2.275803834367478e-08,1.5231503088035512e-07,2.275803834367478e-08,offline_frozen_validation_only; no solver feedback
V17-GPOLY,1,"{""schema"": ""fullspace-dtn.mode.v1"", ""mode_index"": 1, ""side"": ""top"", ""m"": -3, ""n"": -1, ""polarization"": ""p"", ""alpha"": {""real"": -4.489356590207668, ""imag"": 0.0}, ""gamma"": {""real"": -5.983986006837701, ""imag"": 0.0}, ""beta"": {""real"": 4.960422166357995, ""imag"": 0.0}, ""k_vector"": [{""real"": -4.489356590207668, ""imag"": 0.0}, {""real"": -5.983986006837701, ""imag"": 0.0}, {""real"": 4.960422166357995, ""imag"": 0.0}], ""e_vector"": [{""real"": 0.3316444281071066, ""imag"": 0.0}, {""real"": 0.44205791568604635, ""imag"": 0.0}, {""real"": 0.8334247251460798, ""imag"": -0.0}], ""h_vector"": [{""real"": -0.7999122734807462, ""imag"": 0.0}, {""real"": 0.6001169508811294, ""imag"": 0.0}, {""real"": -2.4737647522494018e-17, ""imag"": 0.0}], ""refractive_index"": {""real"": 1.0, ""imag"": 0.0}, ""vertical_sign"": 1, ""electric_tangential_norm_sq"": 0.30540322751518145, ""power_per_unit_amplitude"": 0.4061852515594195, ""propagating"": true, ""rayleigh_warning"": false, ""classification"": ""propagating"", ""rayleigh_tolerance"": 1e-06, ""projection_denominator"": 0.44894274444731674, ""traction_vector"": [{""real"": 0.0, ""imag"": 5.38663715480818}, {""real"": 0.0, ""imag"": 7.179995776809777}, {""real"": 0.0, ""imag"": -0.0}]}",3.043708091521388e-06,6.363629673348032e-06,3.043708091498204e-06,6.363629673388604e-06,3.0469597078748646e-06,6.279864279230611e-06,3.0469597078516805e-06,6.279864279271183e-06,-3.251616353476449e-09,8.37653941174212e-08,-3.251616353476449e-09,8.37653941174212e-08,offline_frozen_validation_only; no solver feedback
V17-GPOLY,2,"{""schema"": ""fullspace-dtn.mode.v1"", ""mode_index"": 2, ""side"": ""top"", ""m"": -3, ""n"": 0, ""polarization"": ""s"", ""alpha"": {""real"": -4.489356590207668, ""imag"": 0.0}, ""gamma"": {""real"": 0.0, ""imag"": 0.0}, ""beta"": {""real"": 7.772636399480241, ""imag"": 0.0}, ""k_vector"": [{""real"": -4.489356590207668, ""imag"": 0.0}, {""real"": 0.0, ""imag"": 0.0}, {""real"": 7.772636399480241, ""imag"": 0.0}], ""e_vector"": [{""real"": -0.0, ""imag"": 0.0}, {""real"": -1.0, ""imag"": 0.0}, {""real"": 0.0, ""imag"": 0.0}], ""h_vector"": [{""real"": 0.8659374526832905, ""imag"": 0.0}, {""real"": 0.0, ""imag"": 0.0}, {""real"": 0.5001523048436087, ""imag"": -0.0}], ""refractive_index"": {""real"": 1.0, ""imag"": 0.0}, ""vertical_sign"": 1, ""electric_tangential_norm_sq"": 1.0, ""power_per_unit_amplitude"": 0.6364640277222186, ""propagating"": true, ""rayleigh_warning"": false, ""classification"": ""propagating"", ""rayleigh_tolerance"": 1e-06, ""projection_denominator"": 1.47, ""traction_vector"": [{""real"": 0.0, ""imag"": 0.0}, {""real"": 0.0, ""imag"": -7.772636399480241}, {""real"": 0.0, ""imag"": 0.0}]}",-4.1584455331518245e-05,-1.1519063335857535e-05,-4.158445533176134e-05,-1.1519063335962562e-05,-4.174435527054871e-05,-1.1429406449091863e-05,-4.174435527079181e-05,-1.142940644919689e-05,1.5989993903046506e-07,-8.965688676567189e-08,1.5989993903046506e-07,-8.965688676567189e-08,offline_frozen_validation_only; no solver feedback
V17-GPOLY,3,"{""schema"": ""fullspace-dtn.mode.v1"", ""mode_index"": 3, ""side"": ""top"", ""m"": -3, ""n"": 0, ""polarization"": ""p"", ""alpha"": {""real"": -4.489356590207668, ""imag"": 0.0}, ""gamma"": {""real"": 0.0, ""imag"": 0.0}, ""beta"": {""real"": 7.772636399480241, ""imag"": 0.0}, ""k_vector"": [{""real"": -4.489356590207668, ""imag"": 0.0}, {""real"": 0.0, ""imag"": 0.0}, {""real"": 7.772636399480241, ""imag"": 0.0}], ""e_vector"": [{""real"": 0.8659374526832905, ""imag"": 0.0}, {""real"": 0.0, ""imag"": 0.0}, {""real"": 0.5001523048436087, ""imag"": -0.0}], ""h_vector"": [{""real"": 0.0, ""imag"": 0.0}, {""real"": 1.0, ""imag"": 0.0}, {""real"": 0.0, ""imag"": 0.0}], ""refractive_index"": {""real"": 1.0, ""imag"": 0.0}, ""vertical_sign"": 1, ""electric_tangential_norm_sq"": 0.749847671959626, ""power_per_unit_amplitude"": 0.6364640277222186, ""propagating"": true, ""rayleigh_warning"": false, ""classification"": ""propagating"", ""rayleigh_tolerance"": 1e-06, ""projection_denominator"": 1.1022760777806502, ""traction_vector"": [{""real"": 0.0, ""imag"": 8.975979010256552}, {""real"": -0.0, ""imag"": 0.0}, {""real"": 0.0, ""imag"": 0.0}]}",2.53792298163086e-08,6.840298677977462e-09,2.53792298163086e-08,6.840298677977462e-09,2.335674126355448e-16,-1.0674968189333025e-16,2.3356741263554483e-16,-1.0674968189333019e-16,2.5379229582741186e-08,6.8402987847271445e-09,2.5379229582741186e-08,6.8402987847271445e-09,offline_frozen_validation_only; no solver feedback
V17-GPOLY,4,"{""schema"": ""fullspace-dtn.mode.v1"", ""mode_index"": 4, ""side"": ""top"", ""m"": -3, ""n"": 1, ""polarization"": ""s"", ""alpha"": {""real"": -4.489356590207668, ""imag"": 0.0}, ""gamma"": {""real"": 5.983986006837701, ""imag"": 0.0}, ""beta"": {""real"": 4.960422166357995, ""imag"": 0.0}, ""k_vector"": [{""real"": -4.489356590207668, ""imag"": 0.0}, {""real"": 5.983986006837701, ""imag"": 0.0}, {""real"": 4.960422166357995, ""imag"": 0.0}], ""e_vector"": [{""real"": -0.7999122734807461, ""imag"": 0.0}, {""real"": -0.6001169508811294, ""imag"": 0.0}, {""real"": 0.0, ""imag"": 0.0}], ""h_vector"": [{""real"": 0.33164442810710654, ""imag"": 0.0}, {""real"": -0.44205791568604624, ""imag"": 0.0}, {""real"": 0.8334247251460797, ""imag"": -0.0}], ""refractive_index"": {""real"": 1.0, ""imag"": 0.0}, ""vertical_sign"": 1, ""electric_tangential_norm_sq"": 0.9999999999999998, ""power_per_unit_amplitude"": 0.4061852515594194, ""propagating"": true, ""rayleigh_warning"": false, ""classification"": ""propagating"", ""rayleigh_tolerance"": 1e-06, ""projection_denominator"": 1.4699999999999998, ""traction_vector"": [{""real"": 0.0, ""imag"": -3.9679025725157118}, {""real"": 0.0, ""imag"": -2.9768334255579263}, {""real"": 0.0, ""imag"": 0.0}]}",-4.084839689790292e-06,-8.483485519444529e-06,-4.084839689795012e-06,-8.483485519437447e-06,-4.134544517190177e-06,-8.530477664672137e-06,-4.134544517194898e-06,-8.530477664665056e-06,4.970482739988549e-08,4.699214522760826e-08,4.970482739988549e-08,4.699214522760826e-08,offline_frozen_validation_only; no solver feedback
V17-GPOLY,5,"{""schema"": ""fullspace-dtn.mode.v1"", ""mode_index"": 5, ""side"": ""top"", ""m"": -3, ""n"": 1, ""polarization"": ""p"", ""alpha"": {""real"": -4.489356590207668, ""imag"": 0.0}, ""gamma"": {""real"": 5.983986006837701, ""imag"": 0.0}, ""beta"": {""real"": 4.960422166357995, ""imag"": 0.0}, ""k_vector"": [{""real"": -4.489356590207668, ""imag"": 0.0}, {""real"": 5.983986006837701, ""imag"": 0.0}, {""real"": 4.960422166357995, ""imag"": 0.0}], ""e_vector"": [{""real"": 0.3316444281071066, ""imag"": 0.0}, {""real"": -0.44205791568604635, ""imag"": 0.0}, {""real"": 0.8334247251460798, ""imag"": -0.0}], ""h_vector"": [{""real"": 0.7999122734807462, ""imag"": 0.0}, {""real"": 0.6001169508811294, ""imag"": 0.0}, {""real"": 2.4737647522494018e-17, ""imag"": -0.0}], ""refractive_index"": {""real"": 1.0, ""imag"": 0.0}, ""vertical_sign"": 1, ""electric_tangential_norm_sq"": 0.30540322751518145, ""power_per_unit_amplitude"": 0.4061852515594195, ""propagating"": true, ""rayleigh_warning"": false, ""classification"": ""propagating"", ""rayleigh_tolerance"": 1e-06, ""projection_denominator"": 0.44894274444731674, ""traction_vector"": [{""real"": 0.0, ""imag"": 5.38663715480818}, {""real"": 0.0, ""imag"": -7.179995776809777}, {""real"": 0.0, ""imag"": 0.0}]}",-3.0627968170981274e-06,-6.366870954086581e-06,-3.0627968170749433e-06,-6.366870954067261e-06,-3.0469597082596497e-06,-6.279864279523739e-06,-3.0469597082364655e-06,-6.279864279504419e-06,-1.5837108838477762e-08,-8.7006674562842e-08,-1.5837108838477762e-08,-8.7006674562842e-08,offline_frozen_validation_only; no solver feedback
V17-GPOLY,6,"{""schema"": ""fullspace-dtn.mode.v1"", ""mode_index"": 6, ""side"": ""top"", ""m"": -2, ""n"": -1, ""polarization"": ""s"", ""alpha"": {""real"": -0.0013670850793925382, ""imag"": 0.0}, ""gamma"": {""real"": -5.983986006837701, ""imag"": 0.0}, ""beta"": {""real"": 6.690299604174327, ""imag"": 0.0}, ""k_vector"": [{""real"": -0.0013670850793925382, ""imag"": 0.0}, {""real"": -5.983986006837701, ""imag"": 0.0}, {""real"": 6.690299604174327, ""imag"": 0.0}], ""e_vector"": [{""real"": 0.9999999739036398, ""imag"": -0.0}, {""real"": -0.00022845725945122052, ""imag"": 0.0}, {""real"": 0.0, ""imag"": 0.0}], ""h_vector"": [{""real"": 0.00017028198380708622, ""imag"": 0.0}, {""real"": 0.7453559574879883, ""imag"": 0.0}, {""real"": 0.6666666840642403, ""imag"": -0.0}], ""refractive_index"": {""real"": 1.0, ""imag"": 0.0}, ""vertical_sign"": 1, ""electric_tangential_norm_sq"": 0.9999999999999997, ""power_per_unit_amplitude"": 0.5478366430502136, ""propagating"": true, ""rayleigh_warning"": false, ""classification"": ""propagating"", ""rayleigh_tolerance"": 1e-06, ""projection_denominator"": 1.4699999999999995, ""traction_vector"": [{""real"": 0.0, ""imag"": 6.6902994295818585}, {""real"": 0.0, ""imag"": -0.001528447512477252}, {""real"": 0.0, ""imag"": 0.0}]}",-1.5837937083293325e-08,-2.9106659857481487e-08,-1.5837937083288716e-08,-2.9106659857482926e-08,-7.195797395900892e-09,4.3342190942694065e-09,-7.195797395896282e-09,4.334219094267966e-09,-8.642139687392433e-09,-3.344087895175089e-08,-8.642139687392433e-09,-3.344087895175089e-08,offline_frozen_validation_only; no solver feedback
V17-GPOLY,7,"{""schema"": ""fullspace-dtn.mode.v1"", ""mode_index"": 7, ""side"": ""top"", ""m"": -2, ""n"": -1, ""polarization"": ""p"", ""alpha"": {""real"": -0.0013670850793925382, ""imag"": 0.0}, ""gamma"": {""real"": -5.983986006837701, ""imag"": 0.0}, ""beta"": {""real"": 6.690299604174327, ""imag"": 0.0}, ""k_vector"": [{""real"": -0.0013670850793925382, ""imag"": 0.0}, {""real"": -5.983986006837701, ""imag"": 0.0}, {""real"": 6.690299604174327, ""imag"": 0.0}], ""e_vector"": [{""real"": 0.00017028198380708627, ""imag"": 0.0}, {""real"": 0.7453559574879884, ""imag"": 0.0}, {""real"": 0.6666666840642405, ""imag"": -0.0}], ""h_vector"": [{""real"": -0.9999999739036399, ""imag"": 0.0}, {""real"": 0.00022845725945122054, ""imag"": 0.0}, {""real"": 2.4157858908685565e-20, ""imag"": 0.0}], ""refractive_index"": {""real"": 1.0, ""imag"": 0.0}, ""vertical_sign"": 1, ""electric_tangential_norm_sq"": 0.5555555323587901, ""power_per_unit_amplitude"": 0.5478366430502138, ""propagating"": true, ""rayleigh_warning"": false, ""classification"": ""propagating"", ""rayleigh_tolerance"": 1e-06, ""projection_denominator"": 0.8166666325674213, ""traction_vector"": [{""real"": 0.0, ""imag"": 0.002050627565574891}, {""real"": 0.0, ""imag"": 8.975978776016172}, {""real"": 0.0, ""imag"": -0.0}]}",1.3878198846823891e-05,-9.002477889484713e-06,1.3878198846764414e-05,-9.002477889484713e-06,1.3884985056625193e-05,-8.98399558006467e-06,1.3884985056565716e-05,-8.98399558006467e-06,-6.786209801302415e-09,-1.848230942004364e-08,-6.786209801302415e-09,-1.848230942004364e-08,offline_frozen_validation_only; no solver feedback
V17-GPOLY,8,"{""schema"": ""fullspace-dtn.mode.v1"", ""mode_index"": 8, ""side"": ""top"", ""m"": -2, ""n"": 0, ""polarization"": ""s"", ""alpha"": {""real"": -0.0013670850793925382, ""imag"": 0.0}, ""gamma"": {""real"": 0.0, ""imag"": 0.0}, ""beta"": {""real"": 8.975978906149711, ""imag"": 0.0}, ""k_vector"": [{""real"": -0.0013670850793925382, ""imag"": 0.0}, {""real"": 0.0, ""imag"": 0.0}, {""real"": 8.975978906149711, ""imag"": 0.0}], ""e_vector"": [{""real"": -0.0, ""imag"": 0.0}, {""real"": -1.0, ""imag"": 0.0}, {""real"": 0.0, ""imag"": 0.0}], ""h_vector"": [{""real"": 0.9999999884016172, ""imag"": 0.0}, {""real"": 0.0, ""imag"": 0.0}, {""real"": 0.00015230484360874904, ""imag"": -0.0}], ""refractive_index"": {""real"": 1.0, ""imag"": 0.0}, ""vertical_sign"": 1, ""electric_tangential_norm_sq"": 1.0, ""power_per_unit_amplitude"": 0.7349999914751887, ""propagating"": true, ""rayleigh_warning"": false, ""classification"": ""propagating"", ""rayleigh_tolerance"": 1e-06, ""projection_denominator"": 1.47, ""traction_vector"": [{""real"": 0.0, ""imag"": 0.0}, {""real"": 0.0, ""imag"": -8.975978906149711}, {""real"": 0.0, ""imag"": 0.0}]}",3.291355378795154e-06,1.5753106663570046e-05,3.2913553791178883e-06,1.5753106663447907e-05,3.266661606981309e-06,1.579199203088943e-05,3.2666616073040435e-06,1.579199203076729e-05,2.4693771813844832e-08,-3.8885367319384495e-08,2.4693771813844832e-08,-3.8885367319384495e-08,offline_frozen_validation_only; no solver feedback
V17-GPOLY,9,"{""schema"": ""fullspace-dtn.mode.v1"", ""mode_index"": 9, ""side"": ""top"", ""m"": -2, ""n"": 0, ""polarization"": ""p"", ""alpha"": {""real"": -0.0013670850793925382, ""imag"": 0.0}, ""gamma"": {""real"": 0.0, ""imag"": 0.0}, ""beta"": {""real"": 8.975978906149711, ""imag"": 0.0}, ""k_vector"": [{""real"": -0.0013670850793925382, ""imag"": 0.0}, {""real"": 0.0, ""imag"": 0.0}, {""real"": 8.975978906149711, ""imag"": 0.0}], ""e_vector"": [{""real"": 0.9999999884016174, ""imag"": 0.0}, {""real"": 0.0, ""imag"": 0.0}, {""real"": 0.00015230484360874907, ""imag"": -0.0}], ""h_vector"": [{""real"": 0.0, ""imag"": 0.0}, {""real"": 1.0000000000000002, ""imag"": 0.0}, {""real"": 0.0, ""imag"": 0.0}], ""refractive_index"": {""real"": 1.0, ""imag"": 0.0}, ""vertical_sign"": 1, ""electric_tangential_norm_sq"": 0.9999999768032349, ""power_per_unit_amplitude"": 0.7349999914751889, ""propagating"": true, ""rayleigh_warning"": false, ""classification"": ""propagating"", ""rayleigh_tolerance"": 1e-06, ""projection_denominator"": 1.4699999659007554, ""traction_vector"": [{""real"": 0.0, ""imag"": 8.975979010256554}, {""real"": -0.0, ""imag"": 0.0}, {""real"": 0.0, ""imag"": 0.0}]}",-6.934589190098007e-08,1.6334933263473664e-08,-6.934589190098007e-08,1.6334933263473664e-08,-2.0122553573612502e-16,1.8658087211231932e-16,-2.01225535736125e-16,1.865808721123193e-16,-6.934589169975453e-08,1.6334933076892793e-08,-6.934589169975453e-08,1.6334933076892793e-08,offline_frozen_validation_only; no solver feedback
V17-GPOLY,10,"{""schema"": ""fullspace-dtn.mode.v1"", ""mode_index"": 10, ""side"": ""top"", ""m"": -2, ""n"": 1, ""polarization"": ""s"", ""alpha"": {""real"": -0.0013670850793925382, ""imag"": 0.0}, ""gamma"": {""real"": 5.983986006837701, ""imag"": 0.0}, ""beta"": {""real"": 6.690299604174327, ""imag"": 0.0}, ""k_vector"": [{""real"": -0.0013670850793925382, ""imag"": 0.0}, {""real"": 5.983986006837701, ""imag"": 0.0}, {""real"": 6.690299604174327, ""imag"": 0.0}], ""e_vector"": [{""real"": -0.9999999739036398, ""imag"": 0.0}, {""real"": -0.00022845725945122052, ""imag"": 0.0}, {""real"": 0.0, ""imag"": 0.0}], ""h_vector"": [{""real"": 0.00017028198380708622, ""imag"": 0.0}, {""real"": -0.7453559574879883, ""imag"": 0.0}, {""real"": 0.6666666840642403, ""imag"": -0.0}], ""refractive_index"": {""real"": 1.0, ""imag"": 0.0}, ""vertical_sign"": 1, ""electric_tangential_norm_sq"": 0.9999999999999997, ""power_per_unit_amplitude"": 0.5478366430502136, ""propagating"": true, ""rayleigh_warning"": false, ""classification"": ""propagating"", ""rayleigh_tolerance"": 1e-06, ""projection_denominator"": 1.4699999999999995, ""traction_vector"": [{""real"": 0.0, ""imag"": -6.6902994295818585}, {""real"": 0.0, ""imag"": -0.001528447512477252}, {""real"": 0.0, ""imag"": 0.0}]}",1.3047963837149368e-08,-4.223928095466624e-08,1.3047963837149368e-08,-4.223928095466509e-08,-7.195797779243505e-09,4.334218822436149e-09,-7.195797779243505e-09,4.334218822437301e-09,2.0243761616392873e-08,-4.657349977710239e-08,2.0243761616392873e-08,-4.657349977710239e-08,offline_frozen_validation_only; no solver feedback
V17-GPOLY,11,"{""schema"": ""fullspace-dtn.mode.v1"", ""mode_index"": 11, ""side"": ""top"", ""m"": -2, ""n"": 1, ""polarization"": ""p"", ""alpha"": {""real"": -0.0013670850793925382, ""imag"": 0.0}, ""gamma"": {""real"": 5.983986006837701, ""imag"": 0.0}, ""beta"": {""real"": 6.690299604174327, ""imag"": 0.0}, ""k_vector"": [{""real"": -0.0013670850793925382, ""imag"": 0.0}, {""real"": 5.983986006837701, ""imag"": 0.0}, {""real"": 6.690299604174327, ""imag"": 0.0}], ""e_vector"": [{""real"": 0.00017028198380708627, ""imag"": 0.0}, {""real"": -0.7453559574879884, ""imag"": 0.0}, {""real"": 0.6666666840642405, ""imag"": -0.0}], ""h_vector"": [{""real"": 0.9999999739036399, ""imag"": 0.0}, {""real"": 0.00022845725945122054, ""imag"": 0.0}, {""real"": -2.4157858908685565e-20, ""imag"": 0.0}], ""refractive_index"": {""real"": 1.0, ""imag"": 0.0}, ""vertical_sign"": 1, ""electric_tangential_norm_sq"": 0.5555555323587901, ""power_per_unit_amplitude"": 0.5478366430502138, ""propagating"": true, ""rayleigh_warning"": false, ""classification"": ""propagating"", ""rayleigh_tolerance"": 1e-06, ""projection_denominator"": 0.8166666325674213, ""traction_vector"": [{""real"": 0.0, ""imag"": 0.002050627565574891}, {""real"": 0.0, ""imag"": -8.975978776016172}, {""real"": 0.0, ""imag"": 0.0}]}",-1.3866028529265932e-05,8.912684157823595e-06,-1.3866028529329656e-05,8.912684157823595e-06,-1.3884985056452473e-05,8.983995580305071e-06,-1.3884985056516197e-05,8.983995580305071e-06,1.8956527186540908e-08,-7.131142248147618e-08,1.8956527186540908e-08,-7.131142248147618e-08,offline_frozen_validation_only; no solver feedback
V17-GPOLY,12,"{""schema"": ""fullspace-dtn.mode.v1"", ""mode_index"": 12, ""side"": ""top"", ""m"": -1, ""n"": -1, ""polarization"": ""s"", ""alpha"": {""real"": 4.486622420048883, ""imag"": 0.0}, ""gamma"": {""real"": -5.983986006837701, ""imag"": 0.0}, ""beta"": {""real"": 4.962895316491319, ""imag"": 0.0}, ""k_vector"": [{""real"": 4.486622420048883, ""imag"": 0.0}, {""real"": -5.983986006837701, ""imag"": 0.0}, {""real"": 4.962895316491319, ""imag"": 0.0}], ""e_vector"": [{""real"": 0.8000877286570669, ""imag"": -0.0}, {""real"": 0.5998830106382207, ""imag"": 0.0}, {""real"": 0.0, ""imag"": 0.0}], ""h_vector"": [{""real"": -0.33168043068474645, ""imag"": 0.0}, {""real"": 0.4423753260560312, ""imag"": 0.0}, {""real"": 0.8332419593357027, ""imag"": 0.0}], ""refractive_index"": {""real"": 1.0, ""imag"": 0.0}, ""vertical_sign"": 1, ""electric_tangential_norm_sq"": 0.9999999999999999, ""power_per_unit_amplitude"": 0.4063877659977793, ""propagating"": true, ""rayleigh_warning"": false, ""classification"": ""propagating"", ""rayleigh_tolerance"": 1e-06, ""projection_denominator"": 1.4699999999999998, ""traction_vector"": [{""real"": 0.0, ""imag"": 3.9707516413343344}, {""real"": 0.0, ""imag"": 2.9771565839391374}, {""real"": 0.0, ""imag"": -0.0}]}",2.5527174629424244e-05,-1.2389505577113885e-05,2.5527174629391203e-05,-1.2389505577113885e-05,2.555102944959861e-05,-1.2421186840752343e-05,2.555102944956557e-05,-1.2421186840752343e-05,-2.385482017436502e-08,3.168126363845739e-08,-2.385482017436502e-08,3.168126363845739e-08,offline_frozen_validation_only; no solver feedback
V17-GPOLY,13,"{""schema"": ""fullspace-dtn.mode.v1"", ""mode_index"": 13, ""side"": ""top"", ""m"": -1, ""n"": -1, ""polarization"": ""p"", ""alpha"": {""real"": 4.486622420048883, ""imag"": 0.0}, ""gamma"": {""real"": -5.983986006837701, ""imag"": 0.0}, ""beta"": {""real"": 4.962895316491319, ""imag"": 0.0}, ""k_vector"": [{""real"": 4.486622420048883, ""imag"": 0.0}, {""real"": -5.983986006837701, ""imag"": 0.0}, {""real"": 4.962895316491319, ""imag"": 0.0}], ""e_vector"": [{""real"": -0.3316804306847465, ""imag"": 0.0}, {""real"": 0.4423753260560313, ""imag"": 0.0}, {""real"": 0.833241959335703, ""imag"": 0.0}], ""h_vector"": [{""real"": -0.8000877286570669, ""imag"": 0.0}, {""real"": -0.5998830106382207, ""imag"": 0.0}, {""real"": -2.4737647522494018e-17, ""imag"": 0.0}], ""refractive_index"": {""real"": 1.0, ""imag"": 0.0}, ""vertical_sign"": 1, ""electric_tangential_norm_sq"": 0.3057078372023989, ""power_per_unit_amplitude"": 0.4063877659977795, ""propagating"": true, ""rayleigh_warning"": false, ""classification"": ""propagating"", ""rayleigh_tolerance"": 1e-06, ""projection_denominator"": 0.4493905206875264, ""traction_vector"": [{""real"": 0.0, ""imag"": -5.384537312098177}, {""real"": 0.0, ""imag"": 7.181570658789672}, {""real"": 0.0, ""imag"": 0.0}]}",1.8875198269694328e-05,-9.146346223616122e-06,1.8875198269601683e-05,-9.146346223643142e-06,1.8842193182604635e-05,-9.15911227089638e-06,1.884219318251199e-05,-9.1591122709234e-06,3.300508708969303e-08,1.2766047280257244e-08,3.300508708969303e-08,1.2766047280257244e-08,offline_frozen_validation_only; no solver feedback
V17-GPOLY,14,"{""schema"": ""fullspace-dtn.mode.v1"", ""mode_index"": 14, ""side"": ""top"", ""m"": -1, ""n"": 0, ""polarization"": ""s"", ""alpha"": {""real"": 4.486622420048883, ""imag"": 0.0}, ""gamma"": {""real"": 0.0, ""imag"": 0.0}, ""beta"": {""real"": 7.774214973389975, ""imag"": 0.0}, ""k_vector"": [{""real"": 4.486622420048883, ""imag"": 0.0}, {""real"": 0.0, ""imag"": 0.0}, {""real"": 7.774214973389975, ""imag"": 0.0}], ""e_vector"": [{""real"": -0.0, ""imag"": 0.0}, {""real"": 1.0, ""imag"": 0.0}, {""real"": 0.0, ""imag"": 0.0}], ""h_vector"": [{""real"": -0.8661133191718294, ""imag"": 0.0}, {""real"": 0.0, ""imag"": 0.0}, {""real"": 0.4998476951563912, ""imag"": 0.0}], ""refractive_index"": {""real"": 1.0, ""imag"": 0.0}, ""vertical_sign"": 1, ""electric_tangential_norm_sq"": 1.0, ""power_per_unit_amplitude"": 0.6365932895912946, ""propagating"": true, ""rayleigh_warning"": false, ""classification"": ""propagating"", ""rayleigh_tolerance"": 1e-06, ""projection_denominator"": 1.47, ""traction_vector"": [{""real"": -0.0, ""imag"": 0.0}, {""real"": 0.0, ""imag"": 7.774214973389975}, {""real"": 0.0, ""imag"": -0.0}]}",-0.00010773672838592758,-7.26121626498464e-05,-0.00010773672838553579,-7.261216264929472e-05,-0.0001077984191275123,-7.256319276933049e-05,-0.00010779841912712052,-7.256319276877881e-05,6.169074158472374e-08,-4.8969880515916634e-08,6.169074158472374e-08,-4.8969880515916634e-08,offline_frozen_validation_only; no solver feedback
V17-GPOLY,15,"{""schema"": ""fullspace-dtn.mode.v1"", ""mode_index"": 15, ""side"": ""top"", ""m"": -1, ""n"": 0, ""polarization"": ""p"", ""alpha"": {""real"": 4.486622420048883, ""imag"": 0.0}, ""gamma"": {""real"": 0.0, ""imag"": 0.0}, ""beta"": {""real"": 7.774214973389975, ""imag"": 0.0}, ""k_vector"": [{""real"": 4.486622420048883, ""imag"": 0.0}, {""real"": 0.0, ""imag"": 0.0}, {""real"": 7.774214973389975, ""imag"": 0.0}], ""e_vector"": [{""real"": -0.8661133191718294, ""imag"": 0.0}, {""real"": 0.0, ""imag"": 0.0}, {""real"": 0.4998476951563912, ""imag"": 0.0}], ""h_vector"": [{""real"": 0.0, ""imag"": 0.0}, {""real"": -1.0, ""imag"": 0.0}, {""real"": 0.0, ""imag"": 0.0}], ""refractive_index"": {""real"": 1.0, ""imag"": 0.0}, ""vertical_sign"": 1, ""electric_tangential_norm_sq"": 0.7501522816468433, ""power_per_unit_amplitude"": 0.6365932895912946, ""propagating"": true, ""rayleigh_warning"": false, ""classification"": ""propagating"", ""rayleigh_tolerance"": 1e-06, ""projection_denominator"": 1.1027238540208597, ""traction_vector"": [{""real"": 0.0, ""imag"": -8.975979010256552}, {""real"": 0.0, ""imag"": 0.0}, {""real"": 0.0, ""imag"": 0.0}]}",-5.605911428405576e-08,-1.892074929578021e-08,-5.605911428405576e-08,-1.892074929578021e-08,-7.512217828146564e-16,7.306111960405604e-16,-7.512217828146564e-16,7.306111960405604e-16,-5.6059113532833976e-08,-1.8920750026391407e-08,-5.6059113532833976e-08,-1.8920750026391407e-08,offline_frozen_validation_only; no solver feedback
V17-GPOLY,16,"{""schema"": ""fullspace-dtn.mode.v1"", ""mode_index"": 16, ""side"": ""top"", ""m"": -1, ""n"": 1, ""polarization"": ""s"", ""alpha"": {""real"": 4.486622420048883, ""imag"": 0.0}, ""gamma"": {""real"": 5.983986006837701, ""imag"": 0.0}, ""beta"": {""real"": 4.962895316491319, ""imag"": 0.0}, ""k_vector"": [{""real"": 4.486622420048883, ""imag"": 0.0}, {""real"": 5.983986006837701, ""imag"": 0.0}, {""real"": 4.962895316491319, ""imag"": 0.0}], ""e_vector"": [{""real"": -0.8000877286570669, ""imag"": 0.0}, {""real"": 0.5998830106382207, ""imag"": 0.0}, {""real"": 0.0, ""imag"": 0.0}], ""h_vector"": [{""real"": -0.33168043068474645, ""imag"": 0.0}, {""real"": -0.4423753260560312, ""imag"": 0.0}, {""real"": 0.8332419593357027, ""imag"": 0.0}], ""refractive_index"": {""real"": 1.0, ""imag"": 0.0}, ""vertical_sign"": 1, ""electric_tangential_norm_sq"": 0.9999999999999999, ""power_per_unit_amplitude"": 0.4063877659977793, ""propagating"": true, ""rayleigh_warning"": false, ""classification"": ""propagating"", ""rayleigh_tolerance"": 1e-06, ""projection_denominator"": 1.4699999999999998, ""traction_vector"": [{""real"": 0.0, ""imag"": -3.9707516413343344}, {""real"": 0.0, ""imag"": 2.9771565839391374}, {""real"": 0.0, ""imag"": 0.0}]}",2.554692254473038e-05,-1.2469193178378386e-05,2.554692254474572e-05,-1.2469193178358325e-05,2.5551029449478588e-05,-1.2421186840209803e-05,2.555102944949393e-05,-1.2421186840189742e-05,-4.106904748208919e-09,-4.80063381685834e-08,-4.106904748208919e-09,-4.80063381685834e-08,offline_frozen_validation_only; no solver feedback
V17-GPOLY,17,"{""schema"": ""fullspace-dtn.mode.v1"", ""mode_index"": 17, ""side"": ""top"", ""m"": -1, ""n"": 1, ""polarization"": ""p"", ""alpha"": {""real"": 4.486622420048883, ""imag"": 0.0}, ""gamma"": {""real"": 5.983986006837701, ""imag"": 0.0}, ""beta"": {""real"": 4.962895316491319, ""imag"": 0.0}, ""k_vector"": [{""real"": 4.486622420048883, ""imag"": 0.0}, {""real"": 5.983986006837701, ""imag"": 0.0}, {""real"": 4.962895316491319, ""imag"": 0.0}], ""e_vector"": [{""real"": -0.3316804306847465, ""imag"": 0.0}, {""real"": -0.4423753260560313, ""imag"": 0.0}, {""real"": 0.833241959335703, ""imag"": 0.0}], ""h_vector"": [{""real"": 0.8000877286570669, ""imag"": 0.0}, {""real"": -0.5998830106382207, ""imag"": 0.0}, {""real"": 2.4737647522494018e-17, ""imag"": 0.0}], ""refractive_index"": {""real"": 1.0, ""imag"": 0.0}, ""vertical_sign"": 1, ""electric_tangential_norm_sq"": 0.3057078372023989, ""power_per_unit_amplitude"": 0.4063877659977795, ""propagating"": true, ""rayleigh_warning"": false, ""classification"": ""propagating"", ""rayleigh_tolerance"": 1e-06, ""projection_denominator"": 0.4493905206875264, ""traction_vector"": [{""real"": 0.0, ""imag"": -5.384537312098177}, {""real"": 0.0, ""imag"": -7.181570658789672}, {""real"": 0.0, ""imag"": 0.0}]}",-1.883086952139033e-05,9.172079481493081e-06,-1.8830869521471394e-05,9.1720794814815e-06,-1.884219318237659e-05,9.159112271291004e-06,-1.8842193182457654e-05,9.159112271279423e-06,1.1323660986260666e-08,1.2967210202077478e-08,1.1323660986260666e-08,1.2967210202077478e-08,offline_frozen_validation_only; no solver feedback
V17-GPOLY,18,"{""schema"": ""fullspace-dtn.mode.v1"", ""mode_index"": 18, ""side"": ""top"", ""m"": 0, ""n"": 0, ""polarization"": ""s"", ""alpha"": {""real"": 8.97461192517716, ""imag"": 0.0}, ""gamma"": {""real"": 0.0, ""imag"": 0.0}, ""beta"": {""real"": 0.15665243385951635, ""imag"": 0.0}, ""k_vector"": [{""real"": 8.97461192517716, ""imag"": 0.0}, {""real"": 0.0, ""imag"": 0.0}, {""real"": 0.15665243385951635, ""imag"": 0.0}], ""e_vector"": [{""real"": -0.0, ""imag"": 0.0}, {""real"": 1.0, ""imag"": 0.0}, {""real"": 0.0, ""imag"": 0.0}], ""h_vector"": [{""real"": -0.017452406437282755, ""imag"": 0.0}, {""real"": 0.0, ""imag"": 0.0}, {""real"": 0.9998476951563912, ""imag"": 0.0}], ""refractive_index"": {""real"": 1.0, ""imag"": 0.0}, ""vertical_sign"": 1, ""electric_tangential_norm_sq"": 1.0, ""power_per_unit_amplitude"": 0.012827518731402825, ""propagating"": true, ""rayleigh_warning"": false, ""classification"": ""propagating"", ""rayleigh_tolerance"": 1e-06, ""projection_denominator"": 1.47, ""traction_vector"": [{""real"": -0.0, ""imag"": 0.0}, {""real"": 0.0, ""imag"": 0.15665243385951635}, {""real"": 0.0, ""imag"": -0.0}]}",1.2301134268974299,-0.5354341236705074,-0.03274525686746481,-0.13554458899350413,1.2301124466956983,-0.5354375258627233,-0.03274623706919645,-0.13554799118572006,9.8020173155966e-07,3.402192215951061e-06,9.802017316429268e-07,3.4021922159233053e-06,offline_frozen_validation_only; no solver feedback
V17-GPOLY,19,"{""schema"": ""fullspace-dtn.mode.v1"", ""mode_index"": 19, ""side"": ""top"", ""m"": 0, ""n"": 0, ""polarization"": ""p"", ""alpha"": {""real"": 8.97461192517716, ""imag"": 0.0}, ""gamma"": {""real"": 0.0, ""imag"": 0.0}, ""beta"": {""real"": 0.15665243385951635, ""imag"": 0.0}, ""k_vector"": [{""real"": 8.97461192517716, ""imag"": 0.0}, {""real"": 0.0, ""imag"": 0.0}, {""real"": 0.15665243385951635, ""imag"": 0.0}], ""e_vector"": [{""real"": -0.01745240643728276, ""imag"": 0.0}, {""real"": 0.0, ""imag"": 0.0}, {""real"": 0.9998476951563914, ""imag"": 0.0}], ""h_vector"": [{""real"": 0.0, ""imag"": 0.0}, {""real"": -1.0000000000000002, ""imag"": 0.0}, {""real"": 0.0, ""imag"": 0.0}], ""refractive_index"": {""real"": 1.0, ""imag"": 0.0}, ""vertical_sign"": 1, ""electric_tangential_norm_sq"": 0.0003045864904521087, ""power_per_unit_amplitude"": 0.01282751873140283, ""propagating"": true, ""rayleigh_warning"": false, ""classification"": ""propagating"", ""rayleigh_tolerance"": 1e-06, ""projection_denominator"": 0.0004477421409645998, ""traction_vector"": [{""real"": 0.0, ""imag"": -8.975979010256554}, {""real"": 0.0, ""imag"": 0.0}, {""real"": 0.0, ""imag"": 0.0}]}",1.932877755353935e-06,1.5903791530284012e-07,1.9328777558853125e-06,1.5903791513457718e-07,-3.154010265628375e-14,6.2826313755395736e-15,-3.1008725138110985e-14,6.1143684406509005e-15,1.9328777868940376e-06,1.5903790902020874e-07,1.9328777868940376e-06,1.5903790902020874e-07,offline_frozen_validation_only; no solver feedback
V17-GPOLY,20,"{""schema"": ""fullspace-dtn.mode.v1"", ""mode_index"": 20, ""side"": ""bottom"", ""m"": -3, ""n"": -1, ""polarization"": ""s"", ""alpha"": {""real"": -4.489356590207668, ""imag"": 0.0}, ""gamma"": {""real"": -5.983986006837701, ""imag"": 0.0}, ""beta"": {""real"": 4.958556350844336, ""imag"": 7.026217474247436e-05}, ""k_vector"": [{""real"": -4.489356590207668, ""imag"": 0.0}, {""real"": -5.983986006837701, ""imag"": 0.0}, {""real"": -4.958556350844336, ""imag"": -7.026217474247436e-05}], ""e_vector"": [{""real"": 0.7999122734807461, ""imag"": -0.0}, {""real"": -0.6001169508811294, ""imag"": 0.0}, {""real"": 0.0, ""imag"": 0.0}], ""h_vector"": [{""real"": -0.3315196832168072, ""imag"": -4.697595885702236e-06}, {""real"": -0.4418916398148882, ""imag"": -6.261553850976274e-06}, {""real"": 0.8334247251460797, ""imag"": -0.0}], ""refractive_index"": {""real"": 0.999885140474, ""imag"": 4.32477054e-06}, ""vertical_sign"": -1, ""electric_tangential_norm_sq"": 0.9999999999999998, ""power_per_unit_amplitude"": 0.4060324688489237, ""propagating"": true, ""rayleigh_warning"": false, ""classification"": ""propagating"", ""rayleigh_tolerance"": 1e-06, ""projection_denominator"": 1.4699638505555863, ""traction_vector"": [{""real"": -5.620357593795412e-05, ""imag"": 3.9664100837862852}, {""real"": 4.216552206873081e-05, ""imag"": -2.975713718040963}, {""real"": 0.0, ""imag"": 0.0}]}",-9.57299371638351e-06,-4.3543106325153747e-07,-9.572993716382329e-06,-4.354310632350159e-07,-9.549378700067261e-06,-4.3615840469472487e-07,-9.54937870006608e-06,-4.361584046782033e-07,-2.361501631624856e-08,7.273414431874076e-10,-2.361501631624856e-08,7.273414431874076e-10,offline_frozen_validation_only; no solver feedback
V17-GPOLY,21,"{""schema"": ""fullspace-dtn.mode.v1"", ""mode_index"": 21, ""side"": ""bottom"", ""m"": -3, ""n"": -1, ""polarization"": ""p"", ""alpha"": {""real"": -4.489356590207668, ""imag"": 0.0}, ""gamma"": {""real"": -5.983986006837701, ""imag"": 0.0}, ""beta"": {""real"": 4.958556350844336, ""imag"": 7.026217474247436e-05}, ""k_vector"": [{""real"": -4.489356590207668, ""imag"": 0.0}, {""real"": -5.983986006837701, ""imag"": 0.0}, {""real"": -4.958556350844336, ""imag"": -7.026217474247436e-05}], ""e_vector"": [{""real"": -0.33155776578462687, ""imag"": -3.264059536059784e-06}, {""real"": -0.4419424011095991, ""imag"": -4.350754099567616e-06}, {""real"": 0.8335204628602758, ""imag"": -3.605198833694458e-06}], ""h_vector"": [{""real"": -0.7998203959021161, ""imag"": -3.4594370347866507e-06}, {""real"": 0.6000480217070564, ""imag"": 2.595368109614824e-06}, {""real"": 4.9475295044988036e-17, ""imag"": 0.0}], ""refractive_index"": {""real"": 0.999885140474, ""imag"": 4.32477054e-06}, ""vertical_sign"": -1, ""electric_tangential_norm_sq"": 0.30524363798019444, ""power_per_unit_amplitude"": 0.4060324688489239, ""propagating"": true, ""rayleigh_warning"": false, ""classification"": ""propagating"", ""rayleigh_tolerance"": 1e-06, ""projection_denominator"": 0.4486971134429621, ""traction_vector"": [{""real"": 2.3295969675791888e-05, ""imag"": -5.386018447988506}, {""real"": 3.105183421154914e-05, ""imag"": -7.179171085592479}, {""real"": 0.0, ""imag"": 0.0}]}",-6.878470634534008e-06,-3.754314939905027e-07,-6.8784706345842675e-06,-3.754314939634397e-07,-7.0323782198768244e-06,-3.1660784057617397e-07,-7.032378219927084e-06,-3.16607840549111e-07,1.5390758534281648e-07,-5.882365341432872e-08,1.5390758534281648e-07,-5.882365341432872e-08,offline_frozen_validation_only; no solver feedback
V17-GPOLY,22,"{""schema"": ""fullspace-dtn.mode.v1"", ""mode_index"": 22, ""side"": ""bottom"", ""m"": -3, ""n"": 0, ""polarization"": ""s"", ""alpha"": {""real"": -4.489356590207668, ""imag"": 0.0}, ""gamma"": {""real"": 0.0, ""imag"": 0.0}, ""beta"": {""real"": 7.771445786441615, ""imag"": 4.483064829471781e-05}, ""k_vector"": [{""real"": -4.489356590207668, ""imag"": 0.0}, {""real"": 0.0, ""imag"": 0.0}, {""real"": -7.771445786441615, ""imag"": -4.483064829471781e-05}], ""e_vector"": [{""real"": -0.0, ""imag"": 0.0}, {""real"": -1.0, ""imag"": 0.0}, {""real"": 0.0, ""imag"": 0.0}], ""h_vector"": [{""real"": -0.8658048083180055, ""imag"": -4.994513494683011e-06}, {""real"": 0.0, ""imag"": 0.0}, {""real"": 0.5001523048436087, ""imag"": -0.0}], ""refractive_index"": {""real"": 0.999885140474, ""imag"": 4.32477054e-06}, ""vertical_sign"": -1, ""electric_tangential_norm_sq"": 1.0, ""power_per_unit_amplitude"": 0.6363665341137341, ""propagating"": true, ""rayleigh_warning"": false, ""classification"": ""propagating"", ""rayleigh_tolerance"": 1e-06, ""projection_denominator"": 1.469976934812407, ""traction_vector"": [{""real"": -0.0, ""imag"": 0.0}, {""real"": 4.483064829471781e-05, ""imag"": -7.771445786441615}, {""real"": 0.0, ""imag"": 0.0}]}",2.2536936001458797e-05,-3.554127283936729e-05,2.2536936001662956e-05,-3.5541272839851126e-05,2.2500825790873014e-05,-3.5535196088581886e-05,2.2500825791077173e-05,-3.5535196089065725e-05,3.6110210585782514e-08,-6.076750785400688e-09,3.6110210585782514e-08,-6.076750785400688e-09,offline_frozen_validation_only; no solver feedback
V17-GPOLY,23,"{""schema"": ""fullspace-dtn.mode.v1"", ""mode_index"": 23, ""side"": ""bottom"", ""m"": -3, ""n"": 0, ""polarization"": ""p"", ""alpha"": {""real"": -4.489356590207668, ""imag"": 0.0}, ""gamma"": {""real"": 0.0, ""imag"": 0.0}, ""beta"": {""real"": 7.771445786441615, ""imag"": 4.483064829471781e-05}, ""k_vector"": [{""real"": -4.489356590207668, ""imag"": 0.0}, {""real"": 0.0, ""imag"": 0.0}, {""real"": -7.771445786441615, ""imag"": -4.483064829471781e-05}], ""e_vector"": [{""real"": -0.8659042656715219, ""imag"": -1.2498197897239332e-06}, {""real"": 0.0, ""imag"": 0.0}, {""real"": 0.5002097586869129, ""imag"": -2.163540931475541e-06}], ""h_vector"": [{""real"": 0.0, ""imag"": 0.0}, {""real"": 0.999885140467758, ""imag"": 4.324770539973001e-06}, {""real"": 0.0, ""imag"": 0.0}], ""refractive_index"": {""real"": 0.999885140474, ""imag"": 4.32477054e-06}, ""vertical_sign"": -1, ""electric_tangential_norm_sq"": 0.7497901973096996, ""power_per_unit_amplitude"": 0.6363665341137341, ""propagating"": true, ""rayleigh_warning"": false, ""classification"": ""propagating"", ""rayleigh_tolerance"": 1e-06, ""projection_denominator"": 1.1021742959937022, ""traction_vector"": [{""real"": 3.881904959097355e-05, ""imag"": -8.97494803350602}, {""real"": 0.0, ""imag"": 0.0}, {""real"": 0.0, ""imag"": 0.0}]}",-1.9224308833513434e-08,-1.8246024591133055e-08,-1.9224308833513434e-08,-1.8246024591133055e-08,9.921735257066193e-16,7.637390319947128e-17,9.921735257066193e-16,7.637390319947126e-17,-1.922430982568696e-08,-1.824602466750696e-08,-1.922430982568696e-08,-1.824602466750696e-08,offline_frozen_validation_only; no solver feedback
V17-GPOLY,24,"{""schema"": ""fullspace-dtn.mode.v1"", ""mode_index"": 24, ""side"": ""bottom"", ""m"": -3, ""n"": 1, ""polarization"": ""s"", ""alpha"": {""real"": -4.489356590207668, ""imag"": 0.0}, ""gamma"": {""real"": 5.983986006837701, ""imag"": 0.0}, ""beta"": {""real"": 4.958556350844336, ""imag"": 7.026217474247436e-05}, ""k_vector"": [{""real"": -4.489356590207668, ""imag"": 0.0}, {""real"": 5.983986006837701, ""imag"": 0.0}, {""real"": -4.958556350844336, ""imag"": -7.026217474247436e-05}], ""e_vector"": [{""real"": -0.7999122734807461, ""imag"": 0.0}, {""real"": -0.6001169508811294, ""imag"": 0.0}, {""real"": 0.0, ""imag"": 0.0}], ""h_vector"": [{""real"": -0.3315196832168072, ""imag"": -4.697595885702236e-06}, {""real"": 0.4418916398148882, ""imag"": 6.261553850976274e-06}, {""real"": 0.8334247251460797, ""imag"": -0.0}], ""refractive_index"": {""real"": 0.999885140474, ""imag"": 4.32477054e-06}, ""vertical_sign"": -1, ""electric_tangential_norm_sq"": 0.9999999999999998, ""power_per_unit_amplitude"": 0.4060324688489237, ""propagating"": true, ""rayleigh_warning"": false, ""classification"": ""propagating"", ""rayleigh_tolerance"": 1e-06, ""projection_denominator"": 1.4699638505555863, ""traction_vector"": [{""real"": 5.620357593795412e-05, ""imag"": -3.9664100837862852}, {""real"": 4.216552206873081e-05, ""imag"": -2.975713718040963}, {""real"": 0.0, ""imag"": 0.0}]}",-9.479843373610168e-06,-4.3246349268475415e-07,-9.47984337364321e-06,-4.32463492672953e-07,-9.549378700351722e-06,-4.3615840435813124e-07,-9.549378700384765e-06,-4.361584043463301e-07,6.953532674155401e-08,3.694911673377087e-09,6.953532674155401e-08,3.694911673377087e-09,offline_frozen_validation_only; no solver feedback
V17-GPOLY,25,"{""schema"": ""fullspace-dtn.mode.v1"", ""mode_index"": 25, ""side"": ""bottom"", ""m"": -3, ""n"": 1, ""polarization"": ""p"", ""alpha"": {""real"": -4.489356590207668, ""imag"": 0.0}, ""gamma"": {""real"": 5.983986006837701, ""imag"": 0.0}, ""beta"": {""real"": 4.958556350844336, ""imag"": 7.026217474247436e-05}, ""k_vector"": [{""real"": -4.489356590207668, ""imag"": 0.0}, {""real"": 5.983986006837701, ""imag"": 0.0}, {""real"": -4.958556350844336, ""imag"": -7.026217474247436e-05}], ""e_vector"": [{""real"": -0.33155776578462687, ""imag"": -3.264059536059784e-06}, {""real"": 0.4419424011095991, ""imag"": 4.350754099567616e-06}, {""real"": 0.8335204628602758, ""imag"": -3.605198833694458e-06}], ""h_vector"": [{""real"": 0.7998203959021161, ""imag"": 3.4594370347866507e-06}, {""real"": 0.6000480217070564, ""imag"": 2.595368109614824e-06}, {""real"": -4.9475295044988036e-17, ""imag"": 0.0}], ""refractive_index"": {""real"": 0.999885140474, ""imag"": 4.32477054e-06}, ""vertical_sign"": -1, ""electric_tangential_norm_sq"": 0.30524363798019444, ""power_per_unit_amplitude"": 0.4060324688489239, ""propagating"": true, ""rayleigh_warning"": false, ""classification"": ""propagating"", ""rayleigh_tolerance"": 1e-06, ""projection_denominator"": 0.4486971134429621, ""traction_vector"": [{""real"": 2.3295969675791888e-05, ""imag"": -5.386018447988506}, {""real"": -3.105183421154914e-05, ""imag"": 7.179171085592479}, {""real"": 0.0, ""imag"": 0.0}]}",7.141392777211723e-06,3.410167731471082e-07,7.141392777258117e-06,3.4101677316257274e-07,7.0323782197460426e-06,3.16607841783482e-07,7.032378219792436e-06,3.1660784179894655e-07,1.090145574656804e-07,2.4408931363626193e-08,1.090145574656804e-07,2.4408931363626193e-08,offline_frozen_validation_only; no solver feedback
V17-GPOLY,26,"{""schema"": ""fullspace-dtn.mode.v1"", ""mode_index"": 26, ""side"": ""bottom"", ""m"": -2, ""n"": -1, ""polarization"": ""s"", ""alpha"": {""real"": -0.0013670850793925382, ""imag"": 0.0}, ""gamma"": {""real"": -5.983986006837701, ""imag"": 0.0}, ""beta"": {""real"": 6.68891634028968, ""imag"": 5.2086008415877786e-05}, ""k_vector"": [{""real"": -0.0013670850793925382, ""imag"": 0.0}, {""real"": -5.983986006837701, ""imag"": 0.0}, {""real"": -6.68891634028968, ""imag"": -5.2086008415877786e-05}], ""e_vector"": [{""real"": 0.9999999739036398, ""imag"": -0.0}, {""real"": -0.00022845725945122052, ""imag"": 0.0}, {""real"": 0.0, ""imag"": 0.0}], ""h_vector"": [{""real"": -0.0001702467768758063, ""imag"": -1.3256968097683348e-09}, {""real"": -0.7452018501926205, ""imag"": -5.802821842286574e-06}, {""real"": 0.6666666840642403, ""imag"": -0.0}], ""refractive_index"": {""real"": 0.999885140474, ""imag"": 4.32477054e-06}, ""vertical_sign"": -1, ""electric_tangential_norm_sq"": 0.9999999999999997, ""power_per_unit_amplitude"": 0.5477233741851624, ""propagating"": true, ""rayleigh_warning"": false, ""classification"": ""propagating"", ""rayleigh_tolerance"": 1e-06, ""projection_denominator"": 1.4699732019929355, ""traction_vector"": [{""real"": -5.208600705662255e-05, ""imag"": 6.68891616573331}, {""real"": 1.1899426738444647e-08, ""imag"": -0.0015281314958010678}, {""real"": 0.0, ""imag"": 0.0}]}",-6.553550315349915e-08,4.018388957639579e-08,-6.553550315348992e-08,4.0183889576400976e-08,-8.318854379968599e-09,-1.6920271814008964e-09,-8.318854379959379e-09,-1.6920271813957104e-09,-5.721664877353055e-08,4.1875916757796686e-08,-5.721664877353055e-08,4.1875916757796686e-08,offline_frozen_validation_only; no solver feedback
V17-GPOLY,27,"{""schema"": ""fullspace-dtn.mode.v1"", ""mode_index"": 27, ""side"": ""bottom"", ""m"": -2, ""n"": -1, ""polarization"": ""p"", ""alpha"": {""real"": -0.0013670850793925382, ""imag"": 0.0}, ""gamma"": {""real"": -5.983986006837701, ""imag"": 0.0}, ""beta"": {""real"": 6.68891634028968, ""imag"": 5.2086008415877786e-05}, ""k_vector"": [{""real"": -0.0013670850793925382, ""imag"": 0.0}, {""real"": -5.983986006837701, ""imag"": 0.0}, {""real"": -6.68891634028968, ""imag"": -5.2086008415877786e-05}], ""e_vector"": [{""real"": -0.0001702663335861758, ""imag"": -5.894016846993088e-10}, {""real"": -0.7452874535562701, ""imag"": -2.5799209477250923e-06}, {""real"": 0.6667432658572671, ""imag"": -2.8838428707480877e-06}], ""h_vector"": [{""real"": -0.999885114365667, ""imag"": -4.32477042707448e-06}, {""real"": 0.0002284310189552686, ""imag"": 9.880252253089822e-10}, {""real"": 2.4157858908685565e-20, ""imag"": -4.6077459161158685e-26}], ""refractive_index"": {""real"": 0.999885140474, ""imag"": 4.32477054e-06}, ""vertical_sign"": -1, ""electric_tangential_norm_sq"": 0.5554534174256699, ""power_per_unit_amplitude"": 0.547723374185163, ""propagating"": true, ""rayleigh_warning"": false, ""classification"": ""propagating"", ""rayleigh_tolerance"": 1e-06, ""projection_denominator"": 0.8165016385711308, ""traction_vector"": [{""real"": 8.868493683977426e-09, ""imag"": -0.0020503920314340076}, {""real"": 3.8819048577598794e-05, ""imag"": -8.974947799214199}, {""real"": 0.0, ""imag"": 0.0}]}",-1.6423386239349906e-05,-2.836354593698993e-06,-1.6423386239307415e-05,-2.836354593698993e-06,-1.649730512294347e-05,-2.8045120940932605e-06,-1.649730512290098e-05,-2.8045120940932605e-06,7.391888359356452e-08,-3.18424996057327e-08,7.391888359356452e-08,-3.18424996057327e-08,offline_frozen_validation_only; no solver feedback
V17-GPOLY,28,"{""schema"": ""fullspace-dtn.mode.v1"", ""mode_index"": 28, ""side"": ""bottom"", ""m"": -2, ""n"": 0, ""polarization"": ""s"", ""alpha"": {""real"": -0.0013670850793925382, ""imag"": 0.0}, ""gamma"": {""real"": 0.0, ""imag"": 0.0}, ""beta"": {""real"": 8.97494792944325, ""imag"": 3.8819050041557536e-05}, ""k_vector"": [{""real"": -0.0013670850793925382, ""imag"": 0.0}, {""real"": 0.0, ""imag"": 0.0}, {""real"": -8.97494792944325, ""imag"": -3.8819050041557536e-05}], ""e_vector"": [{""real"": -0.0, ""imag"": 0.0}, {""real"": -1.0, ""imag"": 0.0}, {""real"": 0.0, ""imag"": 0.0}], ""h_vector"": [{""real"": -0.9998851288742849, ""imag"": -4.324770590171869e-06}, {""real"": 0.0, ""imag"": 0.0}, {""real"": 0.00015230484360874904, ""imag"": -0.0}], ""refractive_index"": {""real"": 0.999885140474, ""imag"": 4.32477054e-06}, ""vertical_sign"": -1, ""electric_tangential_norm_sq"": 1.0, ""power_per_unit_amplitude"": 0.7349155697225994, ""propagating"": true, ""rayleigh_warning"": false, ""classification"": ""propagating"", ""rayleigh_tolerance"": 1e-06, ""projection_denominator"": 1.4699800277344321, ""traction_vector"": [{""real"": -0.0, ""imag"": 0.0}, {""real"": 3.8819050041557536e-05, ""imag"": -8.97494792944325}, {""real"": 0.0, ""imag"": 0.0}]}",-3.4266746768866883e-06,-1.597028173129126e-05,-3.426674677146361e-06,-1.597028173098266e-05,-3.2981256979544157e-06,-1.607450770976354e-05,-3.2981256982140885e-06,-1.607450770945494e-05,-1.2854897893227254e-07,1.0422597847228079e-07,-1.2854897893227254e-07,1.0422597847228079e-07,offline_frozen_validation_only; no solver feedback
V17-GPOLY,29,"{""schema"": ""fullspace-dtn.mode.v1"", ""mode_index"": 29, ""side"": ""bottom"", ""m"": -2, ""n"": 0, ""polarization"": ""p"", ""alpha"": {""real"": -0.0013670850793925382, ""imag"": 0.0}, ""gamma"": {""real"": 0.0, ""imag"": 0.0}, ""beta"": {""real"": 8.97494792944325, ""imag"": 3.8819050041557536e-05}, ""k_vector"": [{""real"": -0.0013670850793925382, ""imag"": 0.0}, {""real"": 0.0, ""imag"": 0.0}, {""real"": -8.97494792944325, ""imag"": -3.8819050041557536e-05}], ""e_vector"": [{""real"": -0.9999999883989524, ""imag"": -1.0035526433266723e-13}, {""real"": 0.0, ""imag"": 0.0}, {""real"": 0.00015232233927758835, ""imag"": -6.588348389489128e-10}], ""h_vector"": [{""real"": 0.0, ""imag"": 0.0}, {""real"": 0.9998851404740002, ""imag"": 4.324770539999998e-06}, {""real"": 0.0, ""imag"": 0.0}], ""refractive_index"": {""real"": 0.999885140474, ""imag"": 4.32477054e-06}, ""vertical_sign"": -1, ""electric_tangential_norm_sq"": 0.999999976797905, ""power_per_unit_amplitude"": 0.7349155697225995, ""propagating"": true, ""rayleigh_warning"": false, ""classification"": ""propagating"", ""rayleigh_tolerance"": 1e-06, ""projection_denominator"": 1.469979993627816, ""traction_vector"": [{""real"": 3.881904959121588e-05, ""imag"": -8.97494803356205}, {""real"": 0.0, ""imag"": 0.0}, {""real"": 0.0, ""imag"": 0.0}]}",4.8301307253166864e-08,-1.457378172478729e-08,4.8301307253166864e-08,-1.457378172478729e-08,5.901173302659412e-17,-1.6734047403331803e-16,5.90117330265941e-17,-1.6734047403331795e-16,4.830130719415513e-08,-1.4573781557446815e-08,4.830130719415513e-08,-1.4573781557446815e-08,offline_frozen_validation_only; no solver feedback
V17-GPOLY,30,"{""schema"": ""fullspace-dtn.mode.v1"", ""mode_index"": 30, ""side"": ""bottom"", ""m"": -2, ""n"": 1, ""polarization"": ""s"", ""alpha"": {""real"": -0.0013670850793925382, ""imag"": 0.0}, ""gamma"": {""real"": 5.983986006837701, ""imag"": 0.0}, ""beta"": {""real"": 6.68891634028968, ""imag"": 5.2086008415877786e-05}, ""k_vector"": [{""real"": -0.0013670850793925382, ""imag"": 0.0}, {""real"": 5.983986006837701, ""imag"": 0.0}, {""real"": -6.68891634028968, ""imag"": -5.2086008415877786e-05}], ""e_vector"": [{""real"": -0.9999999739036398, ""imag"": 0.0}, {""real"": -0.00022845725945122052, ""imag"": 0.0}, {""real"": 0.0, ""imag"": 0.0}], ""h_vector"": [{""real"": -0.0001702467768758063, ""imag"": -1.3256968097683348e-09}, {""real"": 0.7452018501926205, ""imag"": 5.802821842286574e-06}, {""real"": 0.6666666840642403, ""imag"": -0.0}], ""refractive_index"": {""real"": 0.999885140474, ""imag"": 4.32477054e-06}, ""vertical_sign"": -1, ""electric_tangential_norm_sq"": 0.9999999999999997, ""power_per_unit_amplitude"": 0.5477233741851624, ""propagating"": true, ""rayleigh_warning"": false, ""classification"": ""propagating"", ""rayleigh_tolerance"": 1e-06, ""projection_denominator"": 1.4699732019929355, ""traction_vector"": [{""real"": 5.208600705662255e-05, ""imag"": -6.68891616573331}, {""real"": 1.1899426738444647e-08, ""imag"": -0.0015281314958010678}, {""real"": 0.0, ""imag"": 0.0}]}",2.4303350988679344e-08,3.583432170072746e-08,2.4303350988683953e-08,3.583432170072372e-08,-8.318854144220389e-09,-1.6920271921818259e-09,-8.31885414421578e-09,-1.6920271921855713e-09,3.2622205132899736e-08,3.752634889290929e-08,3.2622205132899736e-08,3.752634889290929e-08,offline_frozen_validation_only; no solver feedback
V17-GPOLY,31,"{""schema"": ""fullspace-dtn.mode.v1"", ""mode_index"": 31, ""side"": ""bottom"", ""m"": -2, ""n"": 1, ""polarization"": ""p"", ""alpha"": {""real"": -0.0013670850793925382, ""imag"": 0.0}, ""gamma"": {""real"": 5.983986006837701, ""imag"": 0.0}, ""beta"": {""real"": 6.68891634028968, ""imag"": 5.2086008415877786e-05}, ""k_vector"": [{""real"": -0.0013670850793925382, ""imag"": 0.0}, {""real"": 5.983986006837701, ""imag"": 0.0}, {""real"": -6.68891634028968, ""imag"": -5.2086008415877786e-05}], ""e_vector"": [{""real"": -0.0001702663335861758, ""imag"": -5.894016846993088e-10}, {""real"": 0.7452874535562701, ""imag"": 2.5799209477250923e-06}, {""real"": 0.6667432658572671, ""imag"": -2.8838428707480877e-06}], ""h_vector"": [{""real"": 0.999885114365667, ""imag"": 4.32477042707448e-06}, {""real"": 0.0002284310189552686, ""imag"": 9.880252253089822e-10}, {""real"": -2.4157858908685565e-20, ""imag"": 4.6077459161158685e-26}], ""refractive_index"": {""real"": 0.999885140474, ""imag"": 4.32477054e-06}, ""vertical_sign"": -1, ""electric_tangential_norm_sq"": 0.5554534174256699, ""power_per_unit_amplitude"": 0.547723374185163, ""propagating"": true, ""rayleigh_warning"": false, ""classification"": ""propagating"", ""rayleigh_tolerance"": 1e-06, ""projection_denominator"": 0.8165016385711308, ""traction_vector"": [{""real"": 8.868493683977426e-09, ""imag"": -0.0020503920314340076}, {""real"": -3.8819048577598794e-05, ""imag"": 8.974947799214199}, {""real"": 0.0, ""imag"": 0.0}]}",1.6635988016619263e-05,2.799714058122257e-06,1.663598801658527e-05,2.79971405815625e-06,1.6497305123386963e-05,2.8045120944097438e-06,1.649730512335297e-05,2.804512094443737e-06,1.3868289323229935e-07,-4.7980362874868064e-09,1.3868289323229935e-07,-4.7980362874868064e-09,offline_frozen_validation_only; no solver feedback
V17-GPOLY,32,"{""schema"": ""fullspace-dtn.mode.v1"", ""mode_index"": 32, ""side"": ""bottom"", ""m"": -1, ""n"": -1, ""polarization"": ""s"", ""alpha"": {""real"": 4.486622420048883, ""imag"": 0.0}, ""gamma"": {""real"": -5.983986006837701, ""imag"": 0.0}, ""beta"": {""real"": 4.961030431115042, ""imag"": 7.022713479206063e-05}, ""k_vector"": [{""real"": 4.486622420048883, ""imag"": 0.0}, {""real"": -5.983986006837701, ""imag"": 0.0}, {""real"": -4.961030431115042, ""imag"": -7.022713479206063e-05}], ""e_vector"": [{""real"": 0.8000877286570669, ""imag"": -0.0}, {""real"": 0.5998830106382207, ""imag"": 0.0}, {""real"": 0.0, ""imag"": 0.0}], ""h_vector"": [{""real"": 0.3315557965860328, ""imag"": 4.693422856650971e-06}, {""real"": -0.4422090966226506, ""imag"": -6.259803939121232e-06}, {""real"": 0.8332419593357027, ""imag"": 0.0}], ""refractive_index"": {""real"": 0.999885140474, ""imag"": 4.32477054e-06}, ""vertical_sign"": -1, ""electric_tangential_norm_sq"": 0.9999999999999999, ""power_per_unit_amplitude"": 0.4062350594517862, ""propagating"": true, ""rayleigh_warning"": false, ""classification"": ""propagating"", ""rayleigh_tolerance"": 1e-06, ""projection_denominator"": 1.469963868583197, ""traction_vector"": [{""real"": -5.6187868765873466e-05, ""imag"": 3.9692595694294237}, {""real"": -4.212806504755746e-05, ""imag"": 2.9760378708851216}, {""real"": -0.0, ""imag"": 0.0}]}",1.4314235542478205e-06,-2.85150368823867e-05,1.4314235542549013e-06,-2.8515036882396138e-05,1.3478982120230951e-06,-2.8617351950530372e-05,1.3478982120301759e-06,-2.8617351950539812e-05,8.352534222472541e-08,1.023150681436736e-07,8.352534222472541e-08,1.023150681436736e-07,offline_frozen_validation_only; no solver feedback
V17-GPOLY,33,"{""schema"": ""fullspace-dtn.mode.v1"", ""mode_index"": 33, ""side"": ""bottom"", ""m"": -1, ""n"": -1, ""polarization"": ""p"", ""alpha"": {""real"": 4.486622420048883, ""imag"": 0.0}, ""gamma"": {""real"": -5.983986006837701, ""imag"": 0.0}, ""beta"": {""real"": 4.961030431115042, ""imag"": 7.022713479206063e-05}, ""k_vector"": [{""real"": 4.486622420048883, ""imag"": 0.0}, {""real"": -5.983986006837701, ""imag"": 0.0}, {""real"": -4.961030431115042, ""imag"": -7.022713479206063e-05}], ""e_vector"": [{""real"": 0.3315938833022934, ""imag"": 3.259729809722286e-06}, {""real"": -0.4422598943844885, ""imag"": -4.347630743403933e-06}, {""real"": 0.8333376760551552, ""imag"": -3.604408231896424e-06}], ""h_vector"": [{""real"": -0.7999958309257797, ""imag"": -3.4601958381644716e-06}, {""real"": -0.5998141083344596, ""imag"": -2.594356371744373e-06}, {""real"": 0.0, ""imag"": 3.7746654544821195e-22}], ""refractive_index"": {""real"": 0.999885140474, ""imag"": 4.32477054e-06}, ""vertical_sign"": -1, ""electric_tangential_norm_sq"": 0.3055483176540016, ""power_per_unit_amplitude"": 0.4062350594517864, ""propagating"": true, ""rayleigh_warning"": false, ""classification"": ""propagating"", ""rayleigh_tolerance"": 1e-06, ""projection_denominator"": 0.4491449870577638, ""traction_vector"": [{""real"": -2.3286888337902835e-05, ""imag"": 5.383918846465859}, {""real"": 3.1058645214741376e-05, ""imag"": -7.180745786682548}, {""real"": 0.0, ""imag"": 0.0}]}",-1.0161706157730467e-06,2.106671232340938e-05,-1.0161706157402174e-06,2.1066712323324408e-05,-9.897602625340122e-07,2.110575118169754e-05,-9.89760262501183e-07,2.1105751181612568e-05,-2.6410353239034438e-08,-3.9038858288159865e-08,-2.6410353239034438e-08,-3.9038858288159865e-08,offline_frozen_validation_only; no solver feedback
V17-GPOLY,34,"{""schema"": ""fullspace-dtn.mode.v1"", ""mode_index"": 34, ""side"": ""bottom"", ""m"": -1, ""n"": 0, ""polarization"": ""s"", ""alpha"": {""real"": 4.486622420048883, ""imag"": 0.0}, ""gamma"": {""real"": 0.0, ""imag"": 0.0}, ""beta"": {""real"": 7.773024602145297, ""imag"": 4.482154253021086e-05}, ""k_vector"": [{""real"": 4.486622420048883, ""imag"": 0.0}, {""real"": 0.0, ""imag"": 0.0}, {""real"": -7.773024602145297, ""imag"": -4.482154253021086e-05}], ""e_vector"": [{""real"": -0.0, ""imag"": 0.0}, {""real"": 1.0, ""imag"": 0.0}, {""real"": 0.0, ""imag"": 0.0}], ""h_vector"": [{""real"": 0.865980701744436, ""imag"": 4.993499035480673e-06}, {""real"": 0.0, ""imag"": 0.0}, {""real"": 0.4998476951563912, ""imag"": 0.0}], ""refractive_index"": {""real"": 0.999885140474, ""imag"": 4.32477054e-06}, ""vertical_sign"": -1, ""electric_tangential_norm_sq"": 1.0, ""power_per_unit_amplitude"": 0.6364958157821604, ""propagating"": true, ""rayleigh_warning"": false, ""classification"": ""propagating"", ""rayleigh_tolerance"": 1e-06, ""projection_denominator"": 1.46997693949725, ""traction_vector"": [{""real"": -0.0, ""imag"": 0.0}, {""real"": -4.482154253021086e-05, ""imag"": 7.773024602145297}, {""real"": -0.0, ""imag"": 0.0}]}",9.9298878173991e-05,-7.78591546074416e-05,9.929887817346821e-05,-7.785915460729054e-05,9.926308743385664e-05,-7.780678494999836e-05,9.926308743333385e-05,-7.78067849498473e-05,3.579074013436358e-08,-5.2369657443238006e-08,3.579074013436358e-08,-5.2369657443238006e-08,offline_frozen_validation_only; no solver feedback
V17-GPOLY,35,"{""schema"": ""fullspace-dtn.mode.v1"", ""mode_index"": 35, ""side"": ""bottom"", ""m"": -1, ""n"": 0, ""polarization"": ""p"", ""alpha"": {""real"": 4.486622420048883, ""imag"": 0.0}, ""gamma"": {""real"": 0.0, ""imag"": 0.0}, ""beta"": {""real"": 7.773024602145297, ""imag"": 4.482154253021086e-05}, ""k_vector"": [{""real"": 4.486622420048883, ""imag"": 0.0}, {""real"": 0.0, ""imag"": 0.0}, {""real"": -7.773024602145297, ""imag"": -4.482154253021086e-05}], ""e_vector"": [{""real"": 0.8660801793033087, ""imag"": 1.2480443405020596e-06}, {""real"": 0.0, ""imag"": 0.0}, {""real"": 0.4999051140083646, ""imag"": -2.1622232617976723e-06}], ""h_vector"": [{""real"": 0.0, ""imag"": 0.0}, {""real"": -0.9998851404677681, ""imag"": -4.324770539973044e-06}, {""real"": 0.0, ""imag"": 0.0}], ""refractive_index"": {""real"": 0.999885140474, ""imag"": 4.32477054e-06}, ""vertical_sign"": -1, ""electric_tangential_norm_sq"": 0.750094876983609, ""power_per_unit_amplitude"": 0.6364958157821605, ""propagating"": true, ""rayleigh_warning"": false, ""classification"": ""propagating"", ""rayleigh_tolerance"": 1e-06, ""projection_denominator"": 1.1026221716009317, ""traction_vector"": [{""real"": -3.881904959097394e-05, ""imag"": 8.974948033506111}, {""real"": 0.0, ""imag"": 0.0}, {""real"": 0.0, ""imag"": 0.0}]}",1.345806979345e-08,3.906156402232313e-08,1.345806979345e-08,3.906156402232313e-08,-3.1369553848747296e-17,3.598636189989576e-16,-3.136955384874734e-17,3.5986361899895763e-16,1.3458069824819554e-08,3.906156366245951e-08,1.3458069824819554e-08,3.906156366245951e-08,offline_frozen_validation_only; no solver feedback
V17-GPOLY,36,"{""schema"": ""fullspace-dtn.mode.v1"", ""mode_index"": 36, ""side"": ""bottom"", ""m"": -1, ""n"": 1, ""polarization"": ""s"", ""alpha"": {""real"": 4.486622420048883, ""imag"": 0.0}, ""gamma"": {""real"": 5.983986006837701, ""imag"": 0.0}, ""beta"": {""real"": 4.961030431115042, ""imag"": 7.022713479206063e-05}, ""k_vector"": [{""real"": 4.486622420048883, ""imag"": 0.0}, {""real"": 5.983986006837701, ""imag"": 0.0}, {""real"": -4.961030431115042, ""imag"": -7.022713479206063e-05}], ""e_vector"": [{""real"": -0.8000877286570669, ""imag"": 0.0}, {""real"": 0.5998830106382207, ""imag"": 0.0}, {""real"": 0.0, ""imag"": 0.0}], ""h_vector"": [{""real"": 0.3315557965860328, ""imag"": 4.693422856650971e-06}, {""real"": 0.4422090966226506, ""imag"": 6.259803939121232e-06}, {""real"": 0.8332419593357027, ""imag"": 0.0}], ""refractive_index"": {""real"": 0.999885140474, ""imag"": 4.32477054e-06}, ""vertical_sign"": -1, ""electric_tangential_norm_sq"": 0.9999999999999999, ""power_per_unit_amplitude"": 0.4062350594517862, ""propagating"": true, ""rayleigh_warning"": false, ""classification"": ""propagating"", ""rayleigh_tolerance"": 1e-06, ""projection_denominator"": 1.469963868583197, ""traction_vector"": [{""real"": 5.6187868765873466e-05, ""imag"": -3.9692595694294237}, {""real"": -4.212806504755746e-05, ""imag"": 2.9760378708851216}, {""real"": 0.0, ""imag"": 0.0}]}",1.403226040683005e-06,-2.8679772891111142e-05,1.4032260406782845e-06,-2.8679772891124715e-05,1.3478982117702708e-06,-2.8617351950484697e-05,1.3478982117655503e-06,-2.861735195049827e-05,5.5327828912734185e-08,-6.2420940626445e-08,5.5327828912734185e-08,-6.2420940626445e-08,offline_frozen_validation_only; no solver feedback
V17-GPOLY,37,"{""schema"": ""fullspace-dtn.mode.v1"", ""mode_index"": 37, ""side"": ""bottom"", ""m"": -1, ""n"": 1, ""polarization"": ""p"", ""alpha"": {""real"": 4.486622420048883, ""imag"": 0.0}, ""gamma"": {""real"": 5.983986006837701, ""imag"": 0.0}, ""beta"": {""real"": 4.961030431115042, ""imag"": 7.022713479206063e-05}, ""k_vector"": [{""real"": 4.486622420048883, ""imag"": 0.0}, {""real"": 5.983986006837701, ""imag"": 0.0}, {""real"": -4.961030431115042, ""imag"": -7.022713479206063e-05}], ""e_vector"": [{""real"": 0.3315938833022934, ""imag"": 3.259729809722286e-06}, {""real"": 0.4422598943844885, ""imag"": 4.347630743403933e-06}, {""real"": 0.8333376760551552, ""imag"": -3.604408231896424e-06}], ""h_vector"": [{""real"": 0.7999958309257797, ""imag"": 3.4601958381644716e-06}, {""real"": -0.5998141083344596, ""imag"": -2.594356371744373e-06}, {""real"": 0.0, ""imag"": -3.7746654544821195e-22}], ""refractive_index"": {""real"": 0.999885140474, ""imag"": 4.32477054e-06}, ""vertical_sign"": -1, ""electric_tangential_norm_sq"": 0.3055483176540016, ""power_per_unit_amplitude"": 0.4062350594517864, ""propagating"": true, ""rayleigh_warning"": false, ""classification"": ""propagating"", ""rayleigh_tolerance"": 1e-06, ""projection_denominator"": 0.4491449870577638, ""traction_vector"": [{""real"": -2.3286888337902835e-05, ""imag"": 5.383918846465859}, {""real"": -3.1058645214741376e-05, ""imag"": 7.180745786682548}, {""real"": -0.0, ""imag"": 0.0}]}",1.0133532780378666e-06,-2.1163828608088485e-05,1.0133532779992438e-06,-2.116382860809428e-05,9.897602624415658e-07,-2.110575118164611e-05,9.89760262402943e-07,-2.1105751181651904e-05,2.3593015596300865e-08,-5.807742644237522e-08,2.3593015596300865e-08,-5.807742644237522e-08,offline_frozen_validation_only; no solver feedback
V17-GPOLY,38,"{""schema"": ""fullspace-dtn.mode.v1"", ""mode_index"": 38, ""side"": ""bottom"", ""m"": 0, ""n"": 0, ""polarization"": ""s"", ""alpha"": {""real"": 8.97461192517716, ""imag"": 0.0}, ""gamma"": {""real"": 0.0, ""imag"": 0.0}, ""beta"": {""real"": 0.07780134385941416, ""imag"": 0.004478058289365571}, ""k_vector"": [{""real"": 8.97461192517716, ""imag"": 0.0}, {""real"": 0.0, ""imag"": 0.0}, {""real"": -0.07780134385941416, ""imag"": -0.004478058289365571}], ""e_vector"": [{""real"": -0.0, ""imag"": 0.0}, {""real"": 1.0, ""imag"": 0.0}, {""real"": 0.0, ""imag"": 0.0}], ""h_vector"": [{""real"": 0.008667727918092628, ""imag"": 0.0004988935785443173}, {""real"": 0.0, ""imag"": 0.0}, {""real"": 0.9998476951563912, ""imag"": 0.0}], ""refractive_index"": {""real"": 0.999885140474, ""imag"": 4.32477054e-06}, ""vertical_sign"": -1, ""electric_tangential_norm_sq"": 1.0, ""power_per_unit_amplitude"": 0.006370780019798082, ""propagating"": true, ""rayleigh_warning"": false, ""classification"": ""propagating"", ""rayleigh_tolerance"": 1e-06, ""projection_denominator"": 1.467697843589745, ""traction_vector"": [{""real"": -0.0, ""imag"": 0.0}, {""real"": -0.004478058289365571, ""imag"": 0.07780134385941416}, {""real"": -0.0, ""imag"": 0.0}]}",1.319725073311041,-0.1643915928222064,-0.015871853371122263,-0.1388817420235446,1.3197240512671184,-0.16439467913781666,-0.01587287541504481,-0.1388848283391549,1.022043922604965e-06,3.0863156102733935e-06,1.0220439225459843e-06,3.0863156102733935e-06,offline_frozen_validation_only; no solver feedback
V17-GPOLY,39,"{""schema"": ""fullspace-dtn.mode.v1"", ""mode_index"": 39, ""side"": ""bottom"", ""m"": 0, ""n"": 0, ""polarization"": ""p"", ""alpha"": {""real"": 8.97461192517716, ""imag"": 0.0}, ""gamma"": {""real"": 0.0, ""imag"": 0.0}, ""beta"": {""real"": 0.07780134385941416, ""imag"": 0.004478058289365571}, ""k_vector"": [{""real"": 8.97461192517716, ""imag"": 0.0}, {""real"": 0.0, ""imag"": 0.0}, {""real"": -0.07780134385941416, ""imag"": -0.004478058289365571}], ""e_vector"": [{""real"": 0.00866872360357703, ""imag"": 0.0004989132690542871}, {""real"": 0.0, ""imag"": 0.0}, {""real"": 0.9999623014383734, ""imag"": -4.325104281798984e-06}], ""h_vector"": [{""real"": 0.0, ""imag"": 0.0}, {""real"": -0.999884891569405, ""imag"": -4.324769463421086e-06}, {""real"": 0.0, ""imag"": 0.0}], ""refractive_index"": {""real"": 0.999885140474, ""imag"": 4.32477054e-06}, ""vertical_sign"": -1, ""electric_tangential_norm_sq"": 7.539568336525196e-05, ""power_per_unit_amplitude"": 0.0063707800197980845, ""propagating"": true, ""rayleigh_warning"": false, ""classification"": ""propagating"", ""rayleigh_tolerance"": 1e-06, ""projection_denominator"": 0.00011065808189115553, ""traction_vector"": [{""real"": -3.881903992786616e-05, ""imag"": 8.974945799399627}, {""real"": 0.0, ""imag"": 0.0}, {""real"": 0.0, ""imag"": 0.0}]}",2.0199613340727807e-06,2.9245839047361683e-07,2.0199613187136975e-06,2.924583916522356e-07,-3.7037259666544526e-14,2.295610468684518e-15,-5.239634310392418e-14,3.4742292575236597e-15,2.0199613711100405e-06,2.9245838817800634e-07,2.0199613711100405e-06,2.9245838817800634e-07,offline_frozen_validation_only; no solver feedback
GPOLY-G64-FINAL,0,"{""schema"": ""fullspace-dtn.mode.v1"", ""mode_index"": 0, ""side"": ""top"", ""m"": -3, ""n"": -1, ""polarization"": ""s"", ""alpha"": {""real"": -4.489356590207668, ""imag"": 0.0}, ""gamma"": {""real"": -5.983986006837701, ""imag"": 0.0}, ""beta"": {""real"": 4.960422166357995, ""imag"": 0.0}, ""k_vector"": [{""real"": -4.489356590207668, ""imag"": 0.0}, {""real"": -5.983986006837701, ""imag"": 0.0}, {""real"": 4.960422166357995, ""imag"": 0.0}], ""e_vector"": [{""real"": 0.7999122734807461, ""imag"": -0.0}, {""real"": -0.6001169508811294, ""imag"": 0.0}, {""real"": 0.0, ""imag"": 0.0}], ""h_vector"": [{""real"": 0.33164442810710654, ""imag"": 0.0}, {""real"": 0.44205791568604624, ""imag"": 0.0}, {""real"": 0.8334247251460797, ""imag"": -0.0}], ""refractive_index"": {""real"": 1.0, ""imag"": 0.0}, ""vertical_sign"": 1, ""electric_tangential_norm_sq"": 0.9999999999999998, ""power_per_unit_amplitude"": 0.4061852515594194, ""propagating"": true, ""rayleigh_warning"": false, ""classification"": ""propagating"", ""rayleigh_tolerance"": 1e-06, ""projection_denominator"": 1.4699999999999998, ""traction_vector"": [{""real"": 0.0, ""imag"": 3.9679025725157118}, {""real"": 0.0, ""imag"": -2.9768334255579263}, {""real"": 0.0, ""imag"": 0.0}]}",-3.976947668752289e-06,-8.493506519548093e-06,-3.9769476687735305e-06,-8.493506519577595e-06,-4.134544516790736e-06,-8.530477664715285e-06,-4.134544516811978e-06,-8.530477664744787e-06,1.5759684803844723e-07,3.697114516719209e-08,1.5759684803844723e-07,3.697114516719209e-08,offline_frozen_validation_only; no solver feedback
GPOLY-G64-FINAL,1,"{""schema"": ""fullspace-dtn.mode.v1"", ""mode_index"": 1, ""side"": ""top"", ""m"": -3, ""n"": -1, ""polarization"": ""p"", ""alpha"": {""real"": -4.489356590207668, ""imag"": 0.0}, ""gamma"": {""real"": -5.983986006837701, ""imag"": 0.0}, ""beta"": {""real"": 4.960422166357995, ""imag"": 0.0}, ""k_vector"": [{""real"": -4.489356590207668, ""imag"": 0.0}, {""real"": -5.983986006837701, ""imag"": 0.0}, {""real"": 4.960422166357995, ""imag"": 0.0}], ""e_vector"": [{""real"": 0.3316444281071066, ""imag"": 0.0}, {""real"": 0.44205791568604635, ""imag"": 0.0}, {""real"": 0.8334247251460798, ""imag"": -0.0}], ""h_vector"": [{""real"": -0.7999122734807462, ""imag"": 0.0}, {""real"": 0.6001169508811294, ""imag"": 0.0}, {""real"": -2.4737647522494018e-17, ""imag"": 0.0}], ""refractive_index"": {""real"": 1.0, ""imag"": 0.0}, ""vertical_sign"": 1, ""electric_tangential_norm_sq"": 0.30540322751518145, ""power_per_unit_amplitude"": 0.4061852515594195, ""propagating"": true, ""rayleigh_warning"": false, ""classification"": ""propagating"", ""rayleigh_tolerance"": 1e-06, ""projection_denominator"": 0.44894274444731674, ""traction_vector"": [{""real"": 0.0, ""imag"": 5.38663715480818}, {""real"": 0.0, ""imag"": 7.179995776809777}, {""real"": 0.0, ""imag"": -0.0}]}",3.0173677466554203e-06,6.443599321672932e-06,3.017367746632236e-06,6.443599321713504e-06,3.0469597078748646e-06,6.279864279230611e-06,3.0469597078516805e-06,6.279864279271183e-06,-2.9591961219444275e-08,1.637350424423211e-07,-2.9591961219444275e-08,1.637350424423211e-07,offline_frozen_validation_only; no solver feedback
GPOLY-G64-FINAL,2,"{""schema"": ""fullspace-dtn.mode.v1"", ""mode_index"": 2, ""side"": ""top"", ""m"": -3, ""n"": 0, ""polarization"": ""s"", ""alpha"": {""real"": -4.489356590207668, ""imag"": 0.0}, ""gamma"": {""real"": 0.0, ""imag"": 0.0}, ""beta"": {""real"": 7.772636399480241, ""imag"": 0.0}, ""k_vector"": [{""real"": -4.489356590207668, ""imag"": 0.0}, {""real"": 0.0, ""imag"": 0.0}, {""real"": 7.772636399480241, ""imag"": 0.0}], ""e_vector"": [{""real"": -0.0, ""imag"": 0.0}, {""real"": -1.0, ""imag"": 0.0}, {""real"": 0.0, ""imag"": 0.0}], ""h_vector"": [{""real"": 0.8659374526832905, ""imag"": 0.0}, {""real"": 0.0, ""imag"": 0.0}, {""real"": 0.5001523048436087, ""imag"": -0.0}], ""refractive_index"": {""real"": 1.0, ""imag"": 0.0}, ""vertical_sign"": 1, ""electric_tangential_norm_sq"": 1.0, ""power_per_unit_amplitude"": 0.6364640277222186, ""propagating"": true, ""rayleigh_warning"": false, ""classification"": ""propagating"", ""rayleigh_tolerance"": 1e-06, ""projection_denominator"": 1.47, ""traction_vector"": [{""real"": 0.0, ""imag"": 0.0}, {""real"": 0.0, ""imag"": -7.772636399480241}, {""real"": 0.0, ""imag"": 0.0}]}",-4.156962267053302e-05,-1.1564596955909473e-05,-4.156962267077612e-05,-1.15645969560145e-05,-4.174435527054871e-05,-1.1429406449091863e-05,-4.174435527079181e-05,-1.142940644919689e-05,1.7473260001568778e-07,-1.3519050681760963e-07,1.7473260001568778e-07,-1.3519050681760963e-07,offline_frozen_validation_only; no solver feedback
GPOLY-G64-FINAL,3,"{""schema"": ""fullspace-dtn.mode.v1"", ""mode_index"": 3, ""side"": ""top"", ""m"": -3, ""n"": 0, ""polarization"": ""p"", ""alpha"": {""real"": -4.489356590207668, ""imag"": 0.0}, ""gamma"": {""real"": 0.0, ""imag"": 0.0}, ""beta"": {""real"": 7.772636399480241, ""imag"": 0.0}, ""k_vector"": [{""real"": -4.489356590207668, ""imag"": 0.0}, {""real"": 0.0, ""imag"": 0.0}, {""real"": 7.772636399480241, ""imag"": 0.0}], ""e_vector"": [{""real"": 0.8659374526832905, ""imag"": 0.0}, {""real"": 0.0, ""imag"": 0.0}, {""real"": 0.5001523048436087, ""imag"": -0.0}], ""h_vector"": [{""real"": 0.0, ""imag"": 0.0}, {""real"": 1.0, ""imag"": 0.0}, {""real"": 0.0, ""imag"": 0.0}], ""refractive_index"": {""real"": 1.0, ""imag"": 0.0}, ""vertical_sign"": 1, ""electric_tangential_norm_sq"": 0.749847671959626, ""power_per_unit_amplitude"": 0.6364640277222186, ""propagating"": true, ""rayleigh_warning"": false, ""classification"": ""propagating"", ""rayleigh_tolerance"": 1e-06, ""projection_denominator"": 1.1022760777806502, ""traction_vector"": [{""real"": 0.0, ""imag"": 8.975979010256552}, {""real"": -0.0, ""imag"": 0.0}, {""real"": 0.0, ""imag"": 0.0}]}",3.4447939316133215e-09,-1.537369040132057e-08,3.4447939316133215e-09,-1.537369040132057e-08,2.335674126355448e-16,-1.0674968189333025e-16,2.3356741263554483e-16,-1.0674968189333019e-16,3.4447936980459086e-09,-1.5373690294570887e-08,3.4447936980459086e-09,-1.5373690294570887e-08,offline_frozen_validation_only; no solver feedback
GPOLY-G64-FINAL,4,"{""schema"": ""fullspace-dtn.mode.v1"", ""mode_index"": 4, ""side"": ""top"", ""m"": -3, ""n"": 1, ""polarization"": ""s"", ""alpha"": {""real"": -4.489356590207668, ""imag"": 0.0}, ""gamma"": {""real"": 5.983986006837701, ""imag"": 0.0}, ""beta"": {""real"": 4.960422166357995, ""imag"": 0.0}, ""k_vector"": [{""real"": -4.489356590207668, ""imag"": 0.0}, {""real"": 5.983986006837701, ""imag"": 0.0}, {""real"": 4.960422166357995, ""imag"": 0.0}], ""e_vector"": [{""real"": -0.7999122734807461, ""imag"": 0.0}, {""real"": -0.6001169508811294, ""imag"": 0.0}, {""real"": 0.0, ""imag"": 0.0}], ""h_vector"": [{""real"": 0.33164442810710654, ""imag"": 0.0}, {""real"": -0.44205791568604624, ""imag"": 0.0}, {""real"": 0.8334247251460797, ""imag"": -0.0}], ""refractive_index"": {""real"": 1.0, ""imag"": 0.0}, ""vertical_sign"": 1, ""electric_tangential_norm_sq"": 0.9999999999999998, ""power_per_unit_amplitude"": 0.4061852515594194, ""propagating"": true, ""rayleigh_warning"": false, ""classification"": ""propagating"", ""rayleigh_tolerance"": 1e-06, ""projection_denominator"": 1.4699999999999998, ""traction_vector"": [{""real"": 0.0, ""imag"": -3.9679025725157118}, {""real"": 0.0, ""imag"": -2.9768334255579263}, {""real"": 0.0, ""imag"": 0.0}]}",-4.093618250614369e-06,-8.485373574561501e-06,-4.09361825061909e-06,-8.48537357455442e-06,-4.134544517190177e-06,-8.530477664672137e-06,-4.134544517194898e-06,-8.530477664665056e-06,4.092626657580801e-08,4.510409011063607e-08,4.092626657580801e-08,4.510409011063607e-08,offline_frozen_validation_only; no solver feedback
GPOLY-G64-FINAL,5,"{""schema"": ""fullspace-dtn.mode.v1"", ""mode_index"": 5, ""side"": ""top"", ""m"": -3, ""n"": 1, ""polarization"": ""p"", ""alpha"": {""real"": -4.489356590207668, ""imag"": 0.0}, ""gamma"": {""real"": 5.983986006837701, ""imag"": 0.0}, ""beta"": {""real"": 4.960422166357995, ""imag"": 0.0}, ""k_vector"": [{""real"": -4.489356590207668, ""imag"": 0.0}, {""real"": 5.983986006837701, ""imag"": 0.0}, {""real"": 4.960422166357995, ""imag"": 0.0}], ""e_vector"": [{""real"": 0.3316444281071066, ""imag"": 0.0}, {""real"": -0.44205791568604635, ""imag"": 0.0}, {""real"": 0.8334247251460798, ""imag"": -0.0}], ""h_vector"": [{""real"": 0.7999122734807462, ""imag"": 0.0}, {""real"": 0.6001169508811294, ""imag"": 0.0}, {""real"": 2.4737647522494018e-17, ""imag"": -0.0}], ""refractive_index"": {""real"": 1.0, ""imag"": 0.0}, ""vertical_sign"": 1, ""electric_tangential_norm_sq"": 0.30540322751518145, ""power_per_unit_amplitude"": 0.4061852515594195, ""propagating"": true, ""rayleigh_warning"": false, ""classification"": ""propagating"", ""rayleigh_tolerance"": 1e-06, ""projection_denominator"": 0.44894274444731674, ""traction_vector"": [{""real"": 0.0, ""imag"": 5.38663715480818}, {""real"": 0.0, ""imag"": -7.179995776809777}, {""real"": 0.0, ""imag"": 0.0}]}",-3.1787509748276577e-06,-6.364360782447361e-06,-3.1787509748044736e-06,-6.364360782428041e-06,-3.0469597082596497e-06,-6.279864279523739e-06,-3.0469597082364655e-06,-6.279864279504419e-06,-1.3179126656800804e-07,-8.449650292362253e-08,-1.3179126656800804e-07,-8.449650292362253e-08,offline_frozen_validation_only; no solver feedback
GPOLY-G64-FINAL,6,"{""schema"": ""fullspace-dtn.mode.v1"", ""mode_index"": 6, ""side"": ""top"", ""m"": -2, ""n"": -1, ""polarization"": ""s"", ""alpha"": {""real"": -0.0013670850793925382, ""imag"": 0.0}, ""gamma"": {""real"": -5.983986006837701, ""imag"": 0.0}, ""beta"": {""real"": 6.690299604174327, ""imag"": 0.0}, ""k_vector"": [{""real"": -0.0013670850793925382, ""imag"": 0.0}, {""real"": -5.983986006837701, ""imag"": 0.0}, {""real"": 6.690299604174327, ""imag"": 0.0}], ""e_vector"": [{""real"": 0.9999999739036398, ""imag"": -0.0}, {""real"": -0.00022845725945122052, ""imag"": 0.0}, {""real"": 0.0, ""imag"": 0.0}], ""h_vector"": [{""real"": 0.00017028198380708622, ""imag"": 0.0}, {""real"": 0.7453559574879883, ""imag"": 0.0}, {""real"": 0.6666666840642403, ""imag"": -0.0}], ""refractive_index"": {""real"": 1.0, ""imag"": 0.0}, ""vertical_sign"": 1, ""electric_tangential_norm_sq"": 0.9999999999999997, ""power_per_unit_amplitude"": 0.5478366430502136, ""propagating"": true, ""rayleigh_warning"": false, ""classification"": ""propagating"", ""rayleigh_tolerance"": 1e-06, ""projection_denominator"": 1.4699999999999995, ""traction_vector"": [{""real"": 0.0, ""imag"": 6.6902994295818585}, {""real"": 0.0, ""imag"": -0.001528447512477252}, {""real"": 0.0, ""imag"": 0.0}]}",-5.377990244870826e-08,-2.8136551079911876e-08,-5.3779902448703645e-08,-2.8136551079913315e-08,-7.195797395900892e-09,4.3342190942694065e-09,-7.195797395896282e-09,4.334219094267966e-09,-4.658410505280737e-08,-3.247077017418128e-08,-4.658410505280736e-08,-3.247077017418128e-08,offline_frozen_validation_only; no solver feedback
GPOLY-G64-FINAL,7,"{""schema"": ""fullspace-dtn.mode.v1"", ""mode_index"": 7, ""side"": ""top"", ""m"": -2, ""n"": -1, ""polarization"": ""p"", ""alpha"": {""real"": -0.0013670850793925382, ""imag"": 0.0}, ""gamma"": {""real"": -5.983986006837701, ""imag"": 0.0}, ""beta"": {""real"": 6.690299604174327, ""imag"": 0.0}, ""k_vector"": [{""real"": -0.0013670850793925382, ""imag"": 0.0}, {""real"": -5.983986006837701, ""imag"": 0.0}, {""real"": 6.690299604174327, ""imag"": 0.0}], ""e_vector"": [{""real"": 0.00017028198380708627, ""imag"": 0.0}, {""real"": 0.7453559574879884, ""imag"": 0.0}, {""real"": 0.6666666840642405, ""imag"": -0.0}], ""h_vector"": [{""real"": -0.9999999739036399, ""imag"": 0.0}, {""real"": 0.00022845725945122054, ""imag"": 0.0}, {""real"": 2.4157858908685565e-20, ""imag"": 0.0}], ""refractive_index"": {""real"": 1.0, ""imag"": 0.0}, ""vertical_sign"": 1, ""electric_tangential_norm_sq"": 0.5555555323587901, ""power_per_unit_amplitude"": 0.5478366430502138, ""propagating"": true, ""rayleigh_warning"": false, ""classification"": ""propagating"", ""rayleigh_tolerance"": 1e-06, ""projection_denominator"": 0.8166666325674213, ""traction_vector"": [{""real"": 0.0, ""imag"": 0.002050627565574891}, {""real"": 0.0, ""imag"": 8.975978776016172}, {""real"": 0.0, ""imag"": -0.0}]}",1.3905800185034246e-05,-8.993103684498292e-06,1.3905800184974769e-05,-8.993103684498292e-06,1.3884985056625193e-05,-8.98399558006467e-06,1.3884985056565716e-05,-8.98399558006467e-06,2.0815128409052227e-08,-9.108104433622647e-09,2.0815128409052227e-08,-9.108104433622647e-09,offline_frozen_validation_only; no solver feedback
GPOLY-G64-FINAL,8,"{""schema"": ""fullspace-dtn.mode.v1"", ""mode_index"": 8, ""side"": ""top"", ""m"": -2, ""n"": 0, ""polarization"": ""s"", ""alpha"": {""real"": -0.0013670850793925382, ""imag"": 0.0}, ""gamma"": {""real"": 0.0, ""imag"": 0.0}, ""beta"": {""real"": 8.975978906149711, ""imag"": 0.0}, ""k_vector"": [{""real"": -0.0013670850793925382, ""imag"": 0.0}, {""real"": 0.0, ""imag"": 0.0}, {""real"": 8.975978906149711, ""imag"": 0.0}], ""e_vector"": [{""real"": -0.0, ""imag"": 0.0}, {""real"": -1.0, ""imag"": 0.0}, {""real"": 0.0, ""imag"": 0.0}], ""h_vector"": [{""real"": 0.9999999884016172, ""imag"": 0.0}, {""real"": 0.0, ""imag"": 0.0}, {""real"": 0.00015230484360874904, ""imag"": -0.0}], ""refractive_index"": {""real"": 1.0, ""imag"": 0.0}, ""vertical_sign"": 1, ""electric_tangential_norm_sq"": 1.0, ""power_per_unit_amplitude"": 0.7349999914751887, ""propagating"": true, ""rayleigh_warning"": false, ""classification"": ""propagating"", ""rayleigh_tolerance"": 1e-06, ""projection_denominator"": 1.47, ""traction_vector"": [{""real"": 0.0, ""imag"": 0.0}, {""real"": 0.0, ""imag"": -8.975978906149711}, {""real"": 0.0, ""imag"": 0.0}]}",3.2361357020334683e-06,1.5735682996429637e-05,3.2361357023562027e-06,1.5735682996307498e-05,3.266661606981309e-06,1.579199203088943e-05,3.2666616073040435e-06,1.579199203076729e-05,-3.052590494784079e-08,-5.6309034459793355e-08,-3.052590494784079e-08,-5.6309034459793355e-08,offline_frozen_validation_only; no solver feedback
GPOLY-G64-FINAL,9,"{""schema"": ""fullspace-dtn.mode.v1"", ""mode_index"": 9, ""side"": ""top"", ""m"": -2, ""n"": 0, ""polarization"": ""p"", ""alpha"": {""real"": -0.0013670850793925382, ""imag"": 0.0}, ""gamma"": {""real"": 0.0, ""imag"": 0.0}, ""beta"": {""real"": 8.975978906149711, ""imag"": 0.0}, ""k_vector"": [{""real"": -0.0013670850793925382, ""imag"": 0.0}, {""real"": 0.0, ""imag"": 0.0}, {""real"": 8.975978906149711, ""imag"": 0.0}], ""e_vector"": [{""real"": 0.9999999884016174, ""imag"": 0.0}, {""real"": 0.0, ""imag"": 0.0}, {""real"": 0.00015230484360874907, ""imag"": -0.0}], ""h_vector"": [{""real"": 0.0, ""imag"": 0.0}, {""real"": 1.0000000000000002, ""imag"": 0.0}, {""real"": 0.0, ""imag"": 0.0}], ""refractive_index"": {""real"": 1.0, ""imag"": 0.0}, ""vertical_sign"": 1, ""electric_tangential_norm_sq"": 0.9999999768032349, ""power_per_unit_amplitude"": 0.7349999914751889, ""propagating"": true, ""rayleigh_warning"": false, ""classification"": ""propagating"", ""rayleigh_tolerance"": 1e-06, ""projection_denominator"": 1.4699999659007554, ""traction_vector"": [{""real"": 0.0, ""imag"": 8.975979010256554}, {""real"": -0.0, ""imag"": 0.0}, {""real"": 0.0, ""imag"": 0.0}]}",-8.665673038363019e-08,3.616343815275751e-08,-8.665673038363019e-08,3.616343815275751e-08,-2.0122553573612502e-16,1.8658087211231932e-16,-2.01225535736125e-16,1.865808721123193e-16,-8.665673018240465e-08,3.616343796617664e-08,-8.665673018240465e-08,3.616343796617664e-08,offline_frozen_validation_only; no solver feedback
GPOLY-G64-FINAL,10,"{""schema"": ""fullspace-dtn.mode.v1"", ""mode_index"": 10, ""side"": ""top"", ""m"": -2, ""n"": 1, ""polarization"": ""s"", ""alpha"": {""real"": -0.0013670850793925382, ""imag"": 0.0}, ""gamma"": {""real"": 5.983986006837701, ""imag"": 0.0}, ""beta"": {""real"": 6.690299604174327, ""imag"": 0.0}, ""k_vector"": [{""real"": -0.0013670850793925382, ""imag"": 0.0}, {""real"": 5.983986006837701, ""imag"": 0.0}, {""real"": 6.690299604174327, ""imag"": 0.0}], ""e_vector"": [{""real"": -0.9999999739036398, ""imag"": 0.0}, {""real"": -0.00022845725945122052, ""imag"": 0.0}, {""real"": 0.0, ""imag"": 0.0}], ""h_vector"": [{""real"": 0.00017028198380708622, ""imag"": 0.0}, {""real"": -0.7453559574879883, ""imag"": 0.0}, {""real"": 0.6666666840642403, ""imag"": -0.0}], ""refractive_index"": {""real"": 1.0, ""imag"": 0.0}, ""vertical_sign"": 1, ""electric_tangential_norm_sq"": 0.9999999999999997, ""power_per_unit_amplitude"": 0.5478366430502136, ""propagating"": true, ""rayleigh_warning"": false, ""classification"": ""propagating"", ""rayleigh_tolerance"": 1e-06, ""projection_denominator"": 1.4699999999999995, ""traction_vector"": [{""real"": 0.0, ""imag"": -6.6902994295818585}, {""real"": 0.0, ""imag"": -0.001528447512477252}, {""real"": 0.0, ""imag"": 0.0}]}",4.628709856696175e-08,-3.975257640503773e-08,4.628709856696175e-08,-3.975257640503658e-08,-7.195797779243505e-09,4.334218822436149e-09,-7.195797779243505e-09,4.334218822437301e-09,5.348289634620525e-08,-4.408679522747388e-08,5.348289634620525e-08,-4.408679522747388e-08,offline_frozen_validation_only; no solver feedback
GPOLY-G64-FINAL,11,"{""schema"": ""fullspace-dtn.mode.v1"", ""mode_index"": 11, ""side"": ""top"", ""m"": -2, ""n"": 1, ""polarization"": ""p"", ""alpha"": {""real"": -0.0013670850793925382, ""imag"": 0.0}, ""gamma"": {""real"": 5.983986006837701, ""imag"": 0.0}, ""beta"": {""real"": 6.690299604174327, ""imag"": 0.0}, ""k_vector"": [{""real"": -0.0013670850793925382, ""imag"": 0.0}, {""real"": 5.983986006837701, ""imag"": 0.0}, {""real"": 6.690299604174327, ""imag"": 0.0}], ""e_vector"": [{""real"": 0.00017028198380708627, ""imag"": 0.0}, {""real"": -0.7453559574879884, ""imag"": 0.0}, {""real"": 0.6666666840642405, ""imag"": -0.0}], ""h_vector"": [{""real"": 0.9999999739036399, ""imag"": 0.0}, {""real"": 0.00022845725945122054, ""imag"": 0.0}, {""real"": -2.4157858908685565e-20, ""imag"": 0.0}], ""refractive_index"": {""real"": 1.0, ""imag"": 0.0}, ""vertical_sign"": 1, ""electric_tangential_norm_sq"": 0.5555555323587901, ""power_per_unit_amplitude"": 0.5478366430502138, ""propagating"": true, ""rayleigh_warning"": false, ""classification"": ""propagating"", ""rayleigh_tolerance"": 1e-06, ""projection_denominator"": 0.8166666325674213, ""traction_vector"": [{""real"": 0.0, ""imag"": 0.002050627565574891}, {""real"": 0.0, ""imag"": -8.975978776016172}, {""real"": 0.0, ""imag"": 0.0}]}",-1.392047139989539e-05,8.857327142523486e-06,-1.3920471399959114e-05,8.857327142523486e-06,-1.3884985056452473e-05,8.983995580305071e-06,-1.3884985056516197e-05,8.983995580305071e-06,-3.548634344291695e-08,-1.26668437781585e-07,-3.548634344291695e-08,-1.26668437781585e-07,offline_frozen_validation_only; no solver feedback
GPOLY-G64-FINAL,12,"{""schema"": ""fullspace-dtn.mode.v1"", ""mode_index"": 12, ""side"": ""top"", ""m"": -1, ""n"": -1, ""polarization"": ""s"", ""alpha"": {""real"": 4.486622420048883, ""imag"": 0.0}, ""gamma"": {""real"": -5.983986006837701, ""imag"": 0.0}, ""beta"": {""real"": 4.962895316491319, ""imag"": 0.0}, ""k_vector"": [{""real"": 4.486622420048883, ""imag"": 0.0}, {""real"": -5.983986006837701, ""imag"": 0.0}, {""real"": 4.962895316491319, ""imag"": 0.0}], ""e_vector"": [{""real"": 0.8000877286570669, ""imag"": -0.0}, {""real"": 0.5998830106382207, ""imag"": 0.0}, {""real"": 0.0, ""imag"": 0.0}], ""h_vector"": [{""real"": -0.33168043068474645, ""imag"": 0.0}, {""real"": 0.4423753260560312, ""imag"": 0.0}, {""real"": 0.8332419593357027, ""imag"": 0.0}], ""refractive_index"": {""real"": 1.0, ""imag"": 0.0}, ""vertical_sign"": 1, ""electric_tangential_norm_sq"": 0.9999999999999999, ""power_per_unit_amplitude"": 0.4063877659977793, ""propagating"": true, ""rayleigh_warning"": false, ""classification"": ""propagating"", ""rayleigh_tolerance"": 1e-06, ""projection_denominator"": 1.4699999999999998, ""traction_vector"": [{""real"": 0.0, ""imag"": 3.9707516413343344}, {""real"": 0.0, ""imag"": 2.9771565839391374}, {""real"": 0.0, ""imag"": -0.0}]}",2.553965600544387e-05,-1.2380279990392653e-05,2.5539656005410828e-05,-1.2380279990392653e-05,2.555102944959861e-05,-1.2421186840752343e-05,2.555102944956557e-05,-1.2421186840752343e-05,-1.1373444154740453e-08,4.090685035968912e-08,-1.1373444154740453e-08,4.090685035968912e-08,offline_frozen_validation_only; no solver feedback
GPOLY-G64-FINAL,13,"{""schema"": ""fullspace-dtn.mode.v1"", ""mode_index"": 13, ""side"": ""top"", ""m"": -1, ""n"": -1, ""polarization"": ""p"", ""alpha"": {""real"": 4.486622420048883, ""imag"": 0.0}, ""gamma"": {""real"": -5.983986006837701, ""imag"": 0.0}, ""beta"": {""real"": 4.962895316491319, ""imag"": 0.0}, ""k_vector"": [{""real"": 4.486622420048883, ""imag"": 0.0}, {""real"": -5.983986006837701, ""imag"": 0.0}, {""real"": 4.962895316491319, ""imag"": 0.0}], ""e_vector"": [{""real"": -0.3316804306847465, ""imag"": 0.0}, {""real"": 0.4423753260560313, ""imag"": 0.0}, {""real"": 0.833241959335703, ""imag"": 0.0}], ""h_vector"": [{""real"": -0.8000877286570669, ""imag"": 0.0}, {""real"": -0.5998830106382207, ""imag"": 0.0}, {""real"": -2.4737647522494018e-17, ""imag"": 0.0}], ""refractive_index"": {""real"": 1.0, ""imag"": 0.0}, ""vertical_sign"": 1, ""electric_tangential_norm_sq"": 0.3057078372023989, ""power_per_unit_amplitude"": 0.4063877659977795, ""propagating"": true, ""rayleigh_warning"": false, ""classification"": ""propagating"", ""rayleigh_tolerance"": 1e-06, ""projection_denominator"": 0.4493905206875264, ""traction_vector"": [{""real"": 0.0, ""imag"": -5.384537312098177}, {""real"": 0.0, ""imag"": 7.181570658789672}, {""real"": 0.0, ""imag"": 0.0}]}",1.8772538086591312e-05,-9.093302673643072e-06,1.8772538086498667e-05,-9.093302673670093e-06,1.8842193182604635e-05,-9.15911227089638e-06,1.884219318251199e-05,-9.1591122709234e-06,-6.965509601332309e-08,6.580959725330716e-08,-6.965509601332309e-08,6.580959725330716e-08,offline_frozen_validation_only; no solver feedback
GPOLY-G64-FINAL,14,"{""schema"": ""fullspace-dtn.mode.v1"", ""mode_index"": 14, ""side"": ""top"", ""m"": -1, ""n"": 0, ""polarization"": ""s"", ""alpha"": {""real"": 4.486622420048883, ""imag"": 0.0}, ""gamma"": {""real"": 0.0, ""imag"": 0.0}, ""beta"": {""real"": 7.774214973389975, ""imag"": 0.0}, ""k_vector"": [{""real"": 4.486622420048883, ""imag"": 0.0}, {""real"": 0.0, ""imag"": 0.0}, {""real"": 7.774214973389975, ""imag"": 0.0}], ""e_vector"": [{""real"": -0.0, ""imag"": 0.0}, {""real"": 1.0, ""imag"": 0.0}, {""real"": 0.0, ""imag"": 0.0}], ""h_vector"": [{""real"": -0.8661133191718294, ""imag"": 0.0}, {""real"": 0.0, ""imag"": 0.0}, {""real"": 0.4998476951563912, ""imag"": 0.0}], ""refractive_index"": {""real"": 1.0, ""imag"": 0.0}, ""vertical_sign"": 1, ""electric_tangential_norm_sq"": 1.0, ""power_per_unit_amplitude"": 0.6365932895912946, ""propagating"": true, ""rayleigh_warning"": false, ""classification"": ""propagating"", ""rayleigh_tolerance"": 1e-06, ""projection_denominator"": 1.47, ""traction_vector"": [{""real"": -0.0, ""imag"": 0.0}, {""real"": 0.0, ""imag"": 7.774214973389975}, {""real"": 0.0, ""imag"": -0.0}]}",-0.00010775530954800458,-7.262482522327267e-05,-0.00010775530954761279,-7.262482522272098e-05,-0.0001077984191275123,-7.256319276933049e-05,-0.00010779841912712052,-7.256319276877881e-05,4.310957950772571e-08,-6.163245394217535e-08,4.310957950772571e-08,-6.163245394217535e-08,offline_frozen_validation_only; no solver feedback
GPOLY-G64-FINAL,15,"{""schema"": ""fullspace-dtn.mode.v1"", ""mode_index"": 15, ""side"": ""top"", ""m"": -1, ""n"": 0, ""polarization"": ""p"", ""alpha"": {""real"": 4.486622420048883, ""imag"": 0.0}, ""gamma"": {""real"": 0.0, ""imag"": 0.0}, ""beta"": {""real"": 7.774214973389975, ""imag"": 0.0}, ""k_vector"": [{""real"": 4.486622420048883, ""imag"": 0.0}, {""real"": 0.0, ""imag"": 0.0}, {""real"": 7.774214973389975, ""imag"": 0.0}], ""e_vector"": [{""real"": -0.8661133191718294, ""imag"": 0.0}, {""real"": 0.0, ""imag"": 0.0}, {""real"": 0.4998476951563912, ""imag"": 0.0}], ""h_vector"": [{""real"": 0.0, ""imag"": 0.0}, {""real"": -1.0, ""imag"": 0.0}, {""real"": 0.0, ""imag"": 0.0}], ""refractive_index"": {""real"": 1.0, ""imag"": 0.0}, ""vertical_sign"": 1, ""electric_tangential_norm_sq"": 0.7501522816468433, ""power_per_unit_amplitude"": 0.6365932895912946, ""propagating"": true, ""rayleigh_warning"": false, ""classification"": ""propagating"", ""rayleigh_tolerance"": 1e-06, ""projection_denominator"": 1.1027238540208597, ""traction_vector"": [{""real"": 0.0, ""imag"": -8.975979010256552}, {""real"": 0.0, ""imag"": 0.0}, {""real"": 0.0, ""imag"": 0.0}]}",-8.181661105680905e-08,3.11097092485849e-09,-8.181661105680905e-08,3.11097092485849e-09,-7.512217828146564e-16,7.306111960405604e-16,-7.512217828146564e-16,7.306111960405604e-16,-8.181661030558726e-08,3.110970194247294e-09,-8.181661030558726e-08,3.110970194247294e-09,offline_frozen_validation_only; no solver feedback
GPOLY-G64-FINAL,16,"{""schema"": ""fullspace-dtn.mode.v1"", ""mode_index"": 16, ""side"": ""top"", ""m"": -1, ""n"": 1, ""polarization"": ""s"", ""alpha"": {""real"": 4.486622420048883, ""imag"": 0.0}, ""gamma"": {""real"": 5.983986006837701, ""imag"": 0.0}, ""beta"": {""real"": 4.962895316491319, ""imag"": 0.0}, ""k_vector"": [{""real"": 4.486622420048883, ""imag"": 0.0}, {""real"": 5.983986006837701, ""imag"": 0.0}, {""real"": 4.962895316491319, ""imag"": 0.0}], ""e_vector"": [{""real"": -0.8000877286570669, ""imag"": 0.0}, {""real"": 0.5998830106382207, ""imag"": 0.0}, {""real"": 0.0, ""imag"": 0.0}], ""h_vector"": [{""real"": -0.33168043068474645, ""imag"": 0.0}, {""real"": -0.4423753260560312, ""imag"": 0.0}, {""real"": 0.8332419593357027, ""imag"": 0.0}], ""refractive_index"": {""real"": 1.0, ""imag"": 0.0}, ""vertical_sign"": 1, ""electric_tangential_norm_sq"": 0.9999999999999999, ""power_per_unit_amplitude"": 0.4063877659977793, ""propagating"": true, ""rayleigh_warning"": false, ""classification"": ""propagating"", ""rayleigh_tolerance"": 1e-06, ""projection_denominator"": 1.4699999999999998, ""traction_vector"": [{""real"": 0.0, ""imag"": -3.9707516413343344}, {""real"": 0.0, ""imag"": 2.9771565839391374}, {""real"": 0.0, ""imag"": 0.0}]}",2.5524358539184973e-05,-1.2478969931268404e-05,2.5524358539200314e-05,-1.2478969931248343e-05,2.5551029449478588e-05,-1.2421186840209803e-05,2.555102944949393e-05,-1.2421186840189742e-05,-2.667091029361532e-08,-5.778309105860141e-08,-2.667091029361532e-08,-5.778309105860141e-08,offline_frozen_validation_only; no solver feedback
GPOLY-G64-FINAL,17,"{""schema"": ""fullspace-dtn.mode.v1"", ""mode_index"": 17, ""side"": ""top"", ""m"": -1, ""n"": 1, ""polarization"": ""p"", ""alpha"": {""real"": 4.486622420048883, ""imag"": 0.0}, ""gamma"": {""real"": 5.983986006837701, ""imag"": 0.0}, ""beta"": {""real"": 4.962895316491319, ""imag"": 0.0}, ""k_vector"": [{""real"": 4.486622420048883, ""imag"": 0.0}, {""real"": 5.983986006837701, ""imag"": 0.0}, {""real"": 4.962895316491319, ""imag"": 0.0}], ""e_vector"": [{""real"": -0.3316804306847465, ""imag"": 0.0}, {""real"": -0.4423753260560313, ""imag"": 0.0}, {""real"": 0.833241959335703, ""imag"": 0.0}], ""h_vector"": [{""real"": 0.8000877286570669, ""imag"": 0.0}, {""real"": -0.5998830106382207, ""imag"": 0.0}, {""real"": 2.4737647522494018e-17, ""imag"": 0.0}], ""refractive_index"": {""real"": 1.0, ""imag"": 0.0}, ""vertical_sign"": 1, ""electric_tangential_norm_sq"": 0.3057078372023989, ""power_per_unit_amplitude"": 0.4063877659977795, ""propagating"": true, ""rayleigh_warning"": false, ""classification"": ""propagating"", ""rayleigh_tolerance"": 1e-06, ""projection_denominator"": 0.4493905206875264, ""traction_vector"": [{""real"": 0.0, ""imag"": -5.384537312098177}, {""real"": 0.0, ""imag"": -7.181570658789672}, {""real"": 0.0, ""imag"": 0.0}]}",-1.8819600037473817e-05,9.239091968422553e-06,-1.881960003755488e-05,9.239091968410973e-06,-1.884219318237659e-05,9.159112271291004e-06,-1.8842193182457654e-05,9.159112271279423e-06,2.259314490277292e-08,7.997969713154974e-08,2.259314490277292e-08,7.997969713154974e-08,offline_frozen_validation_only; no solver feedback
GPOLY-G64-FINAL,18,"{""schema"": ""fullspace-dtn.mode.v1"", ""mode_index"": 18, ""side"": ""top"", ""m"": 0, ""n"": 0, ""polarization"": ""s"", ""alpha"": {""real"": 8.97461192517716, ""imag"": 0.0}, ""gamma"": {""real"": 0.0, ""imag"": 0.0}, ""beta"": {""real"": 0.15665243385951635, ""imag"": 0.0}, ""k_vector"": [{""real"": 8.97461192517716, ""imag"": 0.0}, {""real"": 0.0, ""imag"": 0.0}, {""real"": 0.15665243385951635, ""imag"": 0.0}], ""e_vector"": [{""real"": -0.0, ""imag"": 0.0}, {""real"": 1.0, ""imag"": 0.0}, {""real"": 0.0, ""imag"": 0.0}], ""h_vector"": [{""real"": -0.017452406437282755, ""imag"": 0.0}, {""real"": 0.0, ""imag"": 0.0}, {""real"": 0.9998476951563912, ""imag"": 0.0}], ""refractive_index"": {""real"": 1.0, ""imag"": 0.0}, ""vertical_sign"": 1, ""electric_tangential_norm_sq"": 1.0, ""power_per_unit_amplitude"": 0.012827518731402825, ""propagating"": true, ""rayleigh_warning"": false, ""classification"": ""propagating"", ""rayleigh_tolerance"": 1e-06, ""projection_denominator"": 1.47, ""traction_vector"": [{""real"": -0.0, ""imag"": 0.0}, {""real"": 0.0, ""imag"": 0.15665243385951635}, {""real"": 0.0, ""imag"": -0.0}]}",1.230113291474429,-0.5354341085521418,-0.03274539229046573,-0.1355445738751386,1.2301124466956983,-0.5354375258627233,-0.03274623706919645,-0.13554799118572006,8.447787307463983e-07,3.417310581510513e-06,8.447787307186427e-07,3.417310581455002e-06,offline_frozen_validation_only; no solver feedback
GPOLY-G64-FINAL,19,"{""schema"": ""fullspace-dtn.mode.v1"", ""mode_index"": 19, ""side"": ""top"", ""m"": 0, ""n"": 0, ""polarization"": ""p"", ""alpha"": {""real"": 8.97461192517716, ""imag"": 0.0}, ""gamma"": {""real"": 0.0, ""imag"": 0.0}, ""beta"": {""real"": 0.15665243385951635, ""imag"": 0.0}, ""k_vector"": [{""real"": 8.97461192517716, ""imag"": 0.0}, {""real"": 0.0, ""imag"": 0.0}, {""real"": 0.15665243385951635, ""imag"": 0.0}], ""e_vector"": [{""real"": -0.01745240643728276, ""imag"": 0.0}, {""real"": 0.0, ""imag"": 0.0}, {""real"": 0.9998476951563914, ""imag"": 0.0}], ""h_vector"": [{""real"": 0.0, ""imag"": 0.0}, {""real"": -1.0000000000000002, ""imag"": 0.0}, {""real"": 0.0, ""imag"": 0.0}], ""refractive_index"": {""real"": 1.0, ""imag"": 0.0}, ""vertical_sign"": 1, ""electric_tangential_norm_sq"": 0.0003045864904521087, ""power_per_unit_amplitude"": 0.01282751873140283, ""propagating"": true, ""rayleigh_warning"": false, ""classification"": ""propagating"", ""rayleigh_tolerance"": 1e-06, ""projection_denominator"": 0.0004477421409645998, ""traction_vector"": [{""real"": 0.0, ""imag"": -8.975979010256554}, {""real"": 0.0, ""imag"": 0.0}, {""real"": 0.0, ""imag"": 0.0}]}",1.886459526391807e-06,1.200328052344916e-07,1.8864595269231844e-06,1.2003280506622867e-07,-3.154010265628375e-14,6.2826313755395736e-15,-3.1008725138110985e-14,6.1143684406509005e-15,1.8864595579319097e-06,1.2003279895186022e-07,1.8864595579319095e-06,1.2003279895186022e-07,offline_frozen_validation_only; no solver feedback
GPOLY-G64-FINAL,20,"{""schema"": ""fullspace-dtn.mode.v1"", ""mode_index"": 20, ""side"": ""bottom"", ""m"": -3, ""n"": -1, ""polarization"": ""s"", ""alpha"": {""real"": -4.489356590207668, ""imag"": 0.0}, ""gamma"": {""real"": -5.983986006837701, ""imag"": 0.0}, ""beta"": {""real"": 4.958556350844336, ""imag"": 7.026217474247436e-05}, ""k_vector"": [{""real"": -4.489356590207668, ""imag"": 0.0}, {""real"": -5.983986006837701, ""imag"": 0.0}, {""real"": -4.958556350844336, ""imag"": -7.026217474247436e-05}], ""e_vector"": [{""real"": 0.7999122734807461, ""imag"": -0.0}, {""real"": -0.6001169508811294, ""imag"": 0.0}, {""real"": 0.0, ""imag"": 0.0}], ""h_vector"": [{""real"": -0.3315196832168072, ""imag"": -4.697595885702236e-06}, {""real"": -0.4418916398148882, ""imag"": -6.261553850976274e-06}, {""real"": 0.8334247251460797, ""imag"": -0.0}], ""refractive_index"": {""real"": 0.999885140474, ""imag"": 4.32477054e-06}, ""vertical_sign"": -1, ""electric_tangential_norm_sq"": 0.9999999999999998, ""power_per_unit_amplitude"": 0.4060324688489237, ""propagating"": true, ""rayleigh_warning"": false, ""classification"": ""propagating"", ""rayleigh_tolerance"": 1e-06, ""projection_denominator"": 1.4699638505555863, ""traction_vector"": [{""real"": -5.620357593795412e-05, ""imag"": 3.9664100837862852}, {""real"": 4.216552206873081e-05, ""imag"": -2.975713718040963}, {""real"": 0.0, ""imag"": 0.0}]}",-9.589150222388003e-06,-4.005578862730894e-07,-9.589150222386823e-06,-4.005578862565678e-07,-9.549378700067261e-06,-4.3615840469472487e-07,-9.54937870006608e-06,-4.361584046782033e-07,-3.9771522320742426e-08,3.560051842163548e-08,-3.9771522320742426e-08,3.560051842163548e-08,offline_frozen_validation_only; no solver feedback
GPOLY-G64-FINAL,21,"{""schema"": ""fullspace-dtn.mode.v1"", ""mode_index"": 21, ""side"": ""bottom"", ""m"": -3, ""n"": -1, ""polarization"": ""p"", ""alpha"": {""real"": -4.489356590207668, ""imag"": 0.0}, ""gamma"": {""real"": -5.983986006837701, ""imag"": 0.0}, ""beta"": {""real"": 4.958556350844336, ""imag"": 7.026217474247436e-05}, ""k_vector"": [{""real"": -4.489356590207668, ""imag"": 0.0}, {""real"": -5.983986006837701, ""imag"": 0.0}, {""real"": -4.958556350844336, ""imag"": -7.026217474247436e-05}], ""e_vector"": [{""real"": -0.33155776578462687, ""imag"": -3.264059536059784e-06}, {""real"": -0.4419424011095991, ""imag"": -4.350754099567616e-06}, {""real"": 0.8335204628602758, ""imag"": -3.605198833694458e-06}], ""h_vector"": [{""real"": -0.7998203959021161, ""imag"": -3.4594370347866507e-06}, {""real"": 0.6000480217070564, ""imag"": 2.595368109614824e-06}, {""real"": 4.9475295044988036e-17, ""imag"": 0.0}], ""refractive_index"": {""real"": 0.999885140474, ""imag"": 4.32477054e-06}, ""vertical_sign"": -1, ""electric_tangential_norm_sq"": 0.30524363798019444, ""power_per_unit_amplitude"": 0.4060324688489239, ""propagating"": true, ""rayleigh_warning"": false, ""classification"": ""propagating"", ""rayleigh_tolerance"": 1e-06, ""projection_denominator"": 0.4486971134429621, ""traction_vector"": [{""real"": 2.3295969675791888e-05, ""imag"": -5.386018447988506}, {""real"": 3.105183421154914e-05, ""imag"": -7.179171085592479}, {""real"": 0.0, ""imag"": 0.0}]}",-6.830552311716117e-06,-4.77800918425996e-07,-6.8305523117663766e-06,-4.778009183989331e-07,-7.0323782198768244e-06,-3.1660784057617397e-07,-7.032378219927084e-06,-3.16607840549111e-07,2.0182590816070744e-07,-1.6119307784982204e-07,2.0182590816070744e-07,-1.611930778498221e-07,offline_frozen_validation_only; no solver feedback
GPOLY-G64-FINAL,22,"{""schema"": ""fullspace-dtn.mode.v1"", ""mode_index"": 22, ""side"": ""bottom"", ""m"": -3, ""n"": 0, ""polarization"": ""s"", ""alpha"": {""real"": -4.489356590207668, ""imag"": 0.0}, ""gamma"": {""real"": 0.0, ""imag"": 0.0}, ""beta"": {""real"": 7.771445786441615, ""imag"": 4.483064829471781e-05}, ""k_vector"": [{""real"": -4.489356590207668, ""imag"": 0.0}, {""real"": 0.0, ""imag"": 0.0}, {""real"": -7.771445786441615, ""imag"": -4.483064829471781e-05}], ""e_vector"": [{""real"": -0.0, ""imag"": 0.0}, {""real"": -1.0, ""imag"": 0.0}, {""real"": 0.0, ""imag"": 0.0}], ""h_vector"": [{""real"": -0.8658048083180055, ""imag"": -4.994513494683011e-06}, {""real"": 0.0, ""imag"": 0.0}, {""real"": 0.5001523048436087, ""imag"": -0.0}], ""refractive_index"": {""real"": 0.999885140474, ""imag"": 4.32477054e-06}, ""vertical_sign"": -1, ""electric_tangential_norm_sq"": 1.0, ""power_per_unit_amplitude"": 0.6363665341137341, ""propagating"": true, ""rayleigh_warning"": false, ""classification"": ""propagating"", ""rayleigh_tolerance"": 1e-06, ""projection_denominator"": 1.469976934812407, ""traction_vector"": [{""real"": -0.0, ""imag"": 0.0}, {""real"": 4.483064829471781e-05, ""imag"": -7.771445786441615}, {""real"": 0.0, ""imag"": 0.0}]}",2.258354047800773e-05,-3.5540863583788764e-05,2.258354047821189e-05,-3.55408635842726e-05,2.2500825790873014e-05,-3.5535196088581886e-05,2.2500825791077173e-05,-3.5535196089065725e-05,8.271468713471602e-08,-5.667495206877781e-09,8.271468713471602e-08,-5.667495206877781e-09,offline_frozen_validation_only; no solver feedback
GPOLY-G64-FINAL,23,"{""schema"": ""fullspace-dtn.mode.v1"", ""mode_index"": 23, ""side"": ""bottom"", ""m"": -3, ""n"": 0, ""polarization"": ""p"", ""alpha"": {""real"": -4.489356590207668, ""imag"": 0.0}, ""gamma"": {""real"": 0.0, ""imag"": 0.0}, ""beta"": {""real"": 7.771445786441615, ""imag"": 4.483064829471781e-05}, ""k_vector"": [{""real"": -4.489356590207668, ""imag"": 0.0}, {""real"": 0.0, ""imag"": 0.0}, {""real"": -7.771445786441615, ""imag"": -4.483064829471781e-05}], ""e_vector"": [{""real"": -0.8659042656715219, ""imag"": -1.2498197897239332e-06}, {""real"": 0.0, ""imag"": 0.0}, {""real"": 0.5002097586869129, ""imag"": -2.163540931475541e-06}], ""h_vector"": [{""real"": 0.0, ""imag"": 0.0}, {""real"": 0.999885140467758, ""imag"": 4.324770539973001e-06}, {""real"": 0.0, ""imag"": 0.0}], ""refractive_index"": {""real"": 0.999885140474, ""imag"": 4.32477054e-06}, ""vertical_sign"": -1, ""electric_tangential_norm_sq"": 0.7497901973096996, ""power_per_unit_amplitude"": 0.6363665341137341, ""propagating"": true, ""rayleigh_warning"": false, ""classification"": ""propagating"", ""rayleigh_tolerance"": 1e-06, ""projection_denominator"": 1.1021742959937022, ""traction_vector"": [{""real"": 3.881904959097355e-05, ""imag"": -8.97494803350602}, {""real"": 0.0, ""imag"": 0.0}, {""real"": 0.0, ""imag"": 0.0}]}",-9.324029591068581e-09,-2.9662889501705125e-08,-9.324029591068581e-09,-2.9662889501705125e-08,9.921735257066193e-16,7.637390319947128e-17,9.921735257066193e-16,7.637390319947126e-17,-9.324030583242106e-09,-2.966288957807903e-08,-9.324030583242106e-09,-2.966288957807903e-08,offline_frozen_validation_only; no solver feedback
GPOLY-G64-FINAL,24,"{""schema"": ""fullspace-dtn.mode.v1"", ""mode_index"": 24, ""side"": ""bottom"", ""m"": -3, ""n"": 1, ""polarization"": ""s"", ""alpha"": {""real"": -4.489356590207668, ""imag"": 0.0}, ""gamma"": {""real"": 5.983986006837701, ""imag"": 0.0}, ""beta"": {""real"": 4.958556350844336, ""imag"": 7.026217474247436e-05}, ""k_vector"": [{""real"": -4.489356590207668, ""imag"": 0.0}, {""real"": 5.983986006837701, ""imag"": 0.0}, {""real"": -4.958556350844336, ""imag"": -7.026217474247436e-05}], ""e_vector"": [{""real"": -0.7999122734807461, ""imag"": 0.0}, {""real"": -0.6001169508811294, ""imag"": 0.0}, {""real"": 0.0, ""imag"": 0.0}], ""h_vector"": [{""real"": -0.3315196832168072, ""imag"": -4.697595885702236e-06}, {""real"": 0.4418916398148882, ""imag"": 6.261553850976274e-06}, {""real"": 0.8334247251460797, ""imag"": -0.0}], ""refractive_index"": {""real"": 0.999885140474, ""imag"": 4.32477054e-06}, ""vertical_sign"": -1, ""electric_tangential_norm_sq"": 0.9999999999999998, ""power_per_unit_amplitude"": 0.4060324688489237, ""propagating"": true, ""rayleigh_warning"": false, ""classification"": ""propagating"", ""rayleigh_tolerance"": 1e-06, ""projection_denominator"": 1.4699638505555863, ""traction_vector"": [{""real"": 5.620357593795412e-05, ""imag"": -3.9664100837862852}, {""real"": 4.216552206873081e-05, ""imag"": -2.975713718040963}, {""real"": 0.0, ""imag"": 0.0}]}",-9.52911347674406e-06,-4.868092407388262e-07,-9.529113476777103e-06,-4.86809240727025e-07,-9.549378700351722e-06,-4.3615840435813124e-07,-9.549378700384765e-06,-4.361584043463301e-07,2.026522360766164e-08,-5.0650836380694943e-08,2.026522360766164e-08,-5.065083638069489e-08,offline_frozen_validation_only; no solver feedback
GPOLY-G64-FINAL,25,"{""schema"": ""fullspace-dtn.mode.v1"", ""mode_index"": 25, ""side"": ""bottom"", ""m"": -3, ""n"": 1, ""polarization"": ""p"", ""alpha"": {""real"": -4.489356590207668, ""imag"": 0.0}, ""gamma"": {""real"": 5.983986006837701, ""imag"": 0.0}, ""beta"": {""real"": 4.958556350844336, ""imag"": 7.026217474247436e-05}, ""k_vector"": [{""real"": -4.489356590207668, ""imag"": 0.0}, {""real"": 5.983986006837701, ""imag"": 0.0}, {""real"": -4.958556350844336, ""imag"": -7.026217474247436e-05}], ""e_vector"": [{""real"": -0.33155776578462687, ""imag"": -3.264059536059784e-06}, {""real"": 0.4419424011095991, ""imag"": 4.350754099567616e-06}, {""real"": 0.8335204628602758, ""imag"": -3.605198833694458e-06}], ""h_vector"": [{""real"": 0.7998203959021161, ""imag"": 3.4594370347866507e-06}, {""real"": 0.6000480217070564, ""imag"": 2.595368109614824e-06}, {""real"": -4.9475295044988036e-17, ""imag"": 0.0}], ""refractive_index"": {""real"": 0.999885140474, ""imag"": 4.32477054e-06}, ""vertical_sign"": -1, ""electric_tangential_norm_sq"": 0.30524363798019444, ""power_per_unit_amplitude"": 0.4060324688489239, ""propagating"": true, ""rayleigh_warning"": false, ""classification"": ""propagating"", ""rayleigh_tolerance"": 1e-06, ""projection_denominator"": 0.4486971134429621, ""traction_vector"": [{""real"": 2.3295969675791888e-05, ""imag"": -5.386018447988506}, {""real"": -3.105183421154914e-05, ""imag"": 7.179171085592479}, {""real"": 0.0, ""imag"": 0.0}]}",7.156415408015923e-06,3.489343217573519e-07,7.156415408062317e-06,3.4893432177281644e-07,7.0323782197460426e-06,3.16607841783482e-07,7.032378219792436e-06,3.1660784179894655e-07,1.2403718826988059e-07,3.2326479973869896e-08,1.2403718826988059e-07,3.2326479973869896e-08,offline_frozen_validation_only; no solver feedback
GPOLY-G64-FINAL,26,"{""schema"": ""fullspace-dtn.mode.v1"", ""mode_index"": 26, ""side"": ""bottom"", ""m"": -2, ""n"": -1, ""polarization"": ""s"", ""alpha"": {""real"": -0.0013670850793925382, ""imag"": 0.0}, ""gamma"": {""real"": -5.983986006837701, ""imag"": 0.0}, ""beta"": {""real"": 6.68891634028968, ""imag"": 5.2086008415877786e-05}, ""k_vector"": [{""real"": -0.0013670850793925382, ""imag"": 0.0}, {""real"": -5.983986006837701, ""imag"": 0.0}, {""real"": -6.68891634028968, ""imag"": -5.2086008415877786e-05}], ""e_vector"": [{""real"": 0.9999999739036398, ""imag"": -0.0}, {""real"": -0.00022845725945122052, ""imag"": 0.0}, {""real"": 0.0, ""imag"": 0.0}], ""h_vector"": [{""real"": -0.0001702467768758063, ""imag"": -1.3256968097683348e-09}, {""real"": -0.7452018501926205, ""imag"": -5.802821842286574e-06}, {""real"": 0.6666666840642403, ""imag"": -0.0}], ""refractive_index"": {""real"": 0.999885140474, ""imag"": 4.32477054e-06}, ""vertical_sign"": -1, ""electric_tangential_norm_sq"": 0.9999999999999997, ""power_per_unit_amplitude"": 0.5477233741851624, ""propagating"": true, ""rayleigh_warning"": false, ""classification"": ""propagating"", ""rayleigh_tolerance"": 1e-06, ""projection_denominator"": 1.4699732019929355, ""traction_vector"": [{""real"": -5.208600705662255e-05, ""imag"": 6.68891616573331}, {""real"": 1.1899426738444647e-08, ""imag"": -0.0015281314958010678}, {""real"": 0.0, ""imag"": 0.0}]}",-9.095815926025242e-08,2.3721305210691524e-08,-9.095815926024319e-08,2.372130521069671e-08,-8.318854379968599e-09,-1.6920271814008964e-09,-8.318854379959379e-09,-1.6920271813957104e-09,-8.263930488028382e-08,2.541333239209242e-08,-8.263930488028382e-08,2.541333239209242e-08,offline_frozen_validation_only; no solver feedback
GPOLY-G64-FINAL,27,"{""schema"": ""fullspace-dtn.mode.v1"", ""mode_index"": 27, ""side"": ""bottom"", ""m"": -2, ""n"": -1, ""polarization"": ""p"", ""alpha"": {""real"": -0.0013670850793925382, ""imag"": 0.0}, ""gamma"": {""real"": -5.983986006837701, ""imag"": 0.0}, ""beta"": {""real"": 6.68891634028968, ""imag"": 5.2086008415877786e-05}, ""k_vector"": [{""real"": -0.0013670850793925382, ""imag"": 0.0}, {""real"": -5.983986006837701, ""imag"": 0.0}, {""real"": -6.68891634028968, ""imag"": -5.2086008415877786e-05}], ""e_vector"": [{""real"": -0.0001702663335861758, ""imag"": -5.894016846993088e-10}, {""real"": -0.7452874535562701, ""imag"": -2.5799209477250923e-06}, {""real"": 0.6667432658572671, ""imag"": -2.8838428707480877e-06}], ""h_vector"": [{""real"": -0.999885114365667, ""imag"": -4.32477042707448e-06}, {""real"": 0.0002284310189552686, ""imag"": 9.880252253089822e-10}, {""real"": 2.4157858908685565e-20, ""imag"": -4.6077459161158685e-26}], ""refractive_index"": {""real"": 0.999885140474, ""imag"": 4.32477054e-06}, ""vertical_sign"": -1, ""electric_tangential_norm_sq"": 0.5554534174256699, ""power_per_unit_amplitude"": 0.547723374185163, ""propagating"": true, ""rayleigh_warning"": false, ""classification"": ""propagating"", ""rayleigh_tolerance"": 1e-06, ""projection_denominator"": 0.8165016385711308, ""traction_vector"": [{""real"": 8.868493683977426e-09, ""imag"": -0.0020503920314340076}, {""real"": 3.8819048577598794e-05, ""imag"": -8.974947799214199}, {""real"": 0.0, ""imag"": 0.0}]}",-1.642676111884042e-05,-2.819827084175057e-06,-1.642676111879793e-05,-2.819827084175057e-06,-1.649730512294347e-05,-2.8045120940932605e-06,-1.649730512290098e-05,-2.8045120940932605e-06,7.054400410305041e-08,-1.5314990081796323e-08,7.054400410305041e-08,-1.5314990081796323e-08,offline_frozen_validation_only; no solver feedback
GPOLY-G64-FINAL,28,"{""schema"": ""fullspace-dtn.mode.v1"", ""mode_index"": 28, ""side"": ""bottom"", ""m"": -2, ""n"": 0, ""polarization"": ""s"", ""alpha"": {""real"": -0.0013670850793925382, ""imag"": 0.0}, ""gamma"": {""real"": 0.0, ""imag"": 0.0}, ""beta"": {""real"": 8.97494792944325, ""imag"": 3.8819050041557536e-05}, ""k_vector"": [{""real"": -0.0013670850793925382, ""imag"": 0.0}, {""real"": 0.0, ""imag"": 0.0}, {""real"": -8.97494792944325, ""imag"": -3.8819050041557536e-05}], ""e_vector"": [{""real"": -0.0, ""imag"": 0.0}, {""real"": -1.0, ""imag"": 0.0}, {""real"": 0.0, ""imag"": 0.0}], ""h_vector"": [{""real"": -0.9998851288742849, ""imag"": -4.324770590171869e-06}, {""real"": 0.0, ""imag"": 0.0}, {""real"": 0.00015230484360874904, ""imag"": -0.0}], ""refractive_index"": {""real"": 0.999885140474, ""imag"": 4.32477054e-06}, ""vertical_sign"": -1, ""electric_tangential_norm_sq"": 1.0, ""power_per_unit_amplitude"": 0.7349155697225994, ""propagating"": true, ""rayleigh_warning"": false, ""classification"": ""propagating"", ""rayleigh_tolerance"": 1e-06, ""projection_denominator"": 1.4699800277344321, ""traction_vector"": [{""real"": -0.0, ""imag"": 0.0}, {""real"": 3.8819050041557536e-05, ""imag"": -8.97494792944325}, {""real"": 0.0, ""imag"": 0.0}]}",-3.4298100342153894e-06,-1.5979440338859658e-05,-3.429810034475062e-06,-1.597944033855106e-05,-3.2981256979544157e-06,-1.607450770976354e-05,-3.2981256982140885e-06,-1.607450770945494e-05,-1.316843362609737e-07,9.506737090388088e-08,-1.316843362609737e-07,9.506737090388088e-08,offline_frozen_validation_only; no solver feedback
GPOLY-G64-FINAL,29,"{""schema"": ""fullspace-dtn.mode.v1"", ""mode_index"": 29, ""side"": ""bottom"", ""m"": -2, ""n"": 0, ""polarization"": ""p"", ""alpha"": {""real"": -0.0013670850793925382, ""imag"": 0.0}, ""gamma"": {""real"": 0.0, ""imag"": 0.0}, ""beta"": {""real"": 8.97494792944325, ""imag"": 3.8819050041557536e-05}, ""k_vector"": [{""real"": -0.0013670850793925382, ""imag"": 0.0}, {""real"": 0.0, ""imag"": 0.0}, {""real"": -8.97494792944325, ""imag"": -3.8819050041557536e-05}], ""e_vector"": [{""real"": -0.9999999883989524, ""imag"": -1.0035526433266723e-13}, {""real"": 0.0, ""imag"": 0.0}, {""real"": 0.00015232233927758835, ""imag"": -6.588348389489128e-10}], ""h_vector"": [{""real"": 0.0, ""imag"": 0.0}, {""real"": 0.9998851404740002, ""imag"": 4.324770539999998e-06}, {""real"": 0.0, ""imag"": 0.0}], ""refractive_index"": {""real"": 0.999885140474, ""imag"": 4.32477054e-06}, ""vertical_sign"": -1, ""electric_tangential_norm_sq"": 0.999999976797905, ""power_per_unit_amplitude"": 0.7349155697225995, ""propagating"": true, ""rayleigh_warning"": false, ""classification"": ""propagating"", ""rayleigh_tolerance"": 1e-06, ""projection_denominator"": 1.469979993627816, ""traction_vector"": [{""real"": 3.881904959121588e-05, ""imag"": -8.97494803356205}, {""real"": 0.0, ""imag"": 0.0}, {""real"": 0.0, ""imag"": 0.0}]}",3.2593601262349194e-08,-4.452148969037038e-08,3.2593601262349194e-08,-4.452148969037038e-08,5.901173302659412e-17,-1.6734047403331803e-16,5.90117330265941e-17,-1.6734047403331795e-16,3.259360120333746e-08,-4.452148952302991e-08,3.259360120333746e-08,-4.452148952302991e-08,offline_frozen_validation_only; no solver feedback
GPOLY-G64-FINAL,30,"{""schema"": ""fullspace-dtn.mode.v1"", ""mode_index"": 30, ""side"": ""bottom"", ""m"": -2, ""n"": 1, ""polarization"": ""s"", ""alpha"": {""real"": -0.0013670850793925382, ""imag"": 0.0}, ""gamma"": {""real"": 5.983986006837701, ""imag"": 0.0}, ""beta"": {""real"": 6.68891634028968, ""imag"": 5.2086008415877786e-05}, ""k_vector"": [{""real"": -0.0013670850793925382, ""imag"": 0.0}, {""real"": 5.983986006837701, ""imag"": 0.0}, {""real"": -6.68891634028968, ""imag"": -5.2086008415877786e-05}], ""e_vector"": [{""real"": -0.9999999739036398, ""imag"": 0.0}, {""real"": -0.00022845725945122052, ""imag"": 0.0}, {""real"": 0.0, ""imag"": 0.0}], ""h_vector"": [{""real"": -0.0001702467768758063, ""imag"": -1.3256968097683348e-09}, {""real"": 0.7452018501926205, ""imag"": 5.802821842286574e-06}, {""real"": 0.6666666840642403, ""imag"": -0.0}], ""refractive_index"": {""real"": 0.999885140474, ""imag"": 4.32477054e-06}, ""vertical_sign"": -1, ""electric_tangential_norm_sq"": 0.9999999999999997, ""power_per_unit_amplitude"": 0.5477233741851624, ""propagating"": true, ""rayleigh_warning"": false, ""classification"": ""propagating"", ""rayleigh_tolerance"": 1e-06, ""projection_denominator"": 1.4699732019929355, ""traction_vector"": [{""real"": 5.208600705662255e-05, ""imag"": -6.68891616573331}, {""real"": 1.1899426738444647e-08, ""imag"": -0.0015281314958010678}, {""real"": 0.0, ""imag"": 0.0}]}",7.333854499442336e-08,2.979825034463866e-08,7.333854499442796e-08,2.9798250344634916e-08,-8.318854144220389e-09,-1.6920271921818259e-09,-8.31885414421578e-09,-1.6920271921855713e-09,8.165739913864375e-08,3.149027753682049e-08,8.165739913864375e-08,3.149027753682049e-08,offline_frozen_validation_only; no solver feedback
GPOLY-G64-FINAL,31,"{""schema"": ""fullspace-dtn.mode.v1"", ""mode_index"": 31, ""side"": ""bottom"", ""m"": -2, ""n"": 1, ""polarization"": ""p"", ""alpha"": {""real"": -0.0013670850793925382, ""imag"": 0.0}, ""gamma"": {""real"": 5.983986006837701, ""imag"": 0.0}, ""beta"": {""real"": 6.68891634028968, ""imag"": 5.2086008415877786e-05}, ""k_vector"": [{""real"": -0.0013670850793925382, ""imag"": 0.0}, {""real"": 5.983986006837701, ""imag"": 0.0}, {""real"": -6.68891634028968, ""imag"": -5.2086008415877786e-05}], ""e_vector"": [{""real"": -0.0001702663335861758, ""imag"": -5.894016846993088e-10}, {""real"": 0.7452874535562701, ""imag"": 2.5799209477250923e-06}, {""real"": 0.6667432658572671, ""imag"": -2.8838428707480877e-06}], ""h_vector"": [{""real"": 0.999885114365667, ""imag"": 4.32477042707448e-06}, {""real"": 0.0002284310189552686, ""imag"": 9.880252253089822e-10}, {""real"": -2.4157858908685565e-20, ""imag"": 4.6077459161158685e-26}], ""refractive_index"": {""real"": 0.999885140474, ""imag"": 4.32477054e-06}, ""vertical_sign"": -1, ""electric_tangential_norm_sq"": 0.5554534174256699, ""power_per_unit_amplitude"": 0.547723374185163, ""propagating"": true, ""rayleigh_warning"": false, ""classification"": ""propagating"", ""rayleigh_tolerance"": 1e-06, ""projection_denominator"": 0.8165016385711308, ""traction_vector"": [{""real"": 8.868493683977426e-09, ""imag"": -0.0020503920314340076}, {""real"": -3.8819048577598794e-05, ""imag"": 8.974947799214199}, {""real"": 0.0, ""imag"": 0.0}]}",1.6623660870403832e-05,2.825771191043172e-06,1.662366087036984e-05,2.825771191077165e-06,1.6497305123386963e-05,2.8045120944097438e-06,1.649730512335297e-05,2.804512094443737e-06,1.263557470168685e-07,2.1259096633428148e-08,1.263557470168685e-07,2.1259096633428148e-08,offline_frozen_validation_only; no solver feedback
GPOLY-G64-FINAL,32,"{""schema"": ""fullspace-dtn.mode.v1"", ""mode_index"": 32, ""side"": ""bottom"", ""m"": -1, ""n"": -1, ""polarization"": ""s"", ""alpha"": {""real"": 4.486622420048883, ""imag"": 0.0}, ""gamma"": {""real"": -5.983986006837701, ""imag"": 0.0}, ""beta"": {""real"": 4.961030431115042, ""imag"": 7.022713479206063e-05}, ""k_vector"": [{""real"": 4.486622420048883, ""imag"": 0.0}, {""real"": -5.983986006837701, ""imag"": 0.0}, {""real"": -4.961030431115042, ""imag"": -7.022713479206063e-05}], ""e_vector"": [{""real"": 0.8000877286570669, ""imag"": -0.0}, {""real"": 0.5998830106382207, ""imag"": 0.0}, {""real"": 0.0, ""imag"": 0.0}], ""h_vector"": [{""real"": 0.3315557965860328, ""imag"": 4.693422856650971e-06}, {""real"": -0.4422090966226506, ""imag"": -6.259803939121232e-06}, {""real"": 0.8332419593357027, ""imag"": 0.0}], ""refractive_index"": {""real"": 0.999885140474, ""imag"": 4.32477054e-06}, ""vertical_sign"": -1, ""electric_tangential_norm_sq"": 0.9999999999999999, ""power_per_unit_amplitude"": 0.4062350594517862, ""propagating"": true, ""rayleigh_warning"": false, ""classification"": ""propagating"", ""rayleigh_tolerance"": 1e-06, ""projection_denominator"": 1.469963868583197, ""traction_vector"": [{""real"": -5.6187868765873466e-05, ""imag"": 3.9692595694294237}, {""real"": -4.212806504755746e-05, ""imag"": 2.9760378708851216}, {""real"": -0.0, ""imag"": 0.0}]}",1.4280079046241079e-06,-2.8542222256674045e-05,1.4280079046311886e-06,-2.8542222256683485e-05,1.3478982120230951e-06,-2.8617351950530372e-05,1.3478982120301759e-06,-2.8617351950539812e-05,8.010969260101275e-08,7.512969385632697e-08,8.010969260101275e-08,7.512969385632697e-08,offline_frozen_validation_only; no solver feedback
GPOLY-G64-FINAL,33,"{""schema"": ""fullspace-dtn.mode.v1"", ""mode_index"": 33, ""side"": ""bottom"", ""m"": -1, ""n"": -1, ""polarization"": ""p"", ""alpha"": {""real"": 4.486622420048883, ""imag"": 0.0}, ""gamma"": {""real"": -5.983986006837701, ""imag"": 0.0}, ""beta"": {""real"": 4.961030431115042, ""imag"": 7.022713479206063e-05}, ""k_vector"": [{""real"": 4.486622420048883, ""imag"": 0.0}, {""real"": -5.983986006837701, ""imag"": 0.0}, {""real"": -4.961030431115042, ""imag"": -7.022713479206063e-05}], ""e_vector"": [{""real"": 0.3315938833022934, ""imag"": 3.259729809722286e-06}, {""real"": -0.4422598943844885, ""imag"": -4.347630743403933e-06}, {""real"": 0.8333376760551552, ""imag"": -3.604408231896424e-06}], ""h_vector"": [{""real"": -0.7999958309257797, ""imag"": -3.4601958381644716e-06}, {""real"": -0.5998141083344596, ""imag"": -2.594356371744373e-06}, {""real"": 0.0, ""imag"": 3.7746654544821195e-22}], ""refractive_index"": {""real"": 0.999885140474, ""imag"": 4.32477054e-06}, ""vertical_sign"": -1, ""electric_tangential_norm_sq"": 0.3055483176540016, ""power_per_unit_amplitude"": 0.4062350594517864, ""propagating"": true, ""rayleigh_warning"": false, ""classification"": ""propagating"", ""rayleigh_tolerance"": 1e-06, ""projection_denominator"": 0.4491449870577638, ""traction_vector"": [{""real"": -2.3286888337902835e-05, ""imag"": 5.383918846465859}, {""real"": 3.1058645214741376e-05, ""imag"": -7.180745786682548}, {""real"": 0.0, ""imag"": 0.0}]}",-1.0348596398446679e-06,2.1083839545370304e-05,-1.0348596398118386e-06,2.1083839545285333e-05,-9.897602625340122e-07,2.110575118169754e-05,-9.89760262501183e-07,2.1105751181612568e-05,-4.509937731065565e-08,-2.191163632723426e-08,-4.509937731065565e-08,-2.191163632723426e-08,offline_frozen_validation_only; no solver feedback
GPOLY-G64-FINAL,34,"{""schema"": ""fullspace-dtn.mode.v1"", ""mode_index"": 34, ""side"": ""bottom"", ""m"": -1, ""n"": 0, ""polarization"": ""s"", ""alpha"": {""real"": 4.486622420048883, ""imag"": 0.0}, ""gamma"": {""real"": 0.0, ""imag"": 0.0}, ""beta"": {""real"": 7.773024602145297, ""imag"": 4.482154253021086e-05}, ""k_vector"": [{""real"": 4.486622420048883, ""imag"": 0.0}, {""real"": 0.0, ""imag"": 0.0}, {""real"": -7.773024602145297, ""imag"": -4.482154253021086e-05}], ""e_vector"": [{""real"": -0.0, ""imag"": 0.0}, {""real"": 1.0, ""imag"": 0.0}, {""real"": 0.0, ""imag"": 0.0}], ""h_vector"": [{""real"": 0.865980701744436, ""imag"": 4.993499035480673e-06}, {""real"": 0.0, ""imag"": 0.0}, {""real"": 0.4998476951563912, ""imag"": 0.0}], ""refractive_index"": {""real"": 0.999885140474, ""imag"": 4.32477054e-06}, ""vertical_sign"": -1, ""electric_tangential_norm_sq"": 1.0, ""power_per_unit_amplitude"": 0.6364958157821604, ""propagating"": true, ""rayleigh_warning"": false, ""classification"": ""propagating"", ""rayleigh_tolerance"": 1e-06, ""projection_denominator"": 1.46997693949725, ""traction_vector"": [{""real"": -0.0, ""imag"": 0.0}, {""real"": -4.482154253021086e-05, ""imag"": 7.773024602145297}, {""real"": -0.0, ""imag"": 0.0}]}",9.932855537649915e-05,-7.782245426280969e-05,9.932855537597636e-05,-7.782245426265863e-05,9.926308743385664e-05,-7.780678494999836e-05,9.926308743333385e-05,-7.78067849498473e-05,6.546794264251389e-08,-1.5669312811329847e-08,6.546794264251389e-08,-1.5669312811329847e-08,offline_frozen_validation_only; no solver feedback
GPOLY-G64-FINAL,35,"{""schema"": ""fullspace-dtn.mode.v1"", ""mode_index"": 35, ""side"": ""bottom"", ""m"": -1, ""n"": 0, ""polarization"": ""p"", ""alpha"": {""real"": 4.486622420048883, ""imag"": 0.0}, ""gamma"": {""real"": 0.0, ""imag"": 0.0}, ""beta"": {""real"": 7.773024602145297, ""imag"": 4.482154253021086e-05}, ""k_vector"": [{""real"": 4.486622420048883, ""imag"": 0.0}, {""real"": 0.0, ""imag"": 0.0}, {""real"": -7.773024602145297, ""imag"": -4.482154253021086e-05}], ""e_vector"": [{""real"": 0.8660801793033087, ""imag"": 1.2480443405020596e-06}, {""real"": 0.0, ""imag"": 0.0}, {""real"": 0.4999051140083646, ""imag"": -2.1622232617976723e-06}], ""h_vector"": [{""real"": 0.0, ""imag"": 0.0}, {""real"": -0.9998851404677681, ""imag"": -4.324770539973044e-06}, {""real"": 0.0, ""imag"": 0.0}], ""refractive_index"": {""real"": 0.999885140474, ""imag"": 4.32477054e-06}, ""vertical_sign"": -1, ""electric_tangential_norm_sq"": 0.750094876983609, ""power_per_unit_amplitude"": 0.6364958157821605, ""propagating"": true, ""rayleigh_warning"": false, ""classification"": ""propagating"", ""rayleigh_tolerance"": 1e-06, ""projection_denominator"": 1.1026221716009317, ""traction_vector"": [{""real"": -3.881904959097394e-05, ""imag"": 8.974948033506111}, {""real"": 0.0, ""imag"": 0.0}, {""real"": 0.0, ""imag"": 0.0}]}",4.562813705417924e-09,5.964756664526167e-08,4.562813705417924e-09,5.964756664526167e-08,-3.1369553848747296e-17,3.598636189989576e-16,-3.136955384874734e-17,3.5986361899895763e-16,4.562813736787478e-09,5.964756628539806e-08,4.562813736787478e-09,5.964756628539806e-08,offline_frozen_validation_only; no solver feedback
GPOLY-G64-FINAL,36,"{""schema"": ""fullspace-dtn.mode.v1"", ""mode_index"": 36, ""side"": ""bottom"", ""m"": -1, ""n"": 1, ""polarization"": ""s"", ""alpha"": {""real"": 4.486622420048883, ""imag"": 0.0}, ""gamma"": {""real"": 5.983986006837701, ""imag"": 0.0}, ""beta"": {""real"": 4.961030431115042, ""imag"": 7.022713479206063e-05}, ""k_vector"": [{""real"": 4.486622420048883, ""imag"": 0.0}, {""real"": 5.983986006837701, ""imag"": 0.0}, {""real"": -4.961030431115042, ""imag"": -7.022713479206063e-05}], ""e_vector"": [{""real"": -0.8000877286570669, ""imag"": 0.0}, {""real"": 0.5998830106382207, ""imag"": 0.0}, {""real"": 0.0, ""imag"": 0.0}], ""h_vector"": [{""real"": 0.3315557965860328, ""imag"": 4.693422856650971e-06}, {""real"": 0.4422090966226506, ""imag"": 6.259803939121232e-06}, {""real"": 0.8332419593357027, ""imag"": 0.0}], ""refractive_index"": {""real"": 0.999885140474, ""imag"": 4.32477054e-06}, ""vertical_sign"": -1, ""electric_tangential_norm_sq"": 0.9999999999999999, ""power_per_unit_amplitude"": 0.4062350594517862, ""propagating"": true, ""rayleigh_warning"": false, ""classification"": ""propagating"", ""rayleigh_tolerance"": 1e-06, ""projection_denominator"": 1.469963868583197, ""traction_vector"": [{""real"": 5.6187868765873466e-05, ""imag"": -3.9692595694294237}, {""real"": -4.212806504755746e-05, ""imag"": 2.9760378708851216}, {""real"": 0.0, ""imag"": 0.0}]}",1.3752657779188514e-06,-2.865510458783273e-05,1.375265777914131e-06,-2.8655104587846304e-05,1.3478982117702708e-06,-2.8617351950484697e-05,1.3478982117655503e-06,-2.861735195049827e-05,2.7367566148580615e-08,-3.775263734803389e-08,2.7367566148580615e-08,-3.775263734803389e-08,offline_frozen_validation_only; no solver feedback
GPOLY-G64-FINAL,37,"{""schema"": ""fullspace-dtn.mode.v1"", ""mode_index"": 37, ""side"": ""bottom"", ""m"": -1, ""n"": 1, ""polarization"": ""p"", ""alpha"": {""real"": 4.486622420048883, ""imag"": 0.0}, ""gamma"": {""real"": 5.983986006837701, ""imag"": 0.0}, ""beta"": {""real"": 4.961030431115042, ""imag"": 7.022713479206063e-05}, ""k_vector"": [{""real"": 4.486622420048883, ""imag"": 0.0}, {""real"": 5.983986006837701, ""imag"": 0.0}, {""real"": -4.961030431115042, ""imag"": -7.022713479206063e-05}], ""e_vector"": [{""real"": 0.3315938833022934, ""imag"": 3.259729809722286e-06}, {""real"": 0.4422598943844885, ""imag"": 4.347630743403933e-06}, {""real"": 0.8333376760551552, ""imag"": -3.604408231896424e-06}], ""h_vector"": [{""real"": 0.7999958309257797, ""imag"": 3.4601958381644716e-06}, {""real"": -0.5998141083344596, ""imag"": -2.594356371744373e-06}, {""real"": 0.0, ""imag"": -3.7746654544821195e-22}], ""refractive_index"": {""real"": 0.999885140474, ""imag"": 4.32477054e-06}, ""vertical_sign"": -1, ""electric_tangential_norm_sq"": 0.3055483176540016, ""power_per_unit_amplitude"": 0.4062350594517864, ""propagating"": true, ""rayleigh_warning"": false, ""classification"": ""propagating"", ""rayleigh_tolerance"": 1e-06, ""projection_denominator"": 0.4491449870577638, ""traction_vector"": [{""real"": -2.3286888337902835e-05, ""imag"": 5.383918846465859}, {""real"": -3.1058645214741376e-05, ""imag"": 7.180745786682548}, {""real"": -0.0, ""imag"": 0.0}]}",9.047898479163513e-07,-2.122664336878168e-05,9.047898478777285e-07,-2.1226643368787475e-05,9.897602624415658e-07,-2.110575118164611e-05,9.89760262402943e-07,-2.1105751181651904e-05,-8.49704145252145e-08,-1.208921871355707e-07,-8.49704145252145e-08,-1.208921871355707e-07,offline_frozen_validation_only; no solver feedback
GPOLY-G64-FINAL,38,"{""schema"": ""fullspace-dtn.mode.v1"", ""mode_index"": 38, ""side"": ""bottom"", ""m"": 0, ""n"": 0, ""polarization"": ""s"", ""alpha"": {""real"": 8.97461192517716, ""imag"": 0.0}, ""gamma"": {""real"": 0.0, ""imag"": 0.0}, ""beta"": {""real"": 0.07780134385941416, ""imag"": 0.004478058289365571}, ""k_vector"": [{""real"": 8.97461192517716, ""imag"": 0.0}, {""real"": 0.0, ""imag"": 0.0}, {""real"": -0.07780134385941416, ""imag"": -0.004478058289365571}], ""e_vector"": [{""real"": -0.0, ""imag"": 0.0}, {""real"": 1.0, ""imag"": 0.0}, {""real"": 0.0, ""imag"": 0.0}], ""h_vector"": [{""real"": 0.008667727918092628, ""imag"": 0.0004988935785443173}, {""real"": 0.0, ""imag"": 0.0}, {""real"": 0.9998476951563912, ""imag"": 0.0}], ""refractive_index"": {""real"": 0.999885140474, ""imag"": 4.32477054e-06}, ""vertical_sign"": -1, ""electric_tangential_norm_sq"": 1.0, ""power_per_unit_amplitude"": 0.006370780019798082, ""propagating"": true, ""rayleigh_warning"": false, ""classification"": ""propagating"", ""rayleigh_tolerance"": 1e-06, ""projection_denominator"": 1.467697843589745, ""traction_vector"": [{""real"": -0.0, ""imag"": 0.0}, {""real"": -0.004478058289365571, ""imag"": 0.07780134385941416}, {""real"": -0.0, ""imag"": 0.0}]}",1.3197250322383116,-0.16439157837224447,-0.01587189444385152,-0.1388817275735827,1.3197240512671184,-0.16439467913781666,-0.01587287541504481,-0.1388848283391549,9.809711931652032e-07,3.1007655721948524e-06,9.809711932901033e-07,3.1007655721948524e-06,offline_frozen_validation_only; no solver feedback
GPOLY-G64-FINAL,39,"{""schema"": ""fullspace-dtn.mode.v1"", ""mode_index"": 39, ""side"": ""bottom"", ""m"": 0, ""n"": 0, ""polarization"": ""p"", ""alpha"": {""real"": 8.97461192517716, ""imag"": 0.0}, ""gamma"": {""real"": 0.0, ""imag"": 0.0}, ""beta"": {""real"": 0.07780134385941416, ""imag"": 0.004478058289365571}, ""k_vector"": [{""real"": 8.97461192517716, ""imag"": 0.0}, {""real"": 0.0, ""imag"": 0.0}, {""real"": -0.07780134385941416, ""imag"": -0.004478058289365571}], ""e_vector"": [{""real"": 0.00866872360357703, ""imag"": 0.0004989132690542871}, {""real"": 0.0, ""imag"": 0.0}, {""real"": 0.9999623014383734, ""imag"": -4.325104281798984e-06}], ""h_vector"": [{""real"": 0.0, ""imag"": 0.0}, {""real"": -0.999884891569405, ""imag"": -4.324769463421086e-06}, {""real"": 0.0, ""imag"": 0.0}], ""refractive_index"": {""real"": 0.999885140474, ""imag"": 4.32477054e-06}, ""vertical_sign"": -1, ""electric_tangential_norm_sq"": 7.539568336525196e-05, ""power_per_unit_amplitude"": 0.0063707800197980845, ""propagating"": true, ""rayleigh_warning"": false, ""classification"": ""propagating"", ""rayleigh_tolerance"": 1e-06, ""projection_denominator"": 0.00011065808189115553, ""traction_vector"": [{""real"": -3.881903992786616e-05, ""imag"": 8.974945799399627}, {""real"": 0.0, ""imag"": 0.0}, {""real"": 0.0, ""imag"": 0.0}]}",2.0407969476618386e-06,2.7757924985515526e-07,2.0407969323027553e-06,2.77579251033774e-07,-3.7037259666544526e-14,2.295610468684518e-15,-5.239634310392418e-14,3.4742292575236597e-15,2.0407969846990983e-06,2.7757924755954477e-07,2.0407969846990983e-06,2.7757924755954477e-07,offline_frozen_validation_only; no solver feedback
GPOLY-G256-FINAL,0,"{""schema"": ""fullspace-dtn.mode.v1"", ""mode_index"": 0, ""side"": ""top"", ""m"": -3, ""n"": -1, ""polarization"": ""s"", ""alpha"": {""real"": -4.489356590207668, ""imag"": 0.0}, ""gamma"": {""real"": -5.983986006837701, ""imag"": 0.0}, ""beta"": {""real"": 4.960422166357995, ""imag"": 0.0}, ""k_vector"": [{""real"": -4.489356590207668, ""imag"": 0.0}, {""real"": -5.983986006837701, ""imag"": 0.0}, {""real"": 4.960422166357995, ""imag"": 0.0}], ""e_vector"": [{""real"": 0.7999122734807461, ""imag"": -0.0}, {""real"": -0.6001169508811294, ""imag"": 0.0}, {""real"": 0.0, ""imag"": 0.0}], ""h_vector"": [{""real"": 0.33164442810710654, ""imag"": 0.0}, {""real"": 0.44205791568604624, ""imag"": 0.0}, {""real"": 0.8334247251460797, ""imag"": -0.0}], ""refractive_index"": {""real"": 1.0, ""imag"": 0.0}, ""vertical_sign"": 1, ""electric_tangential_norm_sq"": 0.9999999999999998, ""power_per_unit_amplitude"": 0.4061852515594194, ""propagating"": true, ""rayleigh_warning"": false, ""classification"": ""propagating"", ""rayleigh_tolerance"": 1e-06, ""projection_denominator"": 1.4699999999999998, ""traction_vector"": [{""real"": 0.0, ""imag"": 3.9679025725157118}, {""real"": 0.0, ""imag"": -2.9768334255579263}, {""real"": 0.0, ""imag"": 0.0}]}",-3.954269373546141e-06,-8.552238694369095e-06,-3.954269373567383e-06,-8.552238694398598e-06,-4.134544516790736e-06,-8.530477664715285e-06,-4.134544516811978e-06,-8.530477664744787e-06,1.802751432445951e-07,-2.176102965381068e-08,1.802751432445951e-07,-2.176102965381068e-08,offline_frozen_validation_only; no solver feedback
GPOLY-G256-FINAL,1,"{""schema"": ""fullspace-dtn.mode.v1"", ""mode_index"": 1, ""side"": ""top"", ""m"": -3, ""n"": -1, ""polarization"": ""p"", ""alpha"": {""real"": -4.489356590207668, ""imag"": 0.0}, ""gamma"": {""real"": -5.983986006837701, ""imag"": 0.0}, ""beta"": {""real"": 4.960422166357995, ""imag"": 0.0}, ""k_vector"": [{""real"": -4.489356590207668, ""imag"": 0.0}, {""real"": -5.983986006837701, ""imag"": 0.0}, {""real"": 4.960422166357995, ""imag"": 0.0}], ""e_vector"": [{""real"": 0.3316444281071066, ""imag"": 0.0}, {""real"": 0.44205791568604635, ""imag"": 0.0}, {""real"": 0.8334247251460798, ""imag"": -0.0}], ""h_vector"": [{""real"": -0.7999122734807462, ""imag"": 0.0}, {""real"": 0.6001169508811294, ""imag"": 0.0}, {""real"": -2.4737647522494018e-17, ""imag"": 0.0}], ""refractive_index"": {""real"": 1.0, ""imag"": 0.0}, ""vertical_sign"": 1, ""electric_tangential_norm_sq"": 0.30540322751518145, ""power_per_unit_amplitude"": 0.4061852515594195, ""propagating"": true, ""rayleigh_warning"": false, ""classification"": ""propagating"", ""rayleigh_tolerance"": 1e-06, ""projection_denominator"": 0.44894274444731674, ""traction_vector"": [{""real"": 0.0, ""imag"": 5.38663715480818}, {""real"": 0.0, ""imag"": 7.179995776809777}, {""real"": 0.0, ""imag"": -0.0}]}",3.2374506328804035e-06,6.330722943557786e-06,3.2374506328572194e-06,6.330722943598358e-06,3.0469597078748646e-06,6.279864279230611e-06,3.0469597078516805e-06,6.279864279271183e-06,1.9049092500553888e-07,5.0858664327174726e-08,1.9049092500553888e-07,5.0858664327174726e-08,offline_frozen_validation_only; no solver feedback
GPOLY-G256-FINAL,2,"{""schema"": ""fullspace-dtn.mode.v1"", ""mode_index"": 2, ""side"": ""top"", ""m"": -3, ""n"": 0, ""polarization"": ""s"", ""alpha"": {""real"": -4.489356590207668, ""imag"": 0.0}, ""gamma"": {""real"": 0.0, ""imag"": 0.0}, ""beta"": {""real"": 7.772636399480241, ""imag"": 0.0}, ""k_vector"": [{""real"": -4.489356590207668, ""imag"": 0.0}, {""real"": 0.0, ""imag"": 0.0}, {""real"": 7.772636399480241, ""imag"": 0.0}], ""e_vector"": [{""real"": -0.0, ""imag"": 0.0}, {""real"": -1.0, ""imag"": 0.0}, {""real"": 0.0, ""imag"": 0.0}], ""h_vector"": [{""real"": 0.8659374526832905, ""imag"": 0.0}, {""real"": 0.0, ""imag"": 0.0}, {""real"": 0.5001523048436087, ""imag"": -0.0}], ""refractive_index"": {""real"": 1.0, ""imag"": 0.0}, ""vertical_sign"": 1, ""electric_tangential_norm_sq"": 1.0, ""power_per_unit_amplitude"": 0.6364640277222186, ""propagating"": true, ""rayleigh_warning"": false, ""classification"": ""propagating"", ""rayleigh_tolerance"": 1e-06, ""projection_denominator"": 1.47, ""traction_vector"": [{""real"": 0.0, ""imag"": 0.0}, {""real"": 0.0, ""imag"": -7.772636399480241}, {""real"": 0.0, ""imag"": 0.0}]}",-4.1812559239180415e-05,-1.1587161136456704e-05,-4.181255923942351e-05,-1.1587161136561731e-05,-4.174435527054871e-05,-1.1429406449091863e-05,-4.174435527079181e-05,-1.142940644919689e-05,-6.820396863170493e-08,-1.5775468736484086e-07,-6.820396863170493e-08,-1.5775468736484086e-07,offline_frozen_validation_only; no solver feedback
GPOLY-G256-FINAL,3,"{""schema"": ""fullspace-dtn.mode.v1"", ""mode_index"": 3, ""side"": ""top"", ""m"": -3, ""n"": 0, ""polarization"": ""p"", ""alpha"": {""real"": -4.489356590207668, ""imag"": 0.0}, ""gamma"": {""real"": 0.0, ""imag"": 0.0}, ""beta"": {""real"": 7.772636399480241, ""imag"": 0.0}, ""k_vector"": [{""real"": -4.489356590207668, ""imag"": 0.0}, {""real"": 0.0, ""imag"": 0.0}, {""real"": 7.772636399480241, ""imag"": 0.0}], ""e_vector"": [{""real"": 0.8659374526832905, ""imag"": 0.0}, {""real"": 0.0, ""imag"": 0.0}, {""real"": 0.5001523048436087, ""imag"": -0.0}], ""h_vector"": [{""real"": 0.0, ""imag"": 0.0}, {""real"": 1.0, ""imag"": 0.0}, {""real"": 0.0, ""imag"": 0.0}], ""refractive_index"": {""real"": 1.0, ""imag"": 0.0}, ""vertical_sign"": 1, ""electric_tangential_norm_sq"": 0.749847671959626, ""power_per_unit_amplitude"": 0.6364640277222186, ""propagating"": true, ""rayleigh_warning"": false, ""classification"": ""propagating"", ""rayleigh_tolerance"": 1e-06, ""projection_denominator"": 1.1022760777806502, ""traction_vector"": [{""real"": 0.0, ""imag"": 8.975979010256552}, {""real"": -0.0, ""imag"": 0.0}, {""real"": 0.0, ""imag"": 0.0}]}",-1.4378427614166444e-08,2.4604472767142426e-09,-1.4378427614166444e-08,2.4604472767142426e-09,2.335674126355448e-16,-1.0674968189333025e-16,2.3356741263554483e-16,-1.0674968189333019e-16,-1.4378427847733857e-08,2.4604473834639243e-09,-1.4378427847733857e-08,2.4604473834639243e-09,offline_frozen_validation_only; no solver feedback
GPOLY-G256-FINAL,4,"{""schema"": ""fullspace-dtn.mode.v1"", ""mode_index"": 4, ""side"": ""top"", ""m"": -3, ""n"": 1, ""polarization"": ""s"", ""alpha"": {""real"": -4.489356590207668, ""imag"": 0.0}, ""gamma"": {""real"": 5.983986006837701, ""imag"": 0.0}, ""beta"": {""real"": 4.960422166357995, ""imag"": 0.0}, ""k_vector"": [{""real"": -4.489356590207668, ""imag"": 0.0}, {""real"": 5.983986006837701, ""imag"": 0.0}, {""real"": 4.960422166357995, ""imag"": 0.0}], ""e_vector"": [{""real"": -0.7999122734807461, ""imag"": 0.0}, {""real"": -0.6001169508811294, ""imag"": 0.0}, {""real"": 0.0, ""imag"": 0.0}], ""h_vector"": [{""real"": 0.33164442810710654, ""imag"": 0.0}, {""real"": -0.44205791568604624, ""imag"": 0.0}, {""real"": 0.8334247251460797, ""imag"": -0.0}], ""refractive_index"": {""real"": 1.0, ""imag"": 0.0}, ""vertical_sign"": 1, ""electric_tangential_norm_sq"": 0.9999999999999998, ""power_per_unit_amplitude"": 0.4061852515594194, ""propagating"": true, ""rayleigh_warning"": false, ""classification"": ""propagating"", ""rayleigh_tolerance"": 1e-06, ""projection_denominator"": 1.4699999999999998, ""traction_vector"": [{""real"": 0.0, ""imag"": -3.9679025725157118}, {""real"": 0.0, ""imag"": -2.9768334255579263}, {""real"": 0.0, ""imag"": 0.0}]}",-4.069720396039045e-06,-8.426265990688378e-06,-4.069720396043765e-06,-8.426265990681297e-06,-4.134544517190177e-06,-8.530477664672137e-06,-4.134544517194898e-06,-8.530477664665056e-06,6.482412115113221e-08,1.0421167398375856e-07,6.482412115113221e-08,1.0421167398375856e-07,offline_frozen_validation_only; no solver feedback
GPOLY-G256-FINAL,5,"{""schema"": ""fullspace-dtn.mode.v1"", ""mode_index"": 5, ""side"": ""top"", ""m"": -3, ""n"": 1, ""polarization"": ""p"", ""alpha"": {""real"": -4.489356590207668, ""imag"": 0.0}, ""gamma"": {""real"": 5.983986006837701, ""imag"": 0.0}, ""beta"": {""real"": 4.960422166357995, ""imag"": 0.0}, ""k_vector"": [{""real"": -4.489356590207668, ""imag"": 0.0}, {""real"": 5.983986006837701, ""imag"": 0.0}, {""real"": 4.960422166357995, ""imag"": 0.0}], ""e_vector"": [{""real"": 0.3316444281071066, ""imag"": 0.0}, {""real"": -0.44205791568604635, ""imag"": 0.0}, {""real"": 0.8334247251460798, ""imag"": -0.0}], ""h_vector"": [{""real"": 0.7999122734807462, ""imag"": 0.0}, {""real"": 0.6001169508811294, ""imag"": 0.0}, {""real"": 2.4737647522494018e-17, ""imag"": -0.0}], ""refractive_index"": {""real"": 1.0, ""imag"": 0.0}, ""vertical_sign"": 1, ""electric_tangential_norm_sq"": 0.30540322751518145, ""power_per_unit_amplitude"": 0.4061852515594195, ""propagating"": true, ""rayleigh_warning"": false, ""classification"": ""propagating"", ""rayleigh_tolerance"": 1e-06, ""projection_denominator"": 0.44894274444731674, ""traction_vector"": [{""real"": 0.0, ""imag"": 5.38663715480818}, {""real"": 0.0, ""imag"": -7.179995776809777}, {""real"": 0.0, ""imag"": 0.0}]}",-3.0825933663992805e-06,-6.205275169119386e-06,-3.0825933663760964e-06,-6.205275169100066e-06,-3.0469597082596497e-06,-6.279864279523739e-06,-3.0469597082364655e-06,-6.279864279504419e-06,-3.5633658139630883e-08,7.458911040435297e-08,-3.5633658139630883e-08,7.458911040435297e-08,offline_frozen_validation_only; no solver feedback
GPOLY-G256-FINAL,6,"{""schema"": ""fullspace-dtn.mode.v1"", ""mode_index"": 6, ""side"": ""top"", ""m"": -2, ""n"": -1, ""polarization"": ""s"", ""alpha"": {""real"": -0.0013670850793925382, ""imag"": 0.0}, ""gamma"": {""real"": -5.983986006837701, ""imag"": 0.0}, ""beta"": {""real"": 6.690299604174327, ""imag"": 0.0}, ""k_vector"": [{""real"": -0.0013670850793925382, ""imag"": 0.0}, {""real"": -5.983986006837701, ""imag"": 0.0}, {""real"": 6.690299604174327, ""imag"": 0.0}], ""e_vector"": [{""real"": 0.9999999739036398, ""imag"": -0.0}, {""real"": -0.00022845725945122052, ""imag"": 0.0}, {""real"": 0.0, ""imag"": 0.0}], ""h_vector"": [{""real"": 0.00017028198380708622, ""imag"": 0.0}, {""real"": 0.7453559574879883, ""imag"": 0.0}, {""real"": 0.6666666840642403, ""imag"": -0.0}], ""refractive_index"": {""real"": 1.0, ""imag"": 0.0}, ""vertical_sign"": 1, ""electric_tangential_norm_sq"": 0.9999999999999997, ""power_per_unit_amplitude"": 0.5478366430502136, ""propagating"": true, ""rayleigh_warning"": false, ""classification"": ""propagating"", ""rayleigh_tolerance"": 1e-06, ""projection_denominator"": 1.4699999999999995, ""traction_vector"": [{""real"": 0.0, ""imag"": 6.6902994295818585}, {""real"": 0.0, ""imag"": -0.001528447512477252}, {""real"": 0.0, ""imag"": 0.0}]}",-8.181453984850249e-08,1.0600533075867208e-07,-8.181453984849788e-08,1.0600533075867064e-07,-7.195797395900892e-09,4.3342190942694065e-09,-7.195797395896282e-09,4.334219094267966e-09,-7.461874245260159e-08,1.0167111166440267e-07,-7.46187424526016e-08,1.0167111166440267e-07,offline_frozen_validation_only; no solver feedback
GPOLY-G256-FINAL,7,"{""schema"": ""fullspace-dtn.mode.v1"", ""mode_index"": 7, ""side"": ""top"", ""m"": -2, ""n"": -1, ""polarization"": ""p"", ""alpha"": {""real"": -0.0013670850793925382, ""imag"": 0.0}, ""gamma"": {""real"": -5.983986006837701, ""imag"": 0.0}, ""beta"": {""real"": 6.690299604174327, ""imag"": 0.0}, ""k_vector"": [{""real"": -0.0013670850793925382, ""imag"": 0.0}, {""real"": -5.983986006837701, ""imag"": 0.0}, {""real"": 6.690299604174327, ""imag"": 0.0}], ""e_vector"": [{""real"": 0.00017028198380708627, ""imag"": 0.0}, {""real"": 0.7453559574879884, ""imag"": 0.0}, {""real"": 0.6666666840642405, ""imag"": -0.0}], ""h_vector"": [{""real"": -0.9999999739036399, ""imag"": 0.0}, {""real"": 0.00022845725945122054, ""imag"": 0.0}, {""real"": 2.4157858908685565e-20, ""imag"": 0.0}], ""refractive_index"": {""real"": 1.0, ""imag"": 0.0}, ""vertical_sign"": 1, ""electric_tangential_norm_sq"": 0.5555555323587901, ""power_per_unit_amplitude"": 0.5478366430502138, ""propagating"": true, ""rayleigh_warning"": false, ""classification"": ""propagating"", ""rayleigh_tolerance"": 1e-06, ""projection_denominator"": 0.8166666325674213, ""traction_vector"": [{""real"": 0.0, ""imag"": 0.002050627565574891}, {""real"": 0.0, ""imag"": 8.975978776016172}, {""real"": 0.0, ""imag"": -0.0}]}",1.3828513272805413e-05,-8.978537269371773e-06,1.3828513272745936e-05,-8.978537269371773e-06,1.3884985056625193e-05,-8.98399558006467e-06,1.3884985056565716e-05,-8.98399558006467e-06,-5.647178381978055e-08,5.458310692896623e-09,-5.647178381978055e-08,5.458310692896623e-09,offline_frozen_validation_only; no solver feedback
GPOLY-G256-FINAL,8,"{""schema"": ""fullspace-dtn.mode.v1"", ""mode_index"": 8, ""side"": ""top"", ""m"": -2, ""n"": 0, ""polarization"": ""s"", ""alpha"": {""real"": -0.0013670850793925382, ""imag"": 0.0}, ""gamma"": {""real"": 0.0, ""imag"": 0.0}, ""beta"": {""real"": 8.975978906149711, ""imag"": 0.0}, ""k_vector"": [{""real"": -0.0013670850793925382, ""imag"": 0.0}, {""real"": 0.0, ""imag"": 0.0}, {""real"": 8.975978906149711, ""imag"": 0.0}], ""e_vector"": [{""real"": -0.0, ""imag"": 0.0}, {""real"": -1.0, ""imag"": 0.0}, {""real"": 0.0, ""imag"": 0.0}], ""h_vector"": [{""real"": 0.9999999884016172, ""imag"": 0.0}, {""real"": 0.0, ""imag"": 0.0}, {""real"": 0.00015230484360874904, ""imag"": -0.0}], ""refractive_index"": {""real"": 1.0, ""imag"": 0.0}, ""vertical_sign"": 1, ""electric_tangential_norm_sq"": 1.0, ""power_per_unit_amplitude"": 0.7349999914751887, ""propagating"": true, ""rayleigh_warning"": false, ""classification"": ""propagating"", ""rayleigh_tolerance"": 1e-06, ""projection_denominator"": 1.47, ""traction_vector"": [{""real"": 0.0, ""imag"": 0.0}, {""real"": 0.0, ""imag"": -8.975978906149711}, {""real"": 0.0, ""imag"": 0.0}]}",3.1537350824294914e-06,1.5870065483912694e-05,3.153735082752226e-06,1.5870065483790555e-05,3.266661606981309e-06,1.579199203088943e-05,3.2666616073040435e-06,1.579199203076729e-05,-1.129265245518177e-07,7.807345302326407e-08,-1.129265245518177e-07,7.807345302326407e-08,offline_frozen_validation_only; no solver feedback
GPOLY-G256-FINAL,9,"{""schema"": ""fullspace-dtn.mode.v1"", ""mode_index"": 9, ""side"": ""top"", ""m"": -2, ""n"": 0, ""polarization"": ""p"", ""alpha"": {""real"": -0.0013670850793925382, ""imag"": 0.0}, ""gamma"": {""real"": 0.0, ""imag"": 0.0}, ""beta"": {""real"": 8.975978906149711, ""imag"": 0.0}, ""k_vector"": [{""real"": -0.0013670850793925382, ""imag"": 0.0}, {""real"": 0.0, ""imag"": 0.0}, {""real"": 8.975978906149711, ""imag"": 0.0}], ""e_vector"": [{""real"": 0.9999999884016174, ""imag"": 0.0}, {""real"": 0.0, ""imag"": 0.0}, {""real"": 0.00015230484360874907, ""imag"": -0.0}], ""h_vector"": [{""real"": 0.0, ""imag"": 0.0}, {""real"": 1.0000000000000002, ""imag"": 0.0}, {""real"": 0.0, ""imag"": 0.0}], ""refractive_index"": {""real"": 1.0, ""imag"": 0.0}, ""vertical_sign"": 1, ""electric_tangential_norm_sq"": 0.9999999768032349, ""power_per_unit_amplitude"": 0.7349999914751889, ""propagating"": true, ""rayleigh_warning"": false, ""classification"": ""propagating"", ""rayleigh_tolerance"": 1e-06, ""projection_denominator"": 1.4699999659007554, ""traction_vector"": [{""real"": 0.0, ""imag"": 8.975979010256554}, {""real"": -0.0, ""imag"": 0.0}, {""real"": 0.0, ""imag"": 0.0}]}",-4.22190651605312e-08,8.45992588613717e-08,-4.22190651605312e-08,8.45992588613717e-08,-2.0122553573612502e-16,1.8658087211231932e-16,-2.01225535736125e-16,1.865808721123193e-16,-4.2219064959305665e-08,8.459925867479083e-08,-4.2219064959305665e-08,8.459925867479083e-08,offline_frozen_validation_only; no solver feedback
GPOLY-G256-FINAL,10,"{""schema"": ""fullspace-dtn.mode.v1"", ""mode_index"": 10, ""side"": ""top"", ""m"": -2, ""n"": 1, ""polarization"": ""s"", ""alpha"": {""real"": -0.0013670850793925382, ""imag"": 0.0}, ""gamma"": {""real"": 5.983986006837701, ""imag"": 0.0}, ""beta"": {""real"": 6.690299604174327, ""imag"": 0.0}, ""k_vector"": [{""real"": -0.0013670850793925382, ""imag"": 0.0}, {""real"": 5.983986006837701, ""imag"": 0.0}, {""real"": 6.690299604174327, ""imag"": 0.0}], ""e_vector"": [{""real"": -0.9999999739036398, ""imag"": 0.0}, {""real"": -0.00022845725945122052, ""imag"": 0.0}, {""real"": 0.0, ""imag"": 0.0}], ""h_vector"": [{""real"": 0.00017028198380708622, ""imag"": 0.0}, {""real"": -0.7453559574879883, ""imag"": 0.0}, {""real"": 0.6666666840642403, ""imag"": -0.0}], ""refractive_index"": {""real"": 1.0, ""imag"": 0.0}, ""vertical_sign"": 1, ""electric_tangential_norm_sq"": 0.9999999999999997, ""power_per_unit_amplitude"": 0.5478366430502136, ""propagating"": true, ""rayleigh_warning"": false, ""classification"": ""propagating"", ""rayleigh_tolerance"": 1e-06, ""projection_denominator"": 1.4699999999999995, ""traction_vector"": [{""real"": 0.0, ""imag"": -6.6902994295818585}, {""real"": 0.0, ""imag"": -0.001528447512477252}, {""real"": 0.0, ""imag"": 0.0}]}",2.4061800660697646e-08,-7.579194967934656e-08,2.4061800660697646e-08,-7.57919496793454e-08,-7.195797779243505e-09,4.334218822436149e-09,-7.195797779243505e-09,4.334218822437301e-09,3.125759843994115e-08,-8.01261685017827e-08,3.125759843994115e-08,-8.01261685017827e-08,offline_frozen_validation_only; no solver feedback
GPOLY-G256-FINAL,11,"{""schema"": ""fullspace-dtn.mode.v1"", ""mode_index"": 11, ""side"": ""top"", ""m"": -2, ""n"": 1, ""polarization"": ""p"", ""alpha"": {""real"": -0.0013670850793925382, ""imag"": 0.0}, ""gamma"": {""real"": 5.983986006837701, ""imag"": 0.0}, ""beta"": {""real"": 6.690299604174327, ""imag"": 0.0}, ""k_vector"": [{""real"": -0.0013670850793925382, ""imag"": 0.0}, {""real"": 5.983986006837701, ""imag"": 0.0}, {""real"": 6.690299604174327, ""imag"": 0.0}], ""e_vector"": [{""real"": 0.00017028198380708627, ""imag"": 0.0}, {""real"": -0.7453559574879884, ""imag"": 0.0}, {""real"": 0.6666666840642405, ""imag"": -0.0}], ""h_vector"": [{""real"": 0.9999999739036399, ""imag"": 0.0}, {""real"": 0.00022845725945122054, ""imag"": 0.0}, {""real"": -2.4157858908685565e-20, ""imag"": 0.0}], ""refractive_index"": {""real"": 1.0, ""imag"": 0.0}, ""vertical_sign"": 1, ""electric_tangential_norm_sq"": 0.5555555323587901, ""power_per_unit_amplitude"": 0.5478366430502138, ""propagating"": true, ""rayleigh_warning"": false, ""classification"": ""propagating"", ""rayleigh_tolerance"": 1e-06, ""projection_denominator"": 0.8166666325674213, ""traction_vector"": [{""real"": 0.0, ""imag"": 0.002050627565574891}, {""real"": 0.0, ""imag"": -8.975978776016172}, {""real"": 0.0, ""imag"": 0.0}]}",-1.4024699673648158e-05,9.028206707445728e-06,-1.4024699673711882e-05,9.028206707445728e-06,-1.3884985056452473e-05,8.983995580305071e-06,-1.3884985056516197e-05,8.983995580305071e-06,-1.397146171956846e-07,4.421112714065719e-08,-1.397146171956846e-07,4.421112714065719e-08,offline_frozen_validation_only; no solver feedback
GPOLY-G256-FINAL,12,"{""schema"": ""fullspace-dtn.mode.v1"", ""mode_index"": 12, ""side"": ""top"", ""m"": -1, ""n"": -1, ""polarization"": ""s"", ""alpha"": {""real"": 4.486622420048883, ""imag"": 0.0}, ""gamma"": {""real"": -5.983986006837701, ""imag"": 0.0}, ""beta"": {""real"": 4.962895316491319, ""imag"": 0.0}, ""k_vector"": [{""real"": 4.486622420048883, ""imag"": 0.0}, {""real"": -5.983986006837701, ""imag"": 0.0}, {""real"": 4.962895316491319, ""imag"": 0.0}], ""e_vector"": [{""real"": 0.8000877286570669, ""imag"": -0.0}, {""real"": 0.5998830106382207, ""imag"": 0.0}, {""real"": 0.0, ""imag"": 0.0}], ""h_vector"": [{""real"": -0.33168043068474645, ""imag"": 0.0}, {""real"": 0.4423753260560312, ""imag"": 0.0}, {""real"": 0.8332419593357027, ""imag"": 0.0}], ""refractive_index"": {""real"": 1.0, ""imag"": 0.0}, ""vertical_sign"": 1, ""electric_tangential_norm_sq"": 0.9999999999999999, ""power_per_unit_amplitude"": 0.4063877659977793, ""propagating"": true, ""rayleigh_warning"": false, ""classification"": ""propagating"", ""rayleigh_tolerance"": 1e-06, ""projection_denominator"": 1.4699999999999998, ""traction_vector"": [{""real"": 0.0, ""imag"": 3.9707516413343344}, {""real"": 0.0, ""imag"": 2.9771565839391374}, {""real"": 0.0, ""imag"": -0.0}]}",2.5583218985266968e-05,-1.2483157991267635e-05,2.5583218985233927e-05,-1.2483157991267635e-05,2.555102944959861e-05,-1.2421186840752343e-05,2.555102944956557e-05,-1.2421186840752343e-05,3.218953566835826e-08,-6.197115051529266e-08,3.218953566835826e-08,-6.197115051529266e-08,offline_frozen_validation_only; no solver feedback
GPOLY-G256-FINAL,13,"{""schema"": ""fullspace-dtn.mode.v1"", ""mode_index"": 13, ""side"": ""top"", ""m"": -1, ""n"": -1, ""polarization"": ""p"", ""alpha"": {""real"": 4.486622420048883, ""imag"": 0.0}, ""gamma"": {""real"": -5.983986006837701, ""imag"": 0.0}, ""beta"": {""real"": 4.962895316491319, ""imag"": 0.0}, ""k_vector"": [{""real"": 4.486622420048883, ""imag"": 0.0}, {""real"": -5.983986006837701, ""imag"": 0.0}, {""real"": 4.962895316491319, ""imag"": 0.0}], ""e_vector"": [{""real"": -0.3316804306847465, ""imag"": 0.0}, {""real"": 0.4423753260560313, ""imag"": 0.0}, {""real"": 0.833241959335703, ""imag"": 0.0}], ""h_vector"": [{""real"": -0.8000877286570669, ""imag"": 0.0}, {""real"": -0.5998830106382207, ""imag"": 0.0}, {""real"": -2.4737647522494018e-17, ""imag"": 0.0}], ""refractive_index"": {""real"": 1.0, ""imag"": 0.0}, ""vertical_sign"": 1, ""electric_tangential_norm_sq"": 0.3057078372023989, ""power_per_unit_amplitude"": 0.4063877659977795, ""propagating"": true, ""rayleigh_warning"": false, ""classification"": ""propagating"", ""rayleigh_tolerance"": 1e-06, ""projection_denominator"": 0.4493905206875264, ""traction_vector"": [{""real"": 0.0, ""imag"": -5.384537312098177}, {""real"": 0.0, ""imag"": 7.181570658789672}, {""real"": 0.0, ""imag"": 0.0}]}",1.8901371755552565e-05,-9.13120982463371e-06,1.890137175545992e-05,-9.13120982466073e-06,1.8842193182604635e-05,-9.15911227089638e-06,1.884219318251199e-05,-9.1591122709234e-06,5.9178572947929804e-08,2.7902446262669957e-08,5.9178572947929804e-08,2.7902446262669957e-08,offline_frozen_validation_only; no solver feedback
GPOLY-G256-FINAL,14,"{""schema"": ""fullspace-dtn.mode.v1"", ""mode_index"": 14, ""side"": ""top"", ""m"": -1, ""n"": 0, ""polarization"": ""s"", ""alpha"": {""real"": 4.486622420048883, ""imag"": 0.0}, ""gamma"": {""real"": 0.0, ""imag"": 0.0}, ""beta"": {""real"": 7.774214973389975, ""imag"": 0.0}, ""k_vector"": [{""real"": 4.486622420048883, ""imag"": 0.0}, {""real"": 0.0, ""imag"": 0.0}, {""real"": 7.774214973389975, ""imag"": 0.0}], ""e_vector"": [{""real"": -0.0, ""imag"": 0.0}, {""real"": 1.0, ""imag"": 0.0}, {""real"": 0.0, ""imag"": 0.0}], ""h_vector"": [{""real"": -0.8661133191718294, ""imag"": 0.0}, {""real"": 0.0, ""imag"": 0.0}, {""real"": 0.4998476951563912, ""imag"": 0.0}], ""refractive_index"": {""real"": 1.0, ""imag"": 0.0}, ""vertical_sign"": 1, ""electric_tangential_norm_sq"": 1.0, ""power_per_unit_amplitude"": 0.6365932895912946, ""propagating"": true, ""rayleigh_warning"": false, ""classification"": ""propagating"", ""rayleigh_tolerance"": 1e-06, ""projection_denominator"": 1.47, ""traction_vector"": [{""real"": -0.0, ""imag"": 0.0}, {""real"": 0.0, ""imag"": 7.774214973389975}, {""real"": 0.0, ""imag"": -0.0}]}",-0.0001078294429089683,-7.265375862506448e-05,-0.00010782944290857651,-7.26537586245128e-05,-0.0001077984191275123,-7.256319276933049e-05,-0.00010779841912712052,-7.256319276877881e-05,-3.1023781455998467e-08,-9.056585573399465e-08,-3.1023781455998467e-08,-9.056585573399465e-08,offline_frozen_validation_only; no solver feedback
GPOLY-G256-FINAL,15,"{""schema"": ""fullspace-dtn.mode.v1"", ""mode_index"": 15, ""side"": ""top"", ""m"": -1, ""n"": 0, ""polarization"": ""p"", ""alpha"": {""real"": 4.486622420048883, ""imag"": 0.0}, ""gamma"": {""real"": 0.0, ""imag"": 0.0}, ""beta"": {""real"": 7.774214973389975, ""imag"": 0.0}, ""k_vector"": [{""real"": 4.486622420048883, ""imag"": 0.0}, {""real"": 0.0, ""imag"": 0.0}, {""real"": 7.774214973389975, ""imag"": 0.0}], ""e_vector"": [{""real"": -0.8661133191718294, ""imag"": 0.0}, {""real"": 0.0, ""imag"": 0.0}, {""real"": 0.4998476951563912, ""imag"": 0.0}], ""h_vector"": [{""real"": 0.0, ""imag"": 0.0}, {""real"": -1.0, ""imag"": 0.0}, {""real"": 0.0, ""imag"": 0.0}], ""refractive_index"": {""real"": 1.0, ""imag"": 0.0}, ""vertical_sign"": 1, ""electric_tangential_norm_sq"": 0.7501522816468433, ""power_per_unit_amplitude"": 0.6365932895912946, ""propagating"": true, ""rayleigh_warning"": false, ""classification"": ""propagating"", ""rayleigh_tolerance"": 1e-06, ""projection_denominator"": 1.1027238540208597, ""traction_vector"": [{""real"": 0.0, ""imag"": -8.975979010256552}, {""real"": 0.0, ""imag"": 0.0}, {""real"": 0.0, ""imag"": 0.0}]}",2.6328314553938052e-09,7.202247567193515e-08,2.6328314553938052e-09,7.202247567193515e-08,-7.512217828146564e-16,7.306111960405604e-16,-7.512217828146564e-16,7.306111960405604e-16,2.632832206615588e-09,7.202247494132396e-08,2.632832206615588e-09,7.202247494132396e-08,offline_frozen_validation_only; no solver feedback
GPOLY-G256-FINAL,16,"{""schema"": ""fullspace-dtn.mode.v1"", ""mode_index"": 16, ""side"": ""top"", ""m"": -1, ""n"": 1, ""polarization"": ""s"", ""alpha"": {""real"": 4.486622420048883, ""imag"": 0.0}, ""gamma"": {""real"": 5.983986006837701, ""imag"": 0.0}, ""beta"": {""real"": 4.962895316491319, ""imag"": 0.0}, ""k_vector"": [{""real"": 4.486622420048883, ""imag"": 0.0}, {""real"": 5.983986006837701, ""imag"": 0.0}, {""real"": 4.962895316491319, ""imag"": 0.0}], ""e_vector"": [{""real"": -0.8000877286570669, ""imag"": 0.0}, {""real"": 0.5998830106382207, ""imag"": 0.0}, {""real"": 0.0, ""imag"": 0.0}], ""h_vector"": [{""real"": -0.33168043068474645, ""imag"": 0.0}, {""real"": -0.4423753260560312, ""imag"": 0.0}, {""real"": 0.8332419593357027, ""imag"": 0.0}], ""refractive_index"": {""real"": 1.0, ""imag"": 0.0}, ""vertical_sign"": 1, ""electric_tangential_norm_sq"": 0.9999999999999999, ""power_per_unit_amplitude"": 0.4063877659977793, ""propagating"": true, ""rayleigh_warning"": false, ""classification"": ""propagating"", ""rayleigh_tolerance"": 1e-06, ""projection_denominator"": 1.4699999999999998, ""traction_vector"": [{""real"": 0.0, ""imag"": -3.9707516413343344}, {""real"": 0.0, ""imag"": 2.9771565839391374}, {""real"": 0.0, ""imag"": 0.0}]}",2.5519439296861584e-05,-1.2413694750866317e-05,2.5519439296876925e-05,-1.2413694750846255e-05,2.5551029449478588e-05,-1.2421186840209803e-05,2.555102944949393e-05,-1.2421186840189742e-05,-3.159015261700474e-08,7.492089343486184e-09,-3.159015261700474e-08,7.492089343486184e-09,offline_frozen_validation_only; no solver feedback
GPOLY-G256-FINAL,17,"{""schema"": ""fullspace-dtn.mode.v1"", ""mode_index"": 17, ""side"": ""top"", ""m"": -1, ""n"": 1, ""polarization"": ""p"", ""alpha"": {""real"": 4.486622420048883, ""imag"": 0.0}, ""gamma"": {""real"": 5.983986006837701, ""imag"": 0.0}, ""beta"": {""real"": 4.962895316491319, ""imag"": 0.0}, ""k_vector"": [{""real"": 4.486622420048883, ""imag"": 0.0}, {""real"": 5.983986006837701, ""imag"": 0.0}, {""real"": 4.962895316491319, ""imag"": 0.0}], ""e_vector"": [{""real"": -0.3316804306847465, ""imag"": 0.0}, {""real"": -0.4423753260560313, ""imag"": 0.0}, {""real"": 0.833241959335703, ""imag"": 0.0}], ""h_vector"": [{""real"": 0.8000877286570669, ""imag"": 0.0}, {""real"": -0.5998830106382207, ""imag"": 0.0}, {""real"": 2.4737647522494018e-17, ""imag"": 0.0}], ""refractive_index"": {""real"": 1.0, ""imag"": 0.0}, ""vertical_sign"": 1, ""electric_tangential_norm_sq"": 0.3057078372023989, ""power_per_unit_amplitude"": 0.4063877659977795, ""propagating"": true, ""rayleigh_warning"": false, ""classification"": ""propagating"", ""rayleigh_tolerance"": 1e-06, ""projection_denominator"": 0.4493905206875264, ""traction_vector"": [{""real"": 0.0, ""imag"": -5.384537312098177}, {""real"": 0.0, ""imag"": -7.181570658789672}, {""real"": 0.0, ""imag"": 0.0}]}",-1.8788929591700515e-05,9.106898402684778e-06,-1.878892959178158e-05,9.106898402673197e-06,-1.884219318237659e-05,9.159112271291004e-06,-1.8842193182457654e-05,9.159112271279423e-06,5.3263590676074846e-08,-5.221386860622573e-08,5.3263590676074846e-08,-5.221386860622573e-08,offline_frozen_validation_only; no solver feedback
GPOLY-G256-FINAL,18,"{""schema"": ""fullspace-dtn.mode.v1"", ""mode_index"": 18, ""side"": ""top"", ""m"": 0, ""n"": 0, ""polarization"": ""s"", ""alpha"": {""real"": 8.97461192517716, ""imag"": 0.0}, ""gamma"": {""real"": 0.0, ""imag"": 0.0}, ""beta"": {""real"": 0.15665243385951635, ""imag"": 0.0}, ""k_vector"": [{""real"": 8.97461192517716, ""imag"": 0.0}, {""real"": 0.0, ""imag"": 0.0}, {""real"": 0.15665243385951635, ""imag"": 0.0}], ""e_vector"": [{""real"": -0.0, ""imag"": 0.0}, {""real"": 1.0, ""imag"": 0.0}, {""real"": 0.0, ""imag"": 0.0}], ""h_vector"": [{""real"": -0.017452406437282755, ""imag"": 0.0}, {""real"": 0.0, ""imag"": 0.0}, {""real"": 0.9998476951563912, ""imag"": 0.0}], ""refractive_index"": {""real"": 1.0, ""imag"": 0.0}, ""vertical_sign"": 1, ""electric_tangential_norm_sq"": 1.0, ""power_per_unit_amplitude"": 0.012827518731402825, ""propagating"": true, ""rayleigh_warning"": false, ""classification"": ""propagating"", ""rayleigh_tolerance"": 1e-06, ""projection_denominator"": 1.47, ""traction_vector"": [{""real"": -0.0, ""imag"": 0.0}, {""real"": 0.0, ""imag"": 0.15665243385951635}, {""real"": 0.0, ""imag"": -0.0}]}",1.2301130375989964,-0.5354340274175043,-0.032745646165898264,-0.13554449274050112,1.2301124466956983,-0.5354375258627233,-0.03274623706919645,-0.13554799118572006,5.909032980699891e-07,3.498445218963475e-06,5.909032981879503e-07,3.4984452189357196e-06,offline_frozen_validation_only; no solver feedback
GPOLY-G256-FINAL,19,"{""schema"": ""fullspace-dtn.mode.v1"", ""mode_index"": 19, ""side"": ""top"", ""m"": 0, ""n"": 0, ""polarization"": ""p"", ""alpha"": {""real"": 8.97461192517716, ""imag"": 0.0}, ""gamma"": {""real"": 0.0, ""imag"": 0.0}, ""beta"": {""real"": 0.15665243385951635, ""imag"": 0.0}, ""k_vector"": [{""real"": 8.97461192517716, ""imag"": 0.0}, {""real"": 0.0, ""imag"": 0.0}, {""real"": 0.15665243385951635, ""imag"": 0.0}], ""e_vector"": [{""real"": -0.01745240643728276, ""imag"": 0.0}, {""real"": 0.0, ""imag"": 0.0}, {""real"": 0.9998476951563914, ""imag"": 0.0}], ""h_vector"": [{""real"": 0.0, ""imag"": 0.0}, {""real"": -1.0000000000000002, ""imag"": 0.0}, {""real"": 0.0, ""imag"": 0.0}], ""refractive_index"": {""real"": 1.0, ""imag"": 0.0}, ""vertical_sign"": 1, ""electric_tangential_norm_sq"": 0.0003045864904521087, ""power_per_unit_amplitude"": 0.01282751873140283, ""propagating"": true, ""rayleigh_warning"": false, ""classification"": ""propagating"", ""rayleigh_tolerance"": 1e-06, ""projection_denominator"": 0.0004477421409645998, ""traction_vector"": [{""real"": 0.0, ""imag"": -8.975979010256554}, {""real"": 0.0, ""imag"": 0.0}, {""real"": 0.0, ""imag"": 0.0}]}",1.8773918949967077e-06,1.2289616951772715e-07,1.8773918955280852e-06,1.2289616934946422e-07,-3.154010265628375e-14,6.2826313755395736e-15,-3.1008725138110985e-14,6.1143684406509005e-15,1.8773919265368105e-06,1.2289616323509577e-07,1.8773919265368103e-06,1.2289616323509577e-07,offline_frozen_validation_only; no solver feedback
GPOLY-G256-FINAL,20,"{""schema"": ""fullspace-dtn.mode.v1"", ""mode_index"": 20, ""side"": ""bottom"", ""m"": -3, ""n"": -1, ""polarization"": ""s"", ""alpha"": {""real"": -4.489356590207668, ""imag"": 0.0}, ""gamma"": {""real"": -5.983986006837701, ""imag"": 0.0}, ""beta"": {""real"": 4.958556350844336, ""imag"": 7.026217474247436e-05}, ""k_vector"": [{""real"": -4.489356590207668, ""imag"": 0.0}, {""real"": -5.983986006837701, ""imag"": 0.0}, {""real"": -4.958556350844336, ""imag"": -7.026217474247436e-05}], ""e_vector"": [{""real"": 0.7999122734807461, ""imag"": -0.0}, {""real"": -0.6001169508811294, ""imag"": 0.0}, {""real"": 0.0, ""imag"": 0.0}], ""h_vector"": [{""real"": -0.3315196832168072, ""imag"": -4.697595885702236e-06}, {""real"": -0.4418916398148882, ""imag"": -6.261553850976274e-06}, {""real"": 0.8334247251460797, ""imag"": -0.0}], ""refractive_index"": {""real"": 0.999885140474, ""imag"": 4.32477054e-06}, ""vertical_sign"": -1, ""electric_tangential_norm_sq"": 0.9999999999999998, ""power_per_unit_amplitude"": 0.4060324688489237, ""propagating"": true, ""rayleigh_warning"": false, ""classification"": ""propagating"", ""rayleigh_tolerance"": 1e-06, ""projection_denominator"": 1.4699638505555863, ""traction_vector"": [{""real"": -5.620357593795412e-05, ""imag"": 3.9664100837862852}, {""real"": 4.216552206873081e-05, ""imag"": -2.975713718040963}, {""real"": 0.0, ""imag"": 0.0}]}",-9.516375779117237e-06,-3.443628653927641e-07,-9.516375779116056e-06,-3.443628653762425e-07,-9.549378700067261e-06,-4.3615840469472487e-07,-9.54937870006608e-06,-4.361584046782033e-07,3.300292095002447e-08,9.179553930196077e-08,3.300292095002447e-08,9.179553930196077e-08,offline_frozen_validation_only; no solver feedback
GPOLY-G256-FINAL,21,"{""schema"": ""fullspace-dtn.mode.v1"", ""mode_index"": 21, ""side"": ""bottom"", ""m"": -3, ""n"": -1, ""polarization"": ""p"", ""alpha"": {""real"": -4.489356590207668, ""imag"": 0.0}, ""gamma"": {""real"": -5.983986006837701, ""imag"": 0.0}, ""beta"": {""real"": 4.958556350844336, ""imag"": 7.026217474247436e-05}, ""k_vector"": [{""real"": -4.489356590207668, ""imag"": 0.0}, {""real"": -5.983986006837701, ""imag"": 0.0}, {""real"": -4.958556350844336, ""imag"": -7.026217474247436e-05}], ""e_vector"": [{""real"": -0.33155776578462687, ""imag"": -3.264059536059784e-06}, {""real"": -0.4419424011095991, ""imag"": -4.350754099567616e-06}, {""real"": 0.8335204628602758, ""imag"": -3.605198833694458e-06}], ""h_vector"": [{""real"": -0.7998203959021161, ""imag"": -3.4594370347866507e-06}, {""real"": 0.6000480217070564, ""imag"": 2.595368109614824e-06}, {""real"": 4.9475295044988036e-17, ""imag"": 0.0}], ""refractive_index"": {""real"": 0.999885140474, ""imag"": 4.32477054e-06}, ""vertical_sign"": -1, ""electric_tangential_norm_sq"": 0.30524363798019444, ""power_per_unit_amplitude"": 0.4060324688489239, ""propagating"": true, ""rayleigh_warning"": false, ""classification"": ""propagating"", ""rayleigh_tolerance"": 1e-06, ""projection_denominator"": 0.4486971134429621, ""traction_vector"": [{""real"": 2.3295969675791888e-05, ""imag"": -5.386018447988506}, {""real"": 3.105183421154914e-05, ""imag"": -7.179171085592479}, {""real"": 0.0, ""imag"": 0.0}]}",-7.0698266145213384e-06,-4.576194235495803e-07,-7.069826614571598e-06,-4.5761942352251733e-07,-7.0323782198768244e-06,-3.1660784057617397e-07,-7.032378219927084e-06,-3.16607840549111e-07,-3.744839464451399e-08,-1.4101158297340633e-07,-3.744839464451399e-08,-1.4101158297340633e-07,offline_frozen_validation_only; no solver feedback
GPOLY-G256-FINAL,22,"{""schema"": ""fullspace-dtn.mode.v1"", ""mode_index"": 22, ""side"": ""bottom"", ""m"": -3, ""n"": 0, ""polarization"": ""s"", ""alpha"": {""real"": -4.489356590207668, ""imag"": 0.0}, ""gamma"": {""real"": 0.0, ""imag"": 0.0}, ""beta"": {""real"": 7.771445786441615, ""imag"": 4.483064829471781e-05}, ""k_vector"": [{""real"": -4.489356590207668, ""imag"": 0.0}, {""real"": 0.0, ""imag"": 0.0}, {""real"": -7.771445786441615, ""imag"": -4.483064829471781e-05}], ""e_vector"": [{""real"": -0.0, ""imag"": 0.0}, {""real"": -1.0, ""imag"": 0.0}, {""real"": 0.0, ""imag"": 0.0}], ""h_vector"": [{""real"": -0.8658048083180055, ""imag"": -4.994513494683011e-06}, {""real"": 0.0, ""imag"": 0.0}, {""real"": 0.5001523048436087, ""imag"": -0.0}], ""refractive_index"": {""real"": 0.999885140474, ""imag"": 4.32477054e-06}, ""vertical_sign"": -1, ""electric_tangential_norm_sq"": 1.0, ""power_per_unit_amplitude"": 0.6363665341137341, ""propagating"": true, ""rayleigh_warning"": false, ""classification"": ""propagating"", ""rayleigh_tolerance"": 1e-06, ""projection_denominator"": 1.469976934812407, ""traction_vector"": [{""real"": -0.0, ""imag"": 0.0}, {""real"": 4.483064829471781e-05, ""imag"": -7.771445786441615}, {""real"": 0.0, ""imag"": 0.0}]}",2.2597066596892915e-05,-3.556731113084217e-05,2.2597066597097073e-05,-3.556731113132601e-05,2.2500825790873014e-05,-3.5535196088581886e-05,2.2500825791077173e-05,-3.5535196089065725e-05,9.624080601990022e-08,-3.2115042260286674e-08,9.624080601990022e-08,-3.2115042260286674e-08,offline_frozen_validation_only; no solver feedback
GPOLY-G256-FINAL,23,"{""schema"": ""fullspace-dtn.mode.v1"", ""mode_index"": 23, ""side"": ""bottom"", ""m"": -3, ""n"": 0, ""polarization"": ""p"", ""alpha"": {""real"": -4.489356590207668, ""imag"": 0.0}, ""gamma"": {""real"": 0.0, ""imag"": 0.0}, ""beta"": {""real"": 7.771445786441615, ""imag"": 4.483064829471781e-05}, ""k_vector"": [{""real"": -4.489356590207668, ""imag"": 0.0}, {""real"": 0.0, ""imag"": 0.0}, {""real"": -7.771445786441615, ""imag"": -4.483064829471781e-05}], ""e_vector"": [{""real"": -0.8659042656715219, ""imag"": -1.2498197897239332e-06}, {""real"": 0.0, ""imag"": 0.0}, {""real"": 0.5002097586869129, ""imag"": -2.163540931475541e-06}], ""h_vector"": [{""real"": 0.0, ""imag"": 0.0}, {""real"": 0.999885140467758, ""imag"": 4.324770539973001e-06}, {""real"": 0.0, ""imag"": 0.0}], ""refractive_index"": {""real"": 0.999885140474, ""imag"": 4.32477054e-06}, ""vertical_sign"": -1, ""electric_tangential_norm_sq"": 0.7497901973096996, ""power_per_unit_amplitude"": 0.6363665341137341, ""propagating"": true, ""rayleigh_warning"": false, ""classification"": ""propagating"", ""rayleigh_tolerance"": 1e-06, ""projection_denominator"": 1.1021742959937022, ""traction_vector"": [{""real"": 3.881904959097355e-05, ""imag"": -8.97494803350602}, {""real"": 0.0, ""imag"": 0.0}, {""real"": 0.0, ""imag"": 0.0}]}",-2.1309593865351318e-08,-2.043869949222907e-08,-2.1309593865351318e-08,-2.043869949222907e-08,9.921735257066193e-16,7.637390319947128e-17,9.921735257066193e-16,7.637390319947126e-17,-2.1309594857524843e-08,-2.0438699568602972e-08,-2.1309594857524843e-08,-2.0438699568602972e-08,offline_frozen_validation_only; no solver feedback
GPOLY-G256-FINAL,24,"{""schema"": ""fullspace-dtn.mode.v1"", ""mode_index"": 24, ""side"": ""bottom"", ""m"": -3, ""n"": 1, ""polarization"": ""s"", ""alpha"": {""real"": -4.489356590207668, ""imag"": 0.0}, ""gamma"": {""real"": 5.983986006837701, ""imag"": 0.0}, ""beta"": {""real"": 4.958556350844336, ""imag"": 7.026217474247436e-05}, ""k_vector"": [{""real"": -4.489356590207668, ""imag"": 0.0}, {""real"": 5.983986006837701, ""imag"": 0.0}, {""real"": -4.958556350844336, ""imag"": -7.026217474247436e-05}], ""e_vector"": [{""real"": -0.7999122734807461, ""imag"": 0.0}, {""real"": -0.6001169508811294, ""imag"": 0.0}, {""real"": 0.0, ""imag"": 0.0}], ""h_vector"": [{""real"": -0.3315196832168072, ""imag"": -4.697595885702236e-06}, {""real"": 0.4418916398148882, ""imag"": 6.261553850976274e-06}, {""real"": 0.8334247251460797, ""imag"": -0.0}], ""refractive_index"": {""real"": 0.999885140474, ""imag"": 4.32477054e-06}, ""vertical_sign"": -1, ""electric_tangential_norm_sq"": 0.9999999999999998, ""power_per_unit_amplitude"": 0.4060324688489237, ""propagating"": true, ""rayleigh_warning"": false, ""classification"": ""propagating"", ""rayleigh_tolerance"": 1e-06, ""projection_denominator"": 1.4699638505555863, ""traction_vector"": [{""real"": 5.620357593795412e-05, ""imag"": -3.9664100837862852}, {""real"": 4.216552206873081e-05, ""imag"": -2.975713718040963}, {""real"": 0.0, ""imag"": 0.0}]}",-9.599096189240579e-06,-4.615599570037226e-07,-9.599096189273622e-06,-4.615599569919215e-07,-9.549378700351722e-06,-4.3615840435813124e-07,-9.549378700384765e-06,-4.361584043463301e-07,-4.971748888885736e-08,-2.540155264559138e-08,-4.971748888885736e-08,-2.540155264559138e-08,offline_frozen_validation_only; no solver feedback
GPOLY-G256-FINAL,25,"{""schema"": ""fullspace-dtn.mode.v1"", ""mode_index"": 25, ""side"": ""bottom"", ""m"": -3, ""n"": 1, ""polarization"": ""p"", ""alpha"": {""real"": -4.489356590207668, ""imag"": 0.0}, ""gamma"": {""real"": 5.983986006837701, ""imag"": 0.0}, ""beta"": {""real"": 4.958556350844336, ""imag"": 7.026217474247436e-05}, ""k_vector"": [{""real"": -4.489356590207668, ""imag"": 0.0}, {""real"": 5.983986006837701, ""imag"": 0.0}, {""real"": -4.958556350844336, ""imag"": -7.026217474247436e-05}], ""e_vector"": [{""real"": -0.33155776578462687, ""imag"": -3.264059536059784e-06}, {""real"": 0.4419424011095991, ""imag"": 4.350754099567616e-06}, {""real"": 0.8335204628602758, ""imag"": -3.605198833694458e-06}], ""h_vector"": [{""real"": 0.7998203959021161, ""imag"": 3.4594370347866507e-06}, {""real"": 0.6000480217070564, ""imag"": 2.595368109614824e-06}, {""real"": -4.9475295044988036e-17, ""imag"": 0.0}], ""refractive_index"": {""real"": 0.999885140474, ""imag"": 4.32477054e-06}, ""vertical_sign"": -1, ""electric_tangential_norm_sq"": 0.30524363798019444, ""power_per_unit_amplitude"": 0.4060324688489239, ""propagating"": true, ""rayleigh_warning"": false, ""classification"": ""propagating"", ""rayleigh_tolerance"": 1e-06, ""projection_denominator"": 0.4486971134429621, ""traction_vector"": [{""real"": 2.3295969675791888e-05, ""imag"": -5.386018447988506}, {""real"": -3.105183421154914e-05, ""imag"": 7.179171085592479}, {""real"": 0.0, ""imag"": 0.0}]}",7.134252087232018e-06,2.365466424326941e-07,7.134252087278412e-06,2.3654664244815865e-07,7.0323782197460426e-06,3.16607841783482e-07,7.032378219792436e-06,3.1660784179894655e-07,1.0187386748597583e-07,-8.00611993507879e-08,1.0187386748597583e-07,-8.00611993507879e-08,offline_frozen_validation_only; no solver feedback
GPOLY-G256-FINAL,26,"{""schema"": ""fullspace-dtn.mode.v1"", ""mode_index"": 26, ""side"": ""bottom"", ""m"": -2, ""n"": -1, ""polarization"": ""s"", ""alpha"": {""real"": -0.0013670850793925382, ""imag"": 0.0}, ""gamma"": {""real"": -5.983986006837701, ""imag"": 0.0}, ""beta"": {""real"": 6.68891634028968, ""imag"": 5.2086008415877786e-05}, ""k_vector"": [{""real"": -0.0013670850793925382, ""imag"": 0.0}, {""real"": -5.983986006837701, ""imag"": 0.0}, {""real"": -6.68891634028968, ""imag"": -5.2086008415877786e-05}], ""e_vector"": [{""real"": 0.9999999739036398, ""imag"": -0.0}, {""real"": -0.00022845725945122052, ""imag"": 0.0}, {""real"": 0.0, ""imag"": 0.0}], ""h_vector"": [{""real"": -0.0001702467768758063, ""imag"": -1.3256968097683348e-09}, {""real"": -0.7452018501926205, ""imag"": -5.802821842286574e-06}, {""real"": 0.6666666840642403, ""imag"": -0.0}], ""refractive_index"": {""real"": 0.999885140474, ""imag"": 4.32477054e-06}, ""vertical_sign"": -1, ""electric_tangential_norm_sq"": 0.9999999999999997, ""power_per_unit_amplitude"": 0.5477233741851624, ""propagating"": true, ""rayleigh_warning"": false, ""classification"": ""propagating"", ""rayleigh_tolerance"": 1e-06, ""projection_denominator"": 1.4699732019929355, ""traction_vector"": [{""real"": -5.208600705662255e-05, ""imag"": 6.68891616573331}, {""real"": 1.1899426738444647e-08, ""imag"": -0.0015281314958010678}, {""real"": 0.0, ""imag"": 0.0}]}",-4.582907204953301e-08,5.788715944419327e-08,-4.582907204952379e-08,5.788715944419846e-08,-8.318854379968599e-09,-1.6920271814008964e-09,-8.318854379959379e-09,-1.6920271813957104e-09,-3.751021766956441e-08,5.957918662559417e-08,-3.751021766956441e-08,5.957918662559417e-08,offline_frozen_validation_only; no solver feedback
GPOLY-G256-FINAL,27,"{""schema"": ""fullspace-dtn.mode.v1"", ""mode_index"": 27, ""side"": ""bottom"", ""m"": -2, ""n"": -1, ""polarization"": ""p"", ""alpha"": {""real"": -0.0013670850793925382, ""imag"": 0.0}, ""gamma"": {""real"": -5.983986006837701, ""imag"": 0.0}, ""beta"": {""real"": 6.68891634028968, ""imag"": 5.2086008415877786e-05}, ""k_vector"": [{""real"": -0.0013670850793925382, ""imag"": 0.0}, {""real"": -5.983986006837701, ""imag"": 0.0}, {""real"": -6.68891634028968, ""imag"": -5.2086008415877786e-05}], ""e_vector"": [{""real"": -0.0001702663335861758, ""imag"": -5.894016846993088e-10}, {""real"": -0.7452874535562701, ""imag"": -2.5799209477250923e-06}, {""real"": 0.6667432658572671, ""imag"": -2.8838428707480877e-06}], ""h_vector"": [{""real"": -0.999885114365667, ""imag"": -4.32477042707448e-06}, {""real"": 0.0002284310189552686, ""imag"": 9.880252253089822e-10}, {""real"": 2.4157858908685565e-20, ""imag"": -4.6077459161158685e-26}], ""refractive_index"": {""real"": 0.999885140474, ""imag"": 4.32477054e-06}, ""vertical_sign"": -1, ""electric_tangential_norm_sq"": 0.5554534174256699, ""power_per_unit_amplitude"": 0.547723374185163, ""propagating"": true, ""rayleigh_warning"": false, ""classification"": ""propagating"", ""rayleigh_tolerance"": 1e-06, ""projection_denominator"": 0.8165016385711308, ""traction_vector"": [{""real"": 8.868493683977426e-09, ""imag"": -0.0020503920314340076}, {""real"": 3.8819048577598794e-05, ""imag"": -8.974947799214199}, {""real"": 0.0, ""imag"": 0.0}]}",-1.6413313104098892e-05,-2.882163992566364e-06,-1.64133131040564e-05,-2.882163992566364e-06,-1.649730512294347e-05,-2.8045120940932605e-06,-1.649730512290098e-05,-2.8045120940932605e-06,8.399201884457826e-08,-7.765189847310338e-08,8.399201884457826e-08,-7.765189847310338e-08,offline_frozen_validation_only; no solver feedback
GPOLY-G256-FINAL,28,"{""schema"": ""fullspace-dtn.mode.v1"", ""mode_index"": 28, ""side"": ""bottom"", ""m"": -2, ""n"": 0, ""polarization"": ""s"", ""alpha"": {""real"": -0.0013670850793925382, ""imag"": 0.0}, ""gamma"": {""real"": 0.0, ""imag"": 0.0}, ""beta"": {""real"": 8.97494792944325, ""imag"": 3.8819050041557536e-05}, ""k_vector"": [{""real"": -0.0013670850793925382, ""imag"": 0.0}, {""real"": 0.0, ""imag"": 0.0}, {""real"": -8.97494792944325, ""imag"": -3.8819050041557536e-05}], ""e_vector"": [{""real"": -0.0, ""imag"": 0.0}, {""real"": -1.0, ""imag"": 0.0}, {""real"": 0.0, ""imag"": 0.0}], ""h_vector"": [{""real"": -0.9998851288742849, ""imag"": -4.324770590171869e-06}, {""real"": 0.0, ""imag"": 0.0}, {""real"": 0.00015230484360874904, ""imag"": -0.0}], ""refractive_index"": {""real"": 0.999885140474, ""imag"": 4.32477054e-06}, ""vertical_sign"": -1, ""electric_tangential_norm_sq"": 1.0, ""power_per_unit_amplitude"": 0.7349155697225994, ""propagating"": true, ""rayleigh_warning"": false, ""classification"": ""propagating"", ""rayleigh_tolerance"": 1e-06, ""projection_denominator"": 1.4699800277344321, ""traction_vector"": [{""real"": -0.0, ""imag"": 0.0}, {""real"": 3.8819050041557536e-05, ""imag"": -8.97494792944325}, {""real"": 0.0, ""imag"": 0.0}]}",-3.319981127983687e-06,-1.5908479612618142e-05,-3.31998112824336e-06,-1.5908479612309544e-05,-3.2981256979544157e-06,-1.607450770976354e-05,-3.2981256982140885e-06,-1.607450770945494e-05,-2.1855430029271398e-08,1.6602809714539695e-07,-2.1855430029271398e-08,1.6602809714539695e-07,offline_frozen_validation_only; no solver feedback
GPOLY-G256-FINAL,29,"{""schema"": ""fullspace-dtn.mode.v1"", ""mode_index"": 29, ""side"": ""bottom"", ""m"": -2, ""n"": 0, ""polarization"": ""p"", ""alpha"": {""real"": -0.0013670850793925382, ""imag"": 0.0}, ""gamma"": {""real"": 0.0, ""imag"": 0.0}, ""beta"": {""real"": 8.97494792944325, ""imag"": 3.8819050041557536e-05}, ""k_vector"": [{""real"": -0.0013670850793925382, ""imag"": 0.0}, {""real"": 0.0, ""imag"": 0.0}, {""real"": -8.97494792944325, ""imag"": -3.8819050041557536e-05}], ""e_vector"": [{""real"": -0.9999999883989524, ""imag"": -1.0035526433266723e-13}, {""real"": 0.0, ""imag"": 0.0}, {""real"": 0.00015232233927758835, ""imag"": -6.588348389489128e-10}], ""h_vector"": [{""real"": 0.0, ""imag"": 0.0}, {""real"": 0.9998851404740002, ""imag"": 4.324770539999998e-06}, {""real"": 0.0, ""imag"": 0.0}], ""refractive_index"": {""real"": 0.999885140474, ""imag"": 4.32477054e-06}, ""vertical_sign"": -1, ""electric_tangential_norm_sq"": 0.999999976797905, ""power_per_unit_amplitude"": 0.7349155697225995, ""propagating"": true, ""rayleigh_warning"": false, ""classification"": ""propagating"", ""rayleigh_tolerance"": 1e-06, ""projection_denominator"": 1.469979993627816, ""traction_vector"": [{""real"": 3.881904959121588e-05, ""imag"": -8.97494803356205}, {""real"": 0.0, ""imag"": 0.0}, {""real"": 0.0, ""imag"": 0.0}]}",2.9843653488797616e-09,-2.8576986253759948e-08,2.9843653488797616e-09,-2.8576986253759948e-08,5.901173302659412e-17,-1.6734047403331803e-16,5.90117330265941e-17,-1.6734047403331795e-16,2.9843652898680287e-09,-2.8576986086419473e-08,2.9843652898680287e-09,-2.8576986086419473e-08,offline_frozen_validation_only; no solver feedback
GPOLY-G256-FINAL,30,"{""schema"": ""fullspace-dtn.mode.v1"", ""mode_index"": 30, ""side"": ""bottom"", ""m"": -2, ""n"": 1, ""polarization"": ""s"", ""alpha"": {""real"": -0.0013670850793925382, ""imag"": 0.0}, ""gamma"": {""real"": 5.983986006837701, ""imag"": 0.0}, ""beta"": {""real"": 6.68891634028968, ""imag"": 5.2086008415877786e-05}, ""k_vector"": [{""real"": -0.0013670850793925382, ""imag"": 0.0}, {""real"": 5.983986006837701, ""imag"": 0.0}, {""real"": -6.68891634028968, ""imag"": -5.2086008415877786e-05}], ""e_vector"": [{""real"": -0.9999999739036398, ""imag"": 0.0}, {""real"": -0.00022845725945122052, ""imag"": 0.0}, {""real"": 0.0, ""imag"": 0.0}], ""h_vector"": [{""real"": -0.0001702467768758063, ""imag"": -1.3256968097683348e-09}, {""real"": 0.7452018501926205, ""imag"": 5.802821842286574e-06}, {""real"": 0.6666666840642403, ""imag"": -0.0}], ""refractive_index"": {""real"": 0.999885140474, ""imag"": 4.32477054e-06}, ""vertical_sign"": -1, ""electric_tangential_norm_sq"": 0.9999999999999997, ""power_per_unit_amplitude"": 0.5477233741851624, ""propagating"": true, ""rayleigh_warning"": false, ""classification"": ""propagating"", ""rayleigh_tolerance"": 1e-06, ""projection_denominator"": 1.4699732019929355, ""traction_vector"": [{""real"": 5.208600705662255e-05, ""imag"": -6.68891616573331}, {""real"": 1.1899426738444647e-08, ""imag"": -0.0015281314958010678}, {""real"": 0.0, ""imag"": 0.0}]}",6.314880143685355e-08,-8.120212145611814e-08,6.314880143685815e-08,-8.120212145612189e-08,-8.318854144220389e-09,-1.6920271921818259e-09,-8.31885414421578e-09,-1.6920271921855713e-09,7.146765558107394e-08,-7.951009426393631e-08,7.146765558107393e-08,-7.951009426393631e-08,offline_frozen_validation_only; no solver feedback
GPOLY-G256-FINAL,31,"{""schema"": ""fullspace-dtn.mode.v1"", ""mode_index"": 31, ""side"": ""bottom"", ""m"": -2, ""n"": 1, ""polarization"": ""p"", ""alpha"": {""real"": -0.0013670850793925382, ""imag"": 0.0}, ""gamma"": {""real"": 5.983986006837701, ""imag"": 0.0}, ""beta"": {""real"": 6.68891634028968, ""imag"": 5.2086008415877786e-05}, ""k_vector"": [{""real"": -0.0013670850793925382, ""imag"": 0.0}, {""real"": 5.983986006837701, ""imag"": 0.0}, {""real"": -6.68891634028968, ""imag"": -5.2086008415877786e-05}], ""e_vector"": [{""real"": -0.0001702663335861758, ""imag"": -5.894016846993088e-10}, {""real"": 0.7452874535562701, ""imag"": 2.5799209477250923e-06}, {""real"": 0.6667432658572671, ""imag"": -2.8838428707480877e-06}], ""h_vector"": [{""real"": 0.999885114365667, ""imag"": 4.32477042707448e-06}, {""real"": 0.0002284310189552686, ""imag"": 9.880252253089822e-10}, {""real"": -2.4157858908685565e-20, ""imag"": 4.6077459161158685e-26}], ""refractive_index"": {""real"": 0.999885140474, ""imag"": 4.32477054e-06}, ""vertical_sign"": -1, ""electric_tangential_norm_sq"": 0.5554534174256699, ""power_per_unit_amplitude"": 0.547723374185163, ""propagating"": true, ""rayleigh_warning"": false, ""classification"": ""propagating"", ""rayleigh_tolerance"": 1e-06, ""projection_denominator"": 0.8165016385711308, ""traction_vector"": [{""real"": 8.868493683977426e-09, ""imag"": -0.0020503920314340076}, {""real"": -3.8819048577598794e-05, ""imag"": 8.974947799214199}, {""real"": 0.0, ""imag"": 0.0}]}",1.656734378486525e-05,2.7160307981145515e-06,1.6567343784831256e-05,2.7160307981485446e-06,1.6497305123386963e-05,2.8045120944097438e-06,1.649730512335297e-05,2.804512094443737e-06,7.003866147828618e-08,-8.848129629519225e-08,7.003866147828618e-08,-8.848129629519225e-08,offline_frozen_validation_only; no solver feedback
GPOLY-G256-FINAL,32,"{""schema"": ""fullspace-dtn.mode.v1"", ""mode_index"": 32, ""side"": ""bottom"", ""m"": -1, ""n"": -1, ""polarization"": ""s"", ""alpha"": {""real"": 4.486622420048883, ""imag"": 0.0}, ""gamma"": {""real"": -5.983986006837701, ""imag"": 0.0}, ""beta"": {""real"": 4.961030431115042, ""imag"": 7.022713479206063e-05}, ""k_vector"": [{""real"": 4.486622420048883, ""imag"": 0.0}, {""real"": -5.983986006837701, ""imag"": 0.0}, {""real"": -4.961030431115042, ""imag"": -7.022713479206063e-05}], ""e_vector"": [{""real"": 0.8000877286570669, ""imag"": -0.0}, {""real"": 0.5998830106382207, ""imag"": 0.0}, {""real"": 0.0, ""imag"": 0.0}], ""h_vector"": [{""real"": 0.3315557965860328, ""imag"": 4.693422856650971e-06}, {""real"": -0.4422090966226506, ""imag"": -6.259803939121232e-06}, {""real"": 0.8332419593357027, ""imag"": 0.0}], ""refractive_index"": {""real"": 0.999885140474, ""imag"": 4.32477054e-06}, ""vertical_sign"": -1, ""electric_tangential_norm_sq"": 0.9999999999999999, ""power_per_unit_amplitude"": 0.4062350594517862, ""propagating"": true, ""rayleigh_warning"": false, ""classification"": ""propagating"", ""rayleigh_tolerance"": 1e-06, ""projection_denominator"": 1.469963868583197, ""traction_vector"": [{""real"": -5.6187868765873466e-05, ""imag"": 3.9692595694294237}, {""real"": -4.212806504755746e-05, ""imag"": 2.9760378708851216}, {""real"": -0.0, ""imag"": 0.0}]}",1.4065469794546814e-06,-2.858134061139058e-05,1.4065469794617622e-06,-2.858134061140002e-05,1.3478982120230951e-06,-2.8617351950530372e-05,1.3478982120301759e-06,-2.8617351950539812e-05,5.86487674315863e-08,3.601133913979252e-08,5.86487674315863e-08,3.601133913979252e-08,offline_frozen_validation_only; no solver feedback
GPOLY-G256-FINAL,33,"{""schema"": ""fullspace-dtn.mode.v1"", ""mode_index"": 33, ""side"": ""bottom"", ""m"": -1, ""n"": -1, ""polarization"": ""p"", ""alpha"": {""real"": 4.486622420048883, ""imag"": 0.0}, ""gamma"": {""real"": -5.983986006837701, ""imag"": 0.0}, ""beta"": {""real"": 4.961030431115042, ""imag"": 7.022713479206063e-05}, ""k_vector"": [{""real"": 4.486622420048883, ""imag"": 0.0}, {""real"": -5.983986006837701, ""imag"": 0.0}, {""real"": -4.961030431115042, ""imag"": -7.022713479206063e-05}], ""e_vector"": [{""real"": 0.3315938833022934, ""imag"": 3.259729809722286e-06}, {""real"": -0.4422598943844885, ""imag"": -4.347630743403933e-06}, {""real"": 0.8333376760551552, ""imag"": -3.604408231896424e-06}], ""h_vector"": [{""real"": -0.7999958309257797, ""imag"": -3.4601958381644716e-06}, {""real"": -0.5998141083344596, ""imag"": -2.594356371744373e-06}, {""real"": 0.0, ""imag"": 3.7746654544821195e-22}], ""refractive_index"": {""real"": 0.999885140474, ""imag"": 4.32477054e-06}, ""vertical_sign"": -1, ""electric_tangential_norm_sq"": 0.3055483176540016, ""power_per_unit_amplitude"": 0.4062350594517864, ""propagating"": true, ""rayleigh_warning"": false, ""classification"": ""propagating"", ""rayleigh_tolerance"": 1e-06, ""projection_denominator"": 0.4491449870577638, ""traction_vector"": [{""real"": -2.3286888337902835e-05, ""imag"": 5.383918846465859}, {""real"": 3.1058645214741376e-05, ""imag"": -7.180745786682548}, {""real"": 0.0, ""imag"": 0.0}]}",-9.77539684423915e-07,2.117473281129077e-05,-9.775396843910856e-07,2.1174732811205798e-05,-9.897602625340122e-07,2.110575118169754e-05,-9.89760262501183e-07,2.1105751181612568e-05,1.2220578110097308e-08,6.898162959323038e-08,1.2220578110097308e-08,6.898162959323038e-08,offline_frozen_validation_only; no solver feedback
GPOLY-G256-FINAL,34,"{""schema"": ""fullspace-dtn.mode.v1"", ""mode_index"": 34, ""side"": ""bottom"", ""m"": -1, ""n"": 0, ""polarization"": ""s"", ""alpha"": {""real"": 4.486622420048883, ""imag"": 0.0}, ""gamma"": {""real"": 0.0, ""imag"": 0.0}, ""beta"": {""real"": 7.773024602145297, ""imag"": 4.482154253021086e-05}, ""k_vector"": [{""real"": 4.486622420048883, ""imag"": 0.0}, {""real"": 0.0, ""imag"": 0.0}, {""real"": -7.773024602145297, ""imag"": -4.482154253021086e-05}], ""e_vector"": [{""real"": -0.0, ""imag"": 0.0}, {""real"": 1.0, ""imag"": 0.0}, {""real"": 0.0, ""imag"": 0.0}], ""h_vector"": [{""real"": 0.865980701744436, ""imag"": 4.993499035480673e-06}, {""real"": 0.0, ""imag"": 0.0}, {""real"": 0.4998476951563912, ""imag"": 0.0}], ""refractive_index"": {""real"": 0.999885140474, ""imag"": 4.32477054e-06}, ""vertical_sign"": -1, ""electric_tangential_norm_sq"": 1.0, ""power_per_unit_amplitude"": 0.6364958157821604, ""propagating"": true, ""rayleigh_warning"": false, ""classification"": ""propagating"", ""rayleigh_tolerance"": 1e-06, ""projection_denominator"": 1.46997693949725, ""traction_vector"": [{""real"": -0.0, ""imag"": 0.0}, {""real"": -4.482154253021086e-05, ""imag"": 7.773024602145297}, {""real"": -0.0, ""imag"": 0.0}]}",9.934712908649453e-05,-7.783211338104187e-05,9.934712908597174e-05,-7.783211338089081e-05,9.926308743385664e-05,-7.780678494999836e-05,9.926308743333385e-05,-7.78067849498473e-05,8.404165263788978e-08,-2.532843104351113e-08,8.404165263788978e-08,-2.532843104351113e-08,offline_frozen_validation_only; no solver feedback
GPOLY-G256-FINAL,35,"{""schema"": ""fullspace-dtn.mode.v1"", ""mode_index"": 35, ""side"": ""bottom"", ""m"": -1, ""n"": 0, ""polarization"": ""p"", ""alpha"": {""real"": 4.486622420048883, ""imag"": 0.0}, ""gamma"": {""real"": 0.0, ""imag"": 0.0}, ""beta"": {""real"": 7.773024602145297, ""imag"": 4.482154253021086e-05}, ""k_vector"": [{""real"": 4.486622420048883, ""imag"": 0.0}, {""real"": 0.0, ""imag"": 0.0}, {""real"": -7.773024602145297, ""imag"": -4.482154253021086e-05}], ""e_vector"": [{""real"": 0.8660801793033087, ""imag"": 1.2480443405020596e-06}, {""real"": 0.0, ""imag"": 0.0}, {""real"": 0.4999051140083646, ""imag"": -2.1622232617976723e-06}], ""h_vector"": [{""real"": 0.0, ""imag"": 0.0}, {""real"": -0.9998851404677681, ""imag"": -4.324770539973044e-06}, {""real"": 0.0, ""imag"": 0.0}], ""refractive_index"": {""real"": 0.999885140474, ""imag"": 4.32477054e-06}, ""vertical_sign"": -1, ""electric_tangential_norm_sq"": 0.750094876983609, ""power_per_unit_amplitude"": 0.6364958157821605, ""propagating"": true, ""rayleigh_warning"": false, ""classification"": ""propagating"", ""rayleigh_tolerance"": 1e-06, ""projection_denominator"": 1.1026221716009317, ""traction_vector"": [{""real"": -3.881904959097394e-05, ""imag"": 8.974948033506111}, {""real"": 0.0, ""imag"": 0.0}, {""real"": 0.0, ""imag"": 0.0}]}",8.849403728774228e-08,2.5259616038010173e-08,8.849403728774228e-08,2.5259616038010173e-08,-3.1369553848747296e-17,3.598636189989576e-16,-3.136955384874734e-17,3.5986361899895763e-16,8.849403731911183e-08,2.5259615678146554e-08,8.849403731911183e-08,2.5259615678146554e-08,offline_frozen_validation_only; no solver feedback
GPOLY-G256-FINAL,36,"{""schema"": ""fullspace-dtn.mode.v1"", ""mode_index"": 36, ""side"": ""bottom"", ""m"": -1, ""n"": 1, ""polarization"": ""s"", ""alpha"": {""real"": 4.486622420048883, ""imag"": 0.0}, ""gamma"": {""real"": 5.983986006837701, ""imag"": 0.0}, ""beta"": {""real"": 4.961030431115042, ""imag"": 7.022713479206063e-05}, ""k_vector"": [{""real"": 4.486622420048883, ""imag"": 0.0}, {""real"": 5.983986006837701, ""imag"": 0.0}, {""real"": -4.961030431115042, ""imag"": -7.022713479206063e-05}], ""e_vector"": [{""real"": -0.8000877286570669, ""imag"": 0.0}, {""real"": 0.5998830106382207, ""imag"": 0.0}, {""real"": 0.0, ""imag"": 0.0}], ""h_vector"": [{""real"": 0.3315557965860328, ""imag"": 4.693422856650971e-06}, {""real"": 0.4422090966226506, ""imag"": 6.259803939121232e-06}, {""real"": 0.8332419593357027, ""imag"": 0.0}], ""refractive_index"": {""real"": 0.999885140474, ""imag"": 4.32477054e-06}, ""vertical_sign"": -1, ""electric_tangential_norm_sq"": 0.9999999999999999, ""power_per_unit_amplitude"": 0.4062350594517862, ""propagating"": true, ""rayleigh_warning"": false, ""classification"": ""propagating"", ""rayleigh_tolerance"": 1e-06, ""projection_denominator"": 1.469963868583197, ""traction_vector"": [{""real"": 5.6187868765873466e-05, ""imag"": -3.9692595694294237}, {""real"": -4.212806504755746e-05, ""imag"": 2.9760378708851216}, {""real"": 0.0, ""imag"": 0.0}]}",1.4200348377727981e-06,-2.8617172020618545e-05,1.4200348377680776e-06,-2.8617172020632118e-05,1.3478982117702708e-06,-2.8617351950484697e-05,1.3478982117655503e-06,-2.861735195049827e-05,7.213662600252733e-08,1.799298661521215e-10,7.213662600252733e-08,1.799298661521215e-10,offline_frozen_validation_only; no solver feedback
GPOLY-G256-FINAL,37,"{""schema"": ""fullspace-dtn.mode.v1"", ""mode_index"": 37, ""side"": ""bottom"", ""m"": -1, ""n"": 1, ""polarization"": ""p"", ""alpha"": {""real"": 4.486622420048883, ""imag"": 0.0}, ""gamma"": {""real"": 5.983986006837701, ""imag"": 0.0}, ""beta"": {""real"": 4.961030431115042, ""imag"": 7.022713479206063e-05}, ""k_vector"": [{""real"": 4.486622420048883, ""imag"": 0.0}, {""real"": 5.983986006837701, ""imag"": 0.0}, {""real"": -4.961030431115042, ""imag"": -7.022713479206063e-05}], ""e_vector"": [{""real"": 0.3315938833022934, ""imag"": 3.259729809722286e-06}, {""real"": 0.4422598943844885, ""imag"": 4.347630743403933e-06}, {""real"": 0.8333376760551552, ""imag"": -3.604408231896424e-06}], ""h_vector"": [{""real"": 0.7999958309257797, ""imag"": 3.4601958381644716e-06}, {""real"": -0.5998141083344596, ""imag"": -2.594356371744373e-06}, {""real"": 0.0, ""imag"": -3.7746654544821195e-22}], ""refractive_index"": {""real"": 0.999885140474, ""imag"": 4.32477054e-06}, ""vertical_sign"": -1, ""electric_tangential_norm_sq"": 0.3055483176540016, ""power_per_unit_amplitude"": 0.4062350594517864, ""propagating"": true, ""rayleigh_warning"": false, ""classification"": ""propagating"", ""rayleigh_tolerance"": 1e-06, ""projection_denominator"": 0.4491449870577638, ""traction_vector"": [{""real"": -2.3286888337902835e-05, ""imag"": 5.383918846465859}, {""real"": -3.1058645214741376e-05, ""imag"": 7.180745786682548}, {""real"": -0.0, ""imag"": 0.0}]}",9.759828382941087e-07,-2.1006721506850242e-05,9.75982838255486e-07,-2.1006721506856036e-05,9.897602624415658e-07,-2.110575118164611e-05,9.89760262402943e-07,-2.1105751181651904e-05,-1.3777424147457035e-08,9.902967479586802e-08,-1.3777424147457035e-08,9.902967479586802e-08,offline_frozen_validation_only; no solver feedback
GPOLY-G256-FINAL,38,"{""schema"": ""fullspace-dtn.mode.v1"", ""mode_index"": 38, ""side"": ""bottom"", ""m"": 0, ""n"": 0, ""polarization"": ""s"", ""alpha"": {""real"": 8.97461192517716, ""imag"": 0.0}, ""gamma"": {""real"": 0.0, ""imag"": 0.0}, ""beta"": {""real"": 0.07780134385941416, ""imag"": 0.004478058289365571}, ""k_vector"": [{""real"": 8.97461192517716, ""imag"": 0.0}, {""real"": 0.0, ""imag"": 0.0}, {""real"": -0.07780134385941416, ""imag"": -0.004478058289365571}], ""e_vector"": [{""real"": -0.0, ""imag"": 0.0}, {""real"": 1.0, ""imag"": 0.0}, {""real"": 0.0, ""imag"": 0.0}], ""h_vector"": [{""real"": 0.008667727918092628, ""imag"": 0.0004988935785443173}, {""real"": 0.0, ""imag"": 0.0}, {""real"": 0.9998476951563912, ""imag"": 0.0}], ""refractive_index"": {""real"": 0.999885140474, ""imag"": 4.32477054e-06}, ""vertical_sign"": -1, ""electric_tangential_norm_sq"": 1.0, ""power_per_unit_amplitude"": 0.006370780019798082, ""propagating"": true, ""rayleigh_warning"": false, ""classification"": ""propagating"", ""rayleigh_tolerance"": 1e-06, ""projection_denominator"": 1.467697843589745, ""traction_vector"": [{""real"": -0.0, ""imag"": 0.0}, {""real"": -0.004478058289365571, ""imag"": 0.07780134385941416}, {""real"": -0.0, ""imag"": 0.0}]}",1.3197244830492054,-0.16439178195947907,-0.01587244363295785,-0.1388819311608173,1.3197240512671184,-0.16439467913781666,-0.01587287541504481,-0.1388848283391549,4.317820869736977e-07,2.8971783375963955e-06,4.317820869598199e-07,2.8971783375963955e-06,offline_frozen_validation_only; no solver feedback
GPOLY-G256-FINAL,39,"{""schema"": ""fullspace-dtn.mode.v1"", ""mode_index"": 39, ""side"": ""bottom"", ""m"": 0, ""n"": 0, ""polarization"": ""p"", ""alpha"": {""real"": 8.97461192517716, ""imag"": 0.0}, ""gamma"": {""real"": 0.0, ""imag"": 0.0}, ""beta"": {""real"": 0.07780134385941416, ""imag"": 0.004478058289365571}, ""k_vector"": [{""real"": 8.97461192517716, ""imag"": 0.0}, {""real"": 0.0, ""imag"": 0.0}, {""real"": -0.07780134385941416, ""imag"": -0.004478058289365571}], ""e_vector"": [{""real"": 0.00866872360357703, ""imag"": 0.0004989132690542871}, {""real"": 0.0, ""imag"": 0.0}, {""real"": 0.9999623014383734, ""imag"": -4.325104281798984e-06}], ""h_vector"": [{""real"": 0.0, ""imag"": 0.0}, {""real"": -0.999884891569405, ""imag"": -4.324769463421086e-06}, {""real"": 0.0, ""imag"": 0.0}], ""refractive_index"": {""real"": 0.999885140474, ""imag"": 4.32477054e-06}, ""vertical_sign"": -1, ""electric_tangential_norm_sq"": 7.539568336525196e-05, ""power_per_unit_amplitude"": 0.0063707800197980845, ""propagating"": true, ""rayleigh_warning"": false, ""classification"": ""propagating"", ""rayleigh_tolerance"": 1e-06, ""projection_denominator"": 0.00011065808189115553, ""traction_vector"": [{""real"": -3.881903992786616e-05, ""imag"": 8.974945799399627}, {""real"": 0.0, ""imag"": 0.0}, {""real"": 0.0, ""imag"": 0.0}]}",1.9618508141140296e-06,1.2247197652325583e-07,1.9618507987549463e-06,1.2247197770187462e-07,-3.7037259666544526e-14,2.295610468684518e-15,-5.239634310392418e-14,3.4742292575236597e-15,1.9618508511512893e-06,1.2247197422764537e-07,1.9618508511512893e-06,1.2247197422764537e-07,offline_frozen_validation_only; no solver feedback
GPOLY-R-FINAL,0,"{""schema"": ""fullspace-dtn.mode.v1"", ""mode_index"": 0, ""side"": ""top"", ""m"": -3, ""n"": -1, ""polarization"": ""s"", ""alpha"": {""real"": -4.489356590207668, ""imag"": 0.0}, ""gamma"": {""real"": -5.983986006837701, ""imag"": 0.0}, ""beta"": {""real"": 4.960422166357995, ""imag"": 0.0}, ""k_vector"": [{""real"": -4.489356590207668, ""imag"": 0.0}, {""real"": -5.983986006837701, ""imag"": 0.0}, {""real"": 4.960422166357995, ""imag"": 0.0}], ""e_vector"": [{""real"": 0.7999122734807461, ""imag"": -0.0}, {""real"": -0.6001169508811294, ""imag"": 0.0}, {""real"": 0.0, ""imag"": 0.0}], ""h_vector"": [{""real"": 0.33164442810710654, ""imag"": 0.0}, {""real"": 0.44205791568604624, ""imag"": 0.0}, {""real"": 0.8334247251460797, ""imag"": -0.0}], ""refractive_index"": {""real"": 1.0, ""imag"": 0.0}, ""vertical_sign"": 1, ""electric_tangential_norm_sq"": 0.9999999999999998, ""power_per_unit_amplitude"": 0.4061852515594194, ""propagating"": true, ""rayleigh_warning"": false, ""classification"": ""propagating"", ""rayleigh_tolerance"": 1e-06, ""projection_denominator"": 1.4699999999999998, ""traction_vector"": [{""real"": 0.0, ""imag"": 3.9679025725157118}, {""real"": 0.0, ""imag"": -2.9768334255579263}, {""real"": 0.0, ""imag"": 0.0}]}",-4.130084895112045e-06,-8.525322350389542e-06,-4.130084895133287e-06,-8.525322350419044e-06,-4.134544516790736e-06,-8.530477664715285e-06,-4.134544516811978e-06,-8.530477664744787e-06,4.459621678690737e-09,5.1553143257424775e-09,4.459621678690737e-09,5.1553143257424775e-09,offline_frozen_validation_only; no solver feedback
GPOLY-R-FINAL,1,"{""schema"": ""fullspace-dtn.mode.v1"", ""mode_index"": 1, ""side"": ""top"", ""m"": -3, ""n"": -1, ""polarization"": ""p"", ""alpha"": {""real"": -4.489356590207668, ""imag"": 0.0}, ""gamma"": {""real"": -5.983986006837701, ""imag"": 0.0}, ""beta"": {""real"": 4.960422166357995, ""imag"": 0.0}, ""k_vector"": [{""real"": -4.489356590207668, ""imag"": 0.0}, {""real"": -5.983986006837701, ""imag"": 0.0}, {""real"": 4.960422166357995, ""imag"": 0.0}], ""e_vector"": [{""real"": 0.3316444281071066, ""imag"": 0.0}, {""real"": 0.44205791568604635, ""imag"": 0.0}, {""real"": 0.8334247251460798, ""imag"": -0.0}], ""h_vector"": [{""real"": -0.7999122734807462, ""imag"": 0.0}, {""real"": 0.6001169508811294, ""imag"": 0.0}, {""real"": -2.4737647522494018e-17, ""imag"": 0.0}], ""refractive_index"": {""real"": 1.0, ""imag"": 0.0}, ""vertical_sign"": 1, ""electric_tangential_norm_sq"": 0.30540322751518145, ""power_per_unit_amplitude"": 0.4061852515594195, ""propagating"": true, ""rayleigh_warning"": false, ""classification"": ""propagating"", ""rayleigh_tolerance"": 1e-06, ""projection_denominator"": 0.44894274444731674, ""traction_vector"": [{""real"": 0.0, ""imag"": 5.38663715480818}, {""real"": 0.0, ""imag"": 7.179995776809777}, {""real"": 0.0, ""imag"": -0.0}]}",3.051030996114619e-06,6.287433090457624e-06,3.051030996091435e-06,6.287433090498196e-06,3.0469597078748646e-06,6.279864279230611e-06,3.0469597078516805e-06,6.279864279271183e-06,4.0712882397544985e-09,7.568811227012647e-09,4.0712882397544985e-09,7.568811227012647e-09,offline_frozen_validation_only; no solver feedback
GPOLY-R-FINAL,2,"{""schema"": ""fullspace-dtn.mode.v1"", ""mode_index"": 2, ""side"": ""top"", ""m"": -3, ""n"": 0, ""polarization"": ""s"", ""alpha"": {""real"": -4.489356590207668, ""imag"": 0.0}, ""gamma"": {""real"": 0.0, ""imag"": 0.0}, ""beta"": {""real"": 7.772636399480241, ""imag"": 0.0}, ""k_vector"": [{""real"": -4.489356590207668, ""imag"": 0.0}, {""real"": 0.0, ""imag"": 0.0}, {""real"": 7.772636399480241, ""imag"": 0.0}], ""e_vector"": [{""real"": -0.0, ""imag"": 0.0}, {""real"": -1.0, ""imag"": 0.0}, {""real"": 0.0, ""imag"": 0.0}], ""h_vector"": [{""real"": 0.8659374526832905, ""imag"": 0.0}, {""real"": 0.0, ""imag"": 0.0}, {""real"": 0.5001523048436087, ""imag"": -0.0}], ""refractive_index"": {""real"": 1.0, ""imag"": 0.0}, ""vertical_sign"": 1, ""electric_tangential_norm_sq"": 1.0, ""power_per_unit_amplitude"": 0.6364640277222186, ""propagating"": true, ""rayleigh_warning"": false, ""classification"": ""propagating"", ""rayleigh_tolerance"": 1e-06, ""projection_denominator"": 1.47, ""traction_vector"": [{""real"": 0.0, ""imag"": 0.0}, {""real"": 0.0, ""imag"": -7.772636399480241}, {""real"": 0.0, ""imag"": 0.0}]}",-4.17530776931488e-05,-1.1427896952218017e-05,-4.17530776933919e-05,-1.1427896952323044e-05,-4.174435527054871e-05,-1.1429406449091863e-05,-4.174435527079181e-05,-1.142940644919689e-05,-8.72242260009133e-09,1.5094968738462415e-09,-8.72242260009133e-09,1.5094968738462415e-09,offline_frozen_validation_only; no solver feedback
GPOLY-R-FINAL,3,"{""schema"": ""fullspace-dtn.mode.v1"", ""mode_index"": 3, ""side"": ""top"", ""m"": -3, ""n"": 0, ""polarization"": ""p"", ""alpha"": {""real"": -4.489356590207668, ""imag"": 0.0}, ""gamma"": {""real"": 0.0, ""imag"": 0.0}, ""beta"": {""real"": 7.772636399480241, ""imag"": 0.0}, ""k_vector"": [{""real"": -4.489356590207668, ""imag"": 0.0}, {""real"": 0.0, ""imag"": 0.0}, {""real"": 7.772636399480241, ""imag"": 0.0}], ""e_vector"": [{""real"": 0.8659374526832905, ""imag"": 0.0}, {""real"": 0.0, ""imag"": 0.0}, {""real"": 0.5001523048436087, ""imag"": -0.0}], ""h_vector"": [{""real"": 0.0, ""imag"": 0.0}, {""real"": 1.0, ""imag"": 0.0}, {""real"": 0.0, ""imag"": 0.0}], ""refractive_index"": {""real"": 1.0, ""imag"": 0.0}, ""vertical_sign"": 1, ""electric_tangential_norm_sq"": 0.749847671959626, ""power_per_unit_amplitude"": 0.6364640277222186, ""propagating"": true, ""rayleigh_warning"": false, ""classification"": ""propagating"", ""rayleigh_tolerance"": 1e-06, ""projection_denominator"": 1.1022760777806502, ""traction_vector"": [{""real"": 0.0, ""imag"": 8.975979010256552}, {""real"": -0.0, ""imag"": 0.0}, {""real"": 0.0, ""imag"": 0.0}]}",-1.558045684840565e-08,1.5357730609501646e-08,-1.558045684840565e-08,1.5357730609501646e-08,2.335674126355448e-16,-1.0674968189333025e-16,2.3356741263554483e-16,-1.0674968189333019e-16,-1.5580457081973064e-08,1.535773071625133e-08,-1.5580457081973064e-08,1.535773071625133e-08,offline_frozen_validation_only; no solver feedback
GPOLY-R-FINAL,4,"{""schema"": ""fullspace-dtn.mode.v1"", ""mode_index"": 4, ""side"": ""top"", ""m"": -3, ""n"": 1, ""polarization"": ""s"", ""alpha"": {""real"": -4.489356590207668, ""imag"": 0.0}, ""gamma"": {""real"": 5.983986006837701, ""imag"": 0.0}, ""beta"": {""real"": 4.960422166357995, ""imag"": 0.0}, ""k_vector"": [{""real"": -4.489356590207668, ""imag"": 0.0}, {""real"": 5.983986006837701, ""imag"": 0.0}, {""real"": 4.960422166357995, ""imag"": 0.0}], ""e_vector"": [{""real"": -0.7999122734807461, ""imag"": 0.0}, {""real"": -0.6001169508811294, ""imag"": 0.0}, {""real"": 0.0, ""imag"": 0.0}], ""h_vector"": [{""real"": 0.33164442810710654, ""imag"": 0.0}, {""real"": -0.44205791568604624, ""imag"": 0.0}, {""real"": 0.8334247251460797, ""imag"": -0.0}], ""refractive_index"": {""real"": 1.0, ""imag"": 0.0}, ""vertical_sign"": 1, ""electric_tangential_norm_sq"": 0.9999999999999998, ""power_per_unit_amplitude"": 0.4061852515594194, ""propagating"": true, ""rayleigh_warning"": false, ""classification"": ""propagating"", ""rayleigh_tolerance"": 1e-06, ""projection_denominator"": 1.4699999999999998, ""traction_vector"": [{""real"": 0.0, ""imag"": -3.9679025725157118}, {""real"": 0.0, ""imag"": -2.9768334255579263}, {""real"": 0.0, ""imag"": 0.0}]}",-4.131569000474295e-06,-8.548327224569212e-06,-4.1315690004790155e-06,-8.54832722456213e-06,-4.134544517190177e-06,-8.530477664672137e-06,-4.134544517194898e-06,-8.530477664665056e-06,2.975516715882102e-09,-1.784955989707476e-08,2.975516715882102e-09,-1.784955989707476e-08,offline_frozen_validation_only; no solver feedback
GPOLY-R-FINAL,5,"{""schema"": ""fullspace-dtn.mode.v1"", ""mode_index"": 5, ""side"": ""top"", ""m"": -3, ""n"": 1, ""polarization"": ""p"", ""alpha"": {""real"": -4.489356590207668, ""imag"": 0.0}, ""gamma"": {""real"": 5.983986006837701, ""imag"": 0.0}, ""beta"": {""real"": 4.960422166357995, ""imag"": 0.0}, ""k_vector"": [{""real"": -4.489356590207668, ""imag"": 0.0}, {""real"": 5.983986006837701, ""imag"": 0.0}, {""real"": 4.960422166357995, ""imag"": 0.0}], ""e_vector"": [{""real"": 0.3316444281071066, ""imag"": 0.0}, {""real"": -0.44205791568604635, ""imag"": 0.0}, {""real"": 0.8334247251460798, ""imag"": -0.0}], ""h_vector"": [{""real"": 0.7999122734807462, ""imag"": 0.0}, {""real"": 0.6001169508811294, ""imag"": 0.0}, {""real"": 2.4737647522494018e-17, ""imag"": -0.0}], ""refractive_index"": {""real"": 1.0, ""imag"": 0.0}, ""vertical_sign"": 1, ""electric_tangential_norm_sq"": 0.30540322751518145, ""power_per_unit_amplitude"": 0.4061852515594195, ""propagating"": true, ""rayleigh_warning"": false, ""classification"": ""propagating"", ""rayleigh_tolerance"": 1e-06, ""projection_denominator"": 0.44894274444731674, ""traction_vector"": [{""real"": 0.0, ""imag"": 5.38663715480818}, {""real"": 0.0, ""imag"": -7.179995776809777}, {""real"": 0.0, ""imag"": 0.0}]}",-3.0485724904561627e-06,-6.321529909987373e-06,-3.0485724904329785e-06,-6.321529909968053e-06,-3.0469597082596497e-06,-6.279864279523739e-06,-3.0469597082364655e-06,-6.279864279504419e-06,-1.612782196513026e-09,-4.16656304636345e-08,-1.612782196513026e-09,-4.16656304636345e-08,offline_frozen_validation_only; no solver feedback
GPOLY-R-FINAL,6,"{""schema"": ""fullspace-dtn.mode.v1"", ""mode_index"": 6, ""side"": ""top"", ""m"": -2, ""n"": -1, ""polarization"": ""s"", ""alpha"": {""real"": -0.0013670850793925382, ""imag"": 0.0}, ""gamma"": {""real"": -5.983986006837701, ""imag"": 0.0}, ""beta"": {""real"": 6.690299604174327, ""imag"": 0.0}, ""k_vector"": [{""real"": -0.0013670850793925382, ""imag"": 0.0}, {""real"": -5.983986006837701, ""imag"": 0.0}, {""real"": 6.690299604174327, ""imag"": 0.0}], ""e_vector"": [{""real"": 0.9999999739036398, ""imag"": -0.0}, {""real"": -0.00022845725945122052, ""imag"": 0.0}, {""real"": 0.0, ""imag"": 0.0}], ""h_vector"": [{""real"": 0.00017028198380708622, ""imag"": 0.0}, {""real"": 0.7453559574879883, ""imag"": 0.0}, {""real"": 0.6666666840642403, ""imag"": -0.0}], ""refractive_index"": {""real"": 1.0, ""imag"": 0.0}, ""vertical_sign"": 1, ""electric_tangential_norm_sq"": 0.9999999999999997, ""power_per_unit_amplitude"": 0.5478366430502136, ""propagating"": true, ""rayleigh_warning"": false, ""classification"": ""propagating"", ""rayleigh_tolerance"": 1e-06, ""projection_denominator"": 1.4699999999999995, ""traction_vector"": [{""real"": 0.0, ""imag"": 6.6902994295818585}, {""real"": 0.0, ""imag"": -0.001528447512477252}, {""real"": 0.0, ""imag"": 0.0}]}",-1.1158290366181112e-08,7.217462069664631e-09,-1.1158290366176503e-08,7.217462069663191e-09,-7.195797395900892e-09,4.3342190942694065e-09,-7.195797395896282e-09,4.334219094267966e-09,-3.9624929702802205e-09,2.8832429753952246e-09,-3.962492970280221e-09,2.8832429753952246e-09,offline_frozen_validation_only; no solver feedback
GPOLY-R-FINAL,7,"{""schema"": ""fullspace-dtn.mode.v1"", ""mode_index"": 7, ""side"": ""top"", ""m"": -2, ""n"": -1, ""polarization"": ""p"", ""alpha"": {""real"": -0.0013670850793925382, ""imag"": 0.0}, ""gamma"": {""real"": -5.983986006837701, ""imag"": 0.0}, ""beta"": {""real"": 6.690299604174327, ""imag"": 0.0}, ""k_vector"": [{""real"": -0.0013670850793925382, ""imag"": 0.0}, {""real"": -5.983986006837701, ""imag"": 0.0}, {""real"": 6.690299604174327, ""imag"": 0.0}], ""e_vector"": [{""real"": 0.00017028198380708627, ""imag"": 0.0}, {""real"": 0.7453559574879884, ""imag"": 0.0}, {""real"": 0.6666666840642405, ""imag"": -0.0}], ""h_vector"": [{""real"": -0.9999999739036399, ""imag"": 0.0}, {""real"": 0.00022845725945122054, ""imag"": 0.0}, {""real"": 2.4157858908685565e-20, ""imag"": 0.0}], ""refractive_index"": {""real"": 1.0, ""imag"": 0.0}, ""vertical_sign"": 1, ""electric_tangential_norm_sq"": 0.5555555323587901, ""power_per_unit_amplitude"": 0.5478366430502138, ""propagating"": true, ""rayleigh_warning"": false, ""classification"": ""propagating"", ""rayleigh_tolerance"": 1e-06, ""projection_denominator"": 0.8166666325674213, ""traction_vector"": [{""real"": 0.0, ""imag"": 0.002050627565574891}, {""real"": 0.0, ""imag"": 8.975978776016172}, {""real"": 0.0, ""imag"": -0.0}]}",1.3887645996581483e-05,-8.974857506032645e-06,1.3887645996522006e-05,-8.974857506032645e-06,1.3884985056625193e-05,-8.98399558006467e-06,1.3884985056565716e-05,-8.98399558006467e-06,2.660939956289891e-09,9.138074032024929e-09,2.660939956289891e-09,9.138074032024929e-09,offline_frozen_validation_only; no solver feedback
GPOLY-R-FINAL,8,"{""schema"": ""fullspace-dtn.mode.v1"", ""mode_index"": 8, ""side"": ""top"", ""m"": -2, ""n"": 0, ""polarization"": ""s"", ""alpha"": {""real"": -0.0013670850793925382, ""imag"": 0.0}, ""gamma"": {""real"": 0.0, ""imag"": 0.0}, ""beta"": {""real"": 8.975978906149711, ""imag"": 0.0}, ""k_vector"": [{""real"": -0.0013670850793925382, ""imag"": 0.0}, {""real"": 0.0, ""imag"": 0.0}, {""real"": 8.975978906149711, ""imag"": 0.0}], ""e_vector"": [{""real"": -0.0, ""imag"": 0.0}, {""real"": -1.0, ""imag"": 0.0}, {""real"": 0.0, ""imag"": 0.0}], ""h_vector"": [{""real"": 0.9999999884016172, ""imag"": 0.0}, {""real"": 0.0, ""imag"": 0.0}, {""real"": 0.00015230484360874904, ""imag"": -0.0}], ""refractive_index"": {""real"": 1.0, ""imag"": 0.0}, ""vertical_sign"": 1, ""electric_tangential_norm_sq"": 1.0, ""power_per_unit_amplitude"": 0.7349999914751887, ""propagating"": true, ""rayleigh_warning"": false, ""classification"": ""propagating"", ""rayleigh_tolerance"": 1e-06, ""projection_denominator"": 1.47, ""traction_vector"": [{""real"": 0.0, ""imag"": 0.0}, {""real"": 0.0, ""imag"": -8.975978906149711}, {""real"": 0.0, ""imag"": 0.0}]}",3.272950044575402e-06,1.5794580519810325e-05,3.2729500448981364e-06,1.5794580519688186e-05,3.266661606981309e-06,1.579199203088943e-05,3.2666616073040435e-06,1.579199203076729e-05,6.288437594092955e-09,2.588488920894584e-09,6.288437594092955e-09,2.588488920894584e-09,offline_frozen_validation_only; no solver feedback
GPOLY-R-FINAL,9,"{""schema"": ""fullspace-dtn.mode.v1"", ""mode_index"": 9, ""side"": ""top"", ""m"": -2, ""n"": 0, ""polarization"": ""p"", ""alpha"": {""real"": -0.0013670850793925382, ""imag"": 0.0}, ""gamma"": {""real"": 0.0, ""imag"": 0.0}, ""beta"": {""real"": 8.975978906149711, ""imag"": 0.0}, ""k_vector"": [{""real"": -0.0013670850793925382, ""imag"": 0.0}, {""real"": 0.0, ""imag"": 0.0}, {""real"": 8.975978906149711, ""imag"": 0.0}], ""e_vector"": [{""real"": 0.9999999884016174, ""imag"": 0.0}, {""real"": 0.0, ""imag"": 0.0}, {""real"": 0.00015230484360874907, ""imag"": -0.0}], ""h_vector"": [{""real"": 0.0, ""imag"": 0.0}, {""real"": 1.0000000000000002, ""imag"": 0.0}, {""real"": 0.0, ""imag"": 0.0}], ""refractive_index"": {""real"": 1.0, ""imag"": 0.0}, ""vertical_sign"": 1, ""electric_tangential_norm_sq"": 0.9999999768032349, ""power_per_unit_amplitude"": 0.7349999914751889, ""propagating"": true, ""rayleigh_warning"": false, ""classification"": ""propagating"", ""rayleigh_tolerance"": 1e-06, ""projection_denominator"": 1.4699999659007554, ""traction_vector"": [{""real"": 0.0, ""imag"": 8.975979010256554}, {""real"": -0.0, ""imag"": 0.0}, {""real"": 0.0, ""imag"": 0.0}]}",-5.423496064911614e-09,-3.735118010587038e-09,-5.423496064911614e-09,-3.735118010587038e-09,-2.0122553573612502e-16,1.8658087211231932e-16,-2.01225535736125e-16,1.865808721123193e-16,-5.423495863686078e-09,-3.73511819716791e-09,-5.423495863686078e-09,-3.73511819716791e-09,offline_frozen_validation_only; no solver feedback
GPOLY-R-FINAL,10,"{""schema"": ""fullspace-dtn.mode.v1"", ""mode_index"": 10, ""side"": ""top"", ""m"": -2, ""n"": 1, ""polarization"": ""s"", ""alpha"": {""real"": -0.0013670850793925382, ""imag"": 0.0}, ""gamma"": {""real"": 5.983986006837701, ""imag"": 0.0}, ""beta"": {""real"": 6.690299604174327, ""imag"": 0.0}, ""k_vector"": [{""real"": -0.0013670850793925382, ""imag"": 0.0}, {""real"": 5.983986006837701, ""imag"": 0.0}, {""real"": 6.690299604174327, ""imag"": 0.0}], ""e_vector"": [{""real"": -0.9999999739036398, ""imag"": 0.0}, {""real"": -0.00022845725945122052, ""imag"": 0.0}, {""real"": 0.0, ""imag"": 0.0}], ""h_vector"": [{""real"": 0.00017028198380708622, ""imag"": 0.0}, {""real"": -0.7453559574879883, ""imag"": 0.0}, {""real"": 0.6666666840642403, ""imag"": -0.0}], ""refractive_index"": {""real"": 1.0, ""imag"": 0.0}, ""vertical_sign"": 1, ""electric_tangential_norm_sq"": 0.9999999999999997, ""power_per_unit_amplitude"": 0.5478366430502136, ""propagating"": true, ""rayleigh_warning"": false, ""classification"": ""propagating"", ""rayleigh_tolerance"": 1e-06, ""projection_denominator"": 1.4699999999999995, ""traction_vector"": [{""real"": 0.0, ""imag"": -6.6902994295818585}, {""real"": 0.0, ""imag"": -0.001528447512477252}, {""real"": 0.0, ""imag"": 0.0}]}",1.944011141641695e-09,4.475260387891104e-09,1.944011141641695e-09,4.475260387892256e-09,-7.195797779243505e-09,4.334218822436149e-09,-7.195797779243505e-09,4.334218822437301e-09,9.1398089208852e-09,1.4104156545495513e-10,9.1398089208852e-09,1.4104156545495513e-10,offline_frozen_validation_only; no solver feedback
GPOLY-R-FINAL,11,"{""schema"": ""fullspace-dtn.mode.v1"", ""mode_index"": 11, ""side"": ""top"", ""m"": -2, ""n"": 1, ""polarization"": ""p"", ""alpha"": {""real"": -0.0013670850793925382, ""imag"": 0.0}, ""gamma"": {""real"": 5.983986006837701, ""imag"": 0.0}, ""beta"": {""real"": 6.690299604174327, ""imag"": 0.0}, ""k_vector"": [{""real"": -0.0013670850793925382, ""imag"": 0.0}, {""real"": 5.983986006837701, ""imag"": 0.0}, {""real"": 6.690299604174327, ""imag"": 0.0}], ""e_vector"": [{""real"": 0.00017028198380708627, ""imag"": 0.0}, {""real"": -0.7453559574879884, ""imag"": 0.0}, {""real"": 0.6666666840642405, ""imag"": -0.0}], ""h_vector"": [{""real"": 0.9999999739036399, ""imag"": 0.0}, {""real"": 0.00022845725945122054, ""imag"": 0.0}, {""real"": -2.4157858908685565e-20, ""imag"": 0.0}], ""refractive_index"": {""real"": 1.0, ""imag"": 0.0}, ""vertical_sign"": 1, ""electric_tangential_norm_sq"": 0.5555555323587901, ""power_per_unit_amplitude"": 0.5478366430502138, ""propagating"": true, ""rayleigh_warning"": false, ""classification"": ""propagating"", ""rayleigh_tolerance"": 1e-06, ""projection_denominator"": 0.8166666325674213, ""traction_vector"": [{""real"": 0.0, ""imag"": 0.002050627565574891}, {""real"": 0.0, ""imag"": -8.975978776016172}, {""real"": 0.0, ""imag"": 0.0}]}",-1.3895703638487972e-05,8.986536260082952e-06,-1.3895703638551696e-05,8.986536260082952e-06,-1.3884985056452473e-05,8.983995580305071e-06,-1.3884985056516197e-05,8.983995580305071e-06,-1.0718582035498751e-08,2.5406797778805914e-09,-1.0718582035498751e-08,2.5406797778805914e-09,offline_frozen_validation_only; no solver feedback
GPOLY-R-FINAL,12,"{""schema"": ""fullspace-dtn.mode.v1"", ""mode_index"": 12, ""side"": ""top"", ""m"": -1, ""n"": -1, ""polarization"": ""s"", ""alpha"": {""real"": 4.486622420048883, ""imag"": 0.0}, ""gamma"": {""real"": -5.983986006837701, ""imag"": 0.0}, ""beta"": {""real"": 4.962895316491319, ""imag"": 0.0}, ""k_vector"": [{""real"": 4.486622420048883, ""imag"": 0.0}, {""real"": -5.983986006837701, ""imag"": 0.0}, {""real"": 4.962895316491319, ""imag"": 0.0}], ""e_vector"": [{""real"": 0.8000877286570669, ""imag"": -0.0}, {""real"": 0.5998830106382207, ""imag"": 0.0}, {""real"": 0.0, ""imag"": 0.0}], ""h_vector"": [{""real"": -0.33168043068474645, ""imag"": 0.0}, {""real"": 0.4423753260560312, ""imag"": 0.0}, {""real"": 0.8332419593357027, ""imag"": 0.0}], ""refractive_index"": {""real"": 1.0, ""imag"": 0.0}, ""vertical_sign"": 1, ""electric_tangential_norm_sq"": 0.9999999999999999, ""power_per_unit_amplitude"": 0.4063877659977793, ""propagating"": true, ""rayleigh_warning"": false, ""classification"": ""propagating"", ""rayleigh_tolerance"": 1e-06, ""projection_denominator"": 1.4699999999999998, ""traction_vector"": [{""real"": 0.0, ""imag"": 3.9707516413343344}, {""real"": 0.0, ""imag"": 2.9771565839391374}, {""real"": 0.0, ""imag"": -0.0}]}",2.5546300553917043e-05,-1.2440044944829863e-05,2.5546300553884002e-05,-1.2440044944829863e-05,2.555102944959861e-05,-1.2421186840752343e-05,2.555102944956557e-05,-1.2421186840752343e-05,-4.728895681566363e-09,-1.885810407752088e-08,-4.728895681566363e-09,-1.885810407752088e-08,offline_frozen_validation_only; no solver feedback
GPOLY-R-FINAL,13,"{""schema"": ""fullspace-dtn.mode.v1"", ""mode_index"": 13, ""side"": ""top"", ""m"": -1, ""n"": -1, ""polarization"": ""p"", ""alpha"": {""real"": 4.486622420048883, ""imag"": 0.0}, ""gamma"": {""real"": -5.983986006837701, ""imag"": 0.0}, ""beta"": {""real"": 4.962895316491319, ""imag"": 0.0}, ""k_vector"": [{""real"": 4.486622420048883, ""imag"": 0.0}, {""real"": -5.983986006837701, ""imag"": 0.0}, {""real"": 4.962895316491319, ""imag"": 0.0}], ""e_vector"": [{""real"": -0.3316804306847465, ""imag"": 0.0}, {""real"": 0.4423753260560313, ""imag"": 0.0}, {""real"": 0.833241959335703, ""imag"": 0.0}], ""h_vector"": [{""real"": -0.8000877286570669, ""imag"": 0.0}, {""real"": -0.5998830106382207, ""imag"": 0.0}, {""real"": -2.4737647522494018e-17, ""imag"": 0.0}], ""refractive_index"": {""real"": 1.0, ""imag"": 0.0}, ""vertical_sign"": 1, ""electric_tangential_norm_sq"": 0.3057078372023989, ""power_per_unit_amplitude"": 0.4063877659977795, ""propagating"": true, ""rayleigh_warning"": false, ""classification"": ""propagating"", ""rayleigh_tolerance"": 1e-06, ""projection_denominator"": 0.4493905206875264, ""traction_vector"": [{""real"": 0.0, ""imag"": -5.384537312098177}, {""real"": 0.0, ""imag"": 7.181570658789672}, {""real"": 0.0, ""imag"": 0.0}]}",1.88368515664601e-05,-9.17033293739182e-06,1.8836851566367454e-05,-9.17033293741884e-06,1.8842193182604635e-05,-9.15911227089638e-06,1.884219318251199e-05,-9.1591122709234e-06,-5.341616144535961e-09,-1.1220666495440792e-08,-5.341616144535961e-09,-1.1220666495440792e-08,offline_frozen_validation_only; no solver feedback
GPOLY-R-FINAL,14,"{""schema"": ""fullspace-dtn.mode.v1"", ""mode_index"": 14, ""side"": ""top"", ""m"": -1, ""n"": 0, ""polarization"": ""s"", ""alpha"": {""real"": 4.486622420048883, ""imag"": 0.0}, ""gamma"": {""real"": 0.0, ""imag"": 0.0}, ""beta"": {""real"": 7.774214973389975, ""imag"": 0.0}, ""k_vector"": [{""real"": 4.486622420048883, ""imag"": 0.0}, {""real"": 0.0, ""imag"": 0.0}, {""real"": 7.774214973389975, ""imag"": 0.0}], ""e_vector"": [{""real"": -0.0, ""imag"": 0.0}, {""real"": 1.0, ""imag"": 0.0}, {""real"": 0.0, ""imag"": 0.0}], ""h_vector"": [{""real"": -0.8661133191718294, ""imag"": 0.0}, {""real"": 0.0, ""imag"": 0.0}, {""real"": 0.4998476951563912, ""imag"": 0.0}], ""refractive_index"": {""real"": 1.0, ""imag"": 0.0}, ""vertical_sign"": 1, ""electric_tangential_norm_sq"": 1.0, ""power_per_unit_amplitude"": 0.6365932895912946, ""propagating"": true, ""rayleigh_warning"": false, ""classification"": ""propagating"", ""rayleigh_tolerance"": 1e-06, ""projection_denominator"": 1.47, ""traction_vector"": [{""real"": -0.0, ""imag"": 0.0}, {""real"": 0.0, ""imag"": 7.774214973389975}, {""real"": 0.0, ""imag"": -0.0}]}",-0.0001078024780062273,-7.256869981616712e-05,-0.00010780247800583551,-7.256869981561544e-05,-0.0001077984191275123,-7.256319276933049e-05,-0.00010779841912712052,-7.256319276877881e-05,-4.05887871499555e-09,-5.50704683663025e-09,-4.05887871499555e-09,-5.50704683663025e-09,offline_frozen_validation_only; no solver feedback
GPOLY-R-FINAL,15,"{""schema"": ""fullspace-dtn.mode.v1"", ""mode_index"": 15, ""side"": ""top"", ""m"": -1, ""n"": 0, ""polarization"": ""p"", ""alpha"": {""real"": 4.486622420048883, ""imag"": 0.0}, ""gamma"": {""real"": 0.0, ""imag"": 0.0}, ""beta"": {""real"": 7.774214973389975, ""imag"": 0.0}, ""k_vector"": [{""real"": 4.486622420048883, ""imag"": 0.0}, {""real"": 0.0, ""imag"": 0.0}, {""real"": 7.774214973389975, ""imag"": 0.0}], ""e_vector"": [{""real"": -0.8661133191718294, ""imag"": 0.0}, {""real"": 0.0, ""imag"": 0.0}, {""real"": 0.4998476951563912, ""imag"": 0.0}], ""h_vector"": [{""real"": 0.0, ""imag"": 0.0}, {""real"": -1.0, ""imag"": 0.0}, {""real"": 0.0, ""imag"": 0.0}], ""refractive_index"": {""real"": 1.0, ""imag"": 0.0}, ""vertical_sign"": 1, ""electric_tangential_norm_sq"": 0.7501522816468433, ""power_per_unit_amplitude"": 0.6365932895912946, ""propagating"": true, ""rayleigh_warning"": false, ""classification"": ""propagating"", ""rayleigh_tolerance"": 1e-06, ""projection_denominator"": 1.1027238540208597, ""traction_vector"": [{""real"": 0.0, ""imag"": -8.975979010256552}, {""real"": 0.0, ""imag"": 0.0}, {""real"": 0.0, ""imag"": 0.0}]}",4.880200456643566e-09,7.983329541035633e-09,4.880200456643566e-09,7.983329541035633e-09,-7.512217828146564e-16,7.306111960405604e-16,-7.512217828146564e-16,7.306111960405604e-16,4.8802012078653496e-09,7.983328810424438e-09,4.8802012078653496e-09,7.983328810424438e-09,offline_frozen_validation_only; no solver feedback
GPOLY-R-FINAL,16,"{""schema"": ""fullspace-dtn.mode.v1"", ""mode_index"": 16, ""side"": ""top"", ""m"": -1, ""n"": 1, ""polarization"": ""s"", ""alpha"": {""real"": 4.486622420048883, ""imag"": 0.0}, ""gamma"": {""real"": 5.983986006837701, ""imag"": 0.0}, ""beta"": {""real"": 4.962895316491319, ""imag"": 0.0}, ""k_vector"": [{""real"": 4.486622420048883, ""imag"": 0.0}, {""real"": 5.983986006837701, ""imag"": 0.0}, {""real"": 4.962895316491319, ""imag"": 0.0}], ""e_vector"": [{""real"": -0.8000877286570669, ""imag"": 0.0}, {""real"": 0.5998830106382207, ""imag"": 0.0}, {""real"": 0.0, ""imag"": 0.0}], ""h_vector"": [{""real"": -0.33168043068474645, ""imag"": 0.0}, {""real"": -0.4423753260560312, ""imag"": 0.0}, {""real"": 0.8332419593357027, ""imag"": 0.0}], ""refractive_index"": {""real"": 1.0, ""imag"": 0.0}, ""vertical_sign"": 1, ""electric_tangential_norm_sq"": 0.9999999999999999, ""power_per_unit_amplitude"": 0.4063877659977793, ""propagating"": true, ""rayleigh_warning"": false, ""classification"": ""propagating"", ""rayleigh_tolerance"": 1e-06, ""projection_denominator"": 1.4699999999999998, ""traction_vector"": [{""real"": 0.0, ""imag"": -3.9707516413343344}, {""real"": 0.0, ""imag"": 2.9771565839391374}, {""real"": 0.0, ""imag"": 0.0}]}",2.5561534632802955e-05,-1.2433661783731154e-05,2.5561534632818297e-05,-1.2433661783711093e-05,2.5551029449478588e-05,-1.2421186840209803e-05,2.555102944949393e-05,-1.2421186840189742e-05,1.0505183324367035e-08,-1.2474943521351045e-08,1.0505183324367035e-08,-1.2474943521351045e-08,offline_frozen_validation_only; no solver feedback
GPOLY-R-FINAL,17,"{""schema"": ""fullspace-dtn.mode.v1"", ""mode_index"": 17, ""side"": ""top"", ""m"": -1, ""n"": 1, ""polarization"": ""p"", ""alpha"": {""real"": 4.486622420048883, ""imag"": 0.0}, ""gamma"": {""real"": 5.983986006837701, ""imag"": 0.0}, ""beta"": {""real"": 4.962895316491319, ""imag"": 0.0}, ""k_vector"": [{""real"": 4.486622420048883, ""imag"": 0.0}, {""real"": 5.983986006837701, ""imag"": 0.0}, {""real"": 4.962895316491319, ""imag"": 0.0}], ""e_vector"": [{""real"": -0.3316804306847465, ""imag"": 0.0}, {""real"": -0.4423753260560313, ""imag"": 0.0}, {""real"": 0.833241959335703, ""imag"": 0.0}], ""h_vector"": [{""real"": 0.8000877286570669, ""imag"": 0.0}, {""real"": -0.5998830106382207, ""imag"": 0.0}, {""real"": 2.4737647522494018e-17, ""imag"": 0.0}], ""refractive_index"": {""real"": 1.0, ""imag"": 0.0}, ""vertical_sign"": 1, ""electric_tangential_norm_sq"": 0.3057078372023989, ""power_per_unit_amplitude"": 0.4063877659977795, ""propagating"": true, ""rayleigh_warning"": false, ""classification"": ""propagating"", ""rayleigh_tolerance"": 1e-06, ""projection_denominator"": 0.4493905206875264, ""traction_vector"": [{""real"": 0.0, ""imag"": -5.384537312098177}, {""real"": 0.0, ""imag"": -7.181570658789672}, {""real"": 0.0, ""imag"": 0.0}]}",-1.8841344798115167e-05,9.164181217504118e-06,-1.8841344798196232e-05,9.164181217492537e-06,-1.884219318237659e-05,9.159112271291004e-06,-1.8842193182457654e-05,9.159112271279423e-06,8.483842614225565e-10,5.068946213114303e-09,8.483842614225565e-10,5.068946213114303e-09,offline_frozen_validation_only; no solver feedback
GPOLY-R-FINAL,18,"{""schema"": ""fullspace-dtn.mode.v1"", ""mode_index"": 18, ""side"": ""top"", ""m"": 0, ""n"": 0, ""polarization"": ""s"", ""alpha"": {""real"": 8.97461192517716, ""imag"": 0.0}, ""gamma"": {""real"": 0.0, ""imag"": 0.0}, ""beta"": {""real"": 0.15665243385951635, ""imag"": 0.0}, ""k_vector"": [{""real"": 8.97461192517716, ""imag"": 0.0}, {""real"": 0.0, ""imag"": 0.0}, {""real"": 0.15665243385951635, ""imag"": 0.0}], ""e_vector"": [{""real"": -0.0, ""imag"": 0.0}, {""real"": 1.0, ""imag"": 0.0}, {""real"": 0.0, ""imag"": 0.0}], ""h_vector"": [{""real"": -0.017452406437282755, ""imag"": 0.0}, {""real"": 0.0, ""imag"": 0.0}, {""real"": 0.9998476951563912, ""imag"": 0.0}], ""refractive_index"": {""real"": 1.0, ""imag"": 0.0}, ""vertical_sign"": 1, ""electric_tangential_norm_sq"": 1.0, ""power_per_unit_amplitude"": 0.012827518731402825, ""propagating"": true, ""rayleigh_warning"": false, ""classification"": ""propagating"", ""rayleigh_tolerance"": 1e-06, ""projection_denominator"": 1.47, ""traction_vector"": [{""real"": -0.0, ""imag"": 0.0}, {""real"": 0.0, ""imag"": 0.15665243385951635}, {""real"": 0.0, ""imag"": -0.0}]}",1.2301149096088286,-0.5354330194475772,-0.0327437741560661,-0.13554348477057396,1.2301124466956983,-0.5354375258627233,-0.03274623706919645,-0.13554799118572006,2.46291313032998e-06,4.506415146154907e-06,2.4629131303507967e-06,4.506415146099396e-06,offline_frozen_validation_only; no solver feedback
GPOLY-R-FINAL,19,"{""schema"": ""fullspace-dtn.mode.v1"", ""mode_index"": 19, ""side"": ""top"", ""m"": 0, ""n"": 0, ""polarization"": ""p"", ""alpha"": {""real"": 8.97461192517716, ""imag"": 0.0}, ""gamma"": {""real"": 0.0, ""imag"": 0.0}, ""beta"": {""real"": 0.15665243385951635, ""imag"": 0.0}, ""k_vector"": [{""real"": 8.97461192517716, ""imag"": 0.0}, {""real"": 0.0, ""imag"": 0.0}, {""real"": 0.15665243385951635, ""imag"": 0.0}], ""e_vector"": [{""real"": -0.01745240643728276, ""imag"": 0.0}, {""real"": 0.0, ""imag"": 0.0}, {""real"": 0.9998476951563914, ""imag"": 0.0}], ""h_vector"": [{""real"": 0.0, ""imag"": 0.0}, {""real"": -1.0000000000000002, ""imag"": 0.0}, {""real"": 0.0, ""imag"": 0.0}], ""refractive_index"": {""real"": 1.0, ""imag"": 0.0}, ""vertical_sign"": 1, ""electric_tangential_norm_sq"": 0.0003045864904521087, ""power_per_unit_amplitude"": 0.01282751873140283, ""propagating"": true, ""rayleigh_warning"": false, ""classification"": ""propagating"", ""rayleigh_tolerance"": 1e-06, ""projection_denominator"": 0.0004477421409645998, ""traction_vector"": [{""real"": 0.0, ""imag"": -8.975979010256554}, {""real"": 0.0, ""imag"": 0.0}, {""real"": 0.0, ""imag"": 0.0}]}",6.175950917643663e-07,8.636956229534963e-07,6.175950922957439e-07,8.636956227852334e-07,-3.154010265628375e-14,6.2826313755395736e-15,-3.1008725138110985e-14,6.1143684406509005e-15,6.17595123304469e-07,8.636956166708649e-07,6.175951233044691e-07,8.63695616670865e-07,offline_frozen_validation_only; no solver feedback
GPOLY-R-FINAL,20,"{""schema"": ""fullspace-dtn.mode.v1"", ""mode_index"": 20, ""side"": ""bottom"", ""m"": -3, ""n"": -1, ""polarization"": ""s"", ""alpha"": {""real"": -4.489356590207668, ""imag"": 0.0}, ""gamma"": {""real"": -5.983986006837701, ""imag"": 0.0}, ""beta"": {""real"": 4.958556350844336, ""imag"": 7.026217474247436e-05}, ""k_vector"": [{""real"": -4.489356590207668, ""imag"": 0.0}, {""real"": -5.983986006837701, ""imag"": 0.0}, {""real"": -4.958556350844336, ""imag"": -7.026217474247436e-05}], ""e_vector"": [{""real"": 0.7999122734807461, ""imag"": -0.0}, {""real"": -0.6001169508811294, ""imag"": 0.0}, {""real"": 0.0, ""imag"": 0.0}], ""h_vector"": [{""real"": -0.3315196832168072, ""imag"": -4.697595885702236e-06}, {""real"": -0.4418916398148882, ""imag"": -6.261553850976274e-06}, {""real"": 0.8334247251460797, ""imag"": -0.0}], ""refractive_index"": {""real"": 0.999885140474, ""imag"": 4.32477054e-06}, ""vertical_sign"": -1, ""electric_tangential_norm_sq"": 0.9999999999999998, ""power_per_unit_amplitude"": 0.4060324688489237, ""propagating"": true, ""rayleigh_warning"": false, ""classification"": ""propagating"", ""rayleigh_tolerance"": 1e-06, ""projection_denominator"": 1.4699638505555863, ""traction_vector"": [{""real"": -5.620357593795412e-05, ""imag"": 3.9664100837862852}, {""real"": 4.216552206873081e-05, ""imag"": -2.975713718040963}, {""real"": 0.0, ""imag"": 0.0}]}",-9.569523586604487e-06,-4.179532788763796e-07,-9.569523586603306e-06,-4.17953278859858e-07,-9.549378700067261e-06,-4.3615840469472487e-07,-9.54937870006608e-06,-4.361584046782033e-07,-2.0144886537225997e-08,1.8205125818345265e-08,-2.0144886537225997e-08,1.8205125818345265e-08,offline_frozen_validation_only; no solver feedback
GPOLY-R-FINAL,21,"{""schema"": ""fullspace-dtn.mode.v1"", ""mode_index"": 21, ""side"": ""bottom"", ""m"": -3, ""n"": -1, ""polarization"": ""p"", ""alpha"": {""real"": -4.489356590207668, ""imag"": 0.0}, ""gamma"": {""real"": -5.983986006837701, ""imag"": 0.0}, ""beta"": {""real"": 4.958556350844336, ""imag"": 7.026217474247436e-05}, ""k_vector"": [{""real"": -4.489356590207668, ""imag"": 0.0}, {""real"": -5.983986006837701, ""imag"": 0.0}, {""real"": -4.958556350844336, ""imag"": -7.026217474247436e-05}], ""e_vector"": [{""real"": -0.33155776578462687, ""imag"": -3.264059536059784e-06}, {""real"": -0.4419424011095991, ""imag"": -4.350754099567616e-06}, {""real"": 0.8335204628602758, ""imag"": -3.605198833694458e-06}], ""h_vector"": [{""real"": -0.7998203959021161, ""imag"": -3.4594370347866507e-06}, {""real"": 0.6000480217070564, ""imag"": 2.595368109614824e-06}, {""real"": 4.9475295044988036e-17, ""imag"": 0.0}], ""refractive_index"": {""real"": 0.999885140474, ""imag"": 4.32477054e-06}, ""vertical_sign"": -1, ""electric_tangential_norm_sq"": 0.30524363798019444, ""power_per_unit_amplitude"": 0.4060324688489239, ""propagating"": true, ""rayleigh_warning"": false, ""classification"": ""propagating"", ""rayleigh_tolerance"": 1e-06, ""projection_denominator"": 0.4486971134429621, ""traction_vector"": [{""real"": 2.3295969675791888e-05, ""imag"": -5.386018447988506}, {""real"": 3.105183421154914e-05, ""imag"": -7.179171085592479}, {""real"": 0.0, ""imag"": 0.0}]}",-7.04002567930816e-06,-3.510564261531846e-07,-7.0400256793584195e-06,-3.5105642612612164e-07,-7.0323782198768244e-06,-3.1660784057617397e-07,-7.032378219927084e-06,-3.16607840549111e-07,-7.647459431335474e-09,-3.4448585577010646e-08,-7.647459431335474e-09,-3.4448585577010646e-08,offline_frozen_validation_only; no solver feedback
GPOLY-R-FINAL,22,"{""schema"": ""fullspace-dtn.mode.v1"", ""mode_index"": 22, ""side"": ""bottom"", ""m"": -3, ""n"": 0, ""polarization"": ""s"", ""alpha"": {""real"": -4.489356590207668, ""imag"": 0.0}, ""gamma"": {""real"": 0.0, ""imag"": 0.0}, ""beta"": {""real"": 7.771445786441615, ""imag"": 4.483064829471781e-05}, ""k_vector"": [{""real"": -4.489356590207668, ""imag"": 0.0}, {""real"": 0.0, ""imag"": 0.0}, {""real"": -7.771445786441615, ""imag"": -4.483064829471781e-05}], ""e_vector"": [{""real"": -0.0, ""imag"": 0.0}, {""real"": -1.0, ""imag"": 0.0}, {""real"": 0.0, ""imag"": 0.0}], ""h_vector"": [{""real"": -0.8658048083180055, ""imag"": -4.994513494683011e-06}, {""real"": 0.0, ""imag"": 0.0}, {""real"": 0.5001523048436087, ""imag"": -0.0}], ""refractive_index"": {""real"": 0.999885140474, ""imag"": 4.32477054e-06}, ""vertical_sign"": -1, ""electric_tangential_norm_sq"": 1.0, ""power_per_unit_amplitude"": 0.6363665341137341, ""propagating"": true, ""rayleigh_warning"": false, ""classification"": ""propagating"", ""rayleigh_tolerance"": 1e-06, ""projection_denominator"": 1.469976934812407, ""traction_vector"": [{""real"": -0.0, ""imag"": 0.0}, {""real"": 4.483064829471781e-05, ""imag"": -7.771445786441615}, {""real"": 0.0, ""imag"": 0.0}]}",2.2517520161604956e-05,-3.5525086467883177e-05,2.2517520161809114e-05,-3.5525086468367015e-05,2.2500825790873014e-05,-3.5535196088581886e-05,2.2500825791077173e-05,-3.5535196089065725e-05,1.669437073194139e-08,1.0109620698709723e-08,1.669437073194139e-08,1.0109620698709723e-08,offline_frozen_validation_only; no solver feedback
GPOLY-R-FINAL,23,"{""schema"": ""fullspace-dtn.mode.v1"", ""mode_index"": 23, ""side"": ""bottom"", ""m"": -3, ""n"": 0, ""polarization"": ""p"", ""alpha"": {""real"": -4.489356590207668, ""imag"": 0.0}, ""gamma"": {""real"": 0.0, ""imag"": 0.0}, ""beta"": {""real"": 7.771445786441615, ""imag"": 4.483064829471781e-05}, ""k_vector"": [{""real"": -4.489356590207668, ""imag"": 0.0}, {""real"": 0.0, ""imag"": 0.0}, {""real"": -7.771445786441615, ""imag"": -4.483064829471781e-05}], ""e_vector"": [{""real"": -0.8659042656715219, ""imag"": -1.2498197897239332e-06}, {""real"": 0.0, ""imag"": 0.0}, {""real"": 0.5002097586869129, ""imag"": -2.163540931475541e-06}], ""h_vector"": [{""real"": 0.0, ""imag"": 0.0}, {""real"": 0.999885140467758, ""imag"": 4.324770539973001e-06}, {""real"": 0.0, ""imag"": 0.0}], ""refractive_index"": {""real"": 0.999885140474, ""imag"": 4.32477054e-06}, ""vertical_sign"": -1, ""electric_tangential_norm_sq"": 0.7497901973096996, ""power_per_unit_amplitude"": 0.6363665341137341, ""propagating"": true, ""rayleigh_warning"": false, ""classification"": ""propagating"", ""rayleigh_tolerance"": 1e-06, ""projection_denominator"": 1.1021742959937022, ""traction_vector"": [{""real"": 3.881904959097355e-05, ""imag"": -8.97494803350602}, {""real"": 0.0, ""imag"": 0.0}, {""real"": 0.0, ""imag"": 0.0}]}",1.9608548015829935e-09,-1.8868005732659514e-09,1.9608548015829935e-09,-1.8868005732659514e-09,9.921735257066193e-16,7.637390319947128e-17,9.921735257066193e-16,7.637390319947126e-17,1.9608538094094676e-09,-1.8868006496398546e-09,1.9608538094094676e-09,-1.8868006496398546e-09,offline_frozen_validation_only; no solver feedback
GPOLY-R-FINAL,24,"{""schema"": ""fullspace-dtn.mode.v1"", ""mode_index"": 24, ""side"": ""bottom"", ""m"": -3, ""n"": 1, ""polarization"": ""s"", ""alpha"": {""real"": -4.489356590207668, ""imag"": 0.0}, ""gamma"": {""real"": 5.983986006837701, ""imag"": 0.0}, ""beta"": {""real"": 4.958556350844336, ""imag"": 7.026217474247436e-05}, ""k_vector"": [{""real"": -4.489356590207668, ""imag"": 0.0}, {""real"": 5.983986006837701, ""imag"": 0.0}, {""real"": -4.958556350844336, ""imag"": -7.026217474247436e-05}], ""e_vector"": [{""real"": -0.7999122734807461, ""imag"": 0.0}, {""real"": -0.6001169508811294, ""imag"": 0.0}, {""real"": 0.0, ""imag"": 0.0}], ""h_vector"": [{""real"": -0.3315196832168072, ""imag"": -4.697595885702236e-06}, {""real"": 0.4418916398148882, ""imag"": 6.261553850976274e-06}, {""real"": 0.8334247251460797, ""imag"": -0.0}], ""refractive_index"": {""real"": 0.999885140474, ""imag"": 4.32477054e-06}, ""vertical_sign"": -1, ""electric_tangential_norm_sq"": 0.9999999999999998, ""power_per_unit_amplitude"": 0.4060324688489237, ""propagating"": true, ""rayleigh_warning"": false, ""classification"": ""propagating"", ""rayleigh_tolerance"": 1e-06, ""projection_denominator"": 1.4699638505555863, ""traction_vector"": [{""real"": 5.620357593795412e-05, ""imag"": -3.9664100837862852}, {""real"": 4.216552206873081e-05, ""imag"": -2.975713718040963}, {""real"": 0.0, ""imag"": 0.0}]}",-9.548518854499252e-06,-4.198348341391545e-07,-9.548518854532295e-06,-4.198348341273534e-07,-9.549378700351722e-06,-4.3615840435813124e-07,-9.549378700384765e-06,-4.361584043463301e-07,8.598458524694059e-10,1.6323570218976714e-08,8.598458524694059e-10,1.6323570218976714e-08,offline_frozen_validation_only; no solver feedback
GPOLY-R-FINAL,25,"{""schema"": ""fullspace-dtn.mode.v1"", ""mode_index"": 25, ""side"": ""bottom"", ""m"": -3, ""n"": 1, ""polarization"": ""p"", ""alpha"": {""real"": -4.489356590207668, ""imag"": 0.0}, ""gamma"": {""real"": 5.983986006837701, ""imag"": 0.0}, ""beta"": {""real"": 4.958556350844336, ""imag"": 7.026217474247436e-05}, ""k_vector"": [{""real"": -4.489356590207668, ""imag"": 0.0}, {""real"": 5.983986006837701, ""imag"": 0.0}, {""real"": -4.958556350844336, ""imag"": -7.026217474247436e-05}], ""e_vector"": [{""real"": -0.33155776578462687, ""imag"": -3.264059536059784e-06}, {""real"": 0.4419424011095991, ""imag"": 4.350754099567616e-06}, {""real"": 0.8335204628602758, ""imag"": -3.605198833694458e-06}], ""h_vector"": [{""real"": 0.7998203959021161, ""imag"": 3.4594370347866507e-06}, {""real"": 0.6000480217070564, ""imag"": 2.595368109614824e-06}, {""real"": -4.9475295044988036e-17, ""imag"": 0.0}], ""refractive_index"": {""real"": 0.999885140474, ""imag"": 4.32477054e-06}, ""vertical_sign"": -1, ""electric_tangential_norm_sq"": 0.30524363798019444, ""power_per_unit_amplitude"": 0.4060324688489239, ""propagating"": true, ""rayleigh_warning"": false, ""classification"": ""propagating"", ""rayleigh_tolerance"": 1e-06, ""projection_denominator"": 0.4486971134429621, ""traction_vector"": [{""real"": 2.3295969675791888e-05, ""imag"": -5.386018447988506}, {""real"": -3.105183421154914e-05, ""imag"": 7.179171085592479}, {""real"": 0.0, ""imag"": 0.0}]}",7.0555419209688414e-06,2.9811177132629136e-07,7.055541921015235e-06,2.981117713417559e-07,7.0323782197460426e-06,3.16607841783482e-07,7.032378219792436e-06,3.1660784179894655e-07,2.316370122279887e-08,-1.8496070457190637e-08,2.316370122279887e-08,-1.8496070457190637e-08,offline_frozen_validation_only; no solver feedback
GPOLY-R-FINAL,26,"{""schema"": ""fullspace-dtn.mode.v1"", ""mode_index"": 26, ""side"": ""bottom"", ""m"": -2, ""n"": -1, ""polarization"": ""s"", ""alpha"": {""real"": -0.0013670850793925382, ""imag"": 0.0}, ""gamma"": {""real"": -5.983986006837701, ""imag"": 0.0}, ""beta"": {""real"": 6.68891634028968, ""imag"": 5.2086008415877786e-05}, ""k_vector"": [{""real"": -0.0013670850793925382, ""imag"": 0.0}, {""real"": -5.983986006837701, ""imag"": 0.0}, {""real"": -6.68891634028968, ""imag"": -5.2086008415877786e-05}], ""e_vector"": [{""real"": 0.9999999739036398, ""imag"": -0.0}, {""real"": -0.00022845725945122052, ""imag"": 0.0}, {""real"": 0.0, ""imag"": 0.0}], ""h_vector"": [{""real"": -0.0001702467768758063, ""imag"": -1.3256968097683348e-09}, {""real"": -0.7452018501926205, ""imag"": -5.802821842286574e-06}, {""real"": 0.6666666840642403, ""imag"": -0.0}], ""refractive_index"": {""real"": 0.999885140474, ""imag"": 4.32477054e-06}, ""vertical_sign"": -1, ""electric_tangential_norm_sq"": 0.9999999999999997, ""power_per_unit_amplitude"": 0.5477233741851624, ""propagating"": true, ""rayleigh_warning"": false, ""classification"": ""propagating"", ""rayleigh_tolerance"": 1e-06, ""projection_denominator"": 1.4699732019929355, ""traction_vector"": [{""real"": -5.208600705662255e-05, ""imag"": 6.68891616573331}, {""real"": 1.1899426738444647e-08, ""imag"": -0.0015281314958010678}, {""real"": 0.0, ""imag"": 0.0}]}",-1.1140704235227828e-08,5.474397408296308e-09,-1.1140704235218608e-08,5.4743974083014945e-09,-8.318854379968599e-09,-1.6920271814008964e-09,-8.318854379959379e-09,-1.6920271813957104e-09,-2.821849855259229e-09,7.166424589697205e-09,-2.821849855259229e-09,7.166424589697205e-09,offline_frozen_validation_only; no solver feedback
GPOLY-R-FINAL,27,"{""schema"": ""fullspace-dtn.mode.v1"", ""mode_index"": 27, ""side"": ""bottom"", ""m"": -2, ""n"": -1, ""polarization"": ""p"", ""alpha"": {""real"": -0.0013670850793925382, ""imag"": 0.0}, ""gamma"": {""real"": -5.983986006837701, ""imag"": 0.0}, ""beta"": {""real"": 6.68891634028968, ""imag"": 5.2086008415877786e-05}, ""k_vector"": [{""real"": -0.0013670850793925382, ""imag"": 0.0}, {""real"": -5.983986006837701, ""imag"": 0.0}, {""real"": -6.68891634028968, ""imag"": -5.2086008415877786e-05}], ""e_vector"": [{""real"": -0.0001702663335861758, ""imag"": -5.894016846993088e-10}, {""real"": -0.7452874535562701, ""imag"": -2.5799209477250923e-06}, {""real"": 0.6667432658572671, ""imag"": -2.8838428707480877e-06}], ""h_vector"": [{""real"": -0.999885114365667, ""imag"": -4.32477042707448e-06}, {""real"": 0.0002284310189552686, ""imag"": 9.880252253089822e-10}, {""real"": 2.4157858908685565e-20, ""imag"": -4.6077459161158685e-26}], ""refractive_index"": {""real"": 0.999885140474, ""imag"": 4.32477054e-06}, ""vertical_sign"": -1, ""electric_tangential_norm_sq"": 0.5554534174256699, ""power_per_unit_amplitude"": 0.547723374185163, ""propagating"": true, ""rayleigh_warning"": false, ""classification"": ""propagating"", ""rayleigh_tolerance"": 1e-06, ""projection_denominator"": 0.8165016385711308, ""traction_vector"": [{""real"": 8.868493683977426e-09, ""imag"": -0.0020503920314340076}, {""real"": 3.8819048577598794e-05, ""imag"": -8.974947799214199}, {""real"": 0.0, ""imag"": 0.0}]}",-1.6499398261487122e-05,-2.8103697796769153e-06,-1.649939826144463e-05,-2.8103697796769153e-06,-1.649730512294347e-05,-2.8045120940932605e-06,-1.649730512290098e-05,-2.8045120940932605e-06,-2.0931385436518334e-09,-5.85768558365477e-09,-2.0931385436518334e-09,-5.85768558365477e-09,offline_frozen_validation_only; no solver feedback
GPOLY-R-FINAL,28,"{""schema"": ""fullspace-dtn.mode.v1"", ""mode_index"": 28, ""side"": ""bottom"", ""m"": -2, ""n"": 0, ""polarization"": ""s"", ""alpha"": {""real"": -0.0013670850793925382, ""imag"": 0.0}, ""gamma"": {""real"": 0.0, ""imag"": 0.0}, ""beta"": {""real"": 8.97494792944325, ""imag"": 3.8819050041557536e-05}, ""k_vector"": [{""real"": -0.0013670850793925382, ""imag"": 0.0}, {""real"": 0.0, ""imag"": 0.0}, {""real"": -8.97494792944325, ""imag"": -3.8819050041557536e-05}], ""e_vector"": [{""real"": -0.0, ""imag"": 0.0}, {""real"": -1.0, ""imag"": 0.0}, {""real"": 0.0, ""imag"": 0.0}], ""h_vector"": [{""real"": -0.9998851288742849, ""imag"": -4.324770590171869e-06}, {""real"": 0.0, ""imag"": 0.0}, {""real"": 0.00015230484360874904, ""imag"": -0.0}], ""refractive_index"": {""real"": 0.999885140474, ""imag"": 4.32477054e-06}, ""vertical_sign"": -1, ""electric_tangential_norm_sq"": 1.0, ""power_per_unit_amplitude"": 0.7349155697225994, ""propagating"": true, ""rayleigh_warning"": false, ""classification"": ""propagating"", ""rayleigh_tolerance"": 1e-06, ""projection_denominator"": 1.4699800277344321, ""traction_vector"": [{""real"": -0.0, ""imag"": 0.0}, {""real"": 3.8819050041557536e-05, ""imag"": -8.97494792944325}, {""real"": 0.0, ""imag"": 0.0}]}",-3.3053957798496683e-06,-1.6072966643728964e-05,-3.305395780109341e-06,-1.6072966643420366e-05,-3.2981256979544157e-06,-1.607450770976354e-05,-3.2981256982140885e-06,-1.607450770945494e-05,-7.270081895252535e-09,1.541066034575463e-09,-7.270081895252535e-09,1.541066034575463e-09,offline_frozen_validation_only; no solver feedback
GPOLY-R-FINAL,29,"{""schema"": ""fullspace-dtn.mode.v1"", ""mode_index"": 29, ""side"": ""bottom"", ""m"": -2, ""n"": 0, ""polarization"": ""p"", ""alpha"": {""real"": -0.0013670850793925382, ""imag"": 0.0}, ""gamma"": {""real"": 0.0, ""imag"": 0.0}, ""beta"": {""real"": 8.97494792944325, ""imag"": 3.8819050041557536e-05}, ""k_vector"": [{""real"": -0.0013670850793925382, ""imag"": 0.0}, {""real"": 0.0, ""imag"": 0.0}, {""real"": -8.97494792944325, ""imag"": -3.8819050041557536e-05}], ""e_vector"": [{""real"": -0.9999999883989524, ""imag"": -1.0035526433266723e-13}, {""real"": 0.0, ""imag"": 0.0}, {""real"": 0.00015232233927758835, ""imag"": -6.588348389489128e-10}], ""h_vector"": [{""real"": 0.0, ""imag"": 0.0}, {""real"": 0.9998851404740002, ""imag"": 4.324770539999998e-06}, {""real"": 0.0, ""imag"": 0.0}], ""refractive_index"": {""real"": 0.999885140474, ""imag"": 4.32477054e-06}, ""vertical_sign"": -1, ""electric_tangential_norm_sq"": 0.999999976797905, ""power_per_unit_amplitude"": 0.7349155697225995, ""propagating"": true, ""rayleigh_warning"": false, ""classification"": ""propagating"", ""rayleigh_tolerance"": 1e-06, ""projection_denominator"": 1.469979993627816, ""traction_vector"": [{""real"": 3.881904959121588e-05, ""imag"": -8.97494803356205}, {""real"": 0.0, ""imag"": 0.0}, {""real"": 0.0, ""imag"": 0.0}]}",-3.1041103609709135e-09,1.6263947447547099e-09,-3.1041103609709135e-09,1.6263947447547099e-09,5.901173302659412e-17,-1.6734047403331803e-16,5.90117330265941e-17,-1.6734047403331795e-16,-3.1041104199826463e-09,1.626394912095184e-09,-3.1041104199826463e-09,1.626394912095184e-09,offline_frozen_validation_only; no solver feedback
GPOLY-R-FINAL,30,"{""schema"": ""fullspace-dtn.mode.v1"", ""mode_index"": 30, ""side"": ""bottom"", ""m"": -2, ""n"": 1, ""polarization"": ""s"", ""alpha"": {""real"": -0.0013670850793925382, ""imag"": 0.0}, ""gamma"": {""real"": 5.983986006837701, ""imag"": 0.0}, ""beta"": {""real"": 6.68891634028968, ""imag"": 5.2086008415877786e-05}, ""k_vector"": [{""real"": -0.0013670850793925382, ""imag"": 0.0}, {""real"": 5.983986006837701, ""imag"": 0.0}, {""real"": -6.68891634028968, ""imag"": -5.2086008415877786e-05}], ""e_vector"": [{""real"": -0.9999999739036398, ""imag"": 0.0}, {""real"": -0.00022845725945122052, ""imag"": 0.0}, {""real"": 0.0, ""imag"": 0.0}], ""h_vector"": [{""real"": -0.0001702467768758063, ""imag"": -1.3256968097683348e-09}, {""real"": 0.7452018501926205, ""imag"": 5.802821842286574e-06}, {""real"": 0.6666666840642403, ""imag"": -0.0}], ""refractive_index"": {""real"": 0.999885140474, ""imag"": 4.32477054e-06}, ""vertical_sign"": -1, ""electric_tangential_norm_sq"": 0.9999999999999997, ""power_per_unit_amplitude"": 0.5477233741851624, ""propagating"": true, ""rayleigh_warning"": false, ""classification"": ""propagating"", ""rayleigh_tolerance"": 1e-06, ""projection_denominator"": 1.4699732019929355, ""traction_vector"": [{""real"": 5.208600705662255e-05, ""imag"": -6.68891616573331}, {""real"": 1.1899426738444647e-08, ""imag"": -0.0015281314958010678}, {""real"": 0.0, ""imag"": 0.0}]}",6.060946631811006e-10,-9.280783677555461e-09,6.060946631857104e-10,-9.280783677559206e-09,-8.318854144220389e-09,-1.6920271921818259e-09,-8.31885414421578e-09,-1.6920271921855713e-09,8.924948807401489e-09,-7.588756485373635e-09,8.92494880740149e-09,-7.588756485373635e-09,offline_frozen_validation_only; no solver feedback
GPOLY-R-FINAL,31,"{""schema"": ""fullspace-dtn.mode.v1"", ""mode_index"": 31, ""side"": ""bottom"", ""m"": -2, ""n"": 1, ""polarization"": ""p"", ""alpha"": {""real"": -0.0013670850793925382, ""imag"": 0.0}, ""gamma"": {""real"": 5.983986006837701, ""imag"": 0.0}, ""beta"": {""real"": 6.68891634028968, ""imag"": 5.2086008415877786e-05}, ""k_vector"": [{""real"": -0.0013670850793925382, ""imag"": 0.0}, {""real"": 5.983986006837701, ""imag"": 0.0}, {""real"": -6.68891634028968, ""imag"": -5.2086008415877786e-05}], ""e_vector"": [{""real"": -0.0001702663335861758, ""imag"": -5.894016846993088e-10}, {""real"": 0.7452874535562701, ""imag"": 2.5799209477250923e-06}, {""real"": 0.6667432658572671, ""imag"": -2.8838428707480877e-06}], ""h_vector"": [{""real"": 0.999885114365667, ""imag"": 4.32477042707448e-06}, {""real"": 0.0002284310189552686, ""imag"": 9.880252253089822e-10}, {""real"": -2.4157858908685565e-20, ""imag"": 4.6077459161158685e-26}], ""refractive_index"": {""real"": 0.999885140474, ""imag"": 4.32477054e-06}, ""vertical_sign"": -1, ""electric_tangential_norm_sq"": 0.5554534174256699, ""power_per_unit_amplitude"": 0.547723374185163, ""propagating"": true, ""rayleigh_warning"": false, ""classification"": ""propagating"", ""rayleigh_tolerance"": 1e-06, ""projection_denominator"": 0.8165016385711308, ""traction_vector"": [{""real"": 8.868493683977426e-09, ""imag"": -0.0020503920314340076}, {""real"": -3.8819048577598794e-05, ""imag"": 8.974947799214199}, {""real"": 0.0, ""imag"": 0.0}]}",1.6506421806275622e-05,2.802652649817775e-06,1.650642180624163e-05,2.8026526498517682e-06,1.6497305123386963e-05,2.8045120944097438e-06,1.649730512335297e-05,2.804512094443737e-06,9.116682888658475e-09,-1.859444591968655e-09,9.116682888658475e-09,-1.859444591968655e-09,offline_frozen_validation_only; no solver feedback
GPOLY-R-FINAL,32,"{""schema"": ""fullspace-dtn.mode.v1"", ""mode_index"": 32, ""side"": ""bottom"", ""m"": -1, ""n"": -1, ""polarization"": ""s"", ""alpha"": {""real"": 4.486622420048883, ""imag"": 0.0}, ""gamma"": {""real"": -5.983986006837701, ""imag"": 0.0}, ""beta"": {""real"": 4.961030431115042, ""imag"": 7.022713479206063e-05}, ""k_vector"": [{""real"": 4.486622420048883, ""imag"": 0.0}, {""real"": -5.983986006837701, ""imag"": 0.0}, {""real"": -4.961030431115042, ""imag"": -7.022713479206063e-05}], ""e_vector"": [{""real"": 0.8000877286570669, ""imag"": -0.0}, {""real"": 0.5998830106382207, ""imag"": 0.0}, {""real"": 0.0, ""imag"": 0.0}], ""h_vector"": [{""real"": 0.3315557965860328, ""imag"": 4.693422856650971e-06}, {""real"": -0.4422090966226506, ""imag"": -6.259803939121232e-06}, {""real"": 0.8332419593357027, ""imag"": 0.0}], ""refractive_index"": {""real"": 0.999885140474, ""imag"": 4.32477054e-06}, ""vertical_sign"": -1, ""electric_tangential_norm_sq"": 0.9999999999999999, ""power_per_unit_amplitude"": 0.4062350594517862, ""propagating"": true, ""rayleigh_warning"": false, ""classification"": ""propagating"", ""rayleigh_tolerance"": 1e-06, ""projection_denominator"": 1.469963868583197, ""traction_vector"": [{""real"": -5.6187868765873466e-05, ""imag"": 3.9692595694294237}, {""real"": -4.212806504755746e-05, ""imag"": 2.9760378708851216}, {""real"": -0.0, ""imag"": 0.0}]}",1.3274100974047287e-06,-2.862088637463545e-05,1.3274100974118095e-06,-2.862088637464489e-05,1.3478982120230951e-06,-2.8617351950530372e-05,1.3478982120301759e-06,-2.8617351950539812e-05,-2.048811461836638e-08,-3.5344241050773884e-09,-2.048811461836638e-08,-3.5344241050773884e-09,offline_frozen_validation_only; no solver feedback
GPOLY-R-FINAL,33,"{""schema"": ""fullspace-dtn.mode.v1"", ""mode_index"": 33, ""side"": ""bottom"", ""m"": -1, ""n"": -1, ""polarization"": ""p"", ""alpha"": {""real"": 4.486622420048883, ""imag"": 0.0}, ""gamma"": {""real"": -5.983986006837701, ""imag"": 0.0}, ""beta"": {""real"": 4.961030431115042, ""imag"": 7.022713479206063e-05}, ""k_vector"": [{""real"": 4.486622420048883, ""imag"": 0.0}, {""real"": -5.983986006837701, ""imag"": 0.0}, {""real"": -4.961030431115042, ""imag"": -7.022713479206063e-05}], ""e_vector"": [{""real"": 0.3315938833022934, ""imag"": 3.259729809722286e-06}, {""real"": -0.4422598943844885, ""imag"": -4.347630743403933e-06}, {""real"": 0.8333376760551552, ""imag"": -3.604408231896424e-06}], ""h_vector"": [{""real"": -0.7999958309257797, ""imag"": -3.4601958381644716e-06}, {""real"": -0.5998141083344596, ""imag"": -2.594356371744373e-06}, {""real"": 0.0, ""imag"": 3.7746654544821195e-22}], ""refractive_index"": {""real"": 0.999885140474, ""imag"": 4.32477054e-06}, ""vertical_sign"": -1, ""electric_tangential_norm_sq"": 0.3055483176540016, ""power_per_unit_amplitude"": 0.4062350594517864, ""propagating"": true, ""rayleigh_warning"": false, ""classification"": ""propagating"", ""rayleigh_tolerance"": 1e-06, ""projection_denominator"": 0.4491449870577638, ""traction_vector"": [{""real"": -2.3286888337902835e-05, ""imag"": 5.383918846465859}, {""real"": 3.1058645214741376e-05, ""imag"": -7.180745786682548}, {""real"": 0.0, ""imag"": 0.0}]}",-9.813499398492882e-07,2.1121816071345133e-05,-9.81349939816459e-07,2.1121816071260162e-05,-9.897602625340122e-07,2.110575118169754e-05,-9.89760262501183e-07,2.1105751181612568e-05,8.410322684724028e-09,1.606488964759454e-08,8.410322684724028e-09,1.606488964759454e-08,offline_frozen_validation_only; no solver feedback
GPOLY-R-FINAL,34,"{""schema"": ""fullspace-dtn.mode.v1"", ""mode_index"": 34, ""side"": ""bottom"", ""m"": -1, ""n"": 0, ""polarization"": ""s"", ""alpha"": {""real"": 4.486622420048883, ""imag"": 0.0}, ""gamma"": {""real"": 0.0, ""imag"": 0.0}, ""beta"": {""real"": 7.773024602145297, ""imag"": 4.482154253021086e-05}, ""k_vector"": [{""real"": 4.486622420048883, ""imag"": 0.0}, {""real"": 0.0, ""imag"": 0.0}, {""real"": -7.773024602145297, ""imag"": -4.482154253021086e-05}], ""e_vector"": [{""real"": -0.0, ""imag"": 0.0}, {""real"": 1.0, ""imag"": 0.0}, {""real"": 0.0, ""imag"": 0.0}], ""h_vector"": [{""real"": 0.865980701744436, ""imag"": 4.993499035480673e-06}, {""real"": 0.0, ""imag"": 0.0}, {""real"": 0.4998476951563912, ""imag"": 0.0}], ""refractive_index"": {""real"": 0.999885140474, ""imag"": 4.32477054e-06}, ""vertical_sign"": -1, ""electric_tangential_norm_sq"": 1.0, ""power_per_unit_amplitude"": 0.6364958157821604, ""propagating"": true, ""rayleigh_warning"": false, ""classification"": ""propagating"", ""rayleigh_tolerance"": 1e-06, ""projection_denominator"": 1.46997693949725, ""traction_vector"": [{""real"": -0.0, ""imag"": 0.0}, {""real"": -4.482154253021086e-05, ""imag"": 7.773024602145297}, {""real"": -0.0, ""imag"": 0.0}]}",9.928266644251e-05,-7.781419107647608e-05,9.928266644198721e-05,-7.781419107632502e-05,9.926308743385664e-05,-7.780678494999836e-05,9.926308743333385e-05,-7.78067849498473e-05,1.9579008653361268e-08,-7.406126477718655e-09,1.9579008653361268e-08,-7.406126477718655e-09,offline_frozen_validation_only; no solver feedback
GPOLY-R-FINAL,35,"{""schema"": ""fullspace-dtn.mode.v1"", ""mode_index"": 35, ""side"": ""bottom"", ""m"": -1, ""n"": 0, ""polarization"": ""p"", ""alpha"": {""real"": 4.486622420048883, ""imag"": 0.0}, ""gamma"": {""real"": 0.0, ""imag"": 0.0}, ""beta"": {""real"": 7.773024602145297, ""imag"": 4.482154253021086e-05}, ""k_vector"": [{""real"": 4.486622420048883, ""imag"": 0.0}, {""real"": 0.0, ""imag"": 0.0}, {""real"": -7.773024602145297, ""imag"": -4.482154253021086e-05}], ""e_vector"": [{""real"": 0.8660801793033087, ""imag"": 1.2480443405020596e-06}, {""real"": 0.0, ""imag"": 0.0}, {""real"": 0.4999051140083646, ""imag"": -2.1622232617976723e-06}], ""h_vector"": [{""real"": 0.0, ""imag"": 0.0}, {""real"": -0.9998851404677681, ""imag"": -4.324770539973044e-06}, {""real"": 0.0, ""imag"": 0.0}], ""refractive_index"": {""real"": 0.999885140474, ""imag"": 4.32477054e-06}, ""vertical_sign"": -1, ""electric_tangential_norm_sq"": 0.750094876983609, ""power_per_unit_amplitude"": 0.6364958157821605, ""propagating"": true, ""rayleigh_warning"": false, ""classification"": ""propagating"", ""rayleigh_tolerance"": 1e-06, ""projection_denominator"": 1.1026221716009317, ""traction_vector"": [{""real"": -3.881904959097394e-05, ""imag"": 8.974948033506111}, {""real"": 0.0, ""imag"": 0.0}, {""real"": 0.0, ""imag"": 0.0}]}",-3.1726781837315507e-09,-1.1489714459035581e-08,-3.1726781837315507e-09,-1.1489714459035581e-08,-3.1369553848747296e-17,3.598636189989576e-16,-3.136955384874734e-17,3.5986361899895763e-16,-3.172678152361997e-09,-1.14897148188992e-08,-3.172678152361997e-09,-1.14897148188992e-08,offline_frozen_validation_only; no solver feedback
GPOLY-R-FINAL,36,"{""schema"": ""fullspace-dtn.mode.v1"", ""mode_index"": 36, ""side"": ""bottom"", ""m"": -1, ""n"": 1, ""polarization"": ""s"", ""alpha"": {""real"": 4.486622420048883, ""imag"": 0.0}, ""gamma"": {""real"": 5.983986006837701, ""imag"": 0.0}, ""beta"": {""real"": 4.961030431115042, ""imag"": 7.022713479206063e-05}, ""k_vector"": [{""real"": 4.486622420048883, ""imag"": 0.0}, {""real"": 5.983986006837701, ""imag"": 0.0}, {""real"": -4.961030431115042, ""imag"": -7.022713479206063e-05}], ""e_vector"": [{""real"": -0.8000877286570669, ""imag"": 0.0}, {""real"": 0.5998830106382207, ""imag"": 0.0}, {""real"": 0.0, ""imag"": 0.0}], ""h_vector"": [{""real"": 0.3315557965860328, ""imag"": 4.693422856650971e-06}, {""real"": 0.4422090966226506, ""imag"": 6.259803939121232e-06}, {""real"": 0.8332419593357027, ""imag"": 0.0}], ""refractive_index"": {""real"": 0.999885140474, ""imag"": 4.32477054e-06}, ""vertical_sign"": -1, ""electric_tangential_norm_sq"": 0.9999999999999999, ""power_per_unit_amplitude"": 0.4062350594517862, ""propagating"": true, ""rayleigh_warning"": false, ""classification"": ""propagating"", ""rayleigh_tolerance"": 1e-06, ""projection_denominator"": 1.469963868583197, ""traction_vector"": [{""real"": 5.6187868765873466e-05, ""imag"": -3.9692595694294237}, {""real"": -4.212806504755746e-05, ""imag"": 2.9760378708851216}, {""real"": 0.0, ""imag"": 0.0}]}",1.3477796750723162e-06,-2.8624562709464432e-05,1.3477796750675957e-06,-2.8624562709478005e-05,1.3478982117702708e-06,-2.8617351950484697e-05,1.3478982117655503e-06,-2.861735195049827e-05,-1.1853669795463264e-10,-7.210758979735025e-09,-1.1853669795463264e-10,-7.210758979735025e-09,offline_frozen_validation_only; no solver feedback
GPOLY-R-FINAL,37,"{""schema"": ""fullspace-dtn.mode.v1"", ""mode_index"": 37, ""side"": ""bottom"", ""m"": -1, ""n"": 1, ""polarization"": ""p"", ""alpha"": {""real"": 4.486622420048883, ""imag"": 0.0}, ""gamma"": {""real"": 5.983986006837701, ""imag"": 0.0}, ""beta"": {""real"": 4.961030431115042, ""imag"": 7.022713479206063e-05}, ""k_vector"": [{""real"": 4.486622420048883, ""imag"": 0.0}, {""real"": 5.983986006837701, ""imag"": 0.0}, {""real"": -4.961030431115042, ""imag"": -7.022713479206063e-05}], ""e_vector"": [{""real"": 0.3315938833022934, ""imag"": 3.259729809722286e-06}, {""real"": 0.4422598943844885, ""imag"": 4.347630743403933e-06}, {""real"": 0.8333376760551552, ""imag"": -3.604408231896424e-06}], ""h_vector"": [{""real"": 0.7999958309257797, ""imag"": 3.4601958381644716e-06}, {""real"": -0.5998141083344596, ""imag"": -2.594356371744373e-06}, {""real"": 0.0, ""imag"": -3.7746654544821195e-22}], ""refractive_index"": {""real"": 0.999885140474, ""imag"": 4.32477054e-06}, ""vertical_sign"": -1, ""electric_tangential_norm_sq"": 0.3055483176540016, ""power_per_unit_amplitude"": 0.4062350594517864, ""propagating"": true, ""rayleigh_warning"": false, ""classification"": ""propagating"", ""rayleigh_tolerance"": 1e-06, ""projection_denominator"": 0.4491449870577638, ""traction_vector"": [{""real"": -2.3286888337902835e-05, ""imag"": 5.383918846465859}, {""real"": -3.1058645214741376e-05, ""imag"": 7.180745786682548}, {""real"": -0.0, ""imag"": 0.0}]}",9.825704651862285e-07,-2.1096724000835544e-05,9.825704651476057e-07,-2.1096724000841337e-05,9.897602624415658e-07,-2.110575118164611e-05,9.89760262402943e-07,-2.1105751181651904e-05,-7.189797255337293e-09,9.027180810566653e-09,-7.189797255337293e-09,9.027180810566653e-09,offline_frozen_validation_only; no solver feedback
GPOLY-R-FINAL,38,"{""schema"": ""fullspace-dtn.mode.v1"", ""mode_index"": 38, ""side"": ""bottom"", ""m"": 0, ""n"": 0, ""polarization"": ""s"", ""alpha"": {""real"": 8.97461192517716, ""imag"": 0.0}, ""gamma"": {""real"": 0.0, ""imag"": 0.0}, ""beta"": {""real"": 0.07780134385941416, ""imag"": 0.004478058289365571}, ""k_vector"": [{""real"": 8.97461192517716, ""imag"": 0.0}, {""real"": 0.0, ""imag"": 0.0}, {""real"": -0.07780134385941416, ""imag"": -0.004478058289365571}], ""e_vector"": [{""real"": -0.0, ""imag"": 0.0}, {""real"": 1.0, ""imag"": 0.0}, {""real"": 0.0, ""imag"": 0.0}], ""h_vector"": [{""real"": 0.008667727918092628, ""imag"": 0.0004988935785443173}, {""real"": 0.0, ""imag"": 0.0}, {""real"": 0.9998476951563912, ""imag"": 0.0}], ""refractive_index"": {""real"": 0.999885140474, ""imag"": 4.32477054e-06}, ""vertical_sign"": -1, ""electric_tangential_norm_sq"": 1.0, ""power_per_unit_amplitude"": 0.006370780019798082, ""propagating"": true, ""rayleigh_warning"": false, ""classification"": ""propagating"", ""rayleigh_tolerance"": 1e-06, ""projection_denominator"": 1.467697843589745, ""traction_vector"": [{""real"": -0.0, ""imag"": 0.0}, {""real"": -0.004478058289365571, ""imag"": 0.07780134385941416}, {""real"": -0.0, ""imag"": 0.0}]}",1.3197258549786093,-0.16438993975749058,-0.01587107170355398,-0.1388800889588288,1.3197240512671184,-0.16439467913781666,-0.01587287541504481,-0.1388848283391549,1.8037114908331375e-06,4.7393803260797895e-06,1.803711490829668e-06,4.7393803260797895e-06,offline_frozen_validation_only; no solver feedback
GPOLY-R-FINAL,39,"{""schema"": ""fullspace-dtn.mode.v1"", ""mode_index"": 39, ""side"": ""bottom"", ""m"": 0, ""n"": 0, ""polarization"": ""p"", ""alpha"": {""real"": 8.97461192517716, ""imag"": 0.0}, ""gamma"": {""real"": 0.0, ""imag"": 0.0}, ""beta"": {""real"": 0.07780134385941416, ""imag"": 0.004478058289365571}, ""k_vector"": [{""real"": 8.97461192517716, ""imag"": 0.0}, {""real"": 0.0, ""imag"": 0.0}, {""real"": -0.07780134385941416, ""imag"": -0.004478058289365571}], ""e_vector"": [{""real"": 0.00866872360357703, ""imag"": 0.0004989132690542871}, {""real"": 0.0, ""imag"": 0.0}, {""real"": 0.9999623014383734, ""imag"": -4.325104281798984e-06}], ""h_vector"": [{""real"": 0.0, ""imag"": 0.0}, {""real"": -0.999884891569405, ""imag"": -4.324769463421086e-06}, {""real"": 0.0, ""imag"": 0.0}], ""refractive_index"": {""real"": 0.999885140474, ""imag"": 4.32477054e-06}, ""vertical_sign"": -1, ""electric_tangential_norm_sq"": 7.539568336525196e-05, ""power_per_unit_amplitude"": 0.0063707800197980845, ""propagating"": true, ""rayleigh_warning"": false, ""classification"": ""propagating"", ""rayleigh_tolerance"": 1e-06, ""projection_denominator"": 0.00011065808189115553, ""traction_vector"": [{""real"": -3.881903992786616e-05, ""imag"": 8.974945799399627}, {""real"": 0.0, ""imag"": 0.0}, {""real"": 0.0, ""imag"": 0.0}]}",5.10560764123256e-07,8.484618044410934e-07,5.105607487641725e-07,8.484618056197122e-07,-3.7037259666544526e-14,2.295610468684518e-15,-5.239634310392418e-14,3.4742292575236597e-15,5.105608011605156e-07,8.484618021454829e-07,5.105608011605156e-07,8.484618021454829e-07,offline_frozen_validation_only; no solver feedback
V17-GNN,0,"{""schema"": ""fullspace-dtn.mode.v1"", ""mode_index"": 0, ""side"": ""top"", ""m"": -3, ""n"": -1, ""polarization"": ""s"", ""alpha"": {""real"": -4.489356590207668, ""imag"": 0.0}, ""gamma"": {""real"": -5.983986006837701, ""imag"": 0.0}, ""beta"": {""real"": 4.960422166357995, ""imag"": 0.0}, ""k_vector"": [{""real"": -4.489356590207668, ""imag"": 0.0}, {""real"": -5.983986006837701, ""imag"": 0.0}, {""real"": 4.960422166357995, ""imag"": 0.0}], ""e_vector"": [{""real"": 0.7999122734807461, ""imag"": -0.0}, {""real"": -0.6001169508811294, ""imag"": 0.0}, {""real"": 0.0, ""imag"": 0.0}], ""h_vector"": [{""real"": 0.33164442810710654, ""imag"": 0.0}, {""real"": 0.44205791568604624, ""imag"": 0.0}, {""real"": 0.8334247251460797, ""imag"": -0.0}], ""refractive_index"": {""real"": 1.0, ""imag"": 0.0}, ""vertical_sign"": 1, ""electric_tangential_norm_sq"": 0.9999999999999998, ""power_per_unit_amplitude"": 0.4061852515594194, ""propagating"": true, ""rayleigh_warning"": false, ""classification"": ""propagating"", ""rayleigh_tolerance"": 1e-06, ""projection_denominator"": 1.4699999999999998, ""traction_vector"": [{""real"": 0.0, ""imag"": 3.9679025725157118}, {""real"": 0.0, ""imag"": -2.9768334255579263}, {""real"": 0.0, ""imag"": 0.0}]}",-3.958729735878426e-06,-8.60587847986342e-06,-3.958729735899668e-06,-8.605878479892921e-06,-4.134544516790736e-06,-8.530477664715285e-06,-4.134544516811978e-06,-8.530477664744787e-06,1.7581478091230945e-07,-7.540081514813446e-08,1.7581478091230945e-07,-7.540081514813446e-08,offline_frozen_validation_only; no solver feedback
V17-GNN,1,"{""schema"": ""fullspace-dtn.mode.v1"", ""mode_index"": 1, ""side"": ""top"", ""m"": -3, ""n"": -1, ""polarization"": ""p"", ""alpha"": {""real"": -4.489356590207668, ""imag"": 0.0}, ""gamma"": {""real"": -5.983986006837701, ""imag"": 0.0}, ""beta"": {""real"": 4.960422166357995, ""imag"": 0.0}, ""k_vector"": [{""real"": -4.489356590207668, ""imag"": 0.0}, {""real"": -5.983986006837701, ""imag"": 0.0}, {""real"": 4.960422166357995, ""imag"": 0.0}], ""e_vector"": [{""real"": 0.3316444281071066, ""imag"": 0.0}, {""real"": 0.44205791568604635, ""imag"": 0.0}, {""real"": 0.8334247251460798, ""imag"": -0.0}], ""h_vector"": [{""real"": -0.7999122734807462, ""imag"": 0.0}, {""real"": 0.6001169508811294, ""imag"": 0.0}, {""real"": -2.4737647522494018e-17, ""imag"": 0.0}], ""refractive_index"": {""real"": 1.0, ""imag"": 0.0}, ""vertical_sign"": 1, ""electric_tangential_norm_sq"": 0.30540322751518145, ""power_per_unit_amplitude"": 0.4061852515594195, ""propagating"": true, ""rayleigh_warning"": false, ""classification"": ""propagating"", ""rayleigh_tolerance"": 1e-06, ""projection_denominator"": 0.44894274444731674, ""traction_vector"": [{""real"": 0.0, ""imag"": 5.38663715480818}, {""real"": 0.0, ""imag"": 7.179995776809777}, {""real"": 0.0, ""imag"": -0.0}]}",3.072736708494993e-06,6.325883979681086e-06,3.0727367084718088e-06,6.325883979721658e-06,3.0469597078748646e-06,6.279864279230611e-06,3.0469597078516805e-06,6.279864279271183e-06,2.5777000620128312e-08,4.6019700450474946e-08,2.5777000620128312e-08,4.6019700450474946e-08,offline_frozen_validation_only; no solver feedback
V17-GNN,2,"{""schema"": ""fullspace-dtn.mode.v1"", ""mode_index"": 2, ""side"": ""top"", ""m"": -3, ""n"": 0, ""polarization"": ""s"", ""alpha"": {""real"": -4.489356590207668, ""imag"": 0.0}, ""gamma"": {""real"": 0.0, ""imag"": 0.0}, ""beta"": {""real"": 7.772636399480241, ""imag"": 0.0}, ""k_vector"": [{""real"": -4.489356590207668, ""imag"": 0.0}, {""real"": 0.0, ""imag"": 0.0}, {""real"": 7.772636399480241, ""imag"": 0.0}], ""e_vector"": [{""real"": -0.0, ""imag"": 0.0}, {""real"": -1.0, ""imag"": 0.0}, {""real"": 0.0, ""imag"": 0.0}], ""h_vector"": [{""real"": 0.8659374526832905, ""imag"": 0.0}, {""real"": 0.0, ""imag"": 0.0}, {""real"": 0.5001523048436087, ""imag"": -0.0}], ""refractive_index"": {""real"": 1.0, ""imag"": 0.0}, ""vertical_sign"": 1, ""electric_tangential_norm_sq"": 1.0, ""power_per_unit_amplitude"": 0.6364640277222186, ""propagating"": true, ""rayleigh_warning"": false, ""classification"": ""propagating"", ""rayleigh_tolerance"": 1e-06, ""projection_denominator"": 1.47, ""traction_vector"": [{""real"": 0.0, ""imag"": 0.0}, {""real"": 0.0, ""imag"": -7.772636399480241}, {""real"": 0.0, ""imag"": 0.0}]}",-4.149276980415852e-05,-1.1380779561304787e-05,-4.1492769804401615e-05,-1.1380779561409814e-05,-4.174435527054871e-05,-1.1429406449091863e-05,-4.174435527079181e-05,-1.142940644919689e-05,2.515854663901932e-07,4.862688778707621e-08,2.515854663901932e-07,4.862688778707621e-08,offline_frozen_validation_only; no solver feedback
V17-GNN,3,"{""schema"": ""fullspace-dtn.mode.v1"", ""mode_index"": 3, ""side"": ""top"", ""m"": -3, ""n"": 0, ""polarization"": ""p"", ""alpha"": {""real"": -4.489356590207668, ""imag"": 0.0}, ""gamma"": {""real"": 0.0, ""imag"": 0.0}, ""beta"": {""real"": 7.772636399480241, ""imag"": 0.0}, ""k_vector"": [{""real"": -4.489356590207668, ""imag"": 0.0}, {""real"": 0.0, ""imag"": 0.0}, {""real"": 7.772636399480241, ""imag"": 0.0}], ""e_vector"": [{""real"": 0.8659374526832905, ""imag"": 0.0}, {""real"": 0.0, ""imag"": 0.0}, {""real"": 0.5001523048436087, ""imag"": -0.0}], ""h_vector"": [{""real"": 0.0, ""imag"": 0.0}, {""real"": 1.0, ""imag"": 0.0}, {""real"": 0.0, ""imag"": 0.0}], ""refractive_index"": {""real"": 1.0, ""imag"": 0.0}, ""vertical_sign"": 1, ""electric_tangential_norm_sq"": 0.749847671959626, ""power_per_unit_amplitude"": 0.6364640277222186, ""propagating"": true, ""rayleigh_warning"": false, ""classification"": ""propagating"", ""rayleigh_tolerance"": 1e-06, ""projection_denominator"": 1.1022760777806502, ""traction_vector"": [{""real"": 0.0, ""imag"": 8.975979010256552}, {""real"": -0.0, ""imag"": 0.0}, {""real"": 0.0, ""imag"": 0.0}]}",1.0802504649496094e-09,6.407815297038715e-09,1.0802504649496094e-09,6.407815297038715e-09,2.335674126355448e-16,-1.0674968189333025e-16,2.3356741263554483e-16,-1.0674968189333019e-16,1.0802502313821967e-09,6.407815403788397e-09,1.0802502313821967e-09,6.407815403788397e-09,offline_frozen_validation_only; no solver feedback
V17-GNN,4,"{""schema"": ""fullspace-dtn.mode.v1"", ""mode_index"": 4, ""side"": ""top"", ""m"": -3, ""n"": 1, ""polarization"": ""s"", ""alpha"": {""real"": -4.489356590207668, ""imag"": 0.0}, ""gamma"": {""real"": 5.983986006837701, ""imag"": 0.0}, ""beta"": {""real"": 4.960422166357995, ""imag"": 0.0}, ""k_vector"": [{""real"": -4.489356590207668, ""imag"": 0.0}, {""real"": 5.983986006837701, ""imag"": 0.0}, {""real"": 4.960422166357995, ""imag"": 0.0}], ""e_vector"": [{""real"": -0.7999122734807461, ""imag"": 0.0}, {""real"": -0.6001169508811294, ""imag"": 0.0}, {""real"": 0.0, ""imag"": 0.0}], ""h_vector"": [{""real"": 0.33164442810710654, ""imag"": 0.0}, {""real"": -0.44205791568604624, ""imag"": 0.0}, {""real"": 0.8334247251460797, ""imag"": -0.0}], ""refractive_index"": {""real"": 1.0, ""imag"": 0.0}, ""vertical_sign"": 1, ""electric_tangential_norm_sq"": 0.9999999999999998, ""power_per_unit_amplitude"": 0.4061852515594194, ""propagating"": true, ""rayleigh_warning"": false, ""classification"": ""propagating"", ""rayleigh_tolerance"": 1e-06, ""projection_denominator"": 1.4699999999999998, ""traction_vector"": [{""real"": 0.0, ""imag"": -3.9679025725157118}, {""real"": 0.0, ""imag"": -2.9768334255579263}, {""real"": 0.0, ""imag"": 0.0}]}",-4.325582289879722e-06,-8.498902651913175e-06,-4.325582289884442e-06,-8.498902651906094e-06,-4.134544517190177e-06,-8.530477664672137e-06,-4.134544517194898e-06,-8.530477664665056e-06,-1.910377726895447e-07,3.1575012758962095e-08,-1.910377726895447e-07,3.1575012758962095e-08,offline_frozen_validation_only; no solver feedback
V17-GNN,5,"{""schema"": ""fullspace-dtn.mode.v1"", ""mode_index"": 5, ""side"": ""top"", ""m"": -3, ""n"": 1, ""polarization"": ""p"", ""alpha"": {""real"": -4.489356590207668, ""imag"": 0.0}, ""gamma"": {""real"": 5.983986006837701, ""imag"": 0.0}, ""beta"": {""real"": 4.960422166357995, ""imag"": 0.0}, ""k_vector"": [{""real"": -4.489356590207668, ""imag"": 0.0}, {""real"": 5.983986006837701, ""imag"": 0.0}, {""real"": 4.960422166357995, ""imag"": 0.0}], ""e_vector"": [{""real"": 0.3316444281071066, ""imag"": 0.0}, {""real"": -0.44205791568604635, ""imag"": 0.0}, {""real"": 0.8334247251460798, ""imag"": -0.0}], ""h_vector"": [{""real"": 0.7999122734807462, ""imag"": 0.0}, {""real"": 0.6001169508811294, ""imag"": 0.0}, {""real"": 2.4737647522494018e-17, ""imag"": -0.0}], ""refractive_index"": {""real"": 1.0, ""imag"": 0.0}, ""vertical_sign"": 1, ""electric_tangential_norm_sq"": 0.30540322751518145, ""power_per_unit_amplitude"": 0.4061852515594195, ""propagating"": true, ""rayleigh_warning"": false, ""classification"": ""propagating"", ""rayleigh_tolerance"": 1e-06, ""projection_denominator"": 0.44894274444731674, ""traction_vector"": [{""real"": 0.0, ""imag"": 5.38663715480818}, {""real"": 0.0, ""imag"": -7.179995776809777}, {""real"": 0.0, ""imag"": 0.0}]}",-2.902153283063032e-06,-6.2012404712951156e-06,-2.902153283039848e-06,-6.201240471275796e-06,-3.0469597082596497e-06,-6.279864279523739e-06,-3.0469597082364655e-06,-6.279864279504419e-06,1.4480642519661772e-07,7.862380822862303e-08,1.4480642519661772e-07,7.862380822862303e-08,offline_frozen_validation_only; no solver feedback
V17-GNN,6,"{""schema"": ""fullspace-dtn.mode.v1"", ""mode_index"": 6, ""side"": ""top"", ""m"": -2, ""n"": -1, ""polarization"": ""s"", ""alpha"": {""real"": -0.0013670850793925382, ""imag"": 0.0}, ""gamma"": {""real"": -5.983986006837701, ""imag"": 0.0}, ""beta"": {""real"": 6.690299604174327, ""imag"": 0.0}, ""k_vector"": [{""real"": -0.0013670850793925382, ""imag"": 0.0}, {""real"": -5.983986006837701, ""imag"": 0.0}, {""real"": 6.690299604174327, ""imag"": 0.0}], ""e_vector"": [{""real"": 0.9999999739036398, ""imag"": -0.0}, {""real"": -0.00022845725945122052, ""imag"": 0.0}, {""real"": 0.0, ""imag"": 0.0}], ""h_vector"": [{""real"": 0.00017028198380708622, ""imag"": 0.0}, {""real"": 0.7453559574879883, ""imag"": 0.0}, {""real"": 0.6666666840642403, ""imag"": -0.0}], ""refractive_index"": {""real"": 1.0, ""imag"": 0.0}, ""vertical_sign"": 1, ""electric_tangential_norm_sq"": 0.9999999999999997, ""power_per_unit_amplitude"": 0.5478366430502136, ""propagating"": true, ""rayleigh_warning"": false, ""classification"": ""propagating"", ""rayleigh_tolerance"": 1e-06, ""projection_denominator"": 1.4699999999999995, ""traction_vector"": [{""real"": 0.0, ""imag"": 6.6902994295818585}, {""real"": 0.0, ""imag"": -0.001528447512477252}, {""real"": 0.0, ""imag"": 0.0}]}",-7.64073821190028e-08,4.673693286372036e-08,-7.640738211899819e-08,4.6736932863718916e-08,-7.195797395900892e-09,4.3342190942694065e-09,-7.195797395896282e-09,4.334219094267966e-09,-6.92115847231019e-08,4.2402713769450953e-08,-6.921158472310191e-08,4.240271376945095e-08,offline_frozen_validation_only; no solver feedback
V17-GNN,7,"{""schema"": ""fullspace-dtn.mode.v1"", ""mode_index"": 7, ""side"": ""top"", ""m"": -2, ""n"": -1, ""polarization"": ""p"", ""alpha"": {""real"": -0.0013670850793925382, ""imag"": 0.0}, ""gamma"": {""real"": -5.983986006837701, ""imag"": 0.0}, ""beta"": {""real"": 6.690299604174327, ""imag"": 0.0}, ""k_vector"": [{""real"": -0.0013670850793925382, ""imag"": 0.0}, {""real"": -5.983986006837701, ""imag"": 0.0}, {""real"": 6.690299604174327, ""imag"": 0.0}], ""e_vector"": [{""real"": 0.00017028198380708627, ""imag"": 0.0}, {""real"": 0.7453559574879884, ""imag"": 0.0}, {""real"": 0.6666666840642405, ""imag"": -0.0}], ""h_vector"": [{""real"": -0.9999999739036399, ""imag"": 0.0}, {""real"": 0.00022845725945122054, ""imag"": 0.0}, {""real"": 2.4157858908685565e-20, ""imag"": 0.0}], ""refractive_index"": {""real"": 1.0, ""imag"": 0.0}, ""vertical_sign"": 1, ""electric_tangential_norm_sq"": 0.5555555323587901, ""power_per_unit_amplitude"": 0.5478366430502138, ""propagating"": true, ""rayleigh_warning"": false, ""classification"": ""propagating"", ""rayleigh_tolerance"": 1e-06, ""projection_denominator"": 0.8166666325674213, ""traction_vector"": [{""real"": 0.0, ""imag"": 0.002050627565574891}, {""real"": 0.0, ""imag"": 8.975978776016172}, {""real"": 0.0, ""imag"": -0.0}]}",1.3951417388270745e-05,-9.02495658913938e-06,1.3951417388211268e-05,-9.02495658913938e-06,1.3884985056625193e-05,-8.98399558006467e-06,1.3884985056565716e-05,-8.98399558006467e-06,6.643233164555132e-08,-4.09610090747096e-08,6.643233164555132e-08,-4.09610090747096e-08,offline_frozen_validation_only; no solver feedback
V17-GNN,8,"{""schema"": ""fullspace-dtn.mode.v1"", ""mode_index"": 8, ""side"": ""top"", ""m"": -2, ""n"": 0, ""polarization"": ""s"", ""alpha"": {""real"": -0.0013670850793925382, ""imag"": 0.0}, ""gamma"": {""real"": 0.0, ""imag"": 0.0}, ""beta"": {""real"": 8.975978906149711, ""imag"": 0.0}, ""k_vector"": [{""real"": -0.0013670850793925382, ""imag"": 0.0}, {""real"": 0.0, ""imag"": 0.0}, {""real"": 8.975978906149711, ""imag"": 0.0}], ""e_vector"": [{""real"": -0.0, ""imag"": 0.0}, {""real"": -1.0, ""imag"": 0.0}, {""real"": 0.0, ""imag"": 0.0}], ""h_vector"": [{""real"": 0.9999999884016172, ""imag"": 0.0}, {""real"": 0.0, ""imag"": 0.0}, {""real"": 0.00015230484360874904, ""imag"": -0.0}], ""refractive_index"": {""real"": 1.0, ""imag"": 0.0}, ""vertical_sign"": 1, ""electric_tangential_norm_sq"": 1.0, ""power_per_unit_amplitude"": 0.7349999914751887, ""propagating"": true, ""rayleigh_warning"": false, ""classification"": ""propagating"", ""rayleigh_tolerance"": 1e-06, ""projection_denominator"": 1.47, ""traction_vector"": [{""real"": 0.0, ""imag"": 0.0}, {""real"": 0.0, ""imag"": -8.975978906149711}, {""real"": 0.0, ""imag"": 0.0}]}",3.209015735190146e-06,1.5804500850432966e-05,3.2090157355128803e-06,1.5804500850310827e-05,3.266661606981309e-06,1.579199203088943e-05,3.2666616073040435e-06,1.579199203076729e-05,-5.764587179116323e-08,1.2508819543535326e-08,-5.764587179116323e-08,1.2508819543535326e-08,offline_frozen_validation_only; no solver feedback
V17-GNN,9,"{""schema"": ""fullspace-dtn.mode.v1"", ""mode_index"": 9, ""side"": ""top"", ""m"": -2, ""n"": 0, ""polarization"": ""p"", ""alpha"": {""real"": -0.0013670850793925382, ""imag"": 0.0}, ""gamma"": {""real"": 0.0, ""imag"": 0.0}, ""beta"": {""real"": 8.975978906149711, ""imag"": 0.0}, ""k_vector"": [{""real"": -0.0013670850793925382, ""imag"": 0.0}, {""real"": 0.0, ""imag"": 0.0}, {""real"": 8.975978906149711, ""imag"": 0.0}], ""e_vector"": [{""real"": 0.9999999884016174, ""imag"": 0.0}, {""real"": 0.0, ""imag"": 0.0}, {""real"": 0.00015230484360874907, ""imag"": -0.0}], ""h_vector"": [{""real"": 0.0, ""imag"": 0.0}, {""real"": 1.0000000000000002, ""imag"": 0.0}, {""real"": 0.0, ""imag"": 0.0}], ""refractive_index"": {""real"": 1.0, ""imag"": 0.0}, ""vertical_sign"": 1, ""electric_tangential_norm_sq"": 0.9999999768032349, ""power_per_unit_amplitude"": 0.7349999914751889, ""propagating"": true, ""rayleigh_warning"": false, ""classification"": ""propagating"", ""rayleigh_tolerance"": 1e-06, ""projection_denominator"": 1.4699999659007554, ""traction_vector"": [{""real"": 0.0, ""imag"": 8.975979010256554}, {""real"": -0.0, ""imag"": 0.0}, {""real"": 0.0, ""imag"": 0.0}]}",4.510553495510676e-08,1.4075838921439472e-08,4.510553495510676e-08,1.4075838921439472e-08,-2.0122553573612502e-16,1.8658087211231932e-16,-2.01225535736125e-16,1.865808721123193e-16,4.510553515633229e-08,1.40758387348586e-08,4.510553515633229e-08,1.40758387348586e-08,offline_frozen_validation_only; no solver feedback
V17-GNN,10,"{""schema"": ""fullspace-dtn.mode.v1"", ""mode_index"": 10, ""side"": ""top"", ""m"": -2, ""n"": 1, ""polarization"": ""s"", ""alpha"": {""real"": -0.0013670850793925382, ""imag"": 0.0}, ""gamma"": {""real"": 5.983986006837701, ""imag"": 0.0}, ""beta"": {""real"": 6.690299604174327, ""imag"": 0.0}, ""k_vector"": [{""real"": -0.0013670850793925382, ""imag"": 0.0}, {""real"": 5.983986006837701, ""imag"": 0.0}, {""real"": 6.690299604174327, ""imag"": 0.0}], ""e_vector"": [{""real"": -0.9999999739036398, ""imag"": 0.0}, {""real"": -0.00022845725945122052, ""imag"": 0.0}, {""real"": 0.0, ""imag"": 0.0}], ""h_vector"": [{""real"": 0.00017028198380708622, ""imag"": 0.0}, {""real"": -0.7453559574879883, ""imag"": 0.0}, {""real"": 0.6666666840642403, ""imag"": -0.0}], ""refractive_index"": {""real"": 1.0, ""imag"": 0.0}, ""vertical_sign"": 1, ""electric_tangential_norm_sq"": 0.9999999999999997, ""power_per_unit_amplitude"": 0.5478366430502136, ""propagating"": true, ""rayleigh_warning"": false, ""classification"": ""propagating"", ""rayleigh_tolerance"": 1e-06, ""projection_denominator"": 1.4699999999999995, ""traction_vector"": [{""real"": 0.0, ""imag"": -6.6902994295818585}, {""real"": 0.0, ""imag"": -0.001528447512477252}, {""real"": 0.0, ""imag"": 0.0}]}",8.697394417693678e-08,-3.051877408520388e-08,8.697394417693678e-08,-3.051877408520273e-08,-7.195797779243505e-09,4.334218822436149e-09,-7.195797779243505e-09,4.334218822437301e-09,9.416974195618029e-08,-3.485299290764003e-08,9.416974195618029e-08,-3.485299290764003e-08,offline_frozen_validation_only; no solver feedback
V17-GNN,11,"{""schema"": ""fullspace-dtn.mode.v1"", ""mode_index"": 11, ""side"": ""top"", ""m"": -2, ""n"": 1, ""polarization"": ""p"", ""alpha"": {""real"": -0.0013670850793925382, ""imag"": 0.0}, ""gamma"": {""real"": 5.983986006837701, ""imag"": 0.0}, ""beta"": {""real"": 6.690299604174327, ""imag"": 0.0}, ""k_vector"": [{""real"": -0.0013670850793925382, ""imag"": 0.0}, {""real"": 5.983986006837701, ""imag"": 0.0}, {""real"": 6.690299604174327, ""imag"": 0.0}], ""e_vector"": [{""real"": 0.00017028198380708627, ""imag"": 0.0}, {""real"": -0.7453559574879884, ""imag"": 0.0}, {""real"": 0.6666666840642405, ""imag"": -0.0}], ""h_vector"": [{""real"": 0.9999999739036399, ""imag"": 0.0}, {""real"": 0.00022845725945122054, ""imag"": 0.0}, {""real"": -2.4157858908685565e-20, ""imag"": 0.0}], ""refractive_index"": {""real"": 1.0, ""imag"": 0.0}, ""vertical_sign"": 1, ""electric_tangential_norm_sq"": 0.5555555323587901, ""power_per_unit_amplitude"": 0.5478366430502138, ""propagating"": true, ""rayleigh_warning"": false, ""classification"": ""propagating"", ""rayleigh_tolerance"": 1e-06, ""projection_denominator"": 0.8166666325674213, ""traction_vector"": [{""real"": 0.0, ""imag"": 0.002050627565574891}, {""real"": 0.0, ""imag"": -8.975978776016172}, {""real"": 0.0, ""imag"": 0.0}]}",-1.387443501395948e-05,8.917921210179295e-06,-1.3874435014023204e-05,8.917921210179295e-06,-1.3884985056452473e-05,8.983995580305071e-06,-1.3884985056516197e-05,8.983995580305071e-06,1.0550042492992861e-08,-6.607437012577601e-08,1.0550042492992861e-08,-6.607437012577601e-08,offline_frozen_validation_only; no solver feedback
V17-GNN,12,"{""schema"": ""fullspace-dtn.mode.v1"", ""mode_index"": 12, ""side"": ""top"", ""m"": -1, ""n"": -1, ""polarization"": ""s"", ""alpha"": {""real"": 4.486622420048883, ""imag"": 0.0}, ""gamma"": {""real"": -5.983986006837701, ""imag"": 0.0}, ""beta"": {""real"": 4.962895316491319, ""imag"": 0.0}, ""k_vector"": [{""real"": 4.486622420048883, ""imag"": 0.0}, {""real"": -5.983986006837701, ""imag"": 0.0}, {""real"": 4.962895316491319, ""imag"": 0.0}], ""e_vector"": [{""real"": 0.8000877286570669, ""imag"": -0.0}, {""real"": 0.5998830106382207, ""imag"": 0.0}, {""real"": 0.0, ""imag"": 0.0}], ""h_vector"": [{""real"": -0.33168043068474645, ""imag"": 0.0}, {""real"": 0.4423753260560312, ""imag"": 0.0}, {""real"": 0.8332419593357027, ""imag"": 0.0}], ""refractive_index"": {""real"": 1.0, ""imag"": 0.0}, ""vertical_sign"": 1, ""electric_tangential_norm_sq"": 0.9999999999999999, ""power_per_unit_amplitude"": 0.4063877659977793, ""propagating"": true, ""rayleigh_warning"": false, ""classification"": ""propagating"", ""rayleigh_tolerance"": 1e-06, ""projection_denominator"": 1.4699999999999998, ""traction_vector"": [{""real"": 0.0, ""imag"": 3.9707516413343344}, {""real"": 0.0, ""imag"": 2.9771565839391374}, {""real"": 0.0, ""imag"": -0.0}]}",2.5527357463787735e-05,-1.259254678632731e-05,2.5527357463754694e-05,-1.259254678632731e-05,2.555102944959861e-05,-1.2421186840752343e-05,2.555102944956557e-05,-1.2421186840752343e-05,-2.3671985810874593e-08,-1.7135994557496727e-07,-2.3671985810874593e-08,-1.7135994557496727e-07,offline_frozen_validation_only; no solver feedback
V17-GNN,13,"{""schema"": ""fullspace-dtn.mode.v1"", ""mode_index"": 13, ""side"": ""top"", ""m"": -1, ""n"": -1, ""polarization"": ""p"", ""alpha"": {""real"": 4.486622420048883, ""imag"": 0.0}, ""gamma"": {""real"": -5.983986006837701, ""imag"": 0.0}, ""beta"": {""real"": 4.962895316491319, ""imag"": 0.0}, ""k_vector"": [{""real"": 4.486622420048883, ""imag"": 0.0}, {""real"": -5.983986006837701, ""imag"": 0.0}, {""real"": 4.962895316491319, ""imag"": 0.0}], ""e_vector"": [{""real"": -0.3316804306847465, ""imag"": 0.0}, {""real"": 0.4423753260560313, ""imag"": 0.0}, {""real"": 0.833241959335703, ""imag"": 0.0}], ""h_vector"": [{""real"": -0.8000877286570669, ""imag"": 0.0}, {""real"": -0.5998830106382207, ""imag"": 0.0}, {""real"": -2.4737647522494018e-17, ""imag"": 0.0}], ""refractive_index"": {""real"": 1.0, ""imag"": 0.0}, ""vertical_sign"": 1, ""electric_tangential_norm_sq"": 0.3057078372023989, ""power_per_unit_amplitude"": 0.4063877659977795, ""propagating"": true, ""rayleigh_warning"": false, ""classification"": ""propagating"", ""rayleigh_tolerance"": 1e-06, ""projection_denominator"": 0.4493905206875264, ""traction_vector"": [{""real"": 0.0, ""imag"": -5.384537312098177}, {""real"": 0.0, ""imag"": 7.181570658789672}, {""real"": 0.0, ""imag"": 0.0}]}",1.873931298398163e-05,-9.226857497433661e-06,1.8739312983888984e-05,-9.226857497460682e-06,1.8842193182604635e-05,-9.15911227089638e-06,1.884219318251199e-05,-9.1591122709234e-06,-1.0288019862300614e-07,-6.774522653728205e-08,-1.0288019862300614e-07,-6.774522653728205e-08,offline_frozen_validation_only; no solver feedback
V17-GNN,14,"{""schema"": ""fullspace-dtn.mode.v1"", ""mode_index"": 14, ""side"": ""top"", ""m"": -1, ""n"": 0, ""polarization"": ""s"", ""alpha"": {""real"": 4.486622420048883, ""imag"": 0.0}, ""gamma"": {""real"": 0.0, ""imag"": 0.0}, ""beta"": {""real"": 7.774214973389975, ""imag"": 0.0}, ""k_vector"": [{""real"": 4.486622420048883, ""imag"": 0.0}, {""real"": 0.0, ""imag"": 0.0}, {""real"": 7.774214973389975, ""imag"": 0.0}], ""e_vector"": [{""real"": -0.0, ""imag"": 0.0}, {""real"": 1.0, ""imag"": 0.0}, {""real"": 0.0, ""imag"": 0.0}], ""h_vector"": [{""real"": -0.8661133191718294, ""imag"": 0.0}, {""real"": 0.0, ""imag"": 0.0}, {""real"": 0.4998476951563912, ""imag"": 0.0}], ""refractive_index"": {""real"": 1.0, ""imag"": 0.0}, ""vertical_sign"": 1, ""electric_tangential_norm_sq"": 1.0, ""power_per_unit_amplitude"": 0.6365932895912946, ""propagating"": true, ""rayleigh_warning"": false, ""classification"": ""propagating"", ""rayleigh_tolerance"": 1e-06, ""projection_denominator"": 1.47, ""traction_vector"": [{""real"": -0.0, ""imag"": 0.0}, {""real"": 0.0, ""imag"": 7.774214973389975}, {""real"": 0.0, ""imag"": -0.0}]}",-0.00010778657164114878,-7.253191749221855e-05,-0.00010778657164075699,-7.253191749166687e-05,-0.0001077984191275123,-7.256319276933049e-05,-0.00010779841912712052,-7.256319276877881e-05,1.1847486363527194e-08,3.127527711193712e-08,1.1847486363527194e-08,3.127527711193712e-08,offline_frozen_validation_only; no solver feedback
V17-GNN,15,"{""schema"": ""fullspace-dtn.mode.v1"", ""mode_index"": 15, ""side"": ""top"", ""m"": -1, ""n"": 0, ""polarization"": ""p"", ""alpha"": {""real"": 4.486622420048883, ""imag"": 0.0}, ""gamma"": {""real"": 0.0, ""imag"": 0.0}, ""beta"": {""real"": 7.774214973389975, ""imag"": 0.0}, ""k_vector"": [{""real"": 4.486622420048883, ""imag"": 0.0}, {""real"": 0.0, ""imag"": 0.0}, {""real"": 7.774214973389975, ""imag"": 0.0}], ""e_vector"": [{""real"": -0.8661133191718294, ""imag"": 0.0}, {""real"": 0.0, ""imag"": 0.0}, {""real"": 0.4998476951563912, ""imag"": 0.0}], ""h_vector"": [{""real"": 0.0, ""imag"": 0.0}, {""real"": -1.0, ""imag"": 0.0}, {""real"": 0.0, ""imag"": 0.0}], ""refractive_index"": {""real"": 1.0, ""imag"": 0.0}, ""vertical_sign"": 1, ""electric_tangential_norm_sq"": 0.7501522816468433, ""power_per_unit_amplitude"": 0.6365932895912946, ""propagating"": true, ""rayleigh_warning"": false, ""classification"": ""propagating"", ""rayleigh_tolerance"": 1e-06, ""projection_denominator"": 1.1027238540208597, ""traction_vector"": [{""real"": 0.0, ""imag"": -8.975979010256552}, {""real"": 0.0, ""imag"": 0.0}, {""real"": 0.0, ""imag"": 0.0}]}",3.9511711068821924e-08,2.7143571079250103e-10,3.9511711068821924e-08,2.7143571079250103e-10,-7.512217828146564e-16,7.306111960405604e-16,-7.512217828146564e-16,7.306111960405604e-16,3.9511711820043705e-08,2.71434980181305e-10,3.9511711820043705e-08,2.71434980181305e-10,offline_frozen_validation_only; no solver feedback
V17-GNN,16,"{""schema"": ""fullspace-dtn.mode.v1"", ""mode_index"": 16, ""side"": ""top"", ""m"": -1, ""n"": 1, ""polarization"": ""s"", ""alpha"": {""real"": 4.486622420048883, ""imag"": 0.0}, ""gamma"": {""real"": 5.983986006837701, ""imag"": 0.0}, ""beta"": {""real"": 4.962895316491319, ""imag"": 0.0}, ""k_vector"": [{""real"": 4.486622420048883, ""imag"": 0.0}, {""real"": 5.983986006837701, ""imag"": 0.0}, {""real"": 4.962895316491319, ""imag"": 0.0}], ""e_vector"": [{""real"": -0.8000877286570669, ""imag"": 0.0}, {""real"": 0.5998830106382207, ""imag"": 0.0}, {""real"": 0.0, ""imag"": 0.0}], ""h_vector"": [{""real"": -0.33168043068474645, ""imag"": 0.0}, {""real"": -0.4423753260560312, ""imag"": 0.0}, {""real"": 0.8332419593357027, ""imag"": 0.0}], ""refractive_index"": {""real"": 1.0, ""imag"": 0.0}, ""vertical_sign"": 1, ""electric_tangential_norm_sq"": 0.9999999999999999, ""power_per_unit_amplitude"": 0.4063877659977793, ""propagating"": true, ""rayleigh_warning"": false, ""classification"": ""propagating"", ""rayleigh_tolerance"": 1e-06, ""projection_denominator"": 1.4699999999999998, ""traction_vector"": [{""real"": 0.0, ""imag"": -3.9707516413343344}, {""real"": 0.0, ""imag"": 2.9771565839391374}, {""real"": 0.0, ""imag"": 0.0}]}",2.5672633318093173e-05,-1.2427145955812625e-05,2.5672633318108515e-05,-1.2427145955792564e-05,2.5551029449478588e-05,-1.2421186840209803e-05,2.555102944949393e-05,-1.2421186840189742e-05,1.2160386861458496e-07,-5.9591156028219674e-09,1.2160386861458496e-07,-5.9591156028219674e-09,offline_frozen_validation_only; no solver feedback
V17-GNN,17,"{""schema"": ""fullspace-dtn.mode.v1"", ""mode_index"": 17, ""side"": ""top"", ""m"": -1, ""n"": 1, ""polarization"": ""p"", ""alpha"": {""real"": 4.486622420048883, ""imag"": 0.0}, ""gamma"": {""real"": 5.983986006837701, ""imag"": 0.0}, ""beta"": {""real"": 4.962895316491319, ""imag"": 0.0}, ""k_vector"": [{""real"": 4.486622420048883, ""imag"": 0.0}, {""real"": 5.983986006837701, ""imag"": 0.0}, {""real"": 4.962895316491319, ""imag"": 0.0}], ""e_vector"": [{""real"": -0.3316804306847465, ""imag"": 0.0}, {""real"": -0.4423753260560313, ""imag"": 0.0}, {""real"": 0.833241959335703, ""imag"": 0.0}], ""h_vector"": [{""real"": 0.8000877286570669, ""imag"": 0.0}, {""real"": -0.5998830106382207, ""imag"": 0.0}, {""real"": 2.4737647522494018e-17, ""imag"": 0.0}], ""refractive_index"": {""real"": 1.0, ""imag"": 0.0}, ""vertical_sign"": 1, ""electric_tangential_norm_sq"": 0.3057078372023989, ""power_per_unit_amplitude"": 0.4063877659977795, ""propagating"": true, ""rayleigh_warning"": false, ""classification"": ""propagating"", ""rayleigh_tolerance"": 1e-06, ""projection_denominator"": 0.4493905206875264, ""traction_vector"": [{""real"": 0.0, ""imag"": -5.384537312098177}, {""real"": 0.0, ""imag"": -7.181570658789672}, {""real"": 0.0, ""imag"": 0.0}]}",-1.8936809728851755e-05,9.196845255108634e-06,-1.893680972893282e-05,9.196845255097053e-06,-1.884219318237659e-05,9.159112271291004e-06,-1.8842193182457654e-05,9.159112271279423e-06,-9.461654647516558e-08,3.773298381763029e-08,-9.461654647516558e-08,3.773298381763029e-08,offline_frozen_validation_only; no solver feedback
V17-GNN,18,"{""schema"": ""fullspace-dtn.mode.v1"", ""mode_index"": 18, ""side"": ""top"", ""m"": 0, ""n"": 0, ""polarization"": ""s"", ""alpha"": {""real"": 8.97461192517716, ""imag"": 0.0}, ""gamma"": {""real"": 0.0, ""imag"": 0.0}, ""beta"": {""real"": 0.15665243385951635, ""imag"": 0.0}, ""k_vector"": [{""real"": 8.97461192517716, ""imag"": 0.0}, {""real"": 0.0, ""imag"": 0.0}, {""real"": 0.15665243385951635, ""imag"": 0.0}], ""e_vector"": [{""real"": -0.0, ""imag"": 0.0}, {""real"": 1.0, ""imag"": 0.0}, {""real"": 0.0, ""imag"": 0.0}], ""h_vector"": [{""real"": -0.017452406437282755, ""imag"": 0.0}, {""real"": 0.0, ""imag"": 0.0}, {""real"": 0.9998476951563912, ""imag"": 0.0}], ""refractive_index"": {""real"": 1.0, ""imag"": 0.0}, ""vertical_sign"": 1, ""electric_tangential_norm_sq"": 1.0, ""power_per_unit_amplitude"": 0.012827518731402825, ""propagating"": true, ""rayleigh_warning"": false, ""classification"": ""propagating"", ""rayleigh_tolerance"": 1e-06, ""projection_denominator"": 1.47, ""traction_vector"": [{""real"": -0.0, ""imag"": 0.0}, {""real"": 0.0, ""imag"": 0.15665243385951635}, {""real"": 0.0, ""imag"": -0.0}]}",1.2301020910786642,-0.5354128670584302,-0.03275659268623064,-0.135523332381427,1.2301124466956983,-0.5354375258627233,-0.03274623706919645,-0.13554799118572006,-1.0355617034107922e-05,2.4658804293142822e-05,-1.0355617034191189e-05,2.4658804293059555e-05,offline_frozen_validation_only; no solver feedback
V17-GNN,19,"{""schema"": ""fullspace-dtn.mode.v1"", ""mode_index"": 19, ""side"": ""top"", ""m"": 0, ""n"": 0, ""polarization"": ""p"", ""alpha"": {""real"": 8.97461192517716, ""imag"": 0.0}, ""gamma"": {""real"": 0.0, ""imag"": 0.0}, ""beta"": {""real"": 0.15665243385951635, ""imag"": 0.0}, ""k_vector"": [{""real"": 8.97461192517716, ""imag"": 0.0}, {""real"": 0.0, ""imag"": 0.0}, {""real"": 0.15665243385951635, ""imag"": 0.0}], ""e_vector"": [{""real"": -0.01745240643728276, ""imag"": 0.0}, {""real"": 0.0, ""imag"": 0.0}, {""real"": 0.9998476951563914, ""imag"": 0.0}], ""h_vector"": [{""real"": 0.0, ""imag"": 0.0}, {""real"": -1.0000000000000002, ""imag"": 0.0}, {""real"": 0.0, ""imag"": 0.0}], ""refractive_index"": {""real"": 1.0, ""imag"": 0.0}, ""vertical_sign"": 1, ""electric_tangential_norm_sq"": 0.0003045864904521087, ""power_per_unit_amplitude"": 0.01282751873140283, ""propagating"": true, ""rayleigh_warning"": false, ""classification"": ""propagating"", ""rayleigh_tolerance"": 1e-06, ""projection_denominator"": 0.0004477421409645998, ""traction_vector"": [{""real"": 0.0, ""imag"": -8.975979010256554}, {""real"": 0.0, ""imag"": 0.0}, {""real"": 0.0, ""imag"": 0.0}]}",-3.542063061802638e-06,-3.665795144693773e-06,-3.5420630612712603e-06,-3.665795144862036e-06,-3.154010265628375e-14,6.2826313755395736e-15,-3.1008725138110985e-14,6.1143684406509005e-15,-3.542063030262535e-06,-3.665795150976404e-06,-3.542063030262535e-06,-3.665795150976404e-06,offline_frozen_validation_only; no solver feedback
V17-GNN,20,"{""schema"": ""fullspace-dtn.mode.v1"", ""mode_index"": 20, ""side"": ""bottom"", ""m"": -3, ""n"": -1, ""polarization"": ""s"", ""alpha"": {""real"": -4.489356590207668, ""imag"": 0.0}, ""gamma"": {""real"": -5.983986006837701, ""imag"": 0.0}, ""beta"": {""real"": 4.958556350844336, ""imag"": 7.026217474247436e-05}, ""k_vector"": [{""real"": -4.489356590207668, ""imag"": 0.0}, {""real"": -5.983986006837701, ""imag"": 0.0}, {""real"": -4.958556350844336, ""imag"": -7.026217474247436e-05}], ""e_vector"": [{""real"": 0.7999122734807461, ""imag"": -0.0}, {""real"": -0.6001169508811294, ""imag"": 0.0}, {""real"": 0.0, ""imag"": 0.0}], ""h_vector"": [{""real"": -0.3315196832168072, ""imag"": -4.697595885702236e-06}, {""real"": -0.4418916398148882, ""imag"": -6.261553850976274e-06}, {""real"": 0.8334247251460797, ""imag"": -0.0}], ""refractive_index"": {""real"": 0.999885140474, ""imag"": 4.32477054e-06}, ""vertical_sign"": -1, ""electric_tangential_norm_sq"": 0.9999999999999998, ""power_per_unit_amplitude"": 0.4060324688489237, ""propagating"": true, ""rayleigh_warning"": false, ""classification"": ""propagating"", ""rayleigh_tolerance"": 1e-06, ""projection_denominator"": 1.4699638505555863, ""traction_vector"": [{""real"": -5.620357593795412e-05, ""imag"": 3.9664100837862852}, {""real"": 4.216552206873081e-05, ""imag"": -2.975713718040963}, {""real"": 0.0, ""imag"": 0.0}]}",-9.496696046653097e-06,-4.80822480686264e-07,-9.496696046651916e-06,-4.808224806697424e-07,-9.549378700067261e-06,-4.3615840469472487e-07,-9.54937870006608e-06,-4.361584046782033e-07,5.268265341416439e-08,-4.466407599153914e-08,5.268265341416439e-08,-4.466407599153914e-08,offline_frozen_validation_only; no solver feedback
V17-GNN,21,"{""schema"": ""fullspace-dtn.mode.v1"", ""mode_index"": 21, ""side"": ""bottom"", ""m"": -3, ""n"": -1, ""polarization"": ""p"", ""alpha"": {""real"": -4.489356590207668, ""imag"": 0.0}, ""gamma"": {""real"": -5.983986006837701, ""imag"": 0.0}, ""beta"": {""real"": 4.958556350844336, ""imag"": 7.026217474247436e-05}, ""k_vector"": [{""real"": -4.489356590207668, ""imag"": 0.0}, {""real"": -5.983986006837701, ""imag"": 0.0}, {""real"": -4.958556350844336, ""imag"": -7.026217474247436e-05}], ""e_vector"": [{""real"": -0.33155776578462687, ""imag"": -3.264059536059784e-06}, {""real"": -0.4419424011095991, ""imag"": -4.350754099567616e-06}, {""real"": 0.8335204628602758, ""imag"": -3.605198833694458e-06}], ""h_vector"": [{""real"": -0.7998203959021161, ""imag"": -3.4594370347866507e-06}, {""real"": 0.6000480217070564, ""imag"": 2.595368109614824e-06}, {""real"": 4.9475295044988036e-17, ""imag"": 0.0}], ""refractive_index"": {""real"": 0.999885140474, ""imag"": 4.32477054e-06}, ""vertical_sign"": -1, ""electric_tangential_norm_sq"": 0.30524363798019444, ""power_per_unit_amplitude"": 0.4060324688489239, ""propagating"": true, ""rayleigh_warning"": false, ""classification"": ""propagating"", ""rayleigh_tolerance"": 1e-06, ""projection_denominator"": 0.4486971134429621, ""traction_vector"": [{""real"": 2.3295969675791888e-05, ""imag"": -5.386018447988506}, {""real"": 3.105183421154914e-05, ""imag"": -7.179171085592479}, {""real"": 0.0, ""imag"": 0.0}]}",-6.942698851183897e-06,-3.469115194314992e-07,-6.942698851234157e-06,-3.4691151940443624e-07,-7.0323782198768244e-06,-3.1660784057617397e-07,-7.032378219927084e-06,-3.16607840549111e-07,8.967936869292703e-08,-3.030367885532524e-08,8.967936869292703e-08,-3.030367885532524e-08,offline_frozen_validation_only; no solver feedback
V17-GNN,22,"{""schema"": ""fullspace-dtn.mode.v1"", ""mode_index"": 22, ""side"": ""bottom"", ""m"": -3, ""n"": 0, ""polarization"": ""s"", ""alpha"": {""real"": -4.489356590207668, ""imag"": 0.0}, ""gamma"": {""real"": 0.0, ""imag"": 0.0}, ""beta"": {""real"": 7.771445786441615, ""imag"": 4.483064829471781e-05}, ""k_vector"": [{""real"": -4.489356590207668, ""imag"": 0.0}, {""real"": 0.0, ""imag"": 0.0}, {""real"": -7.771445786441615, ""imag"": -4.483064829471781e-05}], ""e_vector"": [{""real"": -0.0, ""imag"": 0.0}, {""real"": -1.0, ""imag"": 0.0}, {""real"": 0.0, ""imag"": 0.0}], ""h_vector"": [{""real"": -0.8658048083180055, ""imag"": -4.994513494683011e-06}, {""real"": 0.0, ""imag"": 0.0}, {""real"": 0.5001523048436087, ""imag"": -0.0}], ""refractive_index"": {""real"": 0.999885140474, ""imag"": 4.32477054e-06}, ""vertical_sign"": -1, ""electric_tangential_norm_sq"": 1.0, ""power_per_unit_amplitude"": 0.6363665341137341, ""propagating"": true, ""rayleigh_warning"": false, ""classification"": ""propagating"", ""rayleigh_tolerance"": 1e-06, ""projection_denominator"": 1.469976934812407, ""traction_vector"": [{""real"": -0.0, ""imag"": 0.0}, {""real"": 4.483064829471781e-05, ""imag"": -7.771445786441615}, {""real"": 0.0, ""imag"": 0.0}]}",2.249837612699892e-05,-3.5531818916569365e-05,2.249837612720308e-05,-3.5531818917053204e-05,2.2500825790873014e-05,-3.5535196088581886e-05,2.2500825791077173e-05,-3.5535196089065725e-05,-2.4496638740927057e-09,3.3771720125212973e-09,-2.4496638740927057e-09,3.3771720125212973e-09,offline_frozen_validation_only; no solver feedback
V17-GNN,23,"{""schema"": ""fullspace-dtn.mode.v1"", ""mode_index"": 23, ""side"": ""bottom"", ""m"": -3, ""n"": 0, ""polarization"": ""p"", ""alpha"": {""real"": -4.489356590207668, ""imag"": 0.0}, ""gamma"": {""real"": 0.0, ""imag"": 0.0}, ""beta"": {""real"": 7.771445786441615, ""imag"": 4.483064829471781e-05}, ""k_vector"": [{""real"": -4.489356590207668, ""imag"": 0.0}, {""real"": 0.0, ""imag"": 0.0}, {""real"": -7.771445786441615, ""imag"": -4.483064829471781e-05}], ""e_vector"": [{""real"": -0.8659042656715219, ""imag"": -1.2498197897239332e-06}, {""real"": 0.0, ""imag"": 0.0}, {""real"": 0.5002097586869129, ""imag"": -2.163540931475541e-06}], ""h_vector"": [{""real"": 0.0, ""imag"": 0.0}, {""real"": 0.999885140467758, ""imag"": 4.324770539973001e-06}, {""real"": 0.0, ""imag"": 0.0}], ""refractive_index"": {""real"": 0.999885140474, ""imag"": 4.32477054e-06}, ""vertical_sign"": -1, ""electric_tangential_norm_sq"": 0.7497901973096996, ""power_per_unit_amplitude"": 0.6363665341137341, ""propagating"": true, ""rayleigh_warning"": false, ""classification"": ""propagating"", ""rayleigh_tolerance"": 1e-06, ""projection_denominator"": 1.1021742959937022, ""traction_vector"": [{""real"": 3.881904959097355e-05, ""imag"": -8.97494803350602}, {""real"": 0.0, ""imag"": 0.0}, {""real"": 0.0, ""imag"": 0.0}]}",-4.806994020918954e-08,-6.220230514963643e-09,-4.806994020918954e-08,-6.220230514963643e-09,9.921735257066193e-16,7.637390319947128e-17,9.921735257066193e-16,7.637390319947126e-17,-4.806994120136306e-08,-6.2202305913375466e-09,-4.806994120136306e-08,-6.2202305913375466e-09,offline_frozen_validation_only; no solver feedback
V17-GNN,24,"{""schema"": ""fullspace-dtn.mode.v1"", ""mode_index"": 24, ""side"": ""bottom"", ""m"": -3, ""n"": 1, ""polarization"": ""s"", ""alpha"": {""real"": -4.489356590207668, ""imag"": 0.0}, ""gamma"": {""real"": 5.983986006837701, ""imag"": 0.0}, ""beta"": {""real"": 4.958556350844336, ""imag"": 7.026217474247436e-05}, ""k_vector"": [{""real"": -4.489356590207668, ""imag"": 0.0}, {""real"": 5.983986006837701, ""imag"": 0.0}, {""real"": -4.958556350844336, ""imag"": -7.026217474247436e-05}], ""e_vector"": [{""real"": -0.7999122734807461, ""imag"": 0.0}, {""real"": -0.6001169508811294, ""imag"": 0.0}, {""real"": 0.0, ""imag"": 0.0}], ""h_vector"": [{""real"": -0.3315196832168072, ""imag"": -4.697595885702236e-06}, {""real"": 0.4418916398148882, ""imag"": 6.261553850976274e-06}, {""real"": 0.8334247251460797, ""imag"": -0.0}], ""refractive_index"": {""real"": 0.999885140474, ""imag"": 4.32477054e-06}, ""vertical_sign"": -1, ""electric_tangential_norm_sq"": 0.9999999999999998, ""power_per_unit_amplitude"": 0.4060324688489237, ""propagating"": true, ""rayleigh_warning"": false, ""classification"": ""propagating"", ""rayleigh_tolerance"": 1e-06, ""projection_denominator"": 1.4699638505555863, ""traction_vector"": [{""real"": 5.620357593795412e-05, ""imag"": -3.9664100837862852}, {""real"": 4.216552206873081e-05, ""imag"": -2.975713718040963}, {""real"": 0.0, ""imag"": 0.0}]}",-9.45229272283382e-06,-4.7364421001251366e-07,-9.452292722866863e-06,-4.7364421000071254e-07,-9.549378700351722e-06,-4.3615840435813124e-07,-9.549378700384765e-06,-4.361584043463301e-07,9.708597751790193e-08,-3.748580565438243e-08,9.708597751790193e-08,-3.748580565438243e-08,offline_frozen_validation_only; no solver feedback
V17-GNN,25,"{""schema"": ""fullspace-dtn.mode.v1"", ""mode_index"": 25, ""side"": ""bottom"", ""m"": -3, ""n"": 1, ""polarization"": ""p"", ""alpha"": {""real"": -4.489356590207668, ""imag"": 0.0}, ""gamma"": {""real"": 5.983986006837701, ""imag"": 0.0}, ""beta"": {""real"": 4.958556350844336, ""imag"": 7.026217474247436e-05}, ""k_vector"": [{""real"": -4.489356590207668, ""imag"": 0.0}, {""real"": 5.983986006837701, ""imag"": 0.0}, {""real"": -4.958556350844336, ""imag"": -7.026217474247436e-05}], ""e_vector"": [{""real"": -0.33155776578462687, ""imag"": -3.264059536059784e-06}, {""real"": 0.4419424011095991, ""imag"": 4.350754099567616e-06}, {""real"": 0.8335204628602758, ""imag"": -3.605198833694458e-06}], ""h_vector"": [{""real"": 0.7998203959021161, ""imag"": 3.4594370347866507e-06}, {""real"": 0.6000480217070564, ""imag"": 2.595368109614824e-06}, {""real"": -4.9475295044988036e-17, ""imag"": 0.0}], ""refractive_index"": {""real"": 0.999885140474, ""imag"": 4.32477054e-06}, ""vertical_sign"": -1, ""electric_tangential_norm_sq"": 0.30524363798019444, ""power_per_unit_amplitude"": 0.4060324688489239, ""propagating"": true, ""rayleigh_warning"": false, ""classification"": ""propagating"", ""rayleigh_tolerance"": 1e-06, ""projection_denominator"": 0.4486971134429621, ""traction_vector"": [{""real"": 2.3295969675791888e-05, ""imag"": -5.386018447988506}, {""real"": -3.105183421154914e-05, ""imag"": 7.179171085592479}, {""real"": 0.0, ""imag"": 0.0}]}",7.013737884753076e-06,3.4059714821760774e-07,7.0137378847994696e-06,3.405971482330723e-07,7.0323782197460426e-06,3.16607841783482e-07,7.032378219792436e-06,3.1660784179894655e-07,-1.8640334992966673e-08,2.3989306434125736e-08,-1.8640334992966673e-08,2.3989306434125736e-08,offline_frozen_validation_only; no solver feedback
V17-GNN,26,"{""schema"": ""fullspace-dtn.mode.v1"", ""mode_index"": 26, ""side"": ""bottom"", ""m"": -2, ""n"": -1, ""polarization"": ""s"", ""alpha"": {""real"": -0.0013670850793925382, ""imag"": 0.0}, ""gamma"": {""real"": -5.983986006837701, ""imag"": 0.0}, ""beta"": {""real"": 6.68891634028968, ""imag"": 5.2086008415877786e-05}, ""k_vector"": [{""real"": -0.0013670850793925382, ""imag"": 0.0}, {""real"": -5.983986006837701, ""imag"": 0.0}, {""real"": -6.68891634028968, ""imag"": -5.2086008415877786e-05}], ""e_vector"": [{""real"": 0.9999999739036398, ""imag"": -0.0}, {""real"": -0.00022845725945122052, ""imag"": 0.0}, {""real"": 0.0, ""imag"": 0.0}], ""h_vector"": [{""real"": -0.0001702467768758063, ""imag"": -1.3256968097683348e-09}, {""real"": -0.7452018501926205, ""imag"": -5.802821842286574e-06}, {""real"": 0.6666666840642403, ""imag"": -0.0}], ""refractive_index"": {""real"": 0.999885140474, ""imag"": 4.32477054e-06}, ""vertical_sign"": -1, ""electric_tangential_norm_sq"": 0.9999999999999997, ""power_per_unit_amplitude"": 0.5477233741851624, ""propagating"": true, ""rayleigh_warning"": false, ""classification"": ""propagating"", ""rayleigh_tolerance"": 1e-06, ""projection_denominator"": 1.4699732019929355, ""traction_vector"": [{""real"": -5.208600705662255e-05, ""imag"": 6.68891616573331}, {""real"": 1.1899426738444647e-08, ""imag"": -0.0015281314958010678}, {""real"": 0.0, ""imag"": 0.0}]}",3.755476019377837e-08,7.384420674321108e-08,3.755476019378759e-08,7.384420674321626e-08,-8.318854379968599e-09,-1.6920271814008964e-09,-8.318854379959379e-09,-1.6920271813957104e-09,4.587361457374697e-08,7.553623392461197e-08,4.587361457374697e-08,7.553623392461197e-08,offline_frozen_validation_only; no solver feedback
V17-GNN,27,"{""schema"": ""fullspace-dtn.mode.v1"", ""mode_index"": 27, ""side"": ""bottom"", ""m"": -2, ""n"": -1, ""polarization"": ""p"", ""alpha"": {""real"": -0.0013670850793925382, ""imag"": 0.0}, ""gamma"": {""real"": -5.983986006837701, ""imag"": 0.0}, ""beta"": {""real"": 6.68891634028968, ""imag"": 5.2086008415877786e-05}, ""k_vector"": [{""real"": -0.0013670850793925382, ""imag"": 0.0}, {""real"": -5.983986006837701, ""imag"": 0.0}, {""real"": -6.68891634028968, ""imag"": -5.2086008415877786e-05}], ""e_vector"": [{""real"": -0.0001702663335861758, ""imag"": -5.894016846993088e-10}, {""real"": -0.7452874535562701, ""imag"": -2.5799209477250923e-06}, {""real"": 0.6667432658572671, ""imag"": -2.8838428707480877e-06}], ""h_vector"": [{""real"": -0.999885114365667, ""imag"": -4.32477042707448e-06}, {""real"": 0.0002284310189552686, ""imag"": 9.880252253089822e-10}, {""real"": 2.4157858908685565e-20, ""imag"": -4.6077459161158685e-26}], ""refractive_index"": {""real"": 0.999885140474, ""imag"": 4.32477054e-06}, ""vertical_sign"": -1, ""electric_tangential_norm_sq"": 0.5554534174256699, ""power_per_unit_amplitude"": 0.547723374185163, ""propagating"": true, ""rayleigh_warning"": false, ""classification"": ""propagating"", ""rayleigh_tolerance"": 1e-06, ""projection_denominator"": 0.8165016385711308, ""traction_vector"": [{""real"": 8.868493683977426e-09, ""imag"": -0.0020503920314340076}, {""real"": 3.8819048577598794e-05, ""imag"": -8.974947799214199}, {""real"": 0.0, ""imag"": 0.0}]}",-1.6405401028674674e-05,-2.873690213876101e-06,-1.6405401028632183e-05,-2.873690213876101e-06,-1.649730512294347e-05,-2.8045120940932605e-06,-1.649730512290098e-05,-2.8045120940932605e-06,9.190409426879632e-08,-6.91781197828406e-08,9.190409426879632e-08,-6.91781197828406e-08,offline_frozen_validation_only; no solver feedback
V17-GNN,28,"{""schema"": ""fullspace-dtn.mode.v1"", ""mode_index"": 28, ""side"": ""bottom"", ""m"": -2, ""n"": 0, ""polarization"": ""s"", ""alpha"": {""real"": -0.0013670850793925382, ""imag"": 0.0}, ""gamma"": {""real"": 0.0, ""imag"": 0.0}, ""beta"": {""real"": 8.97494792944325, ""imag"": 3.8819050041557536e-05}, ""k_vector"": [{""real"": -0.0013670850793925382, ""imag"": 0.0}, {""real"": 0.0, ""imag"": 0.0}, {""real"": -8.97494792944325, ""imag"": -3.8819050041557536e-05}], ""e_vector"": [{""real"": -0.0, ""imag"": 0.0}, {""real"": -1.0, ""imag"": 0.0}, {""real"": 0.0, ""imag"": 0.0}], ""h_vector"": [{""real"": -0.9998851288742849, ""imag"": -4.324770590171869e-06}, {""real"": 0.0, ""imag"": 0.0}, {""real"": 0.00015230484360874904, ""imag"": -0.0}], ""refractive_index"": {""real"": 0.999885140474, ""imag"": 4.32477054e-06}, ""vertical_sign"": -1, ""electric_tangential_norm_sq"": 1.0, ""power_per_unit_amplitude"": 0.7349155697225994, ""propagating"": true, ""rayleigh_warning"": false, ""classification"": ""propagating"", ""rayleigh_tolerance"": 1e-06, ""projection_denominator"": 1.4699800277344321, ""traction_vector"": [{""real"": -0.0, ""imag"": 0.0}, {""real"": 3.8819050041557536e-05, ""imag"": -8.97494792944325}, {""real"": 0.0, ""imag"": 0.0}]}",-3.2707856265460252e-06,-1.6043850190820132e-05,-3.270785626805698e-06,-1.6043850190511534e-05,-3.2981256979544157e-06,-1.607450770976354e-05,-3.2981256982140885e-06,-1.607450770945494e-05,2.73400714083905e-08,3.065751894340733e-08,2.73400714083905e-08,3.065751894340733e-08,offline_frozen_validation_only; no solver feedback
V17-GNN,29,"{""schema"": ""fullspace-dtn.mode.v1"", ""mode_index"": 29, ""side"": ""bottom"", ""m"": -2, ""n"": 0, ""polarization"": ""p"", ""alpha"": {""real"": -0.0013670850793925382, ""imag"": 0.0}, ""gamma"": {""real"": 0.0, ""imag"": 0.0}, ""beta"": {""real"": 8.97494792944325, ""imag"": 3.8819050041557536e-05}, ""k_vector"": [{""real"": -0.0013670850793925382, ""imag"": 0.0}, {""real"": 0.0, ""imag"": 0.0}, {""real"": -8.97494792944325, ""imag"": -3.8819050041557536e-05}], ""e_vector"": [{""real"": -0.9999999883989524, ""imag"": -1.0035526433266723e-13}, {""real"": 0.0, ""imag"": 0.0}, {""real"": 0.00015232233927758835, ""imag"": -6.588348389489128e-10}], ""h_vector"": [{""real"": 0.0, ""imag"": 0.0}, {""real"": 0.9998851404740002, ""imag"": 4.324770539999998e-06}, {""real"": 0.0, ""imag"": 0.0}], ""refractive_index"": {""real"": 0.999885140474, ""imag"": 4.32477054e-06}, ""vertical_sign"": -1, ""electric_tangential_norm_sq"": 0.999999976797905, ""power_per_unit_amplitude"": 0.7349155697225995, ""propagating"": true, ""rayleigh_warning"": false, ""classification"": ""propagating"", ""rayleigh_tolerance"": 1e-06, ""projection_denominator"": 1.469979993627816, ""traction_vector"": [{""real"": 3.881904959121588e-05, ""imag"": -8.97494803356205}, {""real"": 0.0, ""imag"": 0.0}, {""real"": 0.0, ""imag"": 0.0}]}",-6.090937433474028e-10,2.5327440338412083e-08,-6.090937433474028e-10,2.5327440338412083e-08,5.901173302659412e-17,-1.6734047403331803e-16,5.90117330265941e-17,-1.6734047403331795e-16,-6.090938023591358e-10,2.5327440505752557e-08,-6.090938023591358e-10,2.5327440505752557e-08,offline_frozen_validation_only; no solver feedback
V17-GNN,30,"{""schema"": ""fullspace-dtn.mode.v1"", ""mode_index"": 30, ""side"": ""bottom"", ""m"": -2, ""n"": 1, ""polarization"": ""s"", ""alpha"": {""real"": -0.0013670850793925382, ""imag"": 0.0}, ""gamma"": {""real"": 5.983986006837701, ""imag"": 0.0}, ""beta"": {""real"": 6.68891634028968, ""imag"": 5.2086008415877786e-05}, ""k_vector"": [{""real"": -0.0013670850793925382, ""imag"": 0.0}, {""real"": 5.983986006837701, ""imag"": 0.0}, {""real"": -6.68891634028968, ""imag"": -5.2086008415877786e-05}], ""e_vector"": [{""real"": -0.9999999739036398, ""imag"": 0.0}, {""real"": -0.00022845725945122052, ""imag"": 0.0}, {""real"": 0.0, ""imag"": 0.0}], ""h_vector"": [{""real"": -0.0001702467768758063, ""imag"": -1.3256968097683348e-09}, {""real"": 0.7452018501926205, ""imag"": 5.802821842286574e-06}, {""real"": 0.6666666840642403, ""imag"": -0.0}], ""refractive_index"": {""real"": 0.999885140474, ""imag"": 4.32477054e-06}, ""vertical_sign"": -1, ""electric_tangential_norm_sq"": 0.9999999999999997, ""power_per_unit_amplitude"": 0.5477233741851624, ""propagating"": true, ""rayleigh_warning"": false, ""classification"": ""propagating"", ""rayleigh_tolerance"": 1e-06, ""projection_denominator"": 1.4699732019929355, ""traction_vector"": [{""real"": 5.208600705662255e-05, ""imag"": -6.68891616573331}, {""real"": 1.1899426738444647e-08, ""imag"": -0.0015281314958010678}, {""real"": 0.0, ""imag"": 0.0}]}",2.916242501964275e-08,5.905217586961725e-08,2.916242501964736e-08,5.905217586961351e-08,-8.318854144220389e-09,-1.6920271921818259e-09,-8.31885414421578e-09,-1.6920271921855713e-09,3.748127916386314e-08,6.074420306179907e-08,3.748127916386314e-08,6.074420306179907e-08,offline_frozen_validation_only; no solver feedback
V17-GNN,31,"{""schema"": ""fullspace-dtn.mode.v1"", ""mode_index"": 31, ""side"": ""bottom"", ""m"": -2, ""n"": 1, ""polarization"": ""p"", ""alpha"": {""real"": -0.0013670850793925382, ""imag"": 0.0}, ""gamma"": {""real"": 5.983986006837701, ""imag"": 0.0}, ""beta"": {""real"": 6.68891634028968, ""imag"": 5.2086008415877786e-05}, ""k_vector"": [{""real"": -0.0013670850793925382, ""imag"": 0.0}, {""real"": 5.983986006837701, ""imag"": 0.0}, {""real"": -6.68891634028968, ""imag"": -5.2086008415877786e-05}], ""e_vector"": [{""real"": -0.0001702663335861758, ""imag"": -5.894016846993088e-10}, {""real"": 0.7452874535562701, ""imag"": 2.5799209477250923e-06}, {""real"": 0.6667432658572671, ""imag"": -2.8838428707480877e-06}], ""h_vector"": [{""real"": 0.999885114365667, ""imag"": 4.32477042707448e-06}, {""real"": 0.0002284310189552686, ""imag"": 9.880252253089822e-10}, {""real"": -2.4157858908685565e-20, ""imag"": 4.6077459161158685e-26}], ""refractive_index"": {""real"": 0.999885140474, ""imag"": 4.32477054e-06}, ""vertical_sign"": -1, ""electric_tangential_norm_sq"": 0.5554534174256699, ""power_per_unit_amplitude"": 0.547723374185163, ""propagating"": true, ""rayleigh_warning"": false, ""classification"": ""propagating"", ""rayleigh_tolerance"": 1e-06, ""projection_denominator"": 0.8165016385711308, ""traction_vector"": [{""real"": 8.868493683977426e-09, ""imag"": -0.0020503920314340076}, {""real"": -3.8819048577598794e-05, ""imag"": 8.974947799214199}, {""real"": 0.0, ""imag"": 0.0}]}",1.6609226838977347e-05,2.7007108658238142e-06,1.6609226838943354e-05,2.7007108658578074e-06,1.6497305123386963e-05,2.8045120944097438e-06,1.649730512335297e-05,2.804512094443737e-06,1.1192171559038349e-07,-1.038012285859295e-07,1.1192171559038349e-07,-1.038012285859295e-07,offline_frozen_validation_only; no solver feedback
V17-GNN,32,"{""schema"": ""fullspace-dtn.mode.v1"", ""mode_index"": 32, ""side"": ""bottom"", ""m"": -1, ""n"": -1, ""polarization"": ""s"", ""alpha"": {""real"": 4.486622420048883, ""imag"": 0.0}, ""gamma"": {""real"": -5.983986006837701, ""imag"": 0.0}, ""beta"": {""real"": 4.961030431115042, ""imag"": 7.022713479206063e-05}, ""k_vector"": [{""real"": 4.486622420048883, ""imag"": 0.0}, {""real"": -5.983986006837701, ""imag"": 0.0}, {""real"": -4.961030431115042, ""imag"": -7.022713479206063e-05}], ""e_vector"": [{""real"": 0.8000877286570669, ""imag"": -0.0}, {""real"": 0.5998830106382207, ""imag"": 0.0}, {""real"": 0.0, ""imag"": 0.0}], ""h_vector"": [{""real"": 0.3315557965860328, ""imag"": 4.693422856650971e-06}, {""real"": -0.4422090966226506, ""imag"": -6.259803939121232e-06}, {""real"": 0.8332419593357027, ""imag"": 0.0}], ""refractive_index"": {""real"": 0.999885140474, ""imag"": 4.32477054e-06}, ""vertical_sign"": -1, ""electric_tangential_norm_sq"": 0.9999999999999999, ""power_per_unit_amplitude"": 0.4062350594517862, ""propagating"": true, ""rayleigh_warning"": false, ""classification"": ""propagating"", ""rayleigh_tolerance"": 1e-06, ""projection_denominator"": 1.469963868583197, ""traction_vector"": [{""real"": -5.6187868765873466e-05, ""imag"": 3.9692595694294237}, {""real"": -4.212806504755746e-05, ""imag"": 2.9760378708851216}, {""real"": -0.0, ""imag"": 0.0}]}",1.33614013621287e-06,-2.8606398462555137e-05,1.3361401362199509e-06,-2.8606398462564576e-05,1.3478982120230951e-06,-2.8617351950530372e-05,1.3478982120301759e-06,-2.8617351950539812e-05,-1.1758075810225024e-08,1.0953487975235538e-08,-1.1758075810225024e-08,1.0953487975235538e-08,offline_frozen_validation_only; no solver feedback
V17-GNN,33,"{""schema"": ""fullspace-dtn.mode.v1"", ""mode_index"": 33, ""side"": ""bottom"", ""m"": -1, ""n"": -1, ""polarization"": ""p"", ""alpha"": {""real"": 4.486622420048883, ""imag"": 0.0}, ""gamma"": {""real"": -5.983986006837701, ""imag"": 0.0}, ""beta"": {""real"": 4.961030431115042, ""imag"": 7.022713479206063e-05}, ""k_vector"": [{""real"": 4.486622420048883, ""imag"": 0.0}, {""real"": -5.983986006837701, ""imag"": 0.0}, {""real"": -4.961030431115042, ""imag"": -7.022713479206063e-05}], ""e_vector"": [{""real"": 0.3315938833022934, ""imag"": 3.259729809722286e-06}, {""real"": -0.4422598943844885, ""imag"": -4.347630743403933e-06}, {""real"": 0.8333376760551552, ""imag"": -3.604408231896424e-06}], ""h_vector"": [{""real"": -0.7999958309257797, ""imag"": -3.4601958381644716e-06}, {""real"": -0.5998141083344596, ""imag"": -2.594356371744373e-06}, {""real"": 0.0, ""imag"": 3.7746654544821195e-22}], ""refractive_index"": {""real"": 0.999885140474, ""imag"": 4.32477054e-06}, ""vertical_sign"": -1, ""electric_tangential_norm_sq"": 0.3055483176540016, ""power_per_unit_amplitude"": 0.4062350594517864, ""propagating"": true, ""rayleigh_warning"": false, ""classification"": ""propagating"", ""rayleigh_tolerance"": 1e-06, ""projection_denominator"": 0.4491449870577638, ""traction_vector"": [{""real"": -2.3286888337902835e-05, ""imag"": 5.383918846465859}, {""real"": 3.1058645214741376e-05, ""imag"": -7.180745786682548}, {""real"": 0.0, ""imag"": 0.0}]}",-8.967920786069401e-07,2.1094573802937468e-05,-8.967920785741107e-07,2.1094573802852497e-05,-9.897602625340122e-07,2.110575118169754e-05,-9.89760262501183e-07,2.1105751181612568e-05,9.296818392707215e-08,-1.11773787600705e-08,9.296818392707226e-08,-1.11773787600705e-08,offline_frozen_validation_only; no solver feedback
V17-GNN,34,"{""schema"": ""fullspace-dtn.mode.v1"", ""mode_index"": 34, ""side"": ""bottom"", ""m"": -1, ""n"": 0, ""polarization"": ""s"", ""alpha"": {""real"": 4.486622420048883, ""imag"": 0.0}, ""gamma"": {""real"": 0.0, ""imag"": 0.0}, ""beta"": {""real"": 7.773024602145297, ""imag"": 4.482154253021086e-05}, ""k_vector"": [{""real"": 4.486622420048883, ""imag"": 0.0}, {""real"": 0.0, ""imag"": 0.0}, {""real"": -7.773024602145297, ""imag"": -4.482154253021086e-05}], ""e_vector"": [{""real"": -0.0, ""imag"": 0.0}, {""real"": 1.0, ""imag"": 0.0}, {""real"": 0.0, ""imag"": 0.0}], ""h_vector"": [{""real"": 0.865980701744436, ""imag"": 4.993499035480673e-06}, {""real"": 0.0, ""imag"": 0.0}, {""real"": 0.4998476951563912, ""imag"": 0.0}], ""refractive_index"": {""real"": 0.999885140474, ""imag"": 4.32477054e-06}, ""vertical_sign"": -1, ""electric_tangential_norm_sq"": 1.0, ""power_per_unit_amplitude"": 0.6364958157821604, ""propagating"": true, ""rayleigh_warning"": false, ""classification"": ""propagating"", ""rayleigh_tolerance"": 1e-06, ""projection_denominator"": 1.46997693949725, ""traction_vector"": [{""real"": -0.0, ""imag"": 0.0}, {""real"": -4.482154253021086e-05, ""imag"": 7.773024602145297}, {""real"": -0.0, ""imag"": 0.0}]}",9.922414099578351e-05,-7.780399576037784e-05,9.922414099526073e-05,-7.780399576022678e-05,9.926308743385664e-05,-7.780678494999836e-05,9.926308743333385e-05,-7.78067849498473e-05,-3.8946438073124206e-08,2.7891896205184006e-09,-3.8946438073124206e-08,2.7891896205184006e-09,offline_frozen_validation_only; no solver feedback
V17-GNN,35,"{""schema"": ""fullspace-dtn.mode.v1"", ""mode_index"": 35, ""side"": ""bottom"", ""m"": -1, ""n"": 0, ""polarization"": ""p"", ""alpha"": {""real"": 4.486622420048883, ""imag"": 0.0}, ""gamma"": {""real"": 0.0, ""imag"": 0.0}, ""beta"": {""real"": 7.773024602145297, ""imag"": 4.482154253021086e-05}, ""k_vector"": [{""real"": 4.486622420048883, ""imag"": 0.0}, {""real"": 0.0, ""imag"": 0.0}, {""real"": -7.773024602145297, ""imag"": -4.482154253021086e-05}], ""e_vector"": [{""real"": 0.8660801793033087, ""imag"": 1.2480443405020596e-06}, {""real"": 0.0, ""imag"": 0.0}, {""real"": 0.4999051140083646, ""imag"": -2.1622232617976723e-06}], ""h_vector"": [{""real"": 0.0, ""imag"": 0.0}, {""real"": -0.9998851404677681, ""imag"": -4.324770539973044e-06}, {""real"": 0.0, ""imag"": 0.0}], ""refractive_index"": {""real"": 0.999885140474, ""imag"": 4.32477054e-06}, ""vertical_sign"": -1, ""electric_tangential_norm_sq"": 0.750094876983609, ""power_per_unit_amplitude"": 0.6364958157821605, ""propagating"": true, ""rayleigh_warning"": false, ""classification"": ""propagating"", ""rayleigh_tolerance"": 1e-06, ""projection_denominator"": 1.1026221716009317, ""traction_vector"": [{""real"": -3.881904959097394e-05, ""imag"": 8.974948033506111}, {""real"": 0.0, ""imag"": 0.0}, {""real"": 0.0, ""imag"": 0.0}]}",1.71782454743686e-08,9.918800506156191e-09,1.71782454743686e-08,9.918800506156191e-09,-3.1369553848747296e-17,3.598636189989576e-16,-3.136955384874734e-17,3.5986361899895763e-16,1.7178245505738156e-08,9.918800146292573e-09,1.7178245505738156e-08,9.918800146292573e-09,offline_frozen_validation_only; no solver feedback
V17-GNN,36,"{""schema"": ""fullspace-dtn.mode.v1"", ""mode_index"": 36, ""side"": ""bottom"", ""m"": -1, ""n"": 1, ""polarization"": ""s"", ""alpha"": {""real"": 4.486622420048883, ""imag"": 0.0}, ""gamma"": {""real"": 5.983986006837701, ""imag"": 0.0}, ""beta"": {""real"": 4.961030431115042, ""imag"": 7.022713479206063e-05}, ""k_vector"": [{""real"": 4.486622420048883, ""imag"": 0.0}, {""real"": 5.983986006837701, ""imag"": 0.0}, {""real"": -4.961030431115042, ""imag"": -7.022713479206063e-05}], ""e_vector"": [{""real"": -0.8000877286570669, ""imag"": 0.0}, {""real"": 0.5998830106382207, ""imag"": 0.0}, {""real"": 0.0, ""imag"": 0.0}], ""h_vector"": [{""real"": 0.3315557965860328, ""imag"": 4.693422856650971e-06}, {""real"": 0.4422090966226506, ""imag"": 6.259803939121232e-06}, {""real"": 0.8332419593357027, ""imag"": 0.0}], ""refractive_index"": {""real"": 0.999885140474, ""imag"": 4.32477054e-06}, ""vertical_sign"": -1, ""electric_tangential_norm_sq"": 0.9999999999999999, ""power_per_unit_amplitude"": 0.4062350594517862, ""propagating"": true, ""rayleigh_warning"": false, ""classification"": ""propagating"", ""rayleigh_tolerance"": 1e-06, ""projection_denominator"": 1.469963868583197, ""traction_vector"": [{""real"": 5.6187868765873466e-05, ""imag"": -3.9692595694294237}, {""real"": -4.212806504755746e-05, ""imag"": 2.9760378708851216}, {""real"": 0.0, ""imag"": 0.0}]}",1.4014655563846978e-06,-2.8704919301603044e-05,1.4014655563799773e-06,-2.8704919301616617e-05,1.3478982117702708e-06,-2.8617351950484697e-05,1.3478982117655503e-06,-2.861735195049827e-05,5.356734461442703e-08,-8.756735111834708e-08,5.356734461442703e-08,-8.756735111834708e-08,offline_frozen_validation_only; no solver feedback
V17-GNN,37,"{""schema"": ""fullspace-dtn.mode.v1"", ""mode_index"": 37, ""side"": ""bottom"", ""m"": -1, ""n"": 1, ""polarization"": ""p"", ""alpha"": {""real"": 4.486622420048883, ""imag"": 0.0}, ""gamma"": {""real"": 5.983986006837701, ""imag"": 0.0}, ""beta"": {""real"": 4.961030431115042, ""imag"": 7.022713479206063e-05}, ""k_vector"": [{""real"": 4.486622420048883, ""imag"": 0.0}, {""real"": 5.983986006837701, ""imag"": 0.0}, {""real"": -4.961030431115042, ""imag"": -7.022713479206063e-05}], ""e_vector"": [{""real"": 0.3315938833022934, ""imag"": 3.259729809722286e-06}, {""real"": 0.4422598943844885, ""imag"": 4.347630743403933e-06}, {""real"": 0.8333376760551552, ""imag"": -3.604408231896424e-06}], ""h_vector"": [{""real"": 0.7999958309257797, ""imag"": 3.4601958381644716e-06}, {""real"": -0.5998141083344596, ""imag"": -2.594356371744373e-06}, {""real"": 0.0, ""imag"": -3.7746654544821195e-22}], ""refractive_index"": {""real"": 0.999885140474, ""imag"": 4.32477054e-06}, ""vertical_sign"": -1, ""electric_tangential_norm_sq"": 0.3055483176540016, ""power_per_unit_amplitude"": 0.4062350594517864, ""propagating"": true, ""rayleigh_warning"": false, ""classification"": ""propagating"", ""rayleigh_tolerance"": 1e-06, ""projection_denominator"": 0.4491449870577638, ""traction_vector"": [{""real"": -2.3286888337902835e-05, ""imag"": 5.383918846465859}, {""real"": -3.1058645214741376e-05, ""imag"": 7.180745786682548}, {""real"": -0.0, ""imag"": 0.0}]}",1.0836564213092664e-06,-2.1097514986905603e-05,1.0836564212706436e-06,-2.1097514986911396e-05,9.897602624415658e-07,-2.110575118164611e-05,9.89760262402943e-07,-2.1105751181651904e-05,9.389615886770066e-08,8.236194740507527e-09,9.389615886770066e-08,8.236194740507527e-09,offline_frozen_validation_only; no solver feedback
V17-GNN,38,"{""schema"": ""fullspace-dtn.mode.v1"", ""mode_index"": 38, ""side"": ""bottom"", ""m"": 0, ""n"": 0, ""polarization"": ""s"", ""alpha"": {""real"": 8.97461192517716, ""imag"": 0.0}, ""gamma"": {""real"": 0.0, ""imag"": 0.0}, ""beta"": {""real"": 0.07780134385941416, ""imag"": 0.004478058289365571}, ""k_vector"": [{""real"": 8.97461192517716, ""imag"": 0.0}, {""real"": 0.0, ""imag"": 0.0}, {""real"": -0.07780134385941416, ""imag"": -0.004478058289365571}], ""e_vector"": [{""real"": -0.0, ""imag"": 0.0}, {""real"": 1.0, ""imag"": 0.0}, {""real"": 0.0, ""imag"": 0.0}], ""h_vector"": [{""real"": 0.008667727918092628, ""imag"": 0.0004988935785443173}, {""real"": 0.0, ""imag"": 0.0}, {""real"": 0.9998476951563912, ""imag"": 0.0}], ""refractive_index"": {""real"": 0.999885140474, ""imag"": 4.32477054e-06}, ""vertical_sign"": -1, ""electric_tangential_norm_sq"": 1.0, ""power_per_unit_amplitude"": 0.006370780019798082, ""propagating"": true, ""rayleigh_warning"": false, ""classification"": ""propagating"", ""rayleigh_tolerance"": 1e-06, ""projection_denominator"": 1.467697843589745, ""traction_vector"": [{""real"": -0.0, ""imag"": 0.0}, {""real"": -0.004478058289365571, ""imag"": 0.07780134385941416}, {""real"": -0.0, ""imag"": 0.0}]}",1.3197109141578613,-0.1643715284705799,-0.01588601252430184,-0.13886167767191812,1.3197240512671184,-0.16439467913781666,-0.01587287541504481,-0.1388848283391549,-1.3137109257099766e-05,2.31506672367654e-05,-1.3137109257030377e-05,2.31506672367654e-05,offline_frozen_validation_only; no solver feedback
V17-GNN,39,"{""schema"": ""fullspace-dtn.mode.v1"", ""mode_index"": 39, ""side"": ""bottom"", ""m"": 0, ""n"": 0, ""polarization"": ""p"", ""alpha"": {""real"": 8.97461192517716, ""imag"": 0.0}, ""gamma"": {""real"": 0.0, ""imag"": 0.0}, ""beta"": {""real"": 0.07780134385941416, ""imag"": 0.004478058289365571}, ""k_vector"": [{""real"": 8.97461192517716, ""imag"": 0.0}, {""real"": 0.0, ""imag"": 0.0}, {""real"": -0.07780134385941416, ""imag"": -0.004478058289365571}], ""e_vector"": [{""real"": 0.00866872360357703, ""imag"": 0.0004989132690542871}, {""real"": 0.0, ""imag"": 0.0}, {""real"": 0.9999623014383734, ""imag"": -4.325104281798984e-06}], ""h_vector"": [{""real"": 0.0, ""imag"": 0.0}, {""real"": -0.999884891569405, ""imag"": -4.324769463421086e-06}, {""real"": 0.0, ""imag"": 0.0}], ""refractive_index"": {""real"": 0.999885140474, ""imag"": 4.32477054e-06}, ""vertical_sign"": -1, ""electric_tangential_norm_sq"": 7.539568336525196e-05, ""power_per_unit_amplitude"": 0.0063707800197980845, ""propagating"": true, ""rayleigh_warning"": false, ""classification"": ""propagating"", ""rayleigh_tolerance"": 1e-06, ""projection_denominator"": 0.00011065808189115553, ""traction_vector"": [{""real"": -3.881903992786616e-05, ""imag"": 8.974945799399627}, {""real"": 0.0, ""imag"": 0.0}, {""real"": 0.0, ""imag"": 0.0}]}",-3.589937856680448e-06,-4.331662108850042e-06,-3.5899378720395313e-06,-4.331662107671424e-06,-3.7037259666544526e-14,2.295610468684518e-15,-5.239634310392418e-14,3.4742292575236597e-15,-3.5899378196431883e-06,-4.331662111145652e-06,-3.5899378196431883e-06,-4.331662111145653e-06,offline_frozen_validation_only; no solver feedback
GNN-G64-FINAL,0,"{""schema"": ""fullspace-dtn.mode.v1"", ""mode_index"": 0, ""side"": ""top"", ""m"": -3, ""n"": -1, ""polarization"": ""s"", ""alpha"": {""real"": -4.489356590207668, ""imag"": 0.0}, ""gamma"": {""real"": -5.983986006837701, ""imag"": 0.0}, ""beta"": {""real"": 4.960422166357995, ""imag"": 0.0}, ""k_vector"": [{""real"": -4.489356590207668, ""imag"": 0.0}, {""real"": -5.983986006837701, ""imag"": 0.0}, {""real"": 4.960422166357995, ""imag"": 0.0}], ""e_vector"": [{""real"": 0.7999122734807461, ""imag"": -0.0}, {""real"": -0.6001169508811294, ""imag"": 0.0}, {""real"": 0.0, ""imag"": 0.0}], ""h_vector"": [{""real"": 0.33164442810710654, ""imag"": 0.0}, {""real"": 0.44205791568604624, ""imag"": 0.0}, {""real"": 0.8334247251460797, ""imag"": -0.0}], ""refractive_index"": {""real"": 1.0, ""imag"": 0.0}, ""vertical_sign"": 1, ""electric_tangential_norm_sq"": 0.9999999999999998, ""power_per_unit_amplitude"": 0.4061852515594194, ""propagating"": true, ""rayleigh_warning"": false, ""classification"": ""propagating"", ""rayleigh_tolerance"": 1e-06, ""projection_denominator"": 1.4699999999999998, ""traction_vector"": [{""real"": 0.0, ""imag"": 3.9679025725157118}, {""real"": 0.0, ""imag"": -2.9768334255579263}, {""real"": 0.0, ""imag"": 0.0}]}",-3.949495560943727e-06,-8.604384826294692e-06,-3.949495560964969e-06,-8.604384826324194e-06,-4.134544516790736e-06,-8.530477664715285e-06,-4.134544516811978e-06,-8.530477664744787e-06,1.8504895584700897e-07,-7.390716157940725e-08,1.8504895584700897e-07,-7.390716157940725e-08,offline_frozen_validation_only; no solver feedback
GNN-G64-FINAL,1,"{""schema"": ""fullspace-dtn.mode.v1"", ""mode_index"": 1, ""side"": ""top"", ""m"": -3, ""n"": -1, ""polarization"": ""p"", ""alpha"": {""real"": -4.489356590207668, ""imag"": 0.0}, ""gamma"": {""real"": -5.983986006837701, ""imag"": 0.0}, ""beta"": {""real"": 4.960422166357995, ""imag"": 0.0}, ""k_vector"": [{""real"": -4.489356590207668, ""imag"": 0.0}, {""real"": -5.983986006837701, ""imag"": 0.0}, {""real"": 4.960422166357995, ""imag"": 0.0}], ""e_vector"": [{""real"": 0.3316444281071066, ""imag"": 0.0}, {""real"": 0.44205791568604635, ""imag"": 0.0}, {""real"": 0.8334247251460798, ""imag"": -0.0}], ""h_vector"": [{""real"": -0.7999122734807462, ""imag"": 0.0}, {""real"": 0.6001169508811294, ""imag"": 0.0}, {""real"": -2.4737647522494018e-17, ""imag"": 0.0}], ""refractive_index"": {""real"": 1.0, ""imag"": 0.0}, ""vertical_sign"": 1, ""electric_tangential_norm_sq"": 0.30540322751518145, ""power_per_unit_amplitude"": 0.4061852515594195, ""propagating"": true, ""rayleigh_warning"": false, ""classification"": ""propagating"", ""rayleigh_tolerance"": 1e-06, ""projection_denominator"": 0.44894274444731674, ""traction_vector"": [{""real"": 0.0, ""imag"": 5.38663715480818}, {""real"": 0.0, ""imag"": 7.179995776809777}, {""real"": 0.0, ""imag"": -0.0}]}",3.145040997806761e-06,6.1870710732799664e-06,3.145040997783577e-06,6.1870710733205385e-06,3.0469597078748646e-06,6.279864279230611e-06,3.0469597078516805e-06,6.279864279271183e-06,9.80812899318965e-08,-9.279320595064456e-08,9.80812899318965e-08,-9.279320595064456e-08,offline_frozen_validation_only; no solver feedback
GNN-G64-FINAL,2,"{""schema"": ""fullspace-dtn.mode.v1"", ""mode_index"": 2, ""side"": ""top"", ""m"": -3, ""n"": 0, ""polarization"": ""s"", ""alpha"": {""real"": -4.489356590207668, ""imag"": 0.0}, ""gamma"": {""real"": 0.0, ""imag"": 0.0}, ""beta"": {""real"": 7.772636399480241, ""imag"": 0.0}, ""k_vector"": [{""real"": -4.489356590207668, ""imag"": 0.0}, {""real"": 0.0, ""imag"": 0.0}, {""real"": 7.772636399480241, ""imag"": 0.0}], ""e_vector"": [{""real"": -0.0, ""imag"": 0.0}, {""real"": -1.0, ""imag"": 0.0}, {""real"": 0.0, ""imag"": 0.0}], ""h_vector"": [{""real"": 0.8659374526832905, ""imag"": 0.0}, {""real"": 0.0, ""imag"": 0.0}, {""real"": 0.5001523048436087, ""imag"": -0.0}], ""refractive_index"": {""real"": 1.0, ""imag"": 0.0}, ""vertical_sign"": 1, ""electric_tangential_norm_sq"": 1.0, ""power_per_unit_amplitude"": 0.6364640277222186, ""propagating"": true, ""rayleigh_warning"": false, ""classification"": ""propagating"", ""rayleigh_tolerance"": 1e-06, ""projection_denominator"": 1.47, ""traction_vector"": [{""real"": 0.0, ""imag"": 0.0}, {""real"": 0.0, ""imag"": -7.772636399480241}, {""real"": 0.0, ""imag"": 0.0}]}",-4.145799462352151e-05,-1.1405310523256885e-05,-4.145799462376461e-05,-1.1405310523361912e-05,-4.174435527054871e-05,-1.1429406449091863e-05,-4.174435527079181e-05,-1.142940644919689e-05,2.863606470271995e-07,2.409592583497866e-08,2.863606470271995e-07,2.409592583497866e-08,offline_frozen_validation_only; no solver feedback
GNN-G64-FINAL,3,"{""schema"": ""fullspace-dtn.mode.v1"", ""mode_index"": 3, ""side"": ""top"", ""m"": -3, ""n"": 0, ""polarization"": ""p"", ""alpha"": {""real"": -4.489356590207668, ""imag"": 0.0}, ""gamma"": {""real"": 0.0, ""imag"": 0.0}, ""beta"": {""real"": 7.772636399480241, ""imag"": 0.0}, ""k_vector"": [{""real"": -4.489356590207668, ""imag"": 0.0}, {""real"": 0.0, ""imag"": 0.0}, {""real"": 7.772636399480241, ""imag"": 0.0}], ""e_vector"": [{""real"": 0.8659374526832905, ""imag"": 0.0}, {""real"": 0.0, ""imag"": 0.0}, {""real"": 0.5001523048436087, ""imag"": -0.0}], ""h_vector"": [{""real"": 0.0, ""imag"": 0.0}, {""real"": 1.0, ""imag"": 0.0}, {""real"": 0.0, ""imag"": 0.0}], ""refractive_index"": {""real"": 1.0, ""imag"": 0.0}, ""vertical_sign"": 1, ""electric_tangential_norm_sq"": 0.749847671959626, ""power_per_unit_amplitude"": 0.6364640277222186, ""propagating"": true, ""rayleigh_warning"": false, ""classification"": ""propagating"", ""rayleigh_tolerance"": 1e-06, ""projection_denominator"": 1.1022760777806502, ""traction_vector"": [{""real"": 0.0, ""imag"": 8.975979010256552}, {""real"": -0.0, ""imag"": 0.0}, {""real"": 0.0, ""imag"": 0.0}]}",-2.3153703796173015e-10,1.0941901362028426e-08,-2.3153703796173015e-10,1.0941901362028426e-08,2.335674126355448e-16,-1.0674968189333025e-16,2.3356741263554483e-16,-1.0674968189333019e-16,-2.3153727152914278e-10,1.0941901468778107e-08,-2.3153727152914278e-10,1.0941901468778107e-08,offline_frozen_validation_only; no solver feedback
GNN-G64-FINAL,4,"{""schema"": ""fullspace-dtn.mode.v1"", ""mode_index"": 4, ""side"": ""top"", ""m"": -3, ""n"": 1, ""polarization"": ""s"", ""alpha"": {""real"": -4.489356590207668, ""imag"": 0.0}, ""gamma"": {""real"": 5.983986006837701, ""imag"": 0.0}, ""beta"": {""real"": 4.960422166357995, ""imag"": 0.0}, ""k_vector"": [{""real"": -4.489356590207668, ""imag"": 0.0}, {""real"": 5.983986006837701, ""imag"": 0.0}, {""real"": 4.960422166357995, ""imag"": 0.0}], ""e_vector"": [{""real"": -0.7999122734807461, ""imag"": 0.0}, {""real"": -0.6001169508811294, ""imag"": 0.0}, {""real"": 0.0, ""imag"": 0.0}], ""h_vector"": [{""real"": 0.33164442810710654, ""imag"": 0.0}, {""real"": -0.44205791568604624, ""imag"": 0.0}, {""real"": 0.8334247251460797, ""imag"": -0.0}], ""refractive_index"": {""real"": 1.0, ""imag"": 0.0}, ""vertical_sign"": 1, ""electric_tangential_norm_sq"": 0.9999999999999998, ""power_per_unit_amplitude"": 0.4061852515594194, ""propagating"": true, ""rayleigh_warning"": false, ""classification"": ""propagating"", ""rayleigh_tolerance"": 1e-06, ""projection_denominator"": 1.4699999999999998, ""traction_vector"": [{""real"": 0.0, ""imag"": -3.9679025725157118}, {""real"": 0.0, ""imag"": -2.9768334255579263}, {""real"": 0.0, ""imag"": 0.0}]}",-4.334360528586006e-06,-8.530353986428321e-06,-4.334360528590726e-06,-8.53035398642124e-06,-4.134544517190177e-06,-8.530477664672137e-06,-4.134544517194898e-06,-8.530477664665056e-06,-1.998160113958286e-07,1.2367824381581823e-10,-1.998160113958286e-07,1.2367824381581823e-10,offline_frozen_validation_only; no solver feedback
GNN-G64-FINAL,5,"{""schema"": ""fullspace-dtn.mode.v1"", ""mode_index"": 5, ""side"": ""top"", ""m"": -3, ""n"": 1, ""polarization"": ""p"", ""alpha"": {""real"": -4.489356590207668, ""imag"": 0.0}, ""gamma"": {""real"": 5.983986006837701, ""imag"": 0.0}, ""beta"": {""real"": 4.960422166357995, ""imag"": 0.0}, ""k_vector"": [{""real"": -4.489356590207668, ""imag"": 0.0}, {""real"": 5.983986006837701, ""imag"": 0.0}, {""real"": 4.960422166357995, ""imag"": 0.0}], ""e_vector"": [{""real"": 0.3316444281071066, ""imag"": 0.0}, {""real"": -0.44205791568604635, ""imag"": 0.0}, {""real"": 0.8334247251460798, ""imag"": -0.0}], ""h_vector"": [{""real"": 0.7999122734807462, ""imag"": 0.0}, {""real"": 0.6001169508811294, ""imag"": 0.0}, {""real"": 2.4737647522494018e-17, ""imag"": -0.0}], ""refractive_index"": {""real"": 1.0, ""imag"": 0.0}, ""vertical_sign"": 1, ""electric_tangential_norm_sq"": 0.30540322751518145, ""power_per_unit_amplitude"": 0.4061852515594195, ""propagating"": true, ""rayleigh_warning"": false, ""classification"": ""propagating"", ""rayleigh_tolerance"": 1e-06, ""projection_denominator"": 0.44894274444731674, ""traction_vector"": [{""real"": 0.0, ""imag"": 5.38663715480818}, {""real"": 0.0, ""imag"": -7.179995776809777}, {""real"": 0.0, ""imag"": 0.0}]}",-2.8686347796965745e-06,-6.2705887683154965e-06,-2.8686347796733903e-06,-6.2705887682961766e-06,-3.0469597082596497e-06,-6.279864279523739e-06,-3.0469597082364655e-06,-6.279864279504419e-06,1.7832492856307516e-07,9.275511208242054e-09,1.7832492856307516e-07,9.275511208242054e-09,offline_frozen_validation_only; no solver feedback
GNN-G64-FINAL,6,"{""schema"": ""fullspace-dtn.mode.v1"", ""mode_index"": 6, ""side"": ""top"", ""m"": -2, ""n"": -1, ""polarization"": ""s"", ""alpha"": {""real"": -0.0013670850793925382, ""imag"": 0.0}, ""gamma"": {""real"": -5.983986006837701, ""imag"": 0.0}, ""beta"": {""real"": 6.690299604174327, ""imag"": 0.0}, ""k_vector"": [{""real"": -0.0013670850793925382, ""imag"": 0.0}, {""real"": -5.983986006837701, ""imag"": 0.0}, {""real"": 6.690299604174327, ""imag"": 0.0}], ""e_vector"": [{""real"": 0.9999999739036398, ""imag"": -0.0}, {""real"": -0.00022845725945122052, ""imag"": 0.0}, {""real"": 0.0, ""imag"": 0.0}], ""h_vector"": [{""real"": 0.00017028198380708622, ""imag"": 0.0}, {""real"": 0.7453559574879883, ""imag"": 0.0}, {""real"": 0.6666666840642403, ""imag"": -0.0}], ""refractive_index"": {""real"": 1.0, ""imag"": 0.0}, ""vertical_sign"": 1, ""electric_tangential_norm_sq"": 0.9999999999999997, ""power_per_unit_amplitude"": 0.5478366430502136, ""propagating"": true, ""rayleigh_warning"": false, ""classification"": ""propagating"", ""rayleigh_tolerance"": 1e-06, ""projection_denominator"": 1.4699999999999995, ""traction_vector"": [{""real"": 0.0, ""imag"": 6.6902994295818585}, {""real"": 0.0, ""imag"": -0.001528447512477252}, {""real"": 0.0, ""imag"": 0.0}]}",-1.1551517887863222e-07,5.6292057375226385e-08,-1.1551517887862762e-07,5.629205737522494e-08,-7.195797395900892e-09,4.3342190942694065e-09,-7.195797395896282e-09,4.334219094267966e-09,-1.0831938148273133e-07,5.195783828095698e-08,-1.0831938148273134e-07,5.195783828095697e-08,offline_frozen_validation_only; no solver feedback
GNN-G64-FINAL,7,"{""schema"": ""fullspace-dtn.mode.v1"", ""mode_index"": 7, ""side"": ""top"", ""m"": -2, ""n"": -1, ""polarization"": ""p"", ""alpha"": {""real"": -0.0013670850793925382, ""imag"": 0.0}, ""gamma"": {""real"": -5.983986006837701, ""imag"": 0.0}, ""beta"": {""real"": 6.690299604174327, ""imag"": 0.0}, ""k_vector"": [{""real"": -0.0013670850793925382, ""imag"": 0.0}, {""real"": -5.983986006837701, ""imag"": 0.0}, {""real"": 6.690299604174327, ""imag"": 0.0}], ""e_vector"": [{""real"": 0.00017028198380708627, ""imag"": 0.0}, {""real"": 0.7453559574879884, ""imag"": 0.0}, {""real"": 0.6666666840642405, ""imag"": -0.0}], ""h_vector"": [{""real"": -0.9999999739036399, ""imag"": 0.0}, {""real"": 0.00022845725945122054, ""imag"": 0.0}, {""real"": 2.4157858908685565e-20, ""imag"": 0.0}], ""refractive_index"": {""real"": 1.0, ""imag"": 0.0}, ""vertical_sign"": 1, ""electric_tangential_norm_sq"": 0.5555555323587901, ""power_per_unit_amplitude"": 0.5478366430502138, ""propagating"": true, ""rayleigh_warning"": false, ""classification"": ""propagating"", ""rayleigh_tolerance"": 1e-06, ""projection_denominator"": 0.8166666325674213, ""traction_vector"": [{""real"": 0.0, ""imag"": 0.002050627565574891}, {""real"": 0.0, ""imag"": 8.975978776016172}, {""real"": 0.0, ""imag"": -0.0}]}",1.393738821036934e-05,-8.963388896431453e-06,1.3937388210309863e-05,-8.963388896431453e-06,1.3884985056625193e-05,-8.98399558006467e-06,1.3884985056565716e-05,-8.98399558006467e-06,5.240315374414684e-08,2.0606683633216482e-08,5.240315374414684e-08,2.0606683633216482e-08,offline_frozen_validation_only; no solver feedback
GNN-G64-FINAL,8,"{""schema"": ""fullspace-dtn.mode.v1"", ""mode_index"": 8, ""side"": ""top"", ""m"": -2, ""n"": 0, ""polarization"": ""s"", ""alpha"": {""real"": -0.0013670850793925382, ""imag"": 0.0}, ""gamma"": {""real"": 0.0, ""imag"": 0.0}, ""beta"": {""real"": 8.975978906149711, ""imag"": 0.0}, ""k_vector"": [{""real"": -0.0013670850793925382, ""imag"": 0.0}, {""real"": 0.0, ""imag"": 0.0}, {""real"": 8.975978906149711, ""imag"": 0.0}], ""e_vector"": [{""real"": -0.0, ""imag"": 0.0}, {""real"": -1.0, ""imag"": 0.0}, {""real"": 0.0, ""imag"": 0.0}], ""h_vector"": [{""real"": 0.9999999884016172, ""imag"": 0.0}, {""real"": 0.0, ""imag"": 0.0}, {""real"": 0.00015230484360874904, ""imag"": -0.0}], ""refractive_index"": {""real"": 1.0, ""imag"": 0.0}, ""vertical_sign"": 1, ""electric_tangential_norm_sq"": 1.0, ""power_per_unit_amplitude"": 0.7349999914751887, ""propagating"": true, ""rayleigh_warning"": false, ""classification"": ""propagating"", ""rayleigh_tolerance"": 1e-06, ""projection_denominator"": 1.47, ""traction_vector"": [{""real"": 0.0, ""imag"": 0.0}, {""real"": 0.0, ""imag"": -8.975978906149711}, {""real"": 0.0, ""imag"": 0.0}]}",3.174166973316136e-06,1.577288986746031e-05,3.1741669736388703e-06,1.5772889867338173e-05,3.266661606981309e-06,1.579199203088943e-05,3.2666616073040435e-06,1.579199203076729e-05,-9.249463366517315e-08,-1.9102163429118608e-08,-9.249463366517315e-08,-1.9102163429118608e-08,offline_frozen_validation_only; no solver feedback
GNN-G64-FINAL,9,"{""schema"": ""fullspace-dtn.mode.v1"", ""mode_index"": 9, ""side"": ""top"", ""m"": -2, ""n"": 0, ""polarization"": ""p"", ""alpha"": {""real"": -0.0013670850793925382, ""imag"": 0.0}, ""gamma"": {""real"": 0.0, ""imag"": 0.0}, ""beta"": {""real"": 8.975978906149711, ""imag"": 0.0}, ""k_vector"": [{""real"": -0.0013670850793925382, ""imag"": 0.0}, {""real"": 0.0, ""imag"": 0.0}, {""real"": 8.975978906149711, ""imag"": 0.0}], ""e_vector"": [{""real"": 0.9999999884016174, ""imag"": 0.0}, {""real"": 0.0, ""imag"": 0.0}, {""real"": 0.00015230484360874907, ""imag"": -0.0}], ""h_vector"": [{""real"": 0.0, ""imag"": 0.0}, {""real"": 1.0000000000000002, ""imag"": 0.0}, {""real"": 0.0, ""imag"": 0.0}], ""refractive_index"": {""real"": 1.0, ""imag"": 0.0}, ""vertical_sign"": 1, ""electric_tangential_norm_sq"": 0.9999999768032349, ""power_per_unit_amplitude"": 0.7349999914751889, ""propagating"": true, ""rayleigh_warning"": false, ""classification"": ""propagating"", ""rayleigh_tolerance"": 1e-06, ""projection_denominator"": 1.4699999659007554, ""traction_vector"": [{""real"": 0.0, ""imag"": 8.975979010256554}, {""real"": -0.0, ""imag"": 0.0}, {""real"": 0.0, ""imag"": 0.0}]}",7.298025668961717e-08,2.6532378230984545e-08,7.298025668961717e-08,2.6532378230984545e-08,-2.0122553573612502e-16,1.8658087211231932e-16,-2.01225535736125e-16,1.865808721123193e-16,7.298025689084271e-08,2.6532378044403674e-08,7.298025689084271e-08,2.6532378044403674e-08,offline_frozen_validation_only; no solver feedback
GNN-G64-FINAL,10,"{""schema"": ""fullspace-dtn.mode.v1"", ""mode_index"": 10, ""side"": ""top"", ""m"": -2, ""n"": 1, ""polarization"": ""s"", ""alpha"": {""real"": -0.0013670850793925382, ""imag"": 0.0}, ""gamma"": {""real"": 5.983986006837701, ""imag"": 0.0}, ""beta"": {""real"": 6.690299604174327, ""imag"": 0.0}, ""k_vector"": [{""real"": -0.0013670850793925382, ""imag"": 0.0}, {""real"": 5.983986006837701, ""imag"": 0.0}, {""real"": 6.690299604174327, ""imag"": 0.0}], ""e_vector"": [{""real"": -0.9999999739036398, ""imag"": 0.0}, {""real"": -0.00022845725945122052, ""imag"": 0.0}, {""real"": 0.0, ""imag"": 0.0}], ""h_vector"": [{""real"": 0.00017028198380708622, ""imag"": 0.0}, {""real"": -0.7453559574879883, ""imag"": 0.0}, {""real"": 0.6666666840642403, ""imag"": -0.0}], ""refractive_index"": {""real"": 1.0, ""imag"": 0.0}, ""vertical_sign"": 1, ""electric_tangential_norm_sq"": 0.9999999999999997, ""power_per_unit_amplitude"": 0.5478366430502136, ""propagating"": true, ""rayleigh_warning"": false, ""classification"": ""propagating"", ""rayleigh_tolerance"": 1e-06, ""projection_denominator"": 1.4699999999999995, ""traction_vector"": [{""real"": 0.0, ""imag"": -6.6902994295818585}, {""real"": 0.0, ""imag"": -0.001528447512477252}, {""real"": 0.0, ""imag"": 0.0}]}",1.114826165890298e-07,-5.905755495052867e-08,1.114826165890298e-07,-5.905755495052752e-08,-7.195797779243505e-09,4.334218822436149e-09,-7.195797779243505e-09,4.334218822437301e-09,1.1867841436827331e-07,-6.339177377296481e-08,1.1867841436827331e-07,-6.339177377296481e-08,offline_frozen_validation_only; no solver feedback
GNN-G64-FINAL,11,"{""schema"": ""fullspace-dtn.mode.v1"", ""mode_index"": 11, ""side"": ""top"", ""m"": -2, ""n"": 1, ""polarization"": ""p"", ""alpha"": {""real"": -0.0013670850793925382, ""imag"": 0.0}, ""gamma"": {""real"": 5.983986006837701, ""imag"": 0.0}, ""beta"": {""real"": 6.690299604174327, ""imag"": 0.0}, ""k_vector"": [{""real"": -0.0013670850793925382, ""imag"": 0.0}, {""real"": 5.983986006837701, ""imag"": 0.0}, {""real"": 6.690299604174327, ""imag"": 0.0}], ""e_vector"": [{""real"": 0.00017028198380708627, ""imag"": 0.0}, {""real"": -0.7453559574879884, ""imag"": 0.0}, {""real"": 0.6666666840642405, ""imag"": -0.0}], ""h_vector"": [{""real"": 0.9999999739036399, ""imag"": 0.0}, {""real"": 0.00022845725945122054, ""imag"": 0.0}, {""real"": -2.4157858908685565e-20, ""imag"": 0.0}], ""refractive_index"": {""real"": 1.0, ""imag"": 0.0}, ""vertical_sign"": 1, ""electric_tangential_norm_sq"": 0.5555555323587901, ""power_per_unit_amplitude"": 0.5478366430502138, ""propagating"": true, ""rayleigh_warning"": false, ""classification"": ""propagating"", ""rayleigh_tolerance"": 1e-06, ""projection_denominator"": 0.8166666325674213, ""traction_vector"": [{""real"": 0.0, ""imag"": 0.002050627565574891}, {""real"": 0.0, ""imag"": -8.975978776016172}, {""real"": 0.0, ""imag"": 0.0}]}",-1.3911993301821931e-05,8.918752088940757e-06,-1.3911993301885655e-05,8.918752088940757e-06,-1.3884985056452473e-05,8.983995580305071e-06,-1.3884985056516197e-05,8.983995580305071e-06,-2.700824536945805e-08,-6.524349136431409e-08,-2.700824536945805e-08,-6.524349136431409e-08,offline_frozen_validation_only; no solver feedback
GNN-G64-FINAL,12,"{""schema"": ""fullspace-dtn.mode.v1"", ""mode_index"": 12, ""side"": ""top"", ""m"": -1, ""n"": -1, ""polarization"": ""s"", ""alpha"": {""real"": 4.486622420048883, ""imag"": 0.0}, ""gamma"": {""real"": -5.983986006837701, ""imag"": 0.0}, ""beta"": {""real"": 4.962895316491319, ""imag"": 0.0}, ""k_vector"": [{""real"": 4.486622420048883, ""imag"": 0.0}, {""real"": -5.983986006837701, ""imag"": 0.0}, {""real"": 4.962895316491319, ""imag"": 0.0}], ""e_vector"": [{""real"": 0.8000877286570669, ""imag"": -0.0}, {""real"": 0.5998830106382207, ""imag"": 0.0}, {""real"": 0.0, ""imag"": 0.0}], ""h_vector"": [{""real"": -0.33168043068474645, ""imag"": 0.0}, {""real"": 0.4423753260560312, ""imag"": 0.0}, {""real"": 0.8332419593357027, ""imag"": 0.0}], ""refractive_index"": {""real"": 1.0, ""imag"": 0.0}, ""vertical_sign"": 1, ""electric_tangential_norm_sq"": 0.9999999999999999, ""power_per_unit_amplitude"": 0.4063877659977793, ""propagating"": true, ""rayleigh_warning"": false, ""classification"": ""propagating"", ""rayleigh_tolerance"": 1e-06, ""projection_denominator"": 1.4699999999999998, ""traction_vector"": [{""real"": 0.0, ""imag"": 3.9707516413343344}, {""real"": 0.0, ""imag"": 2.9771565839391374}, {""real"": 0.0, ""imag"": -0.0}]}",2.5517683871632117e-05,-1.2639942856010057e-05,2.5517683871599076e-05,-1.2639942856010057e-05,2.555102944959861e-05,-1.2421186840752343e-05,2.555102944956557e-05,-1.2421186840752343e-05,-3.334557796649235e-08,-2.1875601525771457e-07,-3.334557796649235e-08,-2.1875601525771457e-07,offline_frozen_validation_only; no solver feedback
GNN-G64-FINAL,13,"{""schema"": ""fullspace-dtn.mode.v1"", ""mode_index"": 13, ""side"": ""top"", ""m"": -1, ""n"": -1, ""polarization"": ""p"", ""alpha"": {""real"": 4.486622420048883, ""imag"": 0.0}, ""gamma"": {""real"": -5.983986006837701, ""imag"": 0.0}, ""beta"": {""real"": 4.962895316491319, ""imag"": 0.0}, ""k_vector"": [{""real"": 4.486622420048883, ""imag"": 0.0}, {""real"": -5.983986006837701, ""imag"": 0.0}, {""real"": 4.962895316491319, ""imag"": 0.0}], ""e_vector"": [{""real"": -0.3316804306847465, ""imag"": 0.0}, {""real"": 0.4423753260560313, ""imag"": 0.0}, {""real"": 0.833241959335703, ""imag"": 0.0}], ""h_vector"": [{""real"": -0.8000877286570669, ""imag"": 0.0}, {""real"": -0.5998830106382207, ""imag"": 0.0}, {""real"": -2.4737647522494018e-17, ""imag"": 0.0}], ""refractive_index"": {""real"": 1.0, ""imag"": 0.0}, ""vertical_sign"": 1, ""electric_tangential_norm_sq"": 0.3057078372023989, ""power_per_unit_amplitude"": 0.4063877659977795, ""propagating"": true, ""rayleigh_warning"": false, ""classification"": ""propagating"", ""rayleigh_tolerance"": 1e-06, ""projection_denominator"": 0.4493905206875264, ""traction_vector"": [{""real"": 0.0, ""imag"": -5.384537312098177}, {""real"": 0.0, ""imag"": 7.181570658789672}, {""real"": 0.0, ""imag"": 0.0}]}",1.8574693110258063e-05,-9.247887830368883e-06,1.8574693110165418e-05,-9.247887830395903e-06,1.8842193182604635e-05,-9.15911227089638e-06,1.884219318251199e-05,-9.1591122709234e-06,-2.675000723465718e-07,-8.877555947250363e-08,-2.675000723465718e-07,-8.877555947250363e-08,offline_frozen_validation_only; no solver feedback
GNN-G64-FINAL,14,"{""schema"": ""fullspace-dtn.mode.v1"", ""mode_index"": 14, ""side"": ""top"", ""m"": -1, ""n"": 0, ""polarization"": ""s"", ""alpha"": {""real"": 4.486622420048883, ""imag"": 0.0}, ""gamma"": {""real"": 0.0, ""imag"": 0.0}, ""beta"": {""real"": 7.774214973389975, ""imag"": 0.0}, ""k_vector"": [{""real"": 4.486622420048883, ""imag"": 0.0}, {""real"": 0.0, ""imag"": 0.0}, {""real"": 7.774214973389975, ""imag"": 0.0}], ""e_vector"": [{""real"": -0.0, ""imag"": 0.0}, {""real"": 1.0, ""imag"": 0.0}, {""real"": 0.0, ""imag"": 0.0}], ""h_vector"": [{""real"": -0.8661133191718294, ""imag"": 0.0}, {""real"": 0.0, ""imag"": 0.0}, {""real"": 0.4998476951563912, ""imag"": 0.0}], ""refractive_index"": {""real"": 1.0, ""imag"": 0.0}, ""vertical_sign"": 1, ""electric_tangential_norm_sq"": 1.0, ""power_per_unit_amplitude"": 0.6365932895912946, ""propagating"": true, ""rayleigh_warning"": false, ""classification"": ""propagating"", ""rayleigh_tolerance"": 1e-06, ""projection_denominator"": 1.47, ""traction_vector"": [{""real"": -0.0, ""imag"": 0.0}, {""real"": 0.0, ""imag"": 7.774214973389975}, {""real"": 0.0, ""imag"": -0.0}]}",-0.0001077835381301265,-7.251877072870529e-05,-0.00010778353812973471,-7.25187707281536e-05,-0.0001077984191275123,-7.256319276933049e-05,-0.00010779841912712052,-7.256319276877881e-05,1.4880997385805774e-08,4.442204062520038e-08,1.4880997385805774e-08,4.442204062520038e-08,offline_frozen_validation_only; no solver feedback
GNN-G64-FINAL,15,"{""schema"": ""fullspace-dtn.mode.v1"", ""mode_index"": 15, ""side"": ""top"", ""m"": -1, ""n"": 0, ""polarization"": ""p"", ""alpha"": {""real"": 4.486622420048883, ""imag"": 0.0}, ""gamma"": {""real"": 0.0, ""imag"": 0.0}, ""beta"": {""real"": 7.774214973389975, ""imag"": 0.0}, ""k_vector"": [{""real"": 4.486622420048883, ""imag"": 0.0}, {""real"": 0.0, ""imag"": 0.0}, {""real"": 7.774214973389975, ""imag"": 0.0}], ""e_vector"": [{""real"": -0.8661133191718294, ""imag"": 0.0}, {""real"": 0.0, ""imag"": 0.0}, {""real"": 0.4998476951563912, ""imag"": 0.0}], ""h_vector"": [{""real"": 0.0, ""imag"": 0.0}, {""real"": -1.0, ""imag"": 0.0}, {""real"": 0.0, ""imag"": 0.0}], ""refractive_index"": {""real"": 1.0, ""imag"": 0.0}, ""vertical_sign"": 1, ""electric_tangential_norm_sq"": 0.7501522816468433, ""power_per_unit_amplitude"": 0.6365932895912946, ""propagating"": true, ""rayleigh_warning"": false, ""classification"": ""propagating"", ""rayleigh_tolerance"": 1e-06, ""projection_denominator"": 1.1027238540208597, ""traction_vector"": [{""real"": 0.0, ""imag"": -8.975979010256552}, {""real"": 0.0, ""imag"": 0.0}, {""real"": 0.0, ""imag"": 0.0}]}",-1.1741758426147514e-08,-2.174964728899528e-08,-1.1741758426147514e-08,-2.174964728899528e-08,-7.512217828146564e-16,7.306111960405604e-16,-7.512217828146564e-16,7.306111960405604e-16,-1.1741757674925731e-08,-2.1749648019606477e-08,-1.1741757674925731e-08,-2.1749648019606477e-08,offline_frozen_validation_only; no solver feedback
GNN-G64-FINAL,16,"{""schema"": ""fullspace-dtn.mode.v1"", ""mode_index"": 16, ""side"": ""top"", ""m"": -1, ""n"": 1, ""polarization"": ""s"", ""alpha"": {""real"": 4.486622420048883, ""imag"": 0.0}, ""gamma"": {""real"": 5.983986006837701, ""imag"": 0.0}, ""beta"": {""real"": 4.962895316491319, ""imag"": 0.0}, ""k_vector"": [{""real"": 4.486622420048883, ""imag"": 0.0}, {""real"": 5.983986006837701, ""imag"": 0.0}, {""real"": 4.962895316491319, ""imag"": 0.0}], ""e_vector"": [{""real"": -0.8000877286570669, ""imag"": 0.0}, {""real"": 0.5998830106382207, ""imag"": 0.0}, {""real"": 0.0, ""imag"": 0.0}], ""h_vector"": [{""real"": -0.33168043068474645, ""imag"": 0.0}, {""real"": -0.4423753260560312, ""imag"": 0.0}, {""real"": 0.8332419593357027, ""imag"": 0.0}], ""refractive_index"": {""real"": 1.0, ""imag"": 0.0}, ""vertical_sign"": 1, ""electric_tangential_norm_sq"": 0.9999999999999999, ""power_per_unit_amplitude"": 0.4063877659977793, ""propagating"": true, ""rayleigh_warning"": false, ""classification"": ""propagating"", ""rayleigh_tolerance"": 1e-06, ""projection_denominator"": 1.4699999999999998, ""traction_vector"": [{""real"": 0.0, ""imag"": -3.9707516413343344}, {""real"": 0.0, ""imag"": 2.9771565839391374}, {""real"": 0.0, ""imag"": 0.0}]}",2.5638953179514753e-05,-1.2413744509399888e-05,2.5638953179530095e-05,-1.2413744509379827e-05,2.5551029449478588e-05,-1.2421186840209803e-05,2.555102944949393e-05,-1.2421186840189742e-05,8.792373003616485e-08,7.442330809914429e-09,8.792373003616485e-08,7.442330809914429e-09,offline_frozen_validation_only; no solver feedback
GNN-G64-FINAL,17,"{""schema"": ""fullspace-dtn.mode.v1"", ""mode_index"": 17, ""side"": ""top"", ""m"": -1, ""n"": 1, ""polarization"": ""p"", ""alpha"": {""real"": 4.486622420048883, ""imag"": 0.0}, ""gamma"": {""real"": 5.983986006837701, ""imag"": 0.0}, ""beta"": {""real"": 4.962895316491319, ""imag"": 0.0}, ""k_vector"": [{""real"": 4.486622420048883, ""imag"": 0.0}, {""real"": 5.983986006837701, ""imag"": 0.0}, {""real"": 4.962895316491319, ""imag"": 0.0}], ""e_vector"": [{""real"": -0.3316804306847465, ""imag"": 0.0}, {""real"": -0.4423753260560313, ""imag"": 0.0}, {""real"": 0.833241959335703, ""imag"": 0.0}], ""h_vector"": [{""real"": 0.8000877286570669, ""imag"": 0.0}, {""real"": -0.5998830106382207, ""imag"": 0.0}, {""real"": 2.4737647522494018e-17, ""imag"": 0.0}], ""refractive_index"": {""real"": 1.0, ""imag"": 0.0}, ""vertical_sign"": 1, ""electric_tangential_norm_sq"": 0.3057078372023989, ""power_per_unit_amplitude"": 0.4063877659977795, ""propagating"": true, ""rayleigh_warning"": false, ""classification"": ""propagating"", ""rayleigh_tolerance"": 1e-06, ""projection_denominator"": 0.4493905206875264, ""traction_vector"": [{""real"": 0.0, ""imag"": -5.384537312098177}, {""real"": 0.0, ""imag"": -7.181570658789672}, {""real"": 0.0, ""imag"": 0.0}]}",-1.8943974893961868e-05,9.383598510054471e-06,-1.8943974894042933e-05,9.38359851004289e-06,-1.884219318237659e-05,9.159112271291004e-06,-1.8842193182457654e-05,9.159112271279423e-06,-1.0178171158527845e-07,2.2448623876346762e-07,-1.0178171158527845e-07,2.2448623876346762e-07,offline_frozen_validation_only; no solver feedback
GNN-G64-FINAL,18,"{""schema"": ""fullspace-dtn.mode.v1"", ""mode_index"": 18, ""side"": ""top"", ""m"": 0, ""n"": 0, ""polarization"": ""s"", ""alpha"": {""real"": 8.97461192517716, ""imag"": 0.0}, ""gamma"": {""real"": 0.0, ""imag"": 0.0}, ""beta"": {""real"": 0.15665243385951635, ""imag"": 0.0}, ""k_vector"": [{""real"": 8.97461192517716, ""imag"": 0.0}, {""real"": 0.0, ""imag"": 0.0}, {""real"": 0.15665243385951635, ""imag"": 0.0}], ""e_vector"": [{""real"": -0.0, ""imag"": 0.0}, {""real"": 1.0, ""imag"": 0.0}, {""real"": 0.0, ""imag"": 0.0}], ""h_vector"": [{""real"": -0.017452406437282755, ""imag"": 0.0}, {""real"": 0.0, ""imag"": 0.0}, {""real"": 0.9998476951563912, ""imag"": 0.0}], ""refractive_index"": {""real"": 1.0, ""imag"": 0.0}, ""vertical_sign"": 1, ""electric_tangential_norm_sq"": 1.0, ""power_per_unit_amplitude"": 0.012827518731402825, ""propagating"": true, ""rayleigh_warning"": false, ""classification"": ""propagating"", ""rayleigh_tolerance"": 1e-06, ""projection_denominator"": 1.47, ""traction_vector"": [{""real"": -0.0, ""imag"": 0.0}, {""real"": 0.0, ""imag"": 0.15665243385951635}, {""real"": 0.0, ""imag"": -0.0}]}",1.2301020428765312,-0.5354128727317508,-0.03275664088836359,-0.1355233380547475,1.2301124466956983,-0.5354375258627233,-0.03274623706919645,-0.13554799118572006,-1.040381916705968e-05,2.465313097255173e-05,-1.0403819167136008e-05,2.465313097255173e-05,offline_frozen_validation_only; no solver feedback
GNN-G64-FINAL,19,"{""schema"": ""fullspace-dtn.mode.v1"", ""mode_index"": 19, ""side"": ""top"", ""m"": 0, ""n"": 0, ""polarization"": ""p"", ""alpha"": {""real"": 8.97461192517716, ""imag"": 0.0}, ""gamma"": {""real"": 0.0, ""imag"": 0.0}, ""beta"": {""real"": 0.15665243385951635, ""imag"": 0.0}, ""k_vector"": [{""real"": 8.97461192517716, ""imag"": 0.0}, {""real"": 0.0, ""imag"": 0.0}, {""real"": 0.15665243385951635, ""imag"": 0.0}], ""e_vector"": [{""real"": -0.01745240643728276, ""imag"": 0.0}, {""real"": 0.0, ""imag"": 0.0}, {""real"": 0.9998476951563914, ""imag"": 0.0}], ""h_vector"": [{""real"": 0.0, ""imag"": 0.0}, {""real"": -1.0000000000000002, ""imag"": 0.0}, {""real"": 0.0, ""imag"": 0.0}], ""refractive_index"": {""real"": 1.0, ""imag"": 0.0}, ""vertical_sign"": 1, ""electric_tangential_norm_sq"": 0.0003045864904521087, ""power_per_unit_amplitude"": 0.01282751873140283, ""propagating"": true, ""rayleigh_warning"": false, ""classification"": ""propagating"", ""rayleigh_tolerance"": 1e-06, ""projection_denominator"": 0.0004477421409645998, ""traction_vector"": [{""real"": 0.0, ""imag"": -8.975979010256554}, {""real"": 0.0, ""imag"": 0.0}, {""real"": 0.0, ""imag"": 0.0}]}",-3.5963073584011883e-06,-3.644411474896967e-06,-3.5963073578698106e-06,-3.64441147506523e-06,-3.154010265628375e-14,6.2826313755395736e-15,-3.1008725138110985e-14,6.1143684406509005e-15,-3.5963073268610855e-06,-3.6444114811795983e-06,-3.5963073268610855e-06,-3.6444114811795983e-06,offline_frozen_validation_only; no solver feedback
GNN-G64-FINAL,20,"{""schema"": ""fullspace-dtn.mode.v1"", ""mode_index"": 20, ""side"": ""bottom"", ""m"": -3, ""n"": -1, ""polarization"": ""s"", ""alpha"": {""real"": -4.489356590207668, ""imag"": 0.0}, ""gamma"": {""real"": -5.983986006837701, ""imag"": 0.0}, ""beta"": {""real"": 4.958556350844336, ""imag"": 7.026217474247436e-05}, ""k_vector"": [{""real"": -4.489356590207668, ""imag"": 0.0}, {""real"": -5.983986006837701, ""imag"": 0.0}, {""real"": -4.958556350844336, ""imag"": -7.026217474247436e-05}], ""e_vector"": [{""real"": 0.7999122734807461, ""imag"": -0.0}, {""real"": -0.6001169508811294, ""imag"": 0.0}, {""real"": 0.0, ""imag"": 0.0}], ""h_vector"": [{""real"": -0.3315196832168072, ""imag"": -4.697595885702236e-06}, {""real"": -0.4418916398148882, ""imag"": -6.261553850976274e-06}, {""real"": 0.8334247251460797, ""imag"": -0.0}], ""refractive_index"": {""real"": 0.999885140474, ""imag"": 4.32477054e-06}, ""vertical_sign"": -1, ""electric_tangential_norm_sq"": 0.9999999999999998, ""power_per_unit_amplitude"": 0.4060324688489237, ""propagating"": true, ""rayleigh_warning"": false, ""classification"": ""propagating"", ""rayleigh_tolerance"": 1e-06, ""projection_denominator"": 1.4699638505555863, ""traction_vector"": [{""real"": -5.620357593795412e-05, ""imag"": 3.9664100837862852}, {""real"": 4.216552206873081e-05, ""imag"": -2.975713718040963}, {""real"": 0.0, ""imag"": 0.0}]}",-9.50152116500294e-06,-4.998044470837918e-07,-9.501521165001758e-06,-4.998044470672702e-07,-9.549378700067261e-06,-4.3615840469472487e-07,-9.54937870006608e-06,-4.361584046782033e-07,4.785753506432179e-08,-6.364604238906691e-08,4.785753506432179e-08,-6.364604238906691e-08,offline_frozen_validation_only; no solver feedback
GNN-G64-FINAL,21,"{""schema"": ""fullspace-dtn.mode.v1"", ""mode_index"": 21, ""side"": ""bottom"", ""m"": -3, ""n"": -1, ""polarization"": ""p"", ""alpha"": {""real"": -4.489356590207668, ""imag"": 0.0}, ""gamma"": {""real"": -5.983986006837701, ""imag"": 0.0}, ""beta"": {""real"": 4.958556350844336, ""imag"": 7.026217474247436e-05}, ""k_vector"": [{""real"": -4.489356590207668, ""imag"": 0.0}, {""real"": -5.983986006837701, ""imag"": 0.0}, {""real"": -4.958556350844336, ""imag"": -7.026217474247436e-05}], ""e_vector"": [{""real"": -0.33155776578462687, ""imag"": -3.264059536059784e-06}, {""real"": -0.4419424011095991, ""imag"": -4.350754099567616e-06}, {""real"": 0.8335204628602758, ""imag"": -3.605198833694458e-06}], ""h_vector"": [{""real"": -0.7998203959021161, ""imag"": -3.4594370347866507e-06}, {""real"": 0.6000480217070564, ""imag"": 2.595368109614824e-06}, {""real"": 4.9475295044988036e-17, ""imag"": 0.0}], ""refractive_index"": {""real"": 0.999885140474, ""imag"": 4.32477054e-06}, ""vertical_sign"": -1, ""electric_tangential_norm_sq"": 0.30524363798019444, ""power_per_unit_amplitude"": 0.4060324688489239, ""propagating"": true, ""rayleigh_warning"": false, ""classification"": ""propagating"", ""rayleigh_tolerance"": 1e-06, ""projection_denominator"": 0.4486971134429621, ""traction_vector"": [{""real"": 2.3295969675791888e-05, ""imag"": -5.386018447988506}, {""real"": 3.105183421154914e-05, ""imag"": -7.179171085592479}, {""real"": 0.0, ""imag"": 0.0}]}",-6.8428082709436604e-06,-2.564222712514542e-07,-6.84280827099392e-06,-2.5642227122439125e-07,-7.0323782198768244e-06,-3.1660784057617397e-07,-7.032378219927084e-06,-3.16607840549111e-07,1.8956994893316401e-07,6.018556932471975e-08,1.8956994893316401e-07,6.018556932471975e-08,offline_frozen_validation_only; no solver feedback
GNN-G64-FINAL,22,"{""schema"": ""fullspace-dtn.mode.v1"", ""mode_index"": 22, ""side"": ""bottom"", ""m"": -3, ""n"": 0, ""polarization"": ""s"", ""alpha"": {""real"": -4.489356590207668, ""imag"": 0.0}, ""gamma"": {""real"": 0.0, ""imag"": 0.0}, ""beta"": {""real"": 7.771445786441615, ""imag"": 4.483064829471781e-05}, ""k_vector"": [{""real"": -4.489356590207668, ""imag"": 0.0}, {""real"": 0.0, ""imag"": 0.0}, {""real"": -7.771445786441615, ""imag"": -4.483064829471781e-05}], ""e_vector"": [{""real"": -0.0, ""imag"": 0.0}, {""real"": -1.0, ""imag"": 0.0}, {""real"": 0.0, ""imag"": 0.0}], ""h_vector"": [{""real"": -0.8658048083180055, ""imag"": -4.994513494683011e-06}, {""real"": 0.0, ""imag"": 0.0}, {""real"": 0.5001523048436087, ""imag"": -0.0}], ""refractive_index"": {""real"": 0.999885140474, ""imag"": 4.32477054e-06}, ""vertical_sign"": -1, ""electric_tangential_norm_sq"": 1.0, ""power_per_unit_amplitude"": 0.6363665341137341, ""propagating"": true, ""rayleigh_warning"": false, ""classification"": ""propagating"", ""rayleigh_tolerance"": 1e-06, ""projection_denominator"": 1.469976934812407, ""traction_vector"": [{""real"": -0.0, ""imag"": 0.0}, {""real"": 4.483064829471781e-05, ""imag"": -7.771445786441615}, {""real"": 0.0, ""imag"": 0.0}]}",2.251073585853619e-05,-3.55366342370478e-05,2.251073585874035e-05,-3.553663423753164e-05,2.2500825790873014e-05,-3.5535196088581886e-05,2.2500825791077173e-05,-3.5535196089065725e-05,9.910067663175862e-09,-1.4381484659159753e-09,9.910067663175862e-09,-1.4381484659159753e-09,offline_frozen_validation_only; no solver feedback
GNN-G64-FINAL,23,"{""schema"": ""fullspace-dtn.mode.v1"", ""mode_index"": 23, ""side"": ""bottom"", ""m"": -3, ""n"": 0, ""polarization"": ""p"", ""alpha"": {""real"": -4.489356590207668, ""imag"": 0.0}, ""gamma"": {""real"": 0.0, ""imag"": 0.0}, ""beta"": {""real"": 7.771445786441615, ""imag"": 4.483064829471781e-05}, ""k_vector"": [{""real"": -4.489356590207668, ""imag"": 0.0}, {""real"": 0.0, ""imag"": 0.0}, {""real"": -7.771445786441615, ""imag"": -4.483064829471781e-05}], ""e_vector"": [{""real"": -0.8659042656715219, ""imag"": -1.2498197897239332e-06}, {""real"": 0.0, ""imag"": 0.0}, {""real"": 0.5002097586869129, ""imag"": -2.163540931475541e-06}], ""h_vector"": [{""real"": 0.0, ""imag"": 0.0}, {""real"": 0.999885140467758, ""imag"": 4.324770539973001e-06}, {""real"": 0.0, ""imag"": 0.0}], ""refractive_index"": {""real"": 0.999885140474, ""imag"": 4.32477054e-06}, ""vertical_sign"": -1, ""electric_tangential_norm_sq"": 0.7497901973096996, ""power_per_unit_amplitude"": 0.6363665341137341, ""propagating"": true, ""rayleigh_warning"": false, ""classification"": ""propagating"", ""rayleigh_tolerance"": 1e-06, ""projection_denominator"": 1.1021742959937022, ""traction_vector"": [{""real"": 3.881904959097355e-05, ""imag"": -8.97494803350602}, {""real"": 0.0, ""imag"": 0.0}, {""real"": 0.0, ""imag"": 0.0}]}",1.239023749944377e-08,-2.8414418851779647e-08,1.239023749944377e-08,-2.8414418851779647e-08,9.921735257066193e-16,7.637390319947128e-17,9.921735257066193e-16,7.637390319947126e-17,1.2390236507270246e-08,-2.841441892815355e-08,1.2390236507270246e-08,-2.841441892815355e-08,offline_frozen_validation_only; no solver feedback
GNN-G64-FINAL,24,"{""schema"": ""fullspace-dtn.mode.v1"", ""mode_index"": 24, ""side"": ""bottom"", ""m"": -3, ""n"": 1, ""polarization"": ""s"", ""alpha"": {""real"": -4.489356590207668, ""imag"": 0.0}, ""gamma"": {""real"": 5.983986006837701, ""imag"": 0.0}, ""beta"": {""real"": 4.958556350844336, ""imag"": 7.026217474247436e-05}, ""k_vector"": [{""real"": -4.489356590207668, ""imag"": 0.0}, {""real"": 5.983986006837701, ""imag"": 0.0}, {""real"": -4.958556350844336, ""imag"": -7.026217474247436e-05}], ""e_vector"": [{""real"": -0.7999122734807461, ""imag"": 0.0}, {""real"": -0.6001169508811294, ""imag"": 0.0}, {""real"": 0.0, ""imag"": 0.0}], ""h_vector"": [{""real"": -0.3315196832168072, ""imag"": -4.697595885702236e-06}, {""real"": 0.4418916398148882, ""imag"": 6.261553850976274e-06}, {""real"": 0.8334247251460797, ""imag"": -0.0}], ""refractive_index"": {""real"": 0.999885140474, ""imag"": 4.32477054e-06}, ""vertical_sign"": -1, ""electric_tangential_norm_sq"": 0.9999999999999998, ""power_per_unit_amplitude"": 0.4060324688489237, ""propagating"": true, ""rayleigh_warning"": false, ""classification"": ""propagating"", ""rayleigh_tolerance"": 1e-06, ""projection_denominator"": 1.4699638505555863, ""traction_vector"": [{""real"": 5.620357593795412e-05, ""imag"": -3.9664100837862852}, {""real"": 4.216552206873081e-05, ""imag"": -2.975713718040963}, {""real"": 0.0, ""imag"": 0.0}]}",-9.431329955881079e-06,-4.877959150657755e-07,-9.431329955914122e-06,-4.877959150539743e-07,-9.549378700351722e-06,-4.3615840435813124e-07,-9.549378700384765e-06,-4.361584043463301e-07,1.1804874447064303e-07,-5.163751070764428e-08,1.1804874447064303e-07,-5.1637510707644224e-08,offline_frozen_validation_only; no solver feedback
GNN-G64-FINAL,25,"{""schema"": ""fullspace-dtn.mode.v1"", ""mode_index"": 25, ""side"": ""bottom"", ""m"": -3, ""n"": 1, ""polarization"": ""p"", ""alpha"": {""real"": -4.489356590207668, ""imag"": 0.0}, ""gamma"": {""real"": 5.983986006837701, ""imag"": 0.0}, ""beta"": {""real"": 4.958556350844336, ""imag"": 7.026217474247436e-05}, ""k_vector"": [{""real"": -4.489356590207668, ""imag"": 0.0}, {""real"": 5.983986006837701, ""imag"": 0.0}, {""real"": -4.958556350844336, ""imag"": -7.026217474247436e-05}], ""e_vector"": [{""real"": -0.33155776578462687, ""imag"": -3.264059536059784e-06}, {""real"": 0.4419424011095991, ""imag"": 4.350754099567616e-06}, {""real"": 0.8335204628602758, ""imag"": -3.605198833694458e-06}], ""h_vector"": [{""real"": 0.7998203959021161, ""imag"": 3.4594370347866507e-06}, {""real"": 0.6000480217070564, ""imag"": 2.595368109614824e-06}, {""real"": -4.9475295044988036e-17, ""imag"": 0.0}], ""refractive_index"": {""real"": 0.999885140474, ""imag"": 4.32477054e-06}, ""vertical_sign"": -1, ""electric_tangential_norm_sq"": 0.30524363798019444, ""power_per_unit_amplitude"": 0.4060324688489239, ""propagating"": true, ""rayleigh_warning"": false, ""classification"": ""propagating"", ""rayleigh_tolerance"": 1e-06, ""projection_denominator"": 0.4486971134429621, ""traction_vector"": [{""real"": 2.3295969675791888e-05, ""imag"": -5.386018447988506}, {""real"": -3.105183421154914e-05, ""imag"": 7.179171085592479}, {""real"": 0.0, ""imag"": 0.0}]}",7.022099769131801e-06,3.478534370609891e-07,7.022099769178195e-06,3.478534370764536e-07,7.0323782197460426e-06,3.16607841783482e-07,7.032378219792436e-06,3.1660784179894655e-07,-1.0278450614241293e-08,3.124559527750708e-08,-1.0278450614241293e-08,3.124559527750708e-08,offline_frozen_validation_only; no solver feedback
GNN-G64-FINAL,26,"{""schema"": ""fullspace-dtn.mode.v1"", ""mode_index"": 26, ""side"": ""bottom"", ""m"": -2, ""n"": -1, ""polarization"": ""s"", ""alpha"": {""real"": -0.0013670850793925382, ""imag"": 0.0}, ""gamma"": {""real"": -5.983986006837701, ""imag"": 0.0}, ""beta"": {""real"": 6.68891634028968, ""imag"": 5.2086008415877786e-05}, ""k_vector"": [{""real"": -0.0013670850793925382, ""imag"": 0.0}, {""real"": -5.983986006837701, ""imag"": 0.0}, {""real"": -6.68891634028968, ""imag"": -5.2086008415877786e-05}], ""e_vector"": [{""real"": 0.9999999739036398, ""imag"": -0.0}, {""real"": -0.00022845725945122052, ""imag"": 0.0}, {""real"": 0.0, ""imag"": 0.0}], ""h_vector"": [{""real"": -0.0001702467768758063, ""imag"": -1.3256968097683348e-09}, {""real"": -0.7452018501926205, ""imag"": -5.802821842286574e-06}, {""real"": 0.6666666840642403, ""imag"": -0.0}], ""refractive_index"": {""real"": 0.999885140474, ""imag"": 4.32477054e-06}, ""vertical_sign"": -1, ""electric_tangential_norm_sq"": 0.9999999999999997, ""power_per_unit_amplitude"": 0.5477233741851624, ""propagating"": true, ""rayleigh_warning"": false, ""classification"": ""propagating"", ""rayleigh_tolerance"": 1e-06, ""projection_denominator"": 1.4699732019929355, ""traction_vector"": [{""real"": -5.208600705662255e-05, ""imag"": 6.68891616573331}, {""real"": 1.1899426738444647e-08, ""imag"": -0.0015281314958010678}, {""real"": 0.0, ""imag"": 0.0}]}",3.7926568382785777e-08,3.672113373613192e-08,3.7926568382794995e-08,3.6721133736137105e-08,-8.318854379968599e-09,-1.6920271814008964e-09,-8.318854379959379e-09,-1.6920271813957104e-09,4.624542276275438e-08,3.8413160917532816e-08,4.624542276275437e-08,3.8413160917532816e-08,offline_frozen_validation_only; no solver feedback
GNN-G64-FINAL,27,"{""schema"": ""fullspace-dtn.mode.v1"", ""mode_index"": 27, ""side"": ""bottom"", ""m"": -2, ""n"": -1, ""polarization"": ""p"", ""alpha"": {""real"": -0.0013670850793925382, ""imag"": 0.0}, ""gamma"": {""real"": -5.983986006837701, ""imag"": 0.0}, ""beta"": {""real"": 6.68891634028968, ""imag"": 5.2086008415877786e-05}, ""k_vector"": [{""real"": -0.0013670850793925382, ""imag"": 0.0}, {""real"": -5.983986006837701, ""imag"": 0.0}, {""real"": -6.68891634028968, ""imag"": -5.2086008415877786e-05}], ""e_vector"": [{""real"": -0.0001702663335861758, ""imag"": -5.894016846993088e-10}, {""real"": -0.7452874535562701, ""imag"": -2.5799209477250923e-06}, {""real"": 0.6667432658572671, ""imag"": -2.8838428707480877e-06}], ""h_vector"": [{""real"": -0.999885114365667, ""imag"": -4.32477042707448e-06}, {""real"": 0.0002284310189552686, ""imag"": 9.880252253089822e-10}, {""real"": 2.4157858908685565e-20, ""imag"": -4.6077459161158685e-26}], ""refractive_index"": {""real"": 0.999885140474, ""imag"": 4.32477054e-06}, ""vertical_sign"": -1, ""electric_tangential_norm_sq"": 0.5554534174256699, ""power_per_unit_amplitude"": 0.547723374185163, ""propagating"": true, ""rayleigh_warning"": false, ""classification"": ""propagating"", ""rayleigh_tolerance"": 1e-06, ""projection_denominator"": 0.8165016385711308, ""traction_vector"": [{""real"": 8.868493683977426e-09, ""imag"": -0.0020503920314340076}, {""real"": 3.8819048577598794e-05, ""imag"": -8.974947799214199}, {""real"": 0.0, ""imag"": 0.0}]}",-1.6375224220185494e-05,-2.9289688935927528e-06,-1.6375224220143003e-05,-2.9289688935927528e-06,-1.649730512294347e-05,-2.8045120940932605e-06,-1.649730512290098e-05,-2.8045120940932605e-06,1.2208090275797636e-07,-1.2445679949949228e-07,1.2208090275797636e-07,-1.2445679949949228e-07,offline_frozen_validation_only; no solver feedback
GNN-G64-FINAL,28,"{""schema"": ""fullspace-dtn.mode.v1"", ""mode_index"": 28, ""side"": ""bottom"", ""m"": -2, ""n"": 0, ""polarization"": ""s"", ""alpha"": {""real"": -0.0013670850793925382, ""imag"": 0.0}, ""gamma"": {""real"": 0.0, ""imag"": 0.0}, ""beta"": {""real"": 8.97494792944325, ""imag"": 3.8819050041557536e-05}, ""k_vector"": [{""real"": -0.0013670850793925382, ""imag"": 0.0}, {""real"": 0.0, ""imag"": 0.0}, {""real"": -8.97494792944325, ""imag"": -3.8819050041557536e-05}], ""e_vector"": [{""real"": -0.0, ""imag"": 0.0}, {""real"": -1.0, ""imag"": 0.0}, {""real"": 0.0, ""imag"": 0.0}], ""h_vector"": [{""real"": -0.9998851288742849, ""imag"": -4.324770590171869e-06}, {""real"": 0.0, ""imag"": 0.0}, {""real"": 0.00015230484360874904, ""imag"": -0.0}], ""refractive_index"": {""real"": 0.999885140474, ""imag"": 4.32477054e-06}, ""vertical_sign"": -1, ""electric_tangential_norm_sq"": 1.0, ""power_per_unit_amplitude"": 0.7349155697225994, ""propagating"": true, ""rayleigh_warning"": false, ""classification"": ""propagating"", ""rayleigh_tolerance"": 1e-06, ""projection_denominator"": 1.4699800277344321, ""traction_vector"": [{""real"": -0.0, ""imag"": 0.0}, {""real"": 3.8819050041557536e-05, ""imag"": -8.97494792944325}, {""real"": 0.0, ""imag"": 0.0}]}",-3.2995541614780427e-06,-1.605802850159217e-05,-3.2995541617377155e-06,-1.6058028501283572e-05,-3.2981256979544157e-06,-1.607450770976354e-05,-3.2981256982140885e-06,-1.607450770945494e-05,-1.4284635236269965e-09,1.6479208171368885e-08,-1.4284635236269965e-09,1.6479208171368885e-08,offline_frozen_validation_only; no solver feedback
GNN-G64-FINAL,29,"{""schema"": ""fullspace-dtn.mode.v1"", ""mode_index"": 29, ""side"": ""bottom"", ""m"": -2, ""n"": 0, ""polarization"": ""p"", ""alpha"": {""real"": -0.0013670850793925382, ""imag"": 0.0}, ""gamma"": {""real"": 0.0, ""imag"": 0.0}, ""beta"": {""real"": 8.97494792944325, ""imag"": 3.8819050041557536e-05}, ""k_vector"": [{""real"": -0.0013670850793925382, ""imag"": 0.0}, {""real"": 0.0, ""imag"": 0.0}, {""real"": -8.97494792944325, ""imag"": -3.8819050041557536e-05}], ""e_vector"": [{""real"": -0.9999999883989524, ""imag"": -1.0035526433266723e-13}, {""real"": 0.0, ""imag"": 0.0}, {""real"": 0.00015232233927758835, ""imag"": -6.588348389489128e-10}], ""h_vector"": [{""real"": 0.0, ""imag"": 0.0}, {""real"": 0.9998851404740002, ""imag"": 4.324770539999998e-06}, {""real"": 0.0, ""imag"": 0.0}], ""refractive_index"": {""real"": 0.999885140474, ""imag"": 4.32477054e-06}, ""vertical_sign"": -1, ""electric_tangential_norm_sq"": 0.999999976797905, ""power_per_unit_amplitude"": 0.7349155697225995, ""propagating"": true, ""rayleigh_warning"": false, ""classification"": ""propagating"", ""rayleigh_tolerance"": 1e-06, ""projection_denominator"": 1.469979993627816, ""traction_vector"": [{""real"": 3.881904959121588e-05, ""imag"": -8.97494803356205}, {""real"": 0.0, ""imag"": 0.0}, {""real"": 0.0, ""imag"": 0.0}]}",-2.1035047268455616e-08,3.3008871654528097e-09,-2.1035047268455616e-08,3.3008871654528097e-09,5.901173302659412e-17,-1.6734047403331803e-16,5.90117330265941e-17,-1.6734047403331795e-16,-2.103504732746735e-08,3.3008873327932835e-09,-2.103504732746735e-08,3.3008873327932835e-09,offline_frozen_validation_only; no solver feedback
GNN-G64-FINAL,30,"{""schema"": ""fullspace-dtn.mode.v1"", ""mode_index"": 30, ""side"": ""bottom"", ""m"": -2, ""n"": 1, ""polarization"": ""s"", ""alpha"": {""real"": -0.0013670850793925382, ""imag"": 0.0}, ""gamma"": {""real"": 5.983986006837701, ""imag"": 0.0}, ""beta"": {""real"": 6.68891634028968, ""imag"": 5.2086008415877786e-05}, ""k_vector"": [{""real"": -0.0013670850793925382, ""imag"": 0.0}, {""real"": 5.983986006837701, ""imag"": 0.0}, {""real"": -6.68891634028968, ""imag"": -5.2086008415877786e-05}], ""e_vector"": [{""real"": -0.9999999739036398, ""imag"": 0.0}, {""real"": -0.00022845725945122052, ""imag"": 0.0}, {""real"": 0.0, ""imag"": 0.0}], ""h_vector"": [{""real"": -0.0001702467768758063, ""imag"": -1.3256968097683348e-09}, {""real"": 0.7452018501926205, ""imag"": 5.802821842286574e-06}, {""real"": 0.6666666840642403, ""imag"": -0.0}], ""refractive_index"": {""real"": 0.999885140474, ""imag"": 4.32477054e-06}, ""vertical_sign"": -1, ""electric_tangential_norm_sq"": 0.9999999999999997, ""power_per_unit_amplitude"": 0.5477233741851624, ""propagating"": true, ""rayleigh_warning"": false, ""classification"": ""propagating"", ""rayleigh_tolerance"": 1e-06, ""projection_denominator"": 1.4699732019929355, ""traction_vector"": [{""real"": 5.208600705662255e-05, ""imag"": -6.68891616573331}, {""real"": 1.1899426738444647e-08, ""imag"": -0.0015281314958010678}, {""real"": 0.0, ""imag"": 0.0}]}",2.914375390809972e-08,7.062501277826224e-08,2.914375390810433e-08,7.06250127782585e-08,-8.318854144220389e-09,-1.6920271921818259e-09,-8.31885414421578e-09,-1.6920271921855713e-09,3.746260805232011e-08,7.231703997044407e-08,3.746260805232011e-08,7.231703997044407e-08,offline_frozen_validation_only; no solver feedback
GNN-G64-FINAL,31,"{""schema"": ""fullspace-dtn.mode.v1"", ""mode_index"": 31, ""side"": ""bottom"", ""m"": -2, ""n"": 1, ""polarization"": ""p"", ""alpha"": {""real"": -0.0013670850793925382, ""imag"": 0.0}, ""gamma"": {""real"": 5.983986006837701, ""imag"": 0.0}, ""beta"": {""real"": 6.68891634028968, ""imag"": 5.2086008415877786e-05}, ""k_vector"": [{""real"": -0.0013670850793925382, ""imag"": 0.0}, {""real"": 5.983986006837701, ""imag"": 0.0}, {""real"": -6.68891634028968, ""imag"": -5.2086008415877786e-05}], ""e_vector"": [{""real"": -0.0001702663335861758, ""imag"": -5.894016846993088e-10}, {""real"": 0.7452874535562701, ""imag"": 2.5799209477250923e-06}, {""real"": 0.6667432658572671, ""imag"": -2.8838428707480877e-06}], ""h_vector"": [{""real"": 0.999885114365667, ""imag"": 4.32477042707448e-06}, {""real"": 0.0002284310189552686, ""imag"": 9.880252253089822e-10}, {""real"": -2.4157858908685565e-20, ""imag"": 4.6077459161158685e-26}], ""refractive_index"": {""real"": 0.999885140474, ""imag"": 4.32477054e-06}, ""vertical_sign"": -1, ""electric_tangential_norm_sq"": 0.5554534174256699, ""power_per_unit_amplitude"": 0.547723374185163, ""propagating"": true, ""rayleigh_warning"": false, ""classification"": ""propagating"", ""rayleigh_tolerance"": 1e-06, ""projection_denominator"": 0.8165016385711308, ""traction_vector"": [{""real"": 8.868493683977426e-09, ""imag"": -0.0020503920314340076}, {""real"": -3.8819048577598794e-05, ""imag"": 8.974947799214199}, {""real"": 0.0, ""imag"": 0.0}]}",1.656850462365648e-05,2.772402897604526e-06,1.6568504623622488e-05,2.772402897638519e-06,1.6497305123386963e-05,2.8045120944097438e-06,1.649730512335297e-05,2.804512094443737e-06,7.119950026951798e-08,-3.210919680521788e-08,7.119950026951798e-08,-3.210919680521788e-08,offline_frozen_validation_only; no solver feedback
GNN-G64-FINAL,32,"{""schema"": ""fullspace-dtn.mode.v1"", ""mode_index"": 32, ""side"": ""bottom"", ""m"": -1, ""n"": -1, ""polarization"": ""s"", ""alpha"": {""real"": 4.486622420048883, ""imag"": 0.0}, ""gamma"": {""real"": -5.983986006837701, ""imag"": 0.0}, ""beta"": {""real"": 4.961030431115042, ""imag"": 7.022713479206063e-05}, ""k_vector"": [{""real"": 4.486622420048883, ""imag"": 0.0}, {""real"": -5.983986006837701, ""imag"": 0.0}, {""real"": -4.961030431115042, ""imag"": -7.022713479206063e-05}], ""e_vector"": [{""real"": 0.8000877286570669, ""imag"": -0.0}, {""real"": 0.5998830106382207, ""imag"": 0.0}, {""real"": 0.0, ""imag"": 0.0}], ""h_vector"": [{""real"": 0.3315557965860328, ""imag"": 4.693422856650971e-06}, {""real"": -0.4422090966226506, ""imag"": -6.259803939121232e-06}, {""real"": 0.8332419593357027, ""imag"": 0.0}], ""refractive_index"": {""real"": 0.999885140474, ""imag"": 4.32477054e-06}, ""vertical_sign"": -1, ""electric_tangential_norm_sq"": 0.9999999999999999, ""power_per_unit_amplitude"": 0.4062350594517862, ""propagating"": true, ""rayleigh_warning"": false, ""classification"": ""propagating"", ""rayleigh_tolerance"": 1e-06, ""projection_denominator"": 1.469963868583197, ""traction_vector"": [{""real"": -5.6187868765873466e-05, ""imag"": 3.9692595694294237}, {""real"": -4.212806504755746e-05, ""imag"": 2.9760378708851216}, {""real"": -0.0, ""imag"": 0.0}]}",1.3816887825577494e-06,-2.866784887017794e-05,1.3816887825648302e-06,-2.866784887018738e-05,1.3478982120230951e-06,-2.8617351950530372e-05,1.3478982120301759e-06,-2.8617351950539812e-05,3.379057053465428e-08,-5.049691964756868e-08,3.379057053465428e-08,-5.049691964756868e-08,offline_frozen_validation_only; no solver feedback
GNN-G64-FINAL,33,"{""schema"": ""fullspace-dtn.mode.v1"", ""mode_index"": 33, ""side"": ""bottom"", ""m"": -1, ""n"": -1, ""polarization"": ""p"", ""alpha"": {""real"": 4.486622420048883, ""imag"": 0.0}, ""gamma"": {""real"": -5.983986006837701, ""imag"": 0.0}, ""beta"": {""real"": 4.961030431115042, ""imag"": 7.022713479206063e-05}, ""k_vector"": [{""real"": 4.486622420048883, ""imag"": 0.0}, {""real"": -5.983986006837701, ""imag"": 0.0}, {""real"": -4.961030431115042, ""imag"": -7.022713479206063e-05}], ""e_vector"": [{""real"": 0.3315938833022934, ""imag"": 3.259729809722286e-06}, {""real"": -0.4422598943844885, ""imag"": -4.347630743403933e-06}, {""real"": 0.8333376760551552, ""imag"": -3.604408231896424e-06}], ""h_vector"": [{""real"": -0.7999958309257797, ""imag"": -3.4601958381644716e-06}, {""real"": -0.5998141083344596, ""imag"": -2.594356371744373e-06}, {""real"": 0.0, ""imag"": 3.7746654544821195e-22}], ""refractive_index"": {""real"": 0.999885140474, ""imag"": 4.32477054e-06}, ""vertical_sign"": -1, ""electric_tangential_norm_sq"": 0.3055483176540016, ""power_per_unit_amplitude"": 0.4062350594517864, ""propagating"": true, ""rayleigh_warning"": false, ""classification"": ""propagating"", ""rayleigh_tolerance"": 1e-06, ""projection_denominator"": 0.4491449870577638, ""traction_vector"": [{""real"": -2.3286888337902835e-05, ""imag"": 5.383918846465859}, {""real"": 3.1058645214741376e-05, ""imag"": -7.180745786682548}, {""real"": 0.0, ""imag"": 0.0}]}",-9.184700467502446e-07,2.105237985495557e-05,-9.184700467174151e-07,2.10523798548706e-05,-9.897602625340122e-07,2.110575118169754e-05,-9.89760262501183e-07,2.1105751181612568e-05,7.129021578376767e-08,-5.337132674196926e-08,7.129021578376778e-08,-5.337132674196926e-08,offline_frozen_validation_only; no solver feedback
GNN-G64-FINAL,34,"{""schema"": ""fullspace-dtn.mode.v1"", ""mode_index"": 34, ""side"": ""bottom"", ""m"": -1, ""n"": 0, ""polarization"": ""s"", ""alpha"": {""real"": 4.486622420048883, ""imag"": 0.0}, ""gamma"": {""real"": 0.0, ""imag"": 0.0}, ""beta"": {""real"": 7.773024602145297, ""imag"": 4.482154253021086e-05}, ""k_vector"": [{""real"": 4.486622420048883, ""imag"": 0.0}, {""real"": 0.0, ""imag"": 0.0}, {""real"": -7.773024602145297, ""imag"": -4.482154253021086e-05}], ""e_vector"": [{""real"": -0.0, ""imag"": 0.0}, {""real"": 1.0, ""imag"": 0.0}, {""real"": 0.0, ""imag"": 0.0}], ""h_vector"": [{""real"": 0.865980701744436, ""imag"": 4.993499035480673e-06}, {""real"": 0.0, ""imag"": 0.0}, {""real"": 0.4998476951563912, ""imag"": 0.0}], ""refractive_index"": {""real"": 0.999885140474, ""imag"": 4.32477054e-06}, ""vertical_sign"": -1, ""electric_tangential_norm_sq"": 1.0, ""power_per_unit_amplitude"": 0.6364958157821604, ""propagating"": true, ""rayleigh_warning"": false, ""classification"": ""propagating"", ""rayleigh_tolerance"": 1e-06, ""projection_denominator"": 1.46997693949725, ""traction_vector"": [{""real"": -0.0, ""imag"": 0.0}, {""real"": -4.482154253021086e-05, ""imag"": 7.773024602145297}, {""real"": -0.0, ""imag"": 0.0}]}",9.922028646960866e-05,-7.783060168464863e-05,9.922028646908587e-05,-7.783060168449757e-05,9.926308743385664e-05,-7.780678494999836e-05,9.926308743333385e-05,-7.78067849498473e-05,-4.2800964247981113e-08,-2.3816734650271027e-08,-4.2800964247981113e-08,-2.3816734650271027e-08,offline_frozen_validation_only; no solver feedback
GNN-G64-FINAL,35,"{""schema"": ""fullspace-dtn.mode.v1"", ""mode_index"": 35, ""side"": ""bottom"", ""m"": -1, ""n"": 0, ""polarization"": ""p"", ""alpha"": {""real"": 4.486622420048883, ""imag"": 0.0}, ""gamma"": {""real"": 0.0, ""imag"": 0.0}, ""beta"": {""real"": 7.773024602145297, ""imag"": 4.482154253021086e-05}, ""k_vector"": [{""real"": 4.486622420048883, ""imag"": 0.0}, {""real"": 0.0, ""imag"": 0.0}, {""real"": -7.773024602145297, ""imag"": -4.482154253021086e-05}], ""e_vector"": [{""real"": 0.8660801793033087, ""imag"": 1.2480443405020596e-06}, {""real"": 0.0, ""imag"": 0.0}, {""real"": 0.4999051140083646, ""imag"": -2.1622232617976723e-06}], ""h_vector"": [{""real"": 0.0, ""imag"": 0.0}, {""real"": -0.9998851404677681, ""imag"": -4.324770539973044e-06}, {""real"": 0.0, ""imag"": 0.0}], ""refractive_index"": {""real"": 0.999885140474, ""imag"": 4.32477054e-06}, ""vertical_sign"": -1, ""electric_tangential_norm_sq"": 0.750094876983609, ""power_per_unit_amplitude"": 0.6364958157821605, ""propagating"": true, ""rayleigh_warning"": false, ""classification"": ""propagating"", ""rayleigh_tolerance"": 1e-06, ""projection_denominator"": 1.1026221716009317, ""traction_vector"": [{""real"": -3.881904959097394e-05, ""imag"": 8.974948033506111}, {""real"": 0.0, ""imag"": 0.0}, {""real"": 0.0, ""imag"": 0.0}]}",8.15437951487511e-09,-4.300447521015278e-08,8.15437951487511e-09,-4.300447521015278e-08,-3.1369553848747296e-17,3.598636189989576e-16,-3.136955384874734e-17,3.5986361899895763e-16,8.154379546244664e-09,-4.30044755700164e-08,8.154379546244664e-09,-4.30044755700164e-08,offline_frozen_validation_only; no solver feedback
GNN-G64-FINAL,36,"{""schema"": ""fullspace-dtn.mode.v1"", ""mode_index"": 36, ""side"": ""bottom"", ""m"": -1, ""n"": 1, ""polarization"": ""s"", ""alpha"": {""real"": 4.486622420048883, ""imag"": 0.0}, ""gamma"": {""real"": 5.983986006837701, ""imag"": 0.0}, ""beta"": {""real"": 4.961030431115042, ""imag"": 7.022713479206063e-05}, ""k_vector"": [{""real"": 4.486622420048883, ""imag"": 0.0}, {""real"": 5.983986006837701, ""imag"": 0.0}, {""real"": -4.961030431115042, ""imag"": -7.022713479206063e-05}], ""e_vector"": [{""real"": -0.8000877286570669, ""imag"": 0.0}, {""real"": 0.5998830106382207, ""imag"": 0.0}, {""real"": 0.0, ""imag"": 0.0}], ""h_vector"": [{""real"": 0.3315557965860328, ""imag"": 4.693422856650971e-06}, {""real"": 0.4422090966226506, ""imag"": 6.259803939121232e-06}, {""real"": 0.8332419593357027, ""imag"": 0.0}], ""refractive_index"": {""real"": 0.999885140474, ""imag"": 4.32477054e-06}, ""vertical_sign"": -1, ""electric_tangential_norm_sq"": 0.9999999999999999, ""power_per_unit_amplitude"": 0.4062350594517862, ""propagating"": true, ""rayleigh_warning"": false, ""classification"": ""propagating"", ""rayleigh_tolerance"": 1e-06, ""projection_denominator"": 1.469963868583197, ""traction_vector"": [{""real"": 5.6187868765873466e-05, ""imag"": -3.9692595694294237}, {""real"": -4.212806504755746e-05, ""imag"": 2.9760378708851216}, {""real"": 0.0, ""imag"": 0.0}]}",1.3699064626411075e-06,-2.86675254769182e-05,1.369906462636387e-06,-2.8667525476931772e-05,1.3478982117702708e-06,-2.8617351950484697e-05,1.3478982117655503e-06,-2.861735195049827e-05,2.2008250870836718e-08,-5.0173526433502e-08,2.2008250870836718e-08,-5.0173526433502e-08,offline_frozen_validation_only; no solver feedback
GNN-G64-FINAL,37,"{""schema"": ""fullspace-dtn.mode.v1"", ""mode_index"": 37, ""side"": ""bottom"", ""m"": -1, ""n"": 1, ""polarization"": ""p"", ""alpha"": {""real"": 4.486622420048883, ""imag"": 0.0}, ""gamma"": {""real"": 5.983986006837701, ""imag"": 0.0}, ""beta"": {""real"": 4.961030431115042, ""imag"": 7.022713479206063e-05}, ""k_vector"": [{""real"": 4.486622420048883, ""imag"": 0.0}, {""real"": 5.983986006837701, ""imag"": 0.0}, {""real"": -4.961030431115042, ""imag"": -7.022713479206063e-05}], ""e_vector"": [{""real"": 0.3315938833022934, ""imag"": 3.259729809722286e-06}, {""real"": 0.4422598943844885, ""imag"": 4.347630743403933e-06}, {""real"": 0.8333376760551552, ""imag"": -3.604408231896424e-06}], ""h_vector"": [{""real"": 0.7999958309257797, ""imag"": 3.4601958381644716e-06}, {""real"": -0.5998141083344596, ""imag"": -2.594356371744373e-06}, {""real"": 0.0, ""imag"": -3.7746654544821195e-22}], ""refractive_index"": {""real"": 0.999885140474, ""imag"": 4.32477054e-06}, ""vertical_sign"": -1, ""electric_tangential_norm_sq"": 0.3055483176540016, ""power_per_unit_amplitude"": 0.4062350594517864, ""propagating"": true, ""rayleigh_warning"": false, ""classification"": ""propagating"", ""rayleigh_tolerance"": 1e-06, ""projection_denominator"": 0.4491449870577638, ""traction_vector"": [{""real"": -2.3286888337902835e-05, ""imag"": 5.383918846465859}, {""real"": -3.1058645214741376e-05, ""imag"": 7.180745786682548}, {""real"": -0.0, ""imag"": 0.0}]}",1.0886655621233816e-06,-2.1079776418363276e-05,1.0886655620847588e-06,-2.107977641836907e-05,9.897602624415658e-07,-2.110575118164611e-05,9.89760262402943e-07,-2.1105751181651904e-05,9.890529968181586e-08,2.5974763282833916e-08,9.890529968181586e-08,2.5974763282833916e-08,offline_frozen_validation_only; no solver feedback
GNN-G64-FINAL,38,"{""schema"": ""fullspace-dtn.mode.v1"", ""mode_index"": 38, ""side"": ""bottom"", ""m"": 0, ""n"": 0, ""polarization"": ""s"", ""alpha"": {""real"": 8.97461192517716, ""imag"": 0.0}, ""gamma"": {""real"": 0.0, ""imag"": 0.0}, ""beta"": {""real"": 0.07780134385941416, ""imag"": 0.004478058289365571}, ""k_vector"": [{""real"": 8.97461192517716, ""imag"": 0.0}, {""real"": 0.0, ""imag"": 0.0}, {""real"": -0.07780134385941416, ""imag"": -0.004478058289365571}], ""e_vector"": [{""real"": -0.0, ""imag"": 0.0}, {""real"": 1.0, ""imag"": 0.0}, {""real"": 0.0, ""imag"": 0.0}], ""h_vector"": [{""real"": 0.008667727918092628, ""imag"": 0.0004988935785443173}, {""real"": 0.0, ""imag"": 0.0}, {""real"": 0.9998476951563912, ""imag"": 0.0}], ""refractive_index"": {""real"": 0.999885140474, ""imag"": 4.32477054e-06}, ""vertical_sign"": -1, ""electric_tangential_norm_sq"": 1.0, ""power_per_unit_amplitude"": 0.006370780019798082, ""propagating"": true, ""rayleigh_warning"": false, ""classification"": ""propagating"", ""rayleigh_tolerance"": 1e-06, ""projection_denominator"": 1.467697843589745, ""traction_vector"": [{""real"": -0.0, ""imag"": 0.0}, {""real"": -0.004478058289365571, ""imag"": 0.07780134385941416}, {""real"": -0.0, ""imag"": 0.0}]}",1.3197108718006316,-0.16437150072453213,-0.015886054881531508,-0.13886164992587036,1.3197240512671184,-0.16439467913781666,-0.01587287541504481,-0.1388848283391549,-1.3179466486823443e-05,2.3178413284530297e-05,-1.3179466486698543e-05,2.3178413284530297e-05,offline_frozen_validation_only; no solver feedback
GNN-G64-FINAL,39,"{""schema"": ""fullspace-dtn.mode.v1"", ""mode_index"": 39, ""side"": ""bottom"", ""m"": 0, ""n"": 0, ""polarization"": ""p"", ""alpha"": {""real"": 8.97461192517716, ""imag"": 0.0}, ""gamma"": {""real"": 0.0, ""imag"": 0.0}, ""beta"": {""real"": 0.07780134385941416, ""imag"": 0.004478058289365571}, ""k_vector"": [{""real"": 8.97461192517716, ""imag"": 0.0}, {""real"": 0.0, ""imag"": 0.0}, {""real"": -0.07780134385941416, ""imag"": -0.004478058289365571}], ""e_vector"": [{""real"": 0.00866872360357703, ""imag"": 0.0004989132690542871}, {""real"": 0.0, ""imag"": 0.0}, {""real"": 0.9999623014383734, ""imag"": -4.325104281798984e-06}], ""h_vector"": [{""real"": 0.0, ""imag"": 0.0}, {""real"": -0.999884891569405, ""imag"": -4.324769463421086e-06}, {""real"": 0.0, ""imag"": 0.0}], ""refractive_index"": {""real"": 0.999885140474, ""imag"": 4.32477054e-06}, ""vertical_sign"": -1, ""electric_tangential_norm_sq"": 7.539568336525196e-05, ""power_per_unit_amplitude"": 0.0063707800197980845, ""propagating"": true, ""rayleigh_warning"": false, ""classification"": ""propagating"", ""rayleigh_tolerance"": 1e-06, ""projection_denominator"": 0.00011065808189115553, ""traction_vector"": [{""real"": -3.881903992786616e-05, ""imag"": 8.974945799399627}, {""real"": 0.0, ""imag"": 0.0}, {""real"": 0.0, ""imag"": 0.0}]}",-3.6081274714908137e-06,-4.3142892742314375e-06,-3.608127486849897e-06,-4.314289273052819e-06,-3.7037259666544526e-14,2.295610468684518e-15,-5.239634310392418e-14,3.4742292575236597e-15,-3.608127434453554e-06,-4.314289276527048e-06,-3.608127434453554e-06,-4.3142892765270485e-06,offline_frozen_validation_only; no solver feedback
GNN-G256-FINAL,0,"{""schema"": ""fullspace-dtn.mode.v1"", ""mode_index"": 0, ""side"": ""top"", ""m"": -3, ""n"": -1, ""polarization"": ""s"", ""alpha"": {""real"": -4.489356590207668, ""imag"": 0.0}, ""gamma"": {""real"": -5.983986006837701, ""imag"": 0.0}, ""beta"": {""real"": 4.960422166357995, ""imag"": 0.0}, ""k_vector"": [{""real"": -4.489356590207668, ""imag"": 0.0}, {""real"": -5.983986006837701, ""imag"": 0.0}, {""real"": 4.960422166357995, ""imag"": 0.0}], ""e_vector"": [{""real"": 0.7999122734807461, ""imag"": -0.0}, {""real"": -0.6001169508811294, ""imag"": 0.0}, {""real"": 0.0, ""imag"": 0.0}], ""h_vector"": [{""real"": 0.33164442810710654, ""imag"": 0.0}, {""real"": 0.44205791568604624, ""imag"": 0.0}, {""real"": 0.8334247251460797, ""imag"": -0.0}], ""refractive_index"": {""real"": 1.0, ""imag"": 0.0}, ""vertical_sign"": 1, ""electric_tangential_norm_sq"": 0.9999999999999998, ""power_per_unit_amplitude"": 0.4061852515594194, ""propagating"": true, ""rayleigh_warning"": false, ""classification"": ""propagating"", ""rayleigh_tolerance"": 1e-06, ""projection_denominator"": 1.4699999999999998, ""traction_vector"": [{""real"": 0.0, ""imag"": 3.9679025725157118}, {""real"": 0.0, ""imag"": -2.9768334255579263}, {""real"": 0.0, ""imag"": 0.0}]}",-4.069355609026234e-06,-8.639110847299342e-06,-4.069355609047476e-06,-8.639110847328844e-06,-4.134544516790736e-06,-8.530477664715285e-06,-4.134544516811978e-06,-8.530477664744787e-06,6.518890776450178e-08,-1.0863318258405673e-07,6.518890776450178e-08,-1.0863318258405673e-07,offline_frozen_validation_only; no solver feedback
GNN-G256-FINAL,1,"{""schema"": ""fullspace-dtn.mode.v1"", ""mode_index"": 1, ""side"": ""top"", ""m"": -3, ""n"": -1, ""polarization"": ""p"", ""alpha"": {""real"": -4.489356590207668, ""imag"": 0.0}, ""gamma"": {""real"": -5.983986006837701, ""imag"": 0.0}, ""beta"": {""real"": 4.960422166357995, ""imag"": 0.0}, ""k_vector"": [{""real"": -4.489356590207668, ""imag"": 0.0}, {""real"": -5.983986006837701, ""imag"": 0.0}, {""real"": 4.960422166357995, ""imag"": 0.0}], ""e_vector"": [{""real"": 0.3316444281071066, ""imag"": 0.0}, {""real"": 0.44205791568604635, ""imag"": 0.0}, {""real"": 0.8334247251460798, ""imag"": -0.0}], ""h_vector"": [{""real"": -0.7999122734807462, ""imag"": 0.0}, {""real"": 0.6001169508811294, ""imag"": 0.0}, {""real"": -2.4737647522494018e-17, ""imag"": 0.0}], ""refractive_index"": {""real"": 1.0, ""imag"": 0.0}, ""vertical_sign"": 1, ""electric_tangential_norm_sq"": 0.30540322751518145, ""power_per_unit_amplitude"": 0.4061852515594195, ""propagating"": true, ""rayleigh_warning"": false, ""classification"": ""propagating"", ""rayleigh_tolerance"": 1e-06, ""projection_denominator"": 0.44894274444731674, ""traction_vector"": [{""real"": 0.0, ""imag"": 5.38663715480818}, {""real"": 0.0, ""imag"": 7.179995776809777}, {""real"": 0.0, ""imag"": -0.0}]}",2.9774714673508e-06,6.264406677410496e-06,2.977471467327616e-06,6.264406677451068e-06,3.0469597078748646e-06,6.279864279230611e-06,3.0469597078516805e-06,6.279864279271183e-06,-6.948824052406441e-08,-1.545760182011502e-08,-6.948824052406441e-08,-1.545760182011502e-08,offline_frozen_validation_only; no solver feedback
GNN-G256-FINAL,2,"{""schema"": ""fullspace-dtn.mode.v1"", ""mode_index"": 2, ""side"": ""top"", ""m"": -3, ""n"": 0, ""polarization"": ""s"", ""alpha"": {""real"": -4.489356590207668, ""imag"": 0.0}, ""gamma"": {""real"": 0.0, ""imag"": 0.0}, ""beta"": {""real"": 7.772636399480241, ""imag"": 0.0}, ""k_vector"": [{""real"": -4.489356590207668, ""imag"": 0.0}, {""real"": 0.0, ""imag"": 0.0}, {""real"": 7.772636399480241, ""imag"": 0.0}], ""e_vector"": [{""real"": -0.0, ""imag"": 0.0}, {""real"": -1.0, ""imag"": 0.0}, {""real"": 0.0, ""imag"": 0.0}], ""h_vector"": [{""real"": 0.8659374526832905, ""imag"": 0.0}, {""real"": 0.0, ""imag"": 0.0}, {""real"": 0.5001523048436087, ""imag"": -0.0}], ""refractive_index"": {""real"": 1.0, ""imag"": 0.0}, ""vertical_sign"": 1, ""electric_tangential_norm_sq"": 1.0, ""power_per_unit_amplitude"": 0.6364640277222186, ""propagating"": true, ""rayleigh_warning"": false, ""classification"": ""propagating"", ""rayleigh_tolerance"": 1e-06, ""projection_denominator"": 1.47, ""traction_vector"": [{""real"": 0.0, ""imag"": 0.0}, {""real"": 0.0, ""imag"": -7.772636399480241}, {""real"": 0.0, ""imag"": 0.0}]}",-4.1528650787657406e-05,-1.1601037000072656e-05,-4.1528650787900504e-05,-1.1601037000177683e-05,-4.174435527054871e-05,-1.1429406449091863e-05,-4.174435527079181e-05,-1.142940644919689e-05,2.1570448289130425e-07,-1.716305509807924e-07,2.1570448289130425e-07,-1.716305509807924e-07,offline_frozen_validation_only; no solver feedback
GNN-G256-FINAL,3,"{""schema"": ""fullspace-dtn.mode.v1"", ""mode_index"": 3, ""side"": ""top"", ""m"": -3, ""n"": 0, ""polarization"": ""p"", ""alpha"": {""real"": -4.489356590207668, ""imag"": 0.0}, ""gamma"": {""real"": 0.0, ""imag"": 0.0}, ""beta"": {""real"": 7.772636399480241, ""imag"": 0.0}, ""k_vector"": [{""real"": -4.489356590207668, ""imag"": 0.0}, {""real"": 0.0, ""imag"": 0.0}, {""real"": 7.772636399480241, ""imag"": 0.0}], ""e_vector"": [{""real"": 0.8659374526832905, ""imag"": 0.0}, {""real"": 0.0, ""imag"": 0.0}, {""real"": 0.5001523048436087, ""imag"": -0.0}], ""h_vector"": [{""real"": 0.0, ""imag"": 0.0}, {""real"": 1.0, ""imag"": 0.0}, {""real"": 0.0, ""imag"": 0.0}], ""refractive_index"": {""real"": 1.0, ""imag"": 0.0}, ""vertical_sign"": 1, ""electric_tangential_norm_sq"": 0.749847671959626, ""power_per_unit_amplitude"": 0.6364640277222186, ""propagating"": true, ""rayleigh_warning"": false, ""classification"": ""propagating"", ""rayleigh_tolerance"": 1e-06, ""projection_denominator"": 1.1022760777806502, ""traction_vector"": [{""real"": 0.0, ""imag"": 8.975979010256552}, {""real"": -0.0, ""imag"": 0.0}, {""real"": 0.0, ""imag"": 0.0}]}",-3.208508890529677e-08,-4.011689795658448e-09,-3.208508890529677e-08,-4.011689795658448e-09,2.335674126355448e-16,-1.0674968189333025e-16,2.3356741263554483e-16,-1.0674968189333019e-16,-3.208508913886418e-08,-4.0116896889087654e-09,-3.208508913886418e-08,-4.0116896889087654e-09,offline_frozen_validation_only; no solver feedback
GNN-G256-FINAL,4,"{""schema"": ""fullspace-dtn.mode.v1"", ""mode_index"": 4, ""side"": ""top"", ""m"": -3, ""n"": 1, ""polarization"": ""s"", ""alpha"": {""real"": -4.489356590207668, ""imag"": 0.0}, ""gamma"": {""real"": 5.983986006837701, ""imag"": 0.0}, ""beta"": {""real"": 4.960422166357995, ""imag"": 0.0}, ""k_vector"": [{""real"": -4.489356590207668, ""imag"": 0.0}, {""real"": 5.983986006837701, ""imag"": 0.0}, {""real"": 4.960422166357995, ""imag"": 0.0}], ""e_vector"": [{""real"": -0.7999122734807461, ""imag"": 0.0}, {""real"": -0.6001169508811294, ""imag"": 0.0}, {""real"": 0.0, ""imag"": 0.0}], ""h_vector"": [{""real"": 0.33164442810710654, ""imag"": 0.0}, {""real"": -0.44205791568604624, ""imag"": 0.0}, {""real"": 0.8334247251460797, ""imag"": -0.0}], ""refractive_index"": {""real"": 1.0, ""imag"": 0.0}, ""vertical_sign"": 1, ""electric_tangential_norm_sq"": 0.9999999999999998, ""power_per_unit_amplitude"": 0.4061852515594194, ""propagating"": true, ""rayleigh_warning"": false, ""classification"": ""propagating"", ""rayleigh_tolerance"": 1e-06, ""projection_denominator"": 1.4699999999999998, ""traction_vector"": [{""real"": 0.0, ""imag"": -3.9679025725157118}, {""real"": 0.0, ""imag"": -2.9768334255579263}, {""real"": 0.0, ""imag"": 0.0}]}",-4.307319915488711e-06,-8.38417125331532e-06,-4.307319915493431e-06,-8.38417125330824e-06,-4.134544517190177e-06,-8.530477664672137e-06,-4.134544517194898e-06,-8.530477664665056e-06,-1.7277539829853356e-07,1.4630641135681628e-07,-1.7277539829853356e-07,1.4630641135681628e-07,offline_frozen_validation_only; no solver feedback
GNN-G256-FINAL,5,"{""schema"": ""fullspace-dtn.mode.v1"", ""mode_index"": 5, ""side"": ""top"", ""m"": -3, ""n"": 1, ""polarization"": ""p"", ""alpha"": {""real"": -4.489356590207668, ""imag"": 0.0}, ""gamma"": {""real"": 5.983986006837701, ""imag"": 0.0}, ""beta"": {""real"": 4.960422166357995, ""imag"": 0.0}, ""k_vector"": [{""real"": -4.489356590207668, ""imag"": 0.0}, {""real"": 5.983986006837701, ""imag"": 0.0}, {""real"": 4.960422166357995, ""imag"": 0.0}], ""e_vector"": [{""real"": 0.3316444281071066, ""imag"": 0.0}, {""real"": -0.44205791568604635, ""imag"": 0.0}, {""real"": 0.8334247251460798, ""imag"": -0.0}], ""h_vector"": [{""real"": 0.7999122734807462, ""imag"": 0.0}, {""real"": 0.6001169508811294, ""imag"": 0.0}, {""real"": 2.4737647522494018e-17, ""imag"": -0.0}], ""refractive_index"": {""real"": 1.0, ""imag"": 0.0}, ""vertical_sign"": 1, ""electric_tangential_norm_sq"": 0.30540322751518145, ""power_per_unit_amplitude"": 0.4061852515594195, ""propagating"": true, ""rayleigh_warning"": false, ""classification"": ""propagating"", ""rayleigh_tolerance"": 1e-06, ""projection_denominator"": 0.44894274444731674, ""traction_vector"": [{""real"": 0.0, ""imag"": 5.38663715480818}, {""real"": 0.0, ""imag"": -7.179995776809777}, {""real"": 0.0, ""imag"": 0.0}]}",-2.941515069633975e-06,-6.34264971827825e-06,-2.941515069610791e-06,-6.34264971825893e-06,-3.0469597082596497e-06,-6.279864279523739e-06,-3.0469597082364655e-06,-6.279864279504419e-06,1.0544463862567466e-07,-6.278543875451108e-08,1.0544463862567466e-07,-6.278543875451108e-08,offline_frozen_validation_only; no solver feedback
GNN-G256-FINAL,6,"{""schema"": ""fullspace-dtn.mode.v1"", ""mode_index"": 6, ""side"": ""top"", ""m"": -2, ""n"": -1, ""polarization"": ""s"", ""alpha"": {""real"": -0.0013670850793925382, ""imag"": 0.0}, ""gamma"": {""real"": -5.983986006837701, ""imag"": 0.0}, ""beta"": {""real"": 6.690299604174327, ""imag"": 0.0}, ""k_vector"": [{""real"": -0.0013670850793925382, ""imag"": 0.0}, {""real"": -5.983986006837701, ""imag"": 0.0}, {""real"": 6.690299604174327, ""imag"": 0.0}], ""e_vector"": [{""real"": 0.9999999739036398, ""imag"": -0.0}, {""real"": -0.00022845725945122052, ""imag"": 0.0}, {""real"": 0.0, ""imag"": 0.0}], ""h_vector"": [{""real"": 0.00017028198380708622, ""imag"": 0.0}, {""real"": 0.7453559574879883, ""imag"": 0.0}, {""real"": 0.6666666840642403, ""imag"": -0.0}], ""refractive_index"": {""real"": 1.0, ""imag"": 0.0}, ""vertical_sign"": 1, ""electric_tangential_norm_sq"": 0.9999999999999997, ""power_per_unit_amplitude"": 0.5478366430502136, ""propagating"": true, ""rayleigh_warning"": false, ""classification"": ""propagating"", ""rayleigh_tolerance"": 1e-06, ""projection_denominator"": 1.4699999999999995, ""traction_vector"": [{""real"": 0.0, ""imag"": 6.6902994295818585}, {""real"": 0.0, ""imag"": -0.001528447512477252}, {""real"": 0.0, ""imag"": 0.0}]}",-4.9223309328893344e-08,1.3108190827012716e-07,-4.922330932888873e-08,1.3108190827012573e-07,-7.195797395900892e-09,4.3342190942694065e-09,-7.195797395896282e-09,4.334219094267966e-09,-4.2027511932992455e-08,1.2674768917585775e-07,-4.202751193299245e-08,1.2674768917585778e-07,offline_frozen_validation_only; no solver feedback
GNN-G256-FINAL,7,"{""schema"": ""fullspace-dtn.mode.v1"", ""mode_index"": 7, ""side"": ""top"", ""m"": -2, ""n"": -1, ""polarization"": ""p"", ""alpha"": {""real"": -0.0013670850793925382, ""imag"": 0.0}, ""gamma"": {""real"": -5.983986006837701, ""imag"": 0.0}, ""beta"": {""real"": 6.690299604174327, ""imag"": 0.0}, ""k_vector"": [{""real"": -0.0013670850793925382, ""imag"": 0.0}, {""real"": -5.983986006837701, ""imag"": 0.0}, {""real"": 6.690299604174327, ""imag"": 0.0}], ""e_vector"": [{""real"": 0.00017028198380708627, ""imag"": 0.0}, {""real"": 0.7453559574879884, ""imag"": 0.0}, {""real"": 0.6666666840642405, ""imag"": -0.0}], ""h_vector"": [{""real"": -0.9999999739036399, ""imag"": 0.0}, {""real"": 0.00022845725945122054, ""imag"": 0.0}, {""real"": 2.4157858908685565e-20, ""imag"": 0.0}], ""refractive_index"": {""real"": 1.0, ""imag"": 0.0}, ""vertical_sign"": 1, ""electric_tangential_norm_sq"": 0.5555555323587901, ""power_per_unit_amplitude"": 0.5478366430502138, ""propagating"": true, ""rayleigh_warning"": false, ""classification"": ""propagating"", ""rayleigh_tolerance"": 1e-06, ""projection_denominator"": 0.8166666325674213, ""traction_vector"": [{""real"": 0.0, ""imag"": 0.002050627565574891}, {""real"": 0.0, ""imag"": 8.975978776016172}, {""real"": 0.0, ""imag"": -0.0}]}",1.3970182812582011e-05,-8.939235734991017e-06,1.3970182812522534e-05,-8.939235734991017e-06,1.3884985056625193e-05,-8.98399558006467e-06,1.3884985056565716e-05,-8.98399558006467e-06,8.519775595681779e-08,4.47598450736528e-08,8.519775595681779e-08,4.47598450736528e-08,offline_frozen_validation_only; no solver feedback
GNN-G256-FINAL,8,"{""schema"": ""fullspace-dtn.mode.v1"", ""mode_index"": 8, ""side"": ""top"", ""m"": -2, ""n"": 0, ""polarization"": ""s"", ""alpha"": {""real"": -0.0013670850793925382, ""imag"": 0.0}, ""gamma"": {""real"": 0.0, ""imag"": 0.0}, ""beta"": {""real"": 8.975978906149711, ""imag"": 0.0}, ""k_vector"": [{""real"": -0.0013670850793925382, ""imag"": 0.0}, {""real"": 0.0, ""imag"": 0.0}, {""real"": 8.975978906149711, ""imag"": 0.0}], ""e_vector"": [{""real"": -0.0, ""imag"": 0.0}, {""real"": -1.0, ""imag"": 0.0}, {""real"": 0.0, ""imag"": 0.0}], ""h_vector"": [{""real"": 0.9999999884016172, ""imag"": 0.0}, {""real"": 0.0, ""imag"": 0.0}, {""real"": 0.00015230484360874904, ""imag"": -0.0}], ""refractive_index"": {""real"": 1.0, ""imag"": 0.0}, ""vertical_sign"": 1, ""electric_tangential_norm_sq"": 1.0, ""power_per_unit_amplitude"": 0.7349999914751887, ""propagating"": true, ""rayleigh_warning"": false, ""classification"": ""propagating"", ""rayleigh_tolerance"": 1e-06, ""projection_denominator"": 1.47, ""traction_vector"": [{""real"": 0.0, ""imag"": 0.0}, {""real"": 0.0, ""imag"": -8.975978906149711}, {""real"": 0.0, ""imag"": 0.0}]}",3.1424320349139165e-06,1.593303468857393e-05,3.142432035236651e-06,1.5933034688451792e-05,3.266661606981309e-06,1.579199203088943e-05,3.2666616073040435e-06,1.579199203076729e-05,-1.2422957206739262e-07,1.4104265768450093e-07,-1.2422957206739262e-07,1.4104265768450093e-07,offline_frozen_validation_only; no solver feedback
GNN-G256-FINAL,9,"{""schema"": ""fullspace-dtn.mode.v1"", ""mode_index"": 9, ""side"": ""top"", ""m"": -2, ""n"": 0, ""polarization"": ""p"", ""alpha"": {""real"": -0.0013670850793925382, ""imag"": 0.0}, ""gamma"": {""real"": 0.0, ""imag"": 0.0}, ""beta"": {""real"": 8.975978906149711, ""imag"": 0.0}, ""k_vector"": [{""real"": -0.0013670850793925382, ""imag"": 0.0}, {""real"": 0.0, ""imag"": 0.0}, {""real"": 8.975978906149711, ""imag"": 0.0}], ""e_vector"": [{""real"": 0.9999999884016174, ""imag"": 0.0}, {""real"": 0.0, ""imag"": 0.0}, {""real"": 0.00015230484360874907, ""imag"": -0.0}], ""h_vector"": [{""real"": 0.0, ""imag"": 0.0}, {""real"": 1.0000000000000002, ""imag"": 0.0}, {""real"": 0.0, ""imag"": 0.0}], ""refractive_index"": {""real"": 1.0, ""imag"": 0.0}, ""vertical_sign"": 1, ""electric_tangential_norm_sq"": 0.9999999768032349, ""power_per_unit_amplitude"": 0.7349999914751889, ""propagating"": true, ""rayleigh_warning"": false, ""classification"": ""propagating"", ""rayleigh_tolerance"": 1e-06, ""projection_denominator"": 1.4699999659007554, ""traction_vector"": [{""real"": 0.0, ""imag"": 8.975979010256554}, {""real"": -0.0, ""imag"": 0.0}, {""real"": 0.0, ""imag"": 0.0}]}",7.085577529202239e-08,-5.7516378108986537e-08,7.085577529202239e-08,-5.7516378108986537e-08,-2.0122553573612502e-16,1.8658087211231932e-16,-2.01225535736125e-16,1.865808721123193e-16,7.085577549324793e-08,-5.751637829556741e-08,7.085577549324793e-08,-5.751637829556741e-08,offline_frozen_validation_only; no solver feedback
GNN-G256-FINAL,10,"{""schema"": ""fullspace-dtn.mode.v1"", ""mode_index"": 10, ""side"": ""top"", ""m"": -2, ""n"": 1, ""polarization"": ""s"", ""alpha"": {""real"": -0.0013670850793925382, ""imag"": 0.0}, ""gamma"": {""real"": 5.983986006837701, ""imag"": 0.0}, ""beta"": {""real"": 6.690299604174327, ""imag"": 0.0}, ""k_vector"": [{""real"": -0.0013670850793925382, ""imag"": 0.0}, {""real"": 5.983986006837701, ""imag"": 0.0}, {""real"": 6.690299604174327, ""imag"": 0.0}], ""e_vector"": [{""real"": -0.9999999739036398, ""imag"": 0.0}, {""real"": -0.00022845725945122052, ""imag"": 0.0}, {""real"": 0.0, ""imag"": 0.0}], ""h_vector"": [{""real"": 0.00017028198380708622, ""imag"": 0.0}, {""real"": -0.7453559574879883, ""imag"": 0.0}, {""real"": 0.6666666840642403, ""imag"": -0.0}], ""refractive_index"": {""real"": 1.0, ""imag"": 0.0}, ""vertical_sign"": 1, ""electric_tangential_norm_sq"": 0.9999999999999997, ""power_per_unit_amplitude"": 0.5478366430502136, ""propagating"": true, ""rayleigh_warning"": false, ""classification"": ""propagating"", ""rayleigh_tolerance"": 1e-06, ""projection_denominator"": 1.4699999999999995, ""traction_vector"": [{""real"": 0.0, ""imag"": -6.6902994295818585}, {""real"": 0.0, ""imag"": -0.001528447512477252}, {""real"": 0.0, ""imag"": 0.0}]}",6.049177686136294e-08,-9.416822206735655e-08,6.049177686136294e-08,-9.41682220673554e-08,-7.195797779243505e-09,4.334218822436149e-09,-7.195797779243505e-09,4.334218822437301e-09,6.768757464060645e-08,-9.850244088979269e-08,6.768757464060645e-08,-9.850244088979269e-08,offline_frozen_validation_only; no solver feedback
GNN-G256-FINAL,11,"{""schema"": ""fullspace-dtn.mode.v1"", ""mode_index"": 11, ""side"": ""top"", ""m"": -2, ""n"": 1, ""polarization"": ""p"", ""alpha"": {""real"": -0.0013670850793925382, ""imag"": 0.0}, ""gamma"": {""real"": 5.983986006837701, ""imag"": 0.0}, ""beta"": {""real"": 6.690299604174327, ""imag"": 0.0}, ""k_vector"": [{""real"": -0.0013670850793925382, ""imag"": 0.0}, {""real"": 5.983986006837701, ""imag"": 0.0}, {""real"": 6.690299604174327, ""imag"": 0.0}], ""e_vector"": [{""real"": 0.00017028198380708627, ""imag"": 0.0}, {""real"": -0.7453559574879884, ""imag"": 0.0}, {""real"": 0.6666666840642405, ""imag"": -0.0}], ""h_vector"": [{""real"": 0.9999999739036399, ""imag"": 0.0}, {""real"": 0.00022845725945122054, ""imag"": 0.0}, {""real"": -2.4157858908685565e-20, ""imag"": 0.0}], ""refractive_index"": {""real"": 1.0, ""imag"": 0.0}, ""vertical_sign"": 1, ""electric_tangential_norm_sq"": 0.5555555323587901, ""power_per_unit_amplitude"": 0.5478366430502138, ""propagating"": true, ""rayleigh_warning"": false, ""classification"": ""propagating"", ""rayleigh_tolerance"": 1e-06, ""projection_denominator"": 0.8166666325674213, ""traction_vector"": [{""real"": 0.0, ""imag"": 0.002050627565574891}, {""real"": 0.0, ""imag"": -8.975978776016172}, {""real"": 0.0, ""imag"": 0.0}]}",-1.4008012785072208e-05,9.075551039554491e-06,-1.4008012785135931e-05,9.075551039554491e-06,-1.3884985056452473e-05,8.983995580305071e-06,-1.3884985056516197e-05,8.983995580305071e-06,-1.2302772861973433e-07,9.155545924942029e-08,-1.2302772861973433e-07,9.155545924942029e-08,offline_frozen_validation_only; no solver feedback
GNN-G256-FINAL,12,"{""schema"": ""fullspace-dtn.mode.v1"", ""mode_index"": 12, ""side"": ""top"", ""m"": -1, ""n"": -1, ""polarization"": ""s"", ""alpha"": {""real"": 4.486622420048883, ""imag"": 0.0}, ""gamma"": {""real"": -5.983986006837701, ""imag"": 0.0}, ""beta"": {""real"": 4.962895316491319, ""imag"": 0.0}, ""k_vector"": [{""real"": 4.486622420048883, ""imag"": 0.0}, {""real"": -5.983986006837701, ""imag"": 0.0}, {""real"": 4.962895316491319, ""imag"": 0.0}], ""e_vector"": [{""real"": 0.8000877286570669, ""imag"": -0.0}, {""real"": 0.5998830106382207, ""imag"": 0.0}, {""real"": 0.0, ""imag"": 0.0}], ""h_vector"": [{""real"": -0.33168043068474645, ""imag"": 0.0}, {""real"": 0.4423753260560312, ""imag"": 0.0}, {""real"": 0.8332419593357027, ""imag"": 0.0}], ""refractive_index"": {""real"": 1.0, ""imag"": 0.0}, ""vertical_sign"": 1, ""electric_tangential_norm_sq"": 0.9999999999999999, ""power_per_unit_amplitude"": 0.4063877659977793, ""propagating"": true, ""rayleigh_warning"": false, ""classification"": ""propagating"", ""rayleigh_tolerance"": 1e-06, ""projection_denominator"": 1.4699999999999998, ""traction_vector"": [{""real"": 0.0, ""imag"": 3.9707516413343344}, {""real"": 0.0, ""imag"": 2.9771565839391374}, {""real"": 0.0, ""imag"": -0.0}]}",2.5334518779791147e-05,-1.2520445557949828e-05,2.5334518779758106e-05,-1.2520445557949828e-05,2.555102944959861e-05,-1.2421186840752343e-05,2.555102944956557e-05,-1.2421186840752343e-05,-2.1651066980746212e-07,-9.9258717197485e-08,-2.1651066980746212e-07,-9.9258717197485e-08,offline_frozen_validation_only; no solver feedback
GNN-G256-FINAL,13,"{""schema"": ""fullspace-dtn.mode.v1"", ""mode_index"": 13, ""side"": ""top"", ""m"": -1, ""n"": -1, ""polarization"": ""p"", ""alpha"": {""real"": 4.486622420048883, ""imag"": 0.0}, ""gamma"": {""real"": -5.983986006837701, ""imag"": 0.0}, ""beta"": {""real"": 4.962895316491319, ""imag"": 0.0}, ""k_vector"": [{""real"": 4.486622420048883, ""imag"": 0.0}, {""real"": -5.983986006837701, ""imag"": 0.0}, {""real"": 4.962895316491319, ""imag"": 0.0}], ""e_vector"": [{""real"": -0.3316804306847465, ""imag"": 0.0}, {""real"": 0.4423753260560313, ""imag"": 0.0}, {""real"": 0.833241959335703, ""imag"": 0.0}], ""h_vector"": [{""real"": -0.8000877286570669, ""imag"": 0.0}, {""real"": -0.5998830106382207, ""imag"": 0.0}, {""real"": -2.4737647522494018e-17, ""imag"": 0.0}], ""refractive_index"": {""real"": 1.0, ""imag"": 0.0}, ""vertical_sign"": 1, ""electric_tangential_norm_sq"": 0.3057078372023989, ""power_per_unit_amplitude"": 0.4063877659977795, ""propagating"": true, ""rayleigh_warning"": false, ""classification"": ""propagating"", ""rayleigh_tolerance"": 1e-06, ""projection_denominator"": 0.4493905206875264, ""traction_vector"": [{""real"": 0.0, ""imag"": -5.384537312098177}, {""real"": 0.0, ""imag"": 7.181570658789672}, {""real"": 0.0, ""imag"": 0.0}]}",1.8780144452603402e-05,-8.950102065497688e-06,1.8780144452510757e-05,-8.950102065524708e-06,1.8842193182604635e-05,-9.15911227089638e-06,1.884219318251199e-05,-9.1591122709234e-06,-6.204873000123238e-08,2.090102053986913e-07,-6.204873000123238e-08,2.090102053986913e-07,offline_frozen_validation_only; no solver feedback
GNN-G256-FINAL,14,"{""schema"": ""fullspace-dtn.mode.v1"", ""mode_index"": 14, ""side"": ""top"", ""m"": -1, ""n"": 0, ""polarization"": ""s"", ""alpha"": {""real"": 4.486622420048883, ""imag"": 0.0}, ""gamma"": {""real"": 0.0, ""imag"": 0.0}, ""beta"": {""real"": 7.774214973389975, ""imag"": 0.0}, ""k_vector"": [{""real"": 4.486622420048883, ""imag"": 0.0}, {""real"": 0.0, ""imag"": 0.0}, {""real"": 7.774214973389975, ""imag"": 0.0}], ""e_vector"": [{""real"": -0.0, ""imag"": 0.0}, {""real"": 1.0, ""imag"": 0.0}, {""real"": 0.0, ""imag"": 0.0}], ""h_vector"": [{""real"": -0.8661133191718294, ""imag"": 0.0}, {""real"": 0.0, ""imag"": 0.0}, {""real"": 0.4998476951563912, ""imag"": 0.0}], ""refractive_index"": {""real"": 1.0, ""imag"": 0.0}, ""vertical_sign"": 1, ""electric_tangential_norm_sq"": 1.0, ""power_per_unit_amplitude"": 0.6365932895912946, ""propagating"": true, ""rayleigh_warning"": false, ""classification"": ""propagating"", ""rayleigh_tolerance"": 1e-06, ""projection_denominator"": 1.47, ""traction_vector"": [{""real"": -0.0, ""imag"": 0.0}, {""real"": 0.0, ""imag"": 7.774214973389975}, {""real"": 0.0, ""imag"": -0.0}]}",-0.0001077360967000124,-7.253357102812256e-05,-0.00010773609669962061,-7.253357102757088e-05,-0.0001077984191275123,-7.256319276933049e-05,-0.00010779841912712052,-7.256319276877881e-05,6.232242749990144e-08,2.962174120792508e-08,6.232242749990144e-08,2.962174120792508e-08,offline_frozen_validation_only; no solver feedback
GNN-G256-FINAL,15,"{""schema"": ""fullspace-dtn.mode.v1"", ""mode_index"": 15, ""side"": ""top"", ""m"": -1, ""n"": 0, ""polarization"": ""p"", ""alpha"": {""real"": 4.486622420048883, ""imag"": 0.0}, ""gamma"": {""real"": 0.0, ""imag"": 0.0}, ""beta"": {""real"": 7.774214973389975, ""imag"": 0.0}, ""k_vector"": [{""real"": 4.486622420048883, ""imag"": 0.0}, {""real"": 0.0, ""imag"": 0.0}, {""real"": 7.774214973389975, ""imag"": 0.0}], ""e_vector"": [{""real"": -0.8661133191718294, ""imag"": 0.0}, {""real"": 0.0, ""imag"": 0.0}, {""real"": 0.4998476951563912, ""imag"": 0.0}], ""h_vector"": [{""real"": 0.0, ""imag"": 0.0}, {""real"": -1.0, ""imag"": 0.0}, {""real"": 0.0, ""imag"": 0.0}], ""refractive_index"": {""real"": 1.0, ""imag"": 0.0}, ""vertical_sign"": 1, ""electric_tangential_norm_sq"": 0.7501522816468433, ""power_per_unit_amplitude"": 0.6365932895912946, ""propagating"": true, ""rayleigh_warning"": false, ""classification"": ""propagating"", ""rayleigh_tolerance"": 1e-06, ""projection_denominator"": 1.1027238540208597, ""traction_vector"": [{""real"": 0.0, ""imag"": -8.975979010256552}, {""real"": 0.0, ""imag"": 0.0}, {""real"": 0.0, ""imag"": 0.0}]}",-2.4844789309473527e-08,4.2035720850056177e-08,-2.4844789309473527e-08,4.2035720850056177e-08,-7.512217828146564e-16,7.306111960405604e-16,-7.512217828146564e-16,7.306111960405604e-16,-2.4844788558251745e-08,4.203572011944498e-08,-2.4844788558251745e-08,4.203572011944498e-08,offline_frozen_validation_only; no solver feedback
GNN-G256-FINAL,16,"{""schema"": ""fullspace-dtn.mode.v1"", ""mode_index"": 16, ""side"": ""top"", ""m"": -1, ""n"": 1, ""polarization"": ""s"", ""alpha"": {""real"": 4.486622420048883, ""imag"": 0.0}, ""gamma"": {""real"": 5.983986006837701, ""imag"": 0.0}, ""beta"": {""real"": 4.962895316491319, ""imag"": 0.0}, ""k_vector"": [{""real"": 4.486622420048883, ""imag"": 0.0}, {""real"": 5.983986006837701, ""imag"": 0.0}, {""real"": 4.962895316491319, ""imag"": 0.0}], ""e_vector"": [{""real"": -0.8000877286570669, ""imag"": 0.0}, {""real"": 0.5998830106382207, ""imag"": 0.0}, {""real"": 0.0, ""imag"": 0.0}], ""h_vector"": [{""real"": -0.33168043068474645, ""imag"": 0.0}, {""real"": -0.4423753260560312, ""imag"": 0.0}, {""real"": 0.8332419593357027, ""imag"": 0.0}], ""refractive_index"": {""real"": 1.0, ""imag"": 0.0}, ""vertical_sign"": 1, ""electric_tangential_norm_sq"": 0.9999999999999999, ""power_per_unit_amplitude"": 0.4063877659977793, ""propagating"": true, ""rayleigh_warning"": false, ""classification"": ""propagating"", ""rayleigh_tolerance"": 1e-06, ""projection_denominator"": 1.4699999999999998, ""traction_vector"": [{""real"": 0.0, ""imag"": -3.9707516413343344}, {""real"": 0.0, ""imag"": 2.9771565839391374}, {""real"": 0.0, ""imag"": 0.0}]}",2.5656901847331832e-05,-1.2373028872778747e-05,2.5656901847347174e-05,-1.2373028872758686e-05,2.5551029449478588e-05,-1.2421186840209803e-05,2.555102944949393e-05,-1.2421186840189742e-05,1.0587239785324408e-07,4.81579674310554e-08,1.0587239785324408e-07,4.81579674310554e-08,offline_frozen_validation_only; no solver feedback
GNN-G256-FINAL,17,"{""schema"": ""fullspace-dtn.mode.v1"", ""mode_index"": 17, ""side"": ""top"", ""m"": -1, ""n"": 1, ""polarization"": ""p"", ""alpha"": {""real"": 4.486622420048883, ""imag"": 0.0}, ""gamma"": {""real"": 5.983986006837701, ""imag"": 0.0}, ""beta"": {""real"": 4.962895316491319, ""imag"": 0.0}, ""k_vector"": [{""real"": 4.486622420048883, ""imag"": 0.0}, {""real"": 5.983986006837701, ""imag"": 0.0}, {""real"": 4.962895316491319, ""imag"": 0.0}], ""e_vector"": [{""real"": -0.3316804306847465, ""imag"": 0.0}, {""real"": -0.4423753260560313, ""imag"": 0.0}, {""real"": 0.833241959335703, ""imag"": 0.0}], ""h_vector"": [{""real"": 0.8000877286570669, ""imag"": 0.0}, {""real"": -0.5998830106382207, ""imag"": 0.0}, {""real"": 2.4737647522494018e-17, ""imag"": 0.0}], ""refractive_index"": {""real"": 1.0, ""imag"": 0.0}, ""vertical_sign"": 1, ""electric_tangential_norm_sq"": 0.3057078372023989, ""power_per_unit_amplitude"": 0.4063877659977795, ""propagating"": true, ""rayleigh_warning"": false, ""classification"": ""propagating"", ""rayleigh_tolerance"": 1e-06, ""projection_denominator"": 0.4493905206875264, ""traction_vector"": [{""real"": 0.0, ""imag"": -5.384537312098177}, {""real"": 0.0, ""imag"": -7.181570658789672}, {""real"": 0.0, ""imag"": 0.0}]}",-1.86046080683337e-05,9.158920282934237e-06,-1.8604608068414763e-05,9.158920282922656e-06,-1.884219318237659e-05,9.159112271291004e-06,-1.8842193182457654e-05,9.159112271279423e-06,2.3758511404289127e-07,-1.9198835676663992e-10,2.3758511404289127e-07,-1.9198835676663992e-10,offline_frozen_validation_only; no solver feedback
GNN-G256-FINAL,18,"{""schema"": ""fullspace-dtn.mode.v1"", ""mode_index"": 18, ""side"": ""top"", ""m"": 0, ""n"": 0, ""polarization"": ""s"", ""alpha"": {""real"": 8.97461192517716, ""imag"": 0.0}, ""gamma"": {""real"": 0.0, ""imag"": 0.0}, ""beta"": {""real"": 0.15665243385951635, ""imag"": 0.0}, ""k_vector"": [{""real"": 8.97461192517716, ""imag"": 0.0}, {""real"": 0.0, ""imag"": 0.0}, {""real"": 0.15665243385951635, ""imag"": 0.0}], ""e_vector"": [{""real"": -0.0, ""imag"": 0.0}, {""real"": 1.0, ""imag"": 0.0}, {""real"": 0.0, ""imag"": 0.0}], ""h_vector"": [{""real"": -0.017452406437282755, ""imag"": 0.0}, {""real"": 0.0, ""imag"": 0.0}, {""real"": 0.9998476951563912, ""imag"": 0.0}], ""refractive_index"": {""real"": 1.0, ""imag"": 0.0}, ""vertical_sign"": 1, ""electric_tangential_norm_sq"": 1.0, ""power_per_unit_amplitude"": 0.012827518731402825, ""propagating"": true, ""rayleigh_warning"": false, ""classification"": ""propagating"", ""rayleigh_tolerance"": 1e-06, ""projection_denominator"": 1.47, ""traction_vector"": [{""real"": -0.0, ""imag"": 0.0}, {""real"": 0.0, ""imag"": 0.15665243385951635}, {""real"": 0.0, ""imag"": -0.0}]}",1.2301021765144662,-0.535413303771093,-0.03275650725042847,-0.13552376909408978,1.2301124466956983,-0.5354375258627233,-0.03274623706919645,-0.13554799118572006,-1.0270181232119313e-05,2.422209163033262e-05,-1.027018123201523e-05,2.422209163027711e-05,offline_frozen_validation_only; no solver feedback
GNN-G256-FINAL,19,"{""schema"": ""fullspace-dtn.mode.v1"", ""mode_index"": 19, ""side"": ""top"", ""m"": 0, ""n"": 0, ""polarization"": ""p"", ""alpha"": {""real"": 8.97461192517716, ""imag"": 0.0}, ""gamma"": {""real"": 0.0, ""imag"": 0.0}, ""beta"": {""real"": 0.15665243385951635, ""imag"": 0.0}, ""k_vector"": [{""real"": 8.97461192517716, ""imag"": 0.0}, {""real"": 0.0, ""imag"": 0.0}, {""real"": 0.15665243385951635, ""imag"": 0.0}], ""e_vector"": [{""real"": -0.01745240643728276, ""imag"": 0.0}, {""real"": 0.0, ""imag"": 0.0}, {""real"": 0.9998476951563914, ""imag"": 0.0}], ""h_vector"": [{""real"": 0.0, ""imag"": 0.0}, {""real"": -1.0000000000000002, ""imag"": 0.0}, {""real"": 0.0, ""imag"": 0.0}], ""refractive_index"": {""real"": 1.0, ""imag"": 0.0}, ""vertical_sign"": 1, ""electric_tangential_norm_sq"": 0.0003045864904521087, ""power_per_unit_amplitude"": 0.01282751873140283, ""propagating"": true, ""rayleigh_warning"": false, ""classification"": ""propagating"", ""rayleigh_tolerance"": 1e-06, ""projection_denominator"": 0.0004477421409645998, ""traction_vector"": [{""real"": 0.0, ""imag"": -8.975979010256554}, {""real"": 0.0, ""imag"": 0.0}, {""real"": 0.0, ""imag"": 0.0}]}",-3.5373508057974366e-06,-3.5750321414449812e-06,-3.537350805266059e-06,-3.5750321416132443e-06,-3.154010265628375e-14,6.2826313755395736e-15,-3.1008725138110985e-14,6.1143684406509005e-15,-3.537350774257334e-06,-3.5750321477276126e-06,-3.537350774257334e-06,-3.5750321477276126e-06,offline_frozen_validation_only; no solver feedback
GNN-G256-FINAL,20,"{""schema"": ""fullspace-dtn.mode.v1"", ""mode_index"": 20, ""side"": ""bottom"", ""m"": -3, ""n"": -1, ""polarization"": ""s"", ""alpha"": {""real"": -4.489356590207668, ""imag"": 0.0}, ""gamma"": {""real"": -5.983986006837701, ""imag"": 0.0}, ""beta"": {""real"": 4.958556350844336, ""imag"": 7.026217474247436e-05}, ""k_vector"": [{""real"": -4.489356590207668, ""imag"": 0.0}, {""real"": -5.983986006837701, ""imag"": 0.0}, {""real"": -4.958556350844336, ""imag"": -7.026217474247436e-05}], ""e_vector"": [{""real"": 0.7999122734807461, ""imag"": -0.0}, {""real"": -0.6001169508811294, ""imag"": 0.0}, {""real"": 0.0, ""imag"": 0.0}], ""h_vector"": [{""real"": -0.3315196832168072, ""imag"": -4.697595885702236e-06}, {""real"": -0.4418916398148882, ""imag"": -6.261553850976274e-06}, {""real"": 0.8334247251460797, ""imag"": -0.0}], ""refractive_index"": {""real"": 0.999885140474, ""imag"": 4.32477054e-06}, ""vertical_sign"": -1, ""electric_tangential_norm_sq"": 0.9999999999999998, ""power_per_unit_amplitude"": 0.4060324688489237, ""propagating"": true, ""rayleigh_warning"": false, ""classification"": ""propagating"", ""rayleigh_tolerance"": 1e-06, ""projection_denominator"": 1.4699638505555863, ""traction_vector"": [{""real"": -5.620357593795412e-05, ""imag"": 3.9664100837862852}, {""real"": 4.216552206873081e-05, ""imag"": -2.975713718040963}, {""real"": 0.0, ""imag"": 0.0}]}",-9.504012368743586e-06,-3.9034532648053363e-07,-9.504012368742406e-06,-3.9034532646401204e-07,-9.549378700067261e-06,-4.3615840469472487e-07,-9.54937870006608e-06,-4.361584046782033e-07,4.536633132367455e-08,4.581307821419124e-08,4.536633132367455e-08,4.581307821419124e-08,offline_frozen_validation_only; no solver feedback
GNN-G256-FINAL,21,"{""schema"": ""fullspace-dtn.mode.v1"", ""mode_index"": 21, ""side"": ""bottom"", ""m"": -3, ""n"": -1, ""polarization"": ""p"", ""alpha"": {""real"": -4.489356590207668, ""imag"": 0.0}, ""gamma"": {""real"": -5.983986006837701, ""imag"": 0.0}, ""beta"": {""real"": 4.958556350844336, ""imag"": 7.026217474247436e-05}, ""k_vector"": [{""real"": -4.489356590207668, ""imag"": 0.0}, {""real"": -5.983986006837701, ""imag"": 0.0}, {""real"": -4.958556350844336, ""imag"": -7.026217474247436e-05}], ""e_vector"": [{""real"": -0.33155776578462687, ""imag"": -3.264059536059784e-06}, {""real"": -0.4419424011095991, ""imag"": -4.350754099567616e-06}, {""real"": 0.8335204628602758, ""imag"": -3.605198833694458e-06}], ""h_vector"": [{""real"": -0.7998203959021161, ""imag"": -3.4594370347866507e-06}, {""real"": 0.6000480217070564, ""imag"": 2.595368109614824e-06}, {""real"": 4.9475295044988036e-17, ""imag"": 0.0}], ""refractive_index"": {""real"": 0.999885140474, ""imag"": 4.32477054e-06}, ""vertical_sign"": -1, ""electric_tangential_norm_sq"": 0.30524363798019444, ""power_per_unit_amplitude"": 0.4060324688489239, ""propagating"": true, ""rayleigh_warning"": false, ""classification"": ""propagating"", ""rayleigh_tolerance"": 1e-06, ""projection_denominator"": 0.4486971134429621, ""traction_vector"": [{""real"": 2.3295969675791888e-05, ""imag"": -5.386018447988506}, {""real"": 3.105183421154914e-05, ""imag"": -7.179171085592479}, {""real"": 0.0, ""imag"": 0.0}]}",-6.9261764615009504e-06,-4.464230448024701e-07,-6.92617646155121e-06,-4.4642304477540713e-07,-7.0323782198768244e-06,-3.1660784057617397e-07,-7.032378219927084e-06,-3.16607840549111e-07,1.06201758375874e-07,-1.2981520422629613e-07,1.06201758375874e-07,-1.2981520422629613e-07,offline_frozen_validation_only; no solver feedback
GNN-G256-FINAL,22,"{""schema"": ""fullspace-dtn.mode.v1"", ""mode_index"": 22, ""side"": ""bottom"", ""m"": -3, ""n"": 0, ""polarization"": ""s"", ""alpha"": {""real"": -4.489356590207668, ""imag"": 0.0}, ""gamma"": {""real"": 0.0, ""imag"": 0.0}, ""beta"": {""real"": 7.771445786441615, ""imag"": 4.483064829471781e-05}, ""k_vector"": [{""real"": -4.489356590207668, ""imag"": 0.0}, {""real"": 0.0, ""imag"": 0.0}, {""real"": -7.771445786441615, ""imag"": -4.483064829471781e-05}], ""e_vector"": [{""real"": -0.0, ""imag"": 0.0}, {""real"": -1.0, ""imag"": 0.0}, {""real"": 0.0, ""imag"": 0.0}], ""h_vector"": [{""real"": -0.8658048083180055, ""imag"": -4.994513494683011e-06}, {""real"": 0.0, ""imag"": 0.0}, {""real"": 0.5001523048436087, ""imag"": -0.0}], ""refractive_index"": {""real"": 0.999885140474, ""imag"": 4.32477054e-06}, ""vertical_sign"": -1, ""electric_tangential_norm_sq"": 1.0, ""power_per_unit_amplitude"": 0.6363665341137341, ""propagating"": true, ""rayleigh_warning"": false, ""classification"": ""propagating"", ""rayleigh_tolerance"": 1e-06, ""projection_denominator"": 1.469976934812407, ""traction_vector"": [{""real"": -0.0, ""imag"": 0.0}, {""real"": 4.483064829471781e-05, ""imag"": -7.771445786441615}, {""real"": 0.0, ""imag"": 0.0}]}",2.2500952815768096e-05,-3.54052865523303e-05,2.2500952815972255e-05,-3.540528655281414e-05,2.2500825790873014e-05,-3.5535196088581886e-05,2.2500825791077173e-05,-3.5535196089065725e-05,1.2702489508173106e-10,1.2990953625158328e-07,1.2702489508173106e-10,1.2990953625158328e-07,offline_frozen_validation_only; no solver feedback
GNN-G256-FINAL,23,"{""schema"": ""fullspace-dtn.mode.v1"", ""mode_index"": 23, ""side"": ""bottom"", ""m"": -3, ""n"": 0, ""polarization"": ""p"", ""alpha"": {""real"": -4.489356590207668, ""imag"": 0.0}, ""gamma"": {""real"": 0.0, ""imag"": 0.0}, ""beta"": {""real"": 7.771445786441615, ""imag"": 4.483064829471781e-05}, ""k_vector"": [{""real"": -4.489356590207668, ""imag"": 0.0}, {""real"": 0.0, ""imag"": 0.0}, {""real"": -7.771445786441615, ""imag"": -4.483064829471781e-05}], ""e_vector"": [{""real"": -0.8659042656715219, ""imag"": -1.2498197897239332e-06}, {""real"": 0.0, ""imag"": 0.0}, {""real"": 0.5002097586869129, ""imag"": -2.163540931475541e-06}], ""h_vector"": [{""real"": 0.0, ""imag"": 0.0}, {""real"": 0.999885140467758, ""imag"": 4.324770539973001e-06}, {""real"": 0.0, ""imag"": 0.0}], ""refractive_index"": {""real"": 0.999885140474, ""imag"": 4.32477054e-06}, ""vertical_sign"": -1, ""electric_tangential_norm_sq"": 0.7497901973096996, ""power_per_unit_amplitude"": 0.6363665341137341, ""propagating"": true, ""rayleigh_warning"": false, ""classification"": ""propagating"", ""rayleigh_tolerance"": 1e-06, ""projection_denominator"": 1.1021742959937022, ""traction_vector"": [{""real"": 3.881904959097355e-05, ""imag"": -8.97494803350602}, {""real"": 0.0, ""imag"": 0.0}, {""real"": 0.0, ""imag"": 0.0}]}",-7.423352055714244e-08,4.154687620287035e-09,-7.423352055714244e-08,4.154687620287035e-09,9.921735257066193e-16,7.637390319947128e-17,9.921735257066193e-16,7.637390319947126e-17,-7.423352154931597e-08,4.154687543913131e-09,-7.423352154931597e-08,4.154687543913131e-09,offline_frozen_validation_only; no solver feedback
GNN-G256-FINAL,24,"{""schema"": ""fullspace-dtn.mode.v1"", ""mode_index"": 24, ""side"": ""bottom"", ""m"": -3, ""n"": 1, ""polarization"": ""s"", ""alpha"": {""real"": -4.489356590207668, ""imag"": 0.0}, ""gamma"": {""real"": 5.983986006837701, ""imag"": 0.0}, ""beta"": {""real"": 4.958556350844336, ""imag"": 7.026217474247436e-05}, ""k_vector"": [{""real"": -4.489356590207668, ""imag"": 0.0}, {""real"": 5.983986006837701, ""imag"": 0.0}, {""real"": -4.958556350844336, ""imag"": -7.026217474247436e-05}], ""e_vector"": [{""real"": -0.7999122734807461, ""imag"": 0.0}, {""real"": -0.6001169508811294, ""imag"": 0.0}, {""real"": 0.0, ""imag"": 0.0}], ""h_vector"": [{""real"": -0.3315196832168072, ""imag"": -4.697595885702236e-06}, {""real"": 0.4418916398148882, ""imag"": 6.261553850976274e-06}, {""real"": 0.8334247251460797, ""imag"": -0.0}], ""refractive_index"": {""real"": 0.999885140474, ""imag"": 4.32477054e-06}, ""vertical_sign"": -1, ""electric_tangential_norm_sq"": 0.9999999999999998, ""power_per_unit_amplitude"": 0.4060324688489237, ""propagating"": true, ""rayleigh_warning"": false, ""classification"": ""propagating"", ""rayleigh_tolerance"": 1e-06, ""projection_denominator"": 1.4699638505555863, ""traction_vector"": [{""real"": 5.620357593795412e-05, ""imag"": -3.9664100837862852}, {""real"": 4.216552206873081e-05, ""imag"": -2.975713718040963}, {""real"": 0.0, ""imag"": 0.0}]}",-9.508313626281337e-06,-5.066434627564798e-07,-9.50831362631438e-06,-5.066434627446786e-07,-9.549378700351722e-06,-4.3615840435813124e-07,-9.549378700384765e-06,-4.361584043463301e-07,4.106507407038469e-08,-7.048505839834854e-08,4.106507407038469e-08,-7.048505839834849e-08,offline_frozen_validation_only; no solver feedback
GNN-G256-FINAL,25,"{""schema"": ""fullspace-dtn.mode.v1"", ""mode_index"": 25, ""side"": ""bottom"", ""m"": -3, ""n"": 1, ""polarization"": ""p"", ""alpha"": {""real"": -4.489356590207668, ""imag"": 0.0}, ""gamma"": {""real"": 5.983986006837701, ""imag"": 0.0}, ""beta"": {""real"": 4.958556350844336, ""imag"": 7.026217474247436e-05}, ""k_vector"": [{""real"": -4.489356590207668, ""imag"": 0.0}, {""real"": 5.983986006837701, ""imag"": 0.0}, {""real"": -4.958556350844336, ""imag"": -7.026217474247436e-05}], ""e_vector"": [{""real"": -0.33155776578462687, ""imag"": -3.264059536059784e-06}, {""real"": 0.4419424011095991, ""imag"": 4.350754099567616e-06}, {""real"": 0.8335204628602758, ""imag"": -3.605198833694458e-06}], ""h_vector"": [{""real"": 0.7998203959021161, ""imag"": 3.4594370347866507e-06}, {""real"": 0.6000480217070564, ""imag"": 2.595368109614824e-06}, {""real"": -4.9475295044988036e-17, ""imag"": 0.0}], ""refractive_index"": {""real"": 0.999885140474, ""imag"": 4.32477054e-06}, ""vertical_sign"": -1, ""electric_tangential_norm_sq"": 0.30524363798019444, ""power_per_unit_amplitude"": 0.4060324688489239, ""propagating"": true, ""rayleigh_warning"": false, ""classification"": ""propagating"", ""rayleigh_tolerance"": 1e-06, ""projection_denominator"": 0.4486971134429621, ""traction_vector"": [{""real"": 2.3295969675791888e-05, ""imag"": -5.386018447988506}, {""real"": -3.105183421154914e-05, ""imag"": 7.179171085592479}, {""real"": 0.0, ""imag"": 0.0}]}",7.052824985517195e-06,1.8681381849789004e-07,7.0528249855635886e-06,1.8681381851335458e-07,7.0323782197460426e-06,3.16607841783482e-07,7.032378219792436e-06,3.1660784179894655e-07,2.0446765771152314e-08,-1.2979402328559196e-07,2.0446765771152314e-08,-1.2979402328559196e-07,offline_frozen_validation_only; no solver feedback
GNN-G256-FINAL,26,"{""schema"": ""fullspace-dtn.mode.v1"", ""mode_index"": 26, ""side"": ""bottom"", ""m"": -2, ""n"": -1, ""polarization"": ""s"", ""alpha"": {""real"": -0.0013670850793925382, ""imag"": 0.0}, ""gamma"": {""real"": -5.983986006837701, ""imag"": 0.0}, ""beta"": {""real"": 6.68891634028968, ""imag"": 5.2086008415877786e-05}, ""k_vector"": [{""real"": -0.0013670850793925382, ""imag"": 0.0}, {""real"": -5.983986006837701, ""imag"": 0.0}, {""real"": -6.68891634028968, ""imag"": -5.2086008415877786e-05}], ""e_vector"": [{""real"": 0.9999999739036398, ""imag"": -0.0}, {""real"": -0.00022845725945122052, ""imag"": 0.0}, {""real"": 0.0, ""imag"": 0.0}], ""h_vector"": [{""real"": -0.0001702467768758063, ""imag"": -1.3256968097683348e-09}, {""real"": -0.7452018501926205, ""imag"": -5.802821842286574e-06}, {""real"": 0.6666666840642403, ""imag"": -0.0}], ""refractive_index"": {""real"": 0.999885140474, ""imag"": 4.32477054e-06}, ""vertical_sign"": -1, ""electric_tangential_norm_sq"": 0.9999999999999997, ""power_per_unit_amplitude"": 0.5477233741851624, ""propagating"": true, ""rayleigh_warning"": false, ""classification"": ""propagating"", ""rayleigh_tolerance"": 1e-06, ""projection_denominator"": 1.4699732019929355, ""traction_vector"": [{""real"": -5.208600705662255e-05, ""imag"": 6.68891616573331}, {""real"": 1.1899426738444647e-08, ""imag"": -0.0015281314958010678}, {""real"": 0.0, ""imag"": 0.0}]}",-6.776772521185325e-10,-2.4455717265997866e-08,-6.77677252109313e-10,-2.445571726599268e-08,-8.318854379968599e-09,-1.6920271814008964e-09,-8.318854379959379e-09,-1.6920271813957104e-09,7.641177127850067e-09,-2.276369008459697e-08,7.641177127850067e-09,-2.276369008459697e-08,offline_frozen_validation_only; no solver feedback
GNN-G256-FINAL,27,"{""schema"": ""fullspace-dtn.mode.v1"", ""mode_index"": 27, ""side"": ""bottom"", ""m"": -2, ""n"": -1, ""polarization"": ""p"", ""alpha"": {""real"": -0.0013670850793925382, ""imag"": 0.0}, ""gamma"": {""real"": -5.983986006837701, ""imag"": 0.0}, ""beta"": {""real"": 6.68891634028968, ""imag"": 5.2086008415877786e-05}, ""k_vector"": [{""real"": -0.0013670850793925382, ""imag"": 0.0}, {""real"": -5.983986006837701, ""imag"": 0.0}, {""real"": -6.68891634028968, ""imag"": -5.2086008415877786e-05}], ""e_vector"": [{""real"": -0.0001702663335861758, ""imag"": -5.894016846993088e-10}, {""real"": -0.7452874535562701, ""imag"": -2.5799209477250923e-06}, {""real"": 0.6667432658572671, ""imag"": -2.8838428707480877e-06}], ""h_vector"": [{""real"": -0.999885114365667, ""imag"": -4.32477042707448e-06}, {""real"": 0.0002284310189552686, ""imag"": 9.880252253089822e-10}, {""real"": 2.4157858908685565e-20, ""imag"": -4.6077459161158685e-26}], ""refractive_index"": {""real"": 0.999885140474, ""imag"": 4.32477054e-06}, ""vertical_sign"": -1, ""electric_tangential_norm_sq"": 0.5554534174256699, ""power_per_unit_amplitude"": 0.547723374185163, ""propagating"": true, ""rayleigh_warning"": false, ""classification"": ""propagating"", ""rayleigh_tolerance"": 1e-06, ""projection_denominator"": 0.8165016385711308, ""traction_vector"": [{""real"": 8.868493683977426e-09, ""imag"": -0.0020503920314340076}, {""real"": 3.8819048577598794e-05, ""imag"": -8.974947799214199}, {""real"": 0.0, ""imag"": 0.0}]}",-1.6599323931213408e-05,-3.0441649044036436e-06,-1.6599323931170917e-05,-3.0441649044036436e-06,-1.649730512294347e-05,-2.8045120940932605e-06,-1.649730512290098e-05,-2.8045120940932605e-06,-1.020188082699372e-07,-2.396528103103831e-07,-1.020188082699372e-07,-2.396528103103831e-07,offline_frozen_validation_only; no solver feedback
GNN-G256-FINAL,28,"{""schema"": ""fullspace-dtn.mode.v1"", ""mode_index"": 28, ""side"": ""bottom"", ""m"": -2, ""n"": 0, ""polarization"": ""s"", ""alpha"": {""real"": -0.0013670850793925382, ""imag"": 0.0}, ""gamma"": {""real"": 0.0, ""imag"": 0.0}, ""beta"": {""real"": 8.97494792944325, ""imag"": 3.8819050041557536e-05}, ""k_vector"": [{""real"": -0.0013670850793925382, ""imag"": 0.0}, {""real"": 0.0, ""imag"": 0.0}, {""real"": -8.97494792944325, ""imag"": -3.8819050041557536e-05}], ""e_vector"": [{""real"": -0.0, ""imag"": 0.0}, {""real"": -1.0, ""imag"": 0.0}, {""real"": 0.0, ""imag"": 0.0}], ""h_vector"": [{""real"": -0.9998851288742849, ""imag"": -4.324770590171869e-06}, {""real"": 0.0, ""imag"": 0.0}, {""real"": 0.00015230484360874904, ""imag"": -0.0}], ""refractive_index"": {""real"": 0.999885140474, ""imag"": 4.32477054e-06}, ""vertical_sign"": -1, ""electric_tangential_norm_sq"": 1.0, ""power_per_unit_amplitude"": 0.7349155697225994, ""propagating"": true, ""rayleigh_warning"": false, ""classification"": ""propagating"", ""rayleigh_tolerance"": 1e-06, ""projection_denominator"": 1.4699800277344321, ""traction_vector"": [{""real"": -0.0, ""imag"": 0.0}, {""real"": 3.8819050041557536e-05, ""imag"": -8.97494792944325}, {""real"": 0.0, ""imag"": 0.0}]}",-3.294105401360455e-06,-1.5979886546515708e-05,-3.2941054016201276e-06,-1.597988654620711e-05,-3.2981256979544157e-06,-1.607450770976354e-05,-3.2981256982140885e-06,-1.607450770945494e-05,4.020296593960911e-09,9.462116324783138e-08,4.020296593960911e-09,9.462116324783138e-08,offline_frozen_validation_only; no solver feedback
GNN-G256-FINAL,29,"{""schema"": ""fullspace-dtn.mode.v1"", ""mode_index"": 29, ""side"": ""bottom"", ""m"": -2, ""n"": 0, ""polarization"": ""p"", ""alpha"": {""real"": -0.0013670850793925382, ""imag"": 0.0}, ""gamma"": {""real"": 0.0, ""imag"": 0.0}, ""beta"": {""real"": 8.97494792944325, ""imag"": 3.8819050041557536e-05}, ""k_vector"": [{""real"": -0.0013670850793925382, ""imag"": 0.0}, {""real"": 0.0, ""imag"": 0.0}, {""real"": -8.97494792944325, ""imag"": -3.8819050041557536e-05}], ""e_vector"": [{""real"": -0.9999999883989524, ""imag"": -1.0035526433266723e-13}, {""real"": 0.0, ""imag"": 0.0}, {""real"": 0.00015232233927758835, ""imag"": -6.588348389489128e-10}], ""h_vector"": [{""real"": 0.0, ""imag"": 0.0}, {""real"": 0.9998851404740002, ""imag"": 4.324770539999998e-06}, {""real"": 0.0, ""imag"": 0.0}], ""refractive_index"": {""real"": 0.999885140474, ""imag"": 4.32477054e-06}, ""vertical_sign"": -1, ""electric_tangential_norm_sq"": 0.999999976797905, ""power_per_unit_amplitude"": 0.7349155697225995, ""propagating"": true, ""rayleigh_warning"": false, ""classification"": ""propagating"", ""rayleigh_tolerance"": 1e-06, ""projection_denominator"": 1.469979993627816, ""traction_vector"": [{""real"": 3.881904959121588e-05, ""imag"": -8.97494803356205}, {""real"": 0.0, ""imag"": 0.0}, {""real"": 0.0, ""imag"": 0.0}]}",-3.9828420766924415e-08,1.368754124515312e-08,-3.9828420766924415e-08,1.368754124515312e-08,5.901173302659412e-17,-1.6734047403331803e-16,5.90117330265941e-17,-1.6734047403331795e-16,-3.982842082593615e-08,1.3687541412493595e-08,-3.982842082593615e-08,1.3687541412493595e-08,offline_frozen_validation_only; no solver feedback
GNN-G256-FINAL,30,"{""schema"": ""fullspace-dtn.mode.v1"", ""mode_index"": 30, ""side"": ""bottom"", ""m"": -2, ""n"": 1, ""polarization"": ""s"", ""alpha"": {""real"": -0.0013670850793925382, ""imag"": 0.0}, ""gamma"": {""real"": 5.983986006837701, ""imag"": 0.0}, ""beta"": {""real"": 6.68891634028968, ""imag"": 5.2086008415877786e-05}, ""k_vector"": [{""real"": -0.0013670850793925382, ""imag"": 0.0}, {""real"": 5.983986006837701, ""imag"": 0.0}, {""real"": -6.68891634028968, ""imag"": -5.2086008415877786e-05}], ""e_vector"": [{""real"": -0.9999999739036398, ""imag"": 0.0}, {""real"": -0.00022845725945122052, ""imag"": 0.0}, {""real"": 0.0, ""imag"": 0.0}], ""h_vector"": [{""real"": -0.0001702467768758063, ""imag"": -1.3256968097683348e-09}, {""real"": 0.7452018501926205, ""imag"": 5.802821842286574e-06}, {""real"": 0.6666666840642403, ""imag"": -0.0}], ""refractive_index"": {""real"": 0.999885140474, ""imag"": 4.32477054e-06}, ""vertical_sign"": -1, ""electric_tangential_norm_sq"": 0.9999999999999997, ""power_per_unit_amplitude"": 0.5477233741851624, ""propagating"": true, ""rayleigh_warning"": false, ""classification"": ""propagating"", ""rayleigh_tolerance"": 1e-06, ""projection_denominator"": 1.4699732019929355, ""traction_vector"": [{""real"": 5.208600705662255e-05, ""imag"": -6.68891616573331}, {""real"": 1.1899426738444647e-08, ""imag"": -0.0015281314958010678}, {""real"": 0.0, ""imag"": 0.0}]}",1.3420075187036735e-07,3.3315728574240924e-09,1.3420075187037196e-07,3.331572857420347e-09,-8.318854144220389e-09,-1.6920271921818259e-09,-8.31885414421578e-09,-1.6920271921855713e-09,1.4251960601458774e-07,5.023600049605918e-09,1.4251960601458774e-07,5.023600049605918e-09,offline_frozen_validation_only; no solver feedback
GNN-G256-FINAL,31,"{""schema"": ""fullspace-dtn.mode.v1"", ""mode_index"": 31, ""side"": ""bottom"", ""m"": -2, ""n"": 1, ""polarization"": ""p"", ""alpha"": {""real"": -0.0013670850793925382, ""imag"": 0.0}, ""gamma"": {""real"": 5.983986006837701, ""imag"": 0.0}, ""beta"": {""real"": 6.68891634028968, ""imag"": 5.2086008415877786e-05}, ""k_vector"": [{""real"": -0.0013670850793925382, ""imag"": 0.0}, {""real"": 5.983986006837701, ""imag"": 0.0}, {""real"": -6.68891634028968, ""imag"": -5.2086008415877786e-05}], ""e_vector"": [{""real"": -0.0001702663335861758, ""imag"": -5.894016846993088e-10}, {""real"": 0.7452874535562701, ""imag"": 2.5799209477250923e-06}, {""real"": 0.6667432658572671, ""imag"": -2.8838428707480877e-06}], ""h_vector"": [{""real"": 0.999885114365667, ""imag"": 4.32477042707448e-06}, {""real"": 0.0002284310189552686, ""imag"": 9.880252253089822e-10}, {""real"": -2.4157858908685565e-20, ""imag"": 4.6077459161158685e-26}], ""refractive_index"": {""real"": 0.999885140474, ""imag"": 4.32477054e-06}, ""vertical_sign"": -1, ""electric_tangential_norm_sq"": 0.5554534174256699, ""power_per_unit_amplitude"": 0.547723374185163, ""propagating"": true, ""rayleigh_warning"": false, ""classification"": ""propagating"", ""rayleigh_tolerance"": 1e-06, ""projection_denominator"": 0.8165016385711308, ""traction_vector"": [{""real"": 8.868493683977426e-09, ""imag"": -0.0020503920314340076}, {""real"": -3.8819048577598794e-05, ""imag"": 8.974947799214199}, {""real"": 0.0, ""imag"": 0.0}]}",1.6629793346510966e-05,2.7487494898057243e-06,1.6629793346476973e-05,2.7487494898397174e-06,1.6497305123386963e-05,2.8045120944097438e-06,1.649730512335297e-05,2.804512094443737e-06,1.324882231240024e-07,-5.576260460401945e-08,1.324882231240024e-07,-5.576260460401945e-08,offline_frozen_validation_only; no solver feedback
GNN-G256-FINAL,32,"{""schema"": ""fullspace-dtn.mode.v1"", ""mode_index"": 32, ""side"": ""bottom"", ""m"": -1, ""n"": -1, ""polarization"": ""s"", ""alpha"": {""real"": 4.486622420048883, ""imag"": 0.0}, ""gamma"": {""real"": -5.983986006837701, ""imag"": 0.0}, ""beta"": {""real"": 4.961030431115042, ""imag"": 7.022713479206063e-05}, ""k_vector"": [{""real"": 4.486622420048883, ""imag"": 0.0}, {""real"": -5.983986006837701, ""imag"": 0.0}, {""real"": -4.961030431115042, ""imag"": -7.022713479206063e-05}], ""e_vector"": [{""real"": 0.8000877286570669, ""imag"": -0.0}, {""real"": 0.5998830106382207, ""imag"": 0.0}, {""real"": 0.0, ""imag"": 0.0}], ""h_vector"": [{""real"": 0.3315557965860328, ""imag"": 4.693422856650971e-06}, {""real"": -0.4422090966226506, ""imag"": -6.259803939121232e-06}, {""real"": 0.8332419593357027, ""imag"": 0.0}], ""refractive_index"": {""real"": 0.999885140474, ""imag"": 4.32477054e-06}, ""vertical_sign"": -1, ""electric_tangential_norm_sq"": 0.9999999999999999, ""power_per_unit_amplitude"": 0.4062350594517862, ""propagating"": true, ""rayleigh_warning"": false, ""classification"": ""propagating"", ""rayleigh_tolerance"": 1e-06, ""projection_denominator"": 1.469963868583197, ""traction_vector"": [{""real"": -5.6187868765873466e-05, ""imag"": 3.9692595694294237}, {""real"": -4.212806504755746e-05, ""imag"": 2.9760378708851216}, {""real"": -0.0, ""imag"": 0.0}]}",1.3173951608669635e-06,-2.8729121023361975e-05,1.3173951608740443e-06,-2.8729121023371414e-05,1.3478982120230951e-06,-2.8617351950530372e-05,1.3478982120301759e-06,-2.8617351950539812e-05,-3.050305115613159e-08,-1.1176907283160252e-07,-3.050305115613159e-08,-1.1176907283160252e-07,offline_frozen_validation_only; no solver feedback
GNN-G256-FINAL,33,"{""schema"": ""fullspace-dtn.mode.v1"", ""mode_index"": 33, ""side"": ""bottom"", ""m"": -1, ""n"": -1, ""polarization"": ""p"", ""alpha"": {""real"": 4.486622420048883, ""imag"": 0.0}, ""gamma"": {""real"": -5.983986006837701, ""imag"": 0.0}, ""beta"": {""real"": 4.961030431115042, ""imag"": 7.022713479206063e-05}, ""k_vector"": [{""real"": 4.486622420048883, ""imag"": 0.0}, {""real"": -5.983986006837701, ""imag"": 0.0}, {""real"": -4.961030431115042, ""imag"": -7.022713479206063e-05}], ""e_vector"": [{""real"": 0.3315938833022934, ""imag"": 3.259729809722286e-06}, {""real"": -0.4422598943844885, ""imag"": -4.347630743403933e-06}, {""real"": 0.8333376760551552, ""imag"": -3.604408231896424e-06}], ""h_vector"": [{""real"": -0.7999958309257797, ""imag"": -3.4601958381644716e-06}, {""real"": -0.5998141083344596, ""imag"": -2.594356371744373e-06}, {""real"": 0.0, ""imag"": 3.7746654544821195e-22}], ""refractive_index"": {""real"": 0.999885140474, ""imag"": 4.32477054e-06}, ""vertical_sign"": -1, ""electric_tangential_norm_sq"": 0.3055483176540016, ""power_per_unit_amplitude"": 0.4062350594517864, ""propagating"": true, ""rayleigh_warning"": false, ""classification"": ""propagating"", ""rayleigh_tolerance"": 1e-06, ""projection_denominator"": 0.4491449870577638, ""traction_vector"": [{""real"": -2.3286888337902835e-05, ""imag"": 5.383918846465859}, {""real"": 3.1058645214741376e-05, ""imag"": -7.180745786682548}, {""real"": 0.0, ""imag"": 0.0}]}",-1.0764369592718166e-06,2.1100994299020842e-05,-1.0764369592389873e-06,2.110099429893587e-05,-9.897602625340122e-07,2.110575118169754e-05,-9.89760262501183e-07,2.1105751181612568e-05,-8.667669673780435e-08,-4.756882676696755e-09,-8.667669673780435e-08,-4.756882676696755e-09,offline_frozen_validation_only; no solver feedback
GNN-G256-FINAL,34,"{""schema"": ""fullspace-dtn.mode.v1"", ""mode_index"": 34, ""side"": ""bottom"", ""m"": -1, ""n"": 0, ""polarization"": ""s"", ""alpha"": {""real"": 4.486622420048883, ""imag"": 0.0}, ""gamma"": {""real"": 0.0, ""imag"": 0.0}, ""beta"": {""real"": 7.773024602145297, ""imag"": 4.482154253021086e-05}, ""k_vector"": [{""real"": 4.486622420048883, ""imag"": 0.0}, {""real"": 0.0, ""imag"": 0.0}, {""real"": -7.773024602145297, ""imag"": -4.482154253021086e-05}], ""e_vector"": [{""real"": -0.0, ""imag"": 0.0}, {""real"": 1.0, ""imag"": 0.0}, {""real"": 0.0, ""imag"": 0.0}], ""h_vector"": [{""real"": 0.865980701744436, ""imag"": 4.993499035480673e-06}, {""real"": 0.0, ""imag"": 0.0}, {""real"": 0.4998476951563912, ""imag"": 0.0}], ""refractive_index"": {""real"": 0.999885140474, ""imag"": 4.32477054e-06}, ""vertical_sign"": -1, ""electric_tangential_norm_sq"": 1.0, ""power_per_unit_amplitude"": 0.6364958157821604, ""propagating"": true, ""rayleigh_warning"": false, ""classification"": ""propagating"", ""rayleigh_tolerance"": 1e-06, ""projection_denominator"": 1.46997693949725, ""traction_vector"": [{""real"": -0.0, ""imag"": 0.0}, {""real"": -4.482154253021086e-05, ""imag"": 7.773024602145297}, {""real"": -0.0, ""imag"": 0.0}]}",9.920008059213667e-05,-7.777624393363304e-05,9.920008059161388e-05,-7.777624393348198e-05,9.926308743385664e-05,-7.780678494999836e-05,9.926308743333385e-05,-7.78067849498473e-05,-6.300684171996933e-08,3.0541016365318203e-08,-6.300684171996933e-08,3.0541016365318203e-08,offline_frozen_validation_only; no solver feedback
GNN-G256-FINAL,35,"{""schema"": ""fullspace-dtn.mode.v1"", ""mode_index"": 35, ""side"": ""bottom"", ""m"": -1, ""n"": 0, ""polarization"": ""p"", ""alpha"": {""real"": 4.486622420048883, ""imag"": 0.0}, ""gamma"": {""real"": 0.0, ""imag"": 0.0}, ""beta"": {""real"": 7.773024602145297, ""imag"": 4.482154253021086e-05}, ""k_vector"": [{""real"": 4.486622420048883, ""imag"": 0.0}, {""real"": 0.0, ""imag"": 0.0}, {""real"": -7.773024602145297, ""imag"": -4.482154253021086e-05}], ""e_vector"": [{""real"": 0.8660801793033087, ""imag"": 1.2480443405020596e-06}, {""real"": 0.0, ""imag"": 0.0}, {""real"": 0.4999051140083646, ""imag"": -2.1622232617976723e-06}], ""h_vector"": [{""real"": 0.0, ""imag"": 0.0}, {""real"": -0.9998851404677681, ""imag"": -4.324770539973044e-06}, {""real"": 0.0, ""imag"": 0.0}], ""refractive_index"": {""real"": 0.999885140474, ""imag"": 4.32477054e-06}, ""vertical_sign"": -1, ""electric_tangential_norm_sq"": 0.750094876983609, ""power_per_unit_amplitude"": 0.6364958157821605, ""propagating"": true, ""rayleigh_warning"": false, ""classification"": ""propagating"", ""rayleigh_tolerance"": 1e-06, ""projection_denominator"": 1.1026221716009317, ""traction_vector"": [{""real"": -3.881904959097394e-05, ""imag"": 8.974948033506111}, {""real"": 0.0, ""imag"": 0.0}, {""real"": 0.0, ""imag"": 0.0}]}",-4.5478240920193415e-08,7.925429413395448e-09,-4.5478240920193415e-08,7.925429413395448e-09,-3.1369553848747296e-17,3.598636189989576e-16,-3.136955384874734e-17,3.5986361899895763e-16,-4.547824088882386e-08,7.92542905353183e-09,-4.547824088882386e-08,7.92542905353183e-09,offline_frozen_validation_only; no solver feedback
GNN-G256-FINAL,36,"{""schema"": ""fullspace-dtn.mode.v1"", ""mode_index"": 36, ""side"": ""bottom"", ""m"": -1, ""n"": 1, ""polarization"": ""s"", ""alpha"": {""real"": 4.486622420048883, ""imag"": 0.0}, ""gamma"": {""real"": 5.983986006837701, ""imag"": 0.0}, ""beta"": {""real"": 4.961030431115042, ""imag"": 7.022713479206063e-05}, ""k_vector"": [{""real"": 4.486622420048883, ""imag"": 0.0}, {""real"": 5.983986006837701, ""imag"": 0.0}, {""real"": -4.961030431115042, ""imag"": -7.022713479206063e-05}], ""e_vector"": [{""real"": -0.8000877286570669, ""imag"": 0.0}, {""real"": 0.5998830106382207, ""imag"": 0.0}, {""real"": 0.0, ""imag"": 0.0}], ""h_vector"": [{""real"": 0.3315557965860328, ""imag"": 4.693422856650971e-06}, {""real"": 0.4422090966226506, ""imag"": 6.259803939121232e-06}, {""real"": 0.8332419593357027, ""imag"": 0.0}], ""refractive_index"": {""real"": 0.999885140474, ""imag"": 4.32477054e-06}, ""vertical_sign"": -1, ""electric_tangential_norm_sq"": 0.9999999999999999, ""power_per_unit_amplitude"": 0.4062350594517862, ""propagating"": true, ""rayleigh_warning"": false, ""classification"": ""propagating"", ""rayleigh_tolerance"": 1e-06, ""projection_denominator"": 1.469963868583197, ""traction_vector"": [{""real"": 5.6187868765873466e-05, ""imag"": -3.9692595694294237}, {""real"": -4.212806504755746e-05, ""imag"": 2.9760378708851216}, {""real"": 0.0, ""imag"": 0.0}]}",1.352102491720385e-06,-2.8564280543751383e-05,1.3521024917156645e-06,-2.8564280543764956e-05,1.3478982117702708e-06,-2.8617351950484697e-05,1.3478982117655503e-06,-2.861735195049827e-05,4.204279950114166e-09,5.3071406733313907e-08,4.204279950114166e-09,5.3071406733313907e-08,offline_frozen_validation_only; no solver feedback
GNN-G256-FINAL,37,"{""schema"": ""fullspace-dtn.mode.v1"", ""mode_index"": 37, ""side"": ""bottom"", ""m"": -1, ""n"": 1, ""polarization"": ""p"", ""alpha"": {""real"": 4.486622420048883, ""imag"": 0.0}, ""gamma"": {""real"": 5.983986006837701, ""imag"": 0.0}, ""beta"": {""real"": 4.961030431115042, ""imag"": 7.022713479206063e-05}, ""k_vector"": [{""real"": 4.486622420048883, ""imag"": 0.0}, {""real"": 5.983986006837701, ""imag"": 0.0}, {""real"": -4.961030431115042, ""imag"": -7.022713479206063e-05}], ""e_vector"": [{""real"": 0.3315938833022934, ""imag"": 3.259729809722286e-06}, {""real"": 0.4422598943844885, ""imag"": 4.347630743403933e-06}, {""real"": 0.8333376760551552, ""imag"": -3.604408231896424e-06}], ""h_vector"": [{""real"": 0.7999958309257797, ""imag"": 3.4601958381644716e-06}, {""real"": -0.5998141083344596, ""imag"": -2.594356371744373e-06}, {""real"": 0.0, ""imag"": -3.7746654544821195e-22}], ""refractive_index"": {""real"": 0.999885140474, ""imag"": 4.32477054e-06}, ""vertical_sign"": -1, ""electric_tangential_norm_sq"": 0.3055483176540016, ""power_per_unit_amplitude"": 0.4062350594517864, ""propagating"": true, ""rayleigh_warning"": false, ""classification"": ""propagating"", ""rayleigh_tolerance"": 1e-06, ""projection_denominator"": 0.4491449870577638, ""traction_vector"": [{""real"": -2.3286888337902835e-05, ""imag"": 5.383918846465859}, {""real"": -3.1058645214741376e-05, ""imag"": 7.180745786682548}, {""real"": -0.0, ""imag"": 0.0}]}",1.1467342968865475e-06,-2.1119984195815292e-05,1.1467342968479247e-06,-2.1119984195821086e-05,9.897602624415658e-07,-2.110575118164611e-05,9.89760262402943e-07,-2.1105751181651904e-05,1.5697403444498175e-07,-1.4233014169181613e-08,1.5697403444498175e-07,-1.4233014169181613e-08,offline_frozen_validation_only; no solver feedback
GNN-G256-FINAL,38,"{""schema"": ""fullspace-dtn.mode.v1"", ""mode_index"": 38, ""side"": ""bottom"", ""m"": 0, ""n"": 0, ""polarization"": ""s"", ""alpha"": {""real"": 8.97461192517716, ""imag"": 0.0}, ""gamma"": {""real"": 0.0, ""imag"": 0.0}, ""beta"": {""real"": 0.07780134385941416, ""imag"": 0.004478058289365571}, ""k_vector"": [{""real"": 8.97461192517716, ""imag"": 0.0}, {""real"": 0.0, ""imag"": 0.0}, {""real"": -0.07780134385941416, ""imag"": -0.004478058289365571}], ""e_vector"": [{""real"": -0.0, ""imag"": 0.0}, {""real"": 1.0, ""imag"": 0.0}, {""real"": 0.0, ""imag"": 0.0}], ""h_vector"": [{""real"": 0.008667727918092628, ""imag"": 0.0004988935785443173}, {""real"": 0.0, ""imag"": 0.0}, {""real"": 0.9998476951563912, ""imag"": 0.0}], ""refractive_index"": {""real"": 0.999885140474, ""imag"": 4.32477054e-06}, ""vertical_sign"": -1, ""electric_tangential_norm_sq"": 1.0, ""power_per_unit_amplitude"": 0.006370780019798082, ""propagating"": true, ""rayleigh_warning"": false, ""classification"": ""propagating"", ""rayleigh_tolerance"": 1e-06, ""projection_denominator"": 1.467697843589745, ""traction_vector"": [{""real"": -0.0, ""imag"": 0.0}, {""real"": -0.004478058289365571, ""imag"": 0.07780134385941416}, {""real"": -0.0, ""imag"": 0.0}]}",1.3197110284311118,-0.16437207061023093,-0.015885898251051488,-0.13886221981156915,1.3197240512671184,-0.16439467913781666,-0.01587287541504481,-0.1388848283391549,-1.302283600668197e-05,2.2608527585732396e-05,-1.3022836006678501e-05,2.2608527585732396e-05,offline_frozen_validation_only; no solver feedback
GNN-G256-FINAL,39,"{""schema"": ""fullspace-dtn.mode.v1"", ""mode_index"": 39, ""side"": ""bottom"", ""m"": 0, ""n"": 0, ""polarization"": ""p"", ""alpha"": {""real"": 8.97461192517716, ""imag"": 0.0}, ""gamma"": {""real"": 0.0, ""imag"": 0.0}, ""beta"": {""real"": 0.07780134385941416, ""imag"": 0.004478058289365571}, ""k_vector"": [{""real"": 8.97461192517716, ""imag"": 0.0}, {""real"": 0.0, ""imag"": 0.0}, {""real"": -0.07780134385941416, ""imag"": -0.004478058289365571}], ""e_vector"": [{""real"": 0.00866872360357703, ""imag"": 0.0004989132690542871}, {""real"": 0.0, ""imag"": 0.0}, {""real"": 0.9999623014383734, ""imag"": -4.325104281798984e-06}], ""h_vector"": [{""real"": 0.0, ""imag"": 0.0}, {""real"": -0.999884891569405, ""imag"": -4.324769463421086e-06}, {""real"": 0.0, ""imag"": 0.0}], ""refractive_index"": {""real"": 0.999885140474, ""imag"": 4.32477054e-06}, ""vertical_sign"": -1, ""electric_tangential_norm_sq"": 7.539568336525196e-05, ""power_per_unit_amplitude"": 0.0063707800197980845, ""propagating"": true, ""rayleigh_warning"": false, ""classification"": ""propagating"", ""rayleigh_tolerance"": 1e-06, ""projection_denominator"": 0.00011065808189115553, ""traction_vector"": [{""real"": -3.881903992786616e-05, ""imag"": 8.974945799399627}, {""real"": 0.0, ""imag"": 0.0}, {""real"": 0.0, ""imag"": 0.0}]}",-3.6651119842787794e-06,-4.0649532565671325e-06,-3.6651119996378627e-06,-4.064953255388514e-06,-3.7037259666544526e-14,2.295610468684518e-15,-5.239634310392418e-14,3.4742292575236597e-15,-3.6651119472415197e-06,-4.0649532588627425e-06,-3.6651119472415197e-06,-4.064953258862743e-06,offline_frozen_validation_only; no solver feedback
GNN-R-FINAL,0,"{""schema"": ""fullspace-dtn.mode.v1"", ""mode_index"": 0, ""side"": ""top"", ""m"": -3, ""n"": -1, ""polarization"": ""s"", ""alpha"": {""real"": -4.489356590207668, ""imag"": 0.0}, ""gamma"": {""real"": -5.983986006837701, ""imag"": 0.0}, ""beta"": {""real"": 4.960422166357995, ""imag"": 0.0}, ""k_vector"": [{""real"": -4.489356590207668, ""imag"": 0.0}, {""real"": -5.983986006837701, ""imag"": 0.0}, {""real"": 4.960422166357995, ""imag"": 0.0}], ""e_vector"": [{""real"": 0.7999122734807461, ""imag"": -0.0}, {""real"": -0.6001169508811294, ""imag"": 0.0}, {""real"": 0.0, ""imag"": 0.0}], ""h_vector"": [{""real"": 0.33164442810710654, ""imag"": 0.0}, {""real"": 0.44205791568604624, ""imag"": 0.0}, {""real"": 0.8334247251460797, ""imag"": -0.0}], ""refractive_index"": {""real"": 1.0, ""imag"": 0.0}, ""vertical_sign"": 1, ""electric_tangential_norm_sq"": 0.9999999999999998, ""power_per_unit_amplitude"": 0.4061852515594194, ""propagating"": true, ""rayleigh_warning"": false, ""classification"": ""propagating"", ""rayleigh_tolerance"": 1e-06, ""projection_denominator"": 1.4699999999999998, ""traction_vector"": [{""real"": 0.0, ""imag"": 3.9679025725157118}, {""real"": 0.0, ""imag"": -2.9768334255579263}, {""real"": 0.0, ""imag"": 0.0}]}",-4.149951555050216e-06,-8.51387319841402e-06,-4.149951555071458e-06,-8.513873198443522e-06,-4.134544516790736e-06,-8.530477664715285e-06,-4.134544516811978e-06,-8.530477664744787e-06,-1.540703825948029e-08,1.6604466301264927e-08,-1.540703825948029e-08,1.6604466301264927e-08,offline_frozen_validation_only; no solver feedback
GNN-R-FINAL,1,"{""schema"": ""fullspace-dtn.mode.v1"", ""mode_index"": 1, ""side"": ""top"", ""m"": -3, ""n"": -1, ""polarization"": ""p"", ""alpha"": {""real"": -4.489356590207668, ""imag"": 0.0}, ""gamma"": {""real"": -5.983986006837701, ""imag"": 0.0}, ""beta"": {""real"": 4.960422166357995, ""imag"": 0.0}, ""k_vector"": [{""real"": -4.489356590207668, ""imag"": 0.0}, {""real"": -5.983986006837701, ""imag"": 0.0}, {""real"": 4.960422166357995, ""imag"": 0.0}], ""e_vector"": [{""real"": 0.3316444281071066, ""imag"": 0.0}, {""real"": 0.44205791568604635, ""imag"": 0.0}, {""real"": 0.8334247251460798, ""imag"": -0.0}], ""h_vector"": [{""real"": -0.7999122734807462, ""imag"": 0.0}, {""real"": 0.6001169508811294, ""imag"": 0.0}, {""real"": -2.4737647522494018e-17, ""imag"": 0.0}], ""refractive_index"": {""real"": 1.0, ""imag"": 0.0}, ""vertical_sign"": 1, ""electric_tangential_norm_sq"": 0.30540322751518145, ""power_per_unit_amplitude"": 0.4061852515594195, ""propagating"": true, ""rayleigh_warning"": false, ""classification"": ""propagating"", ""rayleigh_tolerance"": 1e-06, ""projection_denominator"": 0.44894274444731674, ""traction_vector"": [{""real"": 0.0, ""imag"": 5.38663715480818}, {""real"": 0.0, ""imag"": 7.179995776809777}, {""real"": 0.0, ""imag"": -0.0}]}",3.04585968521147e-06,6.2999592711239785e-06,3.045859685188286e-06,6.2999592711645505e-06,3.0469597078748646e-06,6.279864279230611e-06,3.0469597078516805e-06,6.279864279271183e-06,-1.1000226633946727e-09,2.0094991893367518e-08,-1.1000226633946727e-09,2.0094991893367518e-08,offline_frozen_validation_only; no solver feedback
GNN-R-FINAL,2,"{""schema"": ""fullspace-dtn.mode.v1"", ""mode_index"": 2, ""side"": ""top"", ""m"": -3, ""n"": 0, ""polarization"": ""s"", ""alpha"": {""real"": -4.489356590207668, ""imag"": 0.0}, ""gamma"": {""real"": 0.0, ""imag"": 0.0}, ""beta"": {""real"": 7.772636399480241, ""imag"": 0.0}, ""k_vector"": [{""real"": -4.489356590207668, ""imag"": 0.0}, {""real"": 0.0, ""imag"": 0.0}, {""real"": 7.772636399480241, ""imag"": 0.0}], ""e_vector"": [{""real"": -0.0, ""imag"": 0.0}, {""real"": -1.0, ""imag"": 0.0}, {""real"": 0.0, ""imag"": 0.0}], ""h_vector"": [{""real"": 0.8659374526832905, ""imag"": 0.0}, {""real"": 0.0, ""imag"": 0.0}, {""real"": 0.5001523048436087, ""imag"": -0.0}], ""refractive_index"": {""real"": 1.0, ""imag"": 0.0}, ""vertical_sign"": 1, ""electric_tangential_norm_sq"": 1.0, ""power_per_unit_amplitude"": 0.6364640277222186, ""propagating"": true, ""rayleigh_warning"": false, ""classification"": ""propagating"", ""rayleigh_tolerance"": 1e-06, ""projection_denominator"": 1.47, ""traction_vector"": [{""real"": 0.0, ""imag"": 0.0}, {""real"": 0.0, ""imag"": -7.772636399480241}, {""real"": 0.0, ""imag"": 0.0}]}",-4.176197815248498e-05,-1.1421802762420175e-05,-4.176197815272808e-05,-1.1421802762525202e-05,-4.174435527054871e-05,-1.1429406449091863e-05,-4.174435527079181e-05,-1.142940644919689e-05,-1.7622881936272888e-08,7.603686671688411e-09,-1.7622881936272888e-08,7.603686671688411e-09,offline_frozen_validation_only; no solver feedback
GNN-R-FINAL,3,"{""schema"": ""fullspace-dtn.mode.v1"", ""mode_index"": 3, ""side"": ""top"", ""m"": -3, ""n"": 0, ""polarization"": ""p"", ""alpha"": {""real"": -4.489356590207668, ""imag"": 0.0}, ""gamma"": {""real"": 0.0, ""imag"": 0.0}, ""beta"": {""real"": 7.772636399480241, ""imag"": 0.0}, ""k_vector"": [{""real"": -4.489356590207668, ""imag"": 0.0}, {""real"": 0.0, ""imag"": 0.0}, {""real"": 7.772636399480241, ""imag"": 0.0}], ""e_vector"": [{""real"": 0.8659374526832905, ""imag"": 0.0}, {""real"": 0.0, ""imag"": 0.0}, {""real"": 0.5001523048436087, ""imag"": -0.0}], ""h_vector"": [{""real"": 0.0, ""imag"": 0.0}, {""real"": 1.0, ""imag"": 0.0}, {""real"": 0.0, ""imag"": 0.0}], ""refractive_index"": {""real"": 1.0, ""imag"": 0.0}, ""vertical_sign"": 1, ""electric_tangential_norm_sq"": 0.749847671959626, ""power_per_unit_amplitude"": 0.6364640277222186, ""propagating"": true, ""rayleigh_warning"": false, ""classification"": ""propagating"", ""rayleigh_tolerance"": 1e-06, ""projection_denominator"": 1.1022760777806502, ""traction_vector"": [{""real"": 0.0, ""imag"": 8.975979010256552}, {""real"": -0.0, ""imag"": 0.0}, {""real"": 0.0, ""imag"": 0.0}]}",-3.29250987962074e-09,1.5085708014282087e-08,-3.29250987962074e-09,1.5085708014282087e-08,2.335674126355448e-16,-1.0674968189333025e-16,2.3356741263554483e-16,-1.0674968189333019e-16,-3.2925101131881527e-09,1.508570812103177e-08,-3.2925101131881527e-09,1.508570812103177e-08,offline_frozen_validation_only; no solver feedback
GNN-R-FINAL,4,"{""schema"": ""fullspace-dtn.mode.v1"", ""mode_index"": 4, ""side"": ""top"", ""m"": -3, ""n"": 1, ""polarization"": ""s"", ""alpha"": {""real"": -4.489356590207668, ""imag"": 0.0}, ""gamma"": {""real"": 5.983986006837701, ""imag"": 0.0}, ""beta"": {""real"": 4.960422166357995, ""imag"": 0.0}, ""k_vector"": [{""real"": -4.489356590207668, ""imag"": 0.0}, {""real"": 5.983986006837701, ""imag"": 0.0}, {""real"": 4.960422166357995, ""imag"": 0.0}], ""e_vector"": [{""real"": -0.7999122734807461, ""imag"": 0.0}, {""real"": -0.6001169508811294, ""imag"": 0.0}, {""real"": 0.0, ""imag"": 0.0}], ""h_vector"": [{""real"": 0.33164442810710654, ""imag"": 0.0}, {""real"": -0.44205791568604624, ""imag"": 0.0}, {""real"": 0.8334247251460797, ""imag"": -0.0}], ""refractive_index"": {""real"": 1.0, ""imag"": 0.0}, ""vertical_sign"": 1, ""electric_tangential_norm_sq"": 0.9999999999999998, ""power_per_unit_amplitude"": 0.4061852515594194, ""propagating"": true, ""rayleigh_warning"": false, ""classification"": ""propagating"", ""rayleigh_tolerance"": 1e-06, ""projection_denominator"": 1.4699999999999998, ""traction_vector"": [{""real"": 0.0, ""imag"": -3.9679025725157118}, {""real"": 0.0, ""imag"": -2.9768334255579263}, {""real"": 0.0, ""imag"": 0.0}]}",-4.140879151026682e-06,-8.517012908747113e-06,-4.140879151031403e-06,-8.517012908740032e-06,-4.134544517190177e-06,-8.530477664672137e-06,-4.134544517194898e-06,-8.530477664665056e-06,-6.334633836505177e-09,1.3464755925023618e-08,-6.334633836505177e-09,1.3464755925023618e-08,offline_frozen_validation_only; no solver feedback
GNN-R-FINAL,5,"{""schema"": ""fullspace-dtn.mode.v1"", ""mode_index"": 5, ""side"": ""top"", ""m"": -3, ""n"": 1, ""polarization"": ""p"", ""alpha"": {""real"": -4.489356590207668, ""imag"": 0.0}, ""gamma"": {""real"": 5.983986006837701, ""imag"": 0.0}, ""beta"": {""real"": 4.960422166357995, ""imag"": 0.0}, ""k_vector"": [{""real"": -4.489356590207668, ""imag"": 0.0}, {""real"": 5.983986006837701, ""imag"": 0.0}, {""real"": 4.960422166357995, ""imag"": 0.0}], ""e_vector"": [{""real"": 0.3316444281071066, ""imag"": 0.0}, {""real"": -0.44205791568604635, ""imag"": 0.0}, {""real"": 0.8334247251460798, ""imag"": -0.0}], ""h_vector"": [{""real"": 0.7999122734807462, ""imag"": 0.0}, {""real"": 0.6001169508811294, ""imag"": 0.0}, {""real"": 2.4737647522494018e-17, ""imag"": -0.0}], ""refractive_index"": {""real"": 1.0, ""imag"": 0.0}, ""vertical_sign"": 1, ""electric_tangential_norm_sq"": 0.30540322751518145, ""power_per_unit_amplitude"": 0.4061852515594195, ""propagating"": true, ""rayleigh_warning"": false, ""classification"": ""propagating"", ""rayleigh_tolerance"": 1e-06, ""projection_denominator"": 0.44894274444731674, ""traction_vector"": [{""real"": 0.0, ""imag"": 5.38663715480818}, {""real"": 0.0, ""imag"": -7.179995776809777}, {""real"": 0.0, ""imag"": 0.0}]}",-3.0339815979244832e-06,-6.286579876785819e-06,-3.033981597901299e-06,-6.286579876766499e-06,-3.0469597082596497e-06,-6.279864279523739e-06,-3.0469597082364655e-06,-6.279864279504419e-06,1.2978110335166412e-08,-6.715597262080477e-09,1.2978110335166412e-08,-6.715597262080477e-09,offline_frozen_validation_only; no solver feedback
GNN-R-FINAL,6,"{""schema"": ""fullspace-dtn.mode.v1"", ""mode_index"": 6, ""side"": ""top"", ""m"": -2, ""n"": -1, ""polarization"": ""s"", ""alpha"": {""real"": -0.0013670850793925382, ""imag"": 0.0}, ""gamma"": {""real"": -5.983986006837701, ""imag"": 0.0}, ""beta"": {""real"": 6.690299604174327, ""imag"": 0.0}, ""k_vector"": [{""real"": -0.0013670850793925382, ""imag"": 0.0}, {""real"": -5.983986006837701, ""imag"": 0.0}, {""real"": 6.690299604174327, ""imag"": 0.0}], ""e_vector"": [{""real"": 0.9999999739036398, ""imag"": -0.0}, {""real"": -0.00022845725945122052, ""imag"": 0.0}, {""real"": 0.0, ""imag"": 0.0}], ""h_vector"": [{""real"": 0.00017028198380708622, ""imag"": 0.0}, {""real"": 0.7453559574879883, ""imag"": 0.0}, {""real"": 0.6666666840642403, ""imag"": -0.0}], ""refractive_index"": {""real"": 1.0, ""imag"": 0.0}, ""vertical_sign"": 1, ""electric_tangential_norm_sq"": 0.9999999999999997, ""power_per_unit_amplitude"": 0.5478366430502136, ""propagating"": true, ""rayleigh_warning"": false, ""classification"": ""propagating"", ""rayleigh_tolerance"": 1e-06, ""projection_denominator"": 1.4699999999999995, ""traction_vector"": [{""real"": 0.0, ""imag"": 6.6902994295818585}, {""real"": 0.0, ""imag"": -0.001528447512477252}, {""real"": 0.0, ""imag"": 0.0}]}",2.151735599736659e-08,-5.976389721875718e-10,2.1517355997371198e-08,-5.976389721890123e-10,-7.195797395900892e-09,4.3342190942694065e-09,-7.195797395896282e-09,4.334219094267966e-09,2.871315339326748e-08,-4.9318580664569785e-09,2.871315339326748e-08,-4.9318580664569785e-09,offline_frozen_validation_only; no solver feedback
GNN-R-FINAL,7,"{""schema"": ""fullspace-dtn.mode.v1"", ""mode_index"": 7, ""side"": ""top"", ""m"": -2, ""n"": -1, ""polarization"": ""p"", ""alpha"": {""real"": -0.0013670850793925382, ""imag"": 0.0}, ""gamma"": {""real"": -5.983986006837701, ""imag"": 0.0}, ""beta"": {""real"": 6.690299604174327, ""imag"": 0.0}, ""k_vector"": [{""real"": -0.0013670850793925382, ""imag"": 0.0}, {""real"": -5.983986006837701, ""imag"": 0.0}, {""real"": 6.690299604174327, ""imag"": 0.0}], ""e_vector"": [{""real"": 0.00017028198380708627, ""imag"": 0.0}, {""real"": 0.7453559574879884, ""imag"": 0.0}, {""real"": 0.6666666840642405, ""imag"": -0.0}], ""h_vector"": [{""real"": -0.9999999739036399, ""imag"": 0.0}, {""real"": 0.00022845725945122054, ""imag"": 0.0}, {""real"": 2.4157858908685565e-20, ""imag"": 0.0}], ""refractive_index"": {""real"": 1.0, ""imag"": 0.0}, ""vertical_sign"": 1, ""electric_tangential_norm_sq"": 0.5555555323587901, ""power_per_unit_amplitude"": 0.5478366430502138, ""propagating"": true, ""rayleigh_warning"": false, ""classification"": ""propagating"", ""rayleigh_tolerance"": 1e-06, ""projection_denominator"": 0.8166666325674213, ""traction_vector"": [{""real"": 0.0, ""imag"": 0.002050627565574891}, {""real"": 0.0, ""imag"": 8.975978776016172}, {""real"": 0.0, ""imag"": -0.0}]}",1.3900931366318808e-05,-8.999085770279974e-06,1.390093136625933e-05,-8.999085770279974e-06,1.3884985056625193e-05,-8.98399558006467e-06,1.3884985056565716e-05,-8.98399558006467e-06,1.5946309693614408e-08,-1.5090190215304194e-08,1.5946309693614408e-08,-1.5090190215304194e-08,offline_frozen_validation_only; no solver feedback
GNN-R-FINAL,8,"{""schema"": ""fullspace-dtn.mode.v1"", ""mode_index"": 8, ""side"": ""top"", ""m"": -2, ""n"": 0, ""polarization"": ""s"", ""alpha"": {""real"": -0.0013670850793925382, ""imag"": 0.0}, ""gamma"": {""real"": 0.0, ""imag"": 0.0}, ""beta"": {""real"": 8.975978906149711, ""imag"": 0.0}, ""k_vector"": [{""real"": -0.0013670850793925382, ""imag"": 0.0}, {""real"": 0.0, ""imag"": 0.0}, {""real"": 8.975978906149711, ""imag"": 0.0}], ""e_vector"": [{""real"": -0.0, ""imag"": 0.0}, {""real"": -1.0, ""imag"": 0.0}, {""real"": 0.0, ""imag"": 0.0}], ""h_vector"": [{""real"": 0.9999999884016172, ""imag"": 0.0}, {""real"": 0.0, ""imag"": 0.0}, {""real"": 0.00015230484360874904, ""imag"": -0.0}], ""refractive_index"": {""real"": 1.0, ""imag"": 0.0}, ""vertical_sign"": 1, ""electric_tangential_norm_sq"": 1.0, ""power_per_unit_amplitude"": 0.7349999914751887, ""propagating"": true, ""rayleigh_warning"": false, ""classification"": ""propagating"", ""rayleigh_tolerance"": 1e-06, ""projection_denominator"": 1.47, ""traction_vector"": [{""real"": 0.0, ""imag"": 0.0}, {""real"": 0.0, ""imag"": -8.975978906149711}, {""real"": 0.0, ""imag"": 0.0}]}",3.2699827261569525e-06,1.5785501933336334e-05,3.269982726479687e-06,1.5785501933214195e-05,3.266661606981309e-06,1.579199203088943e-05,3.2666616073040435e-06,1.579199203076729e-05,3.3211191756433876e-09,-6.490097553096244e-09,3.3211191756433876e-09,-6.490097553096244e-09,offline_frozen_validation_only; no solver feedback
GNN-R-FINAL,9,"{""schema"": ""fullspace-dtn.mode.v1"", ""mode_index"": 9, ""side"": ""top"", ""m"": -2, ""n"": 0, ""polarization"": ""p"", ""alpha"": {""real"": -0.0013670850793925382, ""imag"": 0.0}, ""gamma"": {""real"": 0.0, ""imag"": 0.0}, ""beta"": {""real"": 8.975978906149711, ""imag"": 0.0}, ""k_vector"": [{""real"": -0.0013670850793925382, ""imag"": 0.0}, {""real"": 0.0, ""imag"": 0.0}, {""real"": 8.975978906149711, ""imag"": 0.0}], ""e_vector"": [{""real"": 0.9999999884016174, ""imag"": 0.0}, {""real"": 0.0, ""imag"": 0.0}, {""real"": 0.00015230484360874907, ""imag"": -0.0}], ""h_vector"": [{""real"": 0.0, ""imag"": 0.0}, {""real"": 1.0000000000000002, ""imag"": 0.0}, {""real"": 0.0, ""imag"": 0.0}], ""refractive_index"": {""real"": 1.0, ""imag"": 0.0}, ""vertical_sign"": 1, ""electric_tangential_norm_sq"": 0.9999999768032349, ""power_per_unit_amplitude"": 0.7349999914751889, ""propagating"": true, ""rayleigh_warning"": false, ""classification"": ""propagating"", ""rayleigh_tolerance"": 1e-06, ""projection_denominator"": 1.4699999659007554, ""traction_vector"": [{""real"": 0.0, ""imag"": 8.975979010256554}, {""real"": -0.0, ""imag"": 0.0}, {""real"": 0.0, ""imag"": 0.0}]}",-9.732110962143826e-09,-1.0468142622951771e-08,-9.732110962143826e-09,-1.0468142622951771e-08,-2.0122553573612502e-16,1.8658087211231932e-16,-2.01225535736125e-16,1.865808721123193e-16,-9.73211076091829e-09,-1.0468142809532643e-08,-9.73211076091829e-09,-1.0468142809532643e-08,offline_frozen_validation_only; no solver feedback
GNN-R-FINAL,10,"{""schema"": ""fullspace-dtn.mode.v1"", ""mode_index"": 10, ""side"": ""top"", ""m"": -2, ""n"": 1, ""polarization"": ""s"", ""alpha"": {""real"": -0.0013670850793925382, ""imag"": 0.0}, ""gamma"": {""real"": 5.983986006837701, ""imag"": 0.0}, ""beta"": {""real"": 6.690299604174327, ""imag"": 0.0}, ""k_vector"": [{""real"": -0.0013670850793925382, ""imag"": 0.0}, {""real"": 5.983986006837701, ""imag"": 0.0}, {""real"": 6.690299604174327, ""imag"": 0.0}], ""e_vector"": [{""real"": -0.9999999739036398, ""imag"": 0.0}, {""real"": -0.00022845725945122052, ""imag"": 0.0}, {""real"": 0.0, ""imag"": 0.0}], ""h_vector"": [{""real"": 0.00017028198380708622, ""imag"": 0.0}, {""real"": -0.7453559574879883, ""imag"": 0.0}, {""real"": 0.6666666840642403, ""imag"": -0.0}], ""refractive_index"": {""real"": 1.0, ""imag"": 0.0}, ""vertical_sign"": 1, ""electric_tangential_norm_sq"": 0.9999999999999997, ""power_per_unit_amplitude"": 0.5478366430502136, ""propagating"": true, ""rayleigh_warning"": false, ""classification"": ""propagating"", ""rayleigh_tolerance"": 1e-06, ""projection_denominator"": 1.4699999999999995, ""traction_vector"": [{""real"": 0.0, ""imag"": -6.6902994295818585}, {""real"": 0.0, ""imag"": -0.001528447512477252}, {""real"": 0.0, ""imag"": 0.0}]}",-3.0157410261468802e-09,-6.374227420545355e-09,-3.0157410261468802e-09,-6.374227420544203e-09,-7.195797779243505e-09,4.334218822436149e-09,-7.195797779243505e-09,4.334218822437301e-09,4.180056753096625e-09,-1.0708446242981505e-08,4.180056753096625e-09,-1.0708446242981505e-08,offline_frozen_validation_only; no solver feedback
GNN-R-FINAL,11,"{""schema"": ""fullspace-dtn.mode.v1"", ""mode_index"": 11, ""side"": ""top"", ""m"": -2, ""n"": 1, ""polarization"": ""p"", ""alpha"": {""real"": -0.0013670850793925382, ""imag"": 0.0}, ""gamma"": {""real"": 5.983986006837701, ""imag"": 0.0}, ""beta"": {""real"": 6.690299604174327, ""imag"": 0.0}, ""k_vector"": [{""real"": -0.0013670850793925382, ""imag"": 0.0}, {""real"": 5.983986006837701, ""imag"": 0.0}, {""real"": 6.690299604174327, ""imag"": 0.0}], ""e_vector"": [{""real"": 0.00017028198380708627, ""imag"": 0.0}, {""real"": -0.7453559574879884, ""imag"": 0.0}, {""real"": 0.6666666840642405, ""imag"": -0.0}], ""h_vector"": [{""real"": 0.9999999739036399, ""imag"": 0.0}, {""real"": 0.00022845725945122054, ""imag"": 0.0}, {""real"": -2.4157858908685565e-20, ""imag"": 0.0}], ""refractive_index"": {""real"": 1.0, ""imag"": 0.0}, ""vertical_sign"": 1, ""electric_tangential_norm_sq"": 0.5555555323587901, ""power_per_unit_amplitude"": 0.5478366430502138, ""propagating"": true, ""rayleigh_warning"": false, ""classification"": ""propagating"", ""rayleigh_tolerance"": 1e-06, ""projection_denominator"": 0.8166666325674213, ""traction_vector"": [{""real"": 0.0, ""imag"": 0.002050627565574891}, {""real"": 0.0, ""imag"": -8.975978776016172}, {""real"": 0.0, ""imag"": 0.0}]}",-1.38626527367922e-05,8.966594783274368e-06,-1.3862652736855923e-05,8.966594783274368e-06,-1.3884985056452473e-05,8.983995580305071e-06,-1.3884985056516197e-05,8.983995580305071e-06,2.233231966027384e-08,-1.7400797030702684e-08,2.233231966027384e-08,-1.7400797030702684e-08,offline_frozen_validation_only; no solver feedback
GNN-R-FINAL,12,"{""schema"": ""fullspace-dtn.mode.v1"", ""mode_index"": 12, ""side"": ""top"", ""m"": -1, ""n"": -1, ""polarization"": ""s"", ""alpha"": {""real"": 4.486622420048883, ""imag"": 0.0}, ""gamma"": {""real"": -5.983986006837701, ""imag"": 0.0}, ""beta"": {""real"": 4.962895316491319, ""imag"": 0.0}, ""k_vector"": [{""real"": 4.486622420048883, ""imag"": 0.0}, {""real"": -5.983986006837701, ""imag"": 0.0}, {""real"": 4.962895316491319, ""imag"": 0.0}], ""e_vector"": [{""real"": 0.8000877286570669, ""imag"": -0.0}, {""real"": 0.5998830106382207, ""imag"": 0.0}, {""real"": 0.0, ""imag"": 0.0}], ""h_vector"": [{""real"": -0.33168043068474645, ""imag"": 0.0}, {""real"": 0.4423753260560312, ""imag"": 0.0}, {""real"": 0.8332419593357027, ""imag"": 0.0}], ""refractive_index"": {""real"": 1.0, ""imag"": 0.0}, ""vertical_sign"": 1, ""electric_tangential_norm_sq"": 0.9999999999999999, ""power_per_unit_amplitude"": 0.4063877659977793, ""propagating"": true, ""rayleigh_warning"": false, ""classification"": ""propagating"", ""rayleigh_tolerance"": 1e-06, ""projection_denominator"": 1.4699999999999998, ""traction_vector"": [{""real"": 0.0, ""imag"": 3.9707516413343344}, {""real"": 0.0, ""imag"": 2.9771565839391374}, {""real"": 0.0, ""imag"": -0.0}]}",2.555936536709238e-05,-1.2414579963737545e-05,2.5559365367059338e-05,-1.2414579963737545e-05,2.555102944959861e-05,-1.2421186840752343e-05,2.555102944956557e-05,-1.2421186840752343e-05,8.335917493769538e-09,6.606877014797167e-09,8.335917493769538e-09,6.606877014797167e-09,offline_frozen_validation_only; no solver feedback
GNN-R-FINAL,13,"{""schema"": ""fullspace-dtn.mode.v1"", ""mode_index"": 13, ""side"": ""top"", ""m"": -1, ""n"": -1, ""polarization"": ""p"", ""alpha"": {""real"": 4.486622420048883, ""imag"": 0.0}, ""gamma"": {""real"": -5.983986006837701, ""imag"": 0.0}, ""beta"": {""real"": 4.962895316491319, ""imag"": 0.0}, ""k_vector"": [{""real"": 4.486622420048883, ""imag"": 0.0}, {""real"": -5.983986006837701, ""imag"": 0.0}, {""real"": 4.962895316491319, ""imag"": 0.0}], ""e_vector"": [{""real"": -0.3316804306847465, ""imag"": 0.0}, {""real"": 0.4423753260560313, ""imag"": 0.0}, {""real"": 0.833241959335703, ""imag"": 0.0}], ""h_vector"": [{""real"": -0.8000877286570669, ""imag"": 0.0}, {""real"": -0.5998830106382207, ""imag"": 0.0}, {""real"": -2.4737647522494018e-17, ""imag"": 0.0}], ""refractive_index"": {""real"": 1.0, ""imag"": 0.0}, ""vertical_sign"": 1, ""electric_tangential_norm_sq"": 0.3057078372023989, ""power_per_unit_amplitude"": 0.4063877659977795, ""propagating"": true, ""rayleigh_warning"": false, ""classification"": ""propagating"", ""rayleigh_tolerance"": 1e-06, ""projection_denominator"": 0.4493905206875264, ""traction_vector"": [{""real"": 0.0, ""imag"": -5.384537312098177}, {""real"": 0.0, ""imag"": 7.181570658789672}, {""real"": 0.0, ""imag"": 0.0}]}",1.8821648234358164e-05,-9.150721827581455e-06,1.882164823426552e-05,-9.150721827608475e-06,1.8842193182604635e-05,-9.15911227089638e-06,1.884219318251199e-05,-9.1591122709234e-06,-2.0544948246470547e-08,8.390443314924259e-09,-2.0544948246470547e-08,8.390443314924259e-09,offline_frozen_validation_only; no solver feedback
GNN-R-FINAL,14,"{""schema"": ""fullspace-dtn.mode.v1"", ""mode_index"": 14, ""side"": ""top"", ""m"": -1, ""n"": 0, ""polarization"": ""s"", ""alpha"": {""real"": 4.486622420048883, ""imag"": 0.0}, ""gamma"": {""real"": 0.0, ""imag"": 0.0}, ""beta"": {""real"": 7.774214973389975, ""imag"": 0.0}, ""k_vector"": [{""real"": 4.486622420048883, ""imag"": 0.0}, {""real"": 0.0, ""imag"": 0.0}, {""real"": 7.774214973389975, ""imag"": 0.0}], ""e_vector"": [{""real"": -0.0, ""imag"": 0.0}, {""real"": 1.0, ""imag"": 0.0}, {""real"": 0.0, ""imag"": 0.0}], ""h_vector"": [{""real"": -0.8661133191718294, ""imag"": 0.0}, {""real"": 0.0, ""imag"": 0.0}, {""real"": 0.4998476951563912, ""imag"": 0.0}], ""refractive_index"": {""real"": 1.0, ""imag"": 0.0}, ""vertical_sign"": 1, ""electric_tangential_norm_sq"": 1.0, ""power_per_unit_amplitude"": 0.6365932895912946, ""propagating"": true, ""rayleigh_warning"": false, ""classification"": ""propagating"", ""rayleigh_tolerance"": 1e-06, ""projection_denominator"": 1.47, ""traction_vector"": [{""real"": -0.0, ""imag"": 0.0}, {""real"": 0.0, ""imag"": 7.774214973389975}, {""real"": 0.0, ""imag"": -0.0}]}",-0.00010778729902751792,-7.256608769311266e-05,-0.00010778729902712613,-7.256608769256097e-05,-0.0001077984191275123,-7.256319276933049e-05,-0.00010779841912712052,-7.256319276877881e-05,1.1120099994386132e-08,-2.8949237821653765e-09,1.1120099994386132e-08,-2.8949237821653765e-09,offline_frozen_validation_only; no solver feedback
GNN-R-FINAL,15,"{""schema"": ""fullspace-dtn.mode.v1"", ""mode_index"": 15, ""side"": ""top"", ""m"": -1, ""n"": 0, ""polarization"": ""p"", ""alpha"": {""real"": 4.486622420048883, ""imag"": 0.0}, ""gamma"": {""real"": 0.0, ""imag"": 0.0}, ""beta"": {""real"": 7.774214973389975, ""imag"": 0.0}, ""k_vector"": [{""real"": 4.486622420048883, ""imag"": 0.0}, {""real"": 0.0, ""imag"": 0.0}, {""real"": 7.774214973389975, ""imag"": 0.0}], ""e_vector"": [{""real"": -0.8661133191718294, ""imag"": 0.0}, {""real"": 0.0, ""imag"": 0.0}, {""real"": 0.4998476951563912, ""imag"": 0.0}], ""h_vector"": [{""real"": 0.0, ""imag"": 0.0}, {""real"": -1.0, ""imag"": 0.0}, {""real"": 0.0, ""imag"": 0.0}], ""refractive_index"": {""real"": 1.0, ""imag"": 0.0}, ""vertical_sign"": 1, ""electric_tangential_norm_sq"": 0.7501522816468433, ""power_per_unit_amplitude"": 0.6365932895912946, ""propagating"": true, ""rayleigh_warning"": false, ""classification"": ""propagating"", ""rayleigh_tolerance"": 1e-06, ""projection_denominator"": 1.1027238540208597, ""traction_vector"": [{""real"": 0.0, ""imag"": -8.975979010256552}, {""real"": 0.0, ""imag"": 0.0}, {""real"": 0.0, ""imag"": 0.0}]}",7.139057067082173e-10,-6.086906440302285e-11,7.139057067082173e-10,-6.086906440302285e-11,-7.512217828146564e-16,7.306111960405604e-16,-7.512217828146564e-16,7.306111960405604e-16,7.139064579300001e-10,-6.08697950142189e-11,7.139064579300001e-10,-6.08697950142189e-11,offline_frozen_validation_only; no solver feedback
GNN-R-FINAL,16,"{""schema"": ""fullspace-dtn.mode.v1"", ""mode_index"": 16, ""side"": ""top"", ""m"": -1, ""n"": 1, ""polarization"": ""s"", ""alpha"": {""real"": 4.486622420048883, ""imag"": 0.0}, ""gamma"": {""real"": 5.983986006837701, ""imag"": 0.0}, ""beta"": {""real"": 4.962895316491319, ""imag"": 0.0}, ""k_vector"": [{""real"": 4.486622420048883, ""imag"": 0.0}, {""real"": 5.983986006837701, ""imag"": 0.0}, {""real"": 4.962895316491319, ""imag"": 0.0}], ""e_vector"": [{""real"": -0.8000877286570669, ""imag"": 0.0}, {""real"": 0.5998830106382207, ""imag"": 0.0}, {""real"": 0.0, ""imag"": 0.0}], ""h_vector"": [{""real"": -0.33168043068474645, ""imag"": 0.0}, {""real"": -0.4423753260560312, ""imag"": 0.0}, {""real"": 0.8332419593357027, ""imag"": 0.0}], ""refractive_index"": {""real"": 1.0, ""imag"": 0.0}, ""vertical_sign"": 1, ""electric_tangential_norm_sq"": 0.9999999999999999, ""power_per_unit_amplitude"": 0.4063877659977793, ""propagating"": true, ""rayleigh_warning"": false, ""classification"": ""propagating"", ""rayleigh_tolerance"": 1e-06, ""projection_denominator"": 1.4699999999999998, ""traction_vector"": [{""real"": 0.0, ""imag"": -3.9707516413343344}, {""real"": 0.0, ""imag"": 2.9771565839391374}, {""real"": 0.0, ""imag"": 0.0}]}",2.5554728853428156e-05,-1.2408664863188102e-05,2.5554728853443497e-05,-1.240866486316804e-05,2.5551029449478588e-05,-1.2421186840209803e-05,2.555102944949393e-05,-1.2421186840189742e-05,3.6994039495672566e-09,1.2521977021700859e-08,3.6994039495672566e-09,1.2521977021700859e-08,offline_frozen_validation_only; no solver feedback
GNN-R-FINAL,17,"{""schema"": ""fullspace-dtn.mode.v1"", ""mode_index"": 17, ""side"": ""top"", ""m"": -1, ""n"": 1, ""polarization"": ""p"", ""alpha"": {""real"": 4.486622420048883, ""imag"": 0.0}, ""gamma"": {""real"": 5.983986006837701, ""imag"": 0.0}, ""beta"": {""real"": 4.962895316491319, ""imag"": 0.0}, ""k_vector"": [{""real"": 4.486622420048883, ""imag"": 0.0}, {""real"": 5.983986006837701, ""imag"": 0.0}, {""real"": 4.962895316491319, ""imag"": 0.0}], ""e_vector"": [{""real"": -0.3316804306847465, ""imag"": 0.0}, {""real"": -0.4423753260560313, ""imag"": 0.0}, {""real"": 0.833241959335703, ""imag"": 0.0}], ""h_vector"": [{""real"": 0.8000877286570669, ""imag"": 0.0}, {""real"": -0.5998830106382207, ""imag"": 0.0}, {""real"": 2.4737647522494018e-17, ""imag"": 0.0}], ""refractive_index"": {""real"": 1.0, ""imag"": 0.0}, ""vertical_sign"": 1, ""electric_tangential_norm_sq"": 0.3057078372023989, ""power_per_unit_amplitude"": 0.4063877659977795, ""propagating"": true, ""rayleigh_warning"": false, ""classification"": ""propagating"", ""rayleigh_tolerance"": 1e-06, ""projection_denominator"": 0.4493905206875264, ""traction_vector"": [{""real"": 0.0, ""imag"": -5.384537312098177}, {""real"": 0.0, ""imag"": -7.181570658789672}, {""real"": 0.0, ""imag"": 0.0}]}",-1.885186849302938e-05,9.162873482988337e-06,-1.8851868493110443e-05,9.162873482976756e-06,-1.884219318237659e-05,9.159112271291004e-06,-1.8842193182457654e-05,9.159112271279423e-06,-9.675310652788492e-09,3.761211697333295e-09,-9.675310652788492e-09,3.761211697333295e-09,offline_frozen_validation_only; no solver feedback
GNN-R-FINAL,18,"{""schema"": ""fullspace-dtn.mode.v1"", ""mode_index"": 18, ""side"": ""top"", ""m"": 0, ""n"": 0, ""polarization"": ""s"", ""alpha"": {""real"": 8.97461192517716, ""imag"": 0.0}, ""gamma"": {""real"": 0.0, ""imag"": 0.0}, ""beta"": {""real"": 0.15665243385951635, ""imag"": 0.0}, ""k_vector"": [{""real"": 8.97461192517716, ""imag"": 0.0}, {""real"": 0.0, ""imag"": 0.0}, {""real"": 0.15665243385951635, ""imag"": 0.0}], ""e_vector"": [{""real"": -0.0, ""imag"": 0.0}, {""real"": 1.0, ""imag"": 0.0}, {""real"": 0.0, ""imag"": 0.0}], ""h_vector"": [{""real"": -0.017452406437282755, ""imag"": 0.0}, {""real"": 0.0, ""imag"": 0.0}, {""real"": 0.9998476951563912, ""imag"": 0.0}], ""refractive_index"": {""real"": 1.0, ""imag"": 0.0}, ""vertical_sign"": 1, ""electric_tangential_norm_sq"": 1.0, ""power_per_unit_amplitude"": 0.012827518731402825, ""propagating"": true, ""rayleigh_warning"": false, ""classification"": ""propagating"", ""rayleigh_tolerance"": 1e-06, ""projection_denominator"": 1.47, ""traction_vector"": [{""real"": -0.0, ""imag"": 0.0}, {""real"": 0.0, ""imag"": 0.15665243385951635}, {""real"": 0.0, ""imag"": -0.0}]}",1.230109476720908,-0.5354292576286809,-0.03274920704398683,-0.13553972295167763,1.2301124466956983,-0.5354375258627233,-0.03274623706919645,-0.13554799118572006,-2.9699747903233487e-06,8.268234042430045e-06,-2.96997479037886e-06,8.268234042430045e-06,offline_frozen_validation_only; no solver feedback
GNN-R-FINAL,19,"{""schema"": ""fullspace-dtn.mode.v1"", ""mode_index"": 19, ""side"": ""top"", ""m"": 0, ""n"": 0, ""polarization"": ""p"", ""alpha"": {""real"": 8.97461192517716, ""imag"": 0.0}, ""gamma"": {""real"": 0.0, ""imag"": 0.0}, ""beta"": {""real"": 0.15665243385951635, ""imag"": 0.0}, ""k_vector"": [{""real"": 8.97461192517716, ""imag"": 0.0}, {""real"": 0.0, ""imag"": 0.0}, {""real"": 0.15665243385951635, ""imag"": 0.0}], ""e_vector"": [{""real"": -0.01745240643728276, ""imag"": 0.0}, {""real"": 0.0, ""imag"": 0.0}, {""real"": 0.9998476951563914, ""imag"": 0.0}], ""h_vector"": [{""real"": 0.0, ""imag"": 0.0}, {""real"": -1.0000000000000002, ""imag"": 0.0}, {""real"": 0.0, ""imag"": 0.0}], ""refractive_index"": {""real"": 1.0, ""imag"": 0.0}, ""vertical_sign"": 1, ""electric_tangential_norm_sq"": 0.0003045864904521087, ""power_per_unit_amplitude"": 0.01282751873140283, ""propagating"": true, ""rayleigh_warning"": false, ""classification"": ""propagating"", ""rayleigh_tolerance"": 1e-06, ""projection_denominator"": 0.0004477421409645998, ""traction_vector"": [{""real"": 0.0, ""imag"": -8.975979010256554}, {""real"": 0.0, ""imag"": 0.0}, {""real"": 0.0, ""imag"": 0.0}]}",4.441730588820587e-07,-5.829086580308928e-07,4.441730594134362e-07,-5.829086581991557e-07,-3.154010265628375e-14,6.2826313755395736e-15,-3.1008725138110985e-14,6.1143684406509005e-15,4.4417309042216135e-07,-5.829086643135242e-07,4.4417309042216135e-07,-5.829086643135241e-07,offline_frozen_validation_only; no solver feedback
GNN-R-FINAL,20,"{""schema"": ""fullspace-dtn.mode.v1"", ""mode_index"": 20, ""side"": ""bottom"", ""m"": -3, ""n"": -1, ""polarization"": ""s"", ""alpha"": {""real"": -4.489356590207668, ""imag"": 0.0}, ""gamma"": {""real"": -5.983986006837701, ""imag"": 0.0}, ""beta"": {""real"": 4.958556350844336, ""imag"": 7.026217474247436e-05}, ""k_vector"": [{""real"": -4.489356590207668, ""imag"": 0.0}, {""real"": -5.983986006837701, ""imag"": 0.0}, {""real"": -4.958556350844336, ""imag"": -7.026217474247436e-05}], ""e_vector"": [{""real"": 0.7999122734807461, ""imag"": -0.0}, {""real"": -0.6001169508811294, ""imag"": 0.0}, {""real"": 0.0, ""imag"": 0.0}], ""h_vector"": [{""real"": -0.3315196832168072, ""imag"": -4.697595885702236e-06}, {""real"": -0.4418916398148882, ""imag"": -6.261553850976274e-06}, {""real"": 0.8334247251460797, ""imag"": -0.0}], ""refractive_index"": {""real"": 0.999885140474, ""imag"": 4.32477054e-06}, ""vertical_sign"": -1, ""electric_tangential_norm_sq"": 0.9999999999999998, ""power_per_unit_amplitude"": 0.4060324688489237, ""propagating"": true, ""rayleigh_warning"": false, ""classification"": ""propagating"", ""rayleigh_tolerance"": 1e-06, ""projection_denominator"": 1.4699638505555863, ""traction_vector"": [{""real"": -5.620357593795412e-05, ""imag"": 3.9664100837862852}, {""real"": 4.216552206873081e-05, ""imag"": -2.975713718040963}, {""real"": 0.0, ""imag"": 0.0}]}",-9.535661033256734e-06,-4.560801476072105e-07,-9.535661033255553e-06,-4.560801475906889e-07,-9.549378700067261e-06,-4.3615840469472487e-07,-9.54937870006608e-06,-4.361584046782033e-07,1.3717666810527412e-08,-1.992174291248562e-08,1.3717666810527412e-08,-1.992174291248562e-08,offline_frozen_validation_only; no solver feedback
GNN-R-FINAL,21,"{""schema"": ""fullspace-dtn.mode.v1"", ""mode_index"": 21, ""side"": ""bottom"", ""m"": -3, ""n"": -1, ""polarization"": ""p"", ""alpha"": {""real"": -4.489356590207668, ""imag"": 0.0}, ""gamma"": {""real"": -5.983986006837701, ""imag"": 0.0}, ""beta"": {""real"": 4.958556350844336, ""imag"": 7.026217474247436e-05}, ""k_vector"": [{""real"": -4.489356590207668, ""imag"": 0.0}, {""real"": -5.983986006837701, ""imag"": 0.0}, {""real"": -4.958556350844336, ""imag"": -7.026217474247436e-05}], ""e_vector"": [{""real"": -0.33155776578462687, ""imag"": -3.264059536059784e-06}, {""real"": -0.4419424011095991, ""imag"": -4.350754099567616e-06}, {""real"": 0.8335204628602758, ""imag"": -3.605198833694458e-06}], ""h_vector"": [{""real"": -0.7998203959021161, ""imag"": -3.4594370347866507e-06}, {""real"": 0.6000480217070564, ""imag"": 2.595368109614824e-06}, {""real"": 4.9475295044988036e-17, ""imag"": 0.0}], ""refractive_index"": {""real"": 0.999885140474, ""imag"": 4.32477054e-06}, ""vertical_sign"": -1, ""electric_tangential_norm_sq"": 0.30524363798019444, ""power_per_unit_amplitude"": 0.4060324688489239, ""propagating"": true, ""rayleigh_warning"": false, ""classification"": ""propagating"", ""rayleigh_tolerance"": 1e-06, ""projection_denominator"": 0.4486971134429621, ""traction_vector"": [{""real"": 2.3295969675791888e-05, ""imag"": -5.386018447988506}, {""real"": 3.105183421154914e-05, ""imag"": -7.179171085592479}, {""real"": 0.0, ""imag"": 0.0}]}",-7.04026024575358e-06,-3.2009368347923056e-07,-7.040260245803839e-06,-3.200936834521676e-07,-7.0323782198768244e-06,-3.1660784057617397e-07,-7.032378219927084e-06,-3.16607840549111e-07,-7.882025876755203e-09,-3.485842903056598e-09,-7.882025876755203e-09,-3.485842903056598e-09,offline_frozen_validation_only; no solver feedback
GNN-R-FINAL,22,"{""schema"": ""fullspace-dtn.mode.v1"", ""mode_index"": 22, ""side"": ""bottom"", ""m"": -3, ""n"": 0, ""polarization"": ""s"", ""alpha"": {""real"": -4.489356590207668, ""imag"": 0.0}, ""gamma"": {""real"": 0.0, ""imag"": 0.0}, ""beta"": {""real"": 7.771445786441615, ""imag"": 4.483064829471781e-05}, ""k_vector"": [{""real"": -4.489356590207668, ""imag"": 0.0}, {""real"": 0.0, ""imag"": 0.0}, {""real"": -7.771445786441615, ""imag"": -4.483064829471781e-05}], ""e_vector"": [{""real"": -0.0, ""imag"": 0.0}, {""real"": -1.0, ""imag"": 0.0}, {""real"": 0.0, ""imag"": 0.0}], ""h_vector"": [{""real"": -0.8658048083180055, ""imag"": -4.994513494683011e-06}, {""real"": 0.0, ""imag"": 0.0}, {""real"": 0.5001523048436087, ""imag"": -0.0}], ""refractive_index"": {""real"": 0.999885140474, ""imag"": 4.32477054e-06}, ""vertical_sign"": -1, ""electric_tangential_norm_sq"": 1.0, ""power_per_unit_amplitude"": 0.6363665341137341, ""propagating"": true, ""rayleigh_warning"": false, ""classification"": ""propagating"", ""rayleigh_tolerance"": 1e-06, ""projection_denominator"": 1.469976934812407, ""traction_vector"": [{""real"": -0.0, ""imag"": 0.0}, {""real"": 4.483064829471781e-05, ""imag"": -7.771445786441615}, {""real"": 0.0, ""imag"": 0.0}]}",2.249082828821396e-05,-3.5548366070909153e-05,2.249082828841812e-05,-3.554836607139299e-05,2.2500825790873014e-05,-3.5535196088581886e-05,2.2500825791077173e-05,-3.5535196089065725e-05,-9.997502659054685e-09,-1.316998232726716e-08,-9.997502659054685e-09,-1.316998232726716e-08,offline_frozen_validation_only; no solver feedback
GNN-R-FINAL,23,"{""schema"": ""fullspace-dtn.mode.v1"", ""mode_index"": 23, ""side"": ""bottom"", ""m"": -3, ""n"": 0, ""polarization"": ""p"", ""alpha"": {""real"": -4.489356590207668, ""imag"": 0.0}, ""gamma"": {""real"": 0.0, ""imag"": 0.0}, ""beta"": {""real"": 7.771445786441615, ""imag"": 4.483064829471781e-05}, ""k_vector"": [{""real"": -4.489356590207668, ""imag"": 0.0}, {""real"": 0.0, ""imag"": 0.0}, {""real"": -7.771445786441615, ""imag"": -4.483064829471781e-05}], ""e_vector"": [{""real"": -0.8659042656715219, ""imag"": -1.2498197897239332e-06}, {""real"": 0.0, ""imag"": 0.0}, {""real"": 0.5002097586869129, ""imag"": -2.163540931475541e-06}], ""h_vector"": [{""real"": 0.0, ""imag"": 0.0}, {""real"": 0.999885140467758, ""imag"": 4.324770539973001e-06}, {""real"": 0.0, ""imag"": 0.0}], ""refractive_index"": {""real"": 0.999885140474, ""imag"": 4.32477054e-06}, ""vertical_sign"": -1, ""electric_tangential_norm_sq"": 0.7497901973096996, ""power_per_unit_amplitude"": 0.6363665341137341, ""propagating"": true, ""rayleigh_warning"": false, ""classification"": ""propagating"", ""rayleigh_tolerance"": 1e-06, ""projection_denominator"": 1.1021742959937022, ""traction_vector"": [{""real"": 3.881904959097355e-05, ""imag"": -8.97494803350602}, {""real"": 0.0, ""imag"": 0.0}, {""real"": 0.0, ""imag"": 0.0}]}",2.1073467464954546e-08,4.208818117176616e-09,2.1073467464954546e-08,4.208818117176616e-09,9.921735257066193e-16,7.637390319947128e-17,9.921735257066193e-16,7.637390319947126e-17,2.107346647278102e-08,4.2088180408027125e-09,2.107346647278102e-08,4.2088180408027125e-09,offline_frozen_validation_only; no solver feedback
GNN-R-FINAL,24,"{""schema"": ""fullspace-dtn.mode.v1"", ""mode_index"": 24, ""side"": ""bottom"", ""m"": -3, ""n"": 1, ""polarization"": ""s"", ""alpha"": {""real"": -4.489356590207668, ""imag"": 0.0}, ""gamma"": {""real"": 5.983986006837701, ""imag"": 0.0}, ""beta"": {""real"": 4.958556350844336, ""imag"": 7.026217474247436e-05}, ""k_vector"": [{""real"": -4.489356590207668, ""imag"": 0.0}, {""real"": 5.983986006837701, ""imag"": 0.0}, {""real"": -4.958556350844336, ""imag"": -7.026217474247436e-05}], ""e_vector"": [{""real"": -0.7999122734807461, ""imag"": 0.0}, {""real"": -0.6001169508811294, ""imag"": 0.0}, {""real"": 0.0, ""imag"": 0.0}], ""h_vector"": [{""real"": -0.3315196832168072, ""imag"": -4.697595885702236e-06}, {""real"": 0.4418916398148882, ""imag"": 6.261553850976274e-06}, {""real"": 0.8334247251460797, ""imag"": -0.0}], ""refractive_index"": {""real"": 0.999885140474, ""imag"": 4.32477054e-06}, ""vertical_sign"": -1, ""electric_tangential_norm_sq"": 0.9999999999999998, ""power_per_unit_amplitude"": 0.4060324688489237, ""propagating"": true, ""rayleigh_warning"": false, ""classification"": ""propagating"", ""rayleigh_tolerance"": 1e-06, ""projection_denominator"": 1.4699638505555863, ""traction_vector"": [{""real"": 5.620357593795412e-05, ""imag"": -3.9664100837862852}, {""real"": 4.216552206873081e-05, ""imag"": -2.975713718040963}, {""real"": 0.0, ""imag"": 0.0}]}",-9.519886874427679e-06,-4.503867695870328e-07,-9.519886874460721e-06,-4.503867695752317e-07,-9.549378700351722e-06,-4.3615840435813124e-07,-9.549378700384765e-06,-4.361584043463301e-07,2.949182592404326e-08,-1.4228365228901589e-08,2.949182592404326e-08,-1.4228365228901589e-08,offline_frozen_validation_only; no solver feedback
GNN-R-FINAL,25,"{""schema"": ""fullspace-dtn.mode.v1"", ""mode_index"": 25, ""side"": ""bottom"", ""m"": -3, ""n"": 1, ""polarization"": ""p"", ""alpha"": {""real"": -4.489356590207668, ""imag"": 0.0}, ""gamma"": {""real"": 5.983986006837701, ""imag"": 0.0}, ""beta"": {""real"": 4.958556350844336, ""imag"": 7.026217474247436e-05}, ""k_vector"": [{""real"": -4.489356590207668, ""imag"": 0.0}, {""real"": 5.983986006837701, ""imag"": 0.0}, {""real"": -4.958556350844336, ""imag"": -7.026217474247436e-05}], ""e_vector"": [{""real"": -0.33155776578462687, ""imag"": -3.264059536059784e-06}, {""real"": 0.4419424011095991, ""imag"": 4.350754099567616e-06}, {""real"": 0.8335204628602758, ""imag"": -3.605198833694458e-06}], ""h_vector"": [{""real"": 0.7998203959021161, ""imag"": 3.4594370347866507e-06}, {""real"": 0.6000480217070564, ""imag"": 2.595368109614824e-06}, {""real"": -4.9475295044988036e-17, ""imag"": 0.0}], ""refractive_index"": {""real"": 0.999885140474, ""imag"": 4.32477054e-06}, ""vertical_sign"": -1, ""electric_tangential_norm_sq"": 0.30524363798019444, ""power_per_unit_amplitude"": 0.4060324688489239, ""propagating"": true, ""rayleigh_warning"": false, ""classification"": ""propagating"", ""rayleigh_tolerance"": 1e-06, ""projection_denominator"": 0.4486971134429621, ""traction_vector"": [{""real"": 2.3295969675791888e-05, ""imag"": -5.386018447988506}, {""real"": -3.105183421154914e-05, ""imag"": 7.179171085592479}, {""real"": 0.0, ""imag"": 0.0}]}",6.997707714836946e-06,3.2751610952570457e-07,6.99770771488334e-06,3.275161095411691e-07,7.0323782197460426e-06,3.16607841783482e-07,7.032378219792436e-06,3.1660784179894655e-07,-3.467050490909633e-08,1.090826774222257e-08,-3.467050490909633e-08,1.090826774222257e-08,offline_frozen_validation_only; no solver feedback
GNN-R-FINAL,26,"{""schema"": ""fullspace-dtn.mode.v1"", ""mode_index"": 26, ""side"": ""bottom"", ""m"": -2, ""n"": -1, ""polarization"": ""s"", ""alpha"": {""real"": -0.0013670850793925382, ""imag"": 0.0}, ""gamma"": {""real"": -5.983986006837701, ""imag"": 0.0}, ""beta"": {""real"": 6.68891634028968, ""imag"": 5.2086008415877786e-05}, ""k_vector"": [{""real"": -0.0013670850793925382, ""imag"": 0.0}, {""real"": -5.983986006837701, ""imag"": 0.0}, {""real"": -6.68891634028968, ""imag"": -5.2086008415877786e-05}], ""e_vector"": [{""real"": 0.9999999739036398, ""imag"": -0.0}, {""real"": -0.00022845725945122052, ""imag"": 0.0}, {""real"": 0.0, ""imag"": 0.0}], ""h_vector"": [{""real"": -0.0001702467768758063, ""imag"": -1.3256968097683348e-09}, {""real"": -0.7452018501926205, ""imag"": -5.802821842286574e-06}, {""real"": 0.6666666840642403, ""imag"": -0.0}], ""refractive_index"": {""real"": 0.999885140474, ""imag"": 4.32477054e-06}, ""vertical_sign"": -1, ""electric_tangential_norm_sq"": 0.9999999999999997, ""power_per_unit_amplitude"": 0.5477233741851624, ""propagating"": true, ""rayleigh_warning"": false, ""classification"": ""propagating"", ""rayleigh_tolerance"": 1e-06, ""projection_denominator"": 1.4699732019929355, ""traction_vector"": [{""real"": -5.208600705662255e-05, ""imag"": 6.68891616573331}, {""real"": 1.1899426738444647e-08, ""imag"": -0.0015281314958010678}, {""real"": 0.0, ""imag"": 0.0}]}",-8.5202023612312e-09,-2.5518169722975547e-08,-8.520202361221981e-09,-2.5518169722970362e-08,-8.318854379968599e-09,-1.6920271814008964e-09,-8.318854379959379e-09,-1.6920271813957104e-09,-2.013479812626019e-10,-2.3826142541574652e-08,-2.013479812626019e-10,-2.3826142541574652e-08,offline_frozen_validation_only; no solver feedback
GNN-R-FINAL,27,"{""schema"": ""fullspace-dtn.mode.v1"", ""mode_index"": 27, ""side"": ""bottom"", ""m"": -2, ""n"": -1, ""polarization"": ""p"", ""alpha"": {""real"": -0.0013670850793925382, ""imag"": 0.0}, ""gamma"": {""real"": -5.983986006837701, ""imag"": 0.0}, ""beta"": {""real"": 6.68891634028968, ""imag"": 5.2086008415877786e-05}, ""k_vector"": [{""real"": -0.0013670850793925382, ""imag"": 0.0}, {""real"": -5.983986006837701, ""imag"": 0.0}, {""real"": -6.68891634028968, ""imag"": -5.2086008415877786e-05}], ""e_vector"": [{""real"": -0.0001702663335861758, ""imag"": -5.894016846993088e-10}, {""real"": -0.7452874535562701, ""imag"": -2.5799209477250923e-06}, {""real"": 0.6667432658572671, ""imag"": -2.8838428707480877e-06}], ""h_vector"": [{""real"": -0.999885114365667, ""imag"": -4.32477042707448e-06}, {""real"": 0.0002284310189552686, ""imag"": 9.880252253089822e-10}, {""real"": 2.4157858908685565e-20, ""imag"": -4.6077459161158685e-26}], ""refractive_index"": {""real"": 0.999885140474, ""imag"": 4.32477054e-06}, ""vertical_sign"": -1, ""electric_tangential_norm_sq"": 0.5554534174256699, ""power_per_unit_amplitude"": 0.547723374185163, ""propagating"": true, ""rayleigh_warning"": false, ""classification"": ""propagating"", ""rayleigh_tolerance"": 1e-06, ""projection_denominator"": 0.8165016385711308, ""traction_vector"": [{""real"": 8.868493683977426e-09, ""imag"": -0.0020503920314340076}, {""real"": 3.8819048577598794e-05, ""imag"": -8.974947799214199}, {""real"": 0.0, ""imag"": 0.0}]}",-1.6496923997882445e-05,-2.7883818669330254e-06,-1.6496923997839954e-05,-2.7883818669330254e-06,-1.649730512294347e-05,-2.8045120940932605e-06,-1.649730512290098e-05,-2.8045120940932605e-06,3.811250610254006e-10,1.613022716023513e-08,3.811250610254006e-10,1.613022716023513e-08,offline_frozen_validation_only; no solver feedback
GNN-R-FINAL,28,"{""schema"": ""fullspace-dtn.mode.v1"", ""mode_index"": 28, ""side"": ""bottom"", ""m"": -2, ""n"": 0, ""polarization"": ""s"", ""alpha"": {""real"": -0.0013670850793925382, ""imag"": 0.0}, ""gamma"": {""real"": 0.0, ""imag"": 0.0}, ""beta"": {""real"": 8.97494792944325, ""imag"": 3.8819050041557536e-05}, ""k_vector"": [{""real"": -0.0013670850793925382, ""imag"": 0.0}, {""real"": 0.0, ""imag"": 0.0}, {""real"": -8.97494792944325, ""imag"": -3.8819050041557536e-05}], ""e_vector"": [{""real"": -0.0, ""imag"": 0.0}, {""real"": -1.0, ""imag"": 0.0}, {""real"": 0.0, ""imag"": 0.0}], ""h_vector"": [{""real"": -0.9998851288742849, ""imag"": -4.324770590171869e-06}, {""real"": 0.0, ""imag"": 0.0}, {""real"": 0.00015230484360874904, ""imag"": -0.0}], ""refractive_index"": {""real"": 0.999885140474, ""imag"": 4.32477054e-06}, ""vertical_sign"": -1, ""electric_tangential_norm_sq"": 1.0, ""power_per_unit_amplitude"": 0.7349155697225994, ""propagating"": true, ""rayleigh_warning"": false, ""classification"": ""propagating"", ""rayleigh_tolerance"": 1e-06, ""projection_denominator"": 1.4699800277344321, ""traction_vector"": [{""real"": -0.0, ""imag"": 0.0}, {""real"": 3.8819050041557536e-05, ""imag"": -8.97494792944325}, {""real"": 0.0, ""imag"": 0.0}]}",-3.311259616283495e-06,-1.6074337792601625e-05,-3.311259616543168e-06,-1.6074337792293027e-05,-3.2981256979544157e-06,-1.607450770976354e-05,-3.2981256982140885e-06,-1.607450770945494e-05,-1.3133918329079431e-08,1.6991716191421002e-10,-1.3133918329079431e-08,1.6991716191421002e-10,offline_frozen_validation_only; no solver feedback
GNN-R-FINAL,29,"{""schema"": ""fullspace-dtn.mode.v1"", ""mode_index"": 29, ""side"": ""bottom"", ""m"": -2, ""n"": 0, ""polarization"": ""p"", ""alpha"": {""real"": -0.0013670850793925382, ""imag"": 0.0}, ""gamma"": {""real"": 0.0, ""imag"": 0.0}, ""beta"": {""real"": 8.97494792944325, ""imag"": 3.8819050041557536e-05}, ""k_vector"": [{""real"": -0.0013670850793925382, ""imag"": 0.0}, {""real"": 0.0, ""imag"": 0.0}, {""real"": -8.97494792944325, ""imag"": -3.8819050041557536e-05}], ""e_vector"": [{""real"": -0.9999999883989524, ""imag"": -1.0035526433266723e-13}, {""real"": 0.0, ""imag"": 0.0}, {""real"": 0.00015232233927758835, ""imag"": -6.588348389489128e-10}], ""h_vector"": [{""real"": 0.0, ""imag"": 0.0}, {""real"": 0.9998851404740002, ""imag"": 4.324770539999998e-06}, {""real"": 0.0, ""imag"": 0.0}], ""refractive_index"": {""real"": 0.999885140474, ""imag"": 4.32477054e-06}, ""vertical_sign"": -1, ""electric_tangential_norm_sq"": 0.999999976797905, ""power_per_unit_amplitude"": 0.7349155697225995, ""propagating"": true, ""rayleigh_warning"": false, ""classification"": ""propagating"", ""rayleigh_tolerance"": 1e-06, ""projection_denominator"": 1.469979993627816, ""traction_vector"": [{""real"": 3.881904959121588e-05, ""imag"": -8.97494803356205}, {""real"": 0.0, ""imag"": 0.0}, {""real"": 0.0, ""imag"": 0.0}]}",-7.084866438987154e-09,-7.865547823013014e-09,-7.084866438987154e-09,-7.865547823013014e-09,5.901173302659412e-17,-1.6734047403331803e-16,5.90117330265941e-17,-1.6734047403331795e-16,-7.084866497998887e-09,-7.86554765567254e-09,-7.084866497998887e-09,-7.86554765567254e-09,offline_frozen_validation_only; no solver feedback
GNN-R-FINAL,30,"{""schema"": ""fullspace-dtn.mode.v1"", ""mode_index"": 30, ""side"": ""bottom"", ""m"": -2, ""n"": 1, ""polarization"": ""s"", ""alpha"": {""real"": -0.0013670850793925382, ""imag"": 0.0}, ""gamma"": {""real"": 5.983986006837701, ""imag"": 0.0}, ""beta"": {""real"": 6.68891634028968, ""imag"": 5.2086008415877786e-05}, ""k_vector"": [{""real"": -0.0013670850793925382, ""imag"": 0.0}, {""real"": 5.983986006837701, ""imag"": 0.0}, {""real"": -6.68891634028968, ""imag"": -5.2086008415877786e-05}], ""e_vector"": [{""real"": -0.9999999739036398, ""imag"": 0.0}, {""real"": -0.00022845725945122052, ""imag"": 0.0}, {""real"": 0.0, ""imag"": 0.0}], ""h_vector"": [{""real"": -0.0001702467768758063, ""imag"": -1.3256968097683348e-09}, {""real"": 0.7452018501926205, ""imag"": 5.802821842286574e-06}, {""real"": 0.6666666840642403, ""imag"": -0.0}], ""refractive_index"": {""real"": 0.999885140474, ""imag"": 4.32477054e-06}, ""vertical_sign"": -1, ""electric_tangential_norm_sq"": 0.9999999999999997, ""power_per_unit_amplitude"": 0.5477233741851624, ""propagating"": true, ""rayleigh_warning"": false, ""classification"": ""propagating"", ""rayleigh_tolerance"": 1e-06, ""projection_denominator"": 1.4699732019929355, ""traction_vector"": [{""real"": 5.208600705662255e-05, ""imag"": -6.68891616573331}, {""real"": 1.1899426738444647e-08, ""imag"": -0.0015281314958010678}, {""real"": 0.0, ""imag"": 0.0}]}",-2.464799220648231e-08,-2.155305137702061e-08,-2.4647992206477702e-08,-2.1553051377024355e-08,-8.318854144220389e-09,-1.6920271921818259e-09,-8.31885414421578e-09,-1.6920271921855713e-09,-1.6329138062261922e-08,-1.9861024184838785e-08,-1.6329138062261922e-08,-1.9861024184838785e-08,offline_frozen_validation_only; no solver feedback
GNN-R-FINAL,31,"{""schema"": ""fullspace-dtn.mode.v1"", ""mode_index"": 31, ""side"": ""bottom"", ""m"": -2, ""n"": 1, ""polarization"": ""p"", ""alpha"": {""real"": -0.0013670850793925382, ""imag"": 0.0}, ""gamma"": {""real"": 5.983986006837701, ""imag"": 0.0}, ""beta"": {""real"": 6.68891634028968, ""imag"": 5.2086008415877786e-05}, ""k_vector"": [{""real"": -0.0013670850793925382, ""imag"": 0.0}, {""real"": 5.983986006837701, ""imag"": 0.0}, {""real"": -6.68891634028968, ""imag"": -5.2086008415877786e-05}], ""e_vector"": [{""real"": -0.0001702663335861758, ""imag"": -5.894016846993088e-10}, {""real"": 0.7452874535562701, ""imag"": 2.5799209477250923e-06}, {""real"": 0.6667432658572671, ""imag"": -2.8838428707480877e-06}], ""h_vector"": [{""real"": 0.999885114365667, ""imag"": 4.32477042707448e-06}, {""real"": 0.0002284310189552686, ""imag"": 9.880252253089822e-10}, {""real"": -2.4157858908685565e-20, ""imag"": 4.6077459161158685e-26}], ""refractive_index"": {""real"": 0.999885140474, ""imag"": 4.32477054e-06}, ""vertical_sign"": -1, ""electric_tangential_norm_sq"": 0.5554534174256699, ""power_per_unit_amplitude"": 0.547723374185163, ""propagating"": true, ""rayleigh_warning"": false, ""classification"": ""propagating"", ""rayleigh_tolerance"": 1e-06, ""projection_denominator"": 0.8165016385711308, ""traction_vector"": [{""real"": 8.868493683977426e-09, ""imag"": -0.0020503920314340076}, {""real"": -3.8819048577598794e-05, ""imag"": 8.974947799214199}, {""real"": 0.0, ""imag"": 0.0}]}",1.6490822842730767e-05,2.8156974562451373e-06,1.6490822842696774e-05,2.8156974562791305e-06,1.6497305123386963e-05,2.8045120944097438e-06,1.649730512335297e-05,2.804512094443737e-06,-6.482280656196373e-09,1.1185361835393593e-08,-6.482280656196373e-09,1.1185361835393593e-08,offline_frozen_validation_only; no solver feedback
GNN-R-FINAL,32,"{""schema"": ""fullspace-dtn.mode.v1"", ""mode_index"": 32, ""side"": ""bottom"", ""m"": -1, ""n"": -1, ""polarization"": ""s"", ""alpha"": {""real"": 4.486622420048883, ""imag"": 0.0}, ""gamma"": {""real"": -5.983986006837701, ""imag"": 0.0}, ""beta"": {""real"": 4.961030431115042, ""imag"": 7.022713479206063e-05}, ""k_vector"": [{""real"": 4.486622420048883, ""imag"": 0.0}, {""real"": -5.983986006837701, ""imag"": 0.0}, {""real"": -4.961030431115042, ""imag"": -7.022713479206063e-05}], ""e_vector"": [{""real"": 0.8000877286570669, ""imag"": -0.0}, {""real"": 0.5998830106382207, ""imag"": 0.0}, {""real"": 0.0, ""imag"": 0.0}], ""h_vector"": [{""real"": 0.3315557965860328, ""imag"": 4.693422856650971e-06}, {""real"": -0.4422090966226506, ""imag"": -6.259803939121232e-06}, {""real"": 0.8332419593357027, ""imag"": 0.0}], ""refractive_index"": {""real"": 0.999885140474, ""imag"": 4.32477054e-06}, ""vertical_sign"": -1, ""electric_tangential_norm_sq"": 0.9999999999999999, ""power_per_unit_amplitude"": 0.4062350594517862, ""propagating"": true, ""rayleigh_warning"": false, ""classification"": ""propagating"", ""rayleigh_tolerance"": 1e-06, ""projection_denominator"": 1.469963868583197, ""traction_vector"": [{""real"": -5.6187868765873466e-05, ""imag"": 3.9692595694294237}, {""real"": -4.212806504755746e-05, ""imag"": 2.9760378708851216}, {""real"": -0.0, ""imag"": 0.0}]}",1.3126066953834497e-06,-2.8587098600111497e-05,1.3126066953905304e-06,-2.8587098600120936e-05,1.3478982120230951e-06,-2.8617351950530372e-05,1.3478982120301759e-06,-2.8617351950539812e-05,-3.529151663964544e-08,3.02533504188755e-08,-3.529151663964544e-08,3.02533504188755e-08,offline_frozen_validation_only; no solver feedback
GNN-R-FINAL,33,"{""schema"": ""fullspace-dtn.mode.v1"", ""mode_index"": 33, ""side"": ""bottom"", ""m"": -1, ""n"": -1, ""polarization"": ""p"", ""alpha"": {""real"": 4.486622420048883, ""imag"": 0.0}, ""gamma"": {""real"": -5.983986006837701, ""imag"": 0.0}, ""beta"": {""real"": 4.961030431115042, ""imag"": 7.022713479206063e-05}, ""k_vector"": [{""real"": 4.486622420048883, ""imag"": 0.0}, {""real"": -5.983986006837701, ""imag"": 0.0}, {""real"": -4.961030431115042, ""imag"": -7.022713479206063e-05}], ""e_vector"": [{""real"": 0.3315938833022934, ""imag"": 3.259729809722286e-06}, {""real"": -0.4422598943844885, ""imag"": -4.347630743403933e-06}, {""real"": 0.8333376760551552, ""imag"": -3.604408231896424e-06}], ""h_vector"": [{""real"": -0.7999958309257797, ""imag"": -3.4601958381644716e-06}, {""real"": -0.5998141083344596, ""imag"": -2.594356371744373e-06}, {""real"": 0.0, ""imag"": 3.7746654544821195e-22}], ""refractive_index"": {""real"": 0.999885140474, ""imag"": 4.32477054e-06}, ""vertical_sign"": -1, ""electric_tangential_norm_sq"": 0.3055483176540016, ""power_per_unit_amplitude"": 0.4062350594517864, ""propagating"": true, ""rayleigh_warning"": false, ""classification"": ""propagating"", ""rayleigh_tolerance"": 1e-06, ""projection_denominator"": 0.4491449870577638, ""traction_vector"": [{""real"": -2.3286888337902835e-05, ""imag"": 5.383918846465859}, {""real"": 3.1058645214741376e-05, ""imag"": -7.180745786682548}, {""real"": 0.0, ""imag"": 0.0}]}",-9.925394989280723e-07,2.1113457967526775e-05,-9.92539498895243e-07,2.1113457967441804e-05,-9.897602625340122e-07,2.110575118169754e-05,-9.89760262501183e-07,2.1105751181612568e-05,-2.779236394060119e-09,7.706785829236247e-09,-2.779236394060119e-09,7.706785829236247e-09,offline_frozen_validation_only; no solver feedback
GNN-R-FINAL,34,"{""schema"": ""fullspace-dtn.mode.v1"", ""mode_index"": 34, ""side"": ""bottom"", ""m"": -1, ""n"": 0, ""polarization"": ""s"", ""alpha"": {""real"": 4.486622420048883, ""imag"": 0.0}, ""gamma"": {""real"": 0.0, ""imag"": 0.0}, ""beta"": {""real"": 7.773024602145297, ""imag"": 4.482154253021086e-05}, ""k_vector"": [{""real"": 4.486622420048883, ""imag"": 0.0}, {""real"": 0.0, ""imag"": 0.0}, {""real"": -7.773024602145297, ""imag"": -4.482154253021086e-05}], ""e_vector"": [{""real"": -0.0, ""imag"": 0.0}, {""real"": 1.0, ""imag"": 0.0}, {""real"": 0.0, ""imag"": 0.0}], ""h_vector"": [{""real"": 0.865980701744436, ""imag"": 4.993499035480673e-06}, {""real"": 0.0, ""imag"": 0.0}, {""real"": 0.4998476951563912, ""imag"": 0.0}], ""refractive_index"": {""real"": 0.999885140474, ""imag"": 4.32477054e-06}, ""vertical_sign"": -1, ""electric_tangential_norm_sq"": 1.0, ""power_per_unit_amplitude"": 0.6364958157821604, ""propagating"": true, ""rayleigh_warning"": false, ""classification"": ""propagating"", ""rayleigh_tolerance"": 1e-06, ""projection_denominator"": 1.46997693949725, ""traction_vector"": [{""real"": -0.0, ""imag"": 0.0}, {""real"": -4.482154253021086e-05, ""imag"": 7.773024602145297}, {""real"": -0.0, ""imag"": 0.0}]}",9.924841880343263e-05,-7.780391709522755e-05,9.924841880290984e-05,-7.780391709507649e-05,9.926308743385664e-05,-7.780678494999836e-05,9.926308743333385e-05,-7.78067849498473e-05,-1.4668630424007718e-08,2.867854770812763e-09,-1.4668630424007718e-08,2.867854770812763e-09,offline_frozen_validation_only; no solver feedback
GNN-R-FINAL,35,"{""schema"": ""fullspace-dtn.mode.v1"", ""mode_index"": 35, ""side"": ""bottom"", ""m"": -1, ""n"": 0, ""polarization"": ""p"", ""alpha"": {""real"": 4.486622420048883, ""imag"": 0.0}, ""gamma"": {""real"": 0.0, ""imag"": 0.0}, ""beta"": {""real"": 7.773024602145297, ""imag"": 4.482154253021086e-05}, ""k_vector"": [{""real"": 4.486622420048883, ""imag"": 0.0}, {""real"": 0.0, ""imag"": 0.0}, {""real"": -7.773024602145297, ""imag"": -4.482154253021086e-05}], ""e_vector"": [{""real"": 0.8660801793033087, ""imag"": 1.2480443405020596e-06}, {""real"": 0.0, ""imag"": 0.0}, {""real"": 0.4999051140083646, ""imag"": -2.1622232617976723e-06}], ""h_vector"": [{""real"": 0.0, ""imag"": 0.0}, {""real"": -0.9998851404677681, ""imag"": -4.324770539973044e-06}, {""real"": 0.0, ""imag"": 0.0}], ""refractive_index"": {""real"": 0.999885140474, ""imag"": 4.32477054e-06}, ""vertical_sign"": -1, ""electric_tangential_norm_sq"": 0.750094876983609, ""power_per_unit_amplitude"": 0.6364958157821605, ""propagating"": true, ""rayleigh_warning"": false, ""classification"": ""propagating"", ""rayleigh_tolerance"": 1e-06, ""projection_denominator"": 1.1026221716009317, ""traction_vector"": [{""real"": -3.881904959097394e-05, ""imag"": 8.974948033506111}, {""real"": 0.0, ""imag"": 0.0}, {""real"": 0.0, ""imag"": 0.0}]}",1.2547184109584782e-08,-1.109099245951709e-08,1.2547184109584782e-08,-1.109099245951709e-08,-3.1369553848747296e-17,3.598636189989576e-16,-3.136955384874734e-17,3.5986361899895763e-16,1.2547184140954336e-08,-1.1090992819380709e-08,1.2547184140954336e-08,-1.1090992819380709e-08,offline_frozen_validation_only; no solver feedback
GNN-R-FINAL,36,"{""schema"": ""fullspace-dtn.mode.v1"", ""mode_index"": 36, ""side"": ""bottom"", ""m"": -1, ""n"": 1, ""polarization"": ""s"", ""alpha"": {""real"": 4.486622420048883, ""imag"": 0.0}, ""gamma"": {""real"": 5.983986006837701, ""imag"": 0.0}, ""beta"": {""real"": 4.961030431115042, ""imag"": 7.022713479206063e-05}, ""k_vector"": [{""real"": 4.486622420048883, ""imag"": 0.0}, {""real"": 5.983986006837701, ""imag"": 0.0}, {""real"": -4.961030431115042, ""imag"": -7.022713479206063e-05}], ""e_vector"": [{""real"": -0.8000877286570669, ""imag"": 0.0}, {""real"": 0.5998830106382207, ""imag"": 0.0}, {""real"": 0.0, ""imag"": 0.0}], ""h_vector"": [{""real"": 0.3315557965860328, ""imag"": 4.693422856650971e-06}, {""real"": 0.4422090966226506, ""imag"": 6.259803939121232e-06}, {""real"": 0.8332419593357027, ""imag"": 0.0}], ""refractive_index"": {""real"": 0.999885140474, ""imag"": 4.32477054e-06}, ""vertical_sign"": -1, ""electric_tangential_norm_sq"": 0.9999999999999999, ""power_per_unit_amplitude"": 0.4062350594517862, ""propagating"": true, ""rayleigh_warning"": false, ""classification"": ""propagating"", ""rayleigh_tolerance"": 1e-06, ""projection_denominator"": 1.469963868583197, ""traction_vector"": [{""real"": 5.6187868765873466e-05, ""imag"": -3.9692595694294237}, {""real"": -4.212806504755746e-05, ""imag"": 2.9760378708851216}, {""real"": 0.0, ""imag"": 0.0}]}",1.3564526350673176e-06,-2.863759487651252e-05,1.356452635062597e-06,-2.8637594876526094e-05,1.3478982117702708e-06,-2.8617351950484697e-05,1.3478982117655503e-06,-2.861735195049827e-05,8.554423297046789e-09,-2.0242926027824504e-08,8.554423297046789e-09,-2.0242926027824504e-08,offline_frozen_validation_only; no solver feedback
GNN-R-FINAL,37,"{""schema"": ""fullspace-dtn.mode.v1"", ""mode_index"": 37, ""side"": ""bottom"", ""m"": -1, ""n"": 1, ""polarization"": ""p"", ""alpha"": {""real"": 4.486622420048883, ""imag"": 0.0}, ""gamma"": {""real"": 5.983986006837701, ""imag"": 0.0}, ""beta"": {""real"": 4.961030431115042, ""imag"": 7.022713479206063e-05}, ""k_vector"": [{""real"": 4.486622420048883, ""imag"": 0.0}, {""real"": 5.983986006837701, ""imag"": 0.0}, {""real"": -4.961030431115042, ""imag"": -7.022713479206063e-05}], ""e_vector"": [{""real"": 0.3315938833022934, ""imag"": 3.259729809722286e-06}, {""real"": 0.4422598943844885, ""imag"": 4.347630743403933e-06}, {""real"": 0.8333376760551552, ""imag"": -3.604408231896424e-06}], ""h_vector"": [{""real"": 0.7999958309257797, ""imag"": 3.4601958381644716e-06}, {""real"": -0.5998141083344596, ""imag"": -2.594356371744373e-06}, {""real"": 0.0, ""imag"": -3.7746654544821195e-22}], ""refractive_index"": {""real"": 0.999885140474, ""imag"": 4.32477054e-06}, ""vertical_sign"": -1, ""electric_tangential_norm_sq"": 0.3055483176540016, ""power_per_unit_amplitude"": 0.4062350594517864, ""propagating"": true, ""rayleigh_warning"": false, ""classification"": ""propagating"", ""rayleigh_tolerance"": 1e-06, ""projection_denominator"": 0.4491449870577638, ""traction_vector"": [{""real"": -2.3286888337902835e-05, ""imag"": 5.383918846465859}, {""real"": -3.1058645214741376e-05, ""imag"": 7.180745786682548}, {""real"": -0.0, ""imag"": 0.0}]}",9.88270716159945e-07,-2.1104224587883975e-05,9.882707161213222e-07,-2.110422458788977e-05,9.897602624415658e-07,-2.110575118164611e-05,9.89760262402943e-07,-2.1105751181651904e-05,-1.4895462816207629e-09,1.5265937621349577e-09,-1.4895462816207629e-09,1.5265937621349577e-09,offline_frozen_validation_only; no solver feedback
GNN-R-FINAL,38,"{""schema"": ""fullspace-dtn.mode.v1"", ""mode_index"": 38, ""side"": ""bottom"", ""m"": 0, ""n"": 0, ""polarization"": ""s"", ""alpha"": {""real"": 8.97461192517716, ""imag"": 0.0}, ""gamma"": {""real"": 0.0, ""imag"": 0.0}, ""beta"": {""real"": 0.07780134385941416, ""imag"": 0.004478058289365571}, ""k_vector"": [{""real"": 8.97461192517716, ""imag"": 0.0}, {""real"": 0.0, ""imag"": 0.0}, {""real"": -0.07780134385941416, ""imag"": -0.004478058289365571}], ""e_vector"": [{""real"": -0.0, ""imag"": 0.0}, {""real"": 1.0, ""imag"": 0.0}, {""real"": 0.0, ""imag"": 0.0}], ""h_vector"": [{""real"": 0.008667727918092628, ""imag"": 0.0004988935785443173}, {""real"": 0.0, ""imag"": 0.0}, {""real"": 0.9998476951563912, ""imag"": 0.0}], ""refractive_index"": {""real"": 0.999885140474, ""imag"": 4.32477054e-06}, ""vertical_sign"": -1, ""electric_tangential_norm_sq"": 1.0, ""power_per_unit_amplitude"": 0.006370780019798082, ""propagating"": true, ""rayleigh_warning"": false, ""classification"": ""propagating"", ""rayleigh_tolerance"": 1e-06, ""projection_denominator"": 1.467697843589745, ""traction_vector"": [{""real"": -0.0, ""imag"": 0.0}, {""real"": -0.004478058289365571, ""imag"": 0.07780134385941416}, {""real"": -0.0, ""imag"": 0.0}]}",1.3197202073136385,-0.16438685830229197,-0.015876719368524774,-0.1388770075036302,1.3197240512671184,-0.16439467913781666,-0.01587287541504481,-0.1388848283391549,-3.843953479965023e-06,7.820835524696701e-06,-3.843953479965023e-06,7.820835524696701e-06,offline_frozen_validation_only; no solver feedback
GNN-R-FINAL,39,"{""schema"": ""fullspace-dtn.mode.v1"", ""mode_index"": 39, ""side"": ""bottom"", ""m"": 0, ""n"": 0, ""polarization"": ""p"", ""alpha"": {""real"": 8.97461192517716, ""imag"": 0.0}, ""gamma"": {""real"": 0.0, ""imag"": 0.0}, ""beta"": {""real"": 0.07780134385941416, ""imag"": 0.004478058289365571}, ""k_vector"": [{""real"": 8.97461192517716, ""imag"": 0.0}, {""real"": 0.0, ""imag"": 0.0}, {""real"": -0.07780134385941416, ""imag"": -0.004478058289365571}], ""e_vector"": [{""real"": 0.00866872360357703, ""imag"": 0.0004989132690542871}, {""real"": 0.0, ""imag"": 0.0}, {""real"": 0.9999623014383734, ""imag"": -4.325104281798984e-06}], ""h_vector"": [{""real"": 0.0, ""imag"": 0.0}, {""real"": -0.999884891569405, ""imag"": -4.324769463421086e-06}, {""real"": 0.0, ""imag"": 0.0}], ""refractive_index"": {""real"": 0.999885140474, ""imag"": 4.32477054e-06}, ""vertical_sign"": -1, ""electric_tangential_norm_sq"": 7.539568336525196e-05, ""power_per_unit_amplitude"": 0.0063707800197980845, ""propagating"": true, ""rayleigh_warning"": false, ""classification"": ""propagating"", ""rayleigh_tolerance"": 1e-06, ""projection_denominator"": 0.00011065808189115553, ""traction_vector"": [{""real"": -3.881903992786616e-05, ""imag"": 8.974945799399627}, {""real"": 0.0, ""imag"": 0.0}, {""real"": 0.0, ""imag"": 0.0}]}",3.719460200299907e-07,-5.594141620614009e-07,3.7194600467090727e-07,-5.594141608827821e-07,-3.7037259666544526e-14,2.295610468684518e-15,-5.239634310392418e-14,3.4742292575236597e-15,3.719460570672504e-07,-5.594141643570114e-07,3.719460570672504e-07,-5.594141643570114e-07,offline_frozen_validation_only; no solver feedback
