state,index,side,m,n,polarization,reference_z_nm,total_real,total_imag,scattered_real,scattered_imag,inventory_sha256,mode_sha256,power_role
V13_ORIGIN,0,top,-3,-1,s,1.225,-4.599948161679012e-05,4.360601382897913e-05,-4.5999481616811364e-05,4.3606013828949625e-05,1e959a19b626a1efe709d0654505ee3419bbb684104d2b18bb7e85dac24e9235,93795b53d7c5aef69af66b4ff0a56fa46515771f1ec43332ec929970270ea262,UNQUALIFIED_DIAGNOSTIC
V13_ORIGIN,1,top,-3,-1,p,1.225,2.6216453378442543e-06,-1.3619287796222097e-05,2.62164533782107e-06,-1.3619287796181524e-05,1e959a19b626a1efe709d0654505ee3419bbb684104d2b18bb7e85dac24e9235,93795b53d7c5aef69af66b4ff0a56fa46515771f1ec43332ec929970270ea262,UNQUALIFIED_DIAGNOSTIC
V13_ORIGIN,2,top,-3,0,s,1.225,-3.917939838852954e-05,-3.761694733873258e-05,-3.917939838877264e-05,-3.7616947338837605e-05,1e959a19b626a1efe709d0654505ee3419bbb684104d2b18bb7e85dac24e9235,93795b53d7c5aef69af66b4ff0a56fa46515771f1ec43332ec929970270ea262,UNQUALIFIED_DIAGNOSTIC
V13_ORIGIN,3,top,-3,0,p,1.225,6.382701712795886e-06,-1.0750057888017827e-05,6.382701712795886e-06,-1.0750057888017827e-05,1e959a19b626a1efe709d0654505ee3419bbb684104d2b18bb7e85dac24e9235,93795b53d7c5aef69af66b4ff0a56fa46515771f1ec43332ec929970270ea262,UNQUALIFIED_DIAGNOSTIC
V13_ORIGIN,4,top,-3,1,s,1.225,4.7590033412791966e-05,4.936890455924474e-06,4.759003341278724e-05,4.936890455931554e-06,1e959a19b626a1efe709d0654505ee3419bbb684104d2b18bb7e85dac24e9235,93795b53d7c5aef69af66b4ff0a56fa46515771f1ec43332ec929970270ea262,UNQUALIFIED_DIAGNOSTIC
V13_ORIGIN,5,top,-3,1,p,1.225,-3.1466177924633374e-06,4.380474725785138e-06,-3.1466177924401533e-06,4.380474725804458e-06,1e959a19b626a1efe709d0654505ee3419bbb684104d2b18bb7e85dac24e9235,93795b53d7c5aef69af66b4ff0a56fa46515771f1ec43332ec929970270ea262,UNQUALIFIED_DIAGNOSTIC
V13_ORIGIN,6,top,-2,-1,s,1.225,1.004801233320903e-05,9.145302025639937e-06,1.0048012333209035e-05,9.145302025639935e-06,1e959a19b626a1efe709d0654505ee3419bbb684104d2b18bb7e85dac24e9235,93795b53d7c5aef69af66b4ff0a56fa46515771f1ec43332ec929970270ea262,UNQUALIFIED_DIAGNOSTIC
V13_ORIGIN,7,top,-2,-1,p,1.225,1.4162475750662792e-05,8.420361428784263e-06,1.4162475750603315e-05,8.420361428784263e-06,1e959a19b626a1efe709d0654505ee3419bbb684104d2b18bb7e85dac24e9235,93795b53d7c5aef69af66b4ff0a56fa46515771f1ec43332ec929970270ea262,UNQUALIFIED_DIAGNOSTIC
V13_ORIGIN,8,top,-2,0,s,1.225,2.434248931837561e-05,1.4727244376713804e-05,2.4342489318698345e-05,1.4727244376591665e-05,1e959a19b626a1efe709d0654505ee3419bbb684104d2b18bb7e85dac24e9235,93795b53d7c5aef69af66b4ff0a56fa46515771f1ec43332ec929970270ea262,UNQUALIFIED_DIAGNOSTIC
V13_ORIGIN,9,top,-2,0,p,1.225,3.824400661904164e-06,9.645066443119175e-06,3.824400661904164e-06,9.645066443119175e-06,1e959a19b626a1efe709d0654505ee3419bbb684104d2b18bb7e85dac24e9235,93795b53d7c5aef69af66b4ff0a56fa46515771f1ec43332ec929970270ea262,UNQUALIFIED_DIAGNOSTIC
V13_ORIGIN,10,top,-2,1,s,1.225,-1.2273669374072646e-05,1.9270168284843275e-06,-1.2273669374072646e-05,1.9270168284843288e-06,1e959a19b626a1efe709d0654505ee3419bbb684104d2b18bb7e85dac24e9235,93795b53d7c5aef69af66b4ff0a56fa46515771f1ec43332ec929970270ea262,UNQUALIFIED_DIAGNOSTIC
V13_ORIGIN,11,top,-2,1,p,1.225,2.660699541652414e-06,-2.5602334674108305e-06,2.6606995415886897e-06,-2.5602334674108305e-06,1e959a19b626a1efe709d0654505ee3419bbb684104d2b18bb7e85dac24e9235,93795b53d7c5aef69af66b4ff0a56fa46515771f1ec43332ec929970270ea262,UNQUALIFIED_DIAGNOSTIC
V13_ORIGIN,12,top,-1,-1,s,1.225,6.161675540557035e-05,-2.8100361956126884e-05,6.16167554055373e-05,-2.8100361956126884e-05,1e959a19b626a1efe709d0654505ee3419bbb684104d2b18bb7e85dac24e9235,93795b53d7c5aef69af66b4ff0a56fa46515771f1ec43332ec929970270ea262,UNQUALIFIED_DIAGNOSTIC
V13_ORIGIN,13,top,-1,-1,p,1.225,4.4178080045949045e-05,-1.724063895635377e-05,4.41780800458564e-05,-1.724063895638079e-05,1e959a19b626a1efe709d0654505ee3419bbb684104d2b18bb7e85dac24e9235,93795b53d7c5aef69af66b4ff0a56fa46515771f1ec43332ec929970270ea262,UNQUALIFIED_DIAGNOSTIC
V13_ORIGIN,14,top,-1,0,s,1.225,-0.0001429603888811886,-6.18014598968289e-05,-0.00014296038888079681,-6.180145989627722e-05,1e959a19b626a1efe709d0654505ee3419bbb684104d2b18bb7e85dac24e9235,93795b53d7c5aef69af66b4ff0a56fa46515771f1ec43332ec929970270ea262,UNQUALIFIED_DIAGNOSTIC
V13_ORIGIN,15,top,-1,0,p,1.225,1.4299771312637942e-06,-3.1560685319300333e-06,1.4299771312637942e-06,-3.1560685319300333e-06,1e959a19b626a1efe709d0654505ee3419bbb684104d2b18bb7e85dac24e9235,93795b53d7c5aef69af66b4ff0a56fa46515771f1ec43332ec929970270ea262,UNQUALIFIED_DIAGNOSTIC
V13_ORIGIN,16,top,-1,1,s,1.225,7.631786251635561e-05,1.5270301338129035e-05,7.631786251637096e-05,1.5270301338149096e-05,1e959a19b626a1efe709d0654505ee3419bbb684104d2b18bb7e85dac24e9235,93795b53d7c5aef69af66b4ff0a56fa46515771f1ec43332ec929970270ea262,UNQUALIFIED_DIAGNOSTIC
V13_ORIGIN,17,top,-1,1,p,1.225,-2.053832211911666e-05,-5.235314918754576e-06,-2.0538322119197725e-05,-5.235314918766156e-06,1e959a19b626a1efe709d0654505ee3419bbb684104d2b18bb7e85dac24e9235,93795b53d7c5aef69af66b4ff0a56fa46515771f1ec43332ec929970270ea262,UNQUALIFIED_DIAGNOSTIC
V13_ORIGIN,18,top,0,0,s,1.225,1.164694295647105,-0.5435127167848861,-0.09816438811778977,-0.14362318210788283,1e959a19b626a1efe709d0654505ee3419bbb684104d2b18bb7e85dac24e9235,93795b53d7c5aef69af66b4ff0a56fa46515771f1ec43332ec929970270ea262,UNQUALIFIED_DIAGNOSTIC
V13_ORIGIN,19,top,0,0,p,1.225,0.0003476175719453132,-8.589446326685904e-05,0.00034761757194584457,-8.589446326702731e-05,1e959a19b626a1efe709d0654505ee3419bbb684104d2b18bb7e85dac24e9235,93795b53d7c5aef69af66b4ff0a56fa46515771f1ec43332ec929970270ea262,UNQUALIFIED_DIAGNOSTIC
V13_ORIGIN,20,bottom,-3,-1,s,-0.175,-4.628457870811487e-05,6.435594744573352e-06,-4.628457870811369e-05,6.435594744589873e-06,1e959a19b626a1efe709d0654505ee3419bbb684104d2b18bb7e85dac24e9235,93795b53d7c5aef69af66b4ff0a56fa46515771f1ec43332ec929970270ea262,UNQUALIFIED_DIAGNOSTIC
V13_ORIGIN,21,bottom,-3,-1,p,-0.175,-5.475434449212313e-06,7.324385261515291e-06,-5.475434449262573e-06,7.324385261542354e-06,1e959a19b626a1efe709d0654505ee3419bbb684104d2b18bb7e85dac24e9235,93795b53d7c5aef69af66b4ff0a56fa46515771f1ec43332ec929970270ea262,UNQUALIFIED_DIAGNOSTIC
V13_ORIGIN,22,bottom,-3,0,s,-0.175,5.271990173940325e-05,-6.0749107142359015e-05,5.2719901739607403e-05,-6.0749107142842854e-05,1e959a19b626a1efe709d0654505ee3419bbb684104d2b18bb7e85dac24e9235,93795b53d7c5aef69af66b4ff0a56fa46515771f1ec43332ec929970270ea262,UNQUALIFIED_DIAGNOSTIC
V13_ORIGIN,23,bottom,-3,0,p,-0.175,-1.0279541830593541e-05,7.560985767575042e-06,-1.0279541830593541e-05,7.560985767575042e-06,1e959a19b626a1efe709d0654505ee3419bbb684104d2b18bb7e85dac24e9235,93795b53d7c5aef69af66b4ff0a56fa46515771f1ec43332ec929970270ea262,UNQUALIFIED_DIAGNOSTIC
V13_ORIGIN,24,bottom,-3,1,s,-0.175,-0.00012342864038800572,2.4771328113193222e-05,-0.00012342864038803877,2.4771328113205023e-05,1e959a19b626a1efe709d0654505ee3419bbb684104d2b18bb7e85dac24e9235,93795b53d7c5aef69af66b4ff0a56fa46515771f1ec43332ec929970270ea262,UNQUALIFIED_DIAGNOSTIC
V13_ORIGIN,25,bottom,-3,1,p,-0.175,8.791397420772625e-05,7.97050278667348e-06,8.791397420777264e-05,7.970502786688944e-06,1e959a19b626a1efe709d0654505ee3419bbb684104d2b18bb7e85dac24e9235,93795b53d7c5aef69af66b4ff0a56fa46515771f1ec43332ec929970270ea262,UNQUALIFIED_DIAGNOSTIC
V13_ORIGIN,26,bottom,-2,-1,s,-0.175,-4.982137128236883e-07,-4.662399400675982e-06,-4.982137128236791e-07,-4.662399400675977e-06,1e959a19b626a1efe709d0654505ee3419bbb684104d2b18bb7e85dac24e9235,93795b53d7c5aef69af66b4ff0a56fa46515771f1ec43332ec929970270ea262,UNQUALIFIED_DIAGNOSTIC
V13_ORIGIN,27,bottom,-2,-1,p,-0.175,4.181343948969102e-06,6.285184044291666e-06,4.1813439490115935e-06,6.285184044291666e-06,1e959a19b626a1efe709d0654505ee3419bbb684104d2b18bb7e85dac24e9235,93795b53d7c5aef69af66b4ff0a56fa46515771f1ec43332ec929970270ea262,UNQUALIFIED_DIAGNOSTIC
V13_ORIGIN,28,bottom,-2,0,s,-0.175,-2.4217327881780946e-05,-2.036192534906976e-05,-2.421732788204062e-05,-2.036192534876116e-05,1e959a19b626a1efe709d0654505ee3419bbb684104d2b18bb7e85dac24e9235,93795b53d7c5aef69af66b4ff0a56fa46515771f1ec43332ec929970270ea262,UNQUALIFIED_DIAGNOSTIC
V13_ORIGIN,29,bottom,-2,0,p,-0.175,2.5314317976940894e-06,3.3323304772599474e-06,2.5314317976940894e-06,3.3323304772599474e-06,1e959a19b626a1efe709d0654505ee3419bbb684104d2b18bb7e85dac24e9235,93795b53d7c5aef69af66b4ff0a56fa46515771f1ec43332ec929970270ea262,UNQUALIFIED_DIAGNOSTIC
V13_ORIGIN,30,bottom,-2,1,s,-0.175,-1.6082263404974427e-05,1.8312218932819667e-06,-1.6082263404974423e-05,1.831221893281963e-06,1e959a19b626a1efe709d0654505ee3419bbb684104d2b18bb7e85dac24e9235,93795b53d7c5aef69af66b4ff0a56fa46515771f1ec43332ec929970270ea262,UNQUALIFIED_DIAGNOSTIC
V13_ORIGIN,31,bottom,-2,1,p,-0.175,-6.772943979212815e-07,1.781749639578807e-05,-6.772943979552748e-07,1.7817496395822063e-05,1e959a19b626a1efe709d0654505ee3419bbb684104d2b18bb7e85dac24e9235,93795b53d7c5aef69af66b4ff0a56fa46515771f1ec43332ec929970270ea262,UNQUALIFIED_DIAGNOSTIC
V13_ORIGIN,32,bottom,-1,-1,s,-0.175,-9.957465002708727e-06,-1.8570002457245883e-05,-9.957465002701646e-06,-1.8570002457255323e-05,1e959a19b626a1efe709d0654505ee3419bbb684104d2b18bb7e85dac24e9235,93795b53d7c5aef69af66b4ff0a56fa46515771f1ec43332ec929970270ea262,UNQUALIFIED_DIAGNOSTIC
V13_ORIGIN,33,bottom,-1,-1,p,-0.175,2.4528450413921473e-06,6.945434975460584e-06,2.4528450414249766e-06,6.945434975375614e-06,1e959a19b626a1efe709d0654505ee3419bbb684104d2b18bb7e85dac24e9235,93795b53d7c5aef69af66b4ff0a56fa46515771f1ec43332ec929970270ea262,UNQUALIFIED_DIAGNOSTIC
V13_ORIGIN,34,bottom,-1,0,s,-0.175,9.295019884770022e-05,-7.22046836138444e-05,9.295019884717744e-05,-7.220468361369334e-05,1e959a19b626a1efe709d0654505ee3419bbb684104d2b18bb7e85dac24e9235,93795b53d7c5aef69af66b4ff0a56fa46515771f1ec43332ec929970270ea262,UNQUALIFIED_DIAGNOSTIC
V13_ORIGIN,35,bottom,-1,0,p,-0.175,7.878349733369878e-06,3.936662140265407e-06,7.878349733369878e-06,3.936662140265407e-06,1e959a19b626a1efe709d0654505ee3419bbb684104d2b18bb7e85dac24e9235,93795b53d7c5aef69af66b4ff0a56fa46515771f1ec43332ec929970270ea262,UNQUALIFIED_DIAGNOSTIC
V13_ORIGIN,36,bottom,-1,1,s,-0.175,3.0291102630450208e-05,5.989998586179202e-06,3.029110263044549e-05,5.9899985861656305e-06,1e959a19b626a1efe709d0654505ee3419bbb684104d2b18bb7e85dac24e9235,93795b53d7c5aef69af66b4ff0a56fa46515771f1ec43332ec929970270ea262,UNQUALIFIED_DIAGNOSTIC
V13_ORIGIN,37,bottom,-1,1,p,-0.175,2.2081154897507497e-05,-2.911962443725854e-05,2.2081154897468876e-05,-2.9119624437264334e-05,1e959a19b626a1efe709d0654505ee3419bbb684104d2b18bb7e85dac24e9235,93795b53d7c5aef69af66b4ff0a56fa46515771f1ec43332ec929970270ea262,UNQUALIFIED_DIAGNOSTIC
V13_ORIGIN,38,bottom,0,0,s,-0.175,1.2556737144070853,-0.18071916200081722,-0.07992321227507784,-0.15520931120215545,1e959a19b626a1efe709d0654505ee3419bbb684104d2b18bb7e85dac24e9235,93795b53d7c5aef69af66b4ff0a56fa46515771f1ec43332ec929970270ea262,UNQUALIFIED_DIAGNOSTIC
V13_ORIGIN,39,bottom,0,0,p,-0.175,0.0002771893106842103,-5.872314972729338e-05,0.0002771893106688512,-5.8723149726114767e-05,1e959a19b626a1efe709d0654505ee3419bbb684104d2b18bb7e85dac24e9235,93795b53d7c5aef69af66b4ff0a56fa46515771f1ec43332ec929970270ea262,UNQUALIFIED_DIAGNOSTIC
V13_ACCEPTED,0,top,-3,-1,s,1.225,-4.5999738021773446e-05,4.360397622873833e-05,-4.599973802179469e-05,4.360397622870883e-05,1e959a19b626a1efe709d0654505ee3419bbb684104d2b18bb7e85dac24e9235,93795b53d7c5aef69af66b4ff0a56fa46515771f1ec43332ec929970270ea262,UNQUALIFIED_DIAGNOSTIC
V13_ACCEPTED,1,top,-3,-1,p,1.225,2.621911384970294e-06,-1.3617403051026236e-05,2.62191138494711e-06,-1.3617403050985664e-05,1e959a19b626a1efe709d0654505ee3419bbb684104d2b18bb7e85dac24e9235,93795b53d7c5aef69af66b4ff0a56fa46515771f1ec43332ec929970270ea262,UNQUALIFIED_DIAGNOSTIC
V13_ACCEPTED,2,top,-3,0,s,1.225,-3.917943561581482e-05,-3.761686121840538e-05,-3.917943561605792e-05,-3.7616861218510406e-05,1e959a19b626a1efe709d0654505ee3419bbb684104d2b18bb7e85dac24e9235,93795b53d7c5aef69af66b4ff0a56fa46515771f1ec43332ec929970270ea262,UNQUALIFIED_DIAGNOSTIC
V13_ACCEPTED,3,top,-3,0,p,1.225,6.382604042797366e-06,-1.0749835150853345e-05,6.382604042797366e-06,-1.0749835150853345e-05,1e959a19b626a1efe709d0654505ee3419bbb684104d2b18bb7e85dac24e9235,93795b53d7c5aef69af66b4ff0a56fa46515771f1ec43332ec929970270ea262,UNQUALIFIED_DIAGNOSTIC
V13_ACCEPTED,4,top,-3,1,s,1.225,4.758951936444771e-05,4.936012759034573e-06,4.758951936444299e-05,4.936012759041654e-06,1e959a19b626a1efe709d0654505ee3419bbb684104d2b18bb7e85dac24e9235,93795b53d7c5aef69af66b4ff0a56fa46515771f1ec43332ec929970270ea262,UNQUALIFIED_DIAGNOSTIC
V13_ACCEPTED,5,top,-3,1,p,1.225,-3.146201482729286e-06,4.379387386796189e-06,-3.146201482706102e-06,4.379387386815509e-06,1e959a19b626a1efe709d0654505ee3419bbb684104d2b18bb7e85dac24e9235,93795b53d7c5aef69af66b4ff0a56fa46515771f1ec43332ec929970270ea262,UNQUALIFIED_DIAGNOSTIC
V13_ACCEPTED,6,top,-2,-1,s,1.225,1.0047721317672153e-05,9.145150466000155e-06,1.0047721317672158e-05,9.145150466000153e-06,1e959a19b626a1efe709d0654505ee3419bbb684104d2b18bb7e85dac24e9235,93795b53d7c5aef69af66b4ff0a56fa46515771f1ec43332ec929970270ea262,UNQUALIFIED_DIAGNOSTIC
V13_ACCEPTED,7,top,-2,-1,p,1.225,1.4162437862259896e-05,8.420667515189747e-06,1.4162437862200419e-05,8.420667515189747e-06,1e959a19b626a1efe709d0654505ee3419bbb684104d2b18bb7e85dac24e9235,93795b53d7c5aef69af66b4ff0a56fa46515771f1ec43332ec929970270ea262,UNQUALIFIED_DIAGNOSTIC
V13_ACCEPTED,8,top,-2,0,s,1.225,2.4342573122218278e-05,1.4727542758476695e-05,2.434257312254101e-05,1.4727542758354556e-05,1e959a19b626a1efe709d0654505ee3419bbb684104d2b18bb7e85dac24e9235,93795b53d7c5aef69af66b4ff0a56fa46515771f1ec43332ec929970270ea262,UNQUALIFIED_DIAGNOSTIC
V13_ACCEPTED,9,top,-2,0,p,1.225,3.824382302294302e-06,9.645116093884865e-06,3.824382302294302e-06,9.645116093884865e-06,1e959a19b626a1efe709d0654505ee3419bbb684104d2b18bb7e85dac24e9235,93795b53d7c5aef69af66b4ff0a56fa46515771f1ec43332ec929970270ea262,UNQUALIFIED_DIAGNOSTIC
V13_ACCEPTED,10,top,-2,1,s,1.225,-1.2273549224973124e-05,1.9270528681904637e-06,-1.2273549224973124e-05,1.927052868190465e-06,1e959a19b626a1efe709d0654505ee3419bbb684104d2b18bb7e85dac24e9235,93795b53d7c5aef69af66b4ff0a56fa46515771f1ec43332ec929970270ea262,UNQUALIFIED_DIAGNOSTIC
V13_ACCEPTED,11,top,-2,1,p,1.225,2.659961777653605e-06,-2.5601868224414853e-06,2.6599617775898806e-06,-2.5601868224414853e-06,1e959a19b626a1efe709d0654505ee3419bbb684104d2b18bb7e85dac24e9235,93795b53d7c5aef69af66b4ff0a56fa46515771f1ec43332ec929970270ea262,UNQUALIFIED_DIAGNOSTIC
V13_ACCEPTED,12,top,-1,-1,s,1.225,6.161645074363056e-05,-2.810037197045771e-05,6.161645074359752e-05,-2.810037197045771e-05,1e959a19b626a1efe709d0654505ee3419bbb684104d2b18bb7e85dac24e9235,93795b53d7c5aef69af66b4ff0a56fa46515771f1ec43332ec929970270ea262,UNQUALIFIED_DIAGNOSTIC
V13_ACCEPTED,13,top,-1,-1,p,1.225,4.417784456287682e-05,-1.7240686279166082e-05,4.417784456278418e-05,-1.7240686279193102e-05,1e959a19b626a1efe709d0654505ee3419bbb684104d2b18bb7e85dac24e9235,93795b53d7c5aef69af66b4ff0a56fa46515771f1ec43332ec929970270ea262,UNQUALIFIED_DIAGNOSTIC
V13_ACCEPTED,14,top,-1,0,s,1.225,-0.00014296026629658437,-6.180121661558814e-05,-0.0001429602662961926,-6.180121661503645e-05,1e959a19b626a1efe709d0654505ee3419bbb684104d2b18bb7e85dac24e9235,93795b53d7c5aef69af66b4ff0a56fa46515771f1ec43332ec929970270ea262,UNQUALIFIED_DIAGNOSTIC
V13_ACCEPTED,15,top,-1,0,p,1.225,1.4296924252147946e-06,-3.1561120293283143e-06,1.4296924252147946e-06,-3.1561120293283143e-06,1e959a19b626a1efe709d0654505ee3419bbb684104d2b18bb7e85dac24e9235,93795b53d7c5aef69af66b4ff0a56fa46515771f1ec43332ec929970270ea262,UNQUALIFIED_DIAGNOSTIC
V13_ACCEPTED,16,top,-1,1,s,1.225,7.631727870712262e-05,1.5269559184013986e-05,7.631727870713796e-05,1.5269559184034047e-05,1e959a19b626a1efe709d0654505ee3419bbb684104d2b18bb7e85dac24e9235,93795b53d7c5aef69af66b4ff0a56fa46515771f1ec43332ec929970270ea262,UNQUALIFIED_DIAGNOSTIC
V13_ACCEPTED,17,top,-1,1,p,1.225,-2.0538015254246663e-05,-5.2351118651286315e-06,-2.0538015254327727e-05,-5.235111865140212e-06,1e959a19b626a1efe709d0654505ee3419bbb684104d2b18bb7e85dac24e9235,93795b53d7c5aef69af66b4ff0a56fa46515771f1ec43332ec929970270ea262,UNQUALIFIED_DIAGNOSTIC
V13_ACCEPTED,18,top,0,0,s,1.225,1.1646943199831978,-0.543512673846962,-0.09816436378169688,-0.14362313916995878,1e959a19b626a1efe709d0654505ee3419bbb684104d2b18bb7e85dac24e9235,93795b53d7c5aef69af66b4ff0a56fa46515771f1ec43332ec929970270ea262,UNQUALIFIED_DIAGNOSTIC
V13_ACCEPTED,19,top,0,0,p,1.225,0.00034755948179327904,-8.570105315521261e-05,0.0003475594817938104,-8.570105315538088e-05,1e959a19b626a1efe709d0654505ee3419bbb684104d2b18bb7e85dac24e9235,93795b53d7c5aef69af66b4ff0a56fa46515771f1ec43332ec929970270ea262,UNQUALIFIED_DIAGNOSTIC
V13_ACCEPTED,20,bottom,-3,-1,s,-0.175,-4.628356625131797e-05,6.436054963097587e-06,-4.628356625131679e-05,6.436054963114108e-06,1e959a19b626a1efe709d0654505ee3419bbb684104d2b18bb7e85dac24e9235,93795b53d7c5aef69af66b4ff0a56fa46515771f1ec43332ec929970270ea262,UNQUALIFIED_DIAGNOSTIC
V13_ACCEPTED,21,bottom,-3,-1,p,-0.175,-5.474727286495562e-06,7.324316499259443e-06,-5.474727286545822e-06,7.324316499286506e-06,1e959a19b626a1efe709d0654505ee3419bbb684104d2b18bb7e85dac24e9235,93795b53d7c5aef69af66b4ff0a56fa46515771f1ec43332ec929970270ea262,UNQUALIFIED_DIAGNOSTIC
V13_ACCEPTED,22,bottom,-3,0,s,-0.175,5.272053235321632e-05,-6.0748073966625266e-05,5.272053235342048e-05,-6.0748073967109105e-05,1e959a19b626a1efe709d0654505ee3419bbb684104d2b18bb7e85dac24e9235,93795b53d7c5aef69af66b4ff0a56fa46515771f1ec43332ec929970270ea262,UNQUALIFIED_DIAGNOSTIC
V13_ACCEPTED,23,bottom,-3,0,p,-0.175,-1.0279426119275039e-05,7.56068981521123e-06,-1.0279426119275039e-05,7.56068981521123e-06,1e959a19b626a1efe709d0654505ee3419bbb684104d2b18bb7e85dac24e9235,93795b53d7c5aef69af66b4ff0a56fa46515771f1ec43332ec929970270ea262,UNQUALIFIED_DIAGNOSTIC
V13_ACCEPTED,24,bottom,-3,1,s,-0.175,-0.00012342505501706074,2.4770505086692433e-05,-0.00012342505501709378,2.4770505086704234e-05,1e959a19b626a1efe709d0654505ee3419bbb684104d2b18bb7e85dac24e9235,93795b53d7c5aef69af66b4ff0a56fa46515771f1ec43332ec929970270ea262,UNQUALIFIED_DIAGNOSTIC
V13_ACCEPTED,25,bottom,-3,1,p,-0.175,8.791125196666018e-05,7.970607840141411e-06,8.791125196670657e-05,7.970607840156876e-06,1e959a19b626a1efe709d0654505ee3419bbb684104d2b18bb7e85dac24e9235,93795b53d7c5aef69af66b4ff0a56fa46515771f1ec43332ec929970270ea262,UNQUALIFIED_DIAGNOSTIC
V13_ACCEPTED,26,bottom,-2,-1,s,-0.175,-4.981199854717116e-07,-4.6622233466196e-06,-4.981199854717024e-07,-4.662223346619595e-06,1e959a19b626a1efe709d0654505ee3419bbb684104d2b18bb7e85dac24e9235,93795b53d7c5aef69af66b4ff0a56fa46515771f1ec43332ec929970270ea262,UNQUALIFIED_DIAGNOSTIC
V13_ACCEPTED,27,bottom,-2,-1,p,-0.175,4.180819091222531e-06,6.285125159330543e-06,4.180819091265023e-06,6.285125159330543e-06,1e959a19b626a1efe709d0654505ee3419bbb684104d2b18bb7e85dac24e9235,93795b53d7c5aef69af66b4ff0a56fa46515771f1ec43332ec929970270ea262,UNQUALIFIED_DIAGNOSTIC
V13_ACCEPTED,28,bottom,-2,0,s,-0.175,-2.4217602918248715e-05,-2.0362128676589812e-05,-2.4217602918508388e-05,-2.0362128676281215e-05,1e959a19b626a1efe709d0654505ee3419bbb684104d2b18bb7e85dac24e9235,93795b53d7c5aef69af66b4ff0a56fa46515771f1ec43332ec929970270ea262,UNQUALIFIED_DIAGNOSTIC
V13_ACCEPTED,29,bottom,-2,0,p,-0.175,2.5313877760977948e-06,3.332707650888514e-06,2.5313877760977948e-06,3.332707650888514e-06,1e959a19b626a1efe709d0654505ee3419bbb684104d2b18bb7e85dac24e9235,93795b53d7c5aef69af66b4ff0a56fa46515771f1ec43332ec929970270ea262,UNQUALIFIED_DIAGNOSTIC
V13_ACCEPTED,30,bottom,-2,1,s,-0.175,-1.6081924363347287e-05,1.8314983007262367e-06,-1.6081924363347283e-05,1.8314983007262328e-06,1e959a19b626a1efe709d0654505ee3419bbb684104d2b18bb7e85dac24e9235,93795b53d7c5aef69af66b4ff0a56fa46515771f1ec43332ec929970270ea262,UNQUALIFIED_DIAGNOSTIC
V13_ACCEPTED,31,bottom,-2,1,p,-0.175,-6.769893392573026e-07,1.781759795778332e-05,-6.769893392912959e-07,1.7817597957817314e-05,1e959a19b626a1efe709d0654505ee3419bbb684104d2b18bb7e85dac24e9235,93795b53d7c5aef69af66b4ff0a56fa46515771f1ec43332ec929970270ea262,UNQUALIFIED_DIAGNOSTIC
V13_ACCEPTED,32,bottom,-1,-1,s,-0.175,-9.957516598003385e-06,-1.8569922161497467e-05,-9.957516597996304e-06,-1.8569922161506906e-05,1e959a19b626a1efe709d0654505ee3419bbb684104d2b18bb7e85dac24e9235,93795b53d7c5aef69af66b4ff0a56fa46515771f1ec43332ec929970270ea262,UNQUALIFIED_DIAGNOSTIC
V13_ACCEPTED,33,bottom,-1,-1,p,-0.175,2.4526561235803315e-06,6.94539866987534e-06,2.452656123613161e-06,6.94539866979037e-06,1e959a19b626a1efe709d0654505ee3419bbb684104d2b18bb7e85dac24e9235,93795b53d7c5aef69af66b4ff0a56fa46515771f1ec43332ec929970270ea262,UNQUALIFIED_DIAGNOSTIC
V13_ACCEPTED,34,bottom,-1,0,s,-0.175,9.29489818401524e-05,-7.22055152695461e-05,9.294898183962961e-05,-7.220551526939504e-05,1e959a19b626a1efe709d0654505ee3419bbb684104d2b18bb7e85dac24e9235,93795b53d7c5aef69af66b4ff0a56fa46515771f1ec43332ec929970270ea262,UNQUALIFIED_DIAGNOSTIC
V13_ACCEPTED,35,bottom,-1,0,p,-0.175,7.877785436040254e-06,3.937343587730163e-06,7.877785436040254e-06,3.937343587730163e-06,1e959a19b626a1efe709d0654505ee3419bbb684104d2b18bb7e85dac24e9235,93795b53d7c5aef69af66b4ff0a56fa46515771f1ec43332ec929970270ea262,UNQUALIFIED_DIAGNOSTIC
V13_ACCEPTED,36,bottom,-1,1,s,-0.175,3.0290367883554897e-05,5.989419034950803e-06,3.0290367883550178e-05,5.989419034937232e-06,1e959a19b626a1efe709d0654505ee3419bbb684104d2b18bb7e85dac24e9235,93795b53d7c5aef69af66b4ff0a56fa46515771f1ec43332ec929970270ea262,UNQUALIFIED_DIAGNOSTIC
V13_ACCEPTED,37,bottom,-1,1,p,-0.175,2.2080775209094493e-05,-2.9119570141645674e-05,2.2080775209055872e-05,-2.9119570141651467e-05,1e959a19b626a1efe709d0654505ee3419bbb684104d2b18bb7e85dac24e9235,93795b53d7c5aef69af66b4ff0a56fa46515771f1ec43332ec929970270ea262,UNQUALIFIED_DIAGNOSTIC
V13_ACCEPTED,38,bottom,0,0,s,-0.175,1.2556737413062506,-0.18071911992684028,-0.07992318537591257,-0.1552092691281785,1e959a19b626a1efe709d0654505ee3419bbb684104d2b18bb7e85dac24e9235,93795b53d7c5aef69af66b4ff0a56fa46515771f1ec43332ec929970270ea262,UNQUALIFIED_DIAGNOSTIC
V13_ACCEPTED,39,bottom,0,0,p,-0.175,0.0002775253106138051,-6.025262128263633e-05,0.00027752531059844603,-6.0252621281457716e-05,1e959a19b626a1efe709d0654505ee3419bbb684104d2b18bb7e85dac24e9235,93795b53d7c5aef69af66b4ff0a56fa46515771f1ec43332ec929970270ea262,UNQUALIFIED_DIAGNOSTIC
ORIGIN,0,top,-3,-1,s,1.225,-4.599948596620929e-05,4.3606009819021195e-05,-4.599948596623053e-05,4.360600981899169e-05,1e959a19b626a1efe709d0654505ee3419bbb684104d2b18bb7e85dac24e9235,93795b53d7c5aef69af66b4ff0a56fa46515771f1ec43332ec929970270ea262,UNQUALIFIED_DIAGNOSTIC
ORIGIN,1,top,-3,-1,p,1.225,2.6216582273200535e-06,-1.3619287358967513e-05,2.6216582272968694e-06,-1.361928735892694e-05,1e959a19b626a1efe709d0654505ee3419bbb684104d2b18bb7e85dac24e9235,93795b53d7c5aef69af66b4ff0a56fa46515771f1ec43332ec929970270ea262,UNQUALIFIED_DIAGNOSTIC
ORIGIN,2,top,-3,0,s,1.225,-3.917939328779171e-05,-3.7616962202399436e-05,-3.917939328803481e-05,-3.761696220250446e-05,1e959a19b626a1efe709d0654505ee3419bbb684104d2b18bb7e85dac24e9235,93795b53d7c5aef69af66b4ff0a56fa46515771f1ec43332ec929970270ea262,UNQUALIFIED_DIAGNOSTIC
ORIGIN,3,top,-3,0,p,1.225,6.382692941999119e-06,-1.0750045202493706e-05,6.382692941999119e-06,-1.0750045202493706e-05,1e959a19b626a1efe709d0654505ee3419bbb684104d2b18bb7e85dac24e9235,93795b53d7c5aef69af66b4ff0a56fa46515771f1ec43332ec929970270ea262,UNQUALIFIED_DIAGNOSTIC
ORIGIN,4,top,-3,1,s,1.225,4.7590058098724606e-05,4.936931530691042e-06,4.759005809871988e-05,4.936931530698122e-06,1e959a19b626a1efe709d0654505ee3419bbb684104d2b18bb7e85dac24e9235,93795b53d7c5aef69af66b4ff0a56fa46515771f1ec43332ec929970270ea262,UNQUALIFIED_DIAGNOSTIC
ORIGIN,5,top,-3,1,p,1.225,-3.146602389915289e-06,4.3805073862908204e-06,-3.146602389892105e-06,4.38050738631014e-06,1e959a19b626a1efe709d0654505ee3419bbb684104d2b18bb7e85dac24e9235,93795b53d7c5aef69af66b4ff0a56fa46515771f1ec43332ec929970270ea262,UNQUALIFIED_DIAGNOSTIC
ORIGIN,6,top,-2,-1,s,1.225,1.004801880804809e-05,9.145299388333545e-06,1.0048018808048095e-05,9.145299388333543e-06,1e959a19b626a1efe709d0654505ee3419bbb684104d2b18bb7e85dac24e9235,93795b53d7c5aef69af66b4ff0a56fa46515771f1ec43332ec929970270ea262,UNQUALIFIED_DIAGNOSTIC
ORIGIN,7,top,-2,-1,p,1.225,1.416246428397213e-05,8.420374143936441e-06,1.4162464283912652e-05,8.420374143936441e-06,1e959a19b626a1efe709d0654505ee3419bbb684104d2b18bb7e85dac24e9235,93795b53d7c5aef69af66b4ff0a56fa46515771f1ec43332ec929970270ea262,UNQUALIFIED_DIAGNOSTIC
ORIGIN,8,top,-2,0,s,1.225,2.4342474189459798e-05,1.4727261138184075e-05,2.434247418978253e-05,1.4727261138061936e-05,1e959a19b626a1efe709d0654505ee3419bbb684104d2b18bb7e85dac24e9235,93795b53d7c5aef69af66b4ff0a56fa46515771f1ec43332ec929970270ea262,UNQUALIFIED_DIAGNOSTIC
ORIGIN,9,top,-2,0,p,1.225,3.824400915557832e-06,9.6450607898066e-06,3.824400915557832e-06,9.6450607898066e-06,1e959a19b626a1efe709d0654505ee3419bbb684104d2b18bb7e85dac24e9235,93795b53d7c5aef69af66b4ff0a56fa46515771f1ec43332ec929970270ea262,UNQUALIFIED_DIAGNOSTIC
ORIGIN,10,top,-2,1,s,1.225,-1.2273674236087437e-05,1.9270200887050884e-06,-1.2273674236087437e-05,1.9270200887050897e-06,1e959a19b626a1efe709d0654505ee3419bbb684104d2b18bb7e85dac24e9235,93795b53d7c5aef69af66b4ff0a56fa46515771f1ec43332ec929970270ea262,UNQUALIFIED_DIAGNOSTIC
ORIGIN,11,top,-2,1,p,1.225,2.6606901007409826e-06,-2.560259973482467e-06,2.660690100677258e-06,-2.560259973482467e-06,1e959a19b626a1efe709d0654505ee3419bbb684104d2b18bb7e85dac24e9235,93795b53d7c5aef69af66b4ff0a56fa46515771f1ec43332ec929970270ea262,UNQUALIFIED_DIAGNOSTIC
ORIGIN,12,top,-1,-1,s,1.225,6.161675563869668e-05,-2.8100346815148752e-05,6.161675563866363e-05,-2.8100346815148752e-05,1e959a19b626a1efe709d0654505ee3419bbb684104d2b18bb7e85dac24e9235,93795b53d7c5aef69af66b4ff0a56fa46515771f1ec43332ec929970270ea262,UNQUALIFIED_DIAGNOSTIC
ORIGIN,13,top,-1,-1,p,1.225,4.417807902558476e-05,-1.7240640701526326e-05,4.417807902549211e-05,-1.7240640701553346e-05,1e959a19b626a1efe709d0654505ee3419bbb684104d2b18bb7e85dac24e9235,93795b53d7c5aef69af66b4ff0a56fa46515771f1ec43332ec929970270ea262,UNQUALIFIED_DIAGNOSTIC
ORIGIN,14,top,-1,0,s,1.225,-0.00014296039599643427,-6.180145362307342e-05,-0.0001429603959960425,-6.180145362252173e-05,1e959a19b626a1efe709d0654505ee3419bbb684104d2b18bb7e85dac24e9235,93795b53d7c5aef69af66b4ff0a56fa46515771f1ec43332ec929970270ea262,UNQUALIFIED_DIAGNOSTIC
ORIGIN,15,top,-1,0,p,1.225,1.429984220388637e-06,-3.156072387352793e-06,1.429984220388637e-06,-3.156072387352793e-06,1e959a19b626a1efe709d0654505ee3419bbb684104d2b18bb7e85dac24e9235,93795b53d7c5aef69af66b4ff0a56fa46515771f1ec43332ec929970270ea262,UNQUALIFIED_DIAGNOSTIC
ORIGIN,16,top,-1,1,s,1.225,7.631785311743947e-05,1.527030045594837e-05,7.631785311745481e-05,1.5270300455968432e-05,1e959a19b626a1efe709d0654505ee3419bbb684104d2b18bb7e85dac24e9235,93795b53d7c5aef69af66b4ff0a56fa46515771f1ec43332ec929970270ea262,UNQUALIFIED_DIAGNOSTIC
ORIGIN,17,top,-1,1,p,1.225,-2.0538303740813963e-05,-5.235310575543747e-06,-2.0538303740895027e-05,-5.235310575555328e-06,1e959a19b626a1efe709d0654505ee3419bbb684104d2b18bb7e85dac24e9235,93795b53d7c5aef69af66b4ff0a56fa46515771f1ec43332ec929970270ea262,UNQUALIFIED_DIAGNOSTIC
ORIGIN,18,top,0,0,s,1.225,1.1646942951730914,-0.5435127168394988,-0.09816438859180325,-0.1436231821624955,1e959a19b626a1efe709d0654505ee3419bbb684104d2b18bb7e85dac24e9235,93795b53d7c5aef69af66b4ff0a56fa46515771f1ec43332ec929970270ea262,UNQUALIFIED_DIAGNOSTIC
ORIGIN,19,top,0,0,p,1.225,0.000347617156914119,-8.589395565256972e-05,0.00034761715691465037,-8.589395565273799e-05,1e959a19b626a1efe709d0654505ee3419bbb684104d2b18bb7e85dac24e9235,93795b53d7c5aef69af66b4ff0a56fa46515771f1ec43332ec929970270ea262,UNQUALIFIED_DIAGNOSTIC
ORIGIN,20,bottom,-3,-1,s,-0.175,-4.628457507118289e-05,6.435605007196327e-06,-4.6284575071181714e-05,6.435605007212848e-06,1e959a19b626a1efe709d0654505ee3419bbb684104d2b18bb7e85dac24e9235,93795b53d7c5aef69af66b4ff0a56fa46515771f1ec43332ec929970270ea262,UNQUALIFIED_DIAGNOSTIC
ORIGIN,21,bottom,-3,-1,p,-0.175,-5.475428954980862e-06,7.324374987244646e-06,-5.475428955031122e-06,7.324374987271708e-06,1e959a19b626a1efe709d0654505ee3419bbb684104d2b18bb7e85dac24e9235,93795b53d7c5aef69af66b4ff0a56fa46515771f1ec43332ec929970270ea262,UNQUALIFIED_DIAGNOSTIC
ORIGIN,22,bottom,-3,0,s,-0.175,5.271990213411243e-05,-6.074909997363984e-05,5.2719902134316585e-05,-6.0749099974123676e-05,1e959a19b626a1efe709d0654505ee3419bbb684104d2b18bb7e85dac24e9235,93795b53d7c5aef69af66b4ff0a56fa46515771f1ec43332ec929970270ea262,UNQUALIFIED_DIAGNOSTIC
ORIGIN,23,bottom,-3,0,p,-0.175,-1.0279537299662672e-05,7.560982992383975e-06,-1.0279537299662672e-05,7.560982992383975e-06,1e959a19b626a1efe709d0654505ee3419bbb684104d2b18bb7e85dac24e9235,93795b53d7c5aef69af66b4ff0a56fa46515771f1ec43332ec929970270ea262,UNQUALIFIED_DIAGNOSTIC
ORIGIN,24,bottom,-3,1,s,-0.175,-0.00012342860817903537,2.4771328139337002e-05,-0.0001234286081790684,2.4771328139348803e-05,1e959a19b626a1efe709d0654505ee3419bbb684104d2b18bb7e85dac24e9235,93795b53d7c5aef69af66b4ff0a56fa46515771f1ec43332ec929970270ea262,UNQUALIFIED_DIAGNOSTIC
ORIGIN,25,bottom,-3,1,p,-0.175,8.79139915599761e-05,7.970501304198815e-06,8.79139915600225e-05,7.97050130421428e-06,1e959a19b626a1efe709d0654505ee3419bbb684104d2b18bb7e85dac24e9235,93795b53d7c5aef69af66b4ff0a56fa46515771f1ec43332ec929970270ea262,UNQUALIFIED_DIAGNOSTIC
ORIGIN,26,bottom,-2,-1,s,-0.175,-4.982140102486229e-07,-4.662404626186023e-06,-4.982140102486136e-07,-4.662404626186018e-06,1e959a19b626a1efe709d0654505ee3419bbb684104d2b18bb7e85dac24e9235,93795b53d7c5aef69af66b4ff0a56fa46515771f1ec43332ec929970270ea262,UNQUALIFIED_DIAGNOSTIC
ORIGIN,27,bottom,-2,-1,p,-0.175,4.1813513904782665e-06,6.2851895717709e-06,4.181351390520758e-06,6.2851895717709e-06,1e959a19b626a1efe709d0654505ee3419bbb684104d2b18bb7e85dac24e9235,93795b53d7c5aef69af66b4ff0a56fa46515771f1ec43332ec929970270ea262,UNQUALIFIED_DIAGNOSTIC
ORIGIN,28,bottom,-2,0,s,-0.175,-2.4217335002453196e-05,-2.0361925099852697e-05,-2.421733500271287e-05,-2.03619250995441e-05,1e959a19b626a1efe709d0654505ee3419bbb684104d2b18bb7e85dac24e9235,93795b53d7c5aef69af66b4ff0a56fa46515771f1ec43332ec929970270ea262,UNQUALIFIED_DIAGNOSTIC
ORIGIN,29,bottom,-2,0,p,-0.175,2.5314291967200378e-06,3.3323298658768863e-06,2.5314291967200378e-06,3.3323298658768863e-06,1e959a19b626a1efe709d0654505ee3419bbb684104d2b18bb7e85dac24e9235,93795b53d7c5aef69af66b4ff0a56fa46515771f1ec43332ec929970270ea262,UNQUALIFIED_DIAGNOSTIC
ORIGIN,30,bottom,-2,1,s,-0.175,-1.6082263071454092e-05,1.8312222144689844e-06,-1.608226307145409e-05,1.8312222144689806e-06,1e959a19b626a1efe709d0654505ee3419bbb684104d2b18bb7e85dac24e9235,93795b53d7c5aef69af66b4ff0a56fa46515771f1ec43332ec929970270ea262,UNQUALIFIED_DIAGNOSTIC
ORIGIN,31,bottom,-2,1,p,-0.175,-6.773043186216423e-07,1.781749006709635e-05,-6.773043186556356e-07,1.7817490067130342e-05,1e959a19b626a1efe709d0654505ee3419bbb684104d2b18bb7e85dac24e9235,93795b53d7c5aef69af66b4ff0a56fa46515771f1ec43332ec929970270ea262,UNQUALIFIED_DIAGNOSTIC
ORIGIN,32,bottom,-1,-1,s,-0.175,-9.957459770528776e-06,-1.8569988388630084e-05,-9.957459770521695e-06,-1.8569988388639523e-05,1e959a19b626a1efe709d0654505ee3419bbb684104d2b18bb7e85dac24e9235,93795b53d7c5aef69af66b4ff0a56fa46515771f1ec43332ec929970270ea262,UNQUALIFIED_DIAGNOSTIC
ORIGIN,33,bottom,-1,-1,p,-0.175,2.4528291735075103e-06,6.945410750323815e-06,2.4528291735403396e-06,6.9454107502388445e-06,1e959a19b626a1efe709d0654505ee3419bbb684104d2b18bb7e85dac24e9235,93795b53d7c5aef69af66b4ff0a56fa46515771f1ec43332ec929970270ea262,UNQUALIFIED_DIAGNOSTIC
ORIGIN,34,bottom,-1,0,s,-0.175,9.295019114856275e-05,-7.220468216021325e-05,9.295019114803997e-05,-7.220468216006219e-05,1e959a19b626a1efe709d0654505ee3419bbb684104d2b18bb7e85dac24e9235,93795b53d7c5aef69af66b4ff0a56fa46515771f1ec43332ec929970270ea262,UNQUALIFIED_DIAGNOSTIC
ORIGIN,35,bottom,-1,0,p,-0.175,7.878346702271667e-06,3.936661687764878e-06,7.878346702271667e-06,3.936661687764878e-06,1e959a19b626a1efe709d0654505ee3419bbb684104d2b18bb7e85dac24e9235,93795b53d7c5aef69af66b4ff0a56fa46515771f1ec43332ec929970270ea262,UNQUALIFIED_DIAGNOSTIC
ORIGIN,36,bottom,-1,1,s,-0.175,3.0291101440728046e-05,5.989995316733986e-06,3.0291101440723326e-05,5.989995316720415e-06,1e959a19b626a1efe709d0654505ee3419bbb684104d2b18bb7e85dac24e9235,93795b53d7c5aef69af66b4ff0a56fa46515771f1ec43332ec929970270ea262,UNQUALIFIED_DIAGNOSTIC
ORIGIN,37,bottom,-1,1,p,-0.175,2.2081162287520114e-05,-2.911961931374869e-05,2.2081162287481492e-05,-2.9119619313754485e-05,1e959a19b626a1efe709d0654505ee3419bbb684104d2b18bb7e85dac24e9235,93795b53d7c5aef69af66b4ff0a56fa46515771f1ec43332ec929970270ea262,UNQUALIFIED_DIAGNOSTIC
ORIGIN,38,bottom,0,0,s,-0.175,1.255673713826134,-0.1807191621654358,-0.07992321285602912,-0.15520931136677402,1e959a19b626a1efe709d0654505ee3419bbb684104d2b18bb7e85dac24e9235,93795b53d7c5aef69af66b4ff0a56fa46515771f1ec43332ec929970270ea262,UNQUALIFIED_DIAGNOSTIC
ORIGIN,39,bottom,0,0,p,-0.175,0.00027718881373605823,-5.8722631599780836e-05,0.00027718881372069916,-5.872263159860222e-05,1e959a19b626a1efe709d0654505ee3419bbb684104d2b18bb7e85dac24e9235,93795b53d7c5aef69af66b4ff0a56fa46515771f1ec43332ec929970270ea262,UNQUALIFIED_DIAGNOSTIC
TRIAL_4,0,top,-3,-1,s,1.225,-4.6000050874148014e-05,4.3605548323415596e-05,-4.600005087416926e-05,4.360554832338609e-05,1e959a19b626a1efe709d0654505ee3419bbb684104d2b18bb7e85dac24e9235,93795b53d7c5aef69af66b4ff0a56fa46515771f1ec43332ec929970270ea262,UNQUALIFIED_DIAGNOSTIC
TRIAL_4,1,top,-3,-1,p,1.225,2.6220078479884487e-06,-1.3617457666758219e-05,2.6220078479652646e-06,-1.3617457666717646e-05,1e959a19b626a1efe709d0654505ee3419bbb684104d2b18bb7e85dac24e9235,93795b53d7c5aef69af66b4ff0a56fa46515771f1ec43332ec929970270ea262,UNQUALIFIED_DIAGNOSTIC
TRIAL_4,2,top,-3,0,s,1.225,-3.917975291644657e-05,-3.761656968575649e-05,-3.9179752916689666e-05,-3.7616569685861514e-05,1e959a19b626a1efe709d0654505ee3419bbb684104d2b18bb7e85dac24e9235,93795b53d7c5aef69af66b4ff0a56fa46515771f1ec43332ec929970270ea262,UNQUALIFIED_DIAGNOSTIC
TRIAL_4,3,top,-3,0,p,1.225,6.3827040408296266e-06,-1.0749918150905109e-05,6.3827040408296266e-06,-1.0749918150905109e-05,1e959a19b626a1efe709d0654505ee3419bbb684104d2b18bb7e85dac24e9235,93795b53d7c5aef69af66b4ff0a56fa46515771f1ec43332ec929970270ea262,UNQUALIFIED_DIAGNOSTIC
TRIAL_4,4,top,-3,1,s,1.225,4.7590248346395433e-05,4.936337283324903e-06,4.759024834639071e-05,4.936337283331983e-06,1e959a19b626a1efe709d0654505ee3419bbb684104d2b18bb7e85dac24e9235,93795b53d7c5aef69af66b4ff0a56fa46515771f1ec43332ec929970270ea262,UNQUALIFIED_DIAGNOSTIC
TRIAL_4,5,top,-3,1,p,1.225,-3.146352048429839e-06,4.379712467659965e-06,-3.1463520484066548e-06,4.379712467679285e-06,1e959a19b626a1efe709d0654505ee3419bbb684104d2b18bb7e85dac24e9235,93795b53d7c5aef69af66b4ff0a56fa46515771f1ec43332ec929970270ea262,UNQUALIFIED_DIAGNOSTIC
TRIAL_4,6,top,-2,-1,s,1.225,1.0047543552538115e-05,9.145059532520003e-06,1.004754355253812e-05,9.145059532520001e-06,1e959a19b626a1efe709d0654505ee3419bbb684104d2b18bb7e85dac24e9235,93795b53d7c5aef69af66b4ff0a56fa46515771f1ec43332ec929970270ea262,UNQUALIFIED_DIAGNOSTIC
TRIAL_4,7,top,-2,-1,p,1.225,1.4162316778287877e-05,8.420322296074998e-06,1.41623167782284e-05,8.420322296074998e-06,1e959a19b626a1efe709d0654505ee3419bbb684104d2b18bb7e85dac24e9235,93795b53d7c5aef69af66b4ff0a56fa46515771f1ec43332ec929970270ea262,UNQUALIFIED_DIAGNOSTIC
TRIAL_4,8,top,-2,0,s,1.225,2.4342764588890256e-05,1.4727451776999986e-05,2.434276458921299e-05,1.4727451776877847e-05,1e959a19b626a1efe709d0654505ee3419bbb684104d2b18bb7e85dac24e9235,93795b53d7c5aef69af66b4ff0a56fa46515771f1ec43332ec929970270ea262,UNQUALIFIED_DIAGNOSTIC
TRIAL_4,9,top,-2,0,p,1.225,3.824436918540864e-06,9.645088443376935e-06,3.824436918540864e-06,9.645088443376935e-06,1e959a19b626a1efe709d0654505ee3419bbb684104d2b18bb7e85dac24e9235,93795b53d7c5aef69af66b4ff0a56fa46515771f1ec43332ec929970270ea262,UNQUALIFIED_DIAGNOSTIC
TRIAL_4,10,top,-2,1,s,1.225,-1.2273629288553725e-05,1.9269881724619034e-06,-1.2273629288553725e-05,1.9269881724619047e-06,1e959a19b626a1efe709d0654505ee3419bbb684104d2b18bb7e85dac24e9235,93795b53d7c5aef69af66b4ff0a56fa46515771f1ec43332ec929970270ea262,UNQUALIFIED_DIAGNOSTIC
TRIAL_4,11,top,-2,1,p,1.225,2.660388129651702e-06,-2.560339917633026e-06,2.6603881295879777e-06,-2.560339917633026e-06,1e959a19b626a1efe709d0654505ee3419bbb684104d2b18bb7e85dac24e9235,93795b53d7c5aef69af66b4ff0a56fa46515771f1ec43332ec929970270ea262,UNQUALIFIED_DIAGNOSTIC
TRIAL_4,12,top,-1,-1,s,1.225,6.161658231048756e-05,-2.8100017648159808e-05,6.161658231045452e-05,-2.8100017648159808e-05,1e959a19b626a1efe709d0654505ee3419bbb684104d2b18bb7e85dac24e9235,93795b53d7c5aef69af66b4ff0a56fa46515771f1ec43332ec929970270ea262,UNQUALIFIED_DIAGNOSTIC
TRIAL_4,13,top,-1,-1,p,1.225,4.4178080143948115e-05,-1.7240511669200462e-05,4.417808014385547e-05,-1.7240511669227483e-05,1e959a19b626a1efe709d0654505ee3419bbb684104d2b18bb7e85dac24e9235,93795b53d7c5aef69af66b4ff0a56fa46515771f1ec43332ec929970270ea262,UNQUALIFIED_DIAGNOSTIC
TRIAL_4,14,top,-1,0,s,1.225,-0.00014295986135492094,-6.180174387741195e-05,-0.00014295986135452916,-6.180174387686027e-05,1e959a19b626a1efe709d0654505ee3419bbb684104d2b18bb7e85dac24e9235,93795b53d7c5aef69af66b4ff0a56fa46515771f1ec43332ec929970270ea262,UNQUALIFIED_DIAGNOSTIC
TRIAL_4,15,top,-1,0,p,1.225,1.4297854531443686e-06,-3.155977906851989e-06,1.4297854531443686e-06,-3.155977906851989e-06,1e959a19b626a1efe709d0654505ee3419bbb684104d2b18bb7e85dac24e9235,93795b53d7c5aef69af66b4ff0a56fa46515771f1ec43332ec929970270ea262,UNQUALIFIED_DIAGNOSTIC
TRIAL_4,16,top,-1,1,s,1.225,7.631783095693478e-05,1.5269904095655758e-05,7.631783095695012e-05,1.526990409567582e-05,1e959a19b626a1efe709d0654505ee3419bbb684104d2b18bb7e85dac24e9235,93795b53d7c5aef69af66b4ff0a56fa46515771f1ec43332ec929970270ea262,UNQUALIFIED_DIAGNOSTIC
TRIAL_4,17,top,-1,1,p,1.225,-2.0537924646942584e-05,-5.235666042887354e-06,-2.0537924647023648e-05,-5.235666042898935e-06,1e959a19b626a1efe709d0654505ee3419bbb684104d2b18bb7e85dac24e9235,93795b53d7c5aef69af66b4ff0a56fa46515771f1ec43332ec929970270ea262,UNQUALIFIED_DIAGNOSTIC
TRIAL_4,18,top,0,0,s,1.225,1.1646943549169138,-0.5435126647628951,-0.09816432884798094,-0.14362313008589184,1e959a19b626a1efe709d0654505ee3419bbb684104d2b18bb7e85dac24e9235,93795b53d7c5aef69af66b4ff0a56fa46515771f1ec43332ec929970270ea262,UNQUALIFIED_DIAGNOSTIC
TRIAL_4,19,top,0,0,p,1.225,0.0003476142231116415,-8.590204813872085e-05,0.0003476142231121729,-8.590204813888912e-05,1e959a19b626a1efe709d0654505ee3419bbb684104d2b18bb7e85dac24e9235,93795b53d7c5aef69af66b4ff0a56fa46515771f1ec43332ec929970270ea262,UNQUALIFIED_DIAGNOSTIC
TRIAL_4,20,bottom,-3,-1,s,-0.175,-4.6284315241019675e-05,6.435893253834501e-06,-4.6284315241018496e-05,6.435893253851022e-06,1e959a19b626a1efe709d0654505ee3419bbb684104d2b18bb7e85dac24e9235,93795b53d7c5aef69af66b4ff0a56fa46515771f1ec43332ec929970270ea262,UNQUALIFIED_DIAGNOSTIC
TRIAL_4,21,bottom,-3,-1,p,-0.175,-5.474617426550239e-06,7.324314763817743e-06,-5.4746174266004985e-06,7.324314763844806e-06,1e959a19b626a1efe709d0654505ee3419bbb684104d2b18bb7e85dac24e9235,93795b53d7c5aef69af66b4ff0a56fa46515771f1ec43332ec929970270ea262,UNQUALIFIED_DIAGNOSTIC
TRIAL_4,22,bottom,-3,0,s,-0.175,5.272010337317913e-05,-6.07479979146618e-05,5.272010337338328e-05,-6.074799791514564e-05,1e959a19b626a1efe709d0654505ee3419bbb684104d2b18bb7e85dac24e9235,93795b53d7c5aef69af66b4ff0a56fa46515771f1ec43332ec929970270ea262,UNQUALIFIED_DIAGNOSTIC
TRIAL_4,23,bottom,-3,0,p,-0.175,-1.027953714882986e-05,7.5610218750391295e-06,-1.027953714882986e-05,7.5610218750391295e-06,1e959a19b626a1efe709d0654505ee3419bbb684104d2b18bb7e85dac24e9235,93795b53d7c5aef69af66b4ff0a56fa46515771f1ec43332ec929970270ea262,UNQUALIFIED_DIAGNOSTIC
TRIAL_4,24,bottom,-3,1,s,-0.175,-0.00012342481245609184,2.4769592115113057e-05,-0.00012342481245612488,2.4769592115124858e-05,1e959a19b626a1efe709d0654505ee3419bbb684104d2b18bb7e85dac24e9235,93795b53d7c5aef69af66b4ff0a56fa46515771f1ec43332ec929970270ea262,UNQUALIFIED_DIAGNOSTIC
TRIAL_4,25,bottom,-3,1,p,-0.175,8.791148014000015e-05,7.97083666453082e-06,8.791148014004654e-05,7.970836664546285e-06,1e959a19b626a1efe709d0654505ee3419bbb684104d2b18bb7e85dac24e9235,93795b53d7c5aef69af66b4ff0a56fa46515771f1ec43332ec929970270ea262,UNQUALIFIED_DIAGNOSTIC
TRIAL_4,26,bottom,-2,-1,s,-0.175,-4.981630338140257e-07,-4.6621315218089725e-06,-4.981630338140164e-07,-4.662131521808967e-06,1e959a19b626a1efe709d0654505ee3419bbb684104d2b18bb7e85dac24e9235,93795b53d7c5aef69af66b4ff0a56fa46515771f1ec43332ec929970270ea262,UNQUALIFIED_DIAGNOSTIC
TRIAL_4,27,bottom,-2,-1,p,-0.175,4.18085675712985e-06,6.285318612391195e-06,4.180856757172341e-06,6.285318612391195e-06,1e959a19b626a1efe709d0654505ee3419bbb684104d2b18bb7e85dac24e9235,93795b53d7c5aef69af66b4ff0a56fa46515771f1ec43332ec929970270ea262,UNQUALIFIED_DIAGNOSTIC
TRIAL_4,28,bottom,-2,0,s,-0.175,-2.4217260617592667e-05,-2.0362357254891668e-05,-2.421726061785234e-05,-2.036235725458307e-05,1e959a19b626a1efe709d0654505ee3419bbb684104d2b18bb7e85dac24e9235,93795b53d7c5aef69af66b4ff0a56fa46515771f1ec43332ec929970270ea262,UNQUALIFIED_DIAGNOSTIC
TRIAL_4,29,bottom,-2,0,p,-0.175,2.5314342014869507e-06,3.3322851416801506e-06,2.5314342014869507e-06,3.3322851416801506e-06,1e959a19b626a1efe709d0654505ee3419bbb684104d2b18bb7e85dac24e9235,93795b53d7c5aef69af66b4ff0a56fa46515771f1ec43332ec929970270ea262,UNQUALIFIED_DIAGNOSTIC
TRIAL_4,30,bottom,-2,1,s,-0.175,-1.6082152645046535e-05,1.8316868719500115e-06,-1.6082152645046532e-05,1.8316868719500077e-06,1e959a19b626a1efe709d0654505ee3419bbb684104d2b18bb7e85dac24e9235,93795b53d7c5aef69af66b4ff0a56fa46515771f1ec43332ec929970270ea262,UNQUALIFIED_DIAGNOSTIC
TRIAL_4,31,bottom,-2,1,p,-0.175,-6.774108361625984e-07,1.7817401698290038e-05,-6.774108361965918e-07,1.781740169832403e-05,1e959a19b626a1efe709d0654505ee3419bbb684104d2b18bb7e85dac24e9235,93795b53d7c5aef69af66b4ff0a56fa46515771f1ec43332ec929970270ea262,UNQUALIFIED_DIAGNOSTIC
TRIAL_4,32,bottom,-1,-1,s,-0.175,-9.95745382633421e-06,-1.8569542496643688e-05,-9.95745382632713e-06,-1.8569542496653127e-05,1e959a19b626a1efe709d0654505ee3419bbb684104d2b18bb7e85dac24e9235,93795b53d7c5aef69af66b4ff0a56fa46515771f1ec43332ec929970270ea262,UNQUALIFIED_DIAGNOSTIC
TRIAL_4,33,bottom,-1,-1,p,-0.175,2.4529867453809642e-06,6.9453281597686345e-06,2.4529867454137935e-06,6.9453281596836644e-06,1e959a19b626a1efe709d0654505ee3419bbb684104d2b18bb7e85dac24e9235,93795b53d7c5aef69af66b4ff0a56fa46515771f1ec43332ec929970270ea262,UNQUALIFIED_DIAGNOSTIC
TRIAL_4,34,bottom,-1,0,s,-0.175,9.294980652919157e-05,-7.220538252825167e-05,9.294980652866878e-05,-7.220538252810062e-05,1e959a19b626a1efe709d0654505ee3419bbb684104d2b18bb7e85dac24e9235,93795b53d7c5aef69af66b4ff0a56fa46515771f1ec43332ec929970270ea262,UNQUALIFIED_DIAGNOSTIC
TRIAL_4,35,bottom,-1,0,p,-0.175,7.878070650236919e-06,3.936433036210549e-06,7.878070650236919e-06,3.936433036210549e-06,1e959a19b626a1efe709d0654505ee3419bbb684104d2b18bb7e85dac24e9235,93795b53d7c5aef69af66b4ff0a56fa46515771f1ec43332ec929970270ea262,UNQUALIFIED_DIAGNOSTIC
TRIAL_4,36,bottom,-1,1,s,-0.175,3.0290762719858862e-05,5.989287656476633e-06,3.0290762719854143e-05,5.9892876564630616e-06,1e959a19b626a1efe709d0654505ee3419bbb684104d2b18bb7e85dac24e9235,93795b53d7c5aef69af66b4ff0a56fa46515771f1ec43332ec929970270ea262,UNQUALIFIED_DIAGNOSTIC
TRIAL_4,37,bottom,-1,1,p,-0.175,2.2081151246463678e-05,-2.9119587560305602e-05,2.2081151246425056e-05,-2.9119587560311396e-05,1e959a19b626a1efe709d0654505ee3419bbb684104d2b18bb7e85dac24e9235,93795b53d7c5aef69af66b4ff0a56fa46515771f1ec43332ec929970270ea262,UNQUALIFIED_DIAGNOSTIC
TRIAL_4,38,bottom,0,0,s,-0.175,1.2556737734805694,-0.18071910105081673,-0.0799231532015939,-0.15520925025215496,1e959a19b626a1efe709d0654505ee3419bbb684104d2b18bb7e85dac24e9235,93795b53d7c5aef69af66b4ff0a56fa46515771f1ec43332ec929970270ea262,UNQUALIFIED_DIAGNOSTIC
TRIAL_4,39,bottom,0,0,p,-0.175,0.00027718711423238904,-5.873240517450598e-05,0.00027718711421702996,-5.873240517332736e-05,1e959a19b626a1efe709d0654505ee3419bbb684104d2b18bb7e85dac24e9235,93795b53d7c5aef69af66b4ff0a56fa46515771f1ec43332ec929970270ea262,UNQUALIFIED_DIAGNOSTIC
TRIAL_3,0,top,-3,-1,s,1.225,-4.600191452523469e-05,4.360423558702353e-05,-4.6001914525255934e-05,4.360423558699402e-05,1e959a19b626a1efe709d0654505ee3419bbb684104d2b18bb7e85dac24e9235,93795b53d7c5aef69af66b4ff0a56fa46515771f1ec43332ec929970270ea262,UNQUALIFIED_DIAGNOSTIC
TRIAL_3,1,top,-3,-1,p,1.225,2.6233233867290005e-06,-1.3612035942103451e-05,2.6233233867058163e-06,-1.3612035942062878e-05,1e959a19b626a1efe709d0654505ee3419bbb684104d2b18bb7e85dac24e9235,93795b53d7c5aef69af66b4ff0a56fa46515771f1ec43332ec929970270ea262,UNQUALIFIED_DIAGNOSTIC
TRIAL_3,2,top,-3,0,s,1.225,-3.918080274205354e-05,-3.76154907762389e-05,-3.918080274229664e-05,-3.7615490776343926e-05,1e959a19b626a1efe709d0654505ee3419bbb684104d2b18bb7e85dac24e9235,93795b53d7c5aef69af66b4ff0a56fa46515771f1ec43332ec929970270ea262,UNQUALIFIED_DIAGNOSTIC
TRIAL_3,3,top,-3,0,p,1.225,6.382639134787407e-06,-1.0749529675900979e-05,6.382639134787407e-06,-1.0749529675900979e-05,1e959a19b626a1efe709d0654505ee3419bbb684104d2b18bb7e85dac24e9235,93795b53d7c5aef69af66b4ff0a56fa46515771f1ec43332ec929970270ea262,UNQUALIFIED_DIAGNOSTIC
TRIAL_3,4,top,-3,1,s,1.225,4.759098487973184e-05,4.934729300614851e-06,4.759098487972712e-05,4.934729300621932e-06,1e959a19b626a1efe709d0654505ee3419bbb684104d2b18bb7e85dac24e9235,93795b53d7c5aef69af66b4ff0a56fa46515771f1ec43332ec929970270ea262,UNQUALIFIED_DIAGNOSTIC
TRIAL_3,5,top,-3,1,p,1.225,-3.1456011656689526e-06,4.377491863820703e-06,-3.1456011656457685e-06,4.377491863840023e-06,1e959a19b626a1efe709d0654505ee3419bbb684104d2b18bb7e85dac24e9235,93795b53d7c5aef69af66b4ff0a56fa46515771f1ec43332ec929970270ea262,UNQUALIFIED_DIAGNOSTIC
TRIAL_3,6,top,-2,-1,s,1.225,1.004617395339678e-05,9.144258233329232e-06,1.0046173953396785e-05,9.14425823332923e-06,1e959a19b626a1efe709d0654505ee3419bbb684104d2b18bb7e85dac24e9235,93795b53d7c5aef69af66b4ff0a56fa46515771f1ec43332ec929970270ea262,UNQUALIFIED_DIAGNOSTIC
TRIAL_3,7,top,-2,-1,p,1.225,1.4161847624385896e-05,8.420168276863405e-06,1.4161847624326419e-05,8.420168276863405e-06,1e959a19b626a1efe709d0654505ee3419bbb684104d2b18bb7e85dac24e9235,93795b53d7c5aef69af66b4ff0a56fa46515771f1ec43332ec929970270ea262,UNQUALIFIED_DIAGNOSTIC
TRIAL_3,8,top,-2,0,s,1.225,2.4343539470909514e-05,1.4728121236596812e-05,2.4343539471232247e-05,1.4728121236474673e-05,1e959a19b626a1efe709d0654505ee3419bbb684104d2b18bb7e85dac24e9235,93795b53d7c5aef69af66b4ff0a56fa46515771f1ec43332ec929970270ea262,UNQUALIFIED_DIAGNOSTIC
TRIAL_3,9,top,-2,0,p,1.225,3.8245641462222216e-06,9.645171556475186e-06,3.8245641462222216e-06,9.645171556475186e-06,1e959a19b626a1efe709d0654505ee3419bbb684104d2b18bb7e85dac24e9235,93795b53d7c5aef69af66b4ff0a56fa46515771f1ec43332ec929970270ea262,UNQUALIFIED_DIAGNOSTIC
TRIAL_3,10,top,-2,1,s,1.225,-1.2273550681242333e-05,1.9269684984371755e-06,-1.2273550681242333e-05,1.926968498437177e-06,1e959a19b626a1efe709d0654505ee3419bbb684104d2b18bb7e85dac24e9235,93795b53d7c5aef69af66b4ff0a56fa46515771f1ec43332ec929970270ea262,UNQUALIFIED_DIAGNOSTIC
TRIAL_3,11,top,-2,1,p,1.225,2.659374568348772e-06,-2.5608335362610346e-06,2.6593745682850477e-06,-2.5608335362610346e-06,1e959a19b626a1efe709d0654505ee3419bbb684104d2b18bb7e85dac24e9235,93795b53d7c5aef69af66b4ff0a56fa46515771f1ec43332ec929970270ea262,UNQUALIFIED_DIAGNOSTIC
TRIAL_3,12,top,-1,-1,s,1.225,6.161609715820257e-05,-2.8099003317349237e-05,6.161609715816953e-05,-2.8099003317349237e-05,1e959a19b626a1efe709d0654505ee3419bbb684104d2b18bb7e85dac24e9235,93795b53d7c5aef69af66b4ff0a56fa46515771f1ec43332ec929970270ea262,UNQUALIFIED_DIAGNOSTIC
TRIAL_3,13,top,-1,-1,p,1.225,4.417815232066435e-05,-1.7240234278454005e-05,4.4178152320571706e-05,-1.7240234278481026e-05,1e959a19b626a1efe709d0654505ee3419bbb684104d2b18bb7e85dac24e9235,93795b53d7c5aef69af66b4ff0a56fa46515771f1ec43332ec929970270ea262,UNQUALIFIED_DIAGNOSTIC
TRIAL_3,14,top,-1,0,s,1.225,-0.0001429583297150715,-6.180257489799298e-05,-0.00014295832971467974,-6.18025748974413e-05,1e959a19b626a1efe709d0654505ee3419bbb684104d2b18bb7e85dac24e9235,93795b53d7c5aef69af66b4ff0a56fa46515771f1ec43332ec929970270ea262,UNQUALIFIED_DIAGNOSTIC
TRIAL_3,15,top,-1,0,p,1.225,1.4292222362541618e-06,-3.155648985243604e-06,1.4292222362541618e-06,-3.155648985243604e-06,1e959a19b626a1efe709d0654505ee3419bbb684104d2b18bb7e85dac24e9235,93795b53d7c5aef69af66b4ff0a56fa46515771f1ec43332ec929970270ea262,UNQUALIFIED_DIAGNOSTIC
TRIAL_3,16,top,-1,1,s,1.225,7.63177851707155e-05,1.5268591614287518e-05,7.631778517073084e-05,1.526859161430758e-05,1e959a19b626a1efe709d0654505ee3419bbb684104d2b18bb7e85dac24e9235,93795b53d7c5aef69af66b4ff0a56fa46515771f1ec43332ec929970270ea262,UNQUALIFIED_DIAGNOSTIC
TRIAL_3,17,top,-1,1,p,1.225,-2.053676902701701e-05,-5.236688224767489e-06,-2.0536769027098073e-05,-5.236688224779069e-06,1e959a19b626a1efe709d0654505ee3419bbb684104d2b18bb7e85dac24e9235,93795b53d7c5aef69af66b4ff0a56fa46515771f1ec43332ec929970270ea262,UNQUALIFIED_DIAGNOSTIC
TRIAL_3,18,top,0,0,s,1.225,1.1646945267547382,-0.5435125171628168,-0.09816415701015652,-0.14362298248581357,1e959a19b626a1efe709d0654505ee3419bbb684104d2b18bb7e85dac24e9235,93795b53d7c5aef69af66b4ff0a56fa46515771f1ec43332ec929970270ea262,UNQUALIFIED_DIAGNOSTIC
TRIAL_3,19,top,0,0,p,1.225,0.00034760689494277405,-8.591335929523206e-05,0.0003476068949433054,-8.591335929540033e-05,1e959a19b626a1efe709d0654505ee3419bbb684104d2b18bb7e85dac24e9235,93795b53d7c5aef69af66b4ff0a56fa46515771f1ec43332ec929970270ea262,UNQUALIFIED_DIAGNOSTIC
TRIAL_3,20,bottom,-3,-1,s,-0.175,-4.628354368771858e-05,6.436698433478183e-06,-4.62835436877174e-05,6.436698433494705e-06,1e959a19b626a1efe709d0654505ee3419bbb684104d2b18bb7e85dac24e9235,93795b53d7c5aef69af66b4ff0a56fa46515771f1ec43332ec929970270ea262,UNQUALIFIED_DIAGNOSTIC
TRIAL_3,21,bottom,-3,-1,p,-0.175,-5.472053159914581e-06,7.323907214009804e-06,-5.4720531599648405e-06,7.323907214036867e-06,1e959a19b626a1efe709d0654505ee3419bbb684104d2b18bb7e85dac24e9235,93795b53d7c5aef69af66b4ff0a56fa46515771f1ec43332ec929970270ea262,UNQUALIFIED_DIAGNOSTIC
TRIAL_3,22,bottom,-3,0,s,-0.175,5.2720576450890836e-05,-6.0744575663553074e-05,5.272057645109499e-05,-6.074457566403691e-05,1e959a19b626a1efe709d0654505ee3419bbb684104d2b18bb7e85dac24e9235,93795b53d7c5aef69af66b4ff0a56fa46515771f1ec43332ec929970270ea262,UNQUALIFIED_DIAGNOSTIC
TRIAL_3,23,bottom,-3,0,p,-0.175,-1.0279465311016881e-05,7.561170732720502e-06,-1.0279465311016881e-05,7.561170732720502e-06,1e959a19b626a1efe709d0654505ee3419bbb684104d2b18bb7e85dac24e9235,93795b53d7c5aef69af66b4ff0a56fa46515771f1ec43332ec929970270ea262,UNQUALIFIED_DIAGNOSTIC
TRIAL_3,24,bottom,-3,1,s,-0.175,-0.00012341343263999792,2.476426503387801e-05,-0.00012341343264003096,2.4764265033889812e-05,1e959a19b626a1efe709d0654505ee3419bbb684104d2b18bb7e85dac24e9235,93795b53d7c5aef69af66b4ff0a56fa46515771f1ec43332ec929970270ea262,UNQUALIFIED_DIAGNOSTIC
TRIAL_3,25,bottom,-3,1,p,-0.175,8.790384468263959e-05,7.971866205993779e-06,8.790384468268598e-05,7.971866206009244e-06,1e959a19b626a1efe709d0654505ee3419bbb684104d2b18bb7e85dac24e9235,93795b53d7c5aef69af66b4ff0a56fa46515771f1ec43332ec929970270ea262,UNQUALIFIED_DIAGNOSTIC
TRIAL_3,26,bottom,-2,-1,s,-0.175,-4.980474676719929e-07,-4.6613567640984e-06,-4.980474676719837e-07,-4.661356764098395e-06,1e959a19b626a1efe709d0654505ee3419bbb684104d2b18bb7e85dac24e9235,93795b53d7c5aef69af66b4ff0a56fa46515771f1ec43332ec929970270ea262,UNQUALIFIED_DIAGNOSTIC
TRIAL_3,27,bottom,-2,-1,p,-0.175,4.179431336595843e-06,6.2857840301978626e-06,4.1794313366383345e-06,6.2857840301978626e-06,1e959a19b626a1efe709d0654505ee3419bbb684104d2b18bb7e85dac24e9235,93795b53d7c5aef69af66b4ff0a56fa46515771f1ec43332ec929970270ea262,UNQUALIFIED_DIAGNOSTIC
TRIAL_3,28,bottom,-2,0,s,-0.175,-2.4216963186960206e-05,-2.0363688645221222e-05,-2.421696318721988e-05,-2.0363688644912624e-05,1e959a19b626a1efe709d0654505ee3419bbb684104d2b18bb7e85dac24e9235,93795b53d7c5aef69af66b4ff0a56fa46515771f1ec43332ec929970270ea262,UNQUALIFIED_DIAGNOSTIC
TRIAL_3,29,bottom,-2,0,p,-0.175,2.5314835258285173e-06,3.332128635026168e-06,2.5314835258285173e-06,3.332128635026168e-06,1e959a19b626a1efe709d0654505ee3419bbb684104d2b18bb7e85dac24e9235,93795b53d7c5aef69af66b4ff0a56fa46515771f1ec43332ec929970270ea262,UNQUALIFIED_DIAGNOSTIC
TRIAL_3,30,bottom,-2,1,s,-0.175,-1.6081807213519162e-05,1.8330894661058687e-06,-1.608180721351916e-05,1.833089466105865e-06,1e959a19b626a1efe709d0654505ee3419bbb684104d2b18bb7e85dac24e9235,93795b53d7c5aef69af66b4ff0a56fa46515771f1ec43332ec929970270ea262,UNQUALIFIED_DIAGNOSTIC
TRIAL_3,31,bottom,-2,1,p,-0.175,-6.775963645184976e-07,1.7817057561660566e-05,-6.775963645524909e-07,1.781705756169456e-05,1e959a19b626a1efe709d0654505ee3419bbb684104d2b18bb7e85dac24e9235,93795b53d7c5aef69af66b4ff0a56fa46515771f1ec43332ec929970270ea262,UNQUALIFIED_DIAGNOSTIC
TRIAL_3,32,bottom,-1,-1,s,-0.175,-9.957390848470284e-06,-1.8568273180227584e-05,-9.957390848463203e-06,-1.8568273180237023e-05,1e959a19b626a1efe709d0654505ee3419bbb684104d2b18bb7e85dac24e9235,93795b53d7c5aef69af66b4ff0a56fa46515771f1ec43332ec929970270ea262,UNQUALIFIED_DIAGNOSTIC
TRIAL_3,33,bottom,-1,-1,p,-0.175,2.4533270119939937e-06,6.944990748600284e-06,2.453327012026823e-06,6.944990748515314e-06,1e959a19b626a1efe709d0654505ee3419bbb684104d2b18bb7e85dac24e9235,93795b53d7c5aef69af66b4ff0a56fa46515771f1ec43332ec929970270ea262,UNQUALIFIED_DIAGNOSTIC
TRIAL_3,34,bottom,-1,0,s,-0.175,9.294869129859227e-05,-7.220753474876503e-05,9.294869129806948e-05,-7.220753474861397e-05,1e959a19b626a1efe709d0654505ee3419bbb684104d2b18bb7e85dac24e9235,93795b53d7c5aef69af66b4ff0a56fa46515771f1ec43332ec929970270ea262,UNQUALIFIED_DIAGNOSTIC
TRIAL_3,35,bottom,-1,0,p,-0.175,7.87726519616695e-06,3.935686939174147e-06,7.87726519616695e-06,3.935686939174147e-06,1e959a19b626a1efe709d0654505ee3419bbb684104d2b18bb7e85dac24e9235,93795b53d7c5aef69af66b4ff0a56fa46515771f1ec43332ec929970270ea262,UNQUALIFIED_DIAGNOSTIC
TRIAL_3,36,bottom,-1,1,s,-0.175,3.0289668229439946e-05,5.9872645689315165e-06,3.0289668229435226e-05,5.987264568917945e-06,1e959a19b626a1efe709d0654505ee3419bbb684104d2b18bb7e85dac24e9235,93795b53d7c5aef69af66b4ff0a56fa46515771f1ec43332ec929970270ea262,UNQUALIFIED_DIAGNOSTIC
TRIAL_3,37,bottom,-1,1,p,-0.175,2.208099362542132e-05,-2.9119359812904173e-05,2.20809936253827e-05,-2.9119359812909966e-05,1e959a19b626a1efe709d0654505ee3419bbb684104d2b18bb7e85dac24e9235,93795b53d7c5aef69af66b4ff0a56fa46515771f1ec43332ec929970270ea262,UNQUALIFIED_DIAGNOSTIC
TRIAL_3,38,bottom,0,0,s,-0.175,1.255673945294696,-0.1807189266044745,-0.07992298138746738,-0.15520907580581272,1e959a19b626a1efe709d0654505ee3419bbb684104d2b18bb7e85dac24e9235,93795b53d7c5aef69af66b4ff0a56fa46515771f1ec43332ec929970270ea262,UNQUALIFIED_DIAGNOSTIC
TRIAL_3,39,bottom,0,0,p,-0.175,0.0002771818342932806,-5.874853017731239e-05,0.00027718183427792153,-5.8748530176133776e-05,1e959a19b626a1efe709d0654505ee3419bbb684104d2b18bb7e85dac24e9235,93795b53d7c5aef69af66b4ff0a56fa46515771f1ec43332ec929970270ea262,UNQUALIFIED_DIAGNOSTIC
TRIAL_2,0,top,-3,-1,s,1.225,-4.6009368681682154e-05,4.35990751675522e-05,-4.60093686817034e-05,4.35990751675227e-05,1e959a19b626a1efe709d0654505ee3419bbb684104d2b18bb7e85dac24e9235,93795b53d7c5aef69af66b4ff0a56fa46515771f1ec43332ec929970270ea262,UNQUALIFIED_DIAGNOSTIC
TRIAL_2,1,top,-3,-1,p,1.225,2.6287219195153542e-06,-1.359052848444548e-05,2.62872191949217e-06,-1.3590528484404906e-05,1e959a19b626a1efe709d0654505ee3419bbb684104d2b18bb7e85dac24e9235,93795b53d7c5aef69af66b4ff0a56fa46515771f1ec43332ec929970270ea262,UNQUALIFIED_DIAGNOSTIC
TRIAL_2,2,top,-3,0,s,1.225,-3.918523992359269e-05,-3.7611188153090143e-05,-3.918523992383579e-05,-3.761118815319517e-05,1e959a19b626a1efe709d0654505ee3419bbb684104d2b18bb7e85dac24e9235,93795b53d7c5aef69af66b4ff0a56fa46515771f1ec43332ec929970270ea262,UNQUALIFIED_DIAGNOSTIC
TRIAL_2,3,top,-3,0,p,1.225,6.382401524171541e-06,-1.0747923084213578e-05,6.382401524171541e-06,-1.0747923084213578e-05,1e959a19b626a1efe709d0654505ee3419bbb684104d2b18bb7e85dac24e9235,93795b53d7c5aef69af66b4ff0a56fa46515771f1ec43332ec929970270ea262,UNQUALIFIED_DIAGNOSTIC
TRIAL_2,4,top,-3,1,s,1.225,4.7594071542903795e-05,4.928241220011175e-06,4.759407154289907e-05,4.928241220018255e-06,1e959a19b626a1efe709d0654505ee3419bbb684104d2b18bb7e85dac24e9235,93795b53d7c5aef69af66b4ff0a56fa46515771f1ec43332ec929970270ea262,UNQUALIFIED_DIAGNOSTIC
TRIAL_2,5,top,-3,1,p,1.225,-3.1420882014906077e-06,4.3687463497541715e-06,-3.1420882014674235e-06,4.3687463497734915e-06,1e959a19b626a1efe709d0654505ee3419bbb684104d2b18bb7e85dac24e9235,93795b53d7c5aef69af66b4ff0a56fa46515771f1ec43332ec929970270ea262,UNQUALIFIED_DIAGNOSTIC
TRIAL_2,6,top,-2,-1,s,1.225,1.0040716105115624e-05,9.141126359385208e-06,1.0040716105115629e-05,9.141126359385206e-06,1e959a19b626a1efe709d0654505ee3419bbb684104d2b18bb7e85dac24e9235,93795b53d7c5aef69af66b4ff0a56fa46515771f1ec43332ec929970270ea262,UNQUALIFIED_DIAGNOSTIC
TRIAL_2,7,top,-2,-1,p,1.225,1.4160086818000019e-05,8.419619601196773e-06,1.4160086817940542e-05,8.419619601196773e-06,1e959a19b626a1efe709d0654505ee3419bbb684104d2b18bb7e85dac24e9235,93795b53d7c5aef69af66b4ff0a56fa46515771f1ec43332ec929970270ea262,UNQUALIFIED_DIAGNOSTIC
TRIAL_2,8,top,-2,0,s,1.225,2.4346791044124773e-05,1.473080317609994e-05,2.4346791044447506e-05,1.4730803175977801e-05,1e959a19b626a1efe709d0654505ee3419bbb684104d2b18bb7e85dac24e9235,93795b53d7c5aef69af66b4ff0a56fa46515771f1ec43332ec929970270ea262,UNQUALIFIED_DIAGNOSTIC
TRIAL_2,9,top,-2,0,p,1.225,3.825061293920188e-06,9.645442991360605e-06,3.825061293920188e-06,9.645442991360605e-06,1e959a19b626a1efe709d0654505ee3419bbb684104d2b18bb7e85dac24e9235,93795b53d7c5aef69af66b4ff0a56fa46515771f1ec43332ec929970270ea262,UNQUALIFIED_DIAGNOSTIC
TRIAL_2,10,top,-2,1,s,1.225,-1.2273170131351784e-05,1.9268469828348605e-06,-1.2273170131351784e-05,1.926846982834862e-06,1e959a19b626a1efe709d0654505ee3419bbb684104d2b18bb7e85dac24e9235,93795b53d7c5aef69af66b4ff0a56fa46515771f1ec43332ec929970270ea262,UNQUALIFIED_DIAGNOSTIC
TRIAL_2,11,top,-2,1,p,1.225,2.6551663680461997e-06,-2.562622345642058e-06,2.6551663679824753e-06,-2.562622345642058e-06,1e959a19b626a1efe709d0654505ee3419bbb684104d2b18bb7e85dac24e9235,93795b53d7c5aef69af66b4ff0a56fa46515771f1ec43332ec929970270ea262,UNQUALIFIED_DIAGNOSTIC
TRIAL_2,12,top,-1,-1,s,1.225,6.161405128308811e-05,-2.809491964204724e-05,6.161405128305507e-05,-2.809491964204724e-05,1e959a19b626a1efe709d0654505ee3419bbb684104d2b18bb7e85dac24e9235,93795b53d7c5aef69af66b4ff0a56fa46515771f1ec43332ec929970270ea262,UNQUALIFIED_DIAGNOSTIC
TRIAL_2,13,top,-1,-1,p,1.225,4.417851572088104e-05,-1.723896484418737e-05,4.41785157207884e-05,-1.723896484421439e-05,1e959a19b626a1efe709d0654505ee3419bbb684104d2b18bb7e85dac24e9235,93795b53d7c5aef69af66b4ff0a56fa46515771f1ec43332ec929970270ea262,UNQUALIFIED_DIAGNOSTIC
TRIAL_2,14,top,-1,0,s,1.225,-0.00014295200888987913,-6.180582607363145e-05,-0.00014295200888948735,-6.180582607307977e-05,1e959a19b626a1efe709d0654505ee3419bbb684104d2b18bb7e85dac24e9235,93795b53d7c5aef69af66b4ff0a56fa46515771f1ec43332ec929970270ea262,UNQUALIFIED_DIAGNOSTIC
TRIAL_2,15,top,-1,0,p,1.225,1.4269540041827015e-06,-3.1543998224922577e-06,1.4269540041827015e-06,-3.1543998224922577e-06,1e959a19b626a1efe709d0654505ee3419bbb684104d2b18bb7e85dac24e9235,93795b53d7c5aef69af66b4ff0a56fa46515771f1ec43332ec929970270ea262,UNQUALIFIED_DIAGNOSTIC
TRIAL_2,16,top,-1,1,s,1.225,7.631764189803988e-05,1.5263601064833423e-05,7.631764189805523e-05,1.5263601064853484e-05,1e959a19b626a1efe709d0654505ee3419bbb684104d2b18bb7e85dac24e9235,93795b53d7c5aef69af66b4ff0a56fa46515771f1ec43332ec929970270ea262,UNQUALIFIED_DIAGNOSTIC
TRIAL_2,17,top,-1,1,p,1.225,-2.0532069746537724e-05,-5.241003330667419e-06,-2.053206974661879e-05,-5.241003330679e-06,1e959a19b626a1efe709d0654505ee3419bbb684104d2b18bb7e85dac24e9235,93795b53d7c5aef69af66b4ff0a56fa46515771f1ec43332ec929970270ea262,UNQUALIFIED_DIAGNOSTIC
TRIAL_2,18,top,0,0,s,1.225,1.1646952148223415,-0.5435119147787606,-0.09816346894255328,-0.14362238010175735,1e959a19b626a1efe709d0654505ee3419bbb684104d2b18bb7e85dac24e9235,93795b53d7c5aef69af66b4ff0a56fa46515771f1ec43332ec929970270ea262,UNQUALIFIED_DIAGNOSTIC
TRIAL_2,19,top,0,0,p,1.225,0.0003475808930945451,-8.596164953728507e-05,0.00034758089309507647,-8.596164953745334e-05,1e959a19b626a1efe709d0654505ee3419bbb684104d2b18bb7e85dac24e9235,93795b53d7c5aef69af66b4ff0a56fa46515771f1ec43332ec929970270ea262,UNQUALIFIED_DIAGNOSTIC
TRIAL_2,20,bottom,-3,-1,s,-0.175,-4.628030678081069e-05,6.440031592676216e-06,-4.6280306780809514e-05,6.440031592692737e-06,1e959a19b626a1efe709d0654505ee3419bbb684104d2b18bb7e85dac24e9235,93795b53d7c5aef69af66b4ff0a56fa46515771f1ec43332ec929970270ea262,UNQUALIFIED_DIAGNOSTIC
TRIAL_2,21,bottom,-3,-1,p,-0.175,-5.461804147802419e-06,7.322359310777465e-06,-5.461804147852678e-06,7.3223593108045275e-06,1e959a19b626a1efe709d0654505ee3419bbb684104d2b18bb7e85dac24e9235,93795b53d7c5aef69af66b4ff0a56fa46515771f1ec43332ec929970270ea262,UNQUALIFIED_DIAGNOSTIC
TRIAL_2,22,bottom,-3,0,s,-0.175,5.2722631894532726e-05,-6.0730868323835906e-05,5.272263189473688e-05,-6.0730868324319745e-05,1e959a19b626a1efe709d0654505ee3419bbb684104d2b18bb7e85dac24e9235,93795b53d7c5aef69af66b4ff0a56fa46515771f1ec43332ec929970270ea262,UNQUALIFIED_DIAGNOSTIC
TRIAL_2,23,bottom,-3,0,p,-0.175,-1.0279222157903558e-05,7.561807313669765e-06,-1.0279222157903558e-05,7.561807313669765e-06,1e959a19b626a1efe709d0654505ee3419bbb684104d2b18bb7e85dac24e9235,93795b53d7c5aef69af66b4ff0a56fa46515771f1ec43332ec929970270ea262,UNQUALIFIED_DIAGNOSTIC
TRIAL_2,24,bottom,-3,1,s,-0.175,-0.00012336805785637301,2.4743149089707356e-05,-0.00012336805785640606,2.4743149089719157e-05,1e959a19b626a1efe709d0654505ee3419bbb684104d2b18bb7e85dac24e9235,93795b53d7c5aef69af66b4ff0a56fa46515771f1ec43332ec929970270ea262,UNQUALIFIED_DIAGNOSTIC
TRIAL_2,25,bottom,-3,1,p,-0.175,8.78735729643938e-05,7.975915549574616e-06,8.787357296444019e-05,7.975915549590081e-06,1e959a19b626a1efe709d0654505ee3419bbb684104d2b18bb7e85dac24e9235,93795b53d7c5aef69af66b4ff0a56fa46515771f1ec43332ec929970270ea262,UNQUALIFIED_DIAGNOSTIC
TRIAL_2,26,bottom,-2,-1,s,-0.175,-4.975120638502082e-07,-4.658246358908765e-06,-4.97512063850199e-07,-4.65824635890876e-06,1e959a19b626a1efe709d0654505ee3419bbb684104d2b18bb7e85dac24e9235,93795b53d7c5aef69af66b4ff0a56fa46515771f1ec43332ec929970270ea262,UNQUALIFIED_DIAGNOSTIC
TRIAL_2,27,bottom,-2,-1,p,-0.175,4.1738227436986385e-06,6.287683488656214e-06,4.17382274374113e-06,6.287683488656214e-06,1e959a19b626a1efe709d0654505ee3419bbb684104d2b18bb7e85dac24e9235,93795b53d7c5aef69af66b4ff0a56fa46515771f1ec43332ec929970270ea262,UNQUALIFIED_DIAGNOSTIC
TRIAL_2,28,bottom,-2,0,s,-0.175,-2.4216013267386413e-05,-2.0369014288437805e-05,-2.4216013267646086e-05,-2.0369014288129207e-05,1e959a19b626a1efe709d0654505ee3419bbb684104d2b18bb7e85dac24e9235,93795b53d7c5aef69af66b4ff0a56fa46515771f1ec43332ec929970270ea262,UNQUALIFIED_DIAGNOSTIC
TRIAL_2,29,bottom,-2,0,p,-0.175,2.5316877555644416e-06,3.331477302223481e-06,2.5316877555644416e-06,3.331477302223481e-06,1e959a19b626a1efe709d0654505ee3419bbb684104d2b18bb7e85dac24e9235,93795b53d7c5aef69af66b4ff0a56fa46515771f1ec43332ec929970270ea262,UNQUALIFIED_DIAGNOSTIC
TRIAL_2,30,bottom,-2,1,s,-0.175,-1.6080393014494482e-05,1.838659299127496e-06,-1.608039301449448e-05,1.8386592991274921e-06,1e959a19b626a1efe709d0654505ee3419bbb684104d2b18bb7e85dac24e9235,93795b53d7c5aef69af66b4ff0a56fa46515771f1ec43332ec929970270ea262,UNQUALIFIED_DIAGNOSTIC
TRIAL_2,31,bottom,-2,1,p,-0.175,-6.787109307740107e-07,1.7815800558036493e-05,-6.78710930808004e-07,1.7815800558070486e-05,1e959a19b626a1efe709d0654505ee3419bbb684104d2b18bb7e85dac24e9235,93795b53d7c5aef69af66b4ff0a56fa46515771f1ec43332ec929970270ea262,UNQUALIFIED_DIAGNOSTIC
TRIAL_2,32,bottom,-1,-1,s,-0.175,-9.957159921905372e-06,-1.8562985257041496e-05,-9.957159921898291e-06,-1.8562985257050936e-05,1e959a19b626a1efe709d0654505ee3419bbb684104d2b18bb7e85dac24e9235,93795b53d7c5aef69af66b4ff0a56fa46515771f1ec43332ec929970270ea262,UNQUALIFIED_DIAGNOSTIC
TRIAL_2,33,bottom,-1,-1,p,-0.175,2.454573022609064e-06,6.943609114866851e-06,2.4545730226418934e-06,6.9436091147818806e-06,1e959a19b626a1efe709d0654505ee3419bbb684104d2b18bb7e85dac24e9235,93795b53d7c5aef69af66b4ff0a56fa46515771f1ec43332ec929970270ea262,UNQUALIFIED_DIAGNOSTIC
TRIAL_2,34,bottom,-1,0,s,-0.175,9.2944052590771e-05,-7.221611964118688e-05,9.29440525902482e-05,-7.221611964103582e-05,1e959a19b626a1efe709d0654505ee3419bbb684104d2b18bb7e85dac24e9235,93795b53d7c5aef69af66b4ff0a56fa46515771f1ec43332ec929970270ea262,UNQUALIFIED_DIAGNOSTIC
TRIAL_2,35,bottom,-1,0,p,-0.175,7.874065852523448e-06,3.932646474211748e-06,7.874065852523448e-06,3.932646474211748e-06,1e959a19b626a1efe709d0654505ee3419bbb684104d2b18bb7e85dac24e9235,93795b53d7c5aef69af66b4ff0a56fa46515771f1ec43332ec929970270ea262,UNQUALIFIED_DIAGNOSTIC
TRIAL_2,36,bottom,-1,1,s,-0.175,3.0285372798421398e-05,5.978984454588401e-06,3.0285372798416678e-05,5.97898445457483e-06,1e959a19b626a1efe709d0654505ee3419bbb684104d2b18bb7e85dac24e9235,93795b53d7c5aef69af66b4ff0a56fa46515771f1ec43332ec929970270ea262,UNQUALIFIED_DIAGNOSTIC
TRIAL_2,37,bottom,-1,1,p,-0.175,2.2080584124674488e-05,-2.911868072324027e-05,2.2080584124635866e-05,-2.9118680723246063e-05,1e959a19b626a1efe709d0654505ee3419bbb684104d2b18bb7e85dac24e9235,93795b53d7c5aef69af66b4ff0a56fa46515771f1ec43332ec929970270ea262,UNQUALIFIED_DIAGNOSTIC
TRIAL_2,38,bottom,0,0,s,-0.175,1.2556746328468553,-0.1807182168479759,-0.0799222938353078,-0.15520836604931412,1e959a19b626a1efe709d0654505ee3419bbb684104d2b18bb7e85dac24e9235,93795b53d7c5aef69af66b4ff0a56fa46515771f1ec43332ec929970270ea262,UNQUALIFIED_DIAGNOSTIC
TRIAL_2,39,bottom,0,0,p,-0.175,0.0002771645723994707,-5.881598203355101e-05,0.0002771645723841116,-5.881598203237239e-05,1e959a19b626a1efe709d0654505ee3419bbb684104d2b18bb7e85dac24e9235,93795b53d7c5aef69af66b4ff0a56fa46515771f1ec43332ec929970270ea262,UNQUALIFIED_DIAGNOSTIC
TRIAL_1,0,top,-3,-1,s,1.225,-4.6038964478324485e-05,4.35780183677335e-05,-4.603896447834573e-05,4.357801836770399e-05,1e959a19b626a1efe709d0654505ee3419bbb684104d2b18bb7e85dac24e9235,93795b53d7c5aef69af66b4ff0a56fa46515771f1ec43332ec929970270ea262,UNQUALIFIED_DIAGNOSTIC
TRIAL_1,1,top,-3,-1,p,1.225,2.6499947898917373e-06,-1.3504595528834843e-05,2.649994789868553e-06,-1.350459552879427e-05,1e959a19b626a1efe709d0654505ee3419bbb684104d2b18bb7e85dac24e9235,93795b53d7c5aef69af66b4ff0a56fa46515771f1ec43332ec929970270ea262,UNQUALIFIED_DIAGNOSTIC
TRIAL_1,2,top,-3,0,s,1.225,-3.9202852357764456e-05,-3.7593968890673154e-05,-3.9202852358007554e-05,-3.759396889077818e-05,1e959a19b626a1efe709d0654505ee3419bbb684104d2b18bb7e85dac24e9235,93795b53d7c5aef69af66b4ff0a56fa46515771f1ec43332ec929970270ea262,UNQUALIFIED_DIAGNOSTIC
TRIAL_1,3,top,-3,0,p,1.225,6.381482540775816e-06,-1.074145001127703e-05,6.381482540775816e-06,-1.074145001127703e-05,1e959a19b626a1efe709d0654505ee3419bbb684104d2b18bb7e85dac24e9235,93795b53d7c5aef69af66b4ff0a56fa46515771f1ec43332ec929970270ea262,UNQUALIFIED_DIAGNOSTIC
TRIAL_1,4,top,-3,1,s,1.225,4.760642439598088e-05,4.902436743132922e-06,4.760642439597616e-05,4.9024367431400025e-06,1e959a19b626a1efe709d0654505ee3419bbb684104d2b18bb7e85dac24e9235,93795b53d7c5aef69af66b4ff0a56fa46515771f1ec43332ec929970270ea262,UNQUALIFIED_DIAGNOSTIC
TRIAL_1,5,top,-3,1,p,1.225,-3.1281145876109524e-06,4.3335863035954695e-06,-3.1281145875877683e-06,4.3335863036147895e-06,1e959a19b626a1efe709d0654505ee3419bbb684104d2b18bb7e85dac24e9235,93795b53d7c5aef69af66b4ff0a56fa46515771f1ec43332ec929970270ea262,UNQUALIFIED_DIAGNOSTIC
TRIAL_1,6,top,-2,-1,s,1.225,1.0018844210217877e-05,9.12861452268745e-06,1.0018844210217882e-05,9.128614522687448e-06,1e959a19b626a1efe709d0654505ee3419bbb684104d2b18bb7e85dac24e9235,93795b53d7c5aef69af66b4ff0a56fa46515771f1ec43332ec929970270ea262,UNQUALIFIED_DIAGNOSTIC
TRIAL_1,7,top,-2,-1,p,1.225,1.4153099159928542e-05,8.417499837124023e-06,1.4153099159869065e-05,8.417499837124023e-06,1e959a19b626a1efe709d0654505ee3419bbb684104d2b18bb7e85dac24e9235,93795b53d7c5aef69af66b4ff0a56fa46515771f1ec43332ec929970270ea262,UNQUALIFIED_DIAGNOSTIC
TRIAL_1,8,top,-2,0,s,1.225,2.435986545056853e-05,1.4741601837343242e-05,2.4359865450891262e-05,1.4741601837221103e-05,1e959a19b626a1efe709d0654505ee3419bbb684104d2b18bb7e85dac24e9235,93795b53d7c5aef69af66b4ff0a56fa46515771f1ec43332ec929970270ea262,UNQUALIFIED_DIAGNOSTIC
TRIAL_1,9,top,-2,0,p,1.225,3.827045732581986e-06,9.646483598806083e-06,3.827045732581986e-06,9.646483598806083e-06,1e959a19b626a1efe709d0654505ee3419bbb684104d2b18bb7e85dac24e9235,93795b53d7c5aef69af66b4ff0a56fa46515771f1ec43332ec929970270ea262,UNQUALIFIED_DIAGNOSTIC
TRIAL_1,10,top,-2,1,s,1.225,-1.2271615400240671e-05,1.926269211664139e-06,-1.2271615400240671e-05,1.9262692116641402e-06,1e959a19b626a1efe709d0654505ee3419bbb684104d2b18bb7e85dac24e9235,93795b53d7c5aef69af66b4ff0a56fa46515771f1ec43332ec929970270ea262,UNQUALIFIED_DIAGNOSTIC
TRIAL_1,11,top,-2,1,p,1.225,2.638396178636559e-06,-2.5698034806558765e-06,2.6383961785728347e-06,-2.5698034806558765e-06,1e959a19b626a1efe709d0654505ee3419bbb684104d2b18bb7e85dac24e9235,93795b53d7c5aef69af66b4ff0a56fa46515771f1ec43332ec929970270ea262,UNQUALIFIED_DIAGNOSTIC
TRIAL_1,12,top,-1,-1,s,1.225,6.160591039373203e-05,-2.807860003184586e-05,6.160591039369899e-05,-2.807860003184586e-05,1e959a19b626a1efe709d0654505ee3419bbb684104d2b18bb7e85dac24e9235,93795b53d7c5aef69af66b4ff0a56fa46515771f1ec43332ec929970270ea262,UNQUALIFIED_DIAGNOSTIC
TRIAL_1,13,top,-1,-1,p,1.225,4.417973084016273e-05,-1.7233724911089648e-05,4.417973084007009e-05,-1.7233724911116668e-05,1e959a19b626a1efe709d0654505ee3419bbb684104d2b18bb7e85dac24e9235,93795b53d7c5aef69af66b4ff0a56fa46515771f1ec43332ec929970270ea262,UNQUALIFIED_DIAGNOSTIC
TRIAL_1,14,top,-1,0,s,1.225,-0.00014292676272900981,-6.181897385223732e-05,-0.00014292676272861804,-6.181897385168564e-05,1e959a19b626a1efe709d0654505ee3419bbb684104d2b18bb7e85dac24e9235,93795b53d7c5aef69af66b4ff0a56fa46515771f1ec43332ec929970270ea262,UNQUALIFIED_DIAGNOSTIC
TRIAL_1,15,top,-1,0,p,1.225,1.4179625214982213e-06,-3.1494411395461322e-06,1.4179625214982213e-06,-3.1494411395461322e-06,1e959a19b626a1efe709d0654505ee3419bbb684104d2b18bb7e85dac24e9235,93795b53d7c5aef69af66b4ff0a56fa46515771f1ec43332ec929970270ea262,UNQUALIFIED_DIAGNOSTIC
TRIAL_1,16,top,-1,1,s,1.225,7.631680530485906e-05,1.5243802822557109e-05,7.63168053048744e-05,1.524380282257717e-05,1e959a19b626a1efe709d0654505ee3419bbb684104d2b18bb7e85dac24e9235,93795b53d7c5aef69af66b4ff0a56fa46515771f1ec43332ec929970270ea262,UNQUALIFIED_DIAGNOSTIC
TRIAL_1,17,top,-1,1,p,1.225,-2.051328281735759e-05,-5.258081588862137e-06,-2.0513282817438656e-05,-5.258081588873717e-06,1e959a19b626a1efe709d0654505ee3419bbb684104d2b18bb7e85dac24e9235,93795b53d7c5aef69af66b4ff0a56fa46515771f1ec43332ec929970270ea262,UNQUALIFIED_DIAGNOSTIC
TRIAL_1,18,top,0,0,s,1.225,1.1646979664345745,-0.5435095055621612,-0.09816071733032018,-0.14361997088515796,1e959a19b626a1efe709d0654505ee3419bbb684104d2b18bb7e85dac24e9235,93795b53d7c5aef69af66b4ff0a56fa46515771f1ec43332ec929970270ea262,UNQUALIFIED_DIAGNOSTIC
TRIAL_1,19,top,0,0,p,1.225,0.00034747749988094367,-8.615611792334518e-05,0.00034747749988147503,-8.615611792351345e-05,1e959a19b626a1efe709d0654505ee3419bbb684104d2b18bb7e85dac24e9235,93795b53d7c5aef69af66b4ff0a56fa46515771f1ec43332ec929970270ea262,UNQUALIFIED_DIAGNOSTIC
TRIAL_1,20,bottom,-3,-1,s,-0.175,-4.6267588977077405e-05,6.453590393376574e-06,-4.6267588977076226e-05,6.453590393393095e-06,1e959a19b626a1efe709d0654505ee3419bbb684104d2b18bb7e85dac24e9235,93795b53d7c5aef69af66b4ff0a56fa46515771f1ec43332ec929970270ea262,UNQUALIFIED_DIAGNOSTIC
TRIAL_1,21,bottom,-3,-1,p,-0.175,-5.421039179959913e-06,7.316420156087888e-06,-5.4210391800101725e-06,7.316420156114951e-06,1e959a19b626a1efe709d0654505ee3419bbb684104d2b18bb7e85dac24e9235,93795b53d7c5aef69af66b4ff0a56fa46515771f1ec43332ec929970270ea262,UNQUALIFIED_DIAGNOSTIC
TRIAL_1,22,bottom,-3,0,s,-0.175,5.273094495313753e-05,-6.067617294539871e-05,5.273094495334169e-05,-6.067617294588255e-05,1e959a19b626a1efe709d0654505ee3419bbb684104d2b18bb7e85dac24e9235,93795b53d7c5aef69af66b4ff0a56fa46515771f1ec43332ec929970270ea262,UNQUALIFIED_DIAGNOSTIC
TRIAL_1,23,bottom,-3,0,p,-0.175,-1.0278248924459076e-05,7.5642128382192635e-06,-1.0278248924459076e-05,7.5642128382192635e-06,1e959a19b626a1efe709d0654505ee3419bbb684104d2b18bb7e85dac24e9235,93795b53d7c5aef69af66b4ff0a56fa46515771f1ec43332ec929970270ea262,UNQUALIFIED_DIAGNOSTIC
TRIAL_1,24,bottom,-3,1,s,-0.175,-0.00012318644847685004,2.465858068965285e-05,-0.00012318644847688308,2.465858068966465e-05,1e959a19b626a1efe709d0654505ee3419bbb684104d2b18bb7e85dac24e9235,93795b53d7c5aef69af66b4ff0a56fa46515771f1ec43332ec929970270ea262,UNQUALIFIED_DIAGNOSTIC
TRIAL_1,25,bottom,-3,1,p,-0.175,8.775262704649391e-05,7.992326032114889e-06,8.77526270465403e-05,7.992326032130354e-06,1e959a19b626a1efe709d0654505ee3419bbb684104d2b18bb7e85dac24e9235,93795b53d7c5aef69af66b4ff0a56fa46515771f1ec43332ec929970270ea262,UNQUALIFIED_DIAGNOSTIC
TRIAL_1,26,bottom,-2,-1,s,-0.175,-4.953554764709626e-07,-4.645795248780577e-06,-4.953554764709534e-07,-4.6457952487805715e-06,1e959a19b626a1efe709d0654505ee3419bbb684104d2b18bb7e85dac24e9235,93795b53d7c5aef69af66b4ff0a56fa46515771f1ec43332ec929970270ea262,UNQUALIFIED_DIAGNOSTIC
TRIAL_1,27,bottom,-2,-1,p,-0.175,4.15141063349943e-06,6.295164370177164e-06,4.151410633541921e-06,6.295164370177164e-06,1e959a19b626a1efe709d0654505ee3419bbb684104d2b18bb7e85dac24e9235,93795b53d7c5aef69af66b4ff0a56fa46515771f1ec43332ec929970270ea262,UNQUALIFIED_DIAGNOSTIC
TRIAL_1,28,bottom,-2,0,s,-0.175,-2.421211261416608e-05,-2.0390195590081928e-05,-2.4212112614425754e-05,-2.039019558977333e-05,1e959a19b626a1efe709d0654505ee3419bbb684104d2b18bb7e85dac24e9235,93795b53d7c5aef69af66b4ff0a56fa46515771f1ec43332ec929970270ea262,UNQUALIFIED_DIAGNOSTIC
TRIAL_1,29,bottom,-2,0,p,-0.175,2.532530808371632e-06,3.328963316103422e-06,2.532530808371632e-06,3.328963316103422e-06,1e959a19b626a1efe709d0654505ee3419bbb684104d2b18bb7e85dac24e9235,93795b53d7c5aef69af66b4ff0a56fa46515771f1ec43332ec929970270ea262,UNQUALIFIED_DIAGNOSTIC
TRIAL_1,30,bottom,-2,1,s,-0.175,-1.6074795132402492e-05,1.860880168421244e-06,-1.607479513240249e-05,1.8608801684212402e-06,1e959a19b626a1efe709d0654505ee3419bbb684104d2b18bb7e85dac24e9235,93795b53d7c5aef69af66b4ff0a56fa46515771f1ec43332ec929970270ea262,UNQUALIFIED_DIAGNOSTIC
TRIAL_1,31,bottom,-2,1,p,-0.175,-6.830054157761856e-07,1.7810662762746072e-05,-6.83005415810179e-07,1.7810662762780065e-05,1e959a19b626a1efe709d0654505ee3419bbb684104d2b18bb7e85dac24e9235,93795b53d7c5aef69af66b4ff0a56fa46515771f1ec43332ec929970270ea262,UNQUALIFIED_DIAGNOSTIC
TRIAL_1,32,bottom,-1,-1,s,-0.175,-9.956185787048998e-06,-1.854204976115265e-05,-9.956185787041917e-06,-1.854204976116209e-05,1e959a19b626a1efe709d0654505ee3419bbb684104d2b18bb7e85dac24e9235,93795b53d7c5aef69af66b4ff0a56fa46515771f1ec43332ec929970270ea262,UNQUALIFIED_DIAGNOSTIC
TRIAL_1,33,bottom,-1,-1,p,-0.175,2.459423147090276e-06,6.938283990887558e-06,2.459423147123105e-06,6.938283990802588e-06,1e959a19b626a1efe709d0654505ee3419bbb684104d2b18bb7e85dac24e9235,93795b53d7c5aef69af66b4ff0a56fa46515771f1ec43332ec929970270ea262,UNQUALIFIED_DIAGNOSTIC
TRIAL_1,34,bottom,-1,0,s,-0.175,9.292551294612712e-05,-7.225037740084101e-05,9.292551294560434e-05,-7.225037740068996e-05,1e959a19b626a1efe709d0654505ee3419bbb684104d2b18bb7e85dac24e9235,93795b53d7c5aef69af66b4ff0a56fa46515771f1ec43332ec929970270ea262,UNQUALIFIED_DIAGNOSTIC
TRIAL_1,35,bottom,-1,0,p,-0.175,7.861372244876026e-06,3.920604311488437e-06,7.861372244876026e-06,3.920604311488437e-06,1e959a19b626a1efe709d0654505ee3419bbb684104d2b18bb7e85dac24e9235,93795b53d7c5aef69af66b4ff0a56fa46515771f1ec43332ec929970270ea262,UNQUALIFIED_DIAGNOSTIC
TRIAL_1,36,bottom,-1,1,s,-0.175,3.0268188021428297e-05,5.945961202842161e-06,3.0268188021423577e-05,5.94596120282859e-06,1e959a19b626a1efe709d0654505ee3419bbb684104d2b18bb7e85dac24e9235,93795b53d7c5aef69af66b4ff0a56fa46515771f1ec43332ec929970270ea262,UNQUALIFIED_DIAGNOSTIC
TRIAL_1,37,bottom,-1,1,p,-0.175,2.207878937657274e-05,-2.9115937689298914e-05,2.207878937653412e-05,-2.9115937689304707e-05,1e959a19b626a1efe709d0654505ee3419bbb684104d2b18bb7e85dac24e9235,93795b53d7c5aef69af66b4ff0a56fa46515771f1ec43332ec929970270ea262,UNQUALIFIED_DIAGNOSTIC
TRIAL_1,38,bottom,0,0,s,-0.175,1.255677382095248,-0.18071537935436605,-0.07991954458691515,-0.15520552855570427,1e959a19b626a1efe709d0654505ee3419bbb684104d2b18bb7e85dac24e9235,93795b53d7c5aef69af66b4ff0a56fa46515771f1ec43332ec929970270ea262,UNQUALIFIED_DIAGNOSTIC
TRIAL_1,39,bottom,0,0,p,-0.175,0.00027709626858226684,-5.908596775334219e-05,0.00027709626856690776,-5.9085967752163576e-05,1e959a19b626a1efe709d0654505ee3419bbb684104d2b18bb7e85dac24e9235,93795b53d7c5aef69af66b4ff0a56fa46515771f1ec43332ec929970270ea262,UNQUALIFIED_DIAGNOSTIC
TRIAL_0,0,top,-3,-1,s,1.225,-4.615650771801432e-05,4.3490853708252066e-05,-4.6156507718035566e-05,4.349085370822256e-05,1e959a19b626a1efe709d0654505ee3419bbb684104d2b18bb7e85dac24e9235,93795b53d7c5aef69af66b4ff0a56fa46515771f1ec43332ec929970270ea262,UNQUALIFIED_DIAGNOSTIC
TRIAL_0,1,top,-3,-1,p,1.225,2.7346708389631973e-06,-1.3159503873081424e-05,2.734670838940013e-06,-1.3159503873040851e-05,1e959a19b626a1efe709d0654505ee3419bbb684104d2b18bb7e85dac24e9235,93795b53d7c5aef69af66b4ff0a56fa46515771f1ec43332ec929970270ea262,UNQUALIFIED_DIAGNOSTIC
TRIAL_0,2,top,-3,0,s,1.225,-3.927265784784405e-05,-3.752524284340026e-05,-3.927265784808715e-05,-3.7525242843505285e-05,1e959a19b626a1efe709d0654505ee3419bbb684104d2b18bb7e85dac24e9235,93795b53d7c5aef69af66b4ff0a56fa46515771f1ec43332ec929970270ea262,UNQUALIFIED_DIAGNOSTIC
TRIAL_0,3,top,-3,0,p,1.225,6.377555716698203e-06,-1.0715615660653243e-05,6.377555716698203e-06,-1.0715615660653243e-05,1e959a19b626a1efe709d0654505ee3419bbb684104d2b18bb7e85dac24e9235,93795b53d7c5aef69af66b4ff0a56fa46515771f1ec43332ec929970270ea262,UNQUALIFIED_DIAGNOSTIC
TRIAL_0,4,top,-3,1,s,1.225,4.7653568726549835e-05,4.797970217340358e-06,4.765356872654511e-05,4.797970217347438e-06,1e959a19b626a1efe709d0654505ee3419bbb684104d2b18bb7e85dac24e9235,93795b53d7c5aef69af66b4ff0a56fa46515771f1ec43332ec929970270ea262,UNQUALIFIED_DIAGNOSTIC
TRIAL_0,5,top,-3,1,p,1.225,-3.0734227604090043e-06,4.191536653677774e-06,-3.07342276038582e-06,4.191536653697094e-06,1e959a19b626a1efe709d0654505ee3419bbb684104d2b18bb7e85dac24e9235,93795b53d7c5aef69af66b4ff0a56fa46515771f1ec43332ec929970270ea262,UNQUALIFIED_DIAGNOSTIC
TRIAL_0,6,top,-2,-1,s,1.225,9.931618178932397e-06,9.078929706486827e-06,9.931618178932402e-06,9.078929706486825e-06,1e959a19b626a1efe709d0654505ee3419bbb684104d2b18bb7e85dac24e9235,93795b53d7c5aef69af66b4ff0a56fa46515771f1ec43332ec929970270ea262,UNQUALIFIED_DIAGNOSTIC
TRIAL_0,7,top,-2,-1,p,1.225,1.4124772951315865e-05,8.408955893411019e-06,1.4124772951256388e-05,8.408955893411019e-06,1e959a19b626a1efe709d0654505ee3419bbb684104d2b18bb7e85dac24e9235,93795b53d7c5aef69af66b4ff0a56fa46515771f1ec43332ec929970270ea262,UNQUALIFIED_DIAGNOSTIC
TRIAL_0,8,top,-2,0,s,1.225,2.4411650091572453e-05,1.4784100391919532e-05,2.4411650091895186e-05,1.4784100391797393e-05,1e959a19b626a1efe709d0654505ee3419bbb684104d2b18bb7e85dac24e9235,93795b53d7c5aef69af66b4ff0a56fa46515771f1ec43332ec929970270ea262,UNQUALIFIED_DIAGNOSTIC
TRIAL_0,9,top,-2,0,p,1.225,3.835046701629208e-06,9.650523599137542e-06,3.835046701629208e-06,9.650523599137542e-06,1e959a19b626a1efe709d0654505ee3419bbb684104d2b18bb7e85dac24e9235,93795b53d7c5aef69af66b4ff0a56fa46515771f1ec43332ec929970270ea262,UNQUALIFIED_DIAGNOSTIC
TRIAL_0,10,top,-2,1,s,1.225,-1.2265392689722084e-05,1.923797747685384e-06,-1.2265392689722084e-05,1.9237977476853853e-06,1e959a19b626a1efe709d0654505ee3419bbb684104d2b18bb7e85dac24e9235,93795b53d7c5aef69af66b4ff0a56fa46515771f1ec43332ec929970270ea262,UNQUALIFIED_DIAGNOSTIC
TRIAL_0,11,top,-2,1,p,1.225,2.5714787581157535e-06,-2.598252990863762e-06,2.571478758052029e-06,-2.598252990863762e-06,1e959a19b626a1efe709d0654505ee3419bbb684104d2b18bb7e85dac24e9235,93795b53d7c5aef69af66b4ff0a56fa46515771f1ec43332ec929970270ea262,UNQUALIFIED_DIAGNOSTIC
TRIAL_0,12,top,-1,-1,s,1.225,6.157300617149638e-05,-2.8013169899274924e-05,6.157300617146334e-05,-2.8013169899274924e-05,1e959a19b626a1efe709d0654505ee3419bbb684104d2b18bb7e85dac24e9235,93795b53d7c5aef69af66b4ff0a56fa46515771f1ec43332ec929970270ea262,UNQUALIFIED_DIAGNOSTIC
TRIAL_0,13,top,-1,-1,p,1.225,4.4184014472597365e-05,-1.7212659857123695e-05,4.418401447250472e-05,-1.7212659857150715e-05,1e959a19b626a1efe709d0654505ee3419bbb684104d2b18bb7e85dac24e9235,93795b53d7c5aef69af66b4ff0a56fa46515771f1ec43332ec929970270ea262,UNQUALIFIED_DIAGNOSTIC
TRIAL_0,14,top,-1,0,s,1.225,-0.0001428259782382557,-6.18713749991811e-05,-0.0001428259782378639,-6.187137499862942e-05,1e959a19b626a1efe709d0654505ee3419bbb684104d2b18bb7e85dac24e9235,93795b53d7c5aef69af66b4ff0a56fa46515771f1ec43332ec929970270ea262,UNQUALIFIED_DIAGNOSTIC
TRIAL_0,15,top,-1,0,p,1.225,1.3824245131002963e-06,-3.1296176830902352e-06,1.3824245131002963e-06,-3.1296176830902352e-06,1e959a19b626a1efe709d0654505ee3419bbb684104d2b18bb7e85dac24e9235,93795b53d7c5aef69af66b4ff0a56fa46515771f1ec43332ec929970270ea262,UNQUALIFIED_DIAGNOSTIC
TRIAL_0,16,top,-1,1,s,1.225,7.631235473352518e-05,1.5164010253786155e-05,7.631235473354053e-05,1.5164010253806216e-05,1e959a19b626a1efe709d0654505ee3419bbb684104d2b18bb7e85dac24e9235,93795b53d7c5aef69af66b4ff0a56fa46515771f1ec43332ec929970270ea262,UNQUALIFIED_DIAGNOSTIC
TRIAL_0,17,top,-1,1,p,1.225,-2.043887665019614e-05,-5.325743430512311e-06,-2.0438876650277205e-05,-5.3257434305238915e-06,1e959a19b626a1efe709d0654505ee3419bbb684104d2b18bb7e85dac24e9235,93795b53d7c5aef69af66b4ff0a56fa46515771f1ec43332ec929970270ea262,UNQUALIFIED_DIAGNOSTIC
TRIAL_0,18,top,0,0,s,1.225,1.1647089222875568,-0.5434998977755743,-0.0981497614773378,-0.14361036309857111,1e959a19b626a1efe709d0654505ee3419bbb684104d2b18bb7e85dac24e9235,93795b53d7c5aef69af66b4ff0a56fa46515771f1ec43332ec929970270ea262,UNQUALIFIED_DIAGNOSTIC
TRIAL_0,19,top,0,0,p,1.225,0.0003470464698237078,-8.69261422373317e-05,0.0003470464698242392,-8.692614223749996e-05,1e959a19b626a1efe709d0654505ee3419bbb684104d2b18bb7e85dac24e9235,93795b53d7c5aef69af66b4ff0a56fa46515771f1ec43332ec929970270ea262,UNQUALIFIED_DIAGNOSTIC
TRIAL_0,20,bottom,-3,-1,s,-0.175,-4.621457347733552e-05,6.509000365810488e-06,-4.621457347733434e-05,6.509000365827009e-06,1e959a19b626a1efe709d0654505ee3419bbb684104d2b18bb7e85dac24e9235,93795b53d7c5aef69af66b4ff0a56fa46515771f1ec43332ec929970270ea262,UNQUALIFIED_DIAGNOSTIC
TRIAL_0,21,bottom,-3,-1,p,-0.175,-5.258410031286715e-06,7.293155783217987e-06,-5.258410031336974e-06,7.293155783245049e-06,1e959a19b626a1efe709d0654505ee3419bbb684104d2b18bb7e85dac24e9235,93795b53d7c5aef69af66b4ff0a56fa46515771f1ec43332ec929970270ea262,UNQUALIFIED_DIAGNOSTIC
TRIAL_0,22,bottom,-3,0,s,-0.175,5.2764408119113996e-05,-6.045793421267333e-05,5.276440811931815e-05,-6.045793421315717e-05,1e959a19b626a1efe709d0654505ee3419bbb684104d2b18bb7e85dac24e9235,93795b53d7c5aef69af66b4ff0a56fa46515771f1ec43332ec929970270ea262,UNQUALIFIED_DIAGNOSTIC
TRIAL_0,23,bottom,-3,0,p,-0.175,-1.0274255664708217e-05,7.573797800008276e-06,-1.0274255664708217e-05,7.573797800008276e-06,1e959a19b626a1efe709d0654505ee3419bbb684104d2b18bb7e85dac24e9235,93795b53d7c5aef69af66b4ff0a56fa46515771f1ec43332ec929970270ea262,UNQUALIFIED_DIAGNOSTIC
TRIAL_0,24,bottom,-3,1,s,-0.175,-0.00012246019272434697,2.4321623388185395e-05,-0.00012246019272438,2.4321623388197196e-05,1e959a19b626a1efe709d0654505ee3419bbb684104d2b18bb7e85dac24e9235,93795b53d7c5aef69af66b4ff0a56fa46515771f1ec43332ec929970270ea262,UNQUALIFIED_DIAGNOSTIC
TRIAL_0,25,bottom,-3,1,p,-0.175,8.726756264921237e-05,8.057672881227802e-06,8.726756264925876e-05,8.057672881243267e-06,1e959a19b626a1efe709d0654505ee3419bbb684104d2b18bb7e85dac24e9235,93795b53d7c5aef69af66b4ff0a56fa46515771f1ec43332ec929970270ea262,UNQUALIFIED_DIAGNOSTIC
TRIAL_0,26,bottom,-2,-1,s,-0.175,-4.867016708546565e-07,-4.596208450283462e-06,-4.867016708546473e-07,-4.596208450283457e-06,1e959a19b626a1efe709d0654505ee3419bbb684104d2b18bb7e85dac24e9235,93795b53d7c5aef69af66b4ff0a56fa46515771f1ec43332ec929970270ea262,UNQUALIFIED_DIAGNOSTIC
TRIAL_0,27,bottom,-2,-1,p,-0.175,4.062198054027441e-06,6.3250624672232695e-06,4.0621980540699325e-06,6.3250624672232695e-06,1e959a19b626a1efe709d0654505ee3419bbb684104d2b18bb7e85dac24e9235,93795b53d7c5aef69af66b4ff0a56fa46515771f1ec43332ec929970270ea262,UNQUALIFIED_DIAGNOSTIC
TRIAL_0,28,bottom,-2,0,s,-0.175,-2.4196081215256115e-05,-2.0474509664931855e-05,-2.419608121551579e-05,-2.0474509664623257e-05,1e959a19b626a1efe709d0654505ee3419bbb684104d2b18bb7e85dac24e9235,93795b53d7c5aef69af66b4ff0a56fa46515771f1ec43332ec929970270ea262,UNQUALIFIED_DIAGNOSTIC
TRIAL_0,29,bottom,-2,0,p,-0.175,2.5358232300145026e-06,3.318823464274471e-06,2.5358232300145026e-06,3.318823464274471e-06,1e959a19b626a1efe709d0654505ee3419bbb684104d2b18bb7e85dac24e9235,93795b53d7c5aef69af66b4ff0a56fa46515771f1ec43332ec929970270ea262,UNQUALIFIED_DIAGNOSTIC
TRIAL_0,30,bottom,-2,1,s,-0.175,-1.605191338031897e-05,1.9492852465263867e-06,-1.6051913380318966e-05,1.949285246526383e-06,1e959a19b626a1efe709d0654505ee3419bbb684104d2b18bb7e85dac24e9235,93795b53d7c5aef69af66b4ff0a56fa46515771f1ec43332ec929970270ea262,UNQUALIFIED_DIAGNOSTIC
TRIAL_0,31,bottom,-2,1,p,-0.175,-6.992978544699937e-07,1.7789950249943157e-05,-6.99297854503987e-07,1.778995024997715e-05,1e959a19b626a1efe709d0654505ee3419bbb684104d2b18bb7e85dac24e9235,93795b53d7c5aef69af66b4ff0a56fa46515771f1ec43332ec929970270ea262,UNQUALIFIED_DIAGNOSTIC
TRIAL_0,32,bottom,-1,-1,s,-0.175,-9.952570508922763e-06,-1.8458825915682723e-05,-9.952570508915682e-06,-1.8458825915692163e-05,1e959a19b626a1efe709d0654505ee3419bbb684104d2b18bb7e85dac24e9235,93795b53d7c5aef69af66b4ff0a56fa46515771f1ec43332ec929970270ea262,UNQUALIFIED_DIAGNOSTIC
TRIAL_0,33,bottom,-1,-1,p,-0.175,2.4790493801949026e-06,6.917078365765246e-06,2.479049380227732e-06,6.917078365680276e-06,1e959a19b626a1efe709d0654505ee3419bbb684104d2b18bb7e85dac24e9235,93795b53d7c5aef69af66b4ff0a56fa46515771f1ec43332ec929970270ea262,UNQUALIFIED_DIAGNOSTIC
TRIAL_0,34,bottom,-1,0,s,-0.175,9.285213752561374e-05,-7.238731544370924e-05,9.285213752509095e-05,-7.238731544355818e-05,1e959a19b626a1efe709d0654505ee3419bbb684104d2b18bb7e85dac24e9235,93795b53d7c5aef69af66b4ff0a56fa46515771f1ec43332ec929970270ea262,UNQUALIFIED_DIAGNOSTIC
TRIAL_0,35,bottom,-1,0,p,-0.175,7.810587757953464e-06,3.872616542535546e-06,7.810587757953464e-06,3.872616542535546e-06,1e959a19b626a1efe709d0654505ee3419bbb684104d2b18bb7e85dac24e9235,93795b53d7c5aef69af66b4ff0a56fa46515771f1ec43332ec929970270ea262,UNQUALIFIED_DIAGNOSTIC
TRIAL_0,36,bottom,-1,1,s,-0.175,3.019827336151075e-05,5.813803534104117e-06,3.019827336150603e-05,5.813803534090546e-06,1e959a19b626a1efe709d0654505ee3419bbb684104d2b18bb7e85dac24e9235,93795b53d7c5aef69af66b4ff0a56fa46515771f1ec43332ec929970270ea262,UNQUALIFIED_DIAGNOSTIC
TRIAL_0,37,bottom,-1,1,p,-0.175,2.2070801244103784e-05,-2.9104897669621925e-05,2.2070801244065163e-05,-2.910489766962772e-05,1e959a19b626a1efe709d0654505ee3419bbb684104d2b18bb7e85dac24e9235,93795b53d7c5aef69af66b4ff0a56fa46515771f1ec43332ec929970270ea262,UNQUALIFIED_DIAGNOSTIC
TRIAL_0,38,bottom,0,0,s,-0.175,1.2556883251255395,-0.18070405789584396,-0.07990860155662373,-0.15519420709718218,1e959a19b626a1efe709d0654505ee3419bbb684104d2b18bb7e85dac24e9235,93795b53d7c5aef69af66b4ff0a56fa46515771f1ec43332ec929970270ea262,UNQUALIFIED_DIAGNOSTIC
TRIAL_0,39,bottom,0,0,p,-0.175,0.00027680441443314965,-6.015821466358836e-05,0.00027680441441779057,-6.0158214662409744e-05,1e959a19b626a1efe709d0654505ee3419bbb684104d2b18bb7e85dac24e9235,93795b53d7c5aef69af66b4ff0a56fa46515771f1ec43332ec929970270ea262,UNQUALIFIED_DIAGNOSTIC
NEW_S_2p0,0,top,-3,-1,s,1.225,-4.631065722712142e-05,4.336764772766912e-05,-4.6310657227142665e-05,4.336764772763962e-05,1e959a19b626a1efe709d0654505ee3419bbb684104d2b18bb7e85dac24e9235,93795b53d7c5aef69af66b4ff0a56fa46515771f1ec43332ec929970270ea262,UNQUALIFIED_DIAGNOSTIC
NEW_S_2p0,1,top,-3,-1,p,1.225,2.846799239318296e-06,-1.2698438877065153e-05,2.8467992392951117e-06,-1.269843887702458e-05,1e959a19b626a1efe709d0654505ee3419bbb684104d2b18bb7e85dac24e9235,93795b53d7c5aef69af66b4ff0a56fa46515771f1ec43332ec929970270ea262,UNQUALIFIED_DIAGNOSTIC
NEW_S_2p0,2,top,-3,0,s,1.225,-3.936492527609188e-05,-3.7434257127923636e-05,-3.936492527633498e-05,-3.743425712802866e-05,1e959a19b626a1efe709d0654505ee3419bbb684104d2b18bb7e85dac24e9235,93795b53d7c5aef69af66b4ff0a56fa46515771f1ec43332ec929970270ea262,UNQUALIFIED_DIAGNOSTIC
NEW_S_2p0,3,top,-3,0,p,1.225,6.371912220801231e-06,-1.0680919366877659e-05,6.371912220801231e-06,-1.0680919366877659e-05,1e959a19b626a1efe709d0654505ee3419bbb684104d2b18bb7e85dac24e9235,93795b53d7c5aef69af66b4ff0a56fa46515771f1ec43332ec929970270ea262,UNQUALIFIED_DIAGNOSTIC
NEW_S_2p0,4,top,-3,1,s,1.225,4.7712743748575625e-05,4.656034143093027e-06,4.77127437485709e-05,4.656034143100107e-06,1e959a19b626a1efe709d0654505ee3419bbb684104d2b18bb7e85dac24e9235,93795b53d7c5aef69af66b4ff0a56fa46515771f1ec43332ec929970270ea262,UNQUALIFIED_DIAGNOSTIC
NEW_S_2p0,5,top,-3,1,p,1.225,-3.001044891741451e-06,3.998806777583068e-06,-3.001044891718267e-06,3.998806777602388e-06,1e959a19b626a1efe709d0654505ee3419bbb684104d2b18bb7e85dac24e9235,93795b53d7c5aef69af66b4ff0a56fa46515771f1ec43332ec929970270ea262,UNQUALIFIED_DIAGNOSTIC
NEW_S_2p0,6,top,-2,-1,s,1.225,9.815971871148854e-06,9.013579638129156e-06,9.815971871148859e-06,9.013579638129154e-06,1e959a19b626a1efe709d0654505ee3419bbb684104d2b18bb7e85dac24e9235,93795b53d7c5aef69af66b4ff0a56fa46515771f1ec43332ec929970270ea262,UNQUALIFIED_DIAGNOSTIC
NEW_S_2p0,7,top,-2,-1,p,1.225,1.4087165321853916e-05,8.398417932900693e-06,1.408716532179444e-05,8.398417932900693e-06,1e959a19b626a1efe709d0654505ee3419bbb684104d2b18bb7e85dac24e9235,93795b53d7c5aef69af66b4ff0a56fa46515771f1ec43332ec929970270ea262,UNQUALIFIED_DIAGNOSTIC
NEW_S_2p0,8,top,-2,0,s,1.225,2.4480451001191867e-05,1.4839940251755144e-05,2.44804510015146e-05,1.4839940251633005e-05,1e959a19b626a1efe709d0654505ee3419bbb684104d2b18bb7e85dac24e9235,93795b53d7c5aef69af66b4ff0a56fa46515771f1ec43332ec929970270ea262,UNQUALIFIED_DIAGNOSTIC
NEW_S_2p0,9,top,-2,0,p,1.225,3.845638411516817e-06,9.65530998583409e-06,3.845638411516817e-06,9.65530998583409e-06,1e959a19b626a1efe709d0654505ee3419bbb684104d2b18bb7e85dac24e9235,93795b53d7c5aef69af66b4ff0a56fa46515771f1ec43332ec929970270ea262,UNQUALIFIED_DIAGNOSTIC
NEW_S_2p0,10,top,-2,1,s,1.225,-1.2256797513084402e-05,1.919900058467204e-06,-1.2256797513084402e-05,1.919900058467205e-06,1e959a19b626a1efe709d0654505ee3419bbb684104d2b18bb7e85dac24e9235,93795b53d7c5aef69af66b4ff0a56fa46515771f1ec43332ec929970270ea262,UNQUALIFIED_DIAGNOSTIC
NEW_S_2p0,11,top,-2,1,p,1.225,2.4813543336323066e-06,-2.6353666783693888e-06,2.481354333568582e-06,-2.6353666783693888e-06,1e959a19b626a1efe709d0654505ee3419bbb684104d2b18bb7e85dac24e9235,93795b53d7c5aef69af66b4ff0a56fa46515771f1ec43332ec929970270ea262,UNQUALIFIED_DIAGNOSTIC
NEW_S_2p0,12,top,-1,-1,s,1.225,6.152749714558512e-05,-2.7925998796499535e-05,6.152749714555208e-05,-2.7925998796499535e-05,1e959a19b626a1efe709d0654505ee3419bbb684104d2b18bb7e85dac24e9235,93795b53d7c5aef69af66b4ff0a56fa46515771f1ec43332ec929970270ea262,UNQUALIFIED_DIAGNOSTIC
NEW_S_2p0,13,top,-1,-1,p,1.225,4.4187825748250466e-05,-1.7184029834610443e-05,4.418782574815782e-05,-1.7184029834637463e-05,1e959a19b626a1efe709d0654505ee3419bbb684104d2b18bb7e85dac24e9235,93795b53d7c5aef69af66b4ff0a56fa46515771f1ec43332ec929970270ea262,UNQUALIFIED_DIAGNOSTIC
NEW_S_2p0,14,top,-1,0,s,1.225,-0.0001426912659367543,-6.194091314935127e-05,-0.00014269126593636252,-6.194091314879958e-05,1e959a19b626a1efe709d0654505ee3419bbb684104d2b18bb7e85dac24e9235,93795b53d7c5aef69af66b4ff0a56fa46515771f1ec43332ec929970270ea262,UNQUALIFIED_DIAGNOSTIC
NEW_S_2p0,15,top,-1,0,p,1.225,1.3357109697852856e-06,-3.103415615910507e-06,1.3357109697852856e-06,-3.103415615910507e-06,1e959a19b626a1efe709d0654505ee3419bbb684104d2b18bb7e85dac24e9235,93795b53d7c5aef69af66b4ff0a56fa46515771f1ec43332ec929970270ea262,UNQUALIFIED_DIAGNOSTIC
NEW_S_2p0,16,top,-1,1,s,1.225,7.630296980588797e-05,1.5057551001294072e-05,7.630296980590331e-05,1.5057551001314133e-05,1e959a19b626a1efe709d0654505ee3419bbb684104d2b18bb7e85dac24e9235,93795b53d7c5aef69af66b4ff0a56fa46515771f1ec43332ec929970270ea262,UNQUALIFIED_DIAGNOSTIC
NEW_S_2p0,17,top,-1,1,p,1.225,-2.0340277361025557e-05,-5.414907932364661e-06,-2.034027736110662e-05,-5.414907932376242e-06,1e959a19b626a1efe709d0654505ee3419bbb684104d2b18bb7e85dac24e9235,93795b53d7c5aef69af66b4ff0a56fa46515771f1ec43332ec929970270ea262,UNQUALIFIED_DIAGNOSTIC
NEW_S_2p0,18,top,0,0,s,1.225,1.164723378958306,-0.5434870984747499,-0.09813530480658883,-0.14359756379774666,1e959a19b626a1efe709d0654505ee3419bbb684104d2b18bb7e85dac24e9235,93795b53d7c5aef69af66b4ff0a56fa46515771f1ec43332ec929970270ea262,UNQUALIFIED_DIAGNOSTIC
NEW_S_2p0,19,top,0,0,p,1.225,0.0003464656131916211,-8.793247311070739e-05,0.00034646561319215245,-8.793247311087566e-05,1e959a19b626a1efe709d0654505ee3419bbb684104d2b18bb7e85dac24e9235,93795b53d7c5aef69af66b4ff0a56fa46515771f1ec43332ec929970270ea262,UNQUALIFIED_DIAGNOSTIC
NEW_S_2p0,20,bottom,-3,-1,s,-0.175,-4.613902089440279e-05,6.585816928854103e-06,-4.613902089440161e-05,6.585816928870625e-06,1e959a19b626a1efe709d0654505ee3419bbb684104d2b18bb7e85dac24e9235,93795b53d7c5aef69af66b4ff0a56fa46515771f1ec43332ec929970270ea262,UNQUALIFIED_DIAGNOSTIC
NEW_S_2p0,21,bottom,-3,-1,p,-0.175,-5.043300822752953e-06,7.263264560471429e-06,-5.043300822803213e-06,7.263264560498491e-06,1e959a19b626a1efe709d0654505ee3419bbb684104d2b18bb7e85dac24e9235,93795b53d7c5aef69af66b4ff0a56fa46515771f1ec43332ec929970270ea262,UNQUALIFIED_DIAGNOSTIC
NEW_S_2p0,22,bottom,-3,0,s,-0.175,5.281050939284536e-05,-6.016835510388174e-05,5.2810509393049515e-05,-6.016835510436558e-05,1e959a19b626a1efe709d0654505ee3419bbb684104d2b18bb7e85dac24e9235,93795b53d7c5aef69af66b4ff0a56fa46515771f1ec43332ec929970270ea262,UNQUALIFIED_DIAGNOSTIC
NEW_S_2p0,23,bottom,-3,0,p,-0.175,-1.0268683885767433e-05,7.586269295691602e-06,-1.0268683885767433e-05,7.586269295691602e-06,1e959a19b626a1efe709d0654505ee3419bbb684104d2b18bb7e85dac24e9235,93795b53d7c5aef69af66b4ff0a56fa46515771f1ec43332ec929970270ea262,UNQUALIFIED_DIAGNOSTIC
NEW_S_2p0,24,bottom,-3,1,s,-0.175,-0.00012149283524339217,2.3874711851975276e-05,-0.00012149283524342521,2.3874711851987077e-05,1e959a19b626a1efe709d0654505ee3419bbb684104d2b18bb7e85dac24e9235,93795b53d7c5aef69af66b4ff0a56fa46515771f1ec43332ec929970270ea262,UNQUALIFIED_DIAGNOSTIC
NEW_S_2p0,25,bottom,-3,1,p,-0.175,8.661901060006434e-05,8.144599109154946e-06,8.661901060011073e-05,8.144599109170411e-06,1e959a19b626a1efe709d0654505ee3419bbb684104d2b18bb7e85dac24e9235,93795b53d7c5aef69af66b4ff0a56fa46515771f1ec43332ec929970270ea262,UNQUALIFIED_DIAGNOSTIC
NEW_S_2p0,26,bottom,-2,-1,s,-0.175,-4.7471653207727405e-07,-4.530583894517592e-06,-4.7471653207726483e-07,-4.530583894517587e-06,1e959a19b626a1efe709d0654505ee3419bbb684104d2b18bb7e85dac24e9235,93795b53d7c5aef69af66b4ff0a56fa46515771f1ec43332ec929970270ea262,UNQUALIFIED_DIAGNOSTIC
NEW_S_2p0,27,bottom,-2,-1,p,-0.175,3.945327733280991e-06,6.365225013666341e-06,3.945327733323483e-06,6.365225013666341e-06,1e959a19b626a1efe709d0654505ee3419bbb684104d2b18bb7e85dac24e9235,93795b53d7c5aef69af66b4ff0a56fa46515771f1ec43332ec929970270ea262,UNQUALIFIED_DIAGNOSTIC
NEW_S_2p0,28,bottom,-2,0,s,-0.175,-2.417454788546692e-05,-2.0585516034306252e-05,-2.4174547885726594e-05,-2.0585516033997655e-05,1e959a19b626a1efe709d0654505ee3419bbb684104d2b18bb7e85dac24e9235,93795b53d7c5aef69af66b4ff0a56fa46515771f1ec43332ec929970270ea262,UNQUALIFIED_DIAGNOSTIC
NEW_S_2p0,29,bottom,-2,0,p,-0.175,2.540092023255532e-06,3.305212749232002e-06,2.540092023255532e-06,3.305212749232002e-06,1e959a19b626a1efe709d0654505ee3419bbb684104d2b18bb7e85dac24e9235,93795b53d7c5aef69af66b4ff0a56fa46515771f1ec43332ec929970270ea262,UNQUALIFIED_DIAGNOSTIC
NEW_S_2p0,30,bottom,-2,1,s,-0.175,-1.6020258365905194e-05,2.0658303874588975e-06,-1.602025836590519e-05,2.0658303874588936e-06,1e959a19b626a1efe709d0654505ee3419bbb684104d2b18bb7e85dac24e9235,93795b53d7c5aef69af66b4ff0a56fa46515771f1ec43332ec929970270ea262,UNQUALIFIED_DIAGNOSTIC
NEW_S_2p0,31,bottom,-2,1,p,-0.175,-7.202705101579845e-07,1.7762241993952407e-05,-7.202705101919779e-07,1.77622419939864e-05,1e959a19b626a1efe709d0654505ee3419bbb684104d2b18bb7e85dac24e9235,93795b53d7c5aef69af66b4ff0a56fa46515771f1ec43332ec929970270ea262,UNQUALIFIED_DIAGNOSTIC
NEW_S_2p0,32,bottom,-1,-1,s,-0.175,-9.947598996884725e-06,-1.8348806158455147e-05,-9.947598996877643e-06,-1.8348806158464587e-05,1e959a19b626a1efe709d0654505ee3419bbb684104d2b18bb7e85dac24e9235,93795b53d7c5aef69af66b4ff0a56fa46515771f1ec43332ec929970270ea262,UNQUALIFIED_DIAGNOSTIC
NEW_S_2p0,33,bottom,-1,-1,p,-0.175,2.503675066880492e-06,6.8891464905608405e-06,2.503675066913321e-06,6.8891464904758704e-06,1e959a19b626a1efe709d0654505ee3419bbb684104d2b18bb7e85dac24e9235,93795b53d7c5aef69af66b4ff0a56fa46515771f1ec43332ec929970270ea262,UNQUALIFIED_DIAGNOSTIC
NEW_S_2p0,34,bottom,-1,0,s,-0.175,9.27550722061614e-05,-7.256949262725109e-05,9.27550722056386e-05,-7.256949262710003e-05,1e959a19b626a1efe709d0654505ee3419bbb684104d2b18bb7e85dac24e9235,93795b53d7c5aef69af66b4ff0a56fa46515771f1ec43332ec929970270ea262,UNQUALIFIED_DIAGNOSTIC
NEW_S_2p0,35,bottom,-1,0,p,-0.175,7.743240053447437e-06,3.8094700025331894e-06,7.743240053447437e-06,3.8094700025331894e-06,1e959a19b626a1efe709d0654505ee3419bbb684104d2b18bb7e85dac24e9235,93795b53d7c5aef69af66b4ff0a56fa46515771f1ec43332ec929970270ea262,UNQUALIFIED_DIAGNOSTIC
NEW_S_2p0,36,bottom,-1,1,s,-0.175,3.010294150703375e-05,5.637706926253515e-06,3.010294150702903e-05,5.6377069262399434e-06,1e959a19b626a1efe709d0654505ee3419bbb684104d2b18bb7e85dac24e9235,93795b53d7c5aef69af66b4ff0a56fa46515771f1ec43332ec929970270ea262,UNQUALIFIED_DIAGNOSTIC
NEW_S_2p0,37,bottom,-1,1,p,-0.175,2.2058904454847732e-05,-2.9090930869037967e-05,2.205890445480911e-05,-2.909093086904376e-05,1e959a19b626a1efe709d0654505ee3419bbb684104d2b18bb7e85dac24e9235,93795b53d7c5aef69af66b4ff0a56fa46515771f1ec43332ec929970270ea262,UNQUALIFIED_DIAGNOSTIC
NEW_S_2p0,38,bottom,0,0,s,-0.175,1.255702755245319,-0.18068897769875542,-0.07989417143684423,-0.15517912690009364,1e959a19b626a1efe709d0654505ee3419bbb684104d2b18bb7e85dac24e9235,93795b53d7c5aef69af66b4ff0a56fa46515771f1ec43332ec929970270ea262,UNQUALIFIED_DIAGNOSTIC
NEW_S_2p0,39,bottom,0,0,p,-0.175,0.00027640324466840754,-6.156476389722427e-05,0.00027640324465304846,-6.156476389604564e-05,1e959a19b626a1efe709d0654505ee3419bbb684104d2b18bb7e85dac24e9235,93795b53d7c5aef69af66b4ff0a56fa46515771f1ec43332ec929970270ea262,UNQUALIFIED_DIAGNOSTIC
NEW_S_4p0,0,top,-3,-1,s,1.225,-4.661065589813567e-05,4.309754667763107e-05,-4.6610655898156916e-05,4.309754667760157e-05,1e959a19b626a1efe709d0654505ee3419bbb684104d2b18bb7e85dac24e9235,93795b53d7c5aef69af66b4ff0a56fa46515771f1ec43332ec929970270ea262,UNQUALIFIED_DIAGNOSTIC
NEW_S_4p0,1,top,-3,-1,p,1.225,3.068722456106781e-06,-1.177216831089109e-05,3.0687224560835967e-06,-1.1772168310850517e-05,1e959a19b626a1efe709d0654505ee3419bbb684104d2b18bb7e85dac24e9235,93795b53d7c5aef69af66b4ff0a56fa46515771f1ec43332ec929970270ea262,UNQUALIFIED_DIAGNOSTIC
NEW_S_4p0,2,top,-3,0,s,1.225,-3.954587548644206e-05,-3.7254281545979774e-05,-3.954587548668516e-05,-3.72542815460848e-05,1e959a19b626a1efe709d0654505ee3419bbb684104d2b18bb7e85dac24e9235,93795b53d7c5aef69af66b4ff0a56fa46515771f1ec43332ec929970270ea262,UNQUALIFIED_DIAGNOSTIC
NEW_S_4p0,3,top,-3,0,p,1.225,6.3589371043921425e-06,-1.0611135062887488e-05,6.3589371043921425e-06,-1.0611135062887488e-05,1e959a19b626a1efe709d0654505ee3419bbb684104d2b18bb7e85dac24e9235,93795b53d7c5aef69af66b4ff0a56fa46515771f1ec43332ec929970270ea262,UNQUALIFIED_DIAGNOSTIC
NEW_S_4p0,4,top,-3,1,s,1.225,4.7817163383356005e-05,4.364403732752752e-06,4.781716338335128e-05,4.364403732759832e-06,1e959a19b626a1efe709d0654505ee3419bbb684104d2b18bb7e85dac24e9235,93795b53d7c5aef69af66b4ff0a56fa46515771f1ec43332ec929970270ea262,UNQUALIFIED_DIAGNOSTIC
NEW_S_4p0,5,top,-3,1,p,1.225,-2.860791272288142e-06,3.602781009799632e-06,-2.8607912722649577e-06,3.6027810098189518e-06,1e959a19b626a1efe709d0654505ee3419bbb684104d2b18bb7e85dac24e9235,93795b53d7c5aef69af66b4ff0a56fa46515771f1ec43332ec929970270ea262,UNQUALIFIED_DIAGNOSTIC
NEW_S_4p0,6,top,-2,-1,s,1.225,9.58697987578445e-06,8.885792337847751e-06,9.586979875784455e-06,8.88579233784775e-06,1e959a19b626a1efe709d0654505ee3419bbb684104d2b18bb7e85dac24e9235,93795b53d7c5aef69af66b4ff0a56fa46515771f1ec43332ec929970270ea262,UNQUALIFIED_DIAGNOSTIC
NEW_S_4p0,7,top,-2,-1,p,1.225,1.4011114242918523e-05,8.379283064889188e-06,1.4011114242859046e-05,8.379283064889188e-06,1e959a19b626a1efe709d0654505ee3419bbb684104d2b18bb7e85dac24e9235,93795b53d7c5aef69af66b4ff0a56fa46515771f1ec43332ec929970270ea262,UNQUALIFIED_DIAGNOSTIC
NEW_S_4p0,8,top,-2,0,s,1.225,2.4615907217050355e-05,1.4948285785958846e-05,2.4615907217373088e-05,1.4948285785836707e-05,1e959a19b626a1efe709d0654505ee3419bbb684104d2b18bb7e85dac24e9235,93795b53d7c5aef69af66b4ff0a56fa46515771f1ec43332ec929970270ea262,UNQUALIFIED_DIAGNOSTIC
NEW_S_4p0,9,top,-2,0,p,1.225,3.866805485246695e-06,9.66311531761517e-06,3.866805485246695e-06,9.66311531761517e-06,1e959a19b626a1efe709d0654505ee3419bbb684104d2b18bb7e85dac24e9235,93795b53d7c5aef69af66b4ff0a56fa46515771f1ec43332ec929970270ea262,UNQUALIFIED_DIAGNOSTIC
NEW_S_4p0,10,top,-2,1,s,1.225,-1.2238816866181678e-05,1.9101573755569356e-06,-1.2238816866181678e-05,1.910157375556937e-06,1e959a19b626a1efe709d0654505ee3419bbb684104d2b18bb7e85dac24e9235,93795b53d7c5aef69af66b4ff0a56fa46515771f1ec43332ec929970270ea262,UNQUALIFIED_DIAGNOSTIC
NEW_S_4p0,11,top,-2,1,p,1.225,2.2997567399620836e-06,-2.707198510476546e-06,2.299756739898359e-06,-2.707198510476546e-06,1e959a19b626a1efe709d0654505ee3419bbb684104d2b18bb7e85dac24e9235,93795b53d7c5aef69af66b4ff0a56fa46515771f1ec43332ec929970270ea262,UNQUALIFIED_DIAGNOSTIC
NEW_S_4p0,12,top,-1,-1,s,1.225,6.143206230732827e-05,-2.7751585349838928e-05,6.143206230729523e-05,-2.7751585349838928e-05,1e959a19b626a1efe709d0654505ee3419bbb684104d2b18bb7e85dac24e9235,93795b53d7c5aef69af66b4ff0a56fa46515771f1ec43332ec929970270ea262,UNQUALIFIED_DIAGNOSTIC
NEW_S_4p0,13,top,-1,-1,p,1.225,4.418974353168837e-05,-1.712489689164661e-05,4.418974353159572e-05,-1.7124896891673632e-05,1e959a19b626a1efe709d0654505ee3419bbb684104d2b18bb7e85dac24e9235,93795b53d7c5aef69af66b4ff0a56fa46515771f1ec43332ec929970270ea262,UNQUALIFIED_DIAGNOSTIC
NEW_S_4p0,14,top,-1,0,s,1.225,-0.00014242148241083626,-6.207879461826783e-05,-0.0001424214824104445,-6.207879461771615e-05,1e959a19b626a1efe709d0654505ee3419bbb684104d2b18bb7e85dac24e9235,93795b53d7c5aef69af66b4ff0a56fa46515771f1ec43332ec929970270ea262,UNQUALIFIED_DIAGNOSTIC
NEW_S_4p0,15,top,-1,0,p,1.225,1.2450197220398308e-06,-3.05141636215053e-06,1.2450197220398308e-06,-3.05141636215053e-06,1e959a19b626a1efe709d0654505ee3419bbb684104d2b18bb7e85dac24e9235,93795b53d7c5aef69af66b4ff0a56fa46515771f1ec43332ec929970270ea262,UNQUALIFIED_DIAGNOSTIC
NEW_S_4p0,16,top,-1,1,s,1.225,7.62728061872835e-05,1.4843627810875986e-05,7.627280618729883e-05,1.4843627810896047e-05,1e959a19b626a1efe709d0654505ee3419bbb684104d2b18bb7e85dac24e9235,93795b53d7c5aef69af66b4ff0a56fa46515771f1ec43332ec929970270ea262,UNQUALIFIED_DIAGNOSTIC
NEW_S_4p0,17,top,-1,1,p,1.225,-2.014672860080655e-05,-5.588647409432421e-06,-2.0146728600887614e-05,-5.588647409444002e-06,1e959a19b626a1efe709d0654505ee3419bbb684104d2b18bb7e85dac24e9235,93795b53d7c5aef69af66b4ff0a56fa46515771f1ec43332ec929970270ea262,UNQUALIFIED_DIAGNOSTIC
NEW_S_4p0,18,top,0,0,s,1.225,1.1647517910311778,-0.5434616096652019,-0.09810689273371691,-0.14357207498819857,1e959a19b626a1efe709d0654505ee3419bbb684104d2b18bb7e85dac24e9235,93795b53d7c5aef69af66b4ff0a56fa46515771f1ec43332ec929970270ea262,UNQUALIFIED_DIAGNOSTIC
NEW_S_4p0,19,top,0,0,p,1.225,0.0003452519488021055,-8.986014086397813e-05,0.00034525194880263686,-8.98601408641464e-05,1e959a19b626a1efe709d0654505ee3419bbb684104d2b18bb7e85dac24e9235,93795b53d7c5aef69af66b4ff0a56fa46515771f1ec43332ec929970270ea262,UNQUALIFIED_DIAGNOSTIC
NEW_S_4p0,20,bottom,-3,-1,s,-0.175,-4.597167492869231e-05,6.749163773335363e-06,-4.597167492869113e-05,6.749163773351884e-06,1e959a19b626a1efe709d0654505ee3419bbb684104d2b18bb7e85dac24e9235,93795b53d7c5aef69af66b4ff0a56fa46515771f1ec43332ec929970270ea262,UNQUALIFIED_DIAGNOSTIC
NEW_S_4p0,21,bottom,-3,-1,p,-0.175,-4.6184083737955845e-06,7.207187684638419e-06,-4.618408373845844e-06,7.207187684665482e-06,1e959a19b626a1efe709d0654505ee3419bbb684104d2b18bb7e85dac24e9235,93795b53d7c5aef69af66b4ff0a56fa46515771f1ec43332ec929970270ea262,UNQUALIFIED_DIAGNOSTIC
NEW_S_4p0,22,bottom,-3,0,s,-0.175,5.2906760124958065e-05,-5.9593809544895444e-05,5.290676012516222e-05,-5.959380954537928e-05,1e959a19b626a1efe709d0654505ee3419bbb684104d2b18bb7e85dac24e9235,93795b53d7c5aef69af66b4ff0a56fa46515771f1ec43332ec929970270ea262,UNQUALIFIED_DIAGNOSTIC
NEW_S_4p0,23,bottom,-3,0,p,-0.175,-1.0256516705775993e-05,7.610368739379969e-06,-1.0256516705775993e-05,7.610368739379969e-06,1e959a19b626a1efe709d0654505ee3419bbb684104d2b18bb7e85dac24e9235,93795b53d7c5aef69af66b4ff0a56fa46515771f1ec43332ec929970270ea262,UNQUALIFIED_DIAGNOSTIC
NEW_S_4p0,24,bottom,-3,1,s,-0.175,-0.0001195617187332452,2.2990080632171996e-05,-0.00011956171873327825,2.2990080632183796e-05,1e959a19b626a1efe709d0654505ee3419bbb684104d2b18bb7e85dac24e9235,93795b53d7c5aef69af66b4ff0a56fa46515771f1ec43332ec929970270ea262,UNQUALIFIED_DIAGNOSTIC
NEW_S_4p0,25,bottom,-3,1,p,-0.175,8.531513075865471e-05,8.317687800672436e-06,8.53151307587011e-05,8.317687800687902e-06,1e959a19b626a1efe709d0654505ee3419bbb684104d2b18bb7e85dac24e9235,93795b53d7c5aef69af66b4ff0a56fa46515771f1ec43332ec929970270ea262,UNQUALIFIED_DIAGNOSTIC
NEW_S_4p0,26,bottom,-2,-1,s,-0.175,-4.4963767768369083e-07,-4.400912808322625e-06,-4.496376776836816e-07,-4.40091280832262e-06,1e959a19b626a1efe709d0654505ee3419bbb684104d2b18bb7e85dac24e9235,93795b53d7c5aef69af66b4ff0a56fa46515771f1ec43332ec929970270ea262,UNQUALIFIED_DIAGNOSTIC
NEW_S_4p0,27,bottom,-2,-1,p,-0.175,3.717865429140998e-06,6.445973029923888e-06,3.7178654291834892e-06,6.445973029923888e-06,1e959a19b626a1efe709d0654505ee3419bbb684104d2b18bb7e85dac24e9235,93795b53d7c5aef69af66b4ff0a56fa46515771f1ec43332ec929970270ea262,UNQUALIFIED_DIAGNOSTIC
NEW_S_4p0,28,bottom,-2,0,s,-0.175,-2.4130174161714108e-05,-2.080311204152565e-05,-2.413017416197378e-05,-2.0803112041217054e-05,1e959a19b626a1efe709d0654505ee3419bbb684104d2b18bb7e85dac24e9235,93795b53d7c5aef69af66b4ff0a56fa46515771f1ec43332ec929970270ea262,UNQUALIFIED_DIAGNOSTIC
NEW_S_4p0,29,bottom,-2,0,p,-0.175,2.5481899101746426e-06,3.277575495423664e-06,2.5481899101746426e-06,3.277575495423664e-06,1e959a19b626a1efe709d0654505ee3419bbb684104d2b18bb7e85dac24e9235,93795b53d7c5aef69af66b4ff0a56fa46515771f1ec43332ec929970270ea262,UNQUALIFIED_DIAGNOSTIC
NEW_S_4p0,30,bottom,-2,1,s,-0.175,-1.5953253946724002e-05,2.294280495651673e-06,-1.5953253946724e-05,2.2942804956516693e-06,1e959a19b626a1efe709d0654505ee3419bbb684104d2b18bb7e85dac24e9235,93795b53d7c5aef69af66b4ff0a56fa46515771f1ec43332ec929970270ea262,UNQUALIFIED_DIAGNOSTIC
NEW_S_4p0,31,bottom,-2,1,p,-0.175,-7.584733616911491e-07,1.770614177477304e-05,-7.584733617251424e-07,1.7706141774807033e-05,1e959a19b626a1efe709d0654505ee3419bbb684104d2b18bb7e85dac24e9235,93795b53d7c5aef69af66b4ff0a56fa46515771f1ec43332ec929970270ea262,UNQUALIFIED_DIAGNOSTIC
NEW_S_4p0,32,bottom,-1,-1,s,-0.175,-9.937974071308722e-06,-1.8132998919658245e-05,-9.93797407130164e-06,-1.8132998919667685e-05,1e959a19b626a1efe709d0654505ee3419bbb684104d2b18bb7e85dac24e9235,93795b53d7c5aef69af66b4ff0a56fa46515771f1ec43332ec929970270ea262,UNQUALIFIED_DIAGNOSTIC
NEW_S_4p0,33,bottom,-1,-1,p,-0.175,2.549438510177279e-06,6.834281468963154e-06,2.5494385102101085e-06,6.8342814688781835e-06,1e959a19b626a1efe709d0654505ee3419bbb684104d2b18bb7e85dac24e9235,93795b53d7c5aef69af66b4ff0a56fa46515771f1ec43332ec929970270ea262,UNQUALIFIED_DIAGNOSTIC
NEW_S_4p0,34,bottom,-1,0,s,-0.175,9.256464888344749e-05,-7.29327994730212e-05,9.25646488829247e-05,-7.293279947287015e-05,1e959a19b626a1efe709d0654505ee3419bbb684104d2b18bb7e85dac24e9235,93795b53d7c5aef69af66b4ff0a56fa46515771f1ec43332ec929970270ea262,UNQUALIFIED_DIAGNOSTIC
NEW_S_4p0,35,bottom,-1,0,p,-0.175,7.609749645845828e-06,3.685663695696192e-06,7.609749645845828e-06,3.685663695696192e-06,1e959a19b626a1efe709d0654505ee3419bbb684104d2b18bb7e85dac24e9235,93795b53d7c5aef69af66b4ff0a56fa46515771f1ec43332ec929970270ea262,UNQUALIFIED_DIAGNOSTIC
NEW_S_4p0,36,bottom,-1,1,s,-0.175,2.990453091723477e-05,5.28591919591868e-06,2.990453091723005e-05,5.285919195905109e-06,1e959a19b626a1efe709d0654505ee3419bbb684104d2b18bb7e85dac24e9235,93795b53d7c5aef69af66b4ff0a56fa46515771f1ec43332ec929970270ea262,UNQUALIFIED_DIAGNOSTIC
NEW_S_4p0,37,bottom,-1,1,p,-0.175,2.2029751562305092e-05,-2.9064342540543064e-05,2.202975156226647e-05,-2.9064342540548858e-05,1e959a19b626a1efe709d0654505ee3419bbb684104d2b18bb7e85dac24e9235,93795b53d7c5aef69af66b4ff0a56fa46515771f1ec43332ec929970270ea262,UNQUALIFIED_DIAGNOSTIC
NEW_S_4p0,38,bottom,0,0,s,-0.175,1.2557310845785472,-0.1806589382315459,-0.07986584210361608,-0.15514908743288414,1e959a19b626a1efe709d0654505ee3419bbb684104d2b18bb7e85dac24e9235,93795b53d7c5aef69af66b4ff0a56fa46515771f1ec43332ec929970270ea262,UNQUALIFIED_DIAGNOSTIC
NEW_S_4p0,39,bottom,0,0,p,-0.175,0.0002755315969690604,-6.428395169260354e-05,0.00027553159695370134,-6.428395169142492e-05,1e959a19b626a1efe709d0654505ee3419bbb684104d2b18bb7e85dac24e9235,93795b53d7c5aef69af66b4ff0a56fa46515771f1ec43332ec929970270ea262,UNQUALIFIED_DIAGNOSTIC
