state,index,side,m,n,polarization,original_key,reference_plane_z,total_real,total_imag,scattered_real,scattered_imag,reference_total_real,reference_total_imag,error_real,error_imag,power_role
LW-FINAL,0,top,-3,-1,s,"{""alpha"":{""imag"":0.0,""real"":-4.489356590207668},""beta"":{""imag"":0.0,""real"":4.960422166357995},""classification"":""propagating"",""e_vector"":[{""imag"":-0.0,""real"":0.7999122734807461},{""imag"":0.0,""real"":-0.6001169508811294},{""imag"":0.0,""real"":0.0}],""electric_tangential_norm_sq"":0.9999999999999998,""gamma"":{""imag"":0.0,""real"":-5.983986006837701},""h_vector"":[{""imag"":0.0,""real"":0.33164442810710654},{""imag"":0.0,""real"":0.44205791568604624},{""imag"":-0.0,""real"":0.8334247251460797}],""k_vector"":[{""imag"":0.0,""real"":-4.489356590207668},{""imag"":0.0,""real"":-5.983986006837701},{""imag"":0.0,""real"":4.960422166357995}],""m"":-3,""mode_index"":0,""n"":-1,""polarization"":""s"",""power_per_unit_amplitude"":0.4061852515594194,""projection_denominator"":1.4699999999999998,""propagating"":true,""rayleigh_tolerance"":1e-06,""rayleigh_warning"":false,""refractive_index"":{""imag"":0.0,""real"":1.0},""schema"":""fullspace-dtn.mode.v1"",""side"":""top"",""traction_vector"":[{""imag"":3.9679025725157118,""real"":0.0},{""imag"":-2.9768334255579263,""real"":0.0},{""imag"":0.0,""real"":0.0}],""vertical_sign"":1}",1.225,-4.134688197708515e-06,-8.530700249987754e-06,-4.134688197729757e-06,-8.530700250017256e-06,-4.134544516790736e-06,-8.530477664715285e-06,-1.436809177791061e-10,-2.225852724689972e-10,UNQUALIFIED_DIAGNOSTIC
LW-FINAL,1,top,-3,-1,p,"{""alpha"":{""imag"":0.0,""real"":-4.489356590207668},""beta"":{""imag"":0.0,""real"":4.960422166357995},""classification"":""propagating"",""e_vector"":[{""imag"":0.0,""real"":0.3316444281071066},{""imag"":0.0,""real"":0.44205791568604635},{""imag"":-0.0,""real"":0.8334247251460798}],""electric_tangential_norm_sq"":0.30540322751518145,""gamma"":{""imag"":0.0,""real"":-5.983986006837701},""h_vector"":[{""imag"":0.0,""real"":-0.7999122734807462},{""imag"":0.0,""real"":0.6001169508811294},{""imag"":0.0,""real"":-2.4737647522494018e-17}],""k_vector"":[{""imag"":0.0,""real"":-4.489356590207668},{""imag"":0.0,""real"":-5.983986006837701},{""imag"":0.0,""real"":4.960422166357995}],""m"":-3,""mode_index"":1,""n"":-1,""polarization"":""p"",""power_per_unit_amplitude"":0.4061852515594195,""projection_denominator"":0.44894274444731674,""propagating"":true,""rayleigh_tolerance"":1e-06,""rayleigh_warning"":false,""refractive_index"":{""imag"":0.0,""real"":1.0},""schema"":""fullspace-dtn.mode.v1"",""side"":""top"",""traction_vector"":[{""imag"":5.38663715480818,""real"":0.0},{""imag"":7.179995776809777,""real"":0.0},{""imag"":-0.0,""real"":0.0}],""vertical_sign"":1}",1.225,3.0470082443188567e-06,6.279926988603806e-06,3.0470082442956726e-06,6.279926988644378e-06,3.0469597078748646e-06,6.279864279230611e-06,4.853644399210576e-11,6.270937319461203e-11,UNQUALIFIED_DIAGNOSTIC
LW-FINAL,2,top,-3,0,s,"{""alpha"":{""imag"":0.0,""real"":-4.489356590207668},""beta"":{""imag"":0.0,""real"":7.772636399480241},""classification"":""propagating"",""e_vector"":[{""imag"":0.0,""real"":-0.0},{""imag"":0.0,""real"":-1.0},{""imag"":0.0,""real"":0.0}],""electric_tangential_norm_sq"":1.0,""gamma"":{""imag"":0.0,""real"":0.0},""h_vector"":[{""imag"":0.0,""real"":0.8659374526832905},{""imag"":0.0,""real"":0.0},{""imag"":-0.0,""real"":0.5001523048436087}],""k_vector"":[{""imag"":0.0,""real"":-4.489356590207668},{""imag"":0.0,""real"":0.0},{""imag"":0.0,""real"":7.772636399480241}],""m"":-3,""mode_index"":2,""n"":0,""polarization"":""s"",""power_per_unit_amplitude"":0.6364640277222186,""projection_denominator"":1.47,""propagating"":true,""rayleigh_tolerance"":1e-06,""rayleigh_warning"":false,""refractive_index"":{""imag"":0.0,""real"":1.0},""schema"":""fullspace-dtn.mode.v1"",""side"":""top"",""traction_vector"":[{""imag"":0.0,""real"":0.0},{""imag"":-7.772636399480241,""real"":0.0},{""imag"":0.0,""real"":0.0}],""vertical_sign"":1}",1.225,-4.174543210806065e-05,-1.142958759118459e-05,-4.174543210830375e-05,-1.1429587591289617e-05,-4.174435527054871e-05,-1.1429406449091863e-05,-1.0768375119412288e-09,-1.8114209272639646e-10,UNQUALIFIED_DIAGNOSTIC
LW-FINAL,3,top,-3,0,p,"{""alpha"":{""imag"":0.0,""real"":-4.489356590207668},""beta"":{""imag"":0.0,""real"":7.772636399480241},""classification"":""propagating"",""e_vector"":[{""imag"":0.0,""real"":0.8659374526832905},{""imag"":0.0,""real"":0.0},{""imag"":-0.0,""real"":0.5001523048436087}],""electric_tangential_norm_sq"":0.749847671959626,""gamma"":{""imag"":0.0,""real"":0.0},""h_vector"":[{""imag"":0.0,""real"":0.0},{""imag"":0.0,""real"":1.0},{""imag"":0.0,""real"":0.0}],""k_vector"":[{""imag"":0.0,""real"":-4.489356590207668},{""imag"":0.0,""real"":0.0},{""imag"":0.0,""real"":7.772636399480241}],""m"":-3,""mode_index"":3,""n"":0,""polarization"":""p"",""power_per_unit_amplitude"":0.6364640277222186,""projection_denominator"":1.1022760777806502,""propagating"":true,""rayleigh_tolerance"":1e-06,""rayleigh_warning"":false,""refractive_index"":{""imag"":0.0,""real"":1.0},""schema"":""fullspace-dtn.mode.v1"",""side"":""top"",""traction_vector"":[{""imag"":8.975979010256552,""real"":0.0},{""imag"":0.0,""real"":-0.0},{""imag"":0.0,""real"":0.0}],""vertical_sign"":1}",1.225,4.575950676670828e-11,-1.8236919361329862e-10,4.575950676670828e-11,-1.8236919361329862e-10,2.335674126355448e-16,-1.0674968189333025e-16,4.575927319929564e-11,-1.8236908686361672e-10,UNQUALIFIED_DIAGNOSTIC
LW-FINAL,4,top,-3,1,s,"{""alpha"":{""imag"":0.0,""real"":-4.489356590207668},""beta"":{""imag"":0.0,""real"":4.960422166357995},""classification"":""propagating"",""e_vector"":[{""imag"":0.0,""real"":-0.7999122734807461},{""imag"":0.0,""real"":-0.6001169508811294},{""imag"":0.0,""real"":0.0}],""electric_tangential_norm_sq"":0.9999999999999998,""gamma"":{""imag"":0.0,""real"":5.983986006837701},""h_vector"":[{""imag"":0.0,""real"":0.33164442810710654},{""imag"":0.0,""real"":-0.44205791568604624},{""imag"":-0.0,""real"":0.8334247251460797}],""k_vector"":[{""imag"":0.0,""real"":-4.489356590207668},{""imag"":0.0,""real"":5.983986006837701},{""imag"":0.0,""real"":4.960422166357995}],""m"":-3,""mode_index"":4,""n"":1,""polarization"":""s"",""power_per_unit_amplitude"":0.4061852515594194,""projection_denominator"":1.4699999999999998,""propagating"":true,""rayleigh_tolerance"":1e-06,""rayleigh_warning"":false,""refractive_index"":{""imag"":0.0,""real"":1.0},""schema"":""fullspace-dtn.mode.v1"",""side"":""top"",""traction_vector"":[{""imag"":-3.9679025725157118,""real"":0.0},{""imag"":-2.9768334255579263,""real"":0.0},{""imag"":0.0,""real"":0.0}],""vertical_sign"":1}",1.225,-4.134682753332539e-06,-8.53058849516239e-06,-4.13468275333726e-06,-8.530588495155308e-06,-4.134544517190177e-06,-8.530477664672137e-06,-1.382361423621047e-10,-1.1083049025241171e-10,UNQUALIFIED_DIAGNOSTIC
LW-FINAL,5,top,-3,1,p,"{""alpha"":{""imag"":0.0,""real"":-4.489356590207668},""beta"":{""imag"":0.0,""real"":4.960422166357995},""classification"":""propagating"",""e_vector"":[{""imag"":0.0,""real"":0.3316444281071066},{""imag"":0.0,""real"":-0.44205791568604635},{""imag"":-0.0,""real"":0.8334247251460798}],""electric_tangential_norm_sq"":0.30540322751518145,""gamma"":{""imag"":0.0,""real"":5.983986006837701},""h_vector"":[{""imag"":0.0,""real"":0.7999122734807462},{""imag"":0.0,""real"":0.6001169508811294},{""imag"":-0.0,""real"":2.4737647522494018e-17}],""k_vector"":[{""imag"":0.0,""real"":-4.489356590207668},{""imag"":0.0,""real"":5.983986006837701},{""imag"":0.0,""real"":4.960422166357995}],""m"":-3,""mode_index"":5,""n"":1,""polarization"":""p"",""power_per_unit_amplitude"":0.4061852515594195,""projection_denominator"":0.44894274444731674,""propagating"":true,""rayleigh_tolerance"":1e-06,""rayleigh_warning"":false,""refractive_index"":{""imag"":0.0,""real"":1.0},""schema"":""fullspace-dtn.mode.v1"",""side"":""top"",""traction_vector"":[{""imag"":5.38663715480818,""real"":0.0},{""imag"":-7.179995776809777,""real"":0.0},{""imag"":0.0,""real"":0.0}],""vertical_sign"":1}",1.225,-3.0470452674331906e-06,-6.280068765971152e-06,-3.0470452674100065e-06,-6.280068765951832e-06,-3.0469597082596497e-06,-6.279864279523739e-06,-8.55591735409903e-11,-2.0448644741379675e-10,UNQUALIFIED_DIAGNOSTIC
LW-FINAL,6,top,-2,-1,s,"{""alpha"":{""imag"":0.0,""real"":-0.0013670850793925382},""beta"":{""imag"":0.0,""real"":6.690299604174327},""classification"":""propagating"",""e_vector"":[{""imag"":-0.0,""real"":0.9999999739036398},{""imag"":0.0,""real"":-0.00022845725945122052},{""imag"":0.0,""real"":0.0}],""electric_tangential_norm_sq"":0.9999999999999997,""gamma"":{""imag"":0.0,""real"":-5.983986006837701},""h_vector"":[{""imag"":0.0,""real"":0.00017028198380708622},{""imag"":0.0,""real"":0.7453559574879883},{""imag"":-0.0,""real"":0.6666666840642403}],""k_vector"":[{""imag"":0.0,""real"":-0.0013670850793925382},{""imag"":0.0,""real"":-5.983986006837701},{""imag"":0.0,""real"":6.690299604174327}],""m"":-2,""mode_index"":6,""n"":-1,""polarization"":""s"",""power_per_unit_amplitude"":0.5478366430502136,""projection_denominator"":1.4699999999999995,""propagating"":true,""rayleigh_tolerance"":1e-06,""rayleigh_warning"":false,""refractive_index"":{""imag"":0.0,""real"":1.0},""schema"":""fullspace-dtn.mode.v1"",""side"":""top"",""traction_vector"":[{""imag"":6.6902994295818585,""real"":0.0},{""imag"":-0.001528447512477252,""real"":0.0},{""imag"":0.0,""real"":0.0}],""vertical_sign"":1}",1.225,-7.311734724815136e-09,4.055547334475597e-09,-7.311734724810526e-09,4.055547334474157e-09,-7.195797395900892e-09,4.3342190942694065e-09,-1.1593732891424377e-10,-2.786717597938093e-10,UNQUALIFIED_DIAGNOSTIC
LW-FINAL,7,top,-2,-1,p,"{""alpha"":{""imag"":0.0,""real"":-0.0013670850793925382},""beta"":{""imag"":0.0,""real"":6.690299604174327},""classification"":""propagating"",""e_vector"":[{""imag"":0.0,""real"":0.00017028198380708627},{""imag"":0.0,""real"":0.7453559574879884},{""imag"":-0.0,""real"":0.6666666840642405}],""electric_tangential_norm_sq"":0.5555555323587901,""gamma"":{""imag"":0.0,""real"":-5.983986006837701},""h_vector"":[{""imag"":0.0,""real"":-0.9999999739036399},{""imag"":0.0,""real"":0.00022845725945122054},{""imag"":0.0,""real"":2.4157858908685565e-20}],""k_vector"":[{""imag"":0.0,""real"":-0.0013670850793925382},{""imag"":0.0,""real"":-5.983986006837701},{""imag"":0.0,""real"":6.690299604174327}],""m"":-2,""mode_index"":7,""n"":-1,""polarization"":""p"",""power_per_unit_amplitude"":0.5478366430502138,""projection_denominator"":0.8166666325674213,""propagating"":true,""rayleigh_tolerance"":1e-06,""rayleigh_warning"":false,""refractive_index"":{""imag"":0.0,""real"":1.0},""schema"":""fullspace-dtn.mode.v1"",""side"":""top"",""traction_vector"":[{""imag"":0.002050627565574891,""real"":0.0},{""imag"":8.975978776016172,""real"":0.0},{""imag"":-0.0,""real"":0.0}],""vertical_sign"":1}",1.225,1.3885145634856613e-05,-8.984059906979807e-06,1.3885145634797136e-05,-8.984059906979807e-06,1.3884985056625193e-05,-8.98399558006467e-06,1.6057823141993788e-10,-6.432691513755717e-11,UNQUALIFIED_DIAGNOSTIC
LW-FINAL,8,top,-2,0,s,"{""alpha"":{""imag"":0.0,""real"":-0.0013670850793925382},""beta"":{""imag"":0.0,""real"":8.975978906149711},""classification"":""propagating"",""e_vector"":[{""imag"":0.0,""real"":-0.0},{""imag"":0.0,""real"":-1.0},{""imag"":0.0,""real"":0.0}],""electric_tangential_norm_sq"":1.0,""gamma"":{""imag"":0.0,""real"":0.0},""h_vector"":[{""imag"":0.0,""real"":0.9999999884016172},{""imag"":0.0,""real"":0.0},{""imag"":-0.0,""real"":0.00015230484360874904}],""k_vector"":[{""imag"":0.0,""real"":-0.0013670850793925382},{""imag"":0.0,""real"":0.0},{""imag"":0.0,""real"":8.975978906149711}],""m"":-2,""mode_index"":8,""n"":0,""polarization"":""s"",""power_per_unit_amplitude"":0.7349999914751887,""projection_denominator"":1.47,""propagating"":true,""rayleigh_tolerance"":1e-06,""rayleigh_warning"":false,""refractive_index"":{""imag"":0.0,""real"":1.0},""schema"":""fullspace-dtn.mode.v1"",""side"":""top"",""traction_vector"":[{""imag"":0.0,""real"":0.0},{""imag"":-8.975978906149711,""real"":0.0},{""imag"":0.0,""real"":0.0}],""vertical_sign"":1}",1.225,3.266630261932064e-06,1.5792089307760803e-05,3.266630262254798e-06,1.5792089307638664e-05,3.266661606981309e-06,1.579199203088943e-05,-3.13450492453205e-11,9.727687137251785e-11,UNQUALIFIED_DIAGNOSTIC
LW-FINAL,9,top,-2,0,p,"{""alpha"":{""imag"":0.0,""real"":-0.0013670850793925382},""beta"":{""imag"":0.0,""real"":8.975978906149711},""classification"":""propagating"",""e_vector"":[{""imag"":0.0,""real"":0.9999999884016174},{""imag"":0.0,""real"":0.0},{""imag"":-0.0,""real"":0.00015230484360874907}],""electric_tangential_norm_sq"":0.9999999768032349,""gamma"":{""imag"":0.0,""real"":0.0},""h_vector"":[{""imag"":0.0,""real"":0.0},{""imag"":0.0,""real"":1.0000000000000002},{""imag"":0.0,""real"":0.0}],""k_vector"":[{""imag"":0.0,""real"":-0.0013670850793925382},{""imag"":0.0,""real"":0.0},{""imag"":0.0,""real"":8.975978906149711}],""m"":-2,""mode_index"":9,""n"":0,""polarization"":""p"",""power_per_unit_amplitude"":0.7349999914751889,""projection_denominator"":1.4699999659007554,""propagating"":true,""rayleigh_tolerance"":1e-06,""rayleigh_warning"":false,""refractive_index"":{""imag"":0.0,""real"":1.0},""schema"":""fullspace-dtn.mode.v1"",""side"":""top"",""traction_vector"":[{""imag"":8.975979010256554,""real"":0.0},{""imag"":0.0,""real"":-0.0},{""imag"":0.0,""real"":0.0}],""vertical_sign"":1}",1.225,1.4503119211014882e-10,2.6340896680791464e-11,1.4503119211014882e-10,2.6340896680791464e-11,-2.0122553573612502e-16,1.8658087211231932e-16,1.4503139333568456e-10,2.6340710099919352e-11,UNQUALIFIED_DIAGNOSTIC
LW-FINAL,10,top,-2,1,s,"{""alpha"":{""imag"":0.0,""real"":-0.0013670850793925382},""beta"":{""imag"":0.0,""real"":6.690299604174327},""classification"":""propagating"",""e_vector"":[{""imag"":0.0,""real"":-0.9999999739036398},{""imag"":0.0,""real"":-0.00022845725945122052},{""imag"":0.0,""real"":0.0}],""electric_tangential_norm_sq"":0.9999999999999997,""gamma"":{""imag"":0.0,""real"":5.983986006837701},""h_vector"":[{""imag"":0.0,""real"":0.00017028198380708622},{""imag"":0.0,""real"":-0.7453559574879883},{""imag"":-0.0,""real"":0.6666666840642403}],""k_vector"":[{""imag"":0.0,""real"":-0.0013670850793925382},{""imag"":0.0,""real"":5.983986006837701},{""imag"":0.0,""real"":6.690299604174327}],""m"":-2,""mode_index"":10,""n"":1,""polarization"":""s"",""power_per_unit_amplitude"":0.5478366430502136,""projection_denominator"":1.4699999999999995,""propagating"":true,""rayleigh_tolerance"":1e-06,""rayleigh_warning"":false,""refractive_index"":{""imag"":0.0,""real"":1.0},""schema"":""fullspace-dtn.mode.v1"",""side"":""top"",""traction_vector"":[{""imag"":-6.6902994295818585,""real"":0.0},{""imag"":-0.001528447512477252,""real"":0.0},{""imag"":0.0,""real"":0.0}],""vertical_sign"":1}",1.225,-7.023503825782996e-09,4.510469879994259e-09,-7.023503825782996e-09,4.5104698799954115e-09,-7.195797779243505e-09,4.334218822436149e-09,1.7229395346050932e-10,1.7625105755811057e-10,UNQUALIFIED_DIAGNOSTIC
LW-FINAL,11,top,-2,1,p,"{""alpha"":{""imag"":0.0,""real"":-0.0013670850793925382},""beta"":{""imag"":0.0,""real"":6.690299604174327},""classification"":""propagating"",""e_vector"":[{""imag"":0.0,""real"":0.00017028198380708627},{""imag"":0.0,""real"":-0.7453559574879884},{""imag"":-0.0,""real"":0.6666666840642405}],""electric_tangential_norm_sq"":0.5555555323587901,""gamma"":{""imag"":0.0,""real"":5.983986006837701},""h_vector"":[{""imag"":0.0,""real"":0.9999999739036399},{""imag"":0.0,""real"":0.00022845725945122054},{""imag"":0.0,""real"":-2.4157858908685565e-20}],""k_vector"":[{""imag"":0.0,""real"":-0.0013670850793925382},{""imag"":0.0,""real"":5.983986006837701},{""imag"":0.0,""real"":6.690299604174327}],""m"":-2,""mode_index"":11,""n"":1,""polarization"":""p"",""power_per_unit_amplitude"":0.5478366430502138,""projection_denominator"":0.8166666325674213,""propagating"":true,""rayleigh_tolerance"":1e-06,""rayleigh_warning"":false,""refractive_index"":{""imag"":0.0,""real"":1.0},""schema"":""fullspace-dtn.mode.v1"",""side"":""top"",""traction_vector"":[{""imag"":0.002050627565574891,""real"":0.0},{""imag"":-8.975978776016172,""real"":0.0},{""imag"":0.0,""real"":0.0}],""vertical_sign"":1}",1.225,-1.3884998596996354e-05,8.983917587660014e-06,-1.3884998597060078e-05,8.983917587660014e-06,-1.3884985056452473e-05,8.983995580305071e-06,-1.3540543881114336e-11,-7.799264505710043e-11,UNQUALIFIED_DIAGNOSTIC
LW-FINAL,12,top,-1,-1,s,"{""alpha"":{""imag"":0.0,""real"":4.486622420048883},""beta"":{""imag"":0.0,""real"":4.962895316491319},""classification"":""propagating"",""e_vector"":[{""imag"":-0.0,""real"":0.8000877286570669},{""imag"":0.0,""real"":0.5998830106382207},{""imag"":0.0,""real"":0.0}],""electric_tangential_norm_sq"":0.9999999999999999,""gamma"":{""imag"":0.0,""real"":-5.983986006837701},""h_vector"":[{""imag"":0.0,""real"":-0.33168043068474645},{""imag"":0.0,""real"":0.4423753260560312},{""imag"":0.0,""real"":0.8332419593357027}],""k_vector"":[{""imag"":0.0,""real"":4.486622420048883},{""imag"":0.0,""real"":-5.983986006837701},{""imag"":0.0,""real"":4.962895316491319}],""m"":-1,""mode_index"":12,""n"":-1,""polarization"":""s"",""power_per_unit_amplitude"":0.4063877659977793,""projection_denominator"":1.4699999999999998,""propagating"":true,""rayleigh_tolerance"":1e-06,""rayleigh_warning"":false,""refractive_index"":{""imag"":0.0,""real"":1.0},""schema"":""fullspace-dtn.mode.v1"",""side"":""top"",""traction_vector"":[{""imag"":3.9707516413343344,""real"":0.0},{""imag"":2.9771565839391374,""real"":0.0},{""imag"":-0.0,""real"":0.0}],""vertical_sign"":1}",1.225,2.55510901058679e-05,-1.242124960342281e-05,2.555109010583486e-05,-1.242124960342281e-05,2.555102944959861e-05,-1.2421186840752343e-05,6.065626929020935e-11,-6.27626704676875e-11,UNQUALIFIED_DIAGNOSTIC
LW-FINAL,13,top,-1,-1,p,"{""alpha"":{""imag"":0.0,""real"":4.486622420048883},""beta"":{""imag"":0.0,""real"":4.962895316491319},""classification"":""propagating"",""e_vector"":[{""imag"":0.0,""real"":-0.3316804306847465},{""imag"":0.0,""real"":0.4423753260560313},{""imag"":0.0,""real"":0.833241959335703}],""electric_tangential_norm_sq"":0.3057078372023989,""gamma"":{""imag"":0.0,""real"":-5.983986006837701},""h_vector"":[{""imag"":0.0,""real"":-0.8000877286570669},{""imag"":0.0,""real"":-0.5998830106382207},{""imag"":0.0,""real"":-2.4737647522494018e-17}],""k_vector"":[{""imag"":0.0,""real"":4.486622420048883},{""imag"":0.0,""real"":-5.983986006837701},{""imag"":0.0,""real"":4.962895316491319}],""m"":-1,""mode_index"":13,""n"":-1,""polarization"":""p"",""power_per_unit_amplitude"":0.4063877659977795,""projection_denominator"":0.4493905206875264,""propagating"":true,""rayleigh_tolerance"":1e-06,""rayleigh_warning"":false,""refractive_index"":{""imag"":0.0,""real"":1.0},""schema"":""fullspace-dtn.mode.v1"",""side"":""top"",""traction_vector"":[{""imag"":-5.384537312098177,""real"":0.0},{""imag"":7.181570658789672,""real"":0.0},{""imag"":0.0,""real"":0.0}],""vertical_sign"":1}",1.225,1.8842268512134273e-05,-9.158996866306827e-06,1.884226851204163e-05,-9.158996866333847e-06,1.8842193182604635e-05,-9.15911227089638e-06,7.532952963867196e-11,1.1540458955248847e-10,UNQUALIFIED_DIAGNOSTIC
LW-FINAL,14,top,-1,0,s,"{""alpha"":{""imag"":0.0,""real"":4.486622420048883},""beta"":{""imag"":0.0,""real"":7.774214973389975},""classification"":""propagating"",""e_vector"":[{""imag"":0.0,""real"":-0.0},{""imag"":0.0,""real"":1.0},{""imag"":0.0,""real"":0.0}],""electric_tangential_norm_sq"":1.0,""gamma"":{""imag"":0.0,""real"":0.0},""h_vector"":[{""imag"":0.0,""real"":-0.8661133191718294},{""imag"":0.0,""real"":0.0},{""imag"":0.0,""real"":0.4998476951563912}],""k_vector"":[{""imag"":0.0,""real"":4.486622420048883},{""imag"":0.0,""real"":0.0},{""imag"":0.0,""real"":7.774214973389975}],""m"":-1,""mode_index"":14,""n"":0,""polarization"":""s"",""power_per_unit_amplitude"":0.6365932895912946,""projection_denominator"":1.47,""propagating"":true,""rayleigh_tolerance"":1e-06,""rayleigh_warning"":false,""refractive_index"":{""imag"":0.0,""real"":1.0},""schema"":""fullspace-dtn.mode.v1"",""side"":""top"",""traction_vector"":[{""imag"":0.0,""real"":-0.0},{""imag"":7.774214973389975,""real"":0.0},{""imag"":-0.0,""real"":0.0}],""vertical_sign"":1}",1.225,-0.00010779848752251442,-7.25636611436919e-05,-0.00010779848752212263,-7.256366114314021e-05,-0.0001077984191275123,-7.256319276933049e-05,-6.839500211845706e-11,-4.68374361403635e-10,UNQUALIFIED_DIAGNOSTIC
LW-FINAL,15,top,-1,0,p,"{""alpha"":{""imag"":0.0,""real"":4.486622420048883},""beta"":{""imag"":0.0,""real"":7.774214973389975},""classification"":""propagating"",""e_vector"":[{""imag"":0.0,""real"":-0.8661133191718294},{""imag"":0.0,""real"":0.0},{""imag"":0.0,""real"":0.4998476951563912}],""electric_tangential_norm_sq"":0.7501522816468433,""gamma"":{""imag"":0.0,""real"":0.0},""h_vector"":[{""imag"":0.0,""real"":0.0},{""imag"":0.0,""real"":-1.0},{""imag"":0.0,""real"":0.0}],""k_vector"":[{""imag"":0.0,""real"":4.486622420048883},{""imag"":0.0,""real"":0.0},{""imag"":0.0,""real"":7.774214973389975}],""m"":-1,""mode_index"":15,""n"":0,""polarization"":""p"",""power_per_unit_amplitude"":0.6365932895912946,""projection_denominator"":1.1027238540208597,""propagating"":true,""rayleigh_tolerance"":1e-06,""rayleigh_warning"":false,""refractive_index"":{""imag"":0.0,""real"":1.0},""schema"":""fullspace-dtn.mode.v1"",""side"":""top"",""traction_vector"":[{""imag"":-8.975979010256552,""real"":0.0},{""imag"":0.0,""real"":0.0},{""imag"":0.0,""real"":0.0}],""vertical_sign"":1}",1.225,1.1263467344084167e-10,2.780541806220614e-10,1.1263467344084167e-10,2.780541806220614e-10,-7.512217828146564e-16,7.306111960405604e-16,1.1263542466262449e-10,2.780534500108654e-10,UNQUALIFIED_DIAGNOSTIC
LW-FINAL,16,top,-1,1,s,"{""alpha"":{""imag"":0.0,""real"":4.486622420048883},""beta"":{""imag"":0.0,""real"":4.962895316491319},""classification"":""propagating"",""e_vector"":[{""imag"":0.0,""real"":-0.8000877286570669},{""imag"":0.0,""real"":0.5998830106382207},{""imag"":0.0,""real"":0.0}],""electric_tangential_norm_sq"":0.9999999999999999,""gamma"":{""imag"":0.0,""real"":5.983986006837701},""h_vector"":[{""imag"":0.0,""real"":-0.33168043068474645},{""imag"":0.0,""real"":-0.4423753260560312},{""imag"":0.0,""real"":0.8332419593357027}],""k_vector"":[{""imag"":0.0,""real"":4.486622420048883},{""imag"":0.0,""real"":5.983986006837701},{""imag"":0.0,""real"":4.962895316491319}],""m"":-1,""mode_index"":16,""n"":1,""polarization"":""s"",""power_per_unit_amplitude"":0.4063877659977793,""projection_denominator"":1.4699999999999998,""propagating"":true,""rayleigh_tolerance"":1e-06,""rayleigh_warning"":false,""refractive_index"":{""imag"":0.0,""real"":1.0},""schema"":""fullspace-dtn.mode.v1"",""side"":""top"",""traction_vector"":[{""imag"":-3.9707516413343344,""real"":0.0},{""imag"":2.9771565839391374,""real"":0.0},{""imag"":0.0,""real"":0.0}],""vertical_sign"":1}",1.225,2.5551176507246817e-05,-1.2420997025125391e-05,2.5551176507262158e-05,-1.242099702510533e-05,2.5551029449478588e-05,-1.2421186840209803e-05,1.470577682285252e-10,1.898150844115127e-10,UNQUALIFIED_DIAGNOSTIC
LW-FINAL,17,top,-1,1,p,"{""alpha"":{""imag"":0.0,""real"":4.486622420048883},""beta"":{""imag"":0.0,""real"":4.962895316491319},""classification"":""propagating"",""e_vector"":[{""imag"":0.0,""real"":-0.3316804306847465},{""imag"":0.0,""real"":-0.4423753260560313},{""imag"":0.0,""real"":0.833241959335703}],""electric_tangential_norm_sq"":0.3057078372023989,""gamma"":{""imag"":0.0,""real"":5.983986006837701},""h_vector"":[{""imag"":0.0,""real"":0.8000877286570669},{""imag"":0.0,""real"":-0.5998830106382207},{""imag"":0.0,""real"":2.4737647522494018e-17}],""k_vector"":[{""imag"":0.0,""real"":4.486622420048883},{""imag"":0.0,""real"":5.983986006837701},{""imag"":0.0,""real"":4.962895316491319}],""m"":-1,""mode_index"":17,""n"":1,""polarization"":""p"",""power_per_unit_amplitude"":0.4063877659977795,""projection_denominator"":0.4493905206875264,""propagating"":true,""rayleigh_tolerance"":1e-06,""rayleigh_warning"":false,""refractive_index"":{""imag"":0.0,""real"":1.0},""schema"":""fullspace-dtn.mode.v1"",""side"":""top"",""traction_vector"":[{""imag"":-5.384537312098177,""real"":0.0},{""imag"":-7.181570658789672,""real"":0.0},{""imag"":0.0,""real"":0.0}],""vertical_sign"":1}",1.225,-1.884214362237736e-05,9.159232837034223e-06,-1.8842143622458426e-05,9.159232837022642e-06,-1.884219318237659e-05,9.159112271291004e-06,4.955999922856059e-11,1.2056574321906907e-10,UNQUALIFIED_DIAGNOSTIC
LW-FINAL,18,top,0,0,s,"{""alpha"":{""imag"":0.0,""real"":8.97461192517716},""beta"":{""imag"":0.0,""real"":0.15665243385951635},""classification"":""propagating"",""e_vector"":[{""imag"":0.0,""real"":-0.0},{""imag"":0.0,""real"":1.0},{""imag"":0.0,""real"":0.0}],""electric_tangential_norm_sq"":1.0,""gamma"":{""imag"":0.0,""real"":0.0},""h_vector"":[{""imag"":0.0,""real"":-0.017452406437282755},{""imag"":0.0,""real"":0.0},{""imag"":0.0,""real"":0.9998476951563912}],""k_vector"":[{""imag"":0.0,""real"":8.97461192517716},{""imag"":0.0,""real"":0.0},{""imag"":0.0,""real"":0.15665243385951635}],""m"":0,""mode_index"":18,""n"":0,""polarization"":""s"",""power_per_unit_amplitude"":0.012827518731402825,""projection_denominator"":1.47,""propagating"":true,""rayleigh_tolerance"":1e-06,""rayleigh_warning"":false,""refractive_index"":{""imag"":0.0,""real"":1.0},""schema"":""fullspace-dtn.mode.v1"",""side"":""top"",""traction_vector"":[{""imag"":0.0,""real"":-0.0},{""imag"":0.15665243385951635,""real"":0.0},{""imag"":-0.0,""real"":0.0}],""vertical_sign"":1}",1.225,1.2301146251621542,-0.5354340554348749,-0.03274405860274056,-0.1355445207578716,1.2301124466956983,-0.5354375258627233,2.1784664558932576e-06,3.47042784842877e-06,UNQUALIFIED_DIAGNOSTIC
LW-FINAL,19,top,0,0,p,"{""alpha"":{""imag"":0.0,""real"":8.97461192517716},""beta"":{""imag"":0.0,""real"":0.15665243385951635},""classification"":""propagating"",""e_vector"":[{""imag"":0.0,""real"":-0.01745240643728276},{""imag"":0.0,""real"":0.0},{""imag"":0.0,""real"":0.9998476951563914}],""electric_tangential_norm_sq"":0.0003045864904521087,""gamma"":{""imag"":0.0,""real"":0.0},""h_vector"":[{""imag"":0.0,""real"":0.0},{""imag"":0.0,""real"":-1.0000000000000002},{""imag"":0.0,""real"":0.0}],""k_vector"":[{""imag"":0.0,""real"":8.97461192517716},{""imag"":0.0,""real"":0.0},{""imag"":0.0,""real"":0.15665243385951635}],""m"":0,""mode_index"":19,""n"":0,""polarization"":""p"",""power_per_unit_amplitude"":0.01282751873140283,""projection_denominator"":0.0004477421409645998,""propagating"":true,""rayleigh_tolerance"":1e-06,""rayleigh_warning"":false,""refractive_index"":{""imag"":0.0,""real"":1.0},""schema"":""fullspace-dtn.mode.v1"",""side"":""top"",""traction_vector"":[{""imag"":-8.975979010256554,""real"":0.0},{""imag"":0.0,""real"":0.0},{""imag"":0.0,""real"":0.0}],""vertical_sign"":1}",1.225,5.357245208570871e-07,6.389771654259455e-07,5.357245213884647e-07,6.389771652576826e-07,-3.154010265628375e-14,6.2826313755395736e-15,5.357245523971898e-07,6.38977159143314e-07,UNQUALIFIED_DIAGNOSTIC
LW-FINAL,20,bottom,-3,-1,s,"{""alpha"":{""imag"":0.0,""real"":-4.489356590207668},""beta"":{""imag"":7.026217474247436e-05,""real"":4.958556350844336},""classification"":""propagating"",""e_vector"":[{""imag"":-0.0,""real"":0.7999122734807461},{""imag"":0.0,""real"":-0.6001169508811294},{""imag"":0.0,""real"":0.0}],""electric_tangential_norm_sq"":0.9999999999999998,""gamma"":{""imag"":0.0,""real"":-5.983986006837701},""h_vector"":[{""imag"":-4.697595885702236e-06,""real"":-0.3315196832168072},{""imag"":-6.261553850976274e-06,""real"":-0.4418916398148882},{""imag"":-0.0,""real"":0.8334247251460797}],""k_vector"":[{""imag"":0.0,""real"":-4.489356590207668},{""imag"":0.0,""real"":-5.983986006837701},{""imag"":-7.026217474247436e-05,""real"":-4.958556350844336}],""m"":-3,""mode_index"":20,""n"":-1,""polarization"":""s"",""power_per_unit_amplitude"":0.4060324688489237,""projection_denominator"":1.4699638505555863,""propagating"":true,""rayleigh_tolerance"":1e-06,""rayleigh_warning"":false,""refractive_index"":{""imag"":4.32477054e-06,""real"":0.999885140474},""schema"":""fullspace-dtn.mode.v1"",""side"":""bottom"",""traction_vector"":[{""imag"":3.9664100837862852,""real"":-5.620357593795412e-05},{""imag"":-2.975713718040963,""real"":4.216552206873081e-05},{""imag"":0.0,""real"":0.0}],""vertical_sign"":-1}",-0.175,-9.549575869041837e-06,-4.3608379724890056e-07,-9.549575869040656e-06,-4.3608379723237897e-07,-9.549378700067261e-06,-4.3615840469472487e-07,-1.971689745761102e-10,7.46074458243133e-11,UNQUALIFIED_DIAGNOSTIC
LW-FINAL,21,bottom,-3,-1,p,"{""alpha"":{""imag"":0.0,""real"":-4.489356590207668},""beta"":{""imag"":7.026217474247436e-05,""real"":4.958556350844336},""classification"":""propagating"",""e_vector"":[{""imag"":-3.264059536059784e-06,""real"":-0.33155776578462687},{""imag"":-4.350754099567616e-06,""real"":-0.4419424011095991},{""imag"":-3.605198833694458e-06,""real"":0.8335204628602758}],""electric_tangential_norm_sq"":0.30524363798019444,""gamma"":{""imag"":0.0,""real"":-5.983986006837701},""h_vector"":[{""imag"":-3.4594370347866507e-06,""real"":-0.7998203959021161},{""imag"":2.595368109614824e-06,""real"":0.6000480217070564},{""imag"":0.0,""real"":4.9475295044988036e-17}],""k_vector"":[{""imag"":0.0,""real"":-4.489356590207668},{""imag"":0.0,""real"":-5.983986006837701},{""imag"":-7.026217474247436e-05,""real"":-4.958556350844336}],""m"":-3,""mode_index"":21,""n"":-1,""polarization"":""p"",""power_per_unit_amplitude"":0.4060324688489239,""projection_denominator"":0.4486971134429621,""propagating"":true,""rayleigh_tolerance"":1e-06,""rayleigh_warning"":false,""refractive_index"":{""imag"":4.32477054e-06,""real"":0.999885140474},""schema"":""fullspace-dtn.mode.v1"",""side"":""bottom"",""traction_vector"":[{""imag"":-5.386018447988506,""real"":2.3295969675791888e-05},{""imag"":-7.179171085592479,""real"":3.105183421154914e-05},{""imag"":0.0,""real"":0.0}],""vertical_sign"":-1}",-0.175,-7.032618488086127e-06,-3.167195411693476e-07,-7.032618488136386e-06,-3.167195411422846e-07,-7.0323782198768244e-06,-3.1660784057617397e-07,-2.4026820930223854e-10,-1.1170059317361767e-10,UNQUALIFIED_DIAGNOSTIC
LW-FINAL,22,bottom,-3,0,s,"{""alpha"":{""imag"":0.0,""real"":-4.489356590207668},""beta"":{""imag"":4.483064829471781e-05,""real"":7.771445786441615},""classification"":""propagating"",""e_vector"":[{""imag"":0.0,""real"":-0.0},{""imag"":0.0,""real"":-1.0},{""imag"":0.0,""real"":0.0}],""electric_tangential_norm_sq"":1.0,""gamma"":{""imag"":0.0,""real"":0.0},""h_vector"":[{""imag"":-4.994513494683011e-06,""real"":-0.8658048083180055},{""imag"":0.0,""real"":0.0},{""imag"":-0.0,""real"":0.5001523048436087}],""k_vector"":[{""imag"":0.0,""real"":-4.489356590207668},{""imag"":0.0,""real"":0.0},{""imag"":-4.483064829471781e-05,""real"":-7.771445786441615}],""m"":-3,""mode_index"":22,""n"":0,""polarization"":""s"",""power_per_unit_amplitude"":0.6363665341137341,""projection_denominator"":1.469976934812407,""propagating"":true,""rayleigh_tolerance"":1e-06,""rayleigh_warning"":false,""refractive_index"":{""imag"":4.32477054e-06,""real"":0.999885140474},""schema"":""fullspace-dtn.mode.v1"",""side"":""bottom"",""traction_vector"":[{""imag"":0.0,""real"":-0.0},{""imag"":-7.771445786441615,""real"":4.483064829471781e-05},{""imag"":0.0,""real"":0.0}],""vertical_sign"":-1}",-0.175,2.2501303042806073e-05,-3.553610637724863e-05,2.250130304301023e-05,-3.553610637773247e-05,2.2500825790873014e-05,-3.5535196088581886e-05,4.77251933058456e-10,-9.102886667440081e-10,UNQUALIFIED_DIAGNOSTIC
LW-FINAL,23,bottom,-3,0,p,"{""alpha"":{""imag"":0.0,""real"":-4.489356590207668},""beta"":{""imag"":4.483064829471781e-05,""real"":7.771445786441615},""classification"":""propagating"",""e_vector"":[{""imag"":-1.2498197897239332e-06,""real"":-0.8659042656715219},{""imag"":0.0,""real"":0.0},{""imag"":-2.163540931475541e-06,""real"":0.5002097586869129}],""electric_tangential_norm_sq"":0.7497901973096996,""gamma"":{""imag"":0.0,""real"":0.0},""h_vector"":[{""imag"":0.0,""real"":0.0},{""imag"":4.324770539973001e-06,""real"":0.999885140467758},{""imag"":0.0,""real"":0.0}],""k_vector"":[{""imag"":0.0,""real"":-4.489356590207668},{""imag"":0.0,""real"":0.0},{""imag"":-4.483064829471781e-05,""real"":-7.771445786441615}],""m"":-3,""mode_index"":23,""n"":0,""polarization"":""p"",""power_per_unit_amplitude"":0.6363665341137341,""projection_denominator"":1.1021742959937022,""propagating"":true,""rayleigh_tolerance"":1e-06,""rayleigh_warning"":false,""refractive_index"":{""imag"":4.32477054e-06,""real"":0.999885140474},""schema"":""fullspace-dtn.mode.v1"",""side"":""bottom"",""traction_vector"":[{""imag"":-8.97494803350602,""real"":3.881904959097355e-05},{""imag"":0.0,""real"":0.0},{""imag"":0.0,""real"":0.0}],""vertical_sign"":-1}",-0.175,-1.8580945151309155e-10,-7.433724090685316e-11,-1.8580945151309155e-10,-7.433724090685316e-11,9.921735257066193e-16,7.637390319947128e-17,-1.8581044368661725e-10,-7.433731728075635e-11,UNQUALIFIED_DIAGNOSTIC
LW-FINAL,24,bottom,-3,1,s,"{""alpha"":{""imag"":0.0,""real"":-4.489356590207668},""beta"":{""imag"":7.026217474247436e-05,""real"":4.958556350844336},""classification"":""propagating"",""e_vector"":[{""imag"":0.0,""real"":-0.7999122734807461},{""imag"":0.0,""real"":-0.6001169508811294},{""imag"":0.0,""real"":0.0}],""electric_tangential_norm_sq"":0.9999999999999998,""gamma"":{""imag"":0.0,""real"":5.983986006837701},""h_vector"":[{""imag"":-4.697595885702236e-06,""real"":-0.3315196832168072},{""imag"":6.261553850976274e-06,""real"":0.4418916398148882},{""imag"":-0.0,""real"":0.8334247251460797}],""k_vector"":[{""imag"":0.0,""real"":-4.489356590207668},{""imag"":0.0,""real"":5.983986006837701},{""imag"":-7.026217474247436e-05,""real"":-4.958556350844336}],""m"":-3,""mode_index"":24,""n"":1,""polarization"":""s"",""power_per_unit_amplitude"":0.4060324688489237,""projection_denominator"":1.4699638505555863,""propagating"":true,""rayleigh_tolerance"":1e-06,""rayleigh_warning"":false,""refractive_index"":{""imag"":4.32477054e-06,""real"":0.999885140474},""schema"":""fullspace-dtn.mode.v1"",""side"":""bottom"",""traction_vector"":[{""imag"":-3.9664100837862852,""real"":5.620357593795412e-05},{""imag"":-2.975713718040963,""real"":4.216552206873081e-05},{""imag"":0.0,""real"":0.0}],""vertical_sign"":-1}",-0.175,-9.549566259188383e-06,-4.361654241501474e-07,-9.549566259221426e-06,-4.3616542413834625e-07,-9.549378700351722e-06,-4.3615840435813124e-07,-1.8755883666143858e-10,-7.019792016143077e-12,UNQUALIFIED_DIAGNOSTIC
LW-FINAL,25,bottom,-3,1,p,"{""alpha"":{""imag"":0.0,""real"":-4.489356590207668},""beta"":{""imag"":7.026217474247436e-05,""real"":4.958556350844336},""classification"":""propagating"",""e_vector"":[{""imag"":-3.264059536059784e-06,""real"":-0.33155776578462687},{""imag"":4.350754099567616e-06,""real"":0.4419424011095991},{""imag"":-3.605198833694458e-06,""real"":0.8335204628602758}],""electric_tangential_norm_sq"":0.30524363798019444,""gamma"":{""imag"":0.0,""real"":5.983986006837701},""h_vector"":[{""imag"":3.4594370347866507e-06,""real"":0.7998203959021161},{""imag"":2.595368109614824e-06,""real"":0.6000480217070564},{""imag"":0.0,""real"":-4.9475295044988036e-17}],""k_vector"":[{""imag"":0.0,""real"":-4.489356590207668},{""imag"":0.0,""real"":5.983986006837701},{""imag"":-7.026217474247436e-05,""real"":-4.958556350844336}],""m"":-3,""mode_index"":25,""n"":1,""polarization"":""p"",""power_per_unit_amplitude"":0.4060324688489239,""projection_denominator"":0.4486971134429621,""propagating"":true,""rayleigh_tolerance"":1e-06,""rayleigh_warning"":false,""refractive_index"":{""imag"":4.32477054e-06,""real"":0.999885140474},""schema"":""fullspace-dtn.mode.v1"",""side"":""bottom"",""traction_vector"":[{""imag"":-5.386018447988506,""real"":2.3295969675791888e-05},{""imag"":7.179171085592479,""real"":-3.105183421154914e-05},{""imag"":0.0,""real"":0.0}],""vertical_sign"":-1}",-0.175,7.032309147155935e-06,3.166347683774641e-07,7.032309147202329e-06,3.1663476839292867e-07,7.0323782197460426e-06,3.16607841783482e-07,-6.907259010736206e-11,2.692659398211937e-11,UNQUALIFIED_DIAGNOSTIC
LW-FINAL,26,bottom,-2,-1,s,"{""alpha"":{""imag"":0.0,""real"":-0.0013670850793925382},""beta"":{""imag"":5.2086008415877786e-05,""real"":6.68891634028968},""classification"":""propagating"",""e_vector"":[{""imag"":-0.0,""real"":0.9999999739036398},{""imag"":0.0,""real"":-0.00022845725945122052},{""imag"":0.0,""real"":0.0}],""electric_tangential_norm_sq"":0.9999999999999997,""gamma"":{""imag"":0.0,""real"":-5.983986006837701},""h_vector"":[{""imag"":-1.3256968097683348e-09,""real"":-0.0001702467768758063},{""imag"":-5.802821842286574e-06,""real"":-0.7452018501926205},{""imag"":-0.0,""real"":0.6666666840642403}],""k_vector"":[{""imag"":0.0,""real"":-0.0013670850793925382},{""imag"":0.0,""real"":-5.983986006837701},{""imag"":-5.2086008415877786e-05,""real"":-6.68891634028968}],""m"":-2,""mode_index"":26,""n"":-1,""polarization"":""s"",""power_per_unit_amplitude"":0.5477233741851624,""projection_denominator"":1.4699732019929355,""propagating"":true,""rayleigh_tolerance"":1e-06,""rayleigh_warning"":false,""refractive_index"":{""imag"":4.32477054e-06,""real"":0.999885140474},""schema"":""fullspace-dtn.mode.v1"",""side"":""bottom"",""traction_vector"":[{""imag"":6.68891616573331,""real"":-5.208600705662255e-05},{""imag"":-0.0015281314958010678,""real"":1.1899426738444647e-08},{""imag"":0.0,""real"":0.0}],""vertical_sign"":-1}",-0.175,-8.169512843253987e-09,-2.0276108023066904e-09,-8.169512843244767e-09,-2.0276108023015044e-09,-8.318854379968599e-09,-1.6920271814008964e-09,1.4934153671461155e-10,-3.35583620905794e-10,UNQUALIFIED_DIAGNOSTIC
LW-FINAL,27,bottom,-2,-1,p,"{""alpha"":{""imag"":0.0,""real"":-0.0013670850793925382},""beta"":{""imag"":5.2086008415877786e-05,""real"":6.68891634028968},""classification"":""propagating"",""e_vector"":[{""imag"":-5.894016846993088e-10,""real"":-0.0001702663335861758},{""imag"":-2.5799209477250923e-06,""real"":-0.7452874535562701},{""imag"":-2.8838428707480877e-06,""real"":0.6667432658572671}],""electric_tangential_norm_sq"":0.5554534174256699,""gamma"":{""imag"":0.0,""real"":-5.983986006837701},""h_vector"":[{""imag"":-4.32477042707448e-06,""real"":-0.999885114365667},{""imag"":9.880252253089822e-10,""real"":0.0002284310189552686},{""imag"":-4.6077459161158685e-26,""real"":2.4157858908685565e-20}],""k_vector"":[{""imag"":0.0,""real"":-0.0013670850793925382},{""imag"":0.0,""real"":-5.983986006837701},{""imag"":-5.2086008415877786e-05,""real"":-6.68891634028968}],""m"":-2,""mode_index"":27,""n"":-1,""polarization"":""p"",""power_per_unit_amplitude"":0.547723374185163,""projection_denominator"":0.8165016385711308,""propagating"":true,""rayleigh_tolerance"":1e-06,""rayleigh_warning"":false,""refractive_index"":{""imag"":4.32477054e-06,""real"":0.999885140474},""schema"":""fullspace-dtn.mode.v1"",""side"":""bottom"",""traction_vector"":[{""imag"":-0.0020503920314340076,""real"":8.868493683977426e-09},{""imag"":-8.974947799214199,""real"":3.8819048577598794e-05},{""imag"":0.0,""real"":0.0}],""vertical_sign"":-1}",-0.175,-1.6497430269712178e-05,-2.8045687607327174e-06,-1.6497430269669687e-05,-2.8045687607327174e-06,-1.649730512294347e-05,-2.8045120940932605e-06,-1.2514676870755553e-10,-5.666663945687393e-11,UNQUALIFIED_DIAGNOSTIC
LW-FINAL,28,bottom,-2,0,s,"{""alpha"":{""imag"":0.0,""real"":-0.0013670850793925382},""beta"":{""imag"":3.8819050041557536e-05,""real"":8.97494792944325},""classification"":""propagating"",""e_vector"":[{""imag"":0.0,""real"":-0.0},{""imag"":0.0,""real"":-1.0},{""imag"":0.0,""real"":0.0}],""electric_tangential_norm_sq"":1.0,""gamma"":{""imag"":0.0,""real"":0.0},""h_vector"":[{""imag"":-4.324770590171869e-06,""real"":-0.9998851288742849},{""imag"":0.0,""real"":0.0},{""imag"":-0.0,""real"":0.00015230484360874904}],""k_vector"":[{""imag"":0.0,""real"":-0.0013670850793925382},{""imag"":0.0,""real"":0.0},{""imag"":-3.8819050041557536e-05,""real"":-8.97494792944325}],""m"":-2,""mode_index"":28,""n"":0,""polarization"":""s"",""power_per_unit_amplitude"":0.7349155697225994,""projection_denominator"":1.4699800277344321,""propagating"":true,""rayleigh_tolerance"":1e-06,""rayleigh_warning"":false,""refractive_index"":{""imag"":4.32477054e-06,""real"":0.999885140474},""schema"":""fullspace-dtn.mode.v1"",""side"":""bottom"",""traction_vector"":[{""imag"":0.0,""real"":-0.0},{""imag"":-8.97494792944325,""real"":3.8819050041557536e-05},{""imag"":0.0,""real"":0.0}],""vertical_sign"":-1}",-0.175,-3.2978851621131695e-06,-1.607466706487817e-05,-3.2978851623728423e-06,-1.6074667064569572e-05,-3.2981256979544157e-06,-1.607450770976354e-05,2.405358412462193e-10,-1.593551146311515e-10,UNQUALIFIED_DIAGNOSTIC
LW-FINAL,29,bottom,-2,0,p,"{""alpha"":{""imag"":0.0,""real"":-0.0013670850793925382},""beta"":{""imag"":3.8819050041557536e-05,""real"":8.97494792944325},""classification"":""propagating"",""e_vector"":[{""imag"":-1.0035526433266723e-13,""real"":-0.9999999883989524},{""imag"":0.0,""real"":0.0},{""imag"":-6.588348389489128e-10,""real"":0.00015232233927758835}],""electric_tangential_norm_sq"":0.999999976797905,""gamma"":{""imag"":0.0,""real"":0.0},""h_vector"":[{""imag"":0.0,""real"":0.0},{""imag"":4.324770539999998e-06,""real"":0.9998851404740002},{""imag"":0.0,""real"":0.0}],""k_vector"":[{""imag"":0.0,""real"":-0.0013670850793925382},{""imag"":0.0,""real"":0.0},{""imag"":-3.8819050041557536e-05,""real"":-8.97494792944325}],""m"":-2,""mode_index"":29,""n"":0,""polarization"":""p"",""power_per_unit_amplitude"":0.7349155697225995,""projection_denominator"":1.469979993627816,""propagating"":true,""rayleigh_tolerance"":1e-06,""rayleigh_warning"":false,""refractive_index"":{""imag"":4.32477054e-06,""real"":0.999885140474},""schema"":""fullspace-dtn.mode.v1"",""side"":""bottom"",""traction_vector"":[{""imag"":-8.97494803356205,""real"":3.881904959121588e-05},{""imag"":0.0,""real"":0.0},{""imag"":0.0,""real"":0.0}],""vertical_sign"":-1}",-0.175,1.2048377605856034e-10,5.37350199436902e-12,1.2048377605856034e-10,5.37350199436902e-12,5.901173302659412e-17,-1.6734047403331803e-16,1.2048371704682732e-10,5.3736693348430535e-12,UNQUALIFIED_DIAGNOSTIC
LW-FINAL,30,bottom,-2,1,s,"{""alpha"":{""imag"":0.0,""real"":-0.0013670850793925382},""beta"":{""imag"":5.2086008415877786e-05,""real"":6.68891634028968},""classification"":""propagating"",""e_vector"":[{""imag"":0.0,""real"":-0.9999999739036398},{""imag"":0.0,""real"":-0.00022845725945122052},{""imag"":0.0,""real"":0.0}],""electric_tangential_norm_sq"":0.9999999999999997,""gamma"":{""imag"":0.0,""real"":5.983986006837701},""h_vector"":[{""imag"":-1.3256968097683348e-09,""real"":-0.0001702467768758063},{""imag"":5.802821842286574e-06,""real"":0.7452018501926205},{""imag"":-0.0,""real"":0.6666666840642403}],""k_vector"":[{""imag"":0.0,""real"":-0.0013670850793925382},{""imag"":0.0,""real"":5.983986006837701},{""imag"":-5.2086008415877786e-05,""real"":-6.68891634028968}],""m"":-2,""mode_index"":30,""n"":1,""polarization"":""s"",""power_per_unit_amplitude"":0.5477233741851624,""projection_denominator"":1.4699732019929355,""propagating"":true,""rayleigh_tolerance"":1e-06,""rayleigh_warning"":false,""refractive_index"":{""imag"":4.32477054e-06,""real"":0.999885140474},""schema"":""fullspace-dtn.mode.v1"",""side"":""bottom"",""traction_vector"":[{""imag"":-6.68891616573331,""real"":5.208600705662255e-05},{""imag"":-0.0015281314958010678,""real"":1.1899426738444647e-08},{""imag"":0.0,""real"":0.0}],""vertical_sign"":-1}",-0.175,-8.463356279576253e-09,-1.3594323094805458e-09,-8.463356279571644e-09,-1.3594323094842912e-09,-8.318854144220389e-09,-1.6920271921818259e-09,-1.4450213535586402e-10,3.325948827012801e-10,UNQUALIFIED_DIAGNOSTIC
LW-FINAL,31,bottom,-2,1,p,"{""alpha"":{""imag"":0.0,""real"":-0.0013670850793925382},""beta"":{""imag"":5.2086008415877786e-05,""real"":6.68891634028968},""classification"":""propagating"",""e_vector"":[{""imag"":-5.894016846993088e-10,""real"":-0.0001702663335861758},{""imag"":2.5799209477250923e-06,""real"":0.7452874535562701},{""imag"":-2.8838428707480877e-06,""real"":0.6667432658572671}],""electric_tangential_norm_sq"":0.5554534174256699,""gamma"":{""imag"":0.0,""real"":5.983986006837701},""h_vector"":[{""imag"":4.32477042707448e-06,""real"":0.999885114365667},{""imag"":9.880252253089822e-10,""real"":0.0002284310189552686},{""imag"":4.6077459161158685e-26,""real"":-2.4157858908685565e-20}],""k_vector"":[{""imag"":0.0,""real"":-0.0013670850793925382},{""imag"":0.0,""real"":5.983986006837701},{""imag"":-5.2086008415877786e-05,""real"":-6.68891634028968}],""m"":-2,""mode_index"":31,""n"":1,""polarization"":""p"",""power_per_unit_amplitude"":0.547723374185163,""projection_denominator"":0.8165016385711308,""propagating"":true,""rayleigh_tolerance"":1e-06,""rayleigh_warning"":false,""refractive_index"":{""imag"":4.32477054e-06,""real"":0.999885140474},""schema"":""fullspace-dtn.mode.v1"",""side"":""bottom"",""traction_vector"":[{""imag"":-0.0020503920314340076,""real"":8.868493683977426e-09},{""imag"":8.974947799214199,""real"":-3.8819048577598794e-05},{""imag"":0.0,""real"":0.0}],""vertical_sign"":-1}",-0.175,1.6497501465976082e-05,2.804462834092913e-06,1.649750146594209e-05,2.804462834126906e-06,1.6497305123386963e-05,2.8045120944097438e-06,1.9634258911912453e-10,-4.9260316830946244e-11,UNQUALIFIED_DIAGNOSTIC
LW-FINAL,32,bottom,-1,-1,s,"{""alpha"":{""imag"":0.0,""real"":4.486622420048883},""beta"":{""imag"":7.022713479206063e-05,""real"":4.961030431115042},""classification"":""propagating"",""e_vector"":[{""imag"":-0.0,""real"":0.8000877286570669},{""imag"":0.0,""real"":0.5998830106382207},{""imag"":0.0,""real"":0.0}],""electric_tangential_norm_sq"":0.9999999999999999,""gamma"":{""imag"":0.0,""real"":-5.983986006837701},""h_vector"":[{""imag"":4.693422856650971e-06,""real"":0.3315557965860328},{""imag"":-6.259803939121232e-06,""real"":-0.4422090966226506},{""imag"":0.0,""real"":0.8332419593357027}],""k_vector"":[{""imag"":0.0,""real"":4.486622420048883},{""imag"":0.0,""real"":-5.983986006837701},{""imag"":-7.022713479206063e-05,""real"":-4.961030431115042}],""m"":-1,""mode_index"":32,""n"":-1,""polarization"":""s"",""power_per_unit_amplitude"":0.4062350594517862,""projection_denominator"":1.469963868583197,""propagating"":true,""rayleigh_tolerance"":1e-06,""rayleigh_warning"":false,""refractive_index"":{""imag"":4.32477054e-06,""real"":0.999885140474},""schema"":""fullspace-dtn.mode.v1"",""side"":""bottom"",""traction_vector"":[{""imag"":3.9692595694294237,""real"":-5.6187868765873466e-05},{""imag"":2.9760378708851216,""real"":-4.212806504755746e-05},{""imag"":0.0,""real"":-0.0}],""vertical_sign"":-1}",-0.175,1.347914350552795e-06,-2.8617389959831618e-05,1.3479143505598759e-06,-2.8617389959841057e-05,1.3478982120230951e-06,-2.8617351950530372e-05,1.613852969998384e-11,-3.80093012457023e-11,UNQUALIFIED_DIAGNOSTIC
LW-FINAL,33,bottom,-1,-1,p,"{""alpha"":{""imag"":0.0,""real"":4.486622420048883},""beta"":{""imag"":7.022713479206063e-05,""real"":4.961030431115042},""classification"":""propagating"",""e_vector"":[{""imag"":3.259729809722286e-06,""real"":0.3315938833022934},{""imag"":-4.347630743403933e-06,""real"":-0.4422598943844885},{""imag"":-3.604408231896424e-06,""real"":0.8333376760551552}],""electric_tangential_norm_sq"":0.3055483176540016,""gamma"":{""imag"":0.0,""real"":-5.983986006837701},""h_vector"":[{""imag"":-3.4601958381644716e-06,""real"":-0.7999958309257797},{""imag"":-2.594356371744373e-06,""real"":-0.5998141083344596},{""imag"":3.7746654544821195e-22,""real"":0.0}],""k_vector"":[{""imag"":0.0,""real"":4.486622420048883},{""imag"":0.0,""real"":-5.983986006837701},{""imag"":-7.022713479206063e-05,""real"":-4.961030431115042}],""m"":-1,""mode_index"":33,""n"":-1,""polarization"":""p"",""power_per_unit_amplitude"":0.4062350594517864,""projection_denominator"":0.4491449870577638,""propagating"":true,""rayleigh_tolerance"":1e-06,""rayleigh_warning"":false,""refractive_index"":{""imag"":4.32477054e-06,""real"":0.999885140474},""schema"":""fullspace-dtn.mode.v1"",""side"":""bottom"",""traction_vector"":[{""imag"":5.383918846465859,""real"":-2.3286888337902835e-05},{""imag"":-7.180745786682548,""real"":3.1058645214741376e-05},{""imag"":0.0,""real"":0.0}],""vertical_sign"":-1}",-0.175,-9.897316938016954e-07,2.1105769623517987e-05,-9.897316937688661e-07,2.1105769623433016e-05,-9.897602625340122e-07,2.110575118169754e-05,2.8568732316814572e-11,1.8441820448267818e-11,UNQUALIFIED_DIAGNOSTIC
LW-FINAL,34,bottom,-1,0,s,"{""alpha"":{""imag"":0.0,""real"":4.486622420048883},""beta"":{""imag"":4.482154253021086e-05,""real"":7.773024602145297},""classification"":""propagating"",""e_vector"":[{""imag"":0.0,""real"":-0.0},{""imag"":0.0,""real"":1.0},{""imag"":0.0,""real"":0.0}],""electric_tangential_norm_sq"":1.0,""gamma"":{""imag"":0.0,""real"":0.0},""h_vector"":[{""imag"":4.993499035480673e-06,""real"":0.865980701744436},{""imag"":0.0,""real"":0.0},{""imag"":0.0,""real"":0.4998476951563912}],""k_vector"":[{""imag"":0.0,""real"":4.486622420048883},{""imag"":0.0,""real"":0.0},{""imag"":-4.482154253021086e-05,""real"":-7.773024602145297}],""m"":-1,""mode_index"":34,""n"":0,""polarization"":""s"",""power_per_unit_amplitude"":0.6364958157821604,""projection_denominator"":1.46997693949725,""propagating"":true,""rayleigh_tolerance"":1e-06,""rayleigh_warning"":false,""refractive_index"":{""imag"":4.32477054e-06,""real"":0.999885140474},""schema"":""fullspace-dtn.mode.v1"",""side"":""bottom"",""traction_vector"":[{""imag"":0.0,""real"":-0.0},{""imag"":7.773024602145297,""real"":-4.482154253021086e-05},{""imag"":0.0,""real"":-0.0}],""vertical_sign"":-1}",-0.175,9.926360303587924e-05,-7.780676795188896e-05,9.926360303535645e-05,-7.780676795173791e-05,9.926308743385664e-05,-7.780678494999836e-05,5.156020225978745e-10,1.6998109395190662e-11,UNQUALIFIED_DIAGNOSTIC
LW-FINAL,35,bottom,-1,0,p,"{""alpha"":{""imag"":0.0,""real"":4.486622420048883},""beta"":{""imag"":4.482154253021086e-05,""real"":7.773024602145297},""classification"":""propagating"",""e_vector"":[{""imag"":1.2480443405020596e-06,""real"":0.8660801793033087},{""imag"":0.0,""real"":0.0},{""imag"":-2.1622232617976723e-06,""real"":0.4999051140083646}],""electric_tangential_norm_sq"":0.750094876983609,""gamma"":{""imag"":0.0,""real"":0.0},""h_vector"":[{""imag"":0.0,""real"":0.0},{""imag"":-4.324770539973044e-06,""real"":-0.9998851404677681},{""imag"":0.0,""real"":0.0}],""k_vector"":[{""imag"":0.0,""real"":4.486622420048883},{""imag"":0.0,""real"":0.0},{""imag"":-4.482154253021086e-05,""real"":-7.773024602145297}],""m"":-1,""mode_index"":35,""n"":0,""polarization"":""p"",""power_per_unit_amplitude"":0.6364958157821605,""projection_denominator"":1.1026221716009317,""propagating"":true,""rayleigh_tolerance"":1e-06,""rayleigh_warning"":false,""refractive_index"":{""imag"":4.32477054e-06,""real"":0.999885140474},""schema"":""fullspace-dtn.mode.v1"",""side"":""bottom"",""traction_vector"":[{""imag"":8.974948033506111,""real"":-3.881904959097394e-05},{""imag"":0.0,""real"":0.0},{""imag"":0.0,""real"":0.0}],""vertical_sign"":-1}",-0.175,2.98142152346308e-10,1.149797781239677e-11,2.98142152346308e-10,1.149797781239677e-11,-3.1369553848747296e-17,3.598636189989576e-16,2.981421837158619e-10,1.1497617948777772e-11,UNQUALIFIED_DIAGNOSTIC
LW-FINAL,36,bottom,-1,1,s,"{""alpha"":{""imag"":0.0,""real"":4.486622420048883},""beta"":{""imag"":7.022713479206063e-05,""real"":4.961030431115042},""classification"":""propagating"",""e_vector"":[{""imag"":0.0,""real"":-0.8000877286570669},{""imag"":0.0,""real"":0.5998830106382207},{""imag"":0.0,""real"":0.0}],""electric_tangential_norm_sq"":0.9999999999999999,""gamma"":{""imag"":0.0,""real"":5.983986006837701},""h_vector"":[{""imag"":4.693422856650971e-06,""real"":0.3315557965860328},{""imag"":6.259803939121232e-06,""real"":0.4422090966226506},{""imag"":0.0,""real"":0.8332419593357027}],""k_vector"":[{""imag"":0.0,""real"":4.486622420048883},{""imag"":0.0,""real"":5.983986006837701},{""imag"":-7.022713479206063e-05,""real"":-4.961030431115042}],""m"":-1,""mode_index"":36,""n"":1,""polarization"":""s"",""power_per_unit_amplitude"":0.4062350594517862,""projection_denominator"":1.469963868583197,""propagating"":true,""rayleigh_tolerance"":1e-06,""rayleigh_warning"":false,""refractive_index"":{""imag"":4.32477054e-06,""real"":0.999885140474},""schema"":""fullspace-dtn.mode.v1"",""side"":""bottom"",""traction_vector"":[{""imag"":-3.9692595694294237,""real"":5.6187868765873466e-05},{""imag"":2.9760378708851216,""real"":-4.212806504755746e-05},{""imag"":0.0,""real"":0.0}],""vertical_sign"":-1}",-0.175,1.3480261653209679e-06,-2.861743289602773e-05,1.3480261653162474e-06,-2.8617432896041304e-05,1.3478982117702708e-06,-2.8617351950484697e-05,1.2795355069706888e-10,-8.09455430336942e-11,UNQUALIFIED_DIAGNOSTIC
LW-FINAL,37,bottom,-1,1,p,"{""alpha"":{""imag"":0.0,""real"":4.486622420048883},""beta"":{""imag"":7.022713479206063e-05,""real"":4.961030431115042},""classification"":""propagating"",""e_vector"":[{""imag"":3.259729809722286e-06,""real"":0.3315938833022934},{""imag"":4.347630743403933e-06,""real"":0.4422598943844885},{""imag"":-3.604408231896424e-06,""real"":0.8333376760551552}],""electric_tangential_norm_sq"":0.3055483176540016,""gamma"":{""imag"":0.0,""real"":5.983986006837701},""h_vector"":[{""imag"":3.4601958381644716e-06,""real"":0.7999958309257797},{""imag"":-2.594356371744373e-06,""real"":-0.5998141083344596},{""imag"":-3.7746654544821195e-22,""real"":0.0}],""k_vector"":[{""imag"":0.0,""real"":4.486622420048883},{""imag"":0.0,""real"":5.983986006837701},{""imag"":-7.022713479206063e-05,""real"":-4.961030431115042}],""m"":-1,""mode_index"":37,""n"":1,""polarization"":""p"",""power_per_unit_amplitude"":0.4062350594517864,""projection_denominator"":0.4491449870577638,""propagating"":true,""rayleigh_tolerance"":1e-06,""rayleigh_warning"":false,""refractive_index"":{""imag"":4.32477054e-06,""real"":0.999885140474},""schema"":""fullspace-dtn.mode.v1"",""side"":""bottom"",""traction_vector"":[{""imag"":5.383918846465859,""real"":-2.3286888337902835e-05},{""imag"":7.180745786682548,""real"":-3.1058645214741376e-05},{""imag"":0.0,""real"":-0.0}],""vertical_sign"":-1}",-0.175,9.898985022105488e-07,-2.110589506554984e-05,9.89898502171926e-07,-2.1105895065555634e-05,9.897602624415658e-07,-2.110575118164611e-05,1.3823976898300805e-10,-1.4388390373021288e-10,UNQUALIFIED_DIAGNOSTIC
LW-FINAL,38,bottom,0,0,s,"{""alpha"":{""imag"":0.0,""real"":8.97461192517716},""beta"":{""imag"":0.004478058289365571,""real"":0.07780134385941416},""classification"":""propagating"",""e_vector"":[{""imag"":0.0,""real"":-0.0},{""imag"":0.0,""real"":1.0},{""imag"":0.0,""real"":0.0}],""electric_tangential_norm_sq"":1.0,""gamma"":{""imag"":0.0,""real"":0.0},""h_vector"":[{""imag"":0.0004988935785443173,""real"":0.008667727918092628},{""imag"":0.0,""real"":0.0},{""imag"":0.0,""real"":0.9998476951563912}],""k_vector"":[{""imag"":0.0,""real"":8.97461192517716},{""imag"":0.0,""real"":0.0},{""imag"":-0.004478058289365571,""real"":-0.07780134385941416}],""m"":0,""mode_index"":38,""n"":0,""polarization"":""s"",""power_per_unit_amplitude"":0.006370780019798082,""projection_denominator"":1.467697843589745,""propagating"":true,""rayleigh_tolerance"":1e-06,""rayleigh_warning"":false,""refractive_index"":{""imag"":4.32477054e-06,""real"":0.999885140474},""schema"":""fullspace-dtn.mode.v1"",""side"":""bottom"",""traction_vector"":[{""imag"":0.0,""real"":-0.0},{""imag"":0.07780134385941416,""real"":-0.004478058289365571},{""imag"":0.0,""real"":-0.0}],""vertical_sign"":-1}",-0.175,1.3197257843971952,-0.16439099036416033,-0.015871142284967985,-0.13888113956549855,1.3197240512671184,-0.16439467913781666,1.7331300767864377e-06,3.6887736563351314e-06,UNQUALIFIED_DIAGNOSTIC
LW-FINAL,39,bottom,0,0,p,"{""alpha"":{""imag"":0.0,""real"":8.97461192517716},""beta"":{""imag"":0.004478058289365571,""real"":0.07780134385941416},""classification"":""propagating"",""e_vector"":[{""imag"":0.0004989132690542871,""real"":0.00866872360357703},{""imag"":0.0,""real"":0.0},{""imag"":-4.325104281798984e-06,""real"":0.9999623014383734}],""electric_tangential_norm_sq"":7.539568336525196e-05,""gamma"":{""imag"":0.0,""real"":0.0},""h_vector"":[{""imag"":0.0,""real"":0.0},{""imag"":-4.324769463421086e-06,""real"":-0.999884891569405},{""imag"":0.0,""real"":0.0}],""k_vector"":[{""imag"":0.0,""real"":8.97461192517716},{""imag"":0.0,""real"":0.0},{""imag"":-0.004478058289365571,""real"":-0.07780134385941416}],""m"":0,""mode_index"":39,""n"":0,""polarization"":""p"",""power_per_unit_amplitude"":0.0063707800197980845,""projection_denominator"":0.00011065808189115553,""propagating"":true,""rayleigh_tolerance"":1e-06,""rayleigh_warning"":false,""refractive_index"":{""imag"":4.32477054e-06,""real"":0.999885140474},""schema"":""fullspace-dtn.mode.v1"",""side"":""bottom"",""traction_vector"":[{""imag"":8.974945799399627,""real"":-3.881903992786616e-05},{""imag"":0.0,""real"":0.0},{""imag"":0.0,""real"":0.0}],""vertical_sign"":-1}",-0.175,4.637865316273238e-07,7.265759975813989e-07,4.6378651626824037e-07,7.265759987600177e-07,-3.7037259666544526e-14,2.295610468684518e-15,4.6378656866458347e-07,7.265759952857884e-07,UNQUALIFIED_DIAGNOSTIC
LCW-FINAL,0,top,-3,-1,s,"{""alpha"":{""imag"":0.0,""real"":-4.489356590207668},""beta"":{""imag"":0.0,""real"":4.960422166357995},""classification"":""propagating"",""e_vector"":[{""imag"":-0.0,""real"":0.7999122734807461},{""imag"":0.0,""real"":-0.6001169508811294},{""imag"":0.0,""real"":0.0}],""electric_tangential_norm_sq"":0.9999999999999998,""gamma"":{""imag"":0.0,""real"":-5.983986006837701},""h_vector"":[{""imag"":0.0,""real"":0.33164442810710654},{""imag"":0.0,""real"":0.44205791568604624},{""imag"":-0.0,""real"":0.8334247251460797}],""k_vector"":[{""imag"":0.0,""real"":-4.489356590207668},{""imag"":0.0,""real"":-5.983986006837701},{""imag"":0.0,""real"":4.960422166357995}],""m"":-3,""mode_index"":0,""n"":-1,""polarization"":""s"",""power_per_unit_amplitude"":0.4061852515594194,""projection_denominator"":1.4699999999999998,""propagating"":true,""rayleigh_tolerance"":1e-06,""rayleigh_warning"":false,""refractive_index"":{""imag"":0.0,""real"":1.0},""schema"":""fullspace-dtn.mode.v1"",""side"":""top"",""traction_vector"":[{""imag"":3.9679025725157118,""real"":0.0},{""imag"":-2.9768334255579263,""real"":0.0},{""imag"":0.0,""real"":0.0}],""vertical_sign"":1}",1.225,-4.1346810837277145e-06,-8.530862133653208e-06,-4.134681083748956e-06,-8.53086213368271e-06,-4.134544516790736e-06,-8.530477664715285e-06,-1.3656693697861868e-10,-3.8446893792298614e-10,UNQUALIFIED_DIAGNOSTIC
LCW-FINAL,1,top,-3,-1,p,"{""alpha"":{""imag"":0.0,""real"":-4.489356590207668},""beta"":{""imag"":0.0,""real"":4.960422166357995},""classification"":""propagating"",""e_vector"":[{""imag"":0.0,""real"":0.3316444281071066},{""imag"":0.0,""real"":0.44205791568604635},{""imag"":-0.0,""real"":0.8334247251460798}],""electric_tangential_norm_sq"":0.30540322751518145,""gamma"":{""imag"":0.0,""real"":-5.983986006837701},""h_vector"":[{""imag"":0.0,""real"":-0.7999122734807462},{""imag"":0.0,""real"":0.6001169508811294},{""imag"":0.0,""real"":-2.4737647522494018e-17}],""k_vector"":[{""imag"":0.0,""real"":-4.489356590207668},{""imag"":0.0,""real"":-5.983986006837701},{""imag"":0.0,""real"":4.960422166357995}],""m"":-3,""mode_index"":1,""n"":-1,""polarization"":""p"",""power_per_unit_amplitude"":0.4061852515594195,""projection_denominator"":0.44894274444731674,""propagating"":true,""rayleigh_tolerance"":1e-06,""rayleigh_warning"":false,""refractive_index"":{""imag"":0.0,""real"":1.0},""schema"":""fullspace-dtn.mode.v1"",""side"":""top"",""traction_vector"":[{""imag"":5.38663715480818,""real"":0.0},{""imag"":7.179995776809777,""real"":0.0},{""imag"":-0.0,""real"":0.0}],""vertical_sign"":1}",1.225,3.0470647949313568e-06,6.280100946511512e-06,3.0470647949081726e-06,6.280100946552084e-06,3.0469597078748646e-06,6.279864279230611e-06,1.0508705649215887e-10,2.3666728090125883e-10,UNQUALIFIED_DIAGNOSTIC
LCW-FINAL,2,top,-3,0,s,"{""alpha"":{""imag"":0.0,""real"":-4.489356590207668},""beta"":{""imag"":0.0,""real"":7.772636399480241},""classification"":""propagating"",""e_vector"":[{""imag"":0.0,""real"":-0.0},{""imag"":0.0,""real"":-1.0},{""imag"":0.0,""real"":0.0}],""electric_tangential_norm_sq"":1.0,""gamma"":{""imag"":0.0,""real"":0.0},""h_vector"":[{""imag"":0.0,""real"":0.8659374526832905},{""imag"":0.0,""real"":0.0},{""imag"":-0.0,""real"":0.5001523048436087}],""k_vector"":[{""imag"":0.0,""real"":-4.489356590207668},{""imag"":0.0,""real"":0.0},{""imag"":0.0,""real"":7.772636399480241}],""m"":-3,""mode_index"":2,""n"":0,""polarization"":""s"",""power_per_unit_amplitude"":0.6364640277222186,""projection_denominator"":1.47,""propagating"":true,""rayleigh_tolerance"":1e-06,""rayleigh_warning"":false,""refractive_index"":{""imag"":0.0,""real"":1.0},""schema"":""fullspace-dtn.mode.v1"",""side"":""top"",""traction_vector"":[{""imag"":0.0,""real"":0.0},{""imag"":-7.772636399480241,""real"":0.0},{""imag"":0.0,""real"":0.0}],""vertical_sign"":1}",1.225,-4.174534067364012e-05,-1.1429590254470731e-05,-4.1745340673883215e-05,-1.1429590254575758e-05,-4.174435527054871e-05,-1.1429406449091863e-05,-9.854030914068835e-10,-1.838053788677036e-10,UNQUALIFIED_DIAGNOSTIC
LCW-FINAL,3,top,-3,0,p,"{""alpha"":{""imag"":0.0,""real"":-4.489356590207668},""beta"":{""imag"":0.0,""real"":7.772636399480241},""classification"":""propagating"",""e_vector"":[{""imag"":0.0,""real"":0.8659374526832905},{""imag"":0.0,""real"":0.0},{""imag"":-0.0,""real"":0.5001523048436087}],""electric_tangential_norm_sq"":0.749847671959626,""gamma"":{""imag"":0.0,""real"":0.0},""h_vector"":[{""imag"":0.0,""real"":0.0},{""imag"":0.0,""real"":1.0},{""imag"":0.0,""real"":0.0}],""k_vector"":[{""imag"":0.0,""real"":-4.489356590207668},{""imag"":0.0,""real"":0.0},{""imag"":0.0,""real"":7.772636399480241}],""m"":-3,""mode_index"":3,""n"":0,""polarization"":""p"",""power_per_unit_amplitude"":0.6364640277222186,""projection_denominator"":1.1022760777806502,""propagating"":true,""rayleigh_tolerance"":1e-06,""rayleigh_warning"":false,""refractive_index"":{""imag"":0.0,""real"":1.0},""schema"":""fullspace-dtn.mode.v1"",""side"":""top"",""traction_vector"":[{""imag"":8.975979010256552,""real"":0.0},{""imag"":0.0,""real"":-0.0},{""imag"":0.0,""real"":0.0}],""vertical_sign"":1}",1.225,-1.182391890032793e-11,-1.5229694145371037e-10,-1.182391890032793e-11,-1.5229694145371037e-10,2.335674126355448e-16,-1.0674968189333025e-16,-1.1824152467740566e-11,-1.5229683470402847e-10,UNQUALIFIED_DIAGNOSTIC
LCW-FINAL,4,top,-3,1,s,"{""alpha"":{""imag"":0.0,""real"":-4.489356590207668},""beta"":{""imag"":0.0,""real"":4.960422166357995},""classification"":""propagating"",""e_vector"":[{""imag"":0.0,""real"":-0.7999122734807461},{""imag"":0.0,""real"":-0.6001169508811294},{""imag"":0.0,""real"":0.0}],""electric_tangential_norm_sq"":0.9999999999999998,""gamma"":{""imag"":0.0,""real"":5.983986006837701},""h_vector"":[{""imag"":0.0,""real"":0.33164442810710654},{""imag"":0.0,""real"":-0.44205791568604624},{""imag"":-0.0,""real"":0.8334247251460797}],""k_vector"":[{""imag"":0.0,""real"":-4.489356590207668},{""imag"":0.0,""real"":5.983986006837701},{""imag"":0.0,""real"":4.960422166357995}],""m"":-3,""mode_index"":4,""n"":1,""polarization"":""s"",""power_per_unit_amplitude"":0.4061852515594194,""projection_denominator"":1.4699999999999998,""propagating"":true,""rayleigh_tolerance"":1e-06,""rayleigh_warning"":false,""refractive_index"":{""imag"":0.0,""real"":1.0},""schema"":""fullspace-dtn.mode.v1"",""side"":""top"",""traction_vector"":[{""imag"":-3.9679025725157118,""real"":0.0},{""imag"":-2.9768334255579263,""real"":0.0},{""imag"":0.0,""real"":0.0}],""vertical_sign"":1}",1.225,-4.1347130247378294e-06,-8.530440258589326e-06,-4.13471302474255e-06,-8.530440258582245e-06,-4.134544517190177e-06,-8.530477664672137e-06,-1.6850754765234636e-10,3.7406082810552605e-11,UNQUALIFIED_DIAGNOSTIC
LCW-FINAL,5,top,-3,1,p,"{""alpha"":{""imag"":0.0,""real"":-4.489356590207668},""beta"":{""imag"":0.0,""real"":4.960422166357995},""classification"":""propagating"",""e_vector"":[{""imag"":0.0,""real"":0.3316444281071066},{""imag"":0.0,""real"":-0.44205791568604635},{""imag"":-0.0,""real"":0.8334247251460798}],""electric_tangential_norm_sq"":0.30540322751518145,""gamma"":{""imag"":0.0,""real"":5.983986006837701},""h_vector"":[{""imag"":0.0,""real"":0.7999122734807462},{""imag"":0.0,""real"":0.6001169508811294},{""imag"":-0.0,""real"":2.4737647522494018e-17}],""k_vector"":[{""imag"":0.0,""real"":-4.489356590207668},{""imag"":0.0,""real"":5.983986006837701},{""imag"":0.0,""real"":4.960422166357995}],""m"":-3,""mode_index"":5,""n"":1,""polarization"":""p"",""power_per_unit_amplitude"":0.4061852515594195,""projection_denominator"":0.44894274444731674,""propagating"":true,""rayleigh_tolerance"":1e-06,""rayleigh_warning"":false,""refractive_index"":{""imag"":0.0,""real"":1.0},""schema"":""fullspace-dtn.mode.v1"",""side"":""top"",""traction_vector"":[{""imag"":5.38663715480818,""real"":0.0},{""imag"":-7.179995776809777,""real"":0.0},{""imag"":0.0,""real"":0.0}],""vertical_sign"":1}",1.225,-3.046973004431459e-06,-6.279853671807737e-06,-3.0469730044082747e-06,-6.279853671788417e-06,-3.0469597082596497e-06,-6.279864279523739e-06,-1.3296171809148684e-11,1.0607716001228185e-11,UNQUALIFIED_DIAGNOSTIC
LCW-FINAL,6,top,-2,-1,s,"{""alpha"":{""imag"":0.0,""real"":-0.0013670850793925382},""beta"":{""imag"":0.0,""real"":6.690299604174327},""classification"":""propagating"",""e_vector"":[{""imag"":-0.0,""real"":0.9999999739036398},{""imag"":0.0,""real"":-0.00022845725945122052},{""imag"":0.0,""real"":0.0}],""electric_tangential_norm_sq"":0.9999999999999997,""gamma"":{""imag"":0.0,""real"":-5.983986006837701},""h_vector"":[{""imag"":0.0,""real"":0.00017028198380708622},{""imag"":0.0,""real"":0.7453559574879883},{""imag"":-0.0,""real"":0.6666666840642403}],""k_vector"":[{""imag"":0.0,""real"":-0.0013670850793925382},{""imag"":0.0,""real"":-5.983986006837701},{""imag"":0.0,""real"":6.690299604174327}],""m"":-2,""mode_index"":6,""n"":-1,""polarization"":""s"",""power_per_unit_amplitude"":0.5478366430502136,""projection_denominator"":1.4699999999999995,""propagating"":true,""rayleigh_tolerance"":1e-06,""rayleigh_warning"":false,""refractive_index"":{""imag"":0.0,""real"":1.0},""schema"":""fullspace-dtn.mode.v1"",""side"":""top"",""traction_vector"":[{""imag"":6.6902994295818585,""real"":0.0},{""imag"":-0.001528447512477252,""real"":0.0},{""imag"":0.0,""real"":0.0}],""vertical_sign"":1}",1.225,-7.161021728639e-09,4.400554602228126e-09,-7.16102172863439e-09,4.400554602226686e-09,-7.195797395900892e-09,4.3342190942694065e-09,3.477566726189166e-11,6.633550795871972e-11,UNQUALIFIED_DIAGNOSTIC
LCW-FINAL,7,top,-2,-1,p,"{""alpha"":{""imag"":0.0,""real"":-0.0013670850793925382},""beta"":{""imag"":0.0,""real"":6.690299604174327},""classification"":""propagating"",""e_vector"":[{""imag"":0.0,""real"":0.00017028198380708627},{""imag"":0.0,""real"":0.7453559574879884},{""imag"":-0.0,""real"":0.6666666840642405}],""electric_tangential_norm_sq"":0.5555555323587901,""gamma"":{""imag"":0.0,""real"":-5.983986006837701},""h_vector"":[{""imag"":0.0,""real"":-0.9999999739036399},{""imag"":0.0,""real"":0.00022845725945122054},{""imag"":0.0,""real"":2.4157858908685565e-20}],""k_vector"":[{""imag"":0.0,""real"":-0.0013670850793925382},{""imag"":0.0,""real"":-5.983986006837701},{""imag"":0.0,""real"":6.690299604174327}],""m"":-2,""mode_index"":7,""n"":-1,""polarization"":""p"",""power_per_unit_amplitude"":0.5478366430502138,""projection_denominator"":0.8166666325674213,""propagating"":true,""rayleigh_tolerance"":1e-06,""rayleigh_warning"":false,""refractive_index"":{""imag"":0.0,""real"":1.0},""schema"":""fullspace-dtn.mode.v1"",""side"":""top"",""traction_vector"":[{""imag"":0.002050627565574891,""real"":0.0},{""imag"":8.975978776016172,""real"":0.0},{""imag"":-0.0,""real"":0.0}],""vertical_sign"":1}",1.225,1.3885129585705912e-05,-8.984059306237575e-06,1.3885129585646435e-05,-8.984059306237575e-06,1.3884985056625193e-05,-8.98399558006467e-06,1.44529080718287e-10,-6.372617290497295e-11,UNQUALIFIED_DIAGNOSTIC
LCW-FINAL,8,top,-2,0,s,"{""alpha"":{""imag"":0.0,""real"":-0.0013670850793925382},""beta"":{""imag"":0.0,""real"":8.975978906149711},""classification"":""propagating"",""e_vector"":[{""imag"":0.0,""real"":-0.0},{""imag"":0.0,""real"":-1.0},{""imag"":0.0,""real"":0.0}],""electric_tangential_norm_sq"":1.0,""gamma"":{""imag"":0.0,""real"":0.0},""h_vector"":[{""imag"":0.0,""real"":0.9999999884016172},{""imag"":0.0,""real"":0.0},{""imag"":-0.0,""real"":0.00015230484360874904}],""k_vector"":[{""imag"":0.0,""real"":-0.0013670850793925382},{""imag"":0.0,""real"":0.0},{""imag"":0.0,""real"":8.975978906149711}],""m"":-2,""mode_index"":8,""n"":0,""polarization"":""s"",""power_per_unit_amplitude"":0.7349999914751887,""projection_denominator"":1.47,""propagating"":true,""rayleigh_tolerance"":1e-06,""rayleigh_warning"":false,""refractive_index"":{""imag"":0.0,""real"":1.0},""schema"":""fullspace-dtn.mode.v1"",""side"":""top"",""traction_vector"":[{""imag"":0.0,""real"":0.0},{""imag"":-8.975978906149711,""real"":0.0},{""imag"":0.0,""real"":0.0}],""vertical_sign"":1}",1.225,3.2665013122475522e-06,1.5792137099380064e-05,3.2665013125702866e-06,1.5792137099257925e-05,3.266661606981309e-06,1.579199203088943e-05,-1.6029473375687924e-10,1.4506849063347258e-10,UNQUALIFIED_DIAGNOSTIC
LCW-FINAL,9,top,-2,0,p,"{""alpha"":{""imag"":0.0,""real"":-0.0013670850793925382},""beta"":{""imag"":0.0,""real"":8.975978906149711},""classification"":""propagating"",""e_vector"":[{""imag"":0.0,""real"":0.9999999884016174},{""imag"":0.0,""real"":0.0},{""imag"":-0.0,""real"":0.00015230484360874907}],""electric_tangential_norm_sq"":0.9999999768032349,""gamma"":{""imag"":0.0,""real"":0.0},""h_vector"":[{""imag"":0.0,""real"":0.0},{""imag"":0.0,""real"":1.0000000000000002},{""imag"":0.0,""real"":0.0}],""k_vector"":[{""imag"":0.0,""real"":-0.0013670850793925382},{""imag"":0.0,""real"":0.0},{""imag"":0.0,""real"":8.975978906149711}],""m"":-2,""mode_index"":9,""n"":0,""polarization"":""p"",""power_per_unit_amplitude"":0.7349999914751889,""projection_denominator"":1.4699999659007554,""propagating"":true,""rayleigh_tolerance"":1e-06,""rayleigh_warning"":false,""refractive_index"":{""imag"":0.0,""real"":1.0},""schema"":""fullspace-dtn.mode.v1"",""side"":""top"",""traction_vector"":[{""imag"":8.975979010256554,""real"":0.0},{""imag"":0.0,""real"":-0.0},{""imag"":0.0,""real"":0.0}],""vertical_sign"":1}",1.225,1.3967254711608758e-10,2.2196087685126086e-11,1.3967254711608758e-10,2.2196087685126086e-11,-2.0122553573612502e-16,1.8658087211231932e-16,1.3967274834162332e-10,2.2195901104253974e-11,UNQUALIFIED_DIAGNOSTIC
LCW-FINAL,10,top,-2,1,s,"{""alpha"":{""imag"":0.0,""real"":-0.0013670850793925382},""beta"":{""imag"":0.0,""real"":6.690299604174327},""classification"":""propagating"",""e_vector"":[{""imag"":0.0,""real"":-0.9999999739036398},{""imag"":0.0,""real"":-0.00022845725945122052},{""imag"":0.0,""real"":0.0}],""electric_tangential_norm_sq"":0.9999999999999997,""gamma"":{""imag"":0.0,""real"":5.983986006837701},""h_vector"":[{""imag"":0.0,""real"":0.00017028198380708622},{""imag"":0.0,""real"":-0.7453559574879883},{""imag"":-0.0,""real"":0.6666666840642403}],""k_vector"":[{""imag"":0.0,""real"":-0.0013670850793925382},{""imag"":0.0,""real"":5.983986006837701},{""imag"":0.0,""real"":6.690299604174327}],""m"":-2,""mode_index"":10,""n"":1,""polarization"":""s"",""power_per_unit_amplitude"":0.5478366430502136,""projection_denominator"":1.4699999999999995,""propagating"":true,""rayleigh_tolerance"":1e-06,""rayleigh_warning"":false,""refractive_index"":{""imag"":0.0,""real"":1.0},""schema"":""fullspace-dtn.mode.v1"",""side"":""top"",""traction_vector"":[{""imag"":-6.6902994295818585,""real"":0.0},{""imag"":-0.001528447512477252,""real"":0.0},{""imag"":0.0,""real"":0.0}],""vertical_sign"":1}",1.225,-7.164982461197809e-09,4.263987196599318e-09,-7.164982461197809e-09,4.26398719660047e-09,-7.195797779243505e-09,4.334218822436149e-09,3.0815318045696406e-11,-7.02316258368311e-11,UNQUALIFIED_DIAGNOSTIC
LCW-FINAL,11,top,-2,1,p,"{""alpha"":{""imag"":0.0,""real"":-0.0013670850793925382},""beta"":{""imag"":0.0,""real"":6.690299604174327},""classification"":""propagating"",""e_vector"":[{""imag"":0.0,""real"":0.00017028198380708627},{""imag"":0.0,""real"":-0.7453559574879884},{""imag"":-0.0,""real"":0.6666666840642405}],""electric_tangential_norm_sq"":0.5555555323587901,""gamma"":{""imag"":0.0,""real"":5.983986006837701},""h_vector"":[{""imag"":0.0,""real"":0.9999999739036399},{""imag"":0.0,""real"":0.00022845725945122054},{""imag"":0.0,""real"":-2.4157858908685565e-20}],""k_vector"":[{""imag"":0.0,""real"":-0.0013670850793925382},{""imag"":0.0,""real"":5.983986006837701},{""imag"":0.0,""real"":6.690299604174327}],""m"":-2,""mode_index"":11,""n"":1,""polarization"":""p"",""power_per_unit_amplitude"":0.5478366430502138,""projection_denominator"":0.8166666325674213,""propagating"":true,""rayleigh_tolerance"":1e-06,""rayleigh_warning"":false,""refractive_index"":{""imag"":0.0,""real"":1.0},""schema"":""fullspace-dtn.mode.v1"",""side"":""top"",""traction_vector"":[{""imag"":0.002050627565574891,""real"":0.0},{""imag"":-8.975978776016172,""real"":0.0},{""imag"":0.0,""real"":0.0}],""vertical_sign"":1}",1.225,-1.3885029729342945e-05,8.983964606848285e-06,-1.3885029729406669e-05,8.983964606848285e-06,-1.3884985056452473e-05,8.983995580305071e-06,-4.4672890471601995e-11,-3.097345678582683e-11,UNQUALIFIED_DIAGNOSTIC
LCW-FINAL,12,top,-1,-1,s,"{""alpha"":{""imag"":0.0,""real"":4.486622420048883},""beta"":{""imag"":0.0,""real"":4.962895316491319},""classification"":""propagating"",""e_vector"":[{""imag"":-0.0,""real"":0.8000877286570669},{""imag"":0.0,""real"":0.5998830106382207},{""imag"":0.0,""real"":0.0}],""electric_tangential_norm_sq"":0.9999999999999999,""gamma"":{""imag"":0.0,""real"":-5.983986006837701},""h_vector"":[{""imag"":0.0,""real"":-0.33168043068474645},{""imag"":0.0,""real"":0.4423753260560312},{""imag"":0.0,""real"":0.8332419593357027}],""k_vector"":[{""imag"":0.0,""real"":4.486622420048883},{""imag"":0.0,""real"":-5.983986006837701},{""imag"":0.0,""real"":4.962895316491319}],""m"":-1,""mode_index"":12,""n"":-1,""polarization"":""s"",""power_per_unit_amplitude"":0.4063877659977793,""projection_denominator"":1.4699999999999998,""propagating"":true,""rayleigh_tolerance"":1e-06,""rayleigh_warning"":false,""refractive_index"":{""imag"":0.0,""real"":1.0},""schema"":""fullspace-dtn.mode.v1"",""side"":""top"",""traction_vector"":[{""imag"":3.9707516413343344,""real"":0.0},{""imag"":2.9771565839391374,""real"":0.0},{""imag"":-0.0,""real"":0.0}],""vertical_sign"":1}",1.225,2.5551090804446908e-05,-1.24209912323985e-05,2.5551090804413867e-05,-1.24209912323985e-05,2.555102944959861e-05,-1.2421186840752343e-05,6.135484829884134e-11,1.9560835384183767e-10,UNQUALIFIED_DIAGNOSTIC
LCW-FINAL,13,top,-1,-1,p,"{""alpha"":{""imag"":0.0,""real"":4.486622420048883},""beta"":{""imag"":0.0,""real"":4.962895316491319},""classification"":""propagating"",""e_vector"":[{""imag"":0.0,""real"":-0.3316804306847465},{""imag"":0.0,""real"":0.4423753260560313},{""imag"":0.0,""real"":0.833241959335703}],""electric_tangential_norm_sq"":0.3057078372023989,""gamma"":{""imag"":0.0,""real"":-5.983986006837701},""h_vector"":[{""imag"":0.0,""real"":-0.8000877286570669},{""imag"":0.0,""real"":-0.5998830106382207},{""imag"":0.0,""real"":-2.4737647522494018e-17}],""k_vector"":[{""imag"":0.0,""real"":4.486622420048883},{""imag"":0.0,""real"":-5.983986006837701},{""imag"":0.0,""real"":4.962895316491319}],""m"":-1,""mode_index"":13,""n"":-1,""polarization"":""p"",""power_per_unit_amplitude"":0.4063877659977795,""projection_denominator"":0.4493905206875264,""propagating"":true,""rayleigh_tolerance"":1e-06,""rayleigh_warning"":false,""refractive_index"":{""imag"":0.0,""real"":1.0},""schema"":""fullspace-dtn.mode.v1"",""side"":""top"",""traction_vector"":[{""imag"":-5.384537312098177,""real"":0.0},{""imag"":7.181570658789672,""real"":0.0},{""imag"":0.0,""real"":0.0}],""vertical_sign"":1}",1.225,1.8842269457966882e-05,-9.158883921725273e-06,1.8842269457874237e-05,-9.158883921752293e-06,1.8842193182604635e-05,-9.15911227089638e-06,7.627536224700561e-11,2.2834917110641504e-10,UNQUALIFIED_DIAGNOSTIC
LCW-FINAL,14,top,-1,0,s,"{""alpha"":{""imag"":0.0,""real"":4.486622420048883},""beta"":{""imag"":0.0,""real"":7.774214973389975},""classification"":""propagating"",""e_vector"":[{""imag"":0.0,""real"":-0.0},{""imag"":0.0,""real"":1.0},{""imag"":0.0,""real"":0.0}],""electric_tangential_norm_sq"":1.0,""gamma"":{""imag"":0.0,""real"":0.0},""h_vector"":[{""imag"":0.0,""real"":-0.8661133191718294},{""imag"":0.0,""real"":0.0},{""imag"":0.0,""real"":0.4998476951563912}],""k_vector"":[{""imag"":0.0,""real"":4.486622420048883},{""imag"":0.0,""real"":0.0},{""imag"":0.0,""real"":7.774214973389975}],""m"":-1,""mode_index"":14,""n"":0,""polarization"":""s"",""power_per_unit_amplitude"":0.6365932895912946,""projection_denominator"":1.47,""propagating"":true,""rayleigh_tolerance"":1e-06,""rayleigh_warning"":false,""refractive_index"":{""imag"":0.0,""real"":1.0},""schema"":""fullspace-dtn.mode.v1"",""side"":""top"",""traction_vector"":[{""imag"":0.0,""real"":-0.0},{""imag"":7.774214973389975,""real"":0.0},{""imag"":-0.0,""real"":0.0}],""vertical_sign"":1}",1.225,-0.00010779859077576402,-7.256373222731092e-05,-0.00010779859077537223,-7.256373222675924e-05,-0.0001077984191275123,-7.256319276933049e-05,-1.7164825171032266e-10,-5.394579804293264e-10,UNQUALIFIED_DIAGNOSTIC
LCW-FINAL,15,top,-1,0,p,"{""alpha"":{""imag"":0.0,""real"":4.486622420048883},""beta"":{""imag"":0.0,""real"":7.774214973389975},""classification"":""propagating"",""e_vector"":[{""imag"":0.0,""real"":-0.8661133191718294},{""imag"":0.0,""real"":0.0},{""imag"":0.0,""real"":0.4998476951563912}],""electric_tangential_norm_sq"":0.7501522816468433,""gamma"":{""imag"":0.0,""real"":0.0},""h_vector"":[{""imag"":0.0,""real"":0.0},{""imag"":0.0,""real"":-1.0},{""imag"":0.0,""real"":0.0}],""k_vector"":[{""imag"":0.0,""real"":4.486622420048883},{""imag"":0.0,""real"":0.0},{""imag"":0.0,""real"":7.774214973389975}],""m"":-1,""mode_index"":15,""n"":0,""polarization"":""p"",""power_per_unit_amplitude"":0.6365932895912946,""projection_denominator"":1.1027238540208597,""propagating"":true,""rayleigh_tolerance"":1e-06,""rayleigh_warning"":false,""refractive_index"":{""imag"":0.0,""real"":1.0},""schema"":""fullspace-dtn.mode.v1"",""side"":""top"",""traction_vector"":[{""imag"":-8.975979010256552,""real"":0.0},{""imag"":0.0,""real"":0.0},{""imag"":0.0,""real"":0.0}],""vertical_sign"":1}",1.225,1.5881882604432267e-10,2.732555172870327e-10,1.5881882604432267e-10,2.732555172870327e-10,-7.512217828146564e-16,7.306111960405604e-16,1.5881957726610548e-10,2.7325478667583667e-10,UNQUALIFIED_DIAGNOSTIC
LCW-FINAL,16,top,-1,1,s,"{""alpha"":{""imag"":0.0,""real"":4.486622420048883},""beta"":{""imag"":0.0,""real"":4.962895316491319},""classification"":""propagating"",""e_vector"":[{""imag"":0.0,""real"":-0.8000877286570669},{""imag"":0.0,""real"":0.5998830106382207},{""imag"":0.0,""real"":0.0}],""electric_tangential_norm_sq"":0.9999999999999999,""gamma"":{""imag"":0.0,""real"":5.983986006837701},""h_vector"":[{""imag"":0.0,""real"":-0.33168043068474645},{""imag"":0.0,""real"":-0.4423753260560312},{""imag"":0.0,""real"":0.8332419593357027}],""k_vector"":[{""imag"":0.0,""real"":4.486622420048883},{""imag"":0.0,""real"":5.983986006837701},{""imag"":0.0,""real"":4.962895316491319}],""m"":-1,""mode_index"":16,""n"":1,""polarization"":""s"",""power_per_unit_amplitude"":0.4063877659977793,""projection_denominator"":1.4699999999999998,""propagating"":true,""rayleigh_tolerance"":1e-06,""rayleigh_warning"":false,""refractive_index"":{""imag"":0.0,""real"":1.0},""schema"":""fullspace-dtn.mode.v1"",""side"":""top"",""traction_vector"":[{""imag"":-3.9707516413343344,""real"":0.0},{""imag"":2.9771565839391374,""real"":0.0},{""imag"":0.0,""real"":0.0}],""vertical_sign"":1}",1.225,2.5551212535081077e-05,-1.242125931519703e-05,2.5551212535096418e-05,-1.2421259315176969e-05,2.5551029449478588e-05,-1.2421186840209803e-05,1.8308560248856613e-10,-7.247498722717143e-11,UNQUALIFIED_DIAGNOSTIC
LCW-FINAL,17,top,-1,1,p,"{""alpha"":{""imag"":0.0,""real"":4.486622420048883},""beta"":{""imag"":0.0,""real"":4.962895316491319},""classification"":""propagating"",""e_vector"":[{""imag"":0.0,""real"":-0.3316804306847465},{""imag"":0.0,""real"":-0.4423753260560313},{""imag"":0.0,""real"":0.833241959335703}],""electric_tangential_norm_sq"":0.3057078372023989,""gamma"":{""imag"":0.0,""real"":5.983986006837701},""h_vector"":[{""imag"":0.0,""real"":0.8000877286570669},{""imag"":0.0,""real"":-0.5998830106382207},{""imag"":0.0,""real"":2.4737647522494018e-17}],""k_vector"":[{""imag"":0.0,""real"":4.486622420048883},{""imag"":0.0,""real"":5.983986006837701},{""imag"":0.0,""real"":4.962895316491319}],""m"":-1,""mode_index"":17,""n"":1,""polarization"":""p"",""power_per_unit_amplitude"":0.4063877659977795,""projection_denominator"":0.4493905206875264,""propagating"":true,""rayleigh_tolerance"":1e-06,""rayleigh_warning"":false,""refractive_index"":{""imag"":0.0,""real"":1.0},""schema"":""fullspace-dtn.mode.v1"",""side"":""top"",""traction_vector"":[{""imag"":-5.384537312098177,""real"":0.0},{""imag"":-7.181570658789672,""real"":0.0},{""imag"":0.0,""real"":0.0}],""vertical_sign"":1}",1.225,-1.8842154816478742e-05,9.159394099995037e-06,-1.8842154816559807e-05,9.159394099983457e-06,-1.884219318237659e-05,9.159112271291004e-06,3.836589784745031e-11,2.81828704033841e-10,UNQUALIFIED_DIAGNOSTIC
LCW-FINAL,18,top,0,0,s,"{""alpha"":{""imag"":0.0,""real"":8.97461192517716},""beta"":{""imag"":0.0,""real"":0.15665243385951635},""classification"":""propagating"",""e_vector"":[{""imag"":0.0,""real"":-0.0},{""imag"":0.0,""real"":1.0},{""imag"":0.0,""real"":0.0}],""electric_tangential_norm_sq"":1.0,""gamma"":{""imag"":0.0,""real"":0.0},""h_vector"":[{""imag"":0.0,""real"":-0.017452406437282755},{""imag"":0.0,""real"":0.0},{""imag"":0.0,""real"":0.9998476951563912}],""k_vector"":[{""imag"":0.0,""real"":8.97461192517716},{""imag"":0.0,""real"":0.0},{""imag"":0.0,""real"":0.15665243385951635}],""m"":0,""mode_index"":18,""n"":0,""polarization"":""s"",""power_per_unit_amplitude"":0.012827518731402825,""projection_denominator"":1.47,""propagating"":true,""rayleigh_tolerance"":1e-06,""rayleigh_warning"":false,""refractive_index"":{""imag"":0.0,""real"":1.0},""schema"":""fullspace-dtn.mode.v1"",""side"":""top"",""traction_vector"":[{""imag"":0.0,""real"":-0.0},{""imag"":0.15665243385951635,""real"":0.0},{""imag"":-0.0,""real"":0.0}],""vertical_sign"":1}",1.225,1.2301146794731626,-0.5354339720181475,-0.03274400429173214,-0.13554443734114427,1.2301124466956983,-0.5354375258627233,2.232777464250546e-06,3.553844575843179e-06,UNQUALIFIED_DIAGNOSTIC
LCW-FINAL,19,top,0,0,p,"{""alpha"":{""imag"":0.0,""real"":8.97461192517716},""beta"":{""imag"":0.0,""real"":0.15665243385951635},""classification"":""propagating"",""e_vector"":[{""imag"":0.0,""real"":-0.01745240643728276},{""imag"":0.0,""real"":0.0},{""imag"":0.0,""real"":0.9998476951563914}],""electric_tangential_norm_sq"":0.0003045864904521087,""gamma"":{""imag"":0.0,""real"":0.0},""h_vector"":[{""imag"":0.0,""real"":0.0},{""imag"":0.0,""real"":-1.0000000000000002},{""imag"":0.0,""real"":0.0}],""k_vector"":[{""imag"":0.0,""real"":8.97461192517716},{""imag"":0.0,""real"":0.0},{""imag"":0.0,""real"":0.15665243385951635}],""m"":0,""mode_index"":19,""n"":0,""polarization"":""p"",""power_per_unit_amplitude"":0.01282751873140283,""projection_denominator"":0.0004477421409645998,""propagating"":true,""rayleigh_tolerance"":1e-06,""rayleigh_warning"":false,""refractive_index"":{""imag"":0.0,""real"":1.0},""schema"":""fullspace-dtn.mode.v1"",""side"":""top"",""traction_vector"":[{""imag"":-8.975979010256554,""real"":0.0},{""imag"":0.0,""real"":0.0},{""imag"":0.0,""real"":0.0}],""vertical_sign"":1}",1.225,5.391980960979427e-07,6.406661832654417e-07,5.391980966293202e-07,6.406661830971788e-07,-3.154010265628375e-14,6.2826313755395736e-15,5.391981276380453e-07,6.406661769828103e-07,UNQUALIFIED_DIAGNOSTIC
LCW-FINAL,20,bottom,-3,-1,s,"{""alpha"":{""imag"":0.0,""real"":-4.489356590207668},""beta"":{""imag"":7.026217474247436e-05,""real"":4.958556350844336},""classification"":""propagating"",""e_vector"":[{""imag"":-0.0,""real"":0.7999122734807461},{""imag"":0.0,""real"":-0.6001169508811294},{""imag"":0.0,""real"":0.0}],""electric_tangential_norm_sq"":0.9999999999999998,""gamma"":{""imag"":0.0,""real"":-5.983986006837701},""h_vector"":[{""imag"":-4.697595885702236e-06,""real"":-0.3315196832168072},{""imag"":-6.261553850976274e-06,""real"":-0.4418916398148882},{""imag"":-0.0,""real"":0.8334247251460797}],""k_vector"":[{""imag"":0.0,""real"":-4.489356590207668},{""imag"":0.0,""real"":-5.983986006837701},{""imag"":-7.026217474247436e-05,""real"":-4.958556350844336}],""m"":-3,""mode_index"":20,""n"":-1,""polarization"":""s"",""power_per_unit_amplitude"":0.4060324688489237,""projection_denominator"":1.4699638505555863,""propagating"":true,""rayleigh_tolerance"":1e-06,""rayleigh_warning"":false,""refractive_index"":{""imag"":4.32477054e-06,""real"":0.999885140474},""schema"":""fullspace-dtn.mode.v1"",""side"":""bottom"",""traction_vector"":[{""imag"":3.9664100837862852,""real"":-5.620357593795412e-05},{""imag"":-2.975713718040963,""real"":4.216552206873081e-05},{""imag"":0.0,""real"":0.0}],""vertical_sign"":-1}",-0.175,-9.54985560029654e-06,-4.361444396283102e-07,-9.549855600295358e-06,-4.361444396117886e-07,-9.549378700067261e-06,-4.3615840469472487e-07,-4.769002292781533e-10,1.3965066414683516e-11,UNQUALIFIED_DIAGNOSTIC
LCW-FINAL,21,bottom,-3,-1,p,"{""alpha"":{""imag"":0.0,""real"":-4.489356590207668},""beta"":{""imag"":7.026217474247436e-05,""real"":4.958556350844336},""classification"":""propagating"",""e_vector"":[{""imag"":-3.264059536059784e-06,""real"":-0.33155776578462687},{""imag"":-4.350754099567616e-06,""real"":-0.4419424011095991},{""imag"":-3.605198833694458e-06,""real"":0.8335204628602758}],""electric_tangential_norm_sq"":0.30524363798019444,""gamma"":{""imag"":0.0,""real"":-5.983986006837701},""h_vector"":[{""imag"":-3.4594370347866507e-06,""real"":-0.7998203959021161},{""imag"":2.595368109614824e-06,""real"":0.6000480217070564},{""imag"":0.0,""real"":4.9475295044988036e-17}],""k_vector"":[{""imag"":0.0,""real"":-4.489356590207668},{""imag"":0.0,""real"":-5.983986006837701},{""imag"":-7.026217474247436e-05,""real"":-4.958556350844336}],""m"":-3,""mode_index"":21,""n"":-1,""polarization"":""p"",""power_per_unit_amplitude"":0.4060324688489239,""projection_denominator"":0.4486971134429621,""propagating"":true,""rayleigh_tolerance"":1e-06,""rayleigh_warning"":false,""refractive_index"":{""imag"":4.32477054e-06,""real"":0.999885140474},""schema"":""fullspace-dtn.mode.v1"",""side"":""bottom"",""traction_vector"":[{""imag"":-5.386018447988506,""real"":2.3295969675791888e-05},{""imag"":-7.179171085592479,""real"":3.105183421154914e-05},{""imag"":0.0,""real"":0.0}],""vertical_sign"":-1}",-0.175,-7.032680515486697e-06,-3.1684153409513464e-07,-7.032680515536956e-06,-3.1684153406807167e-07,-7.0323782198768244e-06,-3.1660784057617397e-07,-3.022956098723873e-10,-2.3369351896067425e-10,UNQUALIFIED_DIAGNOSTIC
LCW-FINAL,22,bottom,-3,0,s,"{""alpha"":{""imag"":0.0,""real"":-4.489356590207668},""beta"":{""imag"":4.483064829471781e-05,""real"":7.771445786441615},""classification"":""propagating"",""e_vector"":[{""imag"":0.0,""real"":-0.0},{""imag"":0.0,""real"":-1.0},{""imag"":0.0,""real"":0.0}],""electric_tangential_norm_sq"":1.0,""gamma"":{""imag"":0.0,""real"":0.0},""h_vector"":[{""imag"":-4.994513494683011e-06,""real"":-0.8658048083180055},{""imag"":0.0,""real"":0.0},{""imag"":-0.0,""real"":0.5001523048436087}],""k_vector"":[{""imag"":0.0,""real"":-4.489356590207668},{""imag"":0.0,""real"":0.0},{""imag"":-4.483064829471781e-05,""real"":-7.771445786441615}],""m"":-3,""mode_index"":22,""n"":0,""polarization"":""s"",""power_per_unit_amplitude"":0.6363665341137341,""projection_denominator"":1.469976934812407,""propagating"":true,""rayleigh_tolerance"":1e-06,""rayleigh_warning"":false,""refractive_index"":{""imag"":4.32477054e-06,""real"":0.999885140474},""schema"":""fullspace-dtn.mode.v1"",""side"":""bottom"",""traction_vector"":[{""imag"":0.0,""real"":-0.0},{""imag"":-7.771445786441615,""real"":4.483064829471781e-05},{""imag"":0.0,""real"":0.0}],""vertical_sign"":-1}",-0.175,2.250129534340984e-05,-3.553611476174652e-05,2.2501295343614e-05,-3.553611476223036e-05,2.2500825790873014e-05,-3.5535196088581886e-05,4.695525368265258e-10,-9.186731646332823e-10,UNQUALIFIED_DIAGNOSTIC
LCW-FINAL,23,bottom,-3,0,p,"{""alpha"":{""imag"":0.0,""real"":-4.489356590207668},""beta"":{""imag"":4.483064829471781e-05,""real"":7.771445786441615},""classification"":""propagating"",""e_vector"":[{""imag"":-1.2498197897239332e-06,""real"":-0.8659042656715219},{""imag"":0.0,""real"":0.0},{""imag"":-2.163540931475541e-06,""real"":0.5002097586869129}],""electric_tangential_norm_sq"":0.7497901973096996,""gamma"":{""imag"":0.0,""real"":0.0},""h_vector"":[{""imag"":0.0,""real"":0.0},{""imag"":4.324770539973001e-06,""real"":0.999885140467758},{""imag"":0.0,""real"":0.0}],""k_vector"":[{""imag"":0.0,""real"":-4.489356590207668},{""imag"":0.0,""real"":0.0},{""imag"":-4.483064829471781e-05,""real"":-7.771445786441615}],""m"":-3,""mode_index"":23,""n"":0,""polarization"":""p"",""power_per_unit_amplitude"":0.6363665341137341,""projection_denominator"":1.1021742959937022,""propagating"":true,""rayleigh_tolerance"":1e-06,""rayleigh_warning"":false,""refractive_index"":{""imag"":4.32477054e-06,""real"":0.999885140474},""schema"":""fullspace-dtn.mode.v1"",""side"":""bottom"",""traction_vector"":[{""imag"":-8.97494803350602,""real"":3.881904959097355e-05},{""imag"":0.0,""real"":0.0},{""imag"":0.0,""real"":0.0}],""vertical_sign"":-1}",-0.175,-1.506014028225467e-10,-4.482943555162315e-11,-1.506014028225467e-10,-4.482943555162315e-11,9.921735257066193e-16,7.637390319947128e-17,-1.5060239499607239e-10,-4.482951192552635e-11,UNQUALIFIED_DIAGNOSTIC
LCW-FINAL,24,bottom,-3,1,s,"{""alpha"":{""imag"":0.0,""real"":-4.489356590207668},""beta"":{""imag"":7.026217474247436e-05,""real"":4.958556350844336},""classification"":""propagating"",""e_vector"":[{""imag"":0.0,""real"":-0.7999122734807461},{""imag"":0.0,""real"":-0.6001169508811294},{""imag"":0.0,""real"":0.0}],""electric_tangential_norm_sq"":0.9999999999999998,""gamma"":{""imag"":0.0,""real"":5.983986006837701},""h_vector"":[{""imag"":-4.697595885702236e-06,""real"":-0.3315196832168072},{""imag"":6.261553850976274e-06,""real"":0.4418916398148882},{""imag"":-0.0,""real"":0.8334247251460797}],""k_vector"":[{""imag"":0.0,""real"":-4.489356590207668},{""imag"":0.0,""real"":5.983986006837701},{""imag"":-7.026217474247436e-05,""real"":-4.958556350844336}],""m"":-3,""mode_index"":24,""n"":1,""polarization"":""s"",""power_per_unit_amplitude"":0.4060324688489237,""projection_denominator"":1.4699638505555863,""propagating"":true,""rayleigh_tolerance"":1e-06,""rayleigh_warning"":false,""refractive_index"":{""imag"":4.32477054e-06,""real"":0.999885140474},""schema"":""fullspace-dtn.mode.v1"",""side"":""bottom"",""traction_vector"":[{""imag"":-3.9664100837862852,""real"":5.620357593795412e-05},{""imag"":-2.975713718040963,""real"":4.216552206873081e-05},{""imag"":0.0,""real"":0.0}],""vertical_sign"":-1}",-0.175,-9.54931509047423e-06,-4.360718571721831e-07,-9.549315090507272e-06,-4.3607185716038196e-07,-9.549378700351722e-06,-4.3615840435813124e-07,6.360987749207093e-11,8.654718594815417e-11,UNQUALIFIED_DIAGNOSTIC
LCW-FINAL,25,bottom,-3,1,p,"{""alpha"":{""imag"":0.0,""real"":-4.489356590207668},""beta"":{""imag"":7.026217474247436e-05,""real"":4.958556350844336},""classification"":""propagating"",""e_vector"":[{""imag"":-3.264059536059784e-06,""real"":-0.33155776578462687},{""imag"":4.350754099567616e-06,""real"":0.4419424011095991},{""imag"":-3.605198833694458e-06,""real"":0.8335204628602758}],""electric_tangential_norm_sq"":0.30524363798019444,""gamma"":{""imag"":0.0,""real"":5.983986006837701},""h_vector"":[{""imag"":3.4594370347866507e-06,""real"":0.7998203959021161},{""imag"":2.595368109614824e-06,""real"":0.6000480217070564},{""imag"":0.0,""real"":-4.9475295044988036e-17}],""k_vector"":[{""imag"":0.0,""real"":-4.489356590207668},{""imag"":0.0,""real"":5.983986006837701},{""imag"":-7.026217474247436e-05,""real"":-4.958556350844336}],""m"":-3,""mode_index"":25,""n"":1,""polarization"":""p"",""power_per_unit_amplitude"":0.4060324688489239,""projection_denominator"":0.4486971134429621,""propagating"":true,""rayleigh_tolerance"":1e-06,""rayleigh_warning"":false,""refractive_index"":{""imag"":4.32477054e-06,""real"":0.999885140474},""schema"":""fullspace-dtn.mode.v1"",""side"":""bottom"",""traction_vector"":[{""imag"":-5.386018447988506,""real"":2.3295969675791888e-05},{""imag"":7.179171085592479,""real"":-3.105183421154914e-05},{""imag"":0.0,""real"":0.0}],""vertical_sign"":-1}",-0.175,7.032240930311903e-06,3.1661768558145774e-07,7.032240930358297e-06,3.166176855969223e-07,7.0323782197460426e-06,3.16607841783482e-07,-1.3728943413939107e-10,9.843797975734783e-12,UNQUALIFIED_DIAGNOSTIC
LCW-FINAL,26,bottom,-2,-1,s,"{""alpha"":{""imag"":0.0,""real"":-0.0013670850793925382},""beta"":{""imag"":5.2086008415877786e-05,""real"":6.68891634028968},""classification"":""propagating"",""e_vector"":[{""imag"":-0.0,""real"":0.9999999739036398},{""imag"":0.0,""real"":-0.00022845725945122052},{""imag"":0.0,""real"":0.0}],""electric_tangential_norm_sq"":0.9999999999999997,""gamma"":{""imag"":0.0,""real"":-5.983986006837701},""h_vector"":[{""imag"":-1.3256968097683348e-09,""real"":-0.0001702467768758063},{""imag"":-5.802821842286574e-06,""real"":-0.7452018501926205},{""imag"":-0.0,""real"":0.6666666840642403}],""k_vector"":[{""imag"":0.0,""real"":-0.0013670850793925382},{""imag"":0.0,""real"":-5.983986006837701},{""imag"":-5.2086008415877786e-05,""real"":-6.68891634028968}],""m"":-2,""mode_index"":26,""n"":-1,""polarization"":""s"",""power_per_unit_amplitude"":0.5477233741851624,""projection_denominator"":1.4699732019929355,""propagating"":true,""rayleigh_tolerance"":1e-06,""rayleigh_warning"":false,""refractive_index"":{""imag"":4.32477054e-06,""real"":0.999885140474},""schema"":""fullspace-dtn.mode.v1"",""side"":""bottom"",""traction_vector"":[{""imag"":6.68891616573331,""real"":-5.208600705662255e-05},{""imag"":-0.0015281314958010678,""real"":1.1899426738444647e-08},{""imag"":0.0,""real"":0.0}],""vertical_sign"":-1}",-0.175,-8.362525018989934e-09,-1.6412065909163948e-09,-8.362525018980714e-09,-1.6412065909112088e-09,-8.318854379968599e-09,-1.6920271814008964e-09,-4.367063902133498e-11,5.082059048450158e-11,UNQUALIFIED_DIAGNOSTIC
LCW-FINAL,27,bottom,-2,-1,p,"{""alpha"":{""imag"":0.0,""real"":-0.0013670850793925382},""beta"":{""imag"":5.2086008415877786e-05,""real"":6.68891634028968},""classification"":""propagating"",""e_vector"":[{""imag"":-5.894016846993088e-10,""real"":-0.0001702663335861758},{""imag"":-2.5799209477250923e-06,""real"":-0.7452874535562701},{""imag"":-2.8838428707480877e-06,""real"":0.6667432658572671}],""electric_tangential_norm_sq"":0.5554534174256699,""gamma"":{""imag"":0.0,""real"":-5.983986006837701},""h_vector"":[{""imag"":-4.32477042707448e-06,""real"":-0.999885114365667},{""imag"":9.880252253089822e-10,""real"":0.0002284310189552686},{""imag"":-4.6077459161158685e-26,""real"":2.4157858908685565e-20}],""k_vector"":[{""imag"":0.0,""real"":-0.0013670850793925382},{""imag"":0.0,""real"":-5.983986006837701},{""imag"":-5.2086008415877786e-05,""real"":-6.68891634028968}],""m"":-2,""mode_index"":27,""n"":-1,""polarization"":""p"",""power_per_unit_amplitude"":0.547723374185163,""projection_denominator"":0.8165016385711308,""propagating"":true,""rayleigh_tolerance"":1e-06,""rayleigh_warning"":false,""refractive_index"":{""imag"":4.32477054e-06,""real"":0.999885140474},""schema"":""fullspace-dtn.mode.v1"",""side"":""bottom"",""traction_vector"":[{""imag"":-0.0020503920314340076,""real"":8.868493683977426e-09},{""imag"":-8.974947799214199,""real"":3.8819048577598794e-05},{""imag"":0.0,""real"":0.0}],""vertical_sign"":-1}",-0.175,-1.649736028273951e-05,-2.804520984761803e-06,-1.649736028269702e-05,-2.804520984761803e-06,-1.649730512294347e-05,-2.8045120940932605e-06,-5.5159796038894244e-11,-8.890668542625886e-12,UNQUALIFIED_DIAGNOSTIC
LCW-FINAL,28,bottom,-2,0,s,"{""alpha"":{""imag"":0.0,""real"":-0.0013670850793925382},""beta"":{""imag"":3.8819050041557536e-05,""real"":8.97494792944325},""classification"":""propagating"",""e_vector"":[{""imag"":0.0,""real"":-0.0},{""imag"":0.0,""real"":-1.0},{""imag"":0.0,""real"":0.0}],""electric_tangential_norm_sq"":1.0,""gamma"":{""imag"":0.0,""real"":0.0},""h_vector"":[{""imag"":-4.324770590171869e-06,""real"":-0.9998851288742849},{""imag"":0.0,""real"":0.0},{""imag"":-0.0,""real"":0.00015230484360874904}],""k_vector"":[{""imag"":0.0,""real"":-0.0013670850793925382},{""imag"":0.0,""real"":0.0},{""imag"":-3.8819050041557536e-05,""real"":-8.97494792944325}],""m"":-2,""mode_index"":28,""n"":0,""polarization"":""s"",""power_per_unit_amplitude"":0.7349155697225994,""projection_denominator"":1.4699800277344321,""propagating"":true,""rayleigh_tolerance"":1e-06,""rayleigh_warning"":false,""refractive_index"":{""imag"":4.32477054e-06,""real"":0.999885140474},""schema"":""fullspace-dtn.mode.v1"",""side"":""bottom"",""traction_vector"":[{""imag"":0.0,""real"":-0.0},{""imag"":-8.97494792944325,""real"":3.8819050041557536e-05},{""imag"":0.0,""real"":0.0}],""vertical_sign"":-1}",-0.175,-3.2979846075956524e-06,-1.6074642132579483e-05,-3.297984607855325e-06,-1.6074642132270885e-05,-3.2981256979544157e-06,-1.607450770976354e-05,1.4109035876332934e-10,-1.344228159433857e-10,UNQUALIFIED_DIAGNOSTIC
LCW-FINAL,29,bottom,-2,0,p,"{""alpha"":{""imag"":0.0,""real"":-0.0013670850793925382},""beta"":{""imag"":3.8819050041557536e-05,""real"":8.97494792944325},""classification"":""propagating"",""e_vector"":[{""imag"":-1.0035526433266723e-13,""real"":-0.9999999883989524},{""imag"":0.0,""real"":0.0},{""imag"":-6.588348389489128e-10,""real"":0.00015232233927758835}],""electric_tangential_norm_sq"":0.999999976797905,""gamma"":{""imag"":0.0,""real"":0.0},""h_vector"":[{""imag"":0.0,""real"":0.0},{""imag"":4.324770539999998e-06,""real"":0.9998851404740002},{""imag"":0.0,""real"":0.0}],""k_vector"":[{""imag"":0.0,""real"":-0.0013670850793925382},{""imag"":0.0,""real"":0.0},{""imag"":-3.8819050041557536e-05,""real"":-8.97494792944325}],""m"":-2,""mode_index"":29,""n"":0,""polarization"":""p"",""power_per_unit_amplitude"":0.7349155697225995,""projection_denominator"":1.469979993627816,""propagating"":true,""rayleigh_tolerance"":1e-06,""rayleigh_warning"":false,""refractive_index"":{""imag"":4.32477054e-06,""real"":0.999885140474},""schema"":""fullspace-dtn.mode.v1"",""side"":""bottom"",""traction_vector"":[{""imag"":-8.97494803356205,""real"":3.881904959121588e-05},{""imag"":0.0,""real"":0.0},{""imag"":0.0,""real"":0.0}],""vertical_sign"":-1}",-0.175,1.410087551014678e-10,2.8588933452327006e-11,1.410087551014678e-10,2.8588933452327006e-11,5.901173302659412e-17,-1.6734047403331803e-16,1.4100869608973476e-10,2.858910079280104e-11,UNQUALIFIED_DIAGNOSTIC
LCW-FINAL,30,bottom,-2,1,s,"{""alpha"":{""imag"":0.0,""real"":-0.0013670850793925382},""beta"":{""imag"":5.2086008415877786e-05,""real"":6.68891634028968},""classification"":""propagating"",""e_vector"":[{""imag"":0.0,""real"":-0.9999999739036398},{""imag"":0.0,""real"":-0.00022845725945122052},{""imag"":0.0,""real"":0.0}],""electric_tangential_norm_sq"":0.9999999999999997,""gamma"":{""imag"":0.0,""real"":5.983986006837701},""h_vector"":[{""imag"":-1.3256968097683348e-09,""real"":-0.0001702467768758063},{""imag"":5.802821842286574e-06,""real"":0.7452018501926205},{""imag"":-0.0,""real"":0.6666666840642403}],""k_vector"":[{""imag"":0.0,""real"":-0.0013670850793925382},{""imag"":0.0,""real"":5.983986006837701},{""imag"":-5.2086008415877786e-05,""real"":-6.68891634028968}],""m"":-2,""mode_index"":30,""n"":1,""polarization"":""s"",""power_per_unit_amplitude"":0.5477233741851624,""projection_denominator"":1.4699732019929355,""propagating"":true,""rayleigh_tolerance"":1e-06,""rayleigh_warning"":false,""refractive_index"":{""imag"":4.32477054e-06,""real"":0.999885140474},""schema"":""fullspace-dtn.mode.v1"",""side"":""bottom"",""traction_vector"":[{""imag"":-6.68891616573331,""real"":5.208600705662255e-05},{""imag"":-0.0015281314958010678,""real"":1.1899426738444647e-08},{""imag"":0.0,""real"":0.0}],""vertical_sign"":-1}",-0.175,-8.333405888943452e-09,-1.7268622725937869e-09,-8.333405888938843e-09,-1.7268622725975324e-09,-8.318854144220389e-09,-1.6920271921818259e-09,-1.4551744723063172e-11,-3.483508041196103e-11,UNQUALIFIED_DIAGNOSTIC
LCW-FINAL,31,bottom,-2,1,p,"{""alpha"":{""imag"":0.0,""real"":-0.0013670850793925382},""beta"":{""imag"":5.2086008415877786e-05,""real"":6.68891634028968},""classification"":""propagating"",""e_vector"":[{""imag"":-5.894016846993088e-10,""real"":-0.0001702663335861758},{""imag"":2.5799209477250923e-06,""real"":0.7452874535562701},{""imag"":-2.8838428707480877e-06,""real"":0.6667432658572671}],""electric_tangential_norm_sq"":0.5554534174256699,""gamma"":{""imag"":0.0,""real"":5.983986006837701},""h_vector"":[{""imag"":4.32477042707448e-06,""real"":0.999885114365667},{""imag"":9.880252253089822e-10,""real"":0.0002284310189552686},{""imag"":4.6077459161158685e-26,""real"":-2.4157858908685565e-20}],""k_vector"":[{""imag"":0.0,""real"":-0.0013670850793925382},{""imag"":0.0,""real"":5.983986006837701},{""imag"":-5.2086008415877786e-05,""real"":-6.68891634028968}],""m"":-2,""mode_index"":31,""n"":1,""polarization"":""p"",""power_per_unit_amplitude"":0.547723374185163,""projection_denominator"":0.8165016385711308,""propagating"":true,""rayleigh_tolerance"":1e-06,""rayleigh_warning"":false,""refractive_index"":{""imag"":4.32477054e-06,""real"":0.999885140474},""schema"":""fullspace-dtn.mode.v1"",""side"":""bottom"",""traction_vector"":[{""imag"":-0.0020503920314340076,""real"":8.868493683977426e-09},{""imag"":8.974947799214199,""real"":-3.8819048577598794e-05},{""imag"":0.0,""real"":0.0}],""vertical_sign"":-1}",-0.175,1.649761807043828e-05,2.804539306773036e-06,1.6497618070404286e-05,2.804539306807029e-06,1.6497305123386963e-05,2.8045120944097438e-06,3.1294705131609205e-10,2.7212363292039582e-11,UNQUALIFIED_DIAGNOSTIC
LCW-FINAL,32,bottom,-1,-1,s,"{""alpha"":{""imag"":0.0,""real"":4.486622420048883},""beta"":{""imag"":7.022713479206063e-05,""real"":4.961030431115042},""classification"":""propagating"",""e_vector"":[{""imag"":-0.0,""real"":0.8000877286570669},{""imag"":0.0,""real"":0.5998830106382207},{""imag"":0.0,""real"":0.0}],""electric_tangential_norm_sq"":0.9999999999999999,""gamma"":{""imag"":0.0,""real"":-5.983986006837701},""h_vector"":[{""imag"":4.693422856650971e-06,""real"":0.3315557965860328},{""imag"":-6.259803939121232e-06,""real"":-0.4422090966226506},{""imag"":0.0,""real"":0.8332419593357027}],""k_vector"":[{""imag"":0.0,""real"":4.486622420048883},{""imag"":0.0,""real"":-5.983986006837701},{""imag"":-7.022713479206063e-05,""real"":-4.961030431115042}],""m"":-1,""mode_index"":32,""n"":-1,""polarization"":""s"",""power_per_unit_amplitude"":0.4062350594517862,""projection_denominator"":1.469963868583197,""propagating"":true,""rayleigh_tolerance"":1e-06,""rayleigh_warning"":false,""refractive_index"":{""imag"":4.32477054e-06,""real"":0.999885140474},""schema"":""fullspace-dtn.mode.v1"",""side"":""bottom"",""traction_vector"":[{""imag"":3.9692595694294237,""real"":-5.6187868765873466e-05},{""imag"":2.9760378708851216,""real"":-4.212806504755746e-05},{""imag"":0.0,""real"":-0.0}],""vertical_sign"":-1}",-0.175,1.3482284114266159e-06,-2.8617449442952728e-05,1.3482284114336966e-06,-2.8617449442962167e-05,1.3478982120230951e-06,-2.8617351950530372e-05,3.3019940352076293e-10,-9.749242235520682e-11,UNQUALIFIED_DIAGNOSTIC
LCW-FINAL,33,bottom,-1,-1,p,"{""alpha"":{""imag"":0.0,""real"":4.486622420048883},""beta"":{""imag"":7.022713479206063e-05,""real"":4.961030431115042},""classification"":""propagating"",""e_vector"":[{""imag"":3.259729809722286e-06,""real"":0.3315938833022934},{""imag"":-4.347630743403933e-06,""real"":-0.4422598943844885},{""imag"":-3.604408231896424e-06,""real"":0.8333376760551552}],""electric_tangential_norm_sq"":0.3055483176540016,""gamma"":{""imag"":0.0,""real"":-5.983986006837701},""h_vector"":[{""imag"":-3.4601958381644716e-06,""real"":-0.7999958309257797},{""imag"":-2.594356371744373e-06,""real"":-0.5998141083344596},{""imag"":3.7746654544821195e-22,""real"":0.0}],""k_vector"":[{""imag"":0.0,""real"":4.486622420048883},{""imag"":0.0,""real"":-5.983986006837701},{""imag"":-7.022713479206063e-05,""real"":-4.961030431115042}],""m"":-1,""mode_index"":33,""n"":-1,""polarization"":""p"",""power_per_unit_amplitude"":0.4062350594517864,""projection_denominator"":0.4491449870577638,""propagating"":true,""rayleigh_tolerance"":1e-06,""rayleigh_warning"":false,""refractive_index"":{""imag"":4.32477054e-06,""real"":0.999885140474},""schema"":""fullspace-dtn.mode.v1"",""side"":""bottom"",""traction_vector"":[{""imag"":5.383918846465859,""real"":-2.3286888337902835e-05},{""imag"":-7.180745786682548,""real"":3.1058645214741376e-05},{""imag"":0.0,""real"":0.0}],""vertical_sign"":-1}",-0.175,-9.899079259306928e-07,2.110582776488234e-05,-9.899079258978635e-07,2.110582776479737e-05,-9.897602625340122e-07,2.110575118169754e-05,-1.4766339668056818e-10,7.658318480107318e-11,UNQUALIFIED_DIAGNOSTIC
LCW-FINAL,34,bottom,-1,0,s,"{""alpha"":{""imag"":0.0,""real"":4.486622420048883},""beta"":{""imag"":4.482154253021086e-05,""real"":7.773024602145297},""classification"":""propagating"",""e_vector"":[{""imag"":0.0,""real"":-0.0},{""imag"":0.0,""real"":1.0},{""imag"":0.0,""real"":0.0}],""electric_tangential_norm_sq"":1.0,""gamma"":{""imag"":0.0,""real"":0.0},""h_vector"":[{""imag"":4.993499035480673e-06,""real"":0.865980701744436},{""imag"":0.0,""real"":0.0},{""imag"":0.0,""real"":0.4998476951563912}],""k_vector"":[{""imag"":0.0,""real"":4.486622420048883},{""imag"":0.0,""real"":0.0},{""imag"":-4.482154253021086e-05,""real"":-7.773024602145297}],""m"":-1,""mode_index"":34,""n"":0,""polarization"":""s"",""power_per_unit_amplitude"":0.6364958157821604,""projection_denominator"":1.46997693949725,""propagating"":true,""rayleigh_tolerance"":1e-06,""rayleigh_warning"":false,""refractive_index"":{""imag"":4.32477054e-06,""real"":0.999885140474},""schema"":""fullspace-dtn.mode.v1"",""side"":""bottom"",""traction_vector"":[{""imag"":0.0,""real"":-0.0},{""imag"":7.773024602145297,""real"":-4.482154253021086e-05},{""imag"":0.0,""real"":-0.0}],""vertical_sign"":-1}",-0.175,9.92636401509086e-05,-7.780673905922599e-05,9.926364015038581e-05,-7.780673905907493e-05,9.926308743385664e-05,-7.780678494999836e-05,5.527170519637218e-10,4.5890772369769524e-11,UNQUALIFIED_DIAGNOSTIC
LCW-FINAL,35,bottom,-1,0,p,"{""alpha"":{""imag"":0.0,""real"":4.486622420048883},""beta"":{""imag"":4.482154253021086e-05,""real"":7.773024602145297},""classification"":""propagating"",""e_vector"":[{""imag"":1.2480443405020596e-06,""real"":0.8660801793033087},{""imag"":0.0,""real"":0.0},{""imag"":-2.1622232617976723e-06,""real"":0.4999051140083646}],""electric_tangential_norm_sq"":0.750094876983609,""gamma"":{""imag"":0.0,""real"":0.0},""h_vector"":[{""imag"":0.0,""real"":0.0},{""imag"":-4.324770539973044e-06,""real"":-0.9998851404677681},{""imag"":0.0,""real"":0.0}],""k_vector"":[{""imag"":0.0,""real"":4.486622420048883},{""imag"":0.0,""real"":0.0},{""imag"":-4.482154253021086e-05,""real"":-7.773024602145297}],""m"":-1,""mode_index"":35,""n"":0,""polarization"":""p"",""power_per_unit_amplitude"":0.6364958157821605,""projection_denominator"":1.1026221716009317,""propagating"":true,""rayleigh_tolerance"":1e-06,""rayleigh_warning"":false,""refractive_index"":{""imag"":4.32477054e-06,""real"":0.999885140474},""schema"":""fullspace-dtn.mode.v1"",""side"":""bottom"",""traction_vector"":[{""imag"":8.974948033506111,""real"":-3.881904959097394e-05},{""imag"":0.0,""real"":0.0},{""imag"":0.0,""real"":0.0}],""vertical_sign"":-1}",-0.175,3.817489220813839e-10,-1.3904439581665012e-11,3.817489220813839e-10,-1.3904439581665012e-11,-3.1369553848747296e-17,3.598636189989576e-16,3.817489534509378e-10,-1.390479944528401e-11,UNQUALIFIED_DIAGNOSTIC
LCW-FINAL,36,bottom,-1,1,s,"{""alpha"":{""imag"":0.0,""real"":4.486622420048883},""beta"":{""imag"":7.022713479206063e-05,""real"":4.961030431115042},""classification"":""propagating"",""e_vector"":[{""imag"":0.0,""real"":-0.8000877286570669},{""imag"":0.0,""real"":0.5998830106382207},{""imag"":0.0,""real"":0.0}],""electric_tangential_norm_sq"":0.9999999999999999,""gamma"":{""imag"":0.0,""real"":5.983986006837701},""h_vector"":[{""imag"":4.693422856650971e-06,""real"":0.3315557965860328},{""imag"":6.259803939121232e-06,""real"":0.4422090966226506},{""imag"":0.0,""real"":0.8332419593357027}],""k_vector"":[{""imag"":0.0,""real"":4.486622420048883},{""imag"":0.0,""real"":5.983986006837701},{""imag"":-7.022713479206063e-05,""real"":-4.961030431115042}],""m"":-1,""mode_index"":36,""n"":1,""polarization"":""s"",""power_per_unit_amplitude"":0.4062350594517862,""projection_denominator"":1.469963868583197,""propagating"":true,""rayleigh_tolerance"":1e-06,""rayleigh_warning"":false,""refractive_index"":{""imag"":4.32477054e-06,""real"":0.999885140474},""schema"":""fullspace-dtn.mode.v1"",""side"":""bottom"",""traction_vector"":[{""imag"":-3.9692595694294237,""real"":5.6187868765873466e-05},{""imag"":2.9760378708851216,""real"":-4.212806504755746e-05},{""imag"":0.0,""real"":0.0}],""vertical_sign"":-1}",-0.175,1.3477724549182465e-06,-2.861743346338307e-05,1.347772454913526e-06,-2.8617433463396643e-05,1.3478982117702708e-06,-2.8617351950484697e-05,-1.2575685202435251e-10,-8.151289837337802e-11,UNQUALIFIED_DIAGNOSTIC
LCW-FINAL,37,bottom,-1,1,p,"{""alpha"":{""imag"":0.0,""real"":4.486622420048883},""beta"":{""imag"":7.022713479206063e-05,""real"":4.961030431115042},""classification"":""propagating"",""e_vector"":[{""imag"":3.259729809722286e-06,""real"":0.3315938833022934},{""imag"":4.347630743403933e-06,""real"":0.4422598943844885},{""imag"":-3.604408231896424e-06,""real"":0.8333376760551552}],""electric_tangential_norm_sq"":0.3055483176540016,""gamma"":{""imag"":0.0,""real"":5.983986006837701},""h_vector"":[{""imag"":3.4601958381644716e-06,""real"":0.7999958309257797},{""imag"":-2.594356371744373e-06,""real"":-0.5998141083344596},{""imag"":-3.7746654544821195e-22,""real"":0.0}],""k_vector"":[{""imag"":0.0,""real"":4.486622420048883},{""imag"":0.0,""real"":5.983986006837701},{""imag"":-7.022713479206063e-05,""real"":-4.961030431115042}],""m"":-1,""mode_index"":37,""n"":1,""polarization"":""p"",""power_per_unit_amplitude"":0.4062350594517864,""projection_denominator"":0.4491449870577638,""propagating"":true,""rayleigh_tolerance"":1e-06,""rayleigh_warning"":false,""refractive_index"":{""imag"":4.32477054e-06,""real"":0.999885140474},""schema"":""fullspace-dtn.mode.v1"",""side"":""bottom"",""traction_vector"":[{""imag"":5.383918846465859,""real"":-2.3286888337902835e-05},{""imag"":7.180745786682548,""real"":-3.1058645214741376e-05},{""imag"":0.0,""real"":-0.0}],""vertical_sign"":-1}",-0.175,9.897362973923049e-07,-2.110581134295998e-05,9.89736297353682e-07,-2.1105811342965775e-05,9.897602624415658e-07,-2.110575118164611e-05,-2.3965049260901244e-11,-6.016131387146352e-11,UNQUALIFIED_DIAGNOSTIC
LCW-FINAL,38,bottom,0,0,s,"{""alpha"":{""imag"":0.0,""real"":8.97461192517716},""beta"":{""imag"":0.004478058289365571,""real"":0.07780134385941416},""classification"":""propagating"",""e_vector"":[{""imag"":0.0,""real"":-0.0},{""imag"":0.0,""real"":1.0},{""imag"":0.0,""real"":0.0}],""electric_tangential_norm_sq"":1.0,""gamma"":{""imag"":0.0,""real"":0.0},""h_vector"":[{""imag"":0.0004988935785443173,""real"":0.008667727918092628},{""imag"":0.0,""real"":0.0},{""imag"":0.0,""real"":0.9998476951563912}],""k_vector"":[{""imag"":0.0,""real"":8.97461192517716},{""imag"":0.0,""real"":0.0},{""imag"":-0.004478058289365571,""real"":-0.07780134385941416}],""m"":0,""mode_index"":38,""n"":0,""polarization"":""s"",""power_per_unit_amplitude"":0.006370780019798082,""projection_denominator"":1.467697843589745,""propagating"":true,""rayleigh_tolerance"":1e-06,""rayleigh_warning"":false,""refractive_index"":{""imag"":4.32477054e-06,""real"":0.999885140474},""schema"":""fullspace-dtn.mode.v1"",""side"":""bottom"",""traction_vector"":[{""imag"":0.0,""real"":-0.0},{""imag"":0.07780134385941416,""real"":-0.004478058289365571},{""imag"":0.0,""real"":-0.0}],""vertical_sign"":-1}",-0.175,1.3197258269260508,-0.16439090565303557,-0.015871099756112415,-0.1388810548543738,1.3197240512671184,-0.16439467913781666,1.7756589323347782e-06,3.773484781088854e-06,UNQUALIFIED_DIAGNOSTIC
LCW-FINAL,39,bottom,0,0,p,"{""alpha"":{""imag"":0.0,""real"":8.97461192517716},""beta"":{""imag"":0.004478058289365571,""real"":0.07780134385941416},""classification"":""propagating"",""e_vector"":[{""imag"":0.0004989132690542871,""real"":0.00866872360357703},{""imag"":0.0,""real"":0.0},{""imag"":-4.325104281798984e-06,""real"":0.9999623014383734}],""electric_tangential_norm_sq"":7.539568336525196e-05,""gamma"":{""imag"":0.0,""real"":0.0},""h_vector"":[{""imag"":0.0,""real"":0.0},{""imag"":-4.324769463421086e-06,""real"":-0.999884891569405},{""imag"":0.0,""real"":0.0}],""k_vector"":[{""imag"":0.0,""real"":8.97461192517716},{""imag"":0.0,""real"":0.0},{""imag"":-0.004478058289365571,""real"":-0.07780134385941416}],""m"":0,""mode_index"":39,""n"":0,""polarization"":""p"",""power_per_unit_amplitude"":0.0063707800197980845,""projection_denominator"":0.00011065808189115553,""propagating"":true,""rayleigh_tolerance"":1e-06,""rayleigh_warning"":false,""refractive_index"":{""imag"":4.32477054e-06,""real"":0.999885140474},""schema"":""fullspace-dtn.mode.v1"",""side"":""bottom"",""traction_vector"":[{""imag"":8.974945799399627,""real"":-3.881903992786616e-05},{""imag"":0.0,""real"":0.0},{""imag"":0.0,""real"":0.0}],""vertical_sign"":-1}",-0.175,4.707821443202701e-07,7.338478082168357e-07,4.707821289611867e-07,7.338478093954546e-07,-3.7037259666544526e-14,2.295610468684518e-15,4.707821813575298e-07,7.338478059212253e-07,UNQUALIFIED_DIAGNOSTIC
LZ-FINAL,0,top,-3,-1,s,"{""alpha"":{""imag"":0.0,""real"":-4.489356590207668},""beta"":{""imag"":0.0,""real"":4.960422166357995},""classification"":""propagating"",""e_vector"":[{""imag"":-0.0,""real"":0.7999122734807461},{""imag"":0.0,""real"":-0.6001169508811294},{""imag"":0.0,""real"":0.0}],""electric_tangential_norm_sq"":0.9999999999999998,""gamma"":{""imag"":0.0,""real"":-5.983986006837701},""h_vector"":[{""imag"":0.0,""real"":0.33164442810710654},{""imag"":0.0,""real"":0.44205791568604624},{""imag"":-0.0,""real"":0.8334247251460797}],""k_vector"":[{""imag"":0.0,""real"":-4.489356590207668},{""imag"":0.0,""real"":-5.983986006837701},{""imag"":0.0,""real"":4.960422166357995}],""m"":-3,""mode_index"":0,""n"":-1,""polarization"":""s"",""power_per_unit_amplitude"":0.4061852515594194,""projection_denominator"":1.4699999999999998,""propagating"":true,""rayleigh_tolerance"":1e-06,""rayleigh_warning"":false,""refractive_index"":{""imag"":0.0,""real"":1.0},""schema"":""fullspace-dtn.mode.v1"",""side"":""top"",""traction_vector"":[{""imag"":3.9679025725157118,""real"":0.0},{""imag"":-2.9768334255579263,""real"":0.0},{""imag"":0.0,""real"":0.0}],""vertical_sign"":1}",1.225,-2.377963221614004e-06,-4.334887134295687e-06,-2.3779632216352453e-06,-4.334887134325189e-06,-4.134544516790736e-06,-8.530477664715285e-06,1.756581295176732e-06,4.1955905304195975e-06,UNQUALIFIED_DIAGNOSTIC
LZ-FINAL,1,top,-3,-1,p,"{""alpha"":{""imag"":0.0,""real"":-4.489356590207668},""beta"":{""imag"":0.0,""real"":4.960422166357995},""classification"":""propagating"",""e_vector"":[{""imag"":0.0,""real"":0.3316444281071066},{""imag"":0.0,""real"":0.44205791568604635},{""imag"":-0.0,""real"":0.8334247251460798}],""electric_tangential_norm_sq"":0.30540322751518145,""gamma"":{""imag"":0.0,""real"":-5.983986006837701},""h_vector"":[{""imag"":0.0,""real"":-0.7999122734807462},{""imag"":0.0,""real"":0.6001169508811294},{""imag"":0.0,""real"":-2.4737647522494018e-17}],""k_vector"":[{""imag"":0.0,""real"":-4.489356590207668},{""imag"":0.0,""real"":-5.983986006837701},{""imag"":0.0,""real"":4.960422166357995}],""m"":-3,""mode_index"":1,""n"":-1,""polarization"":""p"",""power_per_unit_amplitude"":0.4061852515594195,""projection_denominator"":0.44894274444731674,""propagating"":true,""rayleigh_tolerance"":1e-06,""rayleigh_warning"":false,""refractive_index"":{""imag"":0.0,""real"":1.0},""schema"":""fullspace-dtn.mode.v1"",""side"":""top"",""traction_vector"":[{""imag"":5.38663715480818,""real"":0.0},{""imag"":7.179995776809777,""real"":0.0},{""imag"":-0.0,""real"":0.0}],""vertical_sign"":1}",1.225,-5.934908172574269e-06,6.360713269995151e-06,-5.934908172597453e-06,6.360713270035723e-06,3.0469597078748646e-06,6.279864279230611e-06,-8.981867880449133e-06,8.084899076453975e-08,UNQUALIFIED_DIAGNOSTIC
LZ-FINAL,2,top,-3,0,s,"{""alpha"":{""imag"":0.0,""real"":-4.489356590207668},""beta"":{""imag"":0.0,""real"":7.772636399480241},""classification"":""propagating"",""e_vector"":[{""imag"":0.0,""real"":-0.0},{""imag"":0.0,""real"":-1.0},{""imag"":0.0,""real"":0.0}],""electric_tangential_norm_sq"":1.0,""gamma"":{""imag"":0.0,""real"":0.0},""h_vector"":[{""imag"":0.0,""real"":0.8659374526832905},{""imag"":0.0,""real"":0.0},{""imag"":-0.0,""real"":0.5001523048436087}],""k_vector"":[{""imag"":0.0,""real"":-4.489356590207668},{""imag"":0.0,""real"":0.0},{""imag"":0.0,""real"":7.772636399480241}],""m"":-3,""mode_index"":2,""n"":0,""polarization"":""s"",""power_per_unit_amplitude"":0.6364640277222186,""projection_denominator"":1.47,""propagating"":true,""rayleigh_tolerance"":1e-06,""rayleigh_warning"":false,""refractive_index"":{""imag"":0.0,""real"":1.0},""schema"":""fullspace-dtn.mode.v1"",""side"":""top"",""traction_vector"":[{""imag"":0.0,""real"":0.0},{""imag"":-7.772636399480241,""real"":0.0},{""imag"":0.0,""real"":0.0}],""vertical_sign"":1}",1.225,-4.371342473532554e-05,6.715778627765891e-06,-4.3713424735568635e-05,6.715778627660863e-06,-4.174435527054871e-05,-1.1429406449091863e-05,-1.969069464776827e-06,1.8145185076857753e-05,UNQUALIFIED_DIAGNOSTIC
LZ-FINAL,3,top,-3,0,p,"{""alpha"":{""imag"":0.0,""real"":-4.489356590207668},""beta"":{""imag"":0.0,""real"":7.772636399480241},""classification"":""propagating"",""e_vector"":[{""imag"":0.0,""real"":0.8659374526832905},{""imag"":0.0,""real"":0.0},{""imag"":-0.0,""real"":0.5001523048436087}],""electric_tangential_norm_sq"":0.749847671959626,""gamma"":{""imag"":0.0,""real"":0.0},""h_vector"":[{""imag"":0.0,""real"":0.0},{""imag"":0.0,""real"":1.0},{""imag"":0.0,""real"":0.0}],""k_vector"":[{""imag"":0.0,""real"":-4.489356590207668},{""imag"":0.0,""real"":0.0},{""imag"":0.0,""real"":7.772636399480241}],""m"":-3,""mode_index"":3,""n"":0,""polarization"":""p"",""power_per_unit_amplitude"":0.6364640277222186,""projection_denominator"":1.1022760777806502,""propagating"":true,""rayleigh_tolerance"":1e-06,""rayleigh_warning"":false,""refractive_index"":{""imag"":0.0,""real"":1.0},""schema"":""fullspace-dtn.mode.v1"",""side"":""top"",""traction_vector"":[{""imag"":8.975979010256552,""real"":0.0},{""imag"":0.0,""real"":-0.0},{""imag"":0.0,""real"":0.0}],""vertical_sign"":1}",1.225,-1.1724991175701646e-06,-8.498185728243241e-07,-1.1724991175701646e-06,-8.498185728243241e-07,2.335674126355448e-16,-1.0674968189333025e-16,-1.172499117803732e-06,-8.498185727175745e-07,UNQUALIFIED_DIAGNOSTIC
LZ-FINAL,4,top,-3,1,s,"{""alpha"":{""imag"":0.0,""real"":-4.489356590207668},""beta"":{""imag"":0.0,""real"":4.960422166357995},""classification"":""propagating"",""e_vector"":[{""imag"":0.0,""real"":-0.7999122734807461},{""imag"":0.0,""real"":-0.6001169508811294},{""imag"":0.0,""real"":0.0}],""electric_tangential_norm_sq"":0.9999999999999998,""gamma"":{""imag"":0.0,""real"":5.983986006837701},""h_vector"":[{""imag"":0.0,""real"":0.33164442810710654},{""imag"":0.0,""real"":-0.44205791568604624},{""imag"":-0.0,""real"":0.8334247251460797}],""k_vector"":[{""imag"":0.0,""real"":-4.489356590207668},{""imag"":0.0,""real"":5.983986006837701},{""imag"":0.0,""real"":4.960422166357995}],""m"":-3,""mode_index"":4,""n"":1,""polarization"":""s"",""power_per_unit_amplitude"":0.4061852515594194,""projection_denominator"":1.4699999999999998,""propagating"":true,""rayleigh_tolerance"":1e-06,""rayleigh_warning"":false,""refractive_index"":{""imag"":0.0,""real"":1.0},""schema"":""fullspace-dtn.mode.v1"",""side"":""top"",""traction_vector"":[{""imag"":-3.9679025725157118,""real"":0.0},{""imag"":-2.9768334255579263,""real"":0.0},{""imag"":0.0,""real"":0.0}],""vertical_sign"":1}",1.225,-2.2265399029324442e-06,-2.575515591089656e-07,-2.2265399029371648e-06,-2.575515591018851e-07,-4.134544517190177e-06,-8.530477664672137e-06,1.908004614257733e-06,8.272926105563171e-06,UNQUALIFIED_DIAGNOSTIC
LZ-FINAL,5,top,-3,1,p,"{""alpha"":{""imag"":0.0,""real"":-4.489356590207668},""beta"":{""imag"":0.0,""real"":4.960422166357995},""classification"":""propagating"",""e_vector"":[{""imag"":0.0,""real"":0.3316444281071066},{""imag"":0.0,""real"":-0.44205791568604635},{""imag"":-0.0,""real"":0.8334247251460798}],""electric_tangential_norm_sq"":0.30540322751518145,""gamma"":{""imag"":0.0,""real"":5.983986006837701},""h_vector"":[{""imag"":0.0,""real"":0.7999122734807462},{""imag"":0.0,""real"":0.6001169508811294},{""imag"":-0.0,""real"":2.4737647522494018e-17}],""k_vector"":[{""imag"":0.0,""real"":-4.489356590207668},{""imag"":0.0,""real"":5.983986006837701},{""imag"":0.0,""real"":4.960422166357995}],""m"":-3,""mode_index"":5,""n"":1,""polarization"":""p"",""power_per_unit_amplitude"":0.4061852515594195,""projection_denominator"":0.44894274444731674,""propagating"":true,""rayleigh_tolerance"":1e-06,""rayleigh_warning"":false,""refractive_index"":{""imag"":0.0,""real"":1.0},""schema"":""fullspace-dtn.mode.v1"",""side"":""top"",""traction_vector"":[{""imag"":5.38663715480818,""real"":0.0},{""imag"":-7.179995776809777,""real"":0.0},{""imag"":0.0,""real"":0.0}],""vertical_sign"":1}",1.225,-9.696515044768817e-06,-8.04034068863412e-06,-9.696515044745634e-06,-8.040340688614799e-06,-3.0469597082596497e-06,-6.279864279523739e-06,-6.649555336509168e-06,-1.7604764091103809e-06,UNQUALIFIED_DIAGNOSTIC
LZ-FINAL,6,top,-2,-1,s,"{""alpha"":{""imag"":0.0,""real"":-0.0013670850793925382},""beta"":{""imag"":0.0,""real"":6.690299604174327},""classification"":""propagating"",""e_vector"":[{""imag"":-0.0,""real"":0.9999999739036398},{""imag"":0.0,""real"":-0.00022845725945122052},{""imag"":0.0,""real"":0.0}],""electric_tangential_norm_sq"":0.9999999999999997,""gamma"":{""imag"":0.0,""real"":-5.983986006837701},""h_vector"":[{""imag"":0.0,""real"":0.00017028198380708622},{""imag"":0.0,""real"":0.7453559574879883},{""imag"":-0.0,""real"":0.6666666840642403}],""k_vector"":[{""imag"":0.0,""real"":-0.0013670850793925382},{""imag"":0.0,""real"":-5.983986006837701},{""imag"":0.0,""real"":6.690299604174327}],""m"":-2,""mode_index"":6,""n"":-1,""polarization"":""s"",""power_per_unit_amplitude"":0.5478366430502136,""projection_denominator"":1.4699999999999995,""propagating"":true,""rayleigh_tolerance"":1e-06,""rayleigh_warning"":false,""refractive_index"":{""imag"":0.0,""real"":1.0},""schema"":""fullspace-dtn.mode.v1"",""side"":""top"",""traction_vector"":[{""imag"":6.6902994295818585,""real"":0.0},{""imag"":-0.001528447512477252,""real"":0.0},{""imag"":0.0,""real"":0.0}],""vertical_sign"":1}",1.225,-5.288175565365459e-06,1.3397289476517604e-06,-5.288175565365455e-06,1.339728947651759e-06,-7.195797395900892e-09,4.3342190942694065e-09,-5.280979767969558e-06,1.3353947285574911e-06,UNQUALIFIED_DIAGNOSTIC
LZ-FINAL,7,top,-2,-1,p,"{""alpha"":{""imag"":0.0,""real"":-0.0013670850793925382},""beta"":{""imag"":0.0,""real"":6.690299604174327},""classification"":""propagating"",""e_vector"":[{""imag"":0.0,""real"":0.00017028198380708627},{""imag"":0.0,""real"":0.7453559574879884},{""imag"":-0.0,""real"":0.6666666840642405}],""electric_tangential_norm_sq"":0.5555555323587901,""gamma"":{""imag"":0.0,""real"":-5.983986006837701},""h_vector"":[{""imag"":0.0,""real"":-0.9999999739036399},{""imag"":0.0,""real"":0.00022845725945122054},{""imag"":0.0,""real"":2.4157858908685565e-20}],""k_vector"":[{""imag"":0.0,""real"":-0.0013670850793925382},{""imag"":0.0,""real"":-5.983986006837701},{""imag"":0.0,""real"":6.690299604174327}],""m"":-2,""mode_index"":7,""n"":-1,""polarization"":""p"",""power_per_unit_amplitude"":0.5478366430502138,""projection_denominator"":0.8166666325674213,""propagating"":true,""rayleigh_tolerance"":1e-06,""rayleigh_warning"":false,""refractive_index"":{""imag"":0.0,""real"":1.0},""schema"":""fullspace-dtn.mode.v1"",""side"":""top"",""traction_vector"":[{""imag"":0.002050627565574891,""real"":0.0},{""imag"":8.975978776016172,""real"":0.0},{""imag"":-0.0,""real"":0.0}],""vertical_sign"":1}",1.225,1.71284786843274e-05,-5.1405424692229644e-06,1.7128478684267923e-05,-5.1405424692229644e-06,1.3884985056625193e-05,-8.98399558006467e-06,3.243493627702205e-06,3.843453110841705e-06,UNQUALIFIED_DIAGNOSTIC
LZ-FINAL,8,top,-2,0,s,"{""alpha"":{""imag"":0.0,""real"":-0.0013670850793925382},""beta"":{""imag"":0.0,""real"":8.975978906149711},""classification"":""propagating"",""e_vector"":[{""imag"":0.0,""real"":-0.0},{""imag"":0.0,""real"":-1.0},{""imag"":0.0,""real"":0.0}],""electric_tangential_norm_sq"":1.0,""gamma"":{""imag"":0.0,""real"":0.0},""h_vector"":[{""imag"":0.0,""real"":0.9999999884016172},{""imag"":0.0,""real"":0.0},{""imag"":-0.0,""real"":0.00015230484360874904}],""k_vector"":[{""imag"":0.0,""real"":-0.0013670850793925382},{""imag"":0.0,""real"":0.0},{""imag"":0.0,""real"":8.975978906149711}],""m"":-2,""mode_index"":8,""n"":0,""polarization"":""s"",""power_per_unit_amplitude"":0.7349999914751887,""projection_denominator"":1.47,""propagating"":true,""rayleigh_tolerance"":1e-06,""rayleigh_warning"":false,""refractive_index"":{""imag"":0.0,""real"":1.0},""schema"":""fullspace-dtn.mode.v1"",""side"":""top"",""traction_vector"":[{""imag"":0.0,""real"":0.0},{""imag"":-8.975978906149711,""real"":0.0},{""imag"":0.0,""real"":0.0}],""vertical_sign"":1}",1.225,2.0661813288876925e-06,2.0074023738709126e-06,2.066181329210427e-06,2.007402373748774e-06,3.266661606981309e-06,1.579199203088943e-05,-1.2004802780936166e-06,-1.3784589657018517e-05,UNQUALIFIED_DIAGNOSTIC
LZ-FINAL,9,top,-2,0,p,"{""alpha"":{""imag"":0.0,""real"":-0.0013670850793925382},""beta"":{""imag"":0.0,""real"":8.975978906149711},""classification"":""propagating"",""e_vector"":[{""imag"":0.0,""real"":0.9999999884016174},{""imag"":0.0,""real"":0.0},{""imag"":-0.0,""real"":0.00015230484360874907}],""electric_tangential_norm_sq"":0.9999999768032349,""gamma"":{""imag"":0.0,""real"":0.0},""h_vector"":[{""imag"":0.0,""real"":0.0},{""imag"":0.0,""real"":1.0000000000000002},{""imag"":0.0,""real"":0.0}],""k_vector"":[{""imag"":0.0,""real"":-0.0013670850793925382},{""imag"":0.0,""real"":0.0},{""imag"":0.0,""real"":8.975978906149711}],""m"":-2,""mode_index"":9,""n"":0,""polarization"":""p"",""power_per_unit_amplitude"":0.7349999914751889,""projection_denominator"":1.4699999659007554,""propagating"":true,""rayleigh_tolerance"":1e-06,""rayleigh_warning"":false,""refractive_index"":{""imag"":0.0,""real"":1.0},""schema"":""fullspace-dtn.mode.v1"",""side"":""top"",""traction_vector"":[{""imag"":8.975979010256554,""real"":0.0},{""imag"":0.0,""real"":-0.0},{""imag"":0.0,""real"":0.0}],""vertical_sign"":1}",1.225,-7.736600934787033e-07,2.9749088199489048e-06,-7.736600934787033e-07,2.9749088199489048e-06,-2.0122553573612502e-16,1.8658087211231932e-16,-7.736600932774778e-07,2.9749088197623237e-06,UNQUALIFIED_DIAGNOSTIC
LZ-FINAL,10,top,-2,1,s,"{""alpha"":{""imag"":0.0,""real"":-0.0013670850793925382},""beta"":{""imag"":0.0,""real"":6.690299604174327},""classification"":""propagating"",""e_vector"":[{""imag"":0.0,""real"":-0.9999999739036398},{""imag"":0.0,""real"":-0.00022845725945122052},{""imag"":0.0,""real"":0.0}],""electric_tangential_norm_sq"":0.9999999999999997,""gamma"":{""imag"":0.0,""real"":5.983986006837701},""h_vector"":[{""imag"":0.0,""real"":0.00017028198380708622},{""imag"":0.0,""real"":-0.7453559574879883},{""imag"":-0.0,""real"":0.6666666840642403}],""k_vector"":[{""imag"":0.0,""real"":-0.0013670850793925382},{""imag"":0.0,""real"":5.983986006837701},{""imag"":0.0,""real"":6.690299604174327}],""m"":-2,""mode_index"":10,""n"":1,""polarization"":""s"",""power_per_unit_amplitude"":0.5478366430502136,""projection_denominator"":1.4699999999999995,""propagating"":true,""rayleigh_tolerance"":1e-06,""rayleigh_warning"":false,""refractive_index"":{""imag"":0.0,""real"":1.0},""schema"":""fullspace-dtn.mode.v1"",""side"":""top"",""traction_vector"":[{""imag"":-6.6902994295818585,""real"":0.0},{""imag"":-0.001528447512477252,""real"":0.0},{""imag"":0.0,""real"":0.0}],""vertical_sign"":1}",1.225,7.553057970610391e-06,5.048926084073177e-07,7.553057970610391e-06,5.048926084073189e-07,-7.195797779243505e-09,4.334218822436149e-09,7.560253768389635e-06,5.005583895848816e-07,UNQUALIFIED_DIAGNOSTIC
LZ-FINAL,11,top,-2,1,p,"{""alpha"":{""imag"":0.0,""real"":-0.0013670850793925382},""beta"":{""imag"":0.0,""real"":6.690299604174327},""classification"":""propagating"",""e_vector"":[{""imag"":0.0,""real"":0.00017028198380708627},{""imag"":0.0,""real"":-0.7453559574879884},{""imag"":-0.0,""real"":0.6666666840642405}],""electric_tangential_norm_sq"":0.5555555323587901,""gamma"":{""imag"":0.0,""real"":5.983986006837701},""h_vector"":[{""imag"":0.0,""real"":0.9999999739036399},{""imag"":0.0,""real"":0.00022845725945122054},{""imag"":0.0,""real"":-2.4157858908685565e-20}],""k_vector"":[{""imag"":0.0,""real"":-0.0013670850793925382},{""imag"":0.0,""real"":5.983986006837701},{""imag"":0.0,""real"":6.690299604174327}],""m"":-2,""mode_index"":11,""n"":1,""polarization"":""p"",""power_per_unit_amplitude"":0.5478366430502138,""projection_denominator"":0.8166666325674213,""propagating"":true,""rayleigh_tolerance"":1e-06,""rayleigh_warning"":false,""refractive_index"":{""imag"":0.0,""real"":1.0},""schema"":""fullspace-dtn.mode.v1"",""side"":""top"",""traction_vector"":[{""imag"":0.002050627565574891,""real"":0.0},{""imag"":-8.975978776016172,""real"":0.0},{""imag"":0.0,""real"":0.0}],""vertical_sign"":1}",1.225,-1.2660361659396027e-05,1.4067016779834511e-05,-1.266036165945975e-05,1.4067016779834511e-05,-1.3884985056452473e-05,8.983995580305071e-06,1.2246233970564464e-06,5.08302119952944e-06,UNQUALIFIED_DIAGNOSTIC
LZ-FINAL,12,top,-1,-1,s,"{""alpha"":{""imag"":0.0,""real"":4.486622420048883},""beta"":{""imag"":0.0,""real"":4.962895316491319},""classification"":""propagating"",""e_vector"":[{""imag"":-0.0,""real"":0.8000877286570669},{""imag"":0.0,""real"":0.5998830106382207},{""imag"":0.0,""real"":0.0}],""electric_tangential_norm_sq"":0.9999999999999999,""gamma"":{""imag"":0.0,""real"":-5.983986006837701},""h_vector"":[{""imag"":0.0,""real"":-0.33168043068474645},{""imag"":0.0,""real"":0.4423753260560312},{""imag"":0.0,""real"":0.8332419593357027}],""k_vector"":[{""imag"":0.0,""real"":4.486622420048883},{""imag"":0.0,""real"":-5.983986006837701},{""imag"":0.0,""real"":4.962895316491319}],""m"":-1,""mode_index"":12,""n"":-1,""polarization"":""s"",""power_per_unit_amplitude"":0.4063877659977793,""projection_denominator"":1.4699999999999998,""propagating"":true,""rayleigh_tolerance"":1e-06,""rayleigh_warning"":false,""refractive_index"":{""imag"":0.0,""real"":1.0},""schema"":""fullspace-dtn.mode.v1"",""side"":""top"",""traction_vector"":[{""imag"":3.9707516413343344,""real"":0.0},{""imag"":2.9771565839391374,""real"":0.0},{""imag"":-0.0,""real"":0.0}],""vertical_sign"":1}",1.225,2.0939741344113817e-05,-1.943623718935509e-05,2.0939741344080776e-05,-1.943623718935509e-05,2.555102944959861e-05,-1.2421186840752343e-05,-4.611288105484792e-06,-7.015050348602747e-06,UNQUALIFIED_DIAGNOSTIC
LZ-FINAL,13,top,-1,-1,p,"{""alpha"":{""imag"":0.0,""real"":4.486622420048883},""beta"":{""imag"":0.0,""real"":4.962895316491319},""classification"":""propagating"",""e_vector"":[{""imag"":0.0,""real"":-0.3316804306847465},{""imag"":0.0,""real"":0.4423753260560313},{""imag"":0.0,""real"":0.833241959335703}],""electric_tangential_norm_sq"":0.3057078372023989,""gamma"":{""imag"":0.0,""real"":-5.983986006837701},""h_vector"":[{""imag"":0.0,""real"":-0.8000877286570669},{""imag"":0.0,""real"":-0.5998830106382207},{""imag"":0.0,""real"":-2.4737647522494018e-17}],""k_vector"":[{""imag"":0.0,""real"":4.486622420048883},{""imag"":0.0,""real"":-5.983986006837701},{""imag"":0.0,""real"":4.962895316491319}],""m"":-1,""mode_index"":13,""n"":-1,""polarization"":""p"",""power_per_unit_amplitude"":0.4063877659977795,""projection_denominator"":0.4493905206875264,""propagating"":true,""rayleigh_tolerance"":1e-06,""rayleigh_warning"":false,""refractive_index"":{""imag"":0.0,""real"":1.0},""schema"":""fullspace-dtn.mode.v1"",""side"":""top"",""traction_vector"":[{""imag"":-5.384537312098177,""real"":0.0},{""imag"":7.181570658789672,""real"":0.0},{""imag"":0.0,""real"":0.0}],""vertical_sign"":1}",1.225,2.2684548267638116e-05,-4.6728646420156295e-06,2.268454826754547e-05,-4.672864642042651e-06,1.8842193182604635e-05,-9.15911227089638e-06,3.842355085033481e-06,4.48624762888075e-06,UNQUALIFIED_DIAGNOSTIC
LZ-FINAL,14,top,-1,0,s,"{""alpha"":{""imag"":0.0,""real"":4.486622420048883},""beta"":{""imag"":0.0,""real"":7.774214973389975},""classification"":""propagating"",""e_vector"":[{""imag"":0.0,""real"":-0.0},{""imag"":0.0,""real"":1.0},{""imag"":0.0,""real"":0.0}],""electric_tangential_norm_sq"":1.0,""gamma"":{""imag"":0.0,""real"":0.0},""h_vector"":[{""imag"":0.0,""real"":-0.8661133191718294},{""imag"":0.0,""real"":0.0},{""imag"":0.0,""real"":0.4998476951563912}],""k_vector"":[{""imag"":0.0,""real"":4.486622420048883},{""imag"":0.0,""real"":0.0},{""imag"":0.0,""real"":7.774214973389975}],""m"":-1,""mode_index"":14,""n"":0,""polarization"":""s"",""power_per_unit_amplitude"":0.6365932895912946,""projection_denominator"":1.47,""propagating"":true,""rayleigh_tolerance"":1e-06,""rayleigh_warning"":false,""refractive_index"":{""imag"":0.0,""real"":1.0},""schema"":""fullspace-dtn.mode.v1"",""side"":""top"",""traction_vector"":[{""imag"":0.0,""real"":-0.0},{""imag"":7.774214973389975,""real"":0.0},{""imag"":-0.0,""real"":0.0}],""vertical_sign"":1}",1.225,-9.537042980075963e-05,-8.63606965954468e-05,-9.537042980036784e-05,-8.636069659489512e-05,-0.0001077984191275123,-7.256319276933049e-05,1.2427989326752677e-05,-1.3797503826116315e-05,UNQUALIFIED_DIAGNOSTIC
LZ-FINAL,15,top,-1,0,p,"{""alpha"":{""imag"":0.0,""real"":4.486622420048883},""beta"":{""imag"":0.0,""real"":7.774214973389975},""classification"":""propagating"",""e_vector"":[{""imag"":0.0,""real"":-0.8661133191718294},{""imag"":0.0,""real"":0.0},{""imag"":0.0,""real"":0.4998476951563912}],""electric_tangential_norm_sq"":0.7501522816468433,""gamma"":{""imag"":0.0,""real"":0.0},""h_vector"":[{""imag"":0.0,""real"":0.0},{""imag"":0.0,""real"":-1.0},{""imag"":0.0,""real"":0.0}],""k_vector"":[{""imag"":0.0,""real"":4.486622420048883},{""imag"":0.0,""real"":0.0},{""imag"":0.0,""real"":7.774214973389975}],""m"":-1,""mode_index"":15,""n"":0,""polarization"":""p"",""power_per_unit_amplitude"":0.6365932895912946,""projection_denominator"":1.1027238540208597,""propagating"":true,""rayleigh_tolerance"":1e-06,""rayleigh_warning"":false,""refractive_index"":{""imag"":0.0,""real"":1.0},""schema"":""fullspace-dtn.mode.v1"",""side"":""top"",""traction_vector"":[{""imag"":-8.975979010256552,""real"":0.0},{""imag"":0.0,""real"":0.0},{""imag"":0.0,""real"":0.0}],""vertical_sign"":1}",1.225,-1.4760790341598899e-06,1.855520648998466e-07,-1.4760790341598899e-06,1.855520648998466e-07,-7.512217828146564e-16,7.306111960405604e-16,-1.476079033408668e-06,1.855520641692354e-07,UNQUALIFIED_DIAGNOSTIC
LZ-FINAL,16,top,-1,1,s,"{""alpha"":{""imag"":0.0,""real"":4.486622420048883},""beta"":{""imag"":0.0,""real"":4.962895316491319},""classification"":""propagating"",""e_vector"":[{""imag"":0.0,""real"":-0.8000877286570669},{""imag"":0.0,""real"":0.5998830106382207},{""imag"":0.0,""real"":0.0}],""electric_tangential_norm_sq"":0.9999999999999999,""gamma"":{""imag"":0.0,""real"":5.983986006837701},""h_vector"":[{""imag"":0.0,""real"":-0.33168043068474645},{""imag"":0.0,""real"":-0.4423753260560312},{""imag"":0.0,""real"":0.8332419593357027}],""k_vector"":[{""imag"":0.0,""real"":4.486622420048883},{""imag"":0.0,""real"":5.983986006837701},{""imag"":0.0,""real"":4.962895316491319}],""m"":-1,""mode_index"":16,""n"":1,""polarization"":""s"",""power_per_unit_amplitude"":0.4063877659977793,""projection_denominator"":1.4699999999999998,""propagating"":true,""rayleigh_tolerance"":1e-06,""rayleigh_warning"":false,""refractive_index"":{""imag"":0.0,""real"":1.0},""schema"":""fullspace-dtn.mode.v1"",""side"":""top"",""traction_vector"":[{""imag"":-3.9707516413343344,""real"":0.0},{""imag"":2.9771565839391374,""real"":0.0},{""imag"":0.0,""real"":0.0}],""vertical_sign"":1}",1.225,2.9529053454001972e-05,-1.0632748506639629e-05,2.9529053454017313e-05,-1.0632748506619568e-05,2.5551029449478588e-05,-1.2421186840209803e-05,3.9780240045233835e-06,1.788438333570174e-06,UNQUALIFIED_DIAGNOSTIC
LZ-FINAL,17,top,-1,1,p,"{""alpha"":{""imag"":0.0,""real"":4.486622420048883},""beta"":{""imag"":0.0,""real"":4.962895316491319},""classification"":""propagating"",""e_vector"":[{""imag"":0.0,""real"":-0.3316804306847465},{""imag"":0.0,""real"":-0.4423753260560313},{""imag"":0.0,""real"":0.833241959335703}],""electric_tangential_norm_sq"":0.3057078372023989,""gamma"":{""imag"":0.0,""real"":5.983986006837701},""h_vector"":[{""imag"":0.0,""real"":0.8000877286570669},{""imag"":0.0,""real"":-0.5998830106382207},{""imag"":0.0,""real"":2.4737647522494018e-17}],""k_vector"":[{""imag"":0.0,""real"":4.486622420048883},{""imag"":0.0,""real"":5.983986006837701},{""imag"":0.0,""real"":4.962895316491319}],""m"":-1,""mode_index"":17,""n"":1,""polarization"":""p"",""power_per_unit_amplitude"":0.4063877659977795,""projection_denominator"":0.4493905206875264,""propagating"":true,""rayleigh_tolerance"":1e-06,""rayleigh_warning"":false,""refractive_index"":{""imag"":0.0,""real"":1.0},""schema"":""fullspace-dtn.mode.v1"",""side"":""top"",""traction_vector"":[{""imag"":-5.384537312098177,""real"":0.0},{""imag"":-7.181570658789672,""real"":0.0},{""imag"":0.0,""real"":0.0}],""vertical_sign"":1}",1.225,-1.4710974246602253e-05,9.191910729928043e-06,-1.4710974246683315e-05,9.191910729916463e-06,-1.884219318237659e-05,9.159112271291004e-06,4.131218935774337e-06,3.2798458637039974e-08,UNQUALIFIED_DIAGNOSTIC
LZ-FINAL,18,top,0,0,s,"{""alpha"":{""imag"":0.0,""real"":8.97461192517716},""beta"":{""imag"":0.0,""real"":0.15665243385951635},""classification"":""propagating"",""e_vector"":[{""imag"":0.0,""real"":-0.0},{""imag"":0.0,""real"":1.0},{""imag"":0.0,""real"":0.0}],""electric_tangential_norm_sq"":1.0,""gamma"":{""imag"":0.0,""real"":0.0},""h_vector"":[{""imag"":0.0,""real"":-0.017452406437282755},{""imag"":0.0,""real"":0.0},{""imag"":0.0,""real"":0.9998476951563912}],""k_vector"":[{""imag"":0.0,""real"":8.97461192517716},{""imag"":0.0,""real"":0.0},{""imag"":0.0,""real"":0.15665243385951635}],""m"":0,""mode_index"":18,""n"":0,""polarization"":""s"",""power_per_unit_amplitude"":0.012827518731402825,""projection_denominator"":1.47,""propagating"":true,""rayleigh_tolerance"":1e-06,""rayleigh_warning"":false,""refractive_index"":{""imag"":0.0,""real"":1.0},""schema"":""fullspace-dtn.mode.v1"",""side"":""top"",""traction_vector"":[{""imag"":0.0,""real"":-0.0},{""imag"":0.15665243385951635,""real"":0.0},{""imag"":-0.0,""real"":0.0}],""vertical_sign"":1}",1.225,1.2300084425350017,-0.5113566468329799,-0.0328502412298929,-0.11146711215597667,1.2301124466956983,-0.5354375258627233,-0.00010400416069655805,0.02408087902974343,UNQUALIFIED_DIAGNOSTIC
LZ-FINAL,19,top,0,0,p,"{""alpha"":{""imag"":0.0,""real"":8.97461192517716},""beta"":{""imag"":0.0,""real"":0.15665243385951635},""classification"":""propagating"",""e_vector"":[{""imag"":0.0,""real"":-0.01745240643728276},{""imag"":0.0,""real"":0.0},{""imag"":0.0,""real"":0.9998476951563914}],""electric_tangential_norm_sq"":0.0003045864904521087,""gamma"":{""imag"":0.0,""real"":0.0},""h_vector"":[{""imag"":0.0,""real"":0.0},{""imag"":0.0,""real"":-1.0000000000000002},{""imag"":0.0,""real"":0.0}],""k_vector"":[{""imag"":0.0,""real"":8.97461192517716},{""imag"":0.0,""real"":0.0},{""imag"":0.0,""real"":0.15665243385951635}],""m"":0,""mode_index"":19,""n"":0,""polarization"":""p"",""power_per_unit_amplitude"":0.01282751873140283,""projection_denominator"":0.0004477421409645998,""propagating"":true,""rayleigh_tolerance"":1e-06,""rayleigh_warning"":false,""refractive_index"":{""imag"":0.0,""real"":1.0},""schema"":""fullspace-dtn.mode.v1"",""side"":""top"",""traction_vector"":[{""imag"":-8.975979010256554,""real"":0.0},{""imag"":0.0,""real"":0.0},{""imag"":0.0,""real"":0.0}],""vertical_sign"":1}",1.225,-1.0820702744151465e-06,1.648965562458412e-06,-1.082070273883769e-06,1.648965562290149e-06,-3.154010265628375e-14,6.2826313755395736e-15,-1.0820702428750437e-06,1.6489655561757805e-06,UNQUALIFIED_DIAGNOSTIC
LZ-FINAL,20,bottom,-3,-1,s,"{""alpha"":{""imag"":0.0,""real"":-4.489356590207668},""beta"":{""imag"":7.026217474247436e-05,""real"":4.958556350844336},""classification"":""propagating"",""e_vector"":[{""imag"":-0.0,""real"":0.7999122734807461},{""imag"":0.0,""real"":-0.6001169508811294},{""imag"":0.0,""real"":0.0}],""electric_tangential_norm_sq"":0.9999999999999998,""gamma"":{""imag"":0.0,""real"":-5.983986006837701},""h_vector"":[{""imag"":-4.697595885702236e-06,""real"":-0.3315196832168072},{""imag"":-6.261553850976274e-06,""real"":-0.4418916398148882},{""imag"":-0.0,""real"":0.8334247251460797}],""k_vector"":[{""imag"":0.0,""real"":-4.489356590207668},{""imag"":0.0,""real"":-5.983986006837701},{""imag"":-7.026217474247436e-05,""real"":-4.958556350844336}],""m"":-3,""mode_index"":20,""n"":-1,""polarization"":""s"",""power_per_unit_amplitude"":0.4060324688489237,""projection_denominator"":1.4699638505555863,""propagating"":true,""rayleigh_tolerance"":1e-06,""rayleigh_warning"":false,""refractive_index"":{""imag"":4.32477054e-06,""real"":0.999885140474},""schema"":""fullspace-dtn.mode.v1"",""side"":""bottom"",""traction_vector"":[{""imag"":3.9664100837862852,""real"":-5.620357593795412e-05},{""imag"":-2.975713718040963,""real"":4.216552206873081e-05},{""imag"":0.0,""real"":0.0}],""vertical_sign"":-1}",-0.175,-6.058880030769779e-06,-4.3168814063580273e-07,-6.058880030768599e-06,-4.3168814061928114e-07,-9.549378700067261e-06,-4.3615840469472487e-07,3.4904986692974822e-06,4.470264058922144e-09,UNQUALIFIED_DIAGNOSTIC
LZ-FINAL,21,bottom,-3,-1,p,"{""alpha"":{""imag"":0.0,""real"":-4.489356590207668},""beta"":{""imag"":7.026217474247436e-05,""real"":4.958556350844336},""classification"":""propagating"",""e_vector"":[{""imag"":-3.264059536059784e-06,""real"":-0.33155776578462687},{""imag"":-4.350754099567616e-06,""real"":-0.4419424011095991},{""imag"":-3.605198833694458e-06,""real"":0.8335204628602758}],""electric_tangential_norm_sq"":0.30524363798019444,""gamma"":{""imag"":0.0,""real"":-5.983986006837701},""h_vector"":[{""imag"":-3.4594370347866507e-06,""real"":-0.7998203959021161},{""imag"":2.595368109614824e-06,""real"":0.6000480217070564},{""imag"":0.0,""real"":4.9475295044988036e-17}],""k_vector"":[{""imag"":0.0,""real"":-4.489356590207668},{""imag"":0.0,""real"":-5.983986006837701},{""imag"":-7.026217474247436e-05,""real"":-4.958556350844336}],""m"":-3,""mode_index"":21,""n"":-1,""polarization"":""p"",""power_per_unit_amplitude"":0.4060324688489239,""projection_denominator"":0.4486971134429621,""propagating"":true,""rayleigh_tolerance"":1e-06,""rayleigh_warning"":false,""refractive_index"":{""imag"":4.32477054e-06,""real"":0.999885140474},""schema"":""fullspace-dtn.mode.v1"",""side"":""bottom"",""traction_vector"":[{""imag"":-5.386018447988506,""real"":2.3295969675791888e-05},{""imag"":-7.179171085592479,""real"":3.105183421154914e-05},{""imag"":0.0,""real"":0.0}],""vertical_sign"":-1}",-0.175,-3.1365638425352495e-06,-4.050164304742674e-06,-3.136563842585509e-06,-4.0501643047156114e-06,-7.0323782198768244e-06,-3.1660784057617397e-07,3.8958143773415745e-06,-3.7335564641665e-06,UNQUALIFIED_DIAGNOSTIC
LZ-FINAL,22,bottom,-3,0,s,"{""alpha"":{""imag"":0.0,""real"":-4.489356590207668},""beta"":{""imag"":4.483064829471781e-05,""real"":7.771445786441615},""classification"":""propagating"",""e_vector"":[{""imag"":0.0,""real"":-0.0},{""imag"":0.0,""real"":-1.0},{""imag"":0.0,""real"":0.0}],""electric_tangential_norm_sq"":1.0,""gamma"":{""imag"":0.0,""real"":0.0},""h_vector"":[{""imag"":-4.994513494683011e-06,""real"":-0.8658048083180055},{""imag"":0.0,""real"":0.0},{""imag"":-0.0,""real"":0.5001523048436087}],""k_vector"":[{""imag"":0.0,""real"":-4.489356590207668},{""imag"":0.0,""real"":0.0},{""imag"":-4.483064829471781e-05,""real"":-7.771445786441615}],""m"":-3,""mode_index"":22,""n"":0,""polarization"":""s"",""power_per_unit_amplitude"":0.6363665341137341,""projection_denominator"":1.469976934812407,""propagating"":true,""rayleigh_tolerance"":1e-06,""rayleigh_warning"":false,""refractive_index"":{""imag"":4.32477054e-06,""real"":0.999885140474},""schema"":""fullspace-dtn.mode.v1"",""side"":""bottom"",""traction_vector"":[{""imag"":0.0,""real"":-0.0},{""imag"":-7.771445786441615,""real"":4.483064829471781e-05},{""imag"":0.0,""real"":0.0}],""vertical_sign"":-1}",-0.175,6.75691490393681e-06,-4.153483389748929e-05,6.756914904140968e-06,-4.153483389797313e-05,2.2500825790873014e-05,-3.5535196088581886e-05,-1.5743910886936206e-05,-5.999637808907402e-06,UNQUALIFIED_DIAGNOSTIC
LZ-FINAL,23,bottom,-3,0,p,"{""alpha"":{""imag"":0.0,""real"":-4.489356590207668},""beta"":{""imag"":4.483064829471781e-05,""real"":7.771445786441615},""classification"":""propagating"",""e_vector"":[{""imag"":-1.2498197897239332e-06,""real"":-0.8659042656715219},{""imag"":0.0,""real"":0.0},{""imag"":-2.163540931475541e-06,""real"":0.5002097586869129}],""electric_tangential_norm_sq"":0.7497901973096996,""gamma"":{""imag"":0.0,""real"":0.0},""h_vector"":[{""imag"":0.0,""real"":0.0},{""imag"":4.324770539973001e-06,""real"":0.999885140467758},{""imag"":0.0,""real"":0.0}],""k_vector"":[{""imag"":0.0,""real"":-4.489356590207668},{""imag"":0.0,""real"":0.0},{""imag"":-4.483064829471781e-05,""real"":-7.771445786441615}],""m"":-3,""mode_index"":23,""n"":0,""polarization"":""p"",""power_per_unit_amplitude"":0.6363665341137341,""projection_denominator"":1.1021742959937022,""propagating"":true,""rayleigh_tolerance"":1e-06,""rayleigh_warning"":false,""refractive_index"":{""imag"":4.32477054e-06,""real"":0.999885140474},""schema"":""fullspace-dtn.mode.v1"",""side"":""bottom"",""traction_vector"":[{""imag"":-8.97494803350602,""real"":3.881904959097355e-05},{""imag"":0.0,""real"":0.0},{""imag"":0.0,""real"":0.0}],""vertical_sign"":-1}",-0.175,-7.528289239698101e-07,4.178201265317882e-07,-7.528289239698101e-07,4.178201265317882e-07,9.921735257066193e-16,7.637390319947128e-17,-7.528289249619836e-07,4.178201264554143e-07,UNQUALIFIED_DIAGNOSTIC
LZ-FINAL,24,bottom,-3,1,s,"{""alpha"":{""imag"":0.0,""real"":-4.489356590207668},""beta"":{""imag"":7.026217474247436e-05,""real"":4.958556350844336},""classification"":""propagating"",""e_vector"":[{""imag"":0.0,""real"":-0.7999122734807461},{""imag"":0.0,""real"":-0.6001169508811294},{""imag"":0.0,""real"":0.0}],""electric_tangential_norm_sq"":0.9999999999999998,""gamma"":{""imag"":0.0,""real"":5.983986006837701},""h_vector"":[{""imag"":-4.697595885702236e-06,""real"":-0.3315196832168072},{""imag"":6.261553850976274e-06,""real"":0.4418916398148882},{""imag"":-0.0,""real"":0.8334247251460797}],""k_vector"":[{""imag"":0.0,""real"":-4.489356590207668},{""imag"":0.0,""real"":5.983986006837701},{""imag"":-7.026217474247436e-05,""real"":-4.958556350844336}],""m"":-3,""mode_index"":24,""n"":1,""polarization"":""s"",""power_per_unit_amplitude"":0.4060324688489237,""projection_denominator"":1.4699638505555863,""propagating"":true,""rayleigh_tolerance"":1e-06,""rayleigh_warning"":false,""refractive_index"":{""imag"":4.32477054e-06,""real"":0.999885140474},""schema"":""fullspace-dtn.mode.v1"",""side"":""bottom"",""traction_vector"":[{""imag"":-3.9664100837862852,""real"":5.620357593795412e-05},{""imag"":-2.975713718040963,""real"":4.216552206873081e-05},{""imag"":0.0,""real"":0.0}],""vertical_sign"":-1}",-0.175,-4.588817848623626e-06,5.561150438629829e-06,-4.588817848656669e-06,5.56115043864163e-06,-9.549378700351722e-06,-4.3615840435813124e-07,4.960560851728096e-06,5.9973088429879604e-06,UNQUALIFIED_DIAGNOSTIC
LZ-FINAL,25,bottom,-3,1,p,"{""alpha"":{""imag"":0.0,""real"":-4.489356590207668},""beta"":{""imag"":7.026217474247436e-05,""real"":4.958556350844336},""classification"":""propagating"",""e_vector"":[{""imag"":-3.264059536059784e-06,""real"":-0.33155776578462687},{""imag"":4.350754099567616e-06,""real"":0.4419424011095991},{""imag"":-3.605198833694458e-06,""real"":0.8335204628602758}],""electric_tangential_norm_sq"":0.30524363798019444,""gamma"":{""imag"":0.0,""real"":5.983986006837701},""h_vector"":[{""imag"":3.4594370347866507e-06,""real"":0.7998203959021161},{""imag"":2.595368109614824e-06,""real"":0.6000480217070564},{""imag"":0.0,""real"":-4.9475295044988036e-17}],""k_vector"":[{""imag"":0.0,""real"":-4.489356590207668},{""imag"":0.0,""real"":5.983986006837701},{""imag"":-7.026217474247436e-05,""real"":-4.958556350844336}],""m"":-3,""mode_index"":25,""n"":1,""polarization"":""p"",""power_per_unit_amplitude"":0.4060324688489239,""projection_denominator"":0.4486971134429621,""propagating"":true,""rayleigh_tolerance"":1e-06,""rayleigh_warning"":false,""refractive_index"":{""imag"":4.32477054e-06,""real"":0.999885140474},""schema"":""fullspace-dtn.mode.v1"",""side"":""bottom"",""traction_vector"":[{""imag"":-5.386018447988506,""real"":2.3295969675791888e-05},{""imag"":7.179171085592479,""real"":-3.105183421154914e-05},{""imag"":0.0,""real"":0.0}],""vertical_sign"":-1}",-0.175,1.0938401272013782e-05,-7.154829615615595e-07,1.0938401272060175e-05,-7.15482961546095e-07,7.0323782197460426e-06,3.16607841783482e-07,3.906023052267739e-06,-1.0320908033450414e-06,UNQUALIFIED_DIAGNOSTIC
LZ-FINAL,26,bottom,-2,-1,s,"{""alpha"":{""imag"":0.0,""real"":-0.0013670850793925382},""beta"":{""imag"":5.2086008415877786e-05,""real"":6.68891634028968},""classification"":""propagating"",""e_vector"":[{""imag"":-0.0,""real"":0.9999999739036398},{""imag"":0.0,""real"":-0.00022845725945122052},{""imag"":0.0,""real"":0.0}],""electric_tangential_norm_sq"":0.9999999999999997,""gamma"":{""imag"":0.0,""real"":-5.983986006837701},""h_vector"":[{""imag"":-1.3256968097683348e-09,""real"":-0.0001702467768758063},{""imag"":-5.802821842286574e-06,""real"":-0.7452018501926205},{""imag"":-0.0,""real"":0.6666666840642403}],""k_vector"":[{""imag"":0.0,""real"":-0.0013670850793925382},{""imag"":0.0,""real"":-5.983986006837701},{""imag"":-5.2086008415877786e-05,""real"":-6.68891634028968}],""m"":-2,""mode_index"":26,""n"":-1,""polarization"":""s"",""power_per_unit_amplitude"":0.5477233741851624,""projection_denominator"":1.4699732019929355,""propagating"":true,""rayleigh_tolerance"":1e-06,""rayleigh_warning"":false,""refractive_index"":{""imag"":4.32477054e-06,""real"":0.999885140474},""schema"":""fullspace-dtn.mode.v1"",""side"":""bottom"",""traction_vector"":[{""imag"":6.68891616573331,""real"":-5.208600705662255e-05},{""imag"":-0.0015281314958010678,""real"":1.1899426738444647e-08},{""imag"":0.0,""real"":0.0}],""vertical_sign"":-1}",-0.175,-6.077241154331161e-06,-1.6060685686027549e-06,-6.077241154331152e-06,-1.6060685686027498e-06,-8.318854379968599e-09,-1.6920271814008964e-09,-6.068922299951193e-06,-1.604376541421354e-06,UNQUALIFIED_DIAGNOSTIC
LZ-FINAL,27,bottom,-2,-1,p,"{""alpha"":{""imag"":0.0,""real"":-0.0013670850793925382},""beta"":{""imag"":5.2086008415877786e-05,""real"":6.68891634028968},""classification"":""propagating"",""e_vector"":[{""imag"":-5.894016846993088e-10,""real"":-0.0001702663335861758},{""imag"":-2.5799209477250923e-06,""real"":-0.7452874535562701},{""imag"":-2.8838428707480877e-06,""real"":0.6667432658572671}],""electric_tangential_norm_sq"":0.5554534174256699,""gamma"":{""imag"":0.0,""real"":-5.983986006837701},""h_vector"":[{""imag"":-4.32477042707448e-06,""real"":-0.999885114365667},{""imag"":9.880252253089822e-10,""real"":0.0002284310189552686},{""imag"":-4.6077459161158685e-26,""real"":2.4157858908685565e-20}],""k_vector"":[{""imag"":0.0,""real"":-0.0013670850793925382},{""imag"":0.0,""real"":-5.983986006837701},{""imag"":-5.2086008415877786e-05,""real"":-6.68891634028968}],""m"":-2,""mode_index"":27,""n"":-1,""polarization"":""p"",""power_per_unit_amplitude"":0.547723374185163,""projection_denominator"":0.8165016385711308,""propagating"":true,""rayleigh_tolerance"":1e-06,""rayleigh_warning"":false,""refractive_index"":{""imag"":4.32477054e-06,""real"":0.999885140474},""schema"":""fullspace-dtn.mode.v1"",""side"":""bottom"",""traction_vector"":[{""imag"":-0.0020503920314340076,""real"":8.868493683977426e-09},{""imag"":-8.974947799214199,""real"":3.8819048577598794e-05},{""imag"":0.0,""real"":0.0}],""vertical_sign"":-1}",-0.175,-1.7287774151279762e-05,-2.9211248975523704e-06,-1.728777415123727e-05,-2.9211248975523704e-06,-1.649730512294347e-05,-2.8045120940932605e-06,-7.904690283362918e-07,-1.166128034591099e-07,UNQUALIFIED_DIAGNOSTIC
LZ-FINAL,28,bottom,-2,0,s,"{""alpha"":{""imag"":0.0,""real"":-0.0013670850793925382},""beta"":{""imag"":3.8819050041557536e-05,""real"":8.97494792944325},""classification"":""propagating"",""e_vector"":[{""imag"":0.0,""real"":-0.0},{""imag"":0.0,""real"":-1.0},{""imag"":0.0,""real"":0.0}],""electric_tangential_norm_sq"":1.0,""gamma"":{""imag"":0.0,""real"":0.0},""h_vector"":[{""imag"":-4.324770590171869e-06,""real"":-0.9998851288742849},{""imag"":0.0,""real"":0.0},{""imag"":-0.0,""real"":0.00015230484360874904}],""k_vector"":[{""imag"":0.0,""real"":-0.0013670850793925382},{""imag"":0.0,""real"":0.0},{""imag"":-3.8819050041557536e-05,""real"":-8.97494792944325}],""m"":-2,""mode_index"":28,""n"":0,""polarization"":""s"",""power_per_unit_amplitude"":0.7349155697225994,""projection_denominator"":1.4699800277344321,""propagating"":true,""rayleigh_tolerance"":1e-06,""rayleigh_warning"":false,""refractive_index"":{""imag"":4.32477054e-06,""real"":0.999885140474},""schema"":""fullspace-dtn.mode.v1"",""side"":""bottom"",""traction_vector"":[{""imag"":0.0,""real"":-0.0},{""imag"":-8.97494792944325,""real"":3.8819050041557536e-05},{""imag"":0.0,""real"":0.0}],""vertical_sign"":-1}",-0.175,4.5194374402585676e-06,-1.556113118694829e-05,4.519437439998895e-06,-1.5561131186639692e-05,-3.2981256979544157e-06,-1.607450770976354e-05,7.817563138212983e-06,5.133765228152491e-07,UNQUALIFIED_DIAGNOSTIC
LZ-FINAL,29,bottom,-2,0,p,"{""alpha"":{""imag"":0.0,""real"":-0.0013670850793925382},""beta"":{""imag"":3.8819050041557536e-05,""real"":8.97494792944325},""classification"":""propagating"",""e_vector"":[{""imag"":-1.0035526433266723e-13,""real"":-0.9999999883989524},{""imag"":0.0,""real"":0.0},{""imag"":-6.588348389489128e-10,""real"":0.00015232233927758835}],""electric_tangential_norm_sq"":0.999999976797905,""gamma"":{""imag"":0.0,""real"":0.0},""h_vector"":[{""imag"":0.0,""real"":0.0},{""imag"":4.324770539999998e-06,""real"":0.9998851404740002},{""imag"":0.0,""real"":0.0}],""k_vector"":[{""imag"":0.0,""real"":-0.0013670850793925382},{""imag"":0.0,""real"":0.0},{""imag"":-3.8819050041557536e-05,""real"":-8.97494792944325}],""m"":-2,""mode_index"":29,""n"":0,""polarization"":""p"",""power_per_unit_amplitude"":0.7349155697225995,""projection_denominator"":1.469979993627816,""propagating"":true,""rayleigh_tolerance"":1e-06,""rayleigh_warning"":false,""refractive_index"":{""imag"":4.32477054e-06,""real"":0.999885140474},""schema"":""fullspace-dtn.mode.v1"",""side"":""bottom"",""traction_vector"":[{""imag"":-8.97494803356205,""real"":3.881904959121588e-05},{""imag"":0.0,""real"":0.0},{""imag"":0.0,""real"":0.0}],""vertical_sign"":-1}",-0.175,1.5912715630257883e-06,2.3251393103904403e-06,1.5912715630257883e-06,2.3251393103904403e-06,5.901173302659412e-17,-1.6734047403331803e-16,1.5912715629667766e-06,2.325139310557781e-06,UNQUALIFIED_DIAGNOSTIC
LZ-FINAL,30,bottom,-2,1,s,"{""alpha"":{""imag"":0.0,""real"":-0.0013670850793925382},""beta"":{""imag"":5.2086008415877786e-05,""real"":6.68891634028968},""classification"":""propagating"",""e_vector"":[{""imag"":0.0,""real"":-0.9999999739036398},{""imag"":0.0,""real"":-0.00022845725945122052},{""imag"":0.0,""real"":0.0}],""electric_tangential_norm_sq"":0.9999999999999997,""gamma"":{""imag"":0.0,""real"":5.983986006837701},""h_vector"":[{""imag"":-1.3256968097683348e-09,""real"":-0.0001702467768758063},{""imag"":5.802821842286574e-06,""real"":0.7452018501926205},{""imag"":-0.0,""real"":0.6666666840642403}],""k_vector"":[{""imag"":0.0,""real"":-0.0013670850793925382},{""imag"":0.0,""real"":5.983986006837701},{""imag"":-5.2086008415877786e-05,""real"":-6.68891634028968}],""m"":-2,""mode_index"":30,""n"":1,""polarization"":""s"",""power_per_unit_amplitude"":0.5477233741851624,""projection_denominator"":1.4699732019929355,""propagating"":true,""rayleigh_tolerance"":1e-06,""rayleigh_warning"":false,""refractive_index"":{""imag"":4.32477054e-06,""real"":0.999885140474},""schema"":""fullspace-dtn.mode.v1"",""side"":""bottom"",""traction_vector"":[{""imag"":-6.68891616573331,""real"":5.208600705662255e-05},{""imag"":-0.0015281314958010678,""real"":1.1899426738444647e-08},{""imag"":0.0,""real"":0.0}],""vertical_sign"":-1}",-0.175,4.652613555770628e-06,4.136712255498285e-06,4.6526135557706326e-06,4.136712255498281e-06,-8.318854144220389e-09,-1.6920271921818259e-09,4.660932409914849e-06,4.138404282690467e-06,UNQUALIFIED_DIAGNOSTIC
LZ-FINAL,31,bottom,-2,1,p,"{""alpha"":{""imag"":0.0,""real"":-0.0013670850793925382},""beta"":{""imag"":5.2086008415877786e-05,""real"":6.68891634028968},""classification"":""propagating"",""e_vector"":[{""imag"":-5.894016846993088e-10,""real"":-0.0001702663335861758},{""imag"":2.5799209477250923e-06,""real"":0.7452874535562701},{""imag"":-2.8838428707480877e-06,""real"":0.6667432658572671}],""electric_tangential_norm_sq"":0.5554534174256699,""gamma"":{""imag"":0.0,""real"":5.983986006837701},""h_vector"":[{""imag"":4.32477042707448e-06,""real"":0.999885114365667},{""imag"":9.880252253089822e-10,""real"":0.0002284310189552686},{""imag"":4.6077459161158685e-26,""real"":-2.4157858908685565e-20}],""k_vector"":[{""imag"":0.0,""real"":-0.0013670850793925382},{""imag"":0.0,""real"":5.983986006837701},{""imag"":-5.2086008415877786e-05,""real"":-6.68891634028968}],""m"":-2,""mode_index"":31,""n"":1,""polarization"":""p"",""power_per_unit_amplitude"":0.547723374185163,""projection_denominator"":0.8165016385711308,""propagating"":true,""rayleigh_tolerance"":1e-06,""rayleigh_warning"":false,""refractive_index"":{""imag"":4.32477054e-06,""real"":0.999885140474},""schema"":""fullspace-dtn.mode.v1"",""side"":""bottom"",""traction_vector"":[{""imag"":-0.0020503920314340076,""real"":8.868493683977426e-09},{""imag"":8.974947799214199,""real"":-3.8819048577598794e-05},{""imag"":0.0,""real"":0.0}],""vertical_sign"":-1}",-0.175,1.3507558764892453e-05,-2.3841725783855447e-06,1.350755876485846e-05,-2.3841725783515515e-06,1.6497305123386963e-05,2.8045120944097438e-06,-2.98974635849451e-06,-5.188684672795288e-06,UNQUALIFIED_DIAGNOSTIC
LZ-FINAL,32,bottom,-1,-1,s,"{""alpha"":{""imag"":0.0,""real"":4.486622420048883},""beta"":{""imag"":7.022713479206063e-05,""real"":4.961030431115042},""classification"":""propagating"",""e_vector"":[{""imag"":-0.0,""real"":0.8000877286570669},{""imag"":0.0,""real"":0.5998830106382207},{""imag"":0.0,""real"":0.0}],""electric_tangential_norm_sq"":0.9999999999999999,""gamma"":{""imag"":0.0,""real"":-5.983986006837701},""h_vector"":[{""imag"":4.693422856650971e-06,""real"":0.3315557965860328},{""imag"":-6.259803939121232e-06,""real"":-0.4422090966226506},{""imag"":0.0,""real"":0.8332419593357027}],""k_vector"":[{""imag"":0.0,""real"":4.486622420048883},{""imag"":0.0,""real"":-5.983986006837701},{""imag"":-7.022713479206063e-05,""real"":-4.961030431115042}],""m"":-1,""mode_index"":32,""n"":-1,""polarization"":""s"",""power_per_unit_amplitude"":0.4062350594517862,""projection_denominator"":1.469963868583197,""propagating"":true,""rayleigh_tolerance"":1e-06,""rayleigh_warning"":false,""refractive_index"":{""imag"":4.32477054e-06,""real"":0.999885140474},""schema"":""fullspace-dtn.mode.v1"",""side"":""bottom"",""traction_vector"":[{""imag"":3.9692595694294237,""real"":-5.6187868765873466e-05},{""imag"":2.9760378708851216,""real"":-4.212806504755746e-05},{""imag"":0.0,""real"":-0.0}],""vertical_sign"":-1}",-0.175,1.3920864475852272e-06,-3.179775358545088e-05,1.392086447592308e-06,-3.179775358546032e-05,1.3478982120230951e-06,-2.8617351950530372e-05,4.418823556213207e-08,-3.1804016349205053e-06,UNQUALIFIED_DIAGNOSTIC
LZ-FINAL,33,bottom,-1,-1,p,"{""alpha"":{""imag"":0.0,""real"":4.486622420048883},""beta"":{""imag"":7.022713479206063e-05,""real"":4.961030431115042},""classification"":""propagating"",""e_vector"":[{""imag"":3.259729809722286e-06,""real"":0.3315938833022934},{""imag"":-4.347630743403933e-06,""real"":-0.4422598943844885},{""imag"":-3.604408231896424e-06,""real"":0.8333376760551552}],""electric_tangential_norm_sq"":0.3055483176540016,""gamma"":{""imag"":0.0,""real"":-5.983986006837701},""h_vector"":[{""imag"":-3.4601958381644716e-06,""real"":-0.7999958309257797},{""imag"":-2.594356371744373e-06,""real"":-0.5998141083344596},{""imag"":3.7746654544821195e-22,""real"":0.0}],""k_vector"":[{""imag"":0.0,""real"":4.486622420048883},{""imag"":0.0,""real"":-5.983986006837701},{""imag"":-7.022713479206063e-05,""real"":-4.961030431115042}],""m"":-1,""mode_index"":33,""n"":-1,""polarization"":""p"",""power_per_unit_amplitude"":0.4062350594517864,""projection_denominator"":0.4491449870577638,""propagating"":true,""rayleigh_tolerance"":1e-06,""rayleigh_warning"":false,""refractive_index"":{""imag"":4.32477054e-06,""real"":0.999885140474},""schema"":""fullspace-dtn.mode.v1"",""side"":""bottom"",""traction_vector"":[{""imag"":5.383918846465859,""real"":-2.3286888337902835e-05},{""imag"":-7.180745786682548,""real"":3.1058645214741376e-05},{""imag"":0.0,""real"":0.0}],""vertical_sign"":-1}",-0.175,2.6625763970556394e-06,1.3091146316835115e-05,2.6625763970884687e-06,1.3091146316750144e-05,-9.897602625340122e-07,2.110575118169754e-05,3.6523366595896517e-06,-8.014604864862424e-06,UNQUALIFIED_DIAGNOSTIC
LZ-FINAL,34,bottom,-1,0,s,"{""alpha"":{""imag"":0.0,""real"":4.486622420048883},""beta"":{""imag"":4.482154253021086e-05,""real"":7.773024602145297},""classification"":""propagating"",""e_vector"":[{""imag"":0.0,""real"":-0.0},{""imag"":0.0,""real"":1.0},{""imag"":0.0,""real"":0.0}],""electric_tangential_norm_sq"":1.0,""gamma"":{""imag"":0.0,""real"":0.0},""h_vector"":[{""imag"":4.993499035480673e-06,""real"":0.865980701744436},{""imag"":0.0,""real"":0.0},{""imag"":0.0,""real"":0.4998476951563912}],""k_vector"":[{""imag"":0.0,""real"":4.486622420048883},{""imag"":0.0,""real"":0.0},{""imag"":-4.482154253021086e-05,""real"":-7.773024602145297}],""m"":-1,""mode_index"":34,""n"":0,""polarization"":""s"",""power_per_unit_amplitude"":0.6364958157821604,""projection_denominator"":1.46997693949725,""propagating"":true,""rayleigh_tolerance"":1e-06,""rayleigh_warning"":false,""refractive_index"":{""imag"":4.32477054e-06,""real"":0.999885140474},""schema"":""fullspace-dtn.mode.v1"",""side"":""bottom"",""traction_vector"":[{""imag"":0.0,""real"":-0.0},{""imag"":7.773024602145297,""real"":-4.482154253021086e-05},{""imag"":0.0,""real"":-0.0}],""vertical_sign"":-1}",-0.175,0.00010491296118597698,-7.217697774688904e-05,0.00010491296118545419,-7.217697774673798e-05,9.926308743385664e-05,-7.780678494999836e-05,5.649873752120338e-06,5.629807203109323e-06,UNQUALIFIED_DIAGNOSTIC
LZ-FINAL,35,bottom,-1,0,p,"{""alpha"":{""imag"":0.0,""real"":4.486622420048883},""beta"":{""imag"":4.482154253021086e-05,""real"":7.773024602145297},""classification"":""propagating"",""e_vector"":[{""imag"":1.2480443405020596e-06,""real"":0.8660801793033087},{""imag"":0.0,""real"":0.0},{""imag"":-2.1622232617976723e-06,""real"":0.4999051140083646}],""electric_tangential_norm_sq"":0.750094876983609,""gamma"":{""imag"":0.0,""real"":0.0},""h_vector"":[{""imag"":0.0,""real"":0.0},{""imag"":-4.324770539973044e-06,""real"":-0.9998851404677681},{""imag"":0.0,""real"":0.0}],""k_vector"":[{""imag"":0.0,""real"":4.486622420048883},{""imag"":0.0,""real"":0.0},{""imag"":-4.482154253021086e-05,""real"":-7.773024602145297}],""m"":-1,""mode_index"":35,""n"":0,""polarization"":""p"",""power_per_unit_amplitude"":0.6364958157821605,""projection_denominator"":1.1026221716009317,""propagating"":true,""rayleigh_tolerance"":1e-06,""rayleigh_warning"":false,""refractive_index"":{""imag"":4.32477054e-06,""real"":0.999885140474},""schema"":""fullspace-dtn.mode.v1"",""side"":""bottom"",""traction_vector"":[{""imag"":8.974948033506111,""real"":-3.881904959097394e-05},{""imag"":0.0,""real"":0.0},{""imag"":0.0,""real"":0.0}],""vertical_sign"":-1}",-0.175,-2.506951632057266e-06,-5.32542596228724e-07,-2.506951632057266e-06,-5.32542596228724e-07,-3.1369553848747296e-17,3.598636189989576e-16,-2.5069516320258965e-06,-5.325425965885877e-07,UNQUALIFIED_DIAGNOSTIC
LZ-FINAL,36,bottom,-1,1,s,"{""alpha"":{""imag"":0.0,""real"":4.486622420048883},""beta"":{""imag"":7.022713479206063e-05,""real"":4.961030431115042},""classification"":""propagating"",""e_vector"":[{""imag"":0.0,""real"":-0.8000877286570669},{""imag"":0.0,""real"":0.5998830106382207},{""imag"":0.0,""real"":0.0}],""electric_tangential_norm_sq"":0.9999999999999999,""gamma"":{""imag"":0.0,""real"":5.983986006837701},""h_vector"":[{""imag"":4.693422856650971e-06,""real"":0.3315557965860328},{""imag"":6.259803939121232e-06,""real"":0.4422090966226506},{""imag"":0.0,""real"":0.8332419593357027}],""k_vector"":[{""imag"":0.0,""real"":4.486622420048883},{""imag"":0.0,""real"":5.983986006837701},{""imag"":-7.022713479206063e-05,""real"":-4.961030431115042}],""m"":-1,""mode_index"":36,""n"":1,""polarization"":""s"",""power_per_unit_amplitude"":0.4062350594517862,""projection_denominator"":1.469963868583197,""propagating"":true,""rayleigh_tolerance"":1e-06,""rayleigh_warning"":false,""refractive_index"":{""imag"":4.32477054e-06,""real"":0.999885140474},""schema"":""fullspace-dtn.mode.v1"",""side"":""bottom"",""traction_vector"":[{""imag"":-3.9692595694294237,""real"":5.6187868765873466e-05},{""imag"":2.9760378708851216,""real"":-4.212806504755746e-05},{""imag"":0.0,""real"":0.0}],""vertical_sign"":-1}",-0.175,3.2583763625411046e-06,-2.7845380537470196e-05,3.258376362536384e-06,-2.784538053748377e-05,1.3478982117702708e-06,-2.8617351950484697e-05,1.9104781507708338e-06,7.719714130145011e-07,UNQUALIFIED_DIAGNOSTIC
LZ-FINAL,37,bottom,-1,1,p,"{""alpha"":{""imag"":0.0,""real"":4.486622420048883},""beta"":{""imag"":7.022713479206063e-05,""real"":4.961030431115042},""classification"":""propagating"",""e_vector"":[{""imag"":3.259729809722286e-06,""real"":0.3315938833022934},{""imag"":4.347630743403933e-06,""real"":0.4422598943844885},{""imag"":-3.604408231896424e-06,""real"":0.8333376760551552}],""electric_tangential_norm_sq"":0.3055483176540016,""gamma"":{""imag"":0.0,""real"":5.983986006837701},""h_vector"":[{""imag"":3.4601958381644716e-06,""real"":0.7999958309257797},{""imag"":-2.594356371744373e-06,""real"":-0.5998141083344596},{""imag"":-3.7746654544821195e-22,""real"":0.0}],""k_vector"":[{""imag"":0.0,""real"":4.486622420048883},{""imag"":0.0,""real"":5.983986006837701},{""imag"":-7.022713479206063e-05,""real"":-4.961030431115042}],""m"":-1,""mode_index"":37,""n"":1,""polarization"":""p"",""power_per_unit_amplitude"":0.4062350594517864,""projection_denominator"":0.4491449870577638,""propagating"":true,""rayleigh_tolerance"":1e-06,""rayleigh_warning"":false,""refractive_index"":{""imag"":4.32477054e-06,""real"":0.999885140474},""schema"":""fullspace-dtn.mode.v1"",""side"":""bottom"",""traction_vector"":[{""imag"":5.383918846465859,""real"":-2.3286888337902835e-05},{""imag"":7.180745786682548,""real"":-3.1058645214741376e-05},{""imag"":0.0,""real"":-0.0}],""vertical_sign"":-1}",-0.175,5.196166118187209e-06,-2.523219079398623e-05,5.196166118148586e-06,-2.5232190793992023e-05,9.897602624415658e-07,-2.110575118164611e-05,4.206405855745643e-06,-4.126439612340119e-06,UNQUALIFIED_DIAGNOSTIC
LZ-FINAL,38,bottom,0,0,s,"{""alpha"":{""imag"":0.0,""real"":8.97461192517716},""beta"":{""imag"":0.004478058289365571,""real"":0.07780134385941416},""classification"":""propagating"",""e_vector"":[{""imag"":0.0,""real"":-0.0},{""imag"":0.0,""real"":1.0},{""imag"":0.0,""real"":0.0}],""electric_tangential_norm_sq"":1.0,""gamma"":{""imag"":0.0,""real"":0.0},""h_vector"":[{""imag"":0.0004988935785443173,""real"":0.008667727918092628},{""imag"":0.0,""real"":0.0},{""imag"":0.0,""real"":0.9998476951563912}],""k_vector"":[{""imag"":0.0,""real"":8.97461192517716},{""imag"":0.0,""real"":0.0},{""imag"":-0.004478058289365571,""real"":-0.07780134385941416}],""m"":0,""mode_index"":38,""n"":0,""polarization"":""s"",""power_per_unit_amplitude"":0.006370780019798082,""projection_denominator"":1.467697843589745,""propagating"":true,""rayleigh_tolerance"":1e-06,""rayleigh_warning"":false,""refractive_index"":{""imag"":4.32477054e-06,""real"":0.999885140474},""schema"":""fullspace-dtn.mode.v1"",""side"":""bottom"",""traction_vector"":[{""imag"":0.0,""real"":-0.0},{""imag"":0.07780134385941416,""real"":-0.004478058289365571},{""imag"":0.0,""real"":-0.0}],""vertical_sign"":-1}",-0.175,1.3169672667666141,-0.14029184223306215,-0.018629659915549004,-0.11478199143440039,1.3197240512671184,-0.16439467913781666,-0.0027567845005043168,0.02410283690475451,UNQUALIFIED_DIAGNOSTIC
LZ-FINAL,39,bottom,0,0,p,"{""alpha"":{""imag"":0.0,""real"":8.97461192517716},""beta"":{""imag"":0.004478058289365571,""real"":0.07780134385941416},""classification"":""propagating"",""e_vector"":[{""imag"":0.0004989132690542871,""real"":0.00866872360357703},{""imag"":0.0,""real"":0.0},{""imag"":-4.325104281798984e-06,""real"":0.9999623014383734}],""electric_tangential_norm_sq"":7.539568336525196e-05,""gamma"":{""imag"":0.0,""real"":0.0},""h_vector"":[{""imag"":0.0,""real"":0.0},{""imag"":-4.324769463421086e-06,""real"":-0.999884891569405},{""imag"":0.0,""real"":0.0}],""k_vector"":[{""imag"":0.0,""real"":8.97461192517716},{""imag"":0.0,""real"":0.0},{""imag"":-0.004478058289365571,""real"":-0.07780134385941416}],""m"":0,""mode_index"":39,""n"":0,""polarization"":""p"",""power_per_unit_amplitude"":0.0063707800197980845,""projection_denominator"":0.00011065808189115553,""propagating"":true,""rayleigh_tolerance"":1e-06,""rayleigh_warning"":false,""refractive_index"":{""imag"":4.32477054e-06,""real"":0.999885140474},""schema"":""fullspace-dtn.mode.v1"",""side"":""bottom"",""traction_vector"":[{""imag"":8.974945799399627,""real"":-3.881903992786616e-05},{""imag"":0.0,""real"":0.0},{""imag"":0.0,""real"":0.0}],""vertical_sign"":-1}",-0.175,-1.889633085903361e-06,2.061985196482462e-06,-1.8896331012624445e-06,2.0619851976610807e-06,-3.7037259666544526e-14,2.295610468684518e-15,-1.8896330488661013e-06,2.0619851941868514e-06,UNQUALIFIED_DIAGNOSTIC
LCZ-FINAL,0,top,-3,-1,s,"{""alpha"":{""imag"":0.0,""real"":-4.489356590207668},""beta"":{""imag"":0.0,""real"":4.960422166357995},""classification"":""propagating"",""e_vector"":[{""imag"":-0.0,""real"":0.7999122734807461},{""imag"":0.0,""real"":-0.6001169508811294},{""imag"":0.0,""real"":0.0}],""electric_tangential_norm_sq"":0.9999999999999998,""gamma"":{""imag"":0.0,""real"":-5.983986006837701},""h_vector"":[{""imag"":0.0,""real"":0.33164442810710654},{""imag"":0.0,""real"":0.44205791568604624},{""imag"":-0.0,""real"":0.8334247251460797}],""k_vector"":[{""imag"":0.0,""real"":-4.489356590207668},{""imag"":0.0,""real"":-5.983986006837701},{""imag"":0.0,""real"":4.960422166357995}],""m"":-3,""mode_index"":0,""n"":-1,""polarization"":""s"",""power_per_unit_amplitude"":0.4061852515594194,""projection_denominator"":1.4699999999999998,""propagating"":true,""rayleigh_tolerance"":1e-06,""rayleigh_warning"":false,""refractive_index"":{""imag"":0.0,""real"":1.0},""schema"":""fullspace-dtn.mode.v1"",""side"":""top"",""traction_vector"":[{""imag"":3.9679025725157118,""real"":0.0},{""imag"":-2.9768334255579263,""real"":0.0},{""imag"":0.0,""real"":0.0}],""vertical_sign"":1}",1.225,7.442533236516789e-06,-0.0003512213935515517,7.4425332364955475e-06,-0.00035122139355158117,-4.134544516790736e-06,-8.530477664715285e-06,1.1577077753307525e-05,-0.0003426909158868364,UNQUALIFIED_DIAGNOSTIC
LCZ-FINAL,1,top,-3,-1,p,"{""alpha"":{""imag"":0.0,""real"":-4.489356590207668},""beta"":{""imag"":0.0,""real"":4.960422166357995},""classification"":""propagating"",""e_vector"":[{""imag"":0.0,""real"":0.3316444281071066},{""imag"":0.0,""real"":0.44205791568604635},{""imag"":-0.0,""real"":0.8334247251460798}],""electric_tangential_norm_sq"":0.30540322751518145,""gamma"":{""imag"":0.0,""real"":-5.983986006837701},""h_vector"":[{""imag"":0.0,""real"":-0.7999122734807462},{""imag"":0.0,""real"":0.6001169508811294},{""imag"":0.0,""real"":-2.4737647522494018e-17}],""k_vector"":[{""imag"":0.0,""real"":-4.489356590207668},{""imag"":0.0,""real"":-5.983986006837701},{""imag"":0.0,""real"":4.960422166357995}],""m"":-3,""mode_index"":1,""n"":-1,""polarization"":""p"",""power_per_unit_amplitude"":0.4061852515594195,""projection_denominator"":0.44894274444731674,""propagating"":true,""rayleigh_tolerance"":1e-06,""rayleigh_warning"":false,""refractive_index"":{""imag"":0.0,""real"":1.0},""schema"":""fullspace-dtn.mode.v1"",""side"":""top"",""traction_vector"":[{""imag"":5.38663715480818,""real"":0.0},{""imag"":7.179995776809777,""real"":0.0},{""imag"":-0.0,""real"":0.0}],""vertical_sign"":1}",1.225,-7.88703454824581e-06,9.989801527604456e-05,-7.887034548268993e-06,9.989801527608514e-05,3.0469597078748646e-06,6.279864279230611e-06,-1.0933994256120674e-05,9.361815099681395e-05,UNQUALIFIED_DIAGNOSTIC
LCZ-FINAL,2,top,-3,0,s,"{""alpha"":{""imag"":0.0,""real"":-4.489356590207668},""beta"":{""imag"":0.0,""real"":7.772636399480241},""classification"":""propagating"",""e_vector"":[{""imag"":0.0,""real"":-0.0},{""imag"":0.0,""real"":-1.0},{""imag"":0.0,""real"":0.0}],""electric_tangential_norm_sq"":1.0,""gamma"":{""imag"":0.0,""real"":0.0},""h_vector"":[{""imag"":0.0,""real"":0.8659374526832905},{""imag"":0.0,""real"":0.0},{""imag"":-0.0,""real"":0.5001523048436087}],""k_vector"":[{""imag"":0.0,""real"":-4.489356590207668},{""imag"":0.0,""real"":0.0},{""imag"":0.0,""real"":7.772636399480241}],""m"":-3,""mode_index"":2,""n"":0,""polarization"":""s"",""power_per_unit_amplitude"":0.6364640277222186,""projection_denominator"":1.47,""propagating"":true,""rayleigh_tolerance"":1e-06,""rayleigh_warning"":false,""refractive_index"":{""imag"":0.0,""real"":1.0},""schema"":""fullspace-dtn.mode.v1"",""side"":""top"",""traction_vector"":[{""imag"":0.0,""real"":0.0},{""imag"":-7.772636399480241,""real"":0.0},{""imag"":0.0,""real"":0.0}],""vertical_sign"":1}",1.225,-5.37478694959742e-05,1.992458243160705e-05,-5.37478694962173e-05,1.9924582431502022e-05,-4.174435527054871e-05,-1.1429406449091863e-05,-1.2003514225425492e-05,3.1353988880698914e-05,UNQUALIFIED_DIAGNOSTIC
LCZ-FINAL,3,top,-3,0,p,"{""alpha"":{""imag"":0.0,""real"":-4.489356590207668},""beta"":{""imag"":0.0,""real"":7.772636399480241},""classification"":""propagating"",""e_vector"":[{""imag"":0.0,""real"":0.8659374526832905},{""imag"":0.0,""real"":0.0},{""imag"":-0.0,""real"":0.5001523048436087}],""electric_tangential_norm_sq"":0.749847671959626,""gamma"":{""imag"":0.0,""real"":0.0},""h_vector"":[{""imag"":0.0,""real"":0.0},{""imag"":0.0,""real"":1.0},{""imag"":0.0,""real"":0.0}],""k_vector"":[{""imag"":0.0,""real"":-4.489356590207668},{""imag"":0.0,""real"":0.0},{""imag"":0.0,""real"":7.772636399480241}],""m"":-3,""mode_index"":3,""n"":0,""polarization"":""p"",""power_per_unit_amplitude"":0.6364640277222186,""projection_denominator"":1.1022760777806502,""propagating"":true,""rayleigh_tolerance"":1e-06,""rayleigh_warning"":false,""refractive_index"":{""imag"":0.0,""real"":1.0},""schema"":""fullspace-dtn.mode.v1"",""side"":""top"",""traction_vector"":[{""imag"":8.975979010256552,""real"":0.0},{""imag"":0.0,""real"":-0.0},{""imag"":0.0,""real"":0.0}],""vertical_sign"":1}",1.225,4.5395964658578656e-06,2.9178203665892243e-06,4.5395964658578656e-06,2.9178203665892243e-06,2.335674126355448e-16,-1.0674968189333025e-16,4.539596465624298e-06,2.917820366695974e-06,UNQUALIFIED_DIAGNOSTIC
LCZ-FINAL,4,top,-3,1,s,"{""alpha"":{""imag"":0.0,""real"":-4.489356590207668},""beta"":{""imag"":0.0,""real"":4.960422166357995},""classification"":""propagating"",""e_vector"":[{""imag"":0.0,""real"":-0.7999122734807461},{""imag"":0.0,""real"":-0.6001169508811294},{""imag"":0.0,""real"":0.0}],""electric_tangential_norm_sq"":0.9999999999999998,""gamma"":{""imag"":0.0,""real"":5.983986006837701},""h_vector"":[{""imag"":0.0,""real"":0.33164442810710654},{""imag"":0.0,""real"":-0.44205791568604624},{""imag"":-0.0,""real"":0.8334247251460797}],""k_vector"":[{""imag"":0.0,""real"":-4.489356590207668},{""imag"":0.0,""real"":5.983986006837701},{""imag"":0.0,""real"":4.960422166357995}],""m"":-3,""mode_index"":4,""n"":1,""polarization"":""s"",""power_per_unit_amplitude"":0.4061852515594194,""projection_denominator"":1.4699999999999998,""propagating"":true,""rayleigh_tolerance"":1e-06,""rayleigh_warning"":false,""refractive_index"":{""imag"":0.0,""real"":1.0},""schema"":""fullspace-dtn.mode.v1"",""side"":""top"",""traction_vector"":[{""imag"":-3.9679025725157118,""real"":0.0},{""imag"":-2.9768334255579263,""real"":0.0},{""imag"":0.0,""real"":0.0}],""vertical_sign"":1}",1.225,-1.1436865848434719e-05,0.00033359798523379004,-1.1436865848439438e-05,0.00033359798523379715,-4.134544517190177e-06,-8.530477664672137e-06,-7.302321331244542e-06,0.00034212846289846216,UNQUALIFIED_DIAGNOSTIC
LCZ-FINAL,5,top,-3,1,p,"{""alpha"":{""imag"":0.0,""real"":-4.489356590207668},""beta"":{""imag"":0.0,""real"":4.960422166357995},""classification"":""propagating"",""e_vector"":[{""imag"":0.0,""real"":0.3316444281071066},{""imag"":0.0,""real"":-0.44205791568604635},{""imag"":-0.0,""real"":0.8334247251460798}],""electric_tangential_norm_sq"":0.30540322751518145,""gamma"":{""imag"":0.0,""real"":5.983986006837701},""h_vector"":[{""imag"":0.0,""real"":0.7999122734807462},{""imag"":0.0,""real"":0.6001169508811294},{""imag"":-0.0,""real"":2.4737647522494018e-17}],""k_vector"":[{""imag"":0.0,""real"":-4.489356590207668},{""imag"":0.0,""real"":5.983986006837701},{""imag"":0.0,""real"":4.960422166357995}],""m"":-3,""mode_index"":5,""n"":1,""polarization"":""p"",""power_per_unit_amplitude"":0.4061852515594195,""projection_denominator"":0.44894274444731674,""propagating"":true,""rayleigh_tolerance"":1e-06,""rayleigh_warning"":false,""refractive_index"":{""imag"":0.0,""real"":1.0},""schema"":""fullspace-dtn.mode.v1"",""side"":""top"",""traction_vector"":[{""imag"":5.38663715480818,""real"":0.0},{""imag"":-7.179995776809777,""real"":0.0},{""imag"":0.0,""real"":0.0}],""vertical_sign"":1}",1.225,-1.620998401559665e-05,0.0001037795705301481,-1.6209984015573465e-05,0.00010377957053016743,-3.0469597082596497e-06,-6.279864279523739e-06,-1.3163024307337e-05,0.00011005943480967184,UNQUALIFIED_DIAGNOSTIC
LCZ-FINAL,6,top,-2,-1,s,"{""alpha"":{""imag"":0.0,""real"":-0.0013670850793925382},""beta"":{""imag"":0.0,""real"":6.690299604174327},""classification"":""propagating"",""e_vector"":[{""imag"":-0.0,""real"":0.9999999739036398},{""imag"":0.0,""real"":-0.00022845725945122052},{""imag"":0.0,""real"":0.0}],""electric_tangential_norm_sq"":0.9999999999999997,""gamma"":{""imag"":0.0,""real"":-5.983986006837701},""h_vector"":[{""imag"":0.0,""real"":0.00017028198380708622},{""imag"":0.0,""real"":0.7453559574879883},{""imag"":-0.0,""real"":0.6666666840642403}],""k_vector"":[{""imag"":0.0,""real"":-0.0013670850793925382},{""imag"":0.0,""real"":-5.983986006837701},{""imag"":0.0,""real"":6.690299604174327}],""m"":-2,""mode_index"":6,""n"":-1,""polarization"":""s"",""power_per_unit_amplitude"":0.5478366430502136,""projection_denominator"":1.4699999999999995,""propagating"":true,""rayleigh_tolerance"":1e-06,""rayleigh_warning"":false,""refractive_index"":{""imag"":0.0,""real"":1.0},""schema"":""fullspace-dtn.mode.v1"",""side"":""top"",""traction_vector"":[{""imag"":6.6902994295818585,""real"":0.0},{""imag"":-0.001528447512477252,""real"":0.0},{""imag"":0.0,""real"":0.0}],""vertical_sign"":1}",1.225,4.083190214957175e-06,6.630729936593612e-05,4.083190214957179e-06,6.630729936593612e-05,-7.195797395900892e-09,4.3342190942694065e-09,4.090386012353076e-06,6.630296514684186e-05,UNQUALIFIED_DIAGNOSTIC
LCZ-FINAL,7,top,-2,-1,p,"{""alpha"":{""imag"":0.0,""real"":-0.0013670850793925382},""beta"":{""imag"":0.0,""real"":6.690299604174327},""classification"":""propagating"",""e_vector"":[{""imag"":0.0,""real"":0.00017028198380708627},{""imag"":0.0,""real"":0.7453559574879884},{""imag"":-0.0,""real"":0.6666666840642405}],""electric_tangential_norm_sq"":0.5555555323587901,""gamma"":{""imag"":0.0,""real"":-5.983986006837701},""h_vector"":[{""imag"":0.0,""real"":-0.9999999739036399},{""imag"":0.0,""real"":0.00022845725945122054},{""imag"":0.0,""real"":2.4157858908685565e-20}],""k_vector"":[{""imag"":0.0,""real"":-0.0013670850793925382},{""imag"":0.0,""real"":-5.983986006837701},{""imag"":0.0,""real"":6.690299604174327}],""m"":-2,""mode_index"":7,""n"":-1,""polarization"":""p"",""power_per_unit_amplitude"":0.5478366430502138,""projection_denominator"":0.8166666325674213,""propagating"":true,""rayleigh_tolerance"":1e-06,""rayleigh_warning"":false,""refractive_index"":{""imag"":0.0,""real"":1.0},""schema"":""fullspace-dtn.mode.v1"",""side"":""top"",""traction_vector"":[{""imag"":0.002050627565574891,""real"":0.0},{""imag"":8.975978776016172,""real"":0.0},{""imag"":-0.0,""real"":0.0}],""vertical_sign"":1}",1.225,7.33025897622903e-05,-1.567824940248852e-07,7.330258976223082e-05,-1.567824940248852e-07,1.3884985056625193e-05,-8.98399558006467e-06,5.94176047056651e-05,8.827213086039784e-06,UNQUALIFIED_DIAGNOSTIC
LCZ-FINAL,8,top,-2,0,s,"{""alpha"":{""imag"":0.0,""real"":-0.0013670850793925382},""beta"":{""imag"":0.0,""real"":8.975978906149711},""classification"":""propagating"",""e_vector"":[{""imag"":0.0,""real"":-0.0},{""imag"":0.0,""real"":-1.0},{""imag"":0.0,""real"":0.0}],""electric_tangential_norm_sq"":1.0,""gamma"":{""imag"":0.0,""real"":0.0},""h_vector"":[{""imag"":0.0,""real"":0.9999999884016172},{""imag"":0.0,""real"":0.0},{""imag"":-0.0,""real"":0.00015230484360874904}],""k_vector"":[{""imag"":0.0,""real"":-0.0013670850793925382},{""imag"":0.0,""real"":0.0},{""imag"":0.0,""real"":8.975978906149711}],""m"":-2,""mode_index"":8,""n"":0,""polarization"":""s"",""power_per_unit_amplitude"":0.7349999914751887,""projection_denominator"":1.47,""propagating"":true,""rayleigh_tolerance"":1e-06,""rayleigh_warning"":false,""refractive_index"":{""imag"":0.0,""real"":1.0},""schema"":""fullspace-dtn.mode.v1"",""side"":""top"",""traction_vector"":[{""imag"":0.0,""real"":0.0},{""imag"":-8.975978906149711,""real"":0.0},{""imag"":0.0,""real"":0.0}],""vertical_sign"":1}",1.225,7.554647031558277e-06,-3.060748387494052e-05,7.554647031881012e-06,-3.060748387506266e-05,3.266661606981309e-06,1.579199203088943e-05,4.287985424576968e-06,-4.639947590582995e-05,UNQUALIFIED_DIAGNOSTIC
LCZ-FINAL,9,top,-2,0,p,"{""alpha"":{""imag"":0.0,""real"":-0.0013670850793925382},""beta"":{""imag"":0.0,""real"":8.975978906149711},""classification"":""propagating"",""e_vector"":[{""imag"":0.0,""real"":0.9999999884016174},{""imag"":0.0,""real"":0.0},{""imag"":-0.0,""real"":0.00015230484360874907}],""electric_tangential_norm_sq"":0.9999999768032349,""gamma"":{""imag"":0.0,""real"":0.0},""h_vector"":[{""imag"":0.0,""real"":0.0},{""imag"":0.0,""real"":1.0000000000000002},{""imag"":0.0,""real"":0.0}],""k_vector"":[{""imag"":0.0,""real"":-0.0013670850793925382},{""imag"":0.0,""real"":0.0},{""imag"":0.0,""real"":8.975978906149711}],""m"":-2,""mode_index"":9,""n"":0,""polarization"":""p"",""power_per_unit_amplitude"":0.7349999914751889,""projection_denominator"":1.4699999659007554,""propagating"":true,""rayleigh_tolerance"":1e-06,""rayleigh_warning"":false,""refractive_index"":{""imag"":0.0,""real"":1.0},""schema"":""fullspace-dtn.mode.v1"",""side"":""top"",""traction_vector"":[{""imag"":8.975979010256554,""real"":0.0},{""imag"":0.0,""real"":-0.0},{""imag"":0.0,""real"":0.0}],""vertical_sign"":1}",1.225,-4.4629402461495375e-06,-2.2619026178950707e-06,-4.4629402461495375e-06,-2.2619026178950707e-06,-2.0122553573612502e-16,1.8658087211231932e-16,-4.462940245948312e-06,-2.2619026180816517e-06,UNQUALIFIED_DIAGNOSTIC
LCZ-FINAL,10,top,-2,1,s,"{""alpha"":{""imag"":0.0,""real"":-0.0013670850793925382},""beta"":{""imag"":0.0,""real"":6.690299604174327},""classification"":""propagating"",""e_vector"":[{""imag"":0.0,""real"":-0.9999999739036398},{""imag"":0.0,""real"":-0.00022845725945122052},{""imag"":0.0,""real"":0.0}],""electric_tangential_norm_sq"":0.9999999999999997,""gamma"":{""imag"":0.0,""real"":5.983986006837701},""h_vector"":[{""imag"":0.0,""real"":0.00017028198380708622},{""imag"":0.0,""real"":-0.7453559574879883},{""imag"":-0.0,""real"":0.6666666840642403}],""k_vector"":[{""imag"":0.0,""real"":-0.0013670850793925382},{""imag"":0.0,""real"":5.983986006837701},{""imag"":0.0,""real"":6.690299604174327}],""m"":-2,""mode_index"":10,""n"":1,""polarization"":""s"",""power_per_unit_amplitude"":0.5478366430502136,""projection_denominator"":1.4699999999999995,""propagating"":true,""rayleigh_tolerance"":1e-06,""rayleigh_warning"":false,""refractive_index"":{""imag"":0.0,""real"":1.0},""schema"":""fullspace-dtn.mode.v1"",""side"":""top"",""traction_vector"":[{""imag"":-6.6902994295818585,""real"":0.0},{""imag"":-0.001528447512477252,""real"":0.0},{""imag"":0.0,""real"":0.0}],""vertical_sign"":1}",1.225,-1.0556759055572857e-05,-7.147103517823392e-05,-1.0556759055572857e-05,-7.147103517823392e-05,-7.195797779243505e-09,4.334218822436149e-09,-1.0549563257793614e-05,-7.147536939705636e-05,UNQUALIFIED_DIAGNOSTIC
LCZ-FINAL,11,top,-2,1,p,"{""alpha"":{""imag"":0.0,""real"":-0.0013670850793925382},""beta"":{""imag"":0.0,""real"":6.690299604174327},""classification"":""propagating"",""e_vector"":[{""imag"":0.0,""real"":0.00017028198380708627},{""imag"":0.0,""real"":-0.7453559574879884},{""imag"":-0.0,""real"":0.6666666840642405}],""electric_tangential_norm_sq"":0.5555555323587901,""gamma"":{""imag"":0.0,""real"":5.983986006837701},""h_vector"":[{""imag"":0.0,""real"":0.9999999739036399},{""imag"":0.0,""real"":0.00022845725945122054},{""imag"":0.0,""real"":-2.4157858908685565e-20}],""k_vector"":[{""imag"":0.0,""real"":-0.0013670850793925382},{""imag"":0.0,""real"":5.983986006837701},{""imag"":0.0,""real"":6.690299604174327}],""m"":-2,""mode_index"":11,""n"":1,""polarization"":""p"",""power_per_unit_amplitude"":0.5478366430502138,""projection_denominator"":0.8166666325674213,""propagating"":true,""rayleigh_tolerance"":1e-06,""rayleigh_warning"":false,""refractive_index"":{""imag"":0.0,""real"":1.0},""schema"":""fullspace-dtn.mode.v1"",""side"":""top"",""traction_vector"":[{""imag"":0.002050627565574891,""real"":0.0},{""imag"":-8.975978776016172,""real"":0.0},{""imag"":0.0,""real"":0.0}],""vertical_sign"":1}",1.225,6.274761213106539e-05,3.671347030991758e-06,6.274761213100166e-05,3.671347030991758e-06,-1.3884985056452473e-05,8.983995580305071e-06,7.663259718751786e-05,-5.312648549313313e-06,UNQUALIFIED_DIAGNOSTIC
LCZ-FINAL,12,top,-1,-1,s,"{""alpha"":{""imag"":0.0,""real"":4.486622420048883},""beta"":{""imag"":0.0,""real"":4.962895316491319},""classification"":""propagating"",""e_vector"":[{""imag"":-0.0,""real"":0.8000877286570669},{""imag"":0.0,""real"":0.5998830106382207},{""imag"":0.0,""real"":0.0}],""electric_tangential_norm_sq"":0.9999999999999999,""gamma"":{""imag"":0.0,""real"":-5.983986006837701},""h_vector"":[{""imag"":0.0,""real"":-0.33168043068474645},{""imag"":0.0,""real"":0.4423753260560312},{""imag"":0.0,""real"":0.8332419593357027}],""k_vector"":[{""imag"":0.0,""real"":4.486622420048883},{""imag"":0.0,""real"":-5.983986006837701},{""imag"":0.0,""real"":4.962895316491319}],""m"":-1,""mode_index"":12,""n"":-1,""polarization"":""s"",""power_per_unit_amplitude"":0.4063877659977793,""projection_denominator"":1.4699999999999998,""propagating"":true,""rayleigh_tolerance"":1e-06,""rayleigh_warning"":false,""refractive_index"":{""imag"":0.0,""real"":1.0},""schema"":""fullspace-dtn.mode.v1"",""side"":""top"",""traction_vector"":[{""imag"":3.9707516413343344,""real"":0.0},{""imag"":2.9771565839391374,""real"":0.0},{""imag"":-0.0,""real"":0.0}],""vertical_sign"":1}",1.225,2.386527031017471e-05,0.00014489739405892528,2.386527031014167e-05,0.00014489739405892528,2.555102944959861e-05,-1.2421186840752343e-05,-1.6857591394238978e-06,0.00015731858089967763,UNQUALIFIED_DIAGNOSTIC
LCZ-FINAL,13,top,-1,-1,p,"{""alpha"":{""imag"":0.0,""real"":4.486622420048883},""beta"":{""imag"":0.0,""real"":4.962895316491319},""classification"":""propagating"",""e_vector"":[{""imag"":0.0,""real"":-0.3316804306847465},{""imag"":0.0,""real"":0.4423753260560313},{""imag"":0.0,""real"":0.833241959335703}],""electric_tangential_norm_sq"":0.3057078372023989,""gamma"":{""imag"":0.0,""real"":-5.983986006837701},""h_vector"":[{""imag"":0.0,""real"":-0.8000877286570669},{""imag"":0.0,""real"":-0.5998830106382207},{""imag"":0.0,""real"":-2.4737647522494018e-17}],""k_vector"":[{""imag"":0.0,""real"":4.486622420048883},{""imag"":0.0,""real"":-5.983986006837701},{""imag"":0.0,""real"":4.962895316491319}],""m"":-1,""mode_index"":13,""n"":-1,""polarization"":""p"",""power_per_unit_amplitude"":0.4063877659977795,""projection_denominator"":0.4493905206875264,""propagating"":true,""rayleigh_tolerance"":1e-06,""rayleigh_warning"":false,""refractive_index"":{""imag"":0.0,""real"":1.0},""schema"":""fullspace-dtn.mode.v1"",""side"":""top"",""traction_vector"":[{""imag"":-5.384537312098177,""real"":0.0},{""imag"":7.181570658789672,""real"":0.0},{""imag"":0.0,""real"":0.0}],""vertical_sign"":1}",1.225,-0.00010522362540248771,8.965956511330972e-05,-0.00010522362540258036,8.96595651132827e-05,1.8842193182604635e-05,-9.15911227089638e-06,-0.00012406581858509234,9.88186773842061e-05,UNQUALIFIED_DIAGNOSTIC
LCZ-FINAL,14,top,-1,0,s,"{""alpha"":{""imag"":0.0,""real"":4.486622420048883},""beta"":{""imag"":0.0,""real"":7.774214973389975},""classification"":""propagating"",""e_vector"":[{""imag"":0.0,""real"":-0.0},{""imag"":0.0,""real"":1.0},{""imag"":0.0,""real"":0.0}],""electric_tangential_norm_sq"":1.0,""gamma"":{""imag"":0.0,""real"":0.0},""h_vector"":[{""imag"":0.0,""real"":-0.8661133191718294},{""imag"":0.0,""real"":0.0},{""imag"":0.0,""real"":0.4998476951563912}],""k_vector"":[{""imag"":0.0,""real"":4.486622420048883},{""imag"":0.0,""real"":0.0},{""imag"":0.0,""real"":7.774214973389975}],""m"":-1,""mode_index"":14,""n"":0,""polarization"":""s"",""power_per_unit_amplitude"":0.6365932895912946,""projection_denominator"":1.47,""propagating"":true,""rayleigh_tolerance"":1e-06,""rayleigh_warning"":false,""refractive_index"":{""imag"":0.0,""real"":1.0},""schema"":""fullspace-dtn.mode.v1"",""side"":""top"",""traction_vector"":[{""imag"":0.0,""real"":-0.0},{""imag"":7.774214973389975,""real"":0.0},{""imag"":-0.0,""real"":0.0}],""vertical_sign"":1}",1.225,-7.557653717513357e-05,-0.00015139456833342165,-7.557653717474178e-05,-0.00015139456833286995,-0.0001077984191275123,-7.256319276933049e-05,3.222188195237874e-05,-7.883137556409116e-05,UNQUALIFIED_DIAGNOSTIC
LCZ-FINAL,15,top,-1,0,p,"{""alpha"":{""imag"":0.0,""real"":4.486622420048883},""beta"":{""imag"":0.0,""real"":7.774214973389975},""classification"":""propagating"",""e_vector"":[{""imag"":0.0,""real"":-0.8661133191718294},{""imag"":0.0,""real"":0.0},{""imag"":0.0,""real"":0.4998476951563912}],""electric_tangential_norm_sq"":0.7501522816468433,""gamma"":{""imag"":0.0,""real"":0.0},""h_vector"":[{""imag"":0.0,""real"":0.0},{""imag"":0.0,""real"":-1.0},{""imag"":0.0,""real"":0.0}],""k_vector"":[{""imag"":0.0,""real"":4.486622420048883},{""imag"":0.0,""real"":0.0},{""imag"":0.0,""real"":7.774214973389975}],""m"":-1,""mode_index"":15,""n"":0,""polarization"":""p"",""power_per_unit_amplitude"":0.6365932895912946,""projection_denominator"":1.1027238540208597,""propagating"":true,""rayleigh_tolerance"":1e-06,""rayleigh_warning"":false,""refractive_index"":{""imag"":0.0,""real"":1.0},""schema"":""fullspace-dtn.mode.v1"",""side"":""top"",""traction_vector"":[{""imag"":-8.975979010256552,""real"":0.0},{""imag"":0.0,""real"":0.0},{""imag"":0.0,""real"":0.0}],""vertical_sign"":1}",1.225,-2.34410502262276e-06,3.5813136019084937e-06,-2.34410502262276e-06,3.5813136019084937e-06,-7.512217828146564e-16,7.306111960405604e-16,-2.3441050218715385e-06,3.5813136011778824e-06,UNQUALIFIED_DIAGNOSTIC
LCZ-FINAL,16,top,-1,1,s,"{""alpha"":{""imag"":0.0,""real"":4.486622420048883},""beta"":{""imag"":0.0,""real"":4.962895316491319},""classification"":""propagating"",""e_vector"":[{""imag"":0.0,""real"":-0.8000877286570669},{""imag"":0.0,""real"":0.5998830106382207},{""imag"":0.0,""real"":0.0}],""electric_tangential_norm_sq"":0.9999999999999999,""gamma"":{""imag"":0.0,""real"":5.983986006837701},""h_vector"":[{""imag"":0.0,""real"":-0.33168043068474645},{""imag"":0.0,""real"":-0.4423753260560312},{""imag"":0.0,""real"":0.8332419593357027}],""k_vector"":[{""imag"":0.0,""real"":4.486622420048883},{""imag"":0.0,""real"":5.983986006837701},{""imag"":0.0,""real"":4.962895316491319}],""m"":-1,""mode_index"":16,""n"":1,""polarization"":""s"",""power_per_unit_amplitude"":0.4063877659977793,""projection_denominator"":1.4699999999999998,""propagating"":true,""rayleigh_tolerance"":1e-06,""rayleigh_warning"":false,""refractive_index"":{""imag"":0.0,""real"":1.0},""schema"":""fullspace-dtn.mode.v1"",""side"":""top"",""traction_vector"":[{""imag"":-3.9707516413343344,""real"":0.0},{""imag"":2.9771565839391374,""real"":0.0},{""imag"":0.0,""real"":0.0}],""vertical_sign"":1}",1.225,-9.417752431817771e-06,-0.0001766388804683455,-9.41775243180243e-06,-0.00017663888046832543,2.5551029449478588e-05,-1.2421186840209803e-05,-3.4968781881296356e-05,-0.0001642176936281357,UNQUALIFIED_DIAGNOSTIC
LCZ-FINAL,17,top,-1,1,p,"{""alpha"":{""imag"":0.0,""real"":4.486622420048883},""beta"":{""imag"":0.0,""real"":4.962895316491319},""classification"":""propagating"",""e_vector"":[{""imag"":0.0,""real"":-0.3316804306847465},{""imag"":0.0,""real"":-0.4423753260560313},{""imag"":0.0,""real"":0.833241959335703}],""electric_tangential_norm_sq"":0.3057078372023989,""gamma"":{""imag"":0.0,""real"":5.983986006837701},""h_vector"":[{""imag"":0.0,""real"":0.8000877286570669},{""imag"":0.0,""real"":-0.5998830106382207},{""imag"":0.0,""real"":2.4737647522494018e-17}],""k_vector"":[{""imag"":0.0,""real"":4.486622420048883},{""imag"":0.0,""real"":5.983986006837701},{""imag"":0.0,""real"":4.962895316491319}],""m"":-1,""mode_index"":17,""n"":1,""polarization"":""p"",""power_per_unit_amplitude"":0.4063877659977795,""projection_denominator"":0.4493905206875264,""propagating"":true,""rayleigh_tolerance"":1e-06,""rayleigh_warning"":false,""refractive_index"":{""imag"":0.0,""real"":1.0},""schema"":""fullspace-dtn.mode.v1"",""side"":""top"",""traction_vector"":[{""imag"":-5.384537312098177,""real"":0.0},{""imag"":-7.181570658789672,""real"":0.0},{""imag"":0.0,""real"":0.0}],""vertical_sign"":1}",1.225,-0.00013534495589075197,0.00010274294822426881,-0.00013534495589083304,0.00010274294822425724,-1.884219318237659e-05,9.159112271291004e-06,-0.00011650276270837537,9.358383595297781e-05,UNQUALIFIED_DIAGNOSTIC
LCZ-FINAL,18,top,0,0,s,"{""alpha"":{""imag"":0.0,""real"":8.97461192517716},""beta"":{""imag"":0.0,""real"":0.15665243385951635},""classification"":""propagating"",""e_vector"":[{""imag"":0.0,""real"":-0.0},{""imag"":0.0,""real"":1.0},{""imag"":0.0,""real"":0.0}],""electric_tangential_norm_sq"":1.0,""gamma"":{""imag"":0.0,""real"":0.0},""h_vector"":[{""imag"":0.0,""real"":-0.017452406437282755},{""imag"":0.0,""real"":0.0},{""imag"":0.0,""real"":0.9998476951563912}],""k_vector"":[{""imag"":0.0,""real"":8.97461192517716},{""imag"":0.0,""real"":0.0},{""imag"":0.0,""real"":0.15665243385951635}],""m"":0,""mode_index"":18,""n"":0,""polarization"":""s"",""power_per_unit_amplitude"":0.012827518731402825,""projection_denominator"":1.47,""propagating"":true,""rayleigh_tolerance"":1e-06,""rayleigh_warning"":false,""refractive_index"":{""imag"":0.0,""real"":1.0},""schema"":""fullspace-dtn.mode.v1"",""side"":""top"",""traction_vector"":[{""imag"":0.0,""real"":-0.0},{""imag"":0.15665243385951635,""real"":0.0},{""imag"":-0.0,""real"":0.0}],""vertical_sign"":1}",1.225,1.2550590536204969,-0.4237175819459401,-0.007799630144397947,-0.023828047268936888,1.2301124466956983,-0.5354375258627233,0.024946606924798553,0.1117199439167832,UNQUALIFIED_DIAGNOSTIC
LCZ-FINAL,19,top,0,0,p,"{""alpha"":{""imag"":0.0,""real"":8.97461192517716},""beta"":{""imag"":0.0,""real"":0.15665243385951635},""classification"":""propagating"",""e_vector"":[{""imag"":0.0,""real"":-0.01745240643728276},{""imag"":0.0,""real"":0.0},{""imag"":0.0,""real"":0.9998476951563914}],""electric_tangential_norm_sq"":0.0003045864904521087,""gamma"":{""imag"":0.0,""real"":0.0},""h_vector"":[{""imag"":0.0,""real"":0.0},{""imag"":0.0,""real"":-1.0000000000000002},{""imag"":0.0,""real"":0.0}],""k_vector"":[{""imag"":0.0,""real"":8.97461192517716},{""imag"":0.0,""real"":0.0},{""imag"":0.0,""real"":0.15665243385951635}],""m"":0,""mode_index"":19,""n"":0,""polarization"":""p"",""power_per_unit_amplitude"":0.01282751873140283,""projection_denominator"":0.0004477421409645998,""propagating"":true,""rayleigh_tolerance"":1e-06,""rayleigh_warning"":false,""refractive_index"":{""imag"":0.0,""real"":1.0},""schema"":""fullspace-dtn.mode.v1"",""side"":""top"",""traction_vector"":[{""imag"":-8.975979010256554,""real"":0.0},{""imag"":0.0,""real"":0.0},{""imag"":0.0,""real"":0.0}],""vertical_sign"":1}",1.225,3.388172355959131e-05,2.409657314559656e-05,3.388172356012268e-05,2.4096573145428298e-05,-3.154010265628375e-14,6.2826313755395736e-15,3.388172359113141e-05,2.409657313931393e-05,UNQUALIFIED_DIAGNOSTIC
LCZ-FINAL,20,bottom,-3,-1,s,"{""alpha"":{""imag"":0.0,""real"":-4.489356590207668},""beta"":{""imag"":7.026217474247436e-05,""real"":4.958556350844336},""classification"":""propagating"",""e_vector"":[{""imag"":-0.0,""real"":0.7999122734807461},{""imag"":0.0,""real"":-0.6001169508811294},{""imag"":0.0,""real"":0.0}],""electric_tangential_norm_sq"":0.9999999999999998,""gamma"":{""imag"":0.0,""real"":-5.983986006837701},""h_vector"":[{""imag"":-4.697595885702236e-06,""real"":-0.3315196832168072},{""imag"":-6.261553850976274e-06,""real"":-0.4418916398148882},{""imag"":-0.0,""real"":0.8334247251460797}],""k_vector"":[{""imag"":0.0,""real"":-4.489356590207668},{""imag"":0.0,""real"":-5.983986006837701},{""imag"":-7.026217474247436e-05,""real"":-4.958556350844336}],""m"":-3,""mode_index"":20,""n"":-1,""polarization"":""s"",""power_per_unit_amplitude"":0.4060324688489237,""projection_denominator"":1.4699638505555863,""propagating"":true,""rayleigh_tolerance"":1e-06,""rayleigh_warning"":false,""refractive_index"":{""imag"":4.32477054e-06,""real"":0.999885140474},""schema"":""fullspace-dtn.mode.v1"",""side"":""bottom"",""traction_vector"":[{""imag"":3.9664100837862852,""real"":-5.620357593795412e-05},{""imag"":-2.975713718040963,""real"":4.216552206873081e-05},{""imag"":0.0,""real"":0.0}],""vertical_sign"":-1}",-0.175,-0.00026536317710783297,-0.0001795987820321604,-0.0002653631771078318,-0.00017959878203214387,-9.549378700067261e-06,-4.3615840469472487e-07,-0.0002558137984077657,-0.00017916262362746568,UNQUALIFIED_DIAGNOSTIC
LCZ-FINAL,21,bottom,-3,-1,p,"{""alpha"":{""imag"":0.0,""real"":-4.489356590207668},""beta"":{""imag"":7.026217474247436e-05,""real"":4.958556350844336},""classification"":""propagating"",""e_vector"":[{""imag"":-3.264059536059784e-06,""real"":-0.33155776578462687},{""imag"":-4.350754099567616e-06,""real"":-0.4419424011095991},{""imag"":-3.605198833694458e-06,""real"":0.8335204628602758}],""electric_tangential_norm_sq"":0.30524363798019444,""gamma"":{""imag"":0.0,""real"":-5.983986006837701},""h_vector"":[{""imag"":-3.4594370347866507e-06,""real"":-0.7998203959021161},{""imag"":2.595368109614824e-06,""real"":0.6000480217070564},{""imag"":0.0,""real"":4.9475295044988036e-17}],""k_vector"":[{""imag"":0.0,""real"":-4.489356590207668},{""imag"":0.0,""real"":-5.983986006837701},{""imag"":-7.026217474247436e-05,""real"":-4.958556350844336}],""m"":-3,""mode_index"":21,""n"":-1,""polarization"":""p"",""power_per_unit_amplitude"":0.4060324688489239,""projection_denominator"":0.4486971134429621,""propagating"":true,""rayleigh_tolerance"":1e-06,""rayleigh_warning"":false,""refractive_index"":{""imag"":4.32477054e-06,""real"":0.999885140474},""schema"":""fullspace-dtn.mode.v1"",""side"":""bottom"",""traction_vector"":[{""imag"":-5.386018447988506,""real"":2.3295969675791888e-05},{""imag"":-7.179171085592479,""real"":3.105183421154914e-05},{""imag"":0.0,""real"":0.0}],""vertical_sign"":-1}",-0.175,0.0001465669405619508,-6.555634758479169e-05,0.00014656694056190055,-6.555634758476462e-05,-7.0323782198768244e-06,-3.1660784057617397e-07,0.00015359931878182763,-6.523973974421551e-05,UNQUALIFIED_DIAGNOSTIC
LCZ-FINAL,22,bottom,-3,0,s,"{""alpha"":{""imag"":0.0,""real"":-4.489356590207668},""beta"":{""imag"":4.483064829471781e-05,""real"":7.771445786441615},""classification"":""propagating"",""e_vector"":[{""imag"":0.0,""real"":-0.0},{""imag"":0.0,""real"":-1.0},{""imag"":0.0,""real"":0.0}],""electric_tangential_norm_sq"":1.0,""gamma"":{""imag"":0.0,""real"":0.0},""h_vector"":[{""imag"":-4.994513494683011e-06,""real"":-0.8658048083180055},{""imag"":0.0,""real"":0.0},{""imag"":-0.0,""real"":0.5001523048436087}],""k_vector"":[{""imag"":0.0,""real"":-4.489356590207668},{""imag"":0.0,""real"":0.0},{""imag"":-4.483064829471781e-05,""real"":-7.771445786441615}],""m"":-3,""mode_index"":22,""n"":0,""polarization"":""s"",""power_per_unit_amplitude"":0.6363665341137341,""projection_denominator"":1.469976934812407,""propagating"":true,""rayleigh_tolerance"":1e-06,""rayleigh_warning"":false,""refractive_index"":{""imag"":4.32477054e-06,""real"":0.999885140474},""schema"":""fullspace-dtn.mode.v1"",""side"":""bottom"",""traction_vector"":[{""imag"":0.0,""real"":-0.0},{""imag"":-7.771445786441615,""real"":4.483064829471781e-05},{""imag"":0.0,""real"":0.0}],""vertical_sign"":-1}",-0.175,0.00012607836121716258,-0.0001642207196223961,0.00012607836121736674,-0.00016422071962287995,2.2500825790873014e-05,-3.5535196088581886e-05,0.00010357753542628957,-0.0001286855235338142,UNQUALIFIED_DIAGNOSTIC
LCZ-FINAL,23,bottom,-3,0,p,"{""alpha"":{""imag"":0.0,""real"":-4.489356590207668},""beta"":{""imag"":4.483064829471781e-05,""real"":7.771445786441615},""classification"":""propagating"",""e_vector"":[{""imag"":-1.2498197897239332e-06,""real"":-0.8659042656715219},{""imag"":0.0,""real"":0.0},{""imag"":-2.163540931475541e-06,""real"":0.5002097586869129}],""electric_tangential_norm_sq"":0.7497901973096996,""gamma"":{""imag"":0.0,""real"":0.0},""h_vector"":[{""imag"":0.0,""real"":0.0},{""imag"":4.324770539973001e-06,""real"":0.999885140467758},{""imag"":0.0,""real"":0.0}],""k_vector"":[{""imag"":0.0,""real"":-4.489356590207668},{""imag"":0.0,""real"":0.0},{""imag"":-4.483064829471781e-05,""real"":-7.771445786441615}],""m"":-3,""mode_index"":23,""n"":0,""polarization"":""p"",""power_per_unit_amplitude"":0.6363665341137341,""projection_denominator"":1.1021742959937022,""propagating"":true,""rayleigh_tolerance"":1e-06,""rayleigh_warning"":false,""refractive_index"":{""imag"":4.32477054e-06,""real"":0.999885140474},""schema"":""fullspace-dtn.mode.v1"",""side"":""bottom"",""traction_vector"":[{""imag"":-8.97494803350602,""real"":3.881904959097355e-05},{""imag"":0.0,""real"":0.0},{""imag"":0.0,""real"":0.0}],""vertical_sign"":-1}",-0.175,1.0295895637953561e-05,7.420199903491016e-06,1.0295895637953561e-05,7.420199903491016e-06,9.921735257066193e-16,7.637390319947128e-17,1.0295895636961387e-05,7.420199903414643e-06,UNQUALIFIED_DIAGNOSTIC
LCZ-FINAL,24,bottom,-3,1,s,"{""alpha"":{""imag"":0.0,""real"":-4.489356590207668},""beta"":{""imag"":7.026217474247436e-05,""real"":4.958556350844336},""classification"":""propagating"",""e_vector"":[{""imag"":0.0,""real"":-0.7999122734807461},{""imag"":0.0,""real"":-0.6001169508811294},{""imag"":0.0,""real"":0.0}],""electric_tangential_norm_sq"":0.9999999999999998,""gamma"":{""imag"":0.0,""real"":5.983986006837701},""h_vector"":[{""imag"":-4.697595885702236e-06,""real"":-0.3315196832168072},{""imag"":6.261553850976274e-06,""real"":0.4418916398148882},{""imag"":-0.0,""real"":0.8334247251460797}],""k_vector"":[{""imag"":0.0,""real"":-4.489356590207668},{""imag"":0.0,""real"":5.983986006837701},{""imag"":-7.026217474247436e-05,""real"":-4.958556350844336}],""m"":-3,""mode_index"":24,""n"":1,""polarization"":""s"",""power_per_unit_amplitude"":0.4060324688489237,""projection_denominator"":1.4699638505555863,""propagating"":true,""rayleigh_tolerance"":1e-06,""rayleigh_warning"":false,""refractive_index"":{""imag"":4.32477054e-06,""real"":0.999885140474},""schema"":""fullspace-dtn.mode.v1"",""side"":""bottom"",""traction_vector"":[{""imag"":-3.9664100837862852,""real"":5.620357593795412e-05},{""imag"":-2.975713718040963,""real"":4.216552206873081e-05},{""imag"":0.0,""real"":0.0}],""vertical_sign"":-1}",-0.175,0.00023627068952887346,0.0001656226164171527,0.00023627068952884042,0.0001656226164171645,-9.549378700351722e-06,-4.3615840435813124e-07,0.00024582006822922517,0.00016605877482151084,UNQUALIFIED_DIAGNOSTIC
LCZ-FINAL,25,bottom,-3,1,p,"{""alpha"":{""imag"":0.0,""real"":-4.489356590207668},""beta"":{""imag"":7.026217474247436e-05,""real"":4.958556350844336},""classification"":""propagating"",""e_vector"":[{""imag"":-3.264059536059784e-06,""real"":-0.33155776578462687},{""imag"":4.350754099567616e-06,""real"":0.4419424011095991},{""imag"":-3.605198833694458e-06,""real"":0.8335204628602758}],""electric_tangential_norm_sq"":0.30524363798019444,""gamma"":{""imag"":0.0,""real"":5.983986006837701},""h_vector"":[{""imag"":3.4594370347866507e-06,""real"":0.7998203959021161},{""imag"":2.595368109614824e-06,""real"":0.6000480217070564},{""imag"":0.0,""real"":-4.9475295044988036e-17}],""k_vector"":[{""imag"":0.0,""real"":-4.489356590207668},{""imag"":0.0,""real"":5.983986006837701},{""imag"":-7.026217474247436e-05,""real"":-4.958556350844336}],""m"":-3,""mode_index"":25,""n"":1,""polarization"":""p"",""power_per_unit_amplitude"":0.4060324688489239,""projection_denominator"":0.4486971134429621,""propagating"":true,""rayleigh_tolerance"":1e-06,""rayleigh_warning"":false,""refractive_index"":{""imag"":4.32477054e-06,""real"":0.999885140474},""schema"":""fullspace-dtn.mode.v1"",""side"":""bottom"",""traction_vector"":[{""imag"":-5.386018447988506,""real"":2.3295969675791888e-05},{""imag"":7.179171085592479,""real"":-3.105183421154914e-05},{""imag"":0.0,""real"":0.0}],""vertical_sign"":-1}",-0.175,0.00014105359994757876,-4.923855236486997e-05,0.00014105359994762517,-4.9238552364854504e-05,7.0323782197460426e-06,3.16607841783482e-07,0.00013402122172783272,-4.955516020665345e-05,UNQUALIFIED_DIAGNOSTIC
LCZ-FINAL,26,bottom,-2,-1,s,"{""alpha"":{""imag"":0.0,""real"":-0.0013670850793925382},""beta"":{""imag"":5.2086008415877786e-05,""real"":6.68891634028968},""classification"":""propagating"",""e_vector"":[{""imag"":-0.0,""real"":0.9999999739036398},{""imag"":0.0,""real"":-0.00022845725945122052},{""imag"":0.0,""real"":0.0}],""electric_tangential_norm_sq"":0.9999999999999997,""gamma"":{""imag"":0.0,""real"":-5.983986006837701},""h_vector"":[{""imag"":-1.3256968097683348e-09,""real"":-0.0001702467768758063},{""imag"":-5.802821842286574e-06,""real"":-0.7452018501926205},{""imag"":-0.0,""real"":0.6666666840642403}],""k_vector"":[{""imag"":0.0,""real"":-0.0013670850793925382},{""imag"":0.0,""real"":-5.983986006837701},{""imag"":-5.2086008415877786e-05,""real"":-6.68891634028968}],""m"":-2,""mode_index"":26,""n"":-1,""polarization"":""s"",""power_per_unit_amplitude"":0.5477233741851624,""projection_denominator"":1.4699732019929355,""propagating"":true,""rayleigh_tolerance"":1e-06,""rayleigh_warning"":false,""refractive_index"":{""imag"":4.32477054e-06,""real"":0.999885140474},""schema"":""fullspace-dtn.mode.v1"",""side"":""bottom"",""traction_vector"":[{""imag"":6.68891616573331,""real"":-5.208600705662255e-05},{""imag"":-0.0015281314958010678,""real"":1.1899426738444647e-08},{""imag"":0.0,""real"":0.0}],""vertical_sign"":-1}",-0.175,-3.9939739964712075e-05,9.781168209576748e-05,-3.993973996471207e-05,9.781168209576748e-05,-8.318854379968599e-09,-1.6920271814008964e-09,-3.9931421110332105e-05,9.781337412294888e-05,UNQUALIFIED_DIAGNOSTIC
LCZ-FINAL,27,bottom,-2,-1,p,"{""alpha"":{""imag"":0.0,""real"":-0.0013670850793925382},""beta"":{""imag"":5.2086008415877786e-05,""real"":6.68891634028968},""classification"":""propagating"",""e_vector"":[{""imag"":-5.894016846993088e-10,""real"":-0.0001702663335861758},{""imag"":-2.5799209477250923e-06,""real"":-0.7452874535562701},{""imag"":-2.8838428707480877e-06,""real"":0.6667432658572671}],""electric_tangential_norm_sq"":0.5554534174256699,""gamma"":{""imag"":0.0,""real"":-5.983986006837701},""h_vector"":[{""imag"":-4.32477042707448e-06,""real"":-0.999885114365667},{""imag"":9.880252253089822e-10,""real"":0.0002284310189552686},{""imag"":-4.6077459161158685e-26,""real"":2.4157858908685565e-20}],""k_vector"":[{""imag"":0.0,""real"":-0.0013670850793925382},{""imag"":0.0,""real"":-5.983986006837701},{""imag"":-5.2086008415877786e-05,""real"":-6.68891634028968}],""m"":-2,""mode_index"":27,""n"":-1,""polarization"":""p"",""power_per_unit_amplitude"":0.547723374185163,""projection_denominator"":0.8165016385711308,""propagating"":true,""rayleigh_tolerance"":1e-06,""rayleigh_warning"":false,""refractive_index"":{""imag"":4.32477054e-06,""real"":0.999885140474},""schema"":""fullspace-dtn.mode.v1"",""side"":""bottom"",""traction_vector"":[{""imag"":-0.0020503920314340076,""real"":8.868493683977426e-09},{""imag"":-8.974947799214199,""real"":3.8819048577598794e-05},{""imag"":0.0,""real"":0.0}],""vertical_sign"":-1}",-0.175,2.398060654073219e-05,1.0090975441658592e-05,2.3980606540774682e-05,1.0090975441658592e-05,-1.649730512294347e-05,-2.8045120940932605e-06,4.047791166367566e-05,1.2895487535751853e-05,UNQUALIFIED_DIAGNOSTIC
LCZ-FINAL,28,bottom,-2,0,s,"{""alpha"":{""imag"":0.0,""real"":-0.0013670850793925382},""beta"":{""imag"":3.8819050041557536e-05,""real"":8.97494792944325},""classification"":""propagating"",""e_vector"":[{""imag"":0.0,""real"":-0.0},{""imag"":0.0,""real"":-1.0},{""imag"":0.0,""real"":0.0}],""electric_tangential_norm_sq"":1.0,""gamma"":{""imag"":0.0,""real"":0.0},""h_vector"":[{""imag"":-4.324770590171869e-06,""real"":-0.9998851288742849},{""imag"":0.0,""real"":0.0},{""imag"":-0.0,""real"":0.00015230484360874904}],""k_vector"":[{""imag"":0.0,""real"":-0.0013670850793925382},{""imag"":0.0,""real"":0.0},{""imag"":-3.8819050041557536e-05,""real"":-8.97494792944325}],""m"":-2,""mode_index"":28,""n"":0,""polarization"":""s"",""power_per_unit_amplitude"":0.7349155697225994,""projection_denominator"":1.4699800277344321,""propagating"":true,""rayleigh_tolerance"":1e-06,""rayleigh_warning"":false,""refractive_index"":{""imag"":4.32477054e-06,""real"":0.999885140474},""schema"":""fullspace-dtn.mode.v1"",""side"":""bottom"",""traction_vector"":[{""imag"":0.0,""real"":-0.0},{""imag"":-8.97494792944325,""real"":3.8819050041557536e-05},{""imag"":0.0,""real"":0.0}],""vertical_sign"":-1}",-0.175,-6.589102445369483e-07,-2.2269819937223927e-06,-6.58910244796621e-07,-2.2269819934137966e-06,-3.2981256979544157e-06,-1.607450770976354e-05,2.6392154534174675e-06,1.3847525716041146e-05,UNQUALIFIED_DIAGNOSTIC
LCZ-FINAL,29,bottom,-2,0,p,"{""alpha"":{""imag"":0.0,""real"":-0.0013670850793925382},""beta"":{""imag"":3.8819050041557536e-05,""real"":8.97494792944325},""classification"":""propagating"",""e_vector"":[{""imag"":-1.0035526433266723e-13,""real"":-0.9999999883989524},{""imag"":0.0,""real"":0.0},{""imag"":-6.588348389489128e-10,""real"":0.00015232233927758835}],""electric_tangential_norm_sq"":0.999999976797905,""gamma"":{""imag"":0.0,""real"":0.0},""h_vector"":[{""imag"":0.0,""real"":0.0},{""imag"":4.324770539999998e-06,""real"":0.9998851404740002},{""imag"":0.0,""real"":0.0}],""k_vector"":[{""imag"":0.0,""real"":-0.0013670850793925382},{""imag"":0.0,""real"":0.0},{""imag"":-3.8819050041557536e-05,""real"":-8.97494792944325}],""m"":-2,""mode_index"":29,""n"":0,""polarization"":""p"",""power_per_unit_amplitude"":0.7349155697225995,""projection_denominator"":1.469979993627816,""propagating"":true,""rayleigh_tolerance"":1e-06,""rayleigh_warning"":false,""refractive_index"":{""imag"":4.32477054e-06,""real"":0.999885140474},""schema"":""fullspace-dtn.mode.v1"",""side"":""bottom"",""traction_vector"":[{""imag"":-8.97494803356205,""real"":3.881904959121588e-05},{""imag"":0.0,""real"":0.0},{""imag"":0.0,""real"":0.0}],""vertical_sign"":-1}",-0.175,-1.0425650874847738e-05,4.664471563493476e-06,-1.0425650874847738e-05,4.664471563493476e-06,5.901173302659412e-17,-1.6734047403331803e-16,-1.0425650874906749e-05,4.664471563660816e-06,UNQUALIFIED_DIAGNOSTIC
LCZ-FINAL,30,bottom,-2,1,s,"{""alpha"":{""imag"":0.0,""real"":-0.0013670850793925382},""beta"":{""imag"":5.2086008415877786e-05,""real"":6.68891634028968},""classification"":""propagating"",""e_vector"":[{""imag"":0.0,""real"":-0.9999999739036398},{""imag"":0.0,""real"":-0.00022845725945122052},{""imag"":0.0,""real"":0.0}],""electric_tangential_norm_sq"":0.9999999999999997,""gamma"":{""imag"":0.0,""real"":5.983986006837701},""h_vector"":[{""imag"":-1.3256968097683348e-09,""real"":-0.0001702467768758063},{""imag"":5.802821842286574e-06,""real"":0.7452018501926205},{""imag"":-0.0,""real"":0.6666666840642403}],""k_vector"":[{""imag"":0.0,""real"":-0.0013670850793925382},{""imag"":0.0,""real"":5.983986006837701},{""imag"":-5.2086008415877786e-05,""real"":-6.68891634028968}],""m"":-2,""mode_index"":30,""n"":1,""polarization"":""s"",""power_per_unit_amplitude"":0.5477233741851624,""projection_denominator"":1.4699732019929355,""propagating"":true,""rayleigh_tolerance"":1e-06,""rayleigh_warning"":false,""refractive_index"":{""imag"":4.32477054e-06,""real"":0.999885140474},""schema"":""fullspace-dtn.mode.v1"",""side"":""bottom"",""traction_vector"":[{""imag"":-6.68891616573331,""real"":5.208600705662255e-05},{""imag"":-0.0015281314958010678,""real"":1.1899426738444647e-08},{""imag"":0.0,""real"":0.0}],""vertical_sign"":-1}",-0.175,4.632213180443329e-05,-0.0001075877051764834,4.6322131804433295e-05,-0.0001075877051764834,-8.318854144220389e-09,-1.6920271921818259e-09,4.633045065857751e-05,-0.00010758601314929121,UNQUALIFIED_DIAGNOSTIC
LCZ-FINAL,31,bottom,-2,1,p,"{""alpha"":{""imag"":0.0,""real"":-0.0013670850793925382},""beta"":{""imag"":5.2086008415877786e-05,""real"":6.68891634028968},""classification"":""propagating"",""e_vector"":[{""imag"":-5.894016846993088e-10,""real"":-0.0001702663335861758},{""imag"":2.5799209477250923e-06,""real"":0.7452874535562701},{""imag"":-2.8838428707480877e-06,""real"":0.6667432658572671}],""electric_tangential_norm_sq"":0.5554534174256699,""gamma"":{""imag"":0.0,""real"":5.983986006837701},""h_vector"":[{""imag"":4.32477042707448e-06,""real"":0.999885114365667},{""imag"":9.880252253089822e-10,""real"":0.0002284310189552686},{""imag"":4.6077459161158685e-26,""real"":-2.4157858908685565e-20}],""k_vector"":[{""imag"":0.0,""real"":-0.0013670850793925382},{""imag"":0.0,""real"":5.983986006837701},{""imag"":-5.2086008415877786e-05,""real"":-6.68891634028968}],""m"":-2,""mode_index"":31,""n"":1,""polarization"":""p"",""power_per_unit_amplitude"":0.547723374185163,""projection_denominator"":0.8165016385711308,""propagating"":true,""rayleigh_tolerance"":1e-06,""rayleigh_warning"":false,""refractive_index"":{""imag"":4.32477054e-06,""real"":0.999885140474},""schema"":""fullspace-dtn.mode.v1"",""side"":""bottom"",""traction_vector"":[{""imag"":-0.0020503920314340076,""real"":8.868493683977426e-09},{""imag"":8.974947799214199,""real"":-3.8819048577598794e-05},{""imag"":0.0,""real"":0.0}],""vertical_sign"":-1}",-0.175,3.363881891925995e-05,8.063044306730208e-06,3.3638818919225955e-05,8.063044306764201e-06,1.6497305123386963e-05,2.8045120944097438e-06,1.7141513795872988e-05,5.258532212320464e-06,UNQUALIFIED_DIAGNOSTIC
LCZ-FINAL,32,bottom,-1,-1,s,"{""alpha"":{""imag"":0.0,""real"":4.486622420048883},""beta"":{""imag"":7.022713479206063e-05,""real"":4.961030431115042},""classification"":""propagating"",""e_vector"":[{""imag"":-0.0,""real"":0.8000877286570669},{""imag"":0.0,""real"":0.5998830106382207},{""imag"":0.0,""real"":0.0}],""electric_tangential_norm_sq"":0.9999999999999999,""gamma"":{""imag"":0.0,""real"":-5.983986006837701},""h_vector"":[{""imag"":4.693422856650971e-06,""real"":0.3315557965860328},{""imag"":-6.259803939121232e-06,""real"":-0.4422090966226506},{""imag"":0.0,""real"":0.8332419593357027}],""k_vector"":[{""imag"":0.0,""real"":4.486622420048883},{""imag"":0.0,""real"":-5.983986006837701},{""imag"":-7.022713479206063e-05,""real"":-4.961030431115042}],""m"":-1,""mode_index"":32,""n"":-1,""polarization"":""s"",""power_per_unit_amplitude"":0.4062350594517862,""projection_denominator"":1.469963868583197,""propagating"":true,""rayleigh_tolerance"":1e-06,""rayleigh_warning"":false,""refractive_index"":{""imag"":4.32477054e-06,""real"":0.999885140474},""schema"":""fullspace-dtn.mode.v1"",""side"":""bottom"",""traction_vector"":[{""imag"":3.9692595694294237,""real"":-5.6187868765873466e-05},{""imag"":2.9760378708851216,""real"":-4.212806504755746e-05},{""imag"":0.0,""real"":-0.0}],""vertical_sign"":-1}",-0.175,0.0003446631506915195,-1.273156793751953e-05,0.0003446631506915266,-1.2731567937528971e-05,1.3478982120230951e-06,-2.8617351950530372e-05,0.00034331525247949636,1.5885784013010842e-05,UNQUALIFIED_DIAGNOSTIC
LCZ-FINAL,33,bottom,-1,-1,p,"{""alpha"":{""imag"":0.0,""real"":4.486622420048883},""beta"":{""imag"":7.022713479206063e-05,""real"":4.961030431115042},""classification"":""propagating"",""e_vector"":[{""imag"":3.259729809722286e-06,""real"":0.3315938833022934},{""imag"":-4.347630743403933e-06,""real"":-0.4422598943844885},{""imag"":-3.604408231896424e-06,""real"":0.8333376760551552}],""electric_tangential_norm_sq"":0.3055483176540016,""gamma"":{""imag"":0.0,""real"":-5.983986006837701},""h_vector"":[{""imag"":-3.4601958381644716e-06,""real"":-0.7999958309257797},{""imag"":-2.594356371744373e-06,""real"":-0.5998141083344596},{""imag"":3.7746654544821195e-22,""real"":0.0}],""k_vector"":[{""imag"":0.0,""real"":4.486622420048883},{""imag"":0.0,""real"":-5.983986006837701},{""imag"":-7.022713479206063e-05,""real"":-4.961030431115042}],""m"":-1,""mode_index"":33,""n"":-1,""polarization"":""p"",""power_per_unit_amplitude"":0.4062350594517864,""projection_denominator"":0.4491449870577638,""propagating"":true,""rayleigh_tolerance"":1e-06,""rayleigh_warning"":false,""refractive_index"":{""imag"":4.32477054e-06,""real"":0.999885140474},""schema"":""fullspace-dtn.mode.v1"",""side"":""bottom"",""traction_vector"":[{""imag"":5.383918846465859,""real"":-2.3286888337902835e-05},{""imag"":-7.180745786682548,""real"":3.1058645214741376e-05},{""imag"":0.0,""real"":0.0}],""vertical_sign"":-1}",-0.175,-5.8637861701375525e-05,-5.147052668890585e-05,-5.8637861701342694e-05,-5.1470526688990815e-05,-9.897602625340122e-07,2.110575118169754e-05,-5.764810143884151e-05,-7.257627787060339e-05,UNQUALIFIED_DIAGNOSTIC
LCZ-FINAL,34,bottom,-1,0,s,"{""alpha"":{""imag"":0.0,""real"":4.486622420048883},""beta"":{""imag"":4.482154253021086e-05,""real"":7.773024602145297},""classification"":""propagating"",""e_vector"":[{""imag"":0.0,""real"":-0.0},{""imag"":0.0,""real"":1.0},{""imag"":0.0,""real"":0.0}],""electric_tangential_norm_sq"":1.0,""gamma"":{""imag"":0.0,""real"":0.0},""h_vector"":[{""imag"":4.993499035480673e-06,""real"":0.865980701744436},{""imag"":0.0,""real"":0.0},{""imag"":0.0,""real"":0.4998476951563912}],""k_vector"":[{""imag"":0.0,""real"":4.486622420048883},{""imag"":0.0,""real"":0.0},{""imag"":-4.482154253021086e-05,""real"":-7.773024602145297}],""m"":-1,""mode_index"":34,""n"":0,""polarization"":""s"",""power_per_unit_amplitude"":0.6364958157821604,""projection_denominator"":1.46997693949725,""propagating"":true,""rayleigh_tolerance"":1e-06,""rayleigh_warning"":false,""refractive_index"":{""imag"":4.32477054e-06,""real"":0.999885140474},""schema"":""fullspace-dtn.mode.v1"",""side"":""bottom"",""traction_vector"":[{""imag"":0.0,""real"":-0.0},{""imag"":7.773024602145297,""real"":-4.482154253021086e-05},{""imag"":0.0,""real"":-0.0}],""vertical_sign"":-1}",-0.175,9.944806317349276e-06,0.00010012808534710718,9.94480631682649e-06,0.00010012808534725823,9.926308743385664e-05,-7.780678494999836e-05,-8.931828111650737e-05,0.00017793487029710552,UNQUALIFIED_DIAGNOSTIC
LCZ-FINAL,35,bottom,-1,0,p,"{""alpha"":{""imag"":0.0,""real"":4.486622420048883},""beta"":{""imag"":4.482154253021086e-05,""real"":7.773024602145297},""classification"":""propagating"",""e_vector"":[{""imag"":1.2480443405020596e-06,""real"":0.8660801793033087},{""imag"":0.0,""real"":0.0},{""imag"":-2.1622232617976723e-06,""real"":0.4999051140083646}],""electric_tangential_norm_sq"":0.750094876983609,""gamma"":{""imag"":0.0,""real"":0.0},""h_vector"":[{""imag"":0.0,""real"":0.0},{""imag"":-4.324770539973044e-06,""real"":-0.9998851404677681},{""imag"":0.0,""real"":0.0}],""k_vector"":[{""imag"":0.0,""real"":4.486622420048883},{""imag"":0.0,""real"":0.0},{""imag"":-4.482154253021086e-05,""real"":-7.773024602145297}],""m"":-1,""mode_index"":35,""n"":0,""polarization"":""p"",""power_per_unit_amplitude"":0.6364958157821605,""projection_denominator"":1.1026221716009317,""propagating"":true,""rayleigh_tolerance"":1e-06,""rayleigh_warning"":false,""refractive_index"":{""imag"":4.32477054e-06,""real"":0.999885140474},""schema"":""fullspace-dtn.mode.v1"",""side"":""bottom"",""traction_vector"":[{""imag"":8.974948033506111,""real"":-3.881904959097394e-05},{""imag"":0.0,""real"":0.0},{""imag"":0.0,""real"":0.0}],""vertical_sign"":-1}",-0.175,-1.397575388509847e-05,1.337092392146356e-05,-1.397575388509847e-05,1.337092392146356e-05,-3.1369553848747296e-17,3.598636189989576e-16,-1.39757538850671e-05,1.3370923921103697e-05,UNQUALIFIED_DIAGNOSTIC
LCZ-FINAL,36,bottom,-1,1,s,"{""alpha"":{""imag"":0.0,""real"":4.486622420048883},""beta"":{""imag"":7.022713479206063e-05,""real"":4.961030431115042},""classification"":""propagating"",""e_vector"":[{""imag"":0.0,""real"":-0.8000877286570669},{""imag"":0.0,""real"":0.5998830106382207},{""imag"":0.0,""real"":0.0}],""electric_tangential_norm_sq"":0.9999999999999999,""gamma"":{""imag"":0.0,""real"":5.983986006837701},""h_vector"":[{""imag"":4.693422856650971e-06,""real"":0.3315557965860328},{""imag"":6.259803939121232e-06,""real"":0.4422090966226506},{""imag"":0.0,""real"":0.8332419593357027}],""k_vector"":[{""imag"":0.0,""real"":4.486622420048883},{""imag"":0.0,""real"":5.983986006837701},{""imag"":-7.022713479206063e-05,""real"":-4.961030431115042}],""m"":-1,""mode_index"":36,""n"":1,""polarization"":""s"",""power_per_unit_amplitude"":0.4062350594517862,""projection_denominator"":1.469963868583197,""propagating"":true,""rayleigh_tolerance"":1e-06,""rayleigh_warning"":false,""refractive_index"":{""imag"":4.32477054e-06,""real"":0.999885140474},""schema"":""fullspace-dtn.mode.v1"",""side"":""bottom"",""traction_vector"":[{""imag"":-3.9692595694294237,""real"":5.6187868765873466e-05},{""imag"":2.9760378708851216,""real"":-4.212806504755746e-05},{""imag"":0.0,""real"":0.0}],""vertical_sign"":-1}",-0.175,-0.00035636344448401817,-3.180753833895484e-05,-0.0003563634444840229,-3.180753833896841e-05,1.3478982117702708e-06,-2.8617351950484697e-05,-0.00035771134269578844,-3.1901863884701403e-06,UNQUALIFIED_DIAGNOSTIC
LCZ-FINAL,37,bottom,-1,1,p,"{""alpha"":{""imag"":0.0,""real"":4.486622420048883},""beta"":{""imag"":7.022713479206063e-05,""real"":4.961030431115042},""classification"":""propagating"",""e_vector"":[{""imag"":3.259729809722286e-06,""real"":0.3315938833022934},{""imag"":4.347630743403933e-06,""real"":0.4422598943844885},{""imag"":-3.604408231896424e-06,""real"":0.8333376760551552}],""electric_tangential_norm_sq"":0.3055483176540016,""gamma"":{""imag"":0.0,""real"":5.983986006837701},""h_vector"":[{""imag"":3.4601958381644716e-06,""real"":0.7999958309257797},{""imag"":-2.594356371744373e-06,""real"":-0.5998141083344596},{""imag"":-3.7746654544821195e-22,""real"":0.0}],""k_vector"":[{""imag"":0.0,""real"":4.486622420048883},{""imag"":0.0,""real"":5.983986006837701},{""imag"":-7.022713479206063e-05,""real"":-4.961030431115042}],""m"":-1,""mode_index"":37,""n"":1,""polarization"":""p"",""power_per_unit_amplitude"":0.4062350594517864,""projection_denominator"":0.4491449870577638,""propagating"":true,""rayleigh_tolerance"":1e-06,""rayleigh_warning"":false,""refractive_index"":{""imag"":4.32477054e-06,""real"":0.999885140474},""schema"":""fullspace-dtn.mode.v1"",""side"":""bottom"",""traction_vector"":[{""imag"":5.383918846465859,""real"":-2.3286888337902835e-05},{""imag"":7.180745786682548,""real"":-3.1058645214741376e-05},{""imag"":0.0,""real"":-0.0}],""vertical_sign"":-1}",-0.175,-7.229991118659783e-05,-5.657094166907279e-05,-7.229991118663646e-05,-5.6570941669078585e-05,9.897602624415658e-07,-2.110575118164611e-05,-7.32896714490394e-05,-3.546519048742668e-05,UNQUALIFIED_DIAGNOSTIC
LCZ-FINAL,38,bottom,0,0,s,"{""alpha"":{""imag"":0.0,""real"":8.97461192517716},""beta"":{""imag"":0.004478058289365571,""real"":0.07780134385941416},""classification"":""propagating"",""e_vector"":[{""imag"":0.0,""real"":-0.0},{""imag"":0.0,""real"":1.0},{""imag"":0.0,""real"":0.0}],""electric_tangential_norm_sq"":1.0,""gamma"":{""imag"":0.0,""real"":0.0},""h_vector"":[{""imag"":0.0004988935785443173,""real"":0.008667727918092628},{""imag"":0.0,""real"":0.0},{""imag"":0.0,""real"":0.9998476951563912}],""k_vector"":[{""imag"":0.0,""real"":8.97461192517716},{""imag"":0.0,""real"":0.0},{""imag"":-0.004478058289365571,""real"":-0.07780134385941416}],""m"":0,""mode_index"":38,""n"":0,""polarization"":""s"",""power_per_unit_amplitude"":0.006370780019798082,""projection_denominator"":1.467697843589745,""propagating"":true,""rayleigh_tolerance"":1e-06,""rayleigh_warning"":false,""refractive_index"":{""imag"":4.32477054e-06,""real"":0.999885140474},""schema"":""fullspace-dtn.mode.v1"",""side"":""bottom"",""traction_vector"":[{""imag"":0.0,""real"":-0.0},{""imag"":0.07780134385941416,""real"":-0.004478058289365571},{""imag"":0.0,""real"":-0.0}],""vertical_sign"":-1}",-0.175,1.3309979998047545,-0.05087067631867907,-0.004598926877408807,-0.025360825520017307,1.3197240512671184,-0.16439467913781666,0.01127394853763608,0.11352400281913759,UNQUALIFIED_DIAGNOSTIC
LCZ-FINAL,39,bottom,0,0,p,"{""alpha"":{""imag"":0.0,""real"":8.97461192517716},""beta"":{""imag"":0.004478058289365571,""real"":0.07780134385941416},""classification"":""propagating"",""e_vector"":[{""imag"":0.0004989132690542871,""real"":0.00866872360357703},{""imag"":0.0,""real"":0.0},{""imag"":-4.325104281798984e-06,""real"":0.9999623014383734}],""electric_tangential_norm_sq"":7.539568336525196e-05,""gamma"":{""imag"":0.0,""real"":0.0},""h_vector"":[{""imag"":0.0,""real"":0.0},{""imag"":-4.324769463421086e-06,""real"":-0.999884891569405},{""imag"":0.0,""real"":0.0}],""k_vector"":[{""imag"":0.0,""real"":8.97461192517716},{""imag"":0.0,""real"":0.0},{""imag"":-0.004478058289365571,""real"":-0.07780134385941416}],""m"":0,""mode_index"":39,""n"":0,""polarization"":""p"",""power_per_unit_amplitude"":0.0063707800197980845,""projection_denominator"":0.00011065808189115553,""propagating"":true,""rayleigh_tolerance"":1e-06,""rayleigh_warning"":false,""refractive_index"":{""imag"":4.32477054e-06,""real"":0.999885140474},""schema"":""fullspace-dtn.mode.v1"",""side"":""bottom"",""traction_vector"":[{""imag"":8.974945799399627,""real"":-3.881903992786616e-05},{""imag"":0.0,""real"":0.0},{""imag"":0.0,""real"":0.0}],""vertical_sign"":-1}",-0.175,1.619148478973355e-05,2.912153524752724e-05,1.6191484774374466e-05,2.912153524870586e-05,-3.7037259666544526e-14,2.295610468684518e-15,1.619148482677081e-05,2.912153524523163e-05,UNQUALIFIED_DIAGNOSTIC
V21-C-FINAL,0,top,-3,-1,s,"{""alpha"":{""imag"":0.0,""real"":-4.489356590207668},""beta"":{""imag"":0.0,""real"":4.960422166357995},""classification"":""propagating"",""e_vector"":[{""imag"":-0.0,""real"":0.7999122734807461},{""imag"":0.0,""real"":-0.6001169508811294},{""imag"":0.0,""real"":0.0}],""electric_tangential_norm_sq"":0.9999999999999998,""gamma"":{""imag"":0.0,""real"":-5.983986006837701},""h_vector"":[{""imag"":0.0,""real"":0.33164442810710654},{""imag"":0.0,""real"":0.44205791568604624},{""imag"":-0.0,""real"":0.8334247251460797}],""k_vector"":[{""imag"":0.0,""real"":-4.489356590207668},{""imag"":0.0,""real"":-5.983986006837701},{""imag"":0.0,""real"":4.960422166357995}],""m"":-3,""mode_index"":0,""n"":-1,""polarization"":""s"",""power_per_unit_amplitude"":0.4061852515594194,""projection_denominator"":1.4699999999999998,""propagating"":true,""rayleigh_tolerance"":1e-06,""rayleigh_warning"":false,""refractive_index"":{""imag"":0.0,""real"":1.0},""schema"":""fullspace-dtn.mode.v1"",""side"":""top"",""traction_vector"":[{""imag"":3.9679025725157118,""real"":0.0},{""imag"":-2.9768334255579263,""real"":0.0},{""imag"":0.0,""real"":0.0}],""vertical_sign"":1}",1.225,-4.134679623305071e-06,-8.530652465935275e-06,-4.1346796233263125e-06,-8.530652465964777e-06,-4.134544516790736e-06,-8.530477664715285e-06,-1.3510651433479856e-10,-1.7480121999052952e-10,UNQUALIFIED_DIAGNOSTIC
V21-C-FINAL,1,top,-3,-1,p,"{""alpha"":{""imag"":0.0,""real"":-4.489356590207668},""beta"":{""imag"":0.0,""real"":4.960422166357995},""classification"":""propagating"",""e_vector"":[{""imag"":0.0,""real"":0.3316444281071066},{""imag"":0.0,""real"":0.44205791568604635},{""imag"":-0.0,""real"":0.8334247251460798}],""electric_tangential_norm_sq"":0.30540322751518145,""gamma"":{""imag"":0.0,""real"":-5.983986006837701},""h_vector"":[{""imag"":0.0,""real"":-0.7999122734807462},{""imag"":0.0,""real"":0.6001169508811294},{""imag"":0.0,""real"":-2.4737647522494018e-17}],""k_vector"":[{""imag"":0.0,""real"":-4.489356590207668},{""imag"":0.0,""real"":-5.983986006837701},{""imag"":0.0,""real"":4.960422166357995}],""m"":-3,""mode_index"":1,""n"":-1,""polarization"":""p"",""power_per_unit_amplitude"":0.4061852515594195,""projection_denominator"":0.44894274444731674,""propagating"":true,""rayleigh_tolerance"":1e-06,""rayleigh_warning"":false,""refractive_index"":{""imag"":0.0,""real"":1.0},""schema"":""fullspace-dtn.mode.v1"",""side"":""top"",""traction_vector"":[{""imag"":5.38663715480818,""real"":0.0},{""imag"":7.179995776809777,""real"":0.0},{""imag"":-0.0,""real"":0.0}],""vertical_sign"":1}",1.225,3.0469751595188793e-06,6.27994635035379e-06,3.046975159495695e-06,6.279946350394362e-06,3.0469597078748646e-06,6.279864279230611e-06,1.54516440146465e-11,8.207112317900516e-11,UNQUALIFIED_DIAGNOSTIC
V21-C-FINAL,2,top,-3,0,s,"{""alpha"":{""imag"":0.0,""real"":-4.489356590207668},""beta"":{""imag"":0.0,""real"":7.772636399480241},""classification"":""propagating"",""e_vector"":[{""imag"":0.0,""real"":-0.0},{""imag"":0.0,""real"":-1.0},{""imag"":0.0,""real"":0.0}],""electric_tangential_norm_sq"":1.0,""gamma"":{""imag"":0.0,""real"":0.0},""h_vector"":[{""imag"":0.0,""real"":0.8659374526832905},{""imag"":0.0,""real"":0.0},{""imag"":-0.0,""real"":0.5001523048436087}],""k_vector"":[{""imag"":0.0,""real"":-4.489356590207668},{""imag"":0.0,""real"":0.0},{""imag"":0.0,""real"":7.772636399480241}],""m"":-3,""mode_index"":2,""n"":0,""polarization"":""s"",""power_per_unit_amplitude"":0.6364640277222186,""projection_denominator"":1.47,""propagating"":true,""rayleigh_tolerance"":1e-06,""rayleigh_warning"":false,""refractive_index"":{""imag"":0.0,""real"":1.0},""schema"":""fullspace-dtn.mode.v1"",""side"":""top"",""traction_vector"":[{""imag"":0.0,""real"":0.0},{""imag"":-7.772636399480241,""real"":0.0},{""imag"":0.0,""real"":0.0}],""vertical_sign"":1}",1.225,-4.174533570707562e-05,-1.1429608015123136e-05,-4.1745335707318716e-05,-1.1429608015228163e-05,-4.174435527054871e-05,-1.1429406449091863e-05,-9.804365269072668e-10,-2.0156603127285814e-10,UNQUALIFIED_DIAGNOSTIC
V21-C-FINAL,3,top,-3,0,p,"{""alpha"":{""imag"":0.0,""real"":-4.489356590207668},""beta"":{""imag"":0.0,""real"":7.772636399480241},""classification"":""propagating"",""e_vector"":[{""imag"":0.0,""real"":0.8659374526832905},{""imag"":0.0,""real"":0.0},{""imag"":-0.0,""real"":0.5001523048436087}],""electric_tangential_norm_sq"":0.749847671959626,""gamma"":{""imag"":0.0,""real"":0.0},""h_vector"":[{""imag"":0.0,""real"":0.0},{""imag"":0.0,""real"":1.0},{""imag"":0.0,""real"":0.0}],""k_vector"":[{""imag"":0.0,""real"":-4.489356590207668},{""imag"":0.0,""real"":0.0},{""imag"":0.0,""real"":7.772636399480241}],""m"":-3,""mode_index"":3,""n"":0,""polarization"":""p"",""power_per_unit_amplitude"":0.6364640277222186,""projection_denominator"":1.1022760777806502,""propagating"":true,""rayleigh_tolerance"":1e-06,""rayleigh_warning"":false,""refractive_index"":{""imag"":0.0,""real"":1.0},""schema"":""fullspace-dtn.mode.v1"",""side"":""top"",""traction_vector"":[{""imag"":8.975979010256552,""real"":0.0},{""imag"":0.0,""real"":-0.0},{""imag"":0.0,""real"":0.0}],""vertical_sign"":1}",1.225,-2.5958667141378246e-11,-1.867330573059155e-10,-2.5958667141378246e-11,-1.867330573059155e-10,2.335674126355448e-16,-1.0674968189333025e-16,-2.595890070879088e-11,-1.867329505562336e-10,UNQUALIFIED_DIAGNOSTIC
V21-C-FINAL,4,top,-3,1,s,"{""alpha"":{""imag"":0.0,""real"":-4.489356590207668},""beta"":{""imag"":0.0,""real"":4.960422166357995},""classification"":""propagating"",""e_vector"":[{""imag"":0.0,""real"":-0.7999122734807461},{""imag"":0.0,""real"":-0.6001169508811294},{""imag"":0.0,""real"":0.0}],""electric_tangential_norm_sq"":0.9999999999999998,""gamma"":{""imag"":0.0,""real"":5.983986006837701},""h_vector"":[{""imag"":0.0,""real"":0.33164442810710654},{""imag"":0.0,""real"":-0.44205791568604624},{""imag"":-0.0,""real"":0.8334247251460797}],""k_vector"":[{""imag"":0.0,""real"":-4.489356590207668},{""imag"":0.0,""real"":5.983986006837701},{""imag"":0.0,""real"":4.960422166357995}],""m"":-3,""mode_index"":4,""n"":1,""polarization"":""s"",""power_per_unit_amplitude"":0.4061852515594194,""projection_denominator"":1.4699999999999998,""propagating"":true,""rayleigh_tolerance"":1e-06,""rayleigh_warning"":false,""refractive_index"":{""imag"":0.0,""real"":1.0},""schema"":""fullspace-dtn.mode.v1"",""side"":""top"",""traction_vector"":[{""imag"":-3.9679025725157118,""real"":0.0},{""imag"":-2.9768334255579263,""real"":0.0},{""imag"":0.0,""real"":0.0}],""vertical_sign"":1}",1.225,-4.134644268086698e-06,-8.530628353116109e-06,-4.134644268091419e-06,-8.530628353109027e-06,-4.134544517190177e-06,-8.530477664672137e-06,-9.975089652121839e-11,-1.506884439717558e-10,UNQUALIFIED_DIAGNOSTIC
V21-C-FINAL,5,top,-3,1,p,"{""alpha"":{""imag"":0.0,""real"":-4.489356590207668},""beta"":{""imag"":0.0,""real"":4.960422166357995},""classification"":""propagating"",""e_vector"":[{""imag"":0.0,""real"":0.3316444281071066},{""imag"":0.0,""real"":-0.44205791568604635},{""imag"":-0.0,""real"":0.8334247251460798}],""electric_tangential_norm_sq"":0.30540322751518145,""gamma"":{""imag"":0.0,""real"":5.983986006837701},""h_vector"":[{""imag"":0.0,""real"":0.7999122734807462},{""imag"":0.0,""real"":0.6001169508811294},{""imag"":-0.0,""real"":2.4737647522494018e-17}],""k_vector"":[{""imag"":0.0,""real"":-4.489356590207668},{""imag"":0.0,""real"":5.983986006837701},{""imag"":0.0,""real"":4.960422166357995}],""m"":-3,""mode_index"":5,""n"":1,""polarization"":""p"",""power_per_unit_amplitude"":0.4061852515594195,""projection_denominator"":0.44894274444731674,""propagating"":true,""rayleigh_tolerance"":1e-06,""rayleigh_warning"":false,""refractive_index"":{""imag"":0.0,""real"":1.0},""schema"":""fullspace-dtn.mode.v1"",""side"":""top"",""traction_vector"":[{""imag"":5.38663715480818,""real"":0.0},{""imag"":-7.179995776809777,""real"":0.0},{""imag"":0.0,""real"":0.0}],""vertical_sign"":1}",1.225,-3.047043397700862e-06,-6.280055213485678e-06,-3.047043397677678e-06,-6.280055213466358e-06,-3.0469597082596497e-06,-6.279864279523739e-06,-8.368944121250009e-11,-1.9093396193937224e-10,UNQUALIFIED_DIAGNOSTIC
V21-C-FINAL,6,top,-2,-1,s,"{""alpha"":{""imag"":0.0,""real"":-0.0013670850793925382},""beta"":{""imag"":0.0,""real"":6.690299604174327},""classification"":""propagating"",""e_vector"":[{""imag"":-0.0,""real"":0.9999999739036398},{""imag"":0.0,""real"":-0.00022845725945122052},{""imag"":0.0,""real"":0.0}],""electric_tangential_norm_sq"":0.9999999999999997,""gamma"":{""imag"":0.0,""real"":-5.983986006837701},""h_vector"":[{""imag"":0.0,""real"":0.00017028198380708622},{""imag"":0.0,""real"":0.7453559574879883},{""imag"":-0.0,""real"":0.6666666840642403}],""k_vector"":[{""imag"":0.0,""real"":-0.0013670850793925382},{""imag"":0.0,""real"":-5.983986006837701},{""imag"":0.0,""real"":6.690299604174327}],""m"":-2,""mode_index"":6,""n"":-1,""polarization"":""s"",""power_per_unit_amplitude"":0.5478366430502136,""projection_denominator"":1.4699999999999995,""propagating"":true,""rayleigh_tolerance"":1e-06,""rayleigh_warning"":false,""refractive_index"":{""imag"":0.0,""real"":1.0},""schema"":""fullspace-dtn.mode.v1"",""side"":""top"",""traction_vector"":[{""imag"":6.6902994295818585,""real"":0.0},{""imag"":-0.001528447512477252,""real"":0.0},{""imag"":0.0,""real"":0.0}],""vertical_sign"":1}",1.225,-7.158554191901979e-09,4.332000592035476e-09,-7.158554191897369e-09,4.332000592034036e-09,-7.195797395900892e-09,4.3342190942694065e-09,3.724320399891322e-11,-2.218502233930239e-12,UNQUALIFIED_DIAGNOSTIC
V21-C-FINAL,7,top,-2,-1,p,"{""alpha"":{""imag"":0.0,""real"":-0.0013670850793925382},""beta"":{""imag"":0.0,""real"":6.690299604174327},""classification"":""propagating"",""e_vector"":[{""imag"":0.0,""real"":0.00017028198380708627},{""imag"":0.0,""real"":0.7453559574879884},{""imag"":-0.0,""real"":0.6666666840642405}],""electric_tangential_norm_sq"":0.5555555323587901,""gamma"":{""imag"":0.0,""real"":-5.983986006837701},""h_vector"":[{""imag"":0.0,""real"":-0.9999999739036399},{""imag"":0.0,""real"":0.00022845725945122054},{""imag"":0.0,""real"":2.4157858908685565e-20}],""k_vector"":[{""imag"":0.0,""real"":-0.0013670850793925382},{""imag"":0.0,""real"":-5.983986006837701},{""imag"":0.0,""real"":6.690299604174327}],""m"":-2,""mode_index"":7,""n"":-1,""polarization"":""p"",""power_per_unit_amplitude"":0.5478366430502138,""projection_denominator"":0.8166666325674213,""propagating"":true,""rayleigh_tolerance"":1e-06,""rayleigh_warning"":false,""refractive_index"":{""imag"":0.0,""real"":1.0},""schema"":""fullspace-dtn.mode.v1"",""side"":""top"",""traction_vector"":[{""imag"":0.002050627565574891,""real"":0.0},{""imag"":8.975978776016172,""real"":0.0},{""imag"":-0.0,""real"":0.0}],""vertical_sign"":1}",1.225,1.388513054641504e-05,-8.984048201246055e-06,1.3885130546355562e-05,-8.984048201246055e-06,1.3884985056625193e-05,-8.98399558006467e-06,1.4548978984589437e-10,-5.2621181385523446e-11,UNQUALIFIED_DIAGNOSTIC
V21-C-FINAL,8,top,-2,0,s,"{""alpha"":{""imag"":0.0,""real"":-0.0013670850793925382},""beta"":{""imag"":0.0,""real"":8.975978906149711},""classification"":""propagating"",""e_vector"":[{""imag"":0.0,""real"":-0.0},{""imag"":0.0,""real"":-1.0},{""imag"":0.0,""real"":0.0}],""electric_tangential_norm_sq"":1.0,""gamma"":{""imag"":0.0,""real"":0.0},""h_vector"":[{""imag"":0.0,""real"":0.9999999884016172},{""imag"":0.0,""real"":0.0},{""imag"":-0.0,""real"":0.00015230484360874904}],""k_vector"":[{""imag"":0.0,""real"":-0.0013670850793925382},{""imag"":0.0,""real"":0.0},{""imag"":0.0,""real"":8.975978906149711}],""m"":-2,""mode_index"":8,""n"":0,""polarization"":""s"",""power_per_unit_amplitude"":0.7349999914751887,""projection_denominator"":1.47,""propagating"":true,""rayleigh_tolerance"":1e-06,""rayleigh_warning"":false,""refractive_index"":{""imag"":0.0,""real"":1.0},""schema"":""fullspace-dtn.mode.v1"",""side"":""top"",""traction_vector"":[{""imag"":0.0,""real"":0.0},{""imag"":-8.975978906149711,""real"":0.0},{""imag"":0.0,""real"":0.0}],""vertical_sign"":1}",1.225,3.2665366051314715e-06,1.5792163087273602e-05,3.266536605454206e-06,1.5792163087151464e-05,3.266661606981309e-06,1.579199203088943e-05,-1.2500184983764518e-10,1.7105638417226968e-10,UNQUALIFIED_DIAGNOSTIC
V21-C-FINAL,9,top,-2,0,p,"{""alpha"":{""imag"":0.0,""real"":-0.0013670850793925382},""beta"":{""imag"":0.0,""real"":8.975978906149711},""classification"":""propagating"",""e_vector"":[{""imag"":0.0,""real"":0.9999999884016174},{""imag"":0.0,""real"":0.0},{""imag"":-0.0,""real"":0.00015230484360874907}],""electric_tangential_norm_sq"":0.9999999768032349,""gamma"":{""imag"":0.0,""real"":0.0},""h_vector"":[{""imag"":0.0,""real"":0.0},{""imag"":0.0,""real"":1.0000000000000002},{""imag"":0.0,""real"":0.0}],""k_vector"":[{""imag"":0.0,""real"":-0.0013670850793925382},{""imag"":0.0,""real"":0.0},{""imag"":0.0,""real"":8.975978906149711}],""m"":-2,""mode_index"":9,""n"":0,""polarization"":""p"",""power_per_unit_amplitude"":0.7349999914751889,""projection_denominator"":1.4699999659007554,""propagating"":true,""rayleigh_tolerance"":1e-06,""rayleigh_warning"":false,""refractive_index"":{""imag"":0.0,""real"":1.0},""schema"":""fullspace-dtn.mode.v1"",""side"":""top"",""traction_vector"":[{""imag"":8.975979010256554,""real"":0.0},{""imag"":0.0,""real"":-0.0},{""imag"":0.0,""real"":0.0}],""vertical_sign"":1}",1.225,1.3494304278410982e-10,2.60081605430985e-11,1.3494304278410982e-10,2.60081605430985e-11,-2.0122553573612502e-16,1.8658087211231932e-16,1.3494324400964556e-10,2.600797396222639e-11,UNQUALIFIED_DIAGNOSTIC
V21-C-FINAL,10,top,-2,1,s,"{""alpha"":{""imag"":0.0,""real"":-0.0013670850793925382},""beta"":{""imag"":0.0,""real"":6.690299604174327},""classification"":""propagating"",""e_vector"":[{""imag"":0.0,""real"":-0.9999999739036398},{""imag"":0.0,""real"":-0.00022845725945122052},{""imag"":0.0,""real"":0.0}],""electric_tangential_norm_sq"":0.9999999999999997,""gamma"":{""imag"":0.0,""real"":5.983986006837701},""h_vector"":[{""imag"":0.0,""real"":0.00017028198380708622},{""imag"":0.0,""real"":-0.7453559574879883},{""imag"":-0.0,""real"":0.6666666840642403}],""k_vector"":[{""imag"":0.0,""real"":-0.0013670850793925382},{""imag"":0.0,""real"":5.983986006837701},{""imag"":0.0,""real"":6.690299604174327}],""m"":-2,""mode_index"":10,""n"":1,""polarization"":""s"",""power_per_unit_amplitude"":0.5478366430502136,""projection_denominator"":1.4699999999999995,""propagating"":true,""rayleigh_tolerance"":1e-06,""rayleigh_warning"":false,""refractive_index"":{""imag"":0.0,""real"":1.0},""schema"":""fullspace-dtn.mode.v1"",""side"":""top"",""traction_vector"":[{""imag"":-6.6902994295818585,""real"":0.0},{""imag"":-0.001528447512477252,""real"":0.0},{""imag"":0.0,""real"":0.0}],""vertical_sign"":1}",1.225,-7.1813556713220865e-09,4.305011629053932e-09,-7.1813556713220865e-09,4.3050116290550845e-09,-7.195797779243505e-09,4.334218822436149e-09,1.4442107921418675e-11,-2.9207193382216454e-11,UNQUALIFIED_DIAGNOSTIC
V21-C-FINAL,11,top,-2,1,p,"{""alpha"":{""imag"":0.0,""real"":-0.0013670850793925382},""beta"":{""imag"":0.0,""real"":6.690299604174327},""classification"":""propagating"",""e_vector"":[{""imag"":0.0,""real"":0.00017028198380708627},{""imag"":0.0,""real"":-0.7453559574879884},{""imag"":-0.0,""real"":0.6666666840642405}],""electric_tangential_norm_sq"":0.5555555323587901,""gamma"":{""imag"":0.0,""real"":5.983986006837701},""h_vector"":[{""imag"":0.0,""real"":0.9999999739036399},{""imag"":0.0,""real"":0.00022845725945122054},{""imag"":0.0,""real"":-2.4157858908685565e-20}],""k_vector"":[{""imag"":0.0,""real"":-0.0013670850793925382},{""imag"":0.0,""real"":5.983986006837701},{""imag"":0.0,""real"":6.690299604174327}],""m"":-2,""mode_index"":11,""n"":1,""polarization"":""p"",""power_per_unit_amplitude"":0.5478366430502138,""projection_denominator"":0.8166666325674213,""propagating"":true,""rayleigh_tolerance"":1e-06,""rayleigh_warning"":false,""refractive_index"":{""imag"":0.0,""real"":1.0},""schema"":""fullspace-dtn.mode.v1"",""side"":""top"",""traction_vector"":[{""imag"":0.002050627565574891,""real"":0.0},{""imag"":-8.975978776016172,""real"":0.0},{""imag"":0.0,""real"":0.0}],""vertical_sign"":1}",1.225,-1.3885037338665893e-05,8.983937401773541e-06,-1.3885037338729617e-05,8.983937401773541e-06,-1.3884985056452473e-05,8.983995580305071e-06,-5.2282213419820945e-11,-5.817853153003243e-11,UNQUALIFIED_DIAGNOSTIC
V21-C-FINAL,12,top,-1,-1,s,"{""alpha"":{""imag"":0.0,""real"":4.486622420048883},""beta"":{""imag"":0.0,""real"":4.962895316491319},""classification"":""propagating"",""e_vector"":[{""imag"":-0.0,""real"":0.8000877286570669},{""imag"":0.0,""real"":0.5998830106382207},{""imag"":0.0,""real"":0.0}],""electric_tangential_norm_sq"":0.9999999999999999,""gamma"":{""imag"":0.0,""real"":-5.983986006837701},""h_vector"":[{""imag"":0.0,""real"":-0.33168043068474645},{""imag"":0.0,""real"":0.4423753260560312},{""imag"":0.0,""real"":0.8332419593357027}],""k_vector"":[{""imag"":0.0,""real"":4.486622420048883},{""imag"":0.0,""real"":-5.983986006837701},{""imag"":0.0,""real"":4.962895316491319}],""m"":-1,""mode_index"":12,""n"":-1,""polarization"":""s"",""power_per_unit_amplitude"":0.4063877659977793,""projection_denominator"":1.4699999999999998,""propagating"":true,""rayleigh_tolerance"":1e-06,""rayleigh_warning"":false,""refractive_index"":{""imag"":0.0,""real"":1.0},""schema"":""fullspace-dtn.mode.v1"",""side"":""top"",""traction_vector"":[{""imag"":3.9707516413343344,""real"":0.0},{""imag"":2.9771565839391374,""real"":0.0},{""imag"":-0.0,""real"":0.0}],""vertical_sign"":1}",1.225,2.5551162825349845e-05,-1.2421111047638087e-05,2.5551162825316804e-05,-1.2421111047638087e-05,2.555102944959861e-05,-1.2421186840752343e-05,1.3337575123590554e-10,7.579311425539778e-11,UNQUALIFIED_DIAGNOSTIC
V21-C-FINAL,13,top,-1,-1,p,"{""alpha"":{""imag"":0.0,""real"":4.486622420048883},""beta"":{""imag"":0.0,""real"":4.962895316491319},""classification"":""propagating"",""e_vector"":[{""imag"":0.0,""real"":-0.3316804306847465},{""imag"":0.0,""real"":0.4423753260560313},{""imag"":0.0,""real"":0.833241959335703}],""electric_tangential_norm_sq"":0.3057078372023989,""gamma"":{""imag"":0.0,""real"":-5.983986006837701},""h_vector"":[{""imag"":0.0,""real"":-0.8000877286570669},{""imag"":0.0,""real"":-0.5998830106382207},{""imag"":0.0,""real"":-2.4737647522494018e-17}],""k_vector"":[{""imag"":0.0,""real"":4.486622420048883},{""imag"":0.0,""real"":-5.983986006837701},{""imag"":0.0,""real"":4.962895316491319}],""m"":-1,""mode_index"":13,""n"":-1,""polarization"":""p"",""power_per_unit_amplitude"":0.4063877659977795,""projection_denominator"":0.4493905206875264,""propagating"":true,""rayleigh_tolerance"":1e-06,""rayleigh_warning"":false,""refractive_index"":{""imag"":0.0,""real"":1.0},""schema"":""fullspace-dtn.mode.v1"",""side"":""top"",""traction_vector"":[{""imag"":-5.384537312098177,""real"":0.0},{""imag"":7.181570658789672,""real"":0.0},{""imag"":0.0,""real"":0.0}],""vertical_sign"":1}",1.225,1.8842193288737904e-05,-9.159083656389043e-06,1.884219328864526e-05,-9.159083656416064e-06,1.8842193182604635e-05,-9.15911227089638e-06,1.061332689485453e-13,2.86145073361368e-11,UNQUALIFIED_DIAGNOSTIC
V21-C-FINAL,14,top,-1,0,s,"{""alpha"":{""imag"":0.0,""real"":4.486622420048883},""beta"":{""imag"":0.0,""real"":7.774214973389975},""classification"":""propagating"",""e_vector"":[{""imag"":0.0,""real"":-0.0},{""imag"":0.0,""real"":1.0},{""imag"":0.0,""real"":0.0}],""electric_tangential_norm_sq"":1.0,""gamma"":{""imag"":0.0,""real"":0.0},""h_vector"":[{""imag"":0.0,""real"":-0.8661133191718294},{""imag"":0.0,""real"":0.0},{""imag"":0.0,""real"":0.4998476951563912}],""k_vector"":[{""imag"":0.0,""real"":4.486622420048883},{""imag"":0.0,""real"":0.0},{""imag"":0.0,""real"":7.774214973389975}],""m"":-1,""mode_index"":14,""n"":0,""polarization"":""s"",""power_per_unit_amplitude"":0.6365932895912946,""projection_denominator"":1.47,""propagating"":true,""rayleigh_tolerance"":1e-06,""rayleigh_warning"":false,""refractive_index"":{""imag"":0.0,""real"":1.0},""schema"":""fullspace-dtn.mode.v1"",""side"":""top"",""traction_vector"":[{""imag"":0.0,""real"":-0.0},{""imag"":7.774214973389975,""real"":0.0},{""imag"":-0.0,""real"":0.0}],""vertical_sign"":1}",1.225,-0.00010779860212456866,-7.256370550582019e-05,-0.00010779860212417687,-7.256370550526851e-05,-0.0001077984191275123,-7.256319276933049e-05,-1.8299705635104867e-10,-5.127364897001023e-10,UNQUALIFIED_DIAGNOSTIC
V21-C-FINAL,15,top,-1,0,p,"{""alpha"":{""imag"":0.0,""real"":4.486622420048883},""beta"":{""imag"":0.0,""real"":7.774214973389975},""classification"":""propagating"",""e_vector"":[{""imag"":0.0,""real"":-0.8661133191718294},{""imag"":0.0,""real"":0.0},{""imag"":0.0,""real"":0.4998476951563912}],""electric_tangential_norm_sq"":0.7501522816468433,""gamma"":{""imag"":0.0,""real"":0.0},""h_vector"":[{""imag"":0.0,""real"":0.0},{""imag"":0.0,""real"":-1.0},{""imag"":0.0,""real"":0.0}],""k_vector"":[{""imag"":0.0,""real"":4.486622420048883},{""imag"":0.0,""real"":0.0},{""imag"":0.0,""real"":7.774214973389975}],""m"":-1,""mode_index"":15,""n"":0,""polarization"":""p"",""power_per_unit_amplitude"":0.6365932895912946,""projection_denominator"":1.1027238540208597,""propagating"":true,""rayleigh_tolerance"":1e-06,""rayleigh_warning"":false,""refractive_index"":{""imag"":0.0,""real"":1.0},""schema"":""fullspace-dtn.mode.v1"",""side"":""top"",""traction_vector"":[{""imag"":-8.975979010256552,""real"":0.0},{""imag"":0.0,""real"":0.0},{""imag"":0.0,""real"":0.0}],""vertical_sign"":1}",1.225,1.6538783360580577e-10,2.8129787945340274e-10,1.6538783360580577e-10,2.8129787945340274e-10,-7.512217828146564e-16,7.306111960405604e-16,1.653885848275886e-10,2.812971488422067e-10,UNQUALIFIED_DIAGNOSTIC
V21-C-FINAL,16,top,-1,1,s,"{""alpha"":{""imag"":0.0,""real"":4.486622420048883},""beta"":{""imag"":0.0,""real"":4.962895316491319},""classification"":""propagating"",""e_vector"":[{""imag"":0.0,""real"":-0.8000877286570669},{""imag"":0.0,""real"":0.5998830106382207},{""imag"":0.0,""real"":0.0}],""electric_tangential_norm_sq"":0.9999999999999999,""gamma"":{""imag"":0.0,""real"":5.983986006837701},""h_vector"":[{""imag"":0.0,""real"":-0.33168043068474645},{""imag"":0.0,""real"":-0.4423753260560312},{""imag"":0.0,""real"":0.8332419593357027}],""k_vector"":[{""imag"":0.0,""real"":4.486622420048883},{""imag"":0.0,""real"":5.983986006837701},{""imag"":0.0,""real"":4.962895316491319}],""m"":-1,""mode_index"":16,""n"":1,""polarization"":""s"",""power_per_unit_amplitude"":0.4063877659977793,""projection_denominator"":1.4699999999999998,""propagating"":true,""rayleigh_tolerance"":1e-06,""rayleigh_warning"":false,""refractive_index"":{""imag"":0.0,""real"":1.0},""schema"":""fullspace-dtn.mode.v1"",""side"":""top"",""traction_vector"":[{""imag"":-3.9707516413343344,""real"":0.0},{""imag"":2.9771565839391374,""real"":0.0},{""imag"":0.0,""real"":0.0}],""vertical_sign"":1}",1.225,2.5551096269041465e-05,-1.2421128919325441e-05,2.5551096269056806e-05,-1.242112891930538e-05,2.5551029449478588e-05,-1.2421186840209803e-05,6.68195628765033e-11,5.7920884361729505e-11,UNQUALIFIED_DIAGNOSTIC
V21-C-FINAL,17,top,-1,1,p,"{""alpha"":{""imag"":0.0,""real"":4.486622420048883},""beta"":{""imag"":0.0,""real"":4.962895316491319},""classification"":""propagating"",""e_vector"":[{""imag"":0.0,""real"":-0.3316804306847465},{""imag"":0.0,""real"":-0.4423753260560313},{""imag"":0.0,""real"":0.833241959335703}],""electric_tangential_norm_sq"":0.3057078372023989,""gamma"":{""imag"":0.0,""real"":5.983986006837701},""h_vector"":[{""imag"":0.0,""real"":0.8000877286570669},{""imag"":0.0,""real"":-0.5998830106382207},{""imag"":0.0,""real"":2.4737647522494018e-17}],""k_vector"":[{""imag"":0.0,""real"":4.486622420048883},{""imag"":0.0,""real"":5.983986006837701},{""imag"":0.0,""real"":4.962895316491319}],""m"":-1,""mode_index"":17,""n"":1,""polarization"":""p"",""power_per_unit_amplitude"":0.4063877659977795,""projection_denominator"":0.4493905206875264,""propagating"":true,""rayleigh_tolerance"":1e-06,""rayleigh_warning"":false,""refractive_index"":{""imag"":0.0,""real"":1.0},""schema"":""fullspace-dtn.mode.v1"",""side"":""top"",""traction_vector"":[{""imag"":-5.384537312098177,""real"":0.0},{""imag"":-7.181570658789672,""real"":0.0},{""imag"":0.0,""real"":0.0}],""vertical_sign"":1}",1.225,-1.884219890454796e-05,9.159136933602508e-06,-1.8842198904629024e-05,9.159136933590928e-06,-1.884219318237659e-05,9.159112271291004e-06,-5.722171370227793e-12,2.4662311504724198e-11,UNQUALIFIED_DIAGNOSTIC
V21-C-FINAL,18,top,0,0,s,"{""alpha"":{""imag"":0.0,""real"":8.97461192517716},""beta"":{""imag"":0.0,""real"":0.15665243385951635},""classification"":""propagating"",""e_vector"":[{""imag"":0.0,""real"":-0.0},{""imag"":0.0,""real"":1.0},{""imag"":0.0,""real"":0.0}],""electric_tangential_norm_sq"":1.0,""gamma"":{""imag"":0.0,""real"":0.0},""h_vector"":[{""imag"":0.0,""real"":-0.017452406437282755},{""imag"":0.0,""real"":0.0},{""imag"":0.0,""real"":0.9998476951563912}],""k_vector"":[{""imag"":0.0,""real"":8.97461192517716},{""imag"":0.0,""real"":0.0},{""imag"":0.0,""real"":0.15665243385951635}],""m"":0,""mode_index"":18,""n"":0,""polarization"":""s"",""power_per_unit_amplitude"":0.012827518731402825,""projection_denominator"":1.47,""propagating"":true,""rayleigh_tolerance"":1e-06,""rayleigh_warning"":false,""refractive_index"":{""imag"":0.0,""real"":1.0},""schema"":""fullspace-dtn.mode.v1"",""side"":""top"",""traction_vector"":[{""imag"":0.0,""real"":-0.0},{""imag"":0.15665243385951635,""real"":0.0},{""imag"":-0.0,""real"":0.0}],""vertical_sign"":1}",1.225,1.2301146917107555,-0.5354339578833339,-0.03274399205413929,-0.13554442320633073,1.2301124466956983,-0.5354375258627233,2.2450150571895477e-06,3.567979389385023e-06,UNQUALIFIED_DIAGNOSTIC
V21-C-FINAL,19,top,0,0,p,"{""alpha"":{""imag"":0.0,""real"":8.97461192517716},""beta"":{""imag"":0.0,""real"":0.15665243385951635},""classification"":""propagating"",""e_vector"":[{""imag"":0.0,""real"":-0.01745240643728276},{""imag"":0.0,""real"":0.0},{""imag"":0.0,""real"":0.9998476951563914}],""electric_tangential_norm_sq"":0.0003045864904521087,""gamma"":{""imag"":0.0,""real"":0.0},""h_vector"":[{""imag"":0.0,""real"":0.0},{""imag"":0.0,""real"":-1.0000000000000002},{""imag"":0.0,""real"":0.0}],""k_vector"":[{""imag"":0.0,""real"":8.97461192517716},{""imag"":0.0,""real"":0.0},{""imag"":0.0,""real"":0.15665243385951635}],""m"":0,""mode_index"":19,""n"":0,""polarization"":""p"",""power_per_unit_amplitude"":0.01282751873140283,""projection_denominator"":0.0004477421409645998,""propagating"":true,""rayleigh_tolerance"":1e-06,""rayleigh_warning"":false,""refractive_index"":{""imag"":0.0,""real"":1.0},""schema"":""fullspace-dtn.mode.v1"",""side"":""top"",""traction_vector"":[{""imag"":-8.975979010256554,""real"":0.0},{""imag"":0.0,""real"":0.0},{""imag"":0.0,""real"":0.0}],""vertical_sign"":1}",1.225,5.396704097421724e-07,6.40540700867052e-07,5.396704102735499e-07,6.405407006987891e-07,-3.154010265628375e-14,6.2826313755395736e-15,5.39670441282275e-07,6.405406945844206e-07,UNQUALIFIED_DIAGNOSTIC
V21-C-FINAL,20,bottom,-3,-1,s,"{""alpha"":{""imag"":0.0,""real"":-4.489356590207668},""beta"":{""imag"":7.026217474247436e-05,""real"":4.958556350844336},""classification"":""propagating"",""e_vector"":[{""imag"":-0.0,""real"":0.7999122734807461},{""imag"":0.0,""real"":-0.6001169508811294},{""imag"":0.0,""real"":0.0}],""electric_tangential_norm_sq"":0.9999999999999998,""gamma"":{""imag"":0.0,""real"":-5.983986006837701},""h_vector"":[{""imag"":-4.697595885702236e-06,""real"":-0.3315196832168072},{""imag"":-6.261553850976274e-06,""real"":-0.4418916398148882},{""imag"":-0.0,""real"":0.8334247251460797}],""k_vector"":[{""imag"":0.0,""real"":-4.489356590207668},{""imag"":0.0,""real"":-5.983986006837701},{""imag"":-7.026217474247436e-05,""real"":-4.958556350844336}],""m"":-3,""mode_index"":20,""n"":-1,""polarization"":""s"",""power_per_unit_amplitude"":0.4060324688489237,""projection_denominator"":1.4699638505555863,""propagating"":true,""rayleigh_tolerance"":1e-06,""rayleigh_warning"":false,""refractive_index"":{""imag"":4.32477054e-06,""real"":0.999885140474},""schema"":""fullspace-dtn.mode.v1"",""side"":""bottom"",""traction_vector"":[{""imag"":3.9664100837862852,""real"":-5.620357593795412e-05},{""imag"":-2.975713718040963,""real"":4.216552206873081e-05},{""imag"":0.0,""real"":0.0}],""vertical_sign"":-1}",-0.175,-9.549574662779998e-06,-4.3613728612394383e-07,-9.549574662778817e-06,-4.3613728610742224e-07,-9.549378700067261e-06,-4.3615840469472487e-07,-1.9596271273669902e-10,2.1118570781041372e-11,UNQUALIFIED_DIAGNOSTIC
V21-C-FINAL,21,bottom,-3,-1,p,"{""alpha"":{""imag"":0.0,""real"":-4.489356590207668},""beta"":{""imag"":7.026217474247436e-05,""real"":4.958556350844336},""classification"":""propagating"",""e_vector"":[{""imag"":-3.264059536059784e-06,""real"":-0.33155776578462687},{""imag"":-4.350754099567616e-06,""real"":-0.4419424011095991},{""imag"":-3.605198833694458e-06,""real"":0.8335204628602758}],""electric_tangential_norm_sq"":0.30524363798019444,""gamma"":{""imag"":0.0,""real"":-5.983986006837701},""h_vector"":[{""imag"":-3.4594370347866507e-06,""real"":-0.7998203959021161},{""imag"":2.595368109614824e-06,""real"":0.6000480217070564},{""imag"":0.0,""real"":4.9475295044988036e-17}],""k_vector"":[{""imag"":0.0,""real"":-4.489356590207668},{""imag"":0.0,""real"":-5.983986006837701},{""imag"":-7.026217474247436e-05,""real"":-4.958556350844336}],""m"":-3,""mode_index"":21,""n"":-1,""polarization"":""p"",""power_per_unit_amplitude"":0.4060324688489239,""projection_denominator"":0.4486971134429621,""propagating"":true,""rayleigh_tolerance"":1e-06,""rayleigh_warning"":false,""refractive_index"":{""imag"":4.32477054e-06,""real"":0.999885140474},""schema"":""fullspace-dtn.mode.v1"",""side"":""bottom"",""traction_vector"":[{""imag"":-5.386018447988506,""real"":2.3295969675791888e-05},{""imag"":-7.179171085592479,""real"":3.105183421154914e-05},{""imag"":0.0,""real"":0.0}],""vertical_sign"":-1}",-0.175,-7.032611004223469e-06,-3.167540544450059e-07,-7.032611004273729e-06,-3.167540544179429e-07,-7.0323782198768244e-06,-3.1660784057617397e-07,-2.3278434664477618e-10,-1.4621386883190778e-10,UNQUALIFIED_DIAGNOSTIC
V21-C-FINAL,22,bottom,-3,0,s,"{""alpha"":{""imag"":0.0,""real"":-4.489356590207668},""beta"":{""imag"":4.483064829471781e-05,""real"":7.771445786441615},""classification"":""propagating"",""e_vector"":[{""imag"":0.0,""real"":-0.0},{""imag"":0.0,""real"":-1.0},{""imag"":0.0,""real"":0.0}],""electric_tangential_norm_sq"":1.0,""gamma"":{""imag"":0.0,""real"":0.0},""h_vector"":[{""imag"":-4.994513494683011e-06,""real"":-0.8658048083180055},{""imag"":0.0,""real"":0.0},{""imag"":-0.0,""real"":0.5001523048436087}],""k_vector"":[{""imag"":0.0,""real"":-4.489356590207668},{""imag"":0.0,""real"":0.0},{""imag"":-4.483064829471781e-05,""real"":-7.771445786441615}],""m"":-3,""mode_index"":22,""n"":0,""polarization"":""s"",""power_per_unit_amplitude"":0.6363665341137341,""projection_denominator"":1.469976934812407,""propagating"":true,""rayleigh_tolerance"":1e-06,""rayleigh_warning"":false,""refractive_index"":{""imag"":4.32477054e-06,""real"":0.999885140474},""schema"":""fullspace-dtn.mode.v1"",""side"":""bottom"",""traction_vector"":[{""imag"":0.0,""real"":-0.0},{""imag"":-7.771445786441615,""real"":4.483064829471781e-05},{""imag"":0.0,""real"":0.0}],""vertical_sign"":-1}",-0.175,2.250130237650839e-05,-3.55360606468511e-05,2.250130237671255e-05,-3.553606064733494e-05,2.2500825790873014e-05,-3.5535196088581886e-05,4.765856353766869e-10,-8.645582692140032e-10,UNQUALIFIED_DIAGNOSTIC
V21-C-FINAL,23,bottom,-3,0,p,"{""alpha"":{""imag"":0.0,""real"":-4.489356590207668},""beta"":{""imag"":4.483064829471781e-05,""real"":7.771445786441615},""classification"":""propagating"",""e_vector"":[{""imag"":-1.2498197897239332e-06,""real"":-0.8659042656715219},{""imag"":0.0,""real"":0.0},{""imag"":-2.163540931475541e-06,""real"":0.5002097586869129}],""electric_tangential_norm_sq"":0.7497901973096996,""gamma"":{""imag"":0.0,""real"":0.0},""h_vector"":[{""imag"":0.0,""real"":0.0},{""imag"":4.324770539973001e-06,""real"":0.999885140467758},{""imag"":0.0,""real"":0.0}],""k_vector"":[{""imag"":0.0,""real"":-4.489356590207668},{""imag"":0.0,""real"":0.0},{""imag"":-4.483064829471781e-05,""real"":-7.771445786441615}],""m"":-3,""mode_index"":23,""n"":0,""polarization"":""p"",""power_per_unit_amplitude"":0.6363665341137341,""projection_denominator"":1.1021742959937022,""propagating"":true,""rayleigh_tolerance"":1e-06,""rayleigh_warning"":false,""refractive_index"":{""imag"":4.32477054e-06,""real"":0.999885140474},""schema"":""fullspace-dtn.mode.v1"",""side"":""bottom"",""traction_vector"":[{""imag"":-8.97494803350602,""real"":3.881904959097355e-05},{""imag"":0.0,""real"":0.0},{""imag"":0.0,""real"":0.0}],""vertical_sign"":-1}",-0.175,-2.187532118496797e-10,-6.135719654229553e-11,-2.187532118496797e-10,-6.135719654229553e-11,9.921735257066193e-16,7.637390319947128e-17,-2.187542040232054e-10,-6.135727291619872e-11,UNQUALIFIED_DIAGNOSTIC
V21-C-FINAL,24,bottom,-3,1,s,"{""alpha"":{""imag"":0.0,""real"":-4.489356590207668},""beta"":{""imag"":7.026217474247436e-05,""real"":4.958556350844336},""classification"":""propagating"",""e_vector"":[{""imag"":0.0,""real"":-0.7999122734807461},{""imag"":0.0,""real"":-0.6001169508811294},{""imag"":0.0,""real"":0.0}],""electric_tangential_norm_sq"":0.9999999999999998,""gamma"":{""imag"":0.0,""real"":5.983986006837701},""h_vector"":[{""imag"":-4.697595885702236e-06,""real"":-0.3315196832168072},{""imag"":6.261553850976274e-06,""real"":0.4418916398148882},{""imag"":-0.0,""real"":0.8334247251460797}],""k_vector"":[{""imag"":0.0,""real"":-4.489356590207668},{""imag"":0.0,""real"":5.983986006837701},{""imag"":-7.026217474247436e-05,""real"":-4.958556350844336}],""m"":-3,""mode_index"":24,""n"":1,""polarization"":""s"",""power_per_unit_amplitude"":0.4060324688489237,""projection_denominator"":1.4699638505555863,""propagating"":true,""rayleigh_tolerance"":1e-06,""rayleigh_warning"":false,""refractive_index"":{""imag"":4.32477054e-06,""real"":0.999885140474},""schema"":""fullspace-dtn.mode.v1"",""side"":""bottom"",""traction_vector"":[{""imag"":-3.9664100837862852,""real"":5.620357593795412e-05},{""imag"":-2.975713718040963,""real"":4.216552206873081e-05},{""imag"":0.0,""real"":0.0}],""vertical_sign"":-1}",-0.175,-9.549540287765314e-06,-4.361553732567585e-07,-9.549540287798356e-06,-4.361553732449574e-07,-9.549378700351722e-06,-4.3615840435813124e-07,-1.615874135919035e-10,3.031101372727814e-12,UNQUALIFIED_DIAGNOSTIC
V21-C-FINAL,25,bottom,-3,1,p,"{""alpha"":{""imag"":0.0,""real"":-4.489356590207668},""beta"":{""imag"":7.026217474247436e-05,""real"":4.958556350844336},""classification"":""propagating"",""e_vector"":[{""imag"":-3.264059536059784e-06,""real"":-0.33155776578462687},{""imag"":4.350754099567616e-06,""real"":0.4419424011095991},{""imag"":-3.605198833694458e-06,""real"":0.8335204628602758}],""electric_tangential_norm_sq"":0.30524363798019444,""gamma"":{""imag"":0.0,""real"":5.983986006837701},""h_vector"":[{""imag"":3.4594370347866507e-06,""real"":0.7998203959021161},{""imag"":2.595368109614824e-06,""real"":0.6000480217070564},{""imag"":0.0,""real"":-4.9475295044988036e-17}],""k_vector"":[{""imag"":0.0,""real"":-4.489356590207668},{""imag"":0.0,""real"":5.983986006837701},{""imag"":-7.026217474247436e-05,""real"":-4.958556350844336}],""m"":-3,""mode_index"":25,""n"":1,""polarization"":""p"",""power_per_unit_amplitude"":0.4060324688489239,""projection_denominator"":0.4486971134429621,""propagating"":true,""rayleigh_tolerance"":1e-06,""rayleigh_warning"":false,""refractive_index"":{""imag"":4.32477054e-06,""real"":0.999885140474},""schema"":""fullspace-dtn.mode.v1"",""side"":""bottom"",""traction_vector"":[{""imag"":-5.386018447988506,""real"":2.3295969675791888e-05},{""imag"":7.179171085592479,""real"":-3.105183421154914e-05},{""imag"":0.0,""real"":0.0}],""vertical_sign"":-1}",-0.175,7.0322850505968535e-06,3.1666625343570846e-07,7.032285050643247e-06,3.16666253451173e-07,7.0323782197460426e-06,3.16607841783482e-07,-9.316914918908149e-11,5.841165222645517e-11,UNQUALIFIED_DIAGNOSTIC
V21-C-FINAL,26,bottom,-2,-1,s,"{""alpha"":{""imag"":0.0,""real"":-0.0013670850793925382},""beta"":{""imag"":5.2086008415877786e-05,""real"":6.68891634028968},""classification"":""propagating"",""e_vector"":[{""imag"":-0.0,""real"":0.9999999739036398},{""imag"":0.0,""real"":-0.00022845725945122052},{""imag"":0.0,""real"":0.0}],""electric_tangential_norm_sq"":0.9999999999999997,""gamma"":{""imag"":0.0,""real"":-5.983986006837701},""h_vector"":[{""imag"":-1.3256968097683348e-09,""real"":-0.0001702467768758063},{""imag"":-5.802821842286574e-06,""real"":-0.7452018501926205},{""imag"":-0.0,""real"":0.6666666840642403}],""k_vector"":[{""imag"":0.0,""real"":-0.0013670850793925382},{""imag"":0.0,""real"":-5.983986006837701},{""imag"":-5.2086008415877786e-05,""real"":-6.68891634028968}],""m"":-2,""mode_index"":26,""n"":-1,""polarization"":""s"",""power_per_unit_amplitude"":0.5477233741851624,""projection_denominator"":1.4699732019929355,""propagating"":true,""rayleigh_tolerance"":1e-06,""rayleigh_warning"":false,""refractive_index"":{""imag"":4.32477054e-06,""real"":0.999885140474},""schema"":""fullspace-dtn.mode.v1"",""side"":""bottom"",""traction_vector"":[{""imag"":6.68891616573331,""real"":-5.208600705662255e-05},{""imag"":-0.0015281314958010678,""real"":1.1899426738444647e-08},{""imag"":0.0,""real"":0.0}],""vertical_sign"":-1}",-0.175,-8.31308574078114e-09,-1.7069664803471203e-09,-8.31308574077192e-09,-1.7069664803419343e-09,-8.318854379968599e-09,-1.6920271814008964e-09,5.7686391874590496e-12,-1.4939298946223946e-11,UNQUALIFIED_DIAGNOSTIC
V21-C-FINAL,27,bottom,-2,-1,p,"{""alpha"":{""imag"":0.0,""real"":-0.0013670850793925382},""beta"":{""imag"":5.2086008415877786e-05,""real"":6.68891634028968},""classification"":""propagating"",""e_vector"":[{""imag"":-5.894016846993088e-10,""real"":-0.0001702663335861758},{""imag"":-2.5799209477250923e-06,""real"":-0.7452874535562701},{""imag"":-2.8838428707480877e-06,""real"":0.6667432658572671}],""electric_tangential_norm_sq"":0.5554534174256699,""gamma"":{""imag"":0.0,""real"":-5.983986006837701},""h_vector"":[{""imag"":-4.32477042707448e-06,""real"":-0.999885114365667},{""imag"":9.880252253089822e-10,""real"":0.0002284310189552686},{""imag"":-4.6077459161158685e-26,""real"":2.4157858908685565e-20}],""k_vector"":[{""imag"":0.0,""real"":-0.0013670850793925382},{""imag"":0.0,""real"":-5.983986006837701},{""imag"":-5.2086008415877786e-05,""real"":-6.68891634028968}],""m"":-2,""mode_index"":27,""n"":-1,""polarization"":""p"",""power_per_unit_amplitude"":0.547723374185163,""projection_denominator"":0.8165016385711308,""propagating"":true,""rayleigh_tolerance"":1e-06,""rayleigh_warning"":false,""refractive_index"":{""imag"":4.32477054e-06,""real"":0.999885140474},""schema"":""fullspace-dtn.mode.v1"",""side"":""bottom"",""traction_vector"":[{""imag"":-0.0020503920314340076,""real"":8.868493683977426e-09},{""imag"":-8.974947799214199,""real"":3.8819048577598794e-05},{""imag"":0.0,""real"":0.0}],""vertical_sign"":-1}",-0.175,-1.6497394323086632e-05,-2.8045490447340214e-06,-1.6497394323044142e-05,-2.8045490447340214e-06,-1.649730512294347e-05,-2.8045120940932605e-06,-8.920014316212647e-11,-3.695064076093577e-11,UNQUALIFIED_DIAGNOSTIC
V21-C-FINAL,28,bottom,-2,0,s,"{""alpha"":{""imag"":0.0,""real"":-0.0013670850793925382},""beta"":{""imag"":3.8819050041557536e-05,""real"":8.97494792944325},""classification"":""propagating"",""e_vector"":[{""imag"":0.0,""real"":-0.0},{""imag"":0.0,""real"":-1.0},{""imag"":0.0,""real"":0.0}],""electric_tangential_norm_sq"":1.0,""gamma"":{""imag"":0.0,""real"":0.0},""h_vector"":[{""imag"":-4.324770590171869e-06,""real"":-0.9998851288742849},{""imag"":0.0,""real"":0.0},{""imag"":-0.0,""real"":0.00015230484360874904}],""k_vector"":[{""imag"":0.0,""real"":-0.0013670850793925382},{""imag"":0.0,""real"":0.0},{""imag"":-3.8819050041557536e-05,""real"":-8.97494792944325}],""m"":-2,""mode_index"":28,""n"":0,""polarization"":""s"",""power_per_unit_amplitude"":0.7349155697225994,""projection_denominator"":1.4699800277344321,""propagating"":true,""rayleigh_tolerance"":1e-06,""rayleigh_warning"":false,""refractive_index"":{""imag"":4.32477054e-06,""real"":0.999885140474},""schema"":""fullspace-dtn.mode.v1"",""side"":""bottom"",""traction_vector"":[{""imag"":0.0,""real"":-0.0},{""imag"":-8.97494792944325,""real"":3.8819050041557536e-05},{""imag"":0.0,""real"":0.0}],""vertical_sign"":-1}",-0.175,-3.298001836917145e-06,-1.6074683153988635e-05,-3.298001837176818e-06,-1.6074683153680038e-05,-3.2981256979544157e-06,-1.607450770976354e-05,1.2386103727056837e-10,-1.7544422509634138e-10,UNQUALIFIED_DIAGNOSTIC
V21-C-FINAL,29,bottom,-2,0,p,"{""alpha"":{""imag"":0.0,""real"":-0.0013670850793925382},""beta"":{""imag"":3.8819050041557536e-05,""real"":8.97494792944325},""classification"":""propagating"",""e_vector"":[{""imag"":-1.0035526433266723e-13,""real"":-0.9999999883989524},{""imag"":0.0,""real"":0.0},{""imag"":-6.588348389489128e-10,""real"":0.00015232233927758835}],""electric_tangential_norm_sq"":0.999999976797905,""gamma"":{""imag"":0.0,""real"":0.0},""h_vector"":[{""imag"":0.0,""real"":0.0},{""imag"":4.324770539999998e-06,""real"":0.9998851404740002},{""imag"":0.0,""real"":0.0}],""k_vector"":[{""imag"":0.0,""real"":-0.0013670850793925382},{""imag"":0.0,""real"":0.0},{""imag"":-3.8819050041557536e-05,""real"":-8.97494792944325}],""m"":-2,""mode_index"":29,""n"":0,""polarization"":""p"",""power_per_unit_amplitude"":0.7349155697225995,""projection_denominator"":1.469979993627816,""propagating"":true,""rayleigh_tolerance"":1e-06,""rayleigh_warning"":false,""refractive_index"":{""imag"":4.32477054e-06,""real"":0.999885140474},""schema"":""fullspace-dtn.mode.v1"",""side"":""bottom"",""traction_vector"":[{""imag"":-8.97494803356205,""real"":3.881904959121588e-05},{""imag"":0.0,""real"":0.0},{""imag"":0.0,""real"":0.0}],""vertical_sign"":-1}",-0.175,1.2717233614547612e-10,2.694225945465443e-11,1.2717233614547612e-10,2.694225945465443e-11,5.901173302659412e-17,-1.6734047403331803e-16,1.2717227713374309e-10,2.6942426795128463e-11,UNQUALIFIED_DIAGNOSTIC
V21-C-FINAL,30,bottom,-2,1,s,"{""alpha"":{""imag"":0.0,""real"":-0.0013670850793925382},""beta"":{""imag"":5.2086008415877786e-05,""real"":6.68891634028968},""classification"":""propagating"",""e_vector"":[{""imag"":0.0,""real"":-0.9999999739036398},{""imag"":0.0,""real"":-0.00022845725945122052},{""imag"":0.0,""real"":0.0}],""electric_tangential_norm_sq"":0.9999999999999997,""gamma"":{""imag"":0.0,""real"":5.983986006837701},""h_vector"":[{""imag"":-1.3256968097683348e-09,""real"":-0.0001702467768758063},{""imag"":5.802821842286574e-06,""real"":0.7452018501926205},{""imag"":-0.0,""real"":0.6666666840642403}],""k_vector"":[{""imag"":0.0,""real"":-0.0013670850793925382},{""imag"":0.0,""real"":5.983986006837701},{""imag"":-5.2086008415877786e-05,""real"":-6.68891634028968}],""m"":-2,""mode_index"":30,""n"":1,""polarization"":""s"",""power_per_unit_amplitude"":0.5477233741851624,""projection_denominator"":1.4699732019929355,""propagating"":true,""rayleigh_tolerance"":1e-06,""rayleigh_warning"":false,""refractive_index"":{""imag"":4.32477054e-06,""real"":0.999885140474},""schema"":""fullspace-dtn.mode.v1"",""side"":""bottom"",""traction_vector"":[{""imag"":-6.68891616573331,""real"":5.208600705662255e-05},{""imag"":-0.0015281314958010678,""real"":1.1899426738444647e-08},{""imag"":0.0,""real"":0.0}],""vertical_sign"":-1}",-0.175,-8.359265211956455e-09,-1.6807859876373977e-09,-8.359265211951846e-09,-1.6807859876411432e-09,-8.318854144220389e-09,-1.6920271921818259e-09,-4.0411067736066094e-11,1.1241204544428154e-11,UNQUALIFIED_DIAGNOSTIC
V21-C-FINAL,31,bottom,-2,1,p,"{""alpha"":{""imag"":0.0,""real"":-0.0013670850793925382},""beta"":{""imag"":5.2086008415877786e-05,""real"":6.68891634028968},""classification"":""propagating"",""e_vector"":[{""imag"":-5.894016846993088e-10,""real"":-0.0001702663335861758},{""imag"":2.5799209477250923e-06,""real"":0.7452874535562701},{""imag"":-2.8838428707480877e-06,""real"":0.6667432658572671}],""electric_tangential_norm_sq"":0.5554534174256699,""gamma"":{""imag"":0.0,""real"":5.983986006837701},""h_vector"":[{""imag"":4.32477042707448e-06,""real"":0.999885114365667},{""imag"":9.880252253089822e-10,""real"":0.0002284310189552686},{""imag"":4.6077459161158685e-26,""real"":-2.4157858908685565e-20}],""k_vector"":[{""imag"":0.0,""real"":-0.0013670850793925382},{""imag"":0.0,""real"":5.983986006837701},{""imag"":-5.2086008415877786e-05,""real"":-6.68891634028968}],""m"":-2,""mode_index"":31,""n"":1,""polarization"":""p"",""power_per_unit_amplitude"":0.547723374185163,""projection_denominator"":0.8165016385711308,""propagating"":true,""rayleigh_tolerance"":1e-06,""rayleigh_warning"":false,""refractive_index"":{""imag"":4.32477054e-06,""real"":0.999885140474},""schema"":""fullspace-dtn.mode.v1"",""side"":""bottom"",""traction_vector"":[{""imag"":-0.0020503920314340076,""real"":8.868493683977426e-09},{""imag"":8.974947799214199,""real"":-3.8819048577598794e-05},{""imag"":0.0,""real"":0.0}],""vertical_sign"":-1}",-0.175,1.6497571546811e-05,2.8045062593212156e-06,1.6497571546777006e-05,2.8045062593552087e-06,1.6497305123386963e-05,2.8045120944097438e-06,2.664234240362174e-10,-5.83508852816848e-12,UNQUALIFIED_DIAGNOSTIC
V21-C-FINAL,32,bottom,-1,-1,s,"{""alpha"":{""imag"":0.0,""real"":4.486622420048883},""beta"":{""imag"":7.022713479206063e-05,""real"":4.961030431115042},""classification"":""propagating"",""e_vector"":[{""imag"":-0.0,""real"":0.8000877286570669},{""imag"":0.0,""real"":0.5998830106382207},{""imag"":0.0,""real"":0.0}],""electric_tangential_norm_sq"":0.9999999999999999,""gamma"":{""imag"":0.0,""real"":-5.983986006837701},""h_vector"":[{""imag"":4.693422856650971e-06,""real"":0.3315557965860328},{""imag"":-6.259803939121232e-06,""real"":-0.4422090966226506},{""imag"":0.0,""real"":0.8332419593357027}],""k_vector"":[{""imag"":0.0,""real"":4.486622420048883},{""imag"":0.0,""real"":-5.983986006837701},{""imag"":-7.022713479206063e-05,""real"":-4.961030431115042}],""m"":-1,""mode_index"":32,""n"":-1,""polarization"":""s"",""power_per_unit_amplitude"":0.4062350594517862,""projection_denominator"":1.469963868583197,""propagating"":true,""rayleigh_tolerance"":1e-06,""rayleigh_warning"":false,""refractive_index"":{""imag"":4.32477054e-06,""real"":0.999885140474},""schema"":""fullspace-dtn.mode.v1"",""side"":""bottom"",""traction_vector"":[{""imag"":3.9692595694294237,""real"":-5.6187868765873466e-05},{""imag"":2.9760378708851216,""real"":-4.212806504755746e-05},{""imag"":0.0,""real"":-0.0}],""vertical_sign"":-1}",-0.175,1.348019335365444e-06,-2.8617409810530343e-05,1.3480193353725249e-06,-2.8617409810539782e-05,1.3478982120230951e-06,-2.8617351950530372e-05,1.2112334234898664e-10,-5.785999997059998e-11,UNQUALIFIED_DIAGNOSTIC
V21-C-FINAL,33,bottom,-1,-1,p,"{""alpha"":{""imag"":0.0,""real"":4.486622420048883},""beta"":{""imag"":7.022713479206063e-05,""real"":4.961030431115042},""classification"":""propagating"",""e_vector"":[{""imag"":3.259729809722286e-06,""real"":0.3315938833022934},{""imag"":-4.347630743403933e-06,""real"":-0.4422598943844885},{""imag"":-3.604408231896424e-06,""real"":0.8333376760551552}],""electric_tangential_norm_sq"":0.3055483176540016,""gamma"":{""imag"":0.0,""real"":-5.983986006837701},""h_vector"":[{""imag"":-3.4601958381644716e-06,""real"":-0.7999958309257797},{""imag"":-2.594356371744373e-06,""real"":-0.5998141083344596},{""imag"":3.7746654544821195e-22,""real"":0.0}],""k_vector"":[{""imag"":0.0,""real"":4.486622420048883},{""imag"":0.0,""real"":-5.983986006837701},{""imag"":-7.022713479206063e-05,""real"":-4.961030431115042}],""m"":-1,""mode_index"":33,""n"":-1,""polarization"":""p"",""power_per_unit_amplitude"":0.4062350594517864,""projection_denominator"":0.4491449870577638,""propagating"":true,""rayleigh_tolerance"":1e-06,""rayleigh_warning"":false,""refractive_index"":{""imag"":4.32477054e-06,""real"":0.999885140474},""schema"":""fullspace-dtn.mode.v1"",""side"":""bottom"",""traction_vector"":[{""imag"":5.383918846465859,""real"":-2.3286888337902835e-05},{""imag"":-7.180745786682548,""real"":3.1058645214741376e-05},{""imag"":0.0,""real"":0.0}],""vertical_sign"":-1}",-0.175,-9.897610199947235e-07,2.110586130056933e-05,-9.897610199618942e-07,2.110586130048436e-05,-9.897602625340122e-07,2.110575118169754e-05,-7.574607112716835e-13,1.1011887179158486e-10,UNQUALIFIED_DIAGNOSTIC
V21-C-FINAL,34,bottom,-1,0,s,"{""alpha"":{""imag"":0.0,""real"":4.486622420048883},""beta"":{""imag"":4.482154253021086e-05,""real"":7.773024602145297},""classification"":""propagating"",""e_vector"":[{""imag"":0.0,""real"":-0.0},{""imag"":0.0,""real"":1.0},{""imag"":0.0,""real"":0.0}],""electric_tangential_norm_sq"":1.0,""gamma"":{""imag"":0.0,""real"":0.0},""h_vector"":[{""imag"":4.993499035480673e-06,""real"":0.865980701744436},{""imag"":0.0,""real"":0.0},{""imag"":0.0,""real"":0.4998476951563912}],""k_vector"":[{""imag"":0.0,""real"":4.486622420048883},{""imag"":0.0,""real"":0.0},{""imag"":-4.482154253021086e-05,""real"":-7.773024602145297}],""m"":-1,""mode_index"":34,""n"":0,""polarization"":""s"",""power_per_unit_amplitude"":0.6364958157821604,""projection_denominator"":1.46997693949725,""propagating"":true,""rayleigh_tolerance"":1e-06,""rayleigh_warning"":false,""refractive_index"":{""imag"":4.32477054e-06,""real"":0.999885140474},""schema"":""fullspace-dtn.mode.v1"",""side"":""bottom"",""traction_vector"":[{""imag"":0.0,""real"":-0.0},{""imag"":7.773024602145297,""real"":-4.482154253021086e-05},{""imag"":0.0,""real"":-0.0}],""vertical_sign"":-1}",-0.175,9.92636421402906e-05,-7.780680736701719e-05,9.92636421397678e-05,-7.780680736686613e-05,9.926308743385664e-05,-7.780678494999836e-05,5.547064339572793e-10,-2.241701882986242e-11,UNQUALIFIED_DIAGNOSTIC
V21-C-FINAL,35,bottom,-1,0,p,"{""alpha"":{""imag"":0.0,""real"":4.486622420048883},""beta"":{""imag"":4.482154253021086e-05,""real"":7.773024602145297},""classification"":""propagating"",""e_vector"":[{""imag"":1.2480443405020596e-06,""real"":0.8660801793033087},{""imag"":0.0,""real"":0.0},{""imag"":-2.1622232617976723e-06,""real"":0.4999051140083646}],""electric_tangential_norm_sq"":0.750094876983609,""gamma"":{""imag"":0.0,""real"":0.0},""h_vector"":[{""imag"":0.0,""real"":0.0},{""imag"":-4.324770539973044e-06,""real"":-0.9998851404677681},{""imag"":0.0,""real"":0.0}],""k_vector"":[{""imag"":0.0,""real"":4.486622420048883},{""imag"":0.0,""real"":0.0},{""imag"":-4.482154253021086e-05,""real"":-7.773024602145297}],""m"":-1,""mode_index"":35,""n"":0,""polarization"":""p"",""power_per_unit_amplitude"":0.6364958157821605,""projection_denominator"":1.1026221716009317,""propagating"":true,""rayleigh_tolerance"":1e-06,""rayleigh_warning"":false,""refractive_index"":{""imag"":4.32477054e-06,""real"":0.999885140474},""schema"":""fullspace-dtn.mode.v1"",""side"":""bottom"",""traction_vector"":[{""imag"":8.974948033506111,""real"":-3.881904959097394e-05},{""imag"":0.0,""real"":0.0},{""imag"":0.0,""real"":0.0}],""vertical_sign"":-1}",-0.175,3.486225705015954e-10,-1.5956883705023584e-11,3.486225705015954e-10,-1.5956883705023584e-11,-3.1369553848747296e-17,3.598636189989576e-16,3.4862260187114927e-10,-1.5957243568642582e-11,UNQUALIFIED_DIAGNOSTIC
V21-C-FINAL,36,bottom,-1,1,s,"{""alpha"":{""imag"":0.0,""real"":4.486622420048883},""beta"":{""imag"":7.022713479206063e-05,""real"":4.961030431115042},""classification"":""propagating"",""e_vector"":[{""imag"":0.0,""real"":-0.8000877286570669},{""imag"":0.0,""real"":0.5998830106382207},{""imag"":0.0,""real"":0.0}],""electric_tangential_norm_sq"":0.9999999999999999,""gamma"":{""imag"":0.0,""real"":5.983986006837701},""h_vector"":[{""imag"":4.693422856650971e-06,""real"":0.3315557965860328},{""imag"":6.259803939121232e-06,""real"":0.4422090966226506},{""imag"":0.0,""real"":0.8332419593357027}],""k_vector"":[{""imag"":0.0,""real"":4.486622420048883},{""imag"":0.0,""real"":5.983986006837701},{""imag"":-7.022713479206063e-05,""real"":-4.961030431115042}],""m"":-1,""mode_index"":36,""n"":1,""polarization"":""s"",""power_per_unit_amplitude"":0.4062350594517862,""projection_denominator"":1.469963868583197,""propagating"":true,""rayleigh_tolerance"":1e-06,""rayleigh_warning"":false,""refractive_index"":{""imag"":4.32477054e-06,""real"":0.999885140474},""schema"":""fullspace-dtn.mode.v1"",""side"":""bottom"",""traction_vector"":[{""imag"":-3.9692595694294237,""real"":5.6187868765873466e-05},{""imag"":2.9760378708851216,""real"":-4.212806504755746e-05},{""imag"":0.0,""real"":0.0}],""vertical_sign"":-1}",-0.175,1.3479741587252145e-06,-2.861739959548847e-05,1.347974158720494e-06,-2.8617399595502043e-05,1.3478982117702708e-06,-2.8617351950484697e-05,7.594695494367036e-11,-4.764500377346312e-11,UNQUALIFIED_DIAGNOSTIC
V21-C-FINAL,37,bottom,-1,1,p,"{""alpha"":{""imag"":0.0,""real"":4.486622420048883},""beta"":{""imag"":7.022713479206063e-05,""real"":4.961030431115042},""classification"":""propagating"",""e_vector"":[{""imag"":3.259729809722286e-06,""real"":0.3315938833022934},{""imag"":4.347630743403933e-06,""real"":0.4422598943844885},{""imag"":-3.604408231896424e-06,""real"":0.8333376760551552}],""electric_tangential_norm_sq"":0.3055483176540016,""gamma"":{""imag"":0.0,""real"":5.983986006837701},""h_vector"":[{""imag"":3.4601958381644716e-06,""real"":0.7999958309257797},{""imag"":-2.594356371744373e-06,""real"":-0.5998141083344596},{""imag"":-3.7746654544821195e-22,""real"":0.0}],""k_vector"":[{""imag"":0.0,""real"":4.486622420048883},{""imag"":0.0,""real"":5.983986006837701},{""imag"":-7.022713479206063e-05,""real"":-4.961030431115042}],""m"":-1,""mode_index"":37,""n"":1,""polarization"":""p"",""power_per_unit_amplitude"":0.4062350594517864,""projection_denominator"":0.4491449870577638,""propagating"":true,""rayleigh_tolerance"":1e-06,""rayleigh_warning"":false,""refractive_index"":{""imag"":4.32477054e-06,""real"":0.999885140474},""schema"":""fullspace-dtn.mode.v1"",""side"":""bottom"",""traction_vector"":[{""imag"":5.383918846465859,""real"":-2.3286888337902835e-05},{""imag"":7.180745786682548,""real"":-3.1058645214741376e-05},{""imag"":0.0,""real"":-0.0}],""vertical_sign"":-1}",-0.175,9.898744125932684e-07,-2.1105801813239087e-05,9.898744125546456e-07,-2.110580181324488e-05,9.897602624415658e-07,-2.110575118164611e-05,1.1415015170263312e-10,-5.0631592976813035e-11,UNQUALIFIED_DIAGNOSTIC
V21-C-FINAL,38,bottom,0,0,s,"{""alpha"":{""imag"":0.0,""real"":8.97461192517716},""beta"":{""imag"":0.004478058289365571,""real"":0.07780134385941416},""classification"":""propagating"",""e_vector"":[{""imag"":0.0,""real"":-0.0},{""imag"":0.0,""real"":1.0},{""imag"":0.0,""real"":0.0}],""electric_tangential_norm_sq"":1.0,""gamma"":{""imag"":0.0,""real"":0.0},""h_vector"":[{""imag"":0.0004988935785443173,""real"":0.008667727918092628},{""imag"":0.0,""real"":0.0},{""imag"":0.0,""real"":0.9998476951563912}],""k_vector"":[{""imag"":0.0,""real"":8.97461192517716},{""imag"":0.0,""real"":0.0},{""imag"":-0.004478058289365571,""real"":-0.07780134385941416}],""m"":0,""mode_index"":38,""n"":0,""polarization"":""s"",""power_per_unit_amplitude"":0.006370780019798082,""projection_denominator"":1.467697843589745,""propagating"":true,""rayleigh_tolerance"":1e-06,""rayleigh_warning"":false,""refractive_index"":{""imag"":4.32477054e-06,""real"":0.999885140474},""schema"":""fullspace-dtn.mode.v1"",""side"":""bottom"",""traction_vector"":[{""imag"":0.0,""real"":-0.0},{""imag"":0.07780134385941416,""real"":-0.004478058289365571},{""imag"":0.0,""real"":-0.0}],""vertical_sign"":-1}",-0.175,1.3197258371640568,-0.1643908898519093,-0.015871089518106448,-0.13888103905324753,1.3197240512671184,-0.16439467913781666,1.785896938333309e-06,3.789285907357387e-06,UNQUALIFIED_DIAGNOSTIC
V21-C-FINAL,39,bottom,0,0,p,"{""alpha"":{""imag"":0.0,""real"":8.97461192517716},""beta"":{""imag"":0.004478058289365571,""real"":0.07780134385941416},""classification"":""propagating"",""e_vector"":[{""imag"":0.0004989132690542871,""real"":0.00866872360357703},{""imag"":0.0,""real"":0.0},{""imag"":-4.325104281798984e-06,""real"":0.9999623014383734}],""electric_tangential_norm_sq"":7.539568336525196e-05,""gamma"":{""imag"":0.0,""real"":0.0},""h_vector"":[{""imag"":0.0,""real"":0.0},{""imag"":-4.324769463421086e-06,""real"":-0.999884891569405},{""imag"":0.0,""real"":0.0}],""k_vector"":[{""imag"":0.0,""real"":8.97461192517716},{""imag"":0.0,""real"":0.0},{""imag"":-0.004478058289365571,""real"":-0.07780134385941416}],""m"":0,""mode_index"":39,""n"":0,""polarization"":""p"",""power_per_unit_amplitude"":0.0063707800197980845,""projection_denominator"":0.00011065808189115553,""propagating"":true,""rayleigh_tolerance"":1e-06,""rayleigh_warning"":false,""refractive_index"":{""imag"":4.32477054e-06,""real"":0.999885140474},""schema"":""fullspace-dtn.mode.v1"",""side"":""bottom"",""traction_vector"":[{""imag"":8.974945799399627,""real"":-3.881903992786616e-05},{""imag"":0.0,""real"":0.0},{""imag"":0.0,""real"":0.0}],""vertical_sign"":-1}",-0.175,4.710019474771091e-07,7.34366434199963e-07,4.7100193211802567e-07,7.343664353785818e-07,-3.7037259666544526e-14,2.295610468684518e-15,4.7100198451436877e-07,7.343664319043525e-07,UNQUALIFIED_DIAGNOSTIC
