role,side,m,n,polarization,reference_z_nm,alpha_lu_raw_real,alpha_lu_raw_imag,alpha_old_backsub_real,alpha_old_backsub_imag,alpha_recovered_real,alpha_recovered_imag,term_counts,per_mode_sum_absolute,per_mode_exact_numerator_absolute,per_mode_cancellation_ratio
O3,top,-8,-2,s,6.7407407407407405,0.0,0.0,0.0,0.0,0.0,0.0,0,0.0,0.0,0.0
O3,top,-8,-2,p,6.7407407407407405,0.0,0.0,0.0,0.0,0.0,0.0,0,0.0,0.0,0.0
O3,top,-8,-1,s,6.7407407407407405,-2971722383.255105,-78166468815.7209,-2981309559.675142,-78166036252.63467,-2981323917.4377427,-78166032834.30289,432,3.2533857168735732e-21,2.8655420769272667e-31,11353473896.157871
O3,top,-8,-1,p,6.7407407407407405,-43825862262.45178,1701596345.132837,-43830272962.58265,1703526669.6252716,-43830272143.54362,1703519696.2861693,432,8.016259989193234e-22,4.5028737106565956e-32,17802542341.398083
O3,top,-8,0,s,6.7407407407407405,1042945537845.994,-477704847272.17487,1042945537770.0027,-477704847174.9354,1042945537769.9926,-477704847174.8722,168,1.3375934389162216e-15,4.732522284096229e-19,2826.3859283055913
O3,top,-8,0,p,6.7407407407407405,-2.2435863530464535,1.5816841759521758,-11.385781462717672,-16.94299031772304,-11.385781462455748,-16.94299031594248,96,6.779703495580576e-23,1.7219813838656666e-30,39371526.07515917
O3,top,-8,1,s,6.7407407407407405,-2974105049.5113716,-78168135869.98326,-2969886694.9253836,-78163697182.13525,-2969875292.1210027,-78163713702.84004,432,3.2533857168735766e-21,2.865441227373591e-31,11353873483.057158
O3,top,-8,1,p,6.7407407407407405,43831001109.72371,-1702001897.9477239,43829685904.87798,-1706306697.0185254,43829676677.409805,-1706314537.4026523,432,8.016259989193243e-22,4.5028237800836566e-32,17802739748.88778
O3,top,-8,2,s,6.7407407407407405,0.0,0.0,0.0,0.0,0.0,0.0,0,0.0,0.0,0.0
O3,top,-8,2,p,6.7407407407407405,0.0,0.0,0.0,0.0,0.0,0.0,0,0.0,0.0,0.0
O3,top,-7,-2,s,6.7407407407407405,-12342083695.376545,59678504321.067986,-37602804719.71931,146763762664.37286,-37413079496.60698,146719072497.0164,432,3.0398921118932235e-26,1.7685521123138176e-40,171885922429285.78
O3,top,-7,-2,p,6.7407407407407405,46514771520.94879,-6167055554.013897,145137798439.74832,-54752313681.38799,145236544853.60928,-55761261681.74075,432,2.1142993151555142e-26,5.971504065404605e-41,354064787028200.4
O3,top,-7,-1,s,6.7407407407407405,0.1281426717633519,0.011825941254922898,0.1281423138220159,0.011826177482711685,0.12814231392423453,0.011826176665954442,432,7.531748967711073e-08,2.553085511359337e-16,295005746.34889334
O3,top,-7,-1,p,6.7407407407407405,0.0022306980775808815,-0.024368714121615873,0.0022301384319182473,-0.024368232424335008,0.0022301382528397222,-0.024368230272495524,432,1.2251228568895441e-08,3.490397385436165e-18,3509981018.2113433
O3,top,-7,0,s,6.7407407407407405,1.8629067218596567e-07,2.16809605982372e-05,1.8629067331185613e-07,2.168096060090313e-05,1.862906733055949e-07,2.1680960600921567e-05,168,4.027160431511821,7.286737210616209e-05,55266.991454619245
O3,top,-7,0,p,6.7407407407407405,3.330219122187548e-14,5.27185964574692e-14,3.692780357514068e-14,4.722888793747587e-14,3.6927803578132414e-14,4.7228887936478594e-14,96,2.1406141936998376e-07,4.1833988216765344e-14,5116925.937369671
O3,top,-7,1,s,6.7407407407407405,0.12814254828588453,0.011825700168034343,0.12814200552100735,0.011825192399467025,0.12814200469042536,0.011825192714777603,432,7.53174896771108e-08,2.5530776083724274e-16,295006659.5316908
O3,top,-7,1,p,6.7407407407407405,-0.0022304928869523425,0.024368474060430856,-0.0022299019127355996,0.02436846548456059,-0.0022299018062964075,0.024368466488781142,432,1.2251228568895458e-08,3.49042786541689e-18,3509950367.483728
O3,top,-7,2,s,6.7407407407407405,7238068051.298655,-63919909359.64247,-17527329130.14861,-51714396654.22358,-17328080402.089226,-51829038078.615036,432,3.0398921118932287e-26,6.383129985588168e-41,476238478419944.06
O3,top,-7,2,p,6.7407407407407405,34977763526.91109,3173479534.6978917,141051301430.40134,-251788742715.32922,141079952010.76135,-251590740053.79724,432,2.1142993151555185e-26,1.1071713445436833e-40,190964056789865.66
O3,top,-6,-2,s,6.7407407407407405,-15202.051132640458,38626.46053087799,26986.100279380124,-67835.77892149193,27249.30804410707,-67840.30751776989,432,4.4009810859129696e-20,2.4014584926350136e-34,183262842119081.1
O3,top,-6,-2,p,6.7407407407407405,95564.28058155793,-62500.47821266875,-181859.33374165092,-104377.63188320541,-181850.56391511523,-104573.38475212139,432,3.9240285752335564e-20,1.8062375583197654e-34,217248753197439.06
O3,top,-6,-1,s,6.7407407407407405,-1.5473796915944508e-09,-2.4972859698778844e-09,-1.5474058301247886e-09,-2.497314349265274e-09,-1.5474058338595126e-09,-2.4973143517134675e-09,432,3.015087880530564,9.873479208186564e-09,305372383.6305457
O3,top,-6,-1,p,6.7407407407407405,7.630061772506133e-10,1.2394879157189626e-09,7.630224092120306e-10,1.239495031152301e-09,7.630224124495606e-10,1.2394950437452543e-09,432,1.4939679055872468,1.5839803577713644e-09,943173252.2802469
O3,top,-6,0,s,6.7407407407407405,-0.0035151275900457374,0.007353090498470741,-0.003515127590047032,0.0073530904984697165,-0.003515127590047039,0.007353090498469714,168,4.440587671696839,0.027390582655233652,162.12096425953007
O3,top,-6,0,p,6.7407407407407405,-1.9480099469622803e-15,4.143378161487464e-14,2.927979087312323e-16,4.8848424659488526e-14,2.927979079026945e-16,4.8848424658793564e-14,96,4.025962579525662e-07,1.0103276963453334e-13,3984808.685428311
O3,top,-6,1,s,6.7407407407407405,-1.547458763571348e-09,-2.4970392046387144e-09,-1.5474707321281765e-09,-2.4970458073575504e-09,-1.5474707259018854e-09,-2.4970458165384028e-09,432,3.015087880530557,9.872826947455853e-09,305392558.44117886
O3,top,-6,1,p,6.7407407407407405,-7.630675137897893e-10,-1.2395036531479856e-09,-7.630689264185988e-10,-1.2395074577486132e-09,-7.630689250137013e-10,-1.2395074642135367e-09,432,1.4939679055872426,1.5840184036236646e-09,943150598.6102062
O3,top,-6,2,s,6.7407407407407405,-30054.17618234189,-23457.023519592247,-45598.998630526425,11317.13499982406,-45672.67209089399,11437.344257871762,432,4.400981085912977e-20,1.5465781742280427e-34,284562472123963.44
O3,top,-6,2,p,6.7407407407407405,93139.11479664099,-1265.2683692247335,108621.48409733339,-63389.62477499624,108596.6751616685,-63391.91167264561,432,3.924028575233562e-20,1.082712235020924e-34,362425808844556.7
O3,top,-5,-2,s,6.7407407407407405,-0.029168821240549238,-0.10525851390648797,0.2208409302611798,-0.011388577792391679,0.2209750209563299,-0.011326116885768938,432,6.7175202117139055e-15,4.1571959300193856e-29,161587770333513.75
O3,top,-5,-2,p,6.7407407407407405,-0.02971504393938275,-0.10546960320210723,-0.5670709433189348,-0.9364668542622628,-0.5679678175959526,-0.9384980605173339,432,8.866946791950594e-15,3.774710358332592e-29,234904031043785.9
O3,top,-5,-1,s,6.7407407407407405,-4.537348617231219e-09,1.4745458007126514e-09,-4.5373433120728365e-09,1.4745443546326528e-09,-4.537343311445431e-09,1.4745443605905995e-09,432,2.2413946752073493,1.6033987011293476e-08,139790226.4501419
O3,top,-5,-1,p,6.7407407407407405,5.346978503023007e-09,-1.7467251497240967e-09,5.346971602479123e-09,-1.7467284653747431e-09,5.346971606628012e-09,-1.7467284653654413e-09,432,2.6456188407719794,1.1074120393754119e-08,238901036.53416365
O3,top,-5,0,s,6.7407407407407405,-0.00017915699268174594,0.00020522934331356288,-0.00017915699267633504,0.0002052293433259413,-0.00017915699267630794,0.00020522934332594425,168,4.57588028428105,0.0009155630113819269,4997.886794677666
O3,top,-5,0,p,6.7407407407407405,1.7785936534343642e-14,1.443620506611815e-14,2.036226580003941e-14,1.3988928725332221e-14,2.0362265798461646e-14,1.3988928726740663e-14,96,5.211611757659898e-07,7.284652745447024e-14,7154234.992075914
O3,top,-5,1,s,6.7407407407407405,-4.5373330550301794e-09,1.4745354003386185e-09,-4.537335751726015e-09,1.4745185204436445e-09,-4.537335761863903e-09,1.4745185168165785e-09,432,2.241394675207339,1.6033936037181367e-08,139790670.86270836
O3,top,-5,1,p,6.7407407407407405,-5.346922150813801e-09,1.7467032492588941e-09,-5.346918363302103e-09,1.7466922360879818e-09,-5.346918352495326e-09,1.7466922530542014e-09,432,2.6456188407719696,1.1073998596479637e-08,238903664.0850756
O3,top,-5,2,s,6.7407407407407405,0.03865600259030804,-0.044927283415050215,-0.24627182449372303,0.26309352711708955,-0.24584208855944503,0.2634335113324168,432,6.7175202117139095e-15,6.769933426929258e-29,99225794230016.19
O3,top,-5,2,p,6.7407407407407405,-0.2858791718056177,0.15234533476341788,-0.04010214707926716,-0.07404413777392324,-0.03951207990391318,-0.07265336619944225,432,8.8669467919506e-15,2.8457961818551307e-30,3115805287984600.0
O3,top,-4,-2,s,6.7407407407407405,-1.9368866917480153e-05,-7.593007388510842e-06,1.9231781497004363e-05,-8.938680058273136e-05,1.932348842890936e-05,-8.938362580827694e-05,432,2.576003391521778e-12,4.364025721892094e-26,59028144096385.164
O3,top,-4,-2,p,6.7407407407407405,-0.00039116436496051477,0.0003398559146798702,-0.0008484353847432343,-0.00010971117893137295,-0.0008509842211432633,-0.00011316226102361722,432,1.2439120802050283e-11,5.261526866926689e-26,236416559615823.03
O3,top,-4,-1,s,6.7407407407407405,-3.784702343021337e-09,2.653505904540791e-09,-3.784702437019593e-09,2.6535066798885386e-09,-3.7847024358079315e-09,2.65350667999364e-09,432,0.6064782458065329,1.5534265317020894e-08,39041321.45483666
O3,top,-4,-1,p,6.7407407407407405,2.13260069219172e-08,-1.4946602266655074e-08,2.1326004169791867e-08,-1.4946600506659636e-08,2.1326004149848268e-08,-1.4946600511953896e-08,432,3.4233678016847153,6.143830883504483e-08,55720410.71110999
O3,top,-4,0,s,6.7407407407407405,-1.807886609408561e-06,5.354995199974242e-06,-1.8078866154758518e-06,5.3549952039702305e-06,-1.807886615459418e-06,5.3549952039690235e-06,168,4.5880650168567145,1.8994860642821595e-05,241542.4415651401
O3,top,-4,0,p,6.7407407407407405,1.1076623484169683e-14,1.1558907629926566e-14,8.83215988818643e-15,1.224228200378823e-14,8.832159886618271e-15,1.2242282003709785e-14,96,5.80329395335092e-07,5.0407258161053285e-14,11512814.156265264
O3,top,-4,1,s,6.7407407407407405,-3.7846794812410385e-09,2.653482501455769e-09,-3.784678430092721e-09,2.6534836362661947e-09,-3.784678431318946e-09,2.6534836364677823e-09,432,0.6064782458065301,1.5534154802712747e-08,39041599.20568193
O3,top,-4,1,p,6.7407407407407405,-2.1326005271267642e-08,1.4946551530535477e-08,-2.1326002177995013e-08,1.4946556795857393e-08,-2.1326002154268588e-08,1.4946556812272193e-08,432,3.4233678016846993,6.143824580963795e-08,55720467.870970175
O3,top,-4,2,s,6.7407407407407405,2.2317216690401014e-06,5.5425205875679405e-05,3.41049425671625e-05,6.013038622714297e-05,3.4165077770666205e-05,6.020723839744217e-05,432,2.5760033915217783e-12,3.303516755438222e-26,77977609384943.56
O3,top,-4,2,p,6.7407407407407405,4.8772582608553517e-05,0.0001356918668349727,-0.0007363836082699067,0.000610304593475933,-0.0007350853418930001,0.0006128016592126784,432,1.2439120802050283e-11,5.865464440861099e-26,212073927435218.0
O3,top,-3,-2,s,6.7407407407407405,-0.00037209610570033416,0.00040000454552903945,0.000267380645098257,-0.0002873885087778197,0.000268180263086373,-0.00028846543859084253,432,7.60310547992387e-13,2.992119266071847e-27,254104358945072.34
O3,top,-3,-2,p,6.7407407407407405,-0.0011826648617891758,0.0011811437390472277,-0.001305481185577006,-0.00017302504397394156,-0.0012935097498145125,-0.00017755342375429026,432,1.6418715043918502e-12,1.4292568571151998e-27,1148758878586589.5
O3,top,-3,-1,s,6.7407407407407405,-1.5806100135512233e-08,7.529090497921852e-09,-1.5806099022318962e-08,7.529094453396432e-09,-1.5806099023748807e-08,7.5290944592367e-09,432,1.3700731673499558,5.8839366139822587e-08,23284974.962071996
O3,top,-3,-1,p,6.7407407407407405,-3.688670039611512e-08,1.7582561872539983e-08,-3.688669757465678e-08,1.7582576328994072e-08,-3.688669755458724e-08,1.758257633561603e-08,432,3.1954518264738287,9.23353655570953e-08,34607019.82598347
O3,top,-3,0,s,6.7407407407407405,-1.6129982625537136e-06,6.884661446302038e-07,-1.6129982696914364e-06,6.884661479344287e-07,-1.6129982697047876e-06,6.884661479027893e-07,168,4.588207073906611,5.89405257797318e-06,778446.9197056913
O3,top,-3,0,p,6.7407407407407405,7.674797584260693e-15,-3.572311097732056e-15,9.849554913023361e-15,1.4376024775156424e-15,9.84955491144103e-15,1.4376024804572803e-15,96,5.646842612492122e-07,3.2247091447718444e-14,17511168.787570294
O3,top,-3,1,s,6.7407407407407405,-1.5806155184451637e-08,7.529102731331402e-09,-1.5806154269429566e-08,7.529104317629579e-09,-1.5806154272283746e-08,7.529104313060417e-09,432,1.3700731673499489,5.883954801247269e-08,23284902.98836972
O3,top,-3,1,p,6.7407407407407405,3.6886745423573774e-08,-1.758253289664247e-08,3.688674026845599e-08,-1.7582533809126747e-08,3.688674025758038e-08,-1.758253379569958e-08,432,3.195451826473816,9.233541130036273e-08,34607002.68155152
O3,top,-3,2,s,6.7407407407407405,4.944983577289346e-05,-0.0006160055913168375,-0.0012607361132728802,-1.6366877916787765e-05,-0.0012599001875199958,-1.5035500308721006e-05,432,7.603105479923867e-13,9.571806733013065e-27,79432292063533.14
O3,top,-3,2,p,6.7407407407407405,-0.0034209567124476956,0.0002280143169538505,0.0009334201755816272,0.008736715311488324,0.0009503602365771085,0.008752483702946758,432,1.6418715043918492e-12,9.637485499112566e-27,170363058345772.38
O3,top,-2,-2,s,6.7407407407407405,3.1130122156302176,-3.944131754669275,24.646472862952226,20.33694720202233,24.689224126872066,20.35112934070944,432,7.979293847278387e-17,5.328117207084972e-31,149758226727221.0
O3,top,-2,-2,p,6.7407407407407405,4.9354162521376805,-15.260013645170297,-28.09707971609784,79.28866987715921,-28.07021121720645,79.97331228069947,432,8.693844031984982e-17,3.037599823395926e-31,286207681638115.8
O3,top,-2,-1,s,6.7407407407407405,-5.676490135110559e-08,-1.3942010241228525e-08,-5.6764906263696976e-08,-1.39420212850366e-08,-5.676490624309342e-08,-1.3942021270746364e-08,432,2.6530800384470195,1.9644357062717904e-07,13505558.008218933
O3,top,-2,-1,p,6.7407407407407405,-4.6990061621463066e-08,-1.1542850870136292e-08,-4.699007037044029e-08,-1.1542857238654167e-08,-4.69900703604393e-08,-1.1542857231288822e-08,432,2.1962516389444633,8.081119423816213e-08,27177566.915689874
O3,top,-2,0,s,6.7407407407407405,-7.382644467905684e-05,0.0001287528718281322,-7.382644468319132e-05,0.00012875287182199303,-7.382644468318777e-05,0.00012875287182197897,168,4.5451790234232945,0.0004987955837402124,9112.308070856054
O3,top,-2,0,p,6.7407407407407405,1.956414970842173e-14,-6.162488786823257e-15,2.0247769785165622e-14,-2.547778408149208e-15,2.024776978753926e-14,-2.547778410862475e-15,96,4.792620435017162e-07,5.408174990653257e-14,8861807.251614576
O3,top,-2,1,s,6.7407407407407405,-5.676487888924149e-08,-1.3942019659892076e-08,-5.6764875854072826e-08,-1.39420016755258e-08,-5.6764875865585876e-08,-1.394200166489517e-08,432,2.6530800384470083,1.9644345576574483e-07,13505565.904983656
O3,top,-2,1,p,6.7407407407407405,4.6990031302744285e-08,1.1542843434056142e-08,4.6990031805817045e-08,1.1542824582254549e-08,4.699003180089142e-08,1.1542824578195036e-08,432,2.1962516389444544,8.081111868983872e-08,27177592.32332733
O3,top,-2,2,s,6.7407407407407405,5.12314615355343,-7.952111953190574,-17.26337547708566,3.9209688198253585,-17.4963467295111,3.9093752064767604,432,7.979293847278374e-17,2.985440425155694e-31,267273591529204.44
O3,top,-2,2,p,6.7407407407407405,-2.006508643404445,-17.87851320002735,-2.8707764622555034,91.3291845902971,-2.7555053962833678,90.0097147503552,432,8.69384403198497e-17,3.227381060356429e-31,269377674014881.6
O3,top,-1,-2,s,6.7407407407407405,6338288.837932117,-2445127.6027477444,4682022.605350079,-25516532.282387458,4659693.987978719,-25315846.97225213,432,1.6460262749622703e-22,9.917826887551155e-37,165966425268862.12
O3,top,-1,-2,p,6.7407407407407405,22671254.164898794,7775911.619240943,30059209.219145697,6843431.361920255,30327034.503676154,6392445.306607008,432,1.3150802988828008e-22,3.4810230635687776e-37,377785574777136.94
O3,top,-1,-1,s,6.7407407407407405,-1.6289146529998317e-07,-1.556720852020794e-07,-1.628914901683202e-07,-1.5567205493743154e-07,-1.6289149014183067e-07,-1.5567205488365926e-07,432,3.121376712976669,7.572357847510197e-07,4122067.096978232
O3,top,-1,-1,p,6.7407407407407405,-5.049617447015071e-08,-4.830199769105815e-08,-5.04961747935699e-08,-4.8301983118777785e-08,-5.049617483069e-08,-4.830198303641346e-08,432,0.9681022568699835,4.1267338982810684e-08,23459284.769324053
O3,top,-1,0,s,6.7407407407407405,0.00012671083384920817,-0.0005582668995503881,0.00012671083384957826,-0.0005582668995503643,0.0001267108338495047,-0.0005582668995504106,168,4.312762478335201,0.0019239262347142212,2241.646483382881
O3,top,-1,0,p,6.7407407407407405,-8.618538369489198e-15,1.9209773903671836e-14,-7.004050527310679e-15,1.6250330276571586e-14,-7.004050539471397e-15,1.6250330269965548e-14,96,3.384740465090301e-07,2.779184699836108e-14,12178897.161062751
O3,top,-1,1,s,6.7407407407407405,-1.6289138527663992e-07,-1.5567209379600825e-07,-1.6289143056915603e-07,-1.5567208865854614e-07,-1.628914305438987e-07,-1.5567208867374824e-07,432,3.12137671297666,7.572357184082949e-07,4122067.4581196145
O3,top,-1,1,p,6.7407407407407405,5.049629355071879e-08,4.830207282627282e-08,5.0496306722355226e-08,4.830206069313701e-08,5.049630674900935e-08,4.830206068298281e-08,432,0.9681022568699803,4.1267426976737374e-08,23459234.74743661
O3,top,-1,2,s,6.7407407407407405,5570409.189881718,10053776.56104521,8265699.18077524,8135315.537166941,8119712.162120318,8180205.931883255,432,1.6460262749622677e-22,4.440814491696791e-37,370658643372724.5
O3,top,-1,2,p,6.7407407407407405,10203639.242711699,4251730.47434188,21782796.96312483,-18877196.852594797,21863990.039028786,-19523652.558720246,432,1.3150802988827984e-22,3.2922003236687296e-37,399453304657145.6
O3,top,0,-2,s,6.7407407407407405,-7988972460855.272,-16718480871964.545,1546262135437.88,15438198186185.578,1363613333836.7275,16568470575288.586,288,6.946457448257695e-29,9.920687462095896e-44,700199202403877.5
O3,top,0,-2,p,6.7407407407407405,32688733046228.84,1583105065608.5332,-70987025180155.55,-59716686524972.17,-70643847662449.36,-60296268266892.2,288,4.43869581596882e-29,1.939578032696754e-43,228848529996874.5
O3,top,0,-1,s,6.7407407407407405,-16453.593276196098,-6573.2290772957485,-16451.206598336197,-6574.288511713521,-16451.216950764236,-6574.281397622765,432,2.0139173219363443e-14,2.5739865440666963e-24,7824117521.43239
O3,top,0,-1,p,6.7407407407407405,2512.4516900385815,-5940.793169865833,2513.0492185255666,-5941.858499996645,2513.05970189762,-5941.8528707365485,432,4.666423278635611e-15,1.7252713716013704e-25,27047474127.52991
O3,top,0,0,s,6.7407407407407405,-0.0458254041780717,0.9604302166569239,-0.04582540417806091,0.960430216656919,-0.04582540417806091,0.9604302166569197,168,3.866578689646489,3.231455355340174,1.1965440535196425
O3,top,0,0,p,6.7407407407407405,-1.1035097203882583e-14,-2.9843508660163337e-14,-2.9210447965382576e-13,-1.2987979639472086e-13,-2.921044796225519e-13,-1.2987979651394367e-13,96,7.904608988557313e-09,3.272362768177353e-16,24155662.279949594
O3,top,0,1,s,6.7407407407407405,-16452.618448942343,-6574.085300203855,-16451.878147468782,-6573.452111441875,-16451.874873731827,-6573.4502961759745,432,2.013917321936342e-14,2.574030503348574e-24,7823983901.186964
O3,top,0,1,p,6.7407407407407405,-2512.8999422953975,5940.640573756973,-2512.4150193097616,5940.333809434469,-2512.425330291139,5940.338607773454,432,4.666423278635605e-15,1.7248323242181895e-25,27054358925.878452
O3,top,0,2,s,6.7407407407407405,22426301083043.945,8458735974405.132,54508677979035.97,43496686802099.08,54858797322532.88,42266518765968.56,288,6.946457448257687e-29,4.132668765553732e-43,168086479762356.12
O3,top,0,2,p,6.7407407407407405,44040384691990.71,-17656556637977.324,41292330650188.35,-23898056595618.965,40387838770146.53,-24177225503156.1,288,4.4386958159688137e-29,9.830026522692643e-44,451544642908345.4
O3,top,1,-2,s,6.7407407407407405,0.0,0.0,0.0,0.0,0.0,0.0,0,0.0,0.0,0.0
O3,top,1,-2,p,6.7407407407407405,0.0,0.0,0.0,0.0,0.0,0.0,0,0.0,0.0,0.0
O3,top,1,-1,s,6.7407407407407405,396530729051482.75,356347783477989.06,396518894367223.9,356336920560696.25,396519035627669.2,356336902865119.1,432,3.252362007648684e-25,1.9168360030317454e-35,16967346202.30743
O3,top,1,-1,p,6.7407407407407405,-241465854522215.88,268532198140881.56,-241557857131500.75,268537164944477.75,-241557713884072.56,268537313363643.34,432,7.847592806329864e-26,4.181227249291072e-36,18768634992.657776
O3,top,1,0,s,6.7407407407407405,-4.892604202829723e+17,2.6064641877008966e+17,-4.892604202825993e+17,2.6064641877494016e+17,-4.892604202826102e+17,2.6064641877494528e+17,168,1.0330031351925099e-20,1.3802784093502674e-23,748.4020094748646
O3,top,1,0,p,6.7407407407407405,211516.5672571795,-233353.10554386684,-1748673.0529472982,434538.1508894125,-1748673.0534186878,434538.1488625282,96,5.853093578311166e-28,1.2350279520153036e-35,47392397.627601534
O3,top,1,1,s,6.7407407407407405,396542675670630.1,356318003106592.0,396572492971601.1,356367082813893.7,396573127825544.0,356366174397674.3,432,3.252362007648678e-25,1.917051015395315e-35,16965443180.853529
O3,top,1,1,p,6.7407407407407405,241480045040399.9,-268528939256106.16,241502932655323.38,-268527832461665.94,241503936125009.34,-268528871304919.8,432,7.847592806329852e-26,4.1807382781285973e-36,18770830136.352448
O3,top,1,2,s,6.7407407407407405,0.0,0.0,0.0,0.0,0.0,0.0,0,0.0,0.0,0.0
O3,top,1,2,p,6.7407407407407405,0.0,0.0,0.0,0.0,0.0,0.0,0,0.0,0.0,0.0
O3,top,2,-2,s,6.7407407407407405,0.0,0.0,0.0,0.0,0.0,0.0,0,0.0,0.0,0.0
O3,top,2,-2,p,6.7407407407407405,0.0,0.0,0.0,0.0,0.0,0.0,0,0.0,0.0,0.0
O3,top,2,-1,s,6.7407407407407405,0.0,0.0,0.0,0.0,0.0,0.0,0,0.0,0.0,0.0
O3,top,2,-1,p,6.7407407407407405,0.0,0.0,0.0,0.0,0.0,0.0,0,0.0,0.0,0.0
O3,top,2,0,s,6.7407407407407405,0.0,0.0,0.0,0.0,0.0,0.0,0,0.0,0.0,0.0
O3,top,2,0,p,6.7407407407407405,0.0,0.0,0.0,0.0,0.0,0.0,0,0.0,0.0,0.0
O3,top,2,1,s,6.7407407407407405,0.0,0.0,0.0,0.0,0.0,0.0,0,0.0,0.0,0.0
O3,top,2,1,p,6.7407407407407405,0.0,0.0,0.0,0.0,0.0,0.0,0,0.0,0.0,0.0
O3,top,2,2,s,6.7407407407407405,0.0,0.0,0.0,0.0,0.0,0.0,0,0.0,0.0,0.0
O3,top,2,2,p,6.7407407407407405,0.0,0.0,0.0,0.0,0.0,0.0,0,0.0,0.0,0.0
O3,top,3,-2,s,6.7407407407407405,0.0,0.0,0.0,0.0,0.0,0.0,0,0.0,0.0,0.0
O3,top,3,-2,p,6.7407407407407405,0.0,0.0,0.0,0.0,0.0,0.0,0,0.0,0.0,0.0
O3,top,3,-1,s,6.7407407407407405,0.0,0.0,0.0,0.0,0.0,0.0,0,0.0,0.0,0.0
O3,top,3,-1,p,6.7407407407407405,0.0,0.0,0.0,0.0,0.0,0.0,0,0.0,0.0,0.0
O3,top,3,0,s,6.7407407407407405,0.0,0.0,0.0,0.0,0.0,0.0,0,0.0,0.0,0.0
O3,top,3,0,p,6.7407407407407405,0.0,0.0,0.0,0.0,0.0,0.0,0,0.0,0.0,0.0
O3,top,3,1,s,6.7407407407407405,0.0,0.0,0.0,0.0,0.0,0.0,0,0.0,0.0,0.0
O3,top,3,1,p,6.7407407407407405,0.0,0.0,0.0,0.0,0.0,0.0,0,0.0,0.0,0.0
O3,top,3,2,s,6.7407407407407405,0.0,0.0,0.0,0.0,0.0,0.0,0,0.0,0.0,0.0
O3,top,3,2,p,6.7407407407407405,0.0,0.0,0.0,0.0,0.0,0.0,0,0.0,0.0,0.0
O3,top,4,-2,s,6.7407407407407405,0.0,0.0,0.0,0.0,0.0,0.0,0,0.0,0.0,0.0
O3,top,4,-2,p,6.7407407407407405,0.0,0.0,0.0,0.0,0.0,0.0,0,0.0,0.0,0.0
O3,top,4,-1,s,6.7407407407407405,0.0,0.0,0.0,0.0,0.0,0.0,0,0.0,0.0,0.0
O3,top,4,-1,p,6.7407407407407405,0.0,0.0,0.0,0.0,0.0,0.0,0,0.0,0.0,0.0
O3,top,4,0,s,6.7407407407407405,0.0,0.0,0.0,0.0,0.0,0.0,0,0.0,0.0,0.0
O3,top,4,0,p,6.7407407407407405,0.0,0.0,0.0,0.0,0.0,0.0,0,0.0,0.0,0.0
O3,top,4,1,s,6.7407407407407405,0.0,0.0,0.0,0.0,0.0,0.0,0,0.0,0.0,0.0
O3,top,4,1,p,6.7407407407407405,0.0,0.0,0.0,0.0,0.0,0.0,0,0.0,0.0,0.0
O3,top,4,2,s,6.7407407407407405,0.0,0.0,0.0,0.0,0.0,0.0,0,0.0,0.0,0.0
O3,top,4,2,p,6.7407407407407405,0.0,0.0,0.0,0.0,0.0,0.0,0,0.0,0.0,0.0
O3,top,5,-2,s,6.7407407407407405,0.0,0.0,0.0,0.0,0.0,0.0,0,0.0,0.0,0.0
O3,top,5,-2,p,6.7407407407407405,0.0,0.0,0.0,0.0,0.0,0.0,0,0.0,0.0,0.0
O3,top,5,-1,s,6.7407407407407405,0.0,0.0,0.0,0.0,0.0,0.0,0,0.0,0.0,0.0
O3,top,5,-1,p,6.7407407407407405,0.0,0.0,0.0,0.0,0.0,0.0,0,0.0,0.0,0.0
O3,top,5,0,s,6.7407407407407405,0.0,0.0,0.0,0.0,0.0,0.0,0,0.0,0.0,0.0
O3,top,5,0,p,6.7407407407407405,0.0,0.0,0.0,0.0,0.0,0.0,0,0.0,0.0,0.0
O3,top,5,1,s,6.7407407407407405,0.0,0.0,0.0,0.0,0.0,0.0,0,0.0,0.0,0.0
O3,top,5,1,p,6.7407407407407405,0.0,0.0,0.0,0.0,0.0,0.0,0,0.0,0.0,0.0
O3,top,5,2,s,6.7407407407407405,0.0,0.0,0.0,0.0,0.0,0.0,0,0.0,0.0,0.0
O3,top,5,2,p,6.7407407407407405,0.0,0.0,0.0,0.0,0.0,0.0,0,0.0,0.0,0.0
O3,top,6,-2,s,6.7407407407407405,0.0,0.0,0.0,0.0,0.0,0.0,0,0.0,0.0,0.0
O3,top,6,-2,p,6.7407407407407405,0.0,0.0,0.0,0.0,0.0,0.0,0,0.0,0.0,0.0
O3,top,6,-1,s,6.7407407407407405,0.0,0.0,0.0,0.0,0.0,0.0,0,0.0,0.0,0.0
O3,top,6,-1,p,6.7407407407407405,0.0,0.0,0.0,0.0,0.0,0.0,0,0.0,0.0,0.0
O3,top,6,0,s,6.7407407407407405,0.0,0.0,0.0,0.0,0.0,0.0,0,0.0,0.0,0.0
O3,top,6,0,p,6.7407407407407405,0.0,0.0,0.0,0.0,0.0,0.0,0,0.0,0.0,0.0
O3,top,6,1,s,6.7407407407407405,0.0,0.0,0.0,0.0,0.0,0.0,0,0.0,0.0,0.0
O3,top,6,1,p,6.7407407407407405,0.0,0.0,0.0,0.0,0.0,0.0,0,0.0,0.0,0.0
O3,top,6,2,s,6.7407407407407405,0.0,0.0,0.0,0.0,0.0,0.0,0,0.0,0.0,0.0
O3,top,6,2,p,6.7407407407407405,0.0,0.0,0.0,0.0,0.0,0.0,0,0.0,0.0,0.0
O3,top,7,-2,s,6.7407407407407405,0.0,0.0,0.0,0.0,0.0,0.0,0,0.0,0.0,0.0
O3,top,7,-2,p,6.7407407407407405,0.0,0.0,0.0,0.0,0.0,0.0,0,0.0,0.0,0.0
O3,top,7,-1,s,6.7407407407407405,0.0,0.0,0.0,0.0,0.0,0.0,0,0.0,0.0,0.0
O3,top,7,-1,p,6.7407407407407405,0.0,0.0,0.0,0.0,0.0,0.0,0,0.0,0.0,0.0
O3,top,7,0,s,6.7407407407407405,0.0,0.0,0.0,0.0,0.0,0.0,0,0.0,0.0,0.0
O3,top,7,0,p,6.7407407407407405,0.0,0.0,0.0,0.0,0.0,0.0,0,0.0,0.0,0.0
O3,top,7,1,s,6.7407407407407405,0.0,0.0,0.0,0.0,0.0,0.0,0,0.0,0.0,0.0
O3,top,7,1,p,6.7407407407407405,0.0,0.0,0.0,0.0,0.0,0.0,0,0.0,0.0,0.0
O3,top,7,2,s,6.7407407407407405,0.0,0.0,0.0,0.0,0.0,0.0,0,0.0,0.0,0.0
O3,top,7,2,p,6.7407407407407405,0.0,0.0,0.0,0.0,0.0,0.0,0,0.0,0.0,0.0
O3,top,8,-2,s,6.7407407407407405,0.0,0.0,0.0,0.0,0.0,0.0,0,0.0,0.0,0.0
O3,top,8,-2,p,6.7407407407407405,0.0,0.0,0.0,0.0,0.0,0.0,0,0.0,0.0,0.0
O3,top,8,-1,s,6.7407407407407405,0.0,0.0,0.0,0.0,0.0,0.0,0,0.0,0.0,0.0
O3,top,8,-1,p,6.7407407407407405,0.0,0.0,0.0,0.0,0.0,0.0,0,0.0,0.0,0.0
O3,top,8,0,s,6.7407407407407405,0.0,0.0,0.0,0.0,0.0,0.0,0,0.0,0.0,0.0
O3,top,8,0,p,6.7407407407407405,0.0,0.0,0.0,0.0,0.0,0.0,0,0.0,0.0,0.0
O3,top,8,1,s,6.7407407407407405,0.0,0.0,0.0,0.0,0.0,0.0,0,0.0,0.0,0.0
O3,top,8,1,p,6.7407407407407405,0.0,0.0,0.0,0.0,0.0,0.0,0,0.0,0.0,0.0
O3,top,8,2,s,6.7407407407407405,0.0,0.0,0.0,0.0,0.0,0.0,0,0.0,0.0,0.0
O3,top,8,2,p,6.7407407407407405,0.0,0.0,0.0,0.0,0.0,0.0,0,0.0,0.0,0.0
O3,bottom,-8,-2,s,-0.5185185185185185,-5.285259009466296e-13,2.3451278949311927e-13,1.950357407987016e-12,-2.4752475521726804e-13,1.947500815344343e-12,-2.479428644464763e-13,432,0.007871469831153983,7.039385836109768e-17,111820406132249.4
O3,bottom,-8,-2,p,-0.5185185185185185,1.5485785258799408e-12,-1.6636243610971415e-12,-7.891017943761215e-13,-2.8913728250920574e-13,-7.791913707565601e-13,-2.8796089221064786e-13,432,0.004492051139579002,1.119359283438729e-17,401305568823192.44
O3,bottom,-8,-1,s,-0.5185185185185185,-1.9031299258255955e-09,3.2378978886541797e-09,-1.9033306282257034e-09,3.237479918359528e-09,-1.9033307293204625e-09,3.2374815323243997e-09,432,0.10261583455909817,7.458269340683631e-12,13758665700.009745
O3,bottom,-8,-1,p,-0.5185185185185185,-1.8151240704186082e-09,-1.0665571751203643e-09,-1.8151794434026673e-09,-1.066302198455754e-09,-1.8151794654796166e-09,-1.0663027297037853e-09,432,0.025287557214078122,1.1718954013460564e-12,21578339828.821293
O3,bottom,-8,0,s,-0.5185185185185185,0.008241425023867377,0.00017425563942981626,0.00824142502386744,0.00017425563929772696,0.008241425023867448,0.0001742556392973045,168,0.3344719419715459,0.00011587305171025672,2886.5377845394187
O3,bottom,-8,0,p,-0.5185185185185185,9.243421664927298e-14,3.1335494645245842e-15,9.484446397002573e-14,-6.08248950132653e-14,9.484446398350769e-14,-6.082489496679924e-14,96,1.2551652089387755e-08,3.2402030040061885e-16,38737239.83919799
O3,bottom,-8,1,s,-0.5185185185185185,-1.9031967684605628e-09,3.2378579239513356e-09,-1.903289853798255e-09,3.2374951879498874e-09,-1.9032894034445403e-09,3.237495193257498e-09,432,0.10261583455909826,7.458251134449185e-12,13758699286.099697
O3,bottom,-8,1,p,-0.5185185185185185,1.8151040330636169e-09,1.066924898293108e-09,1.8154206340630463e-09,1.0664000748142758e-09,1.8154205414669294e-09,1.0664005156340344e-09,432,0.02528755721407814,1.1720386838607985e-12,21575701862.31286
O3,bottom,-8,2,s,-0.5185185185185185,-1.0878150483343324e-13,-4.272037230575572e-13,-1.101807627037074e-13,4.639729307831766e-13,-1.1005155112144603e-13,4.624048572322489e-13,432,0.007871469831153997,1.7043242847312216e-17,461852823530902.0
O3,bottom,-8,2,p,-0.5185185185185185,-1.7672777984014232e-12,3.9429864569899163e-13,8.850726808013803e-13,-7.394260126214767e-13,8.831170037470633e-13,-7.444941915690256e-13,432,0.004492051139579009,1.5564350605939114e-17,288611536279895.44
O3,bottom,-7,-2,s,-0.5185185185185185,4.4622153895745793e-13,-5.4883694083647345e-14,3.8808515234921156e-13,3.4824034229380324e-13,3.8702111461765824e-13,3.479489293465088e-13,432,0.023159506997315466,1.922863164448142e-16,120442824146367.17
O3,bottom,-7,-2,p,-0.5185185185185185,-5.20352514532331e-13,-2.0080257086238309e-13,-3.0226530854788684e-13,-1.6311103722114477e-12,-3.013492601173458e-13,-1.6308443319459618e-12,432,0.016109146496559305,2.0139633515416238e-16,79987287177933.38
O3,bottom,-7,-1,s,-0.5185185185185185,9.143394072814945e-09,-8.393037652685922e-09,9.14342740476673e-09,-8.393034972451328e-09,9.143427492316184e-09,-8.393034970901967e-09,432,1.0879989175775626,2.800319595437518e-09,388526695.07802206
O3,bottom,-7,-1,p,-0.5185185185185185,1.6020656852619312e-09,1.743005947497344e-09,1.6020747156695674e-09,1.7429856479057688e-09,1.6020747646876418e-09,1.7429854730527668e-09,432,0.17719954804161117,3.8500522698257115e-11,4602523176.903072
O3,bottom,-7,0,s,-0.5185185185185185,-2.1132561961895248e-05,2.452353130105343e-06,-2.113256196961501e-05,2.4523531196662756e-06,-2.113256196964271e-05,2.4523531196635774e-06,168,5.454893220096819,7.149193912978652e-05,76300.81497990986
O3,bottom,-7,0,p,-0.5185185185185185,5.770105264319279e-14,3.950414327871692e-14,5.728136567724764e-14,3.786753601422622e-14,5.728136567562835e-14,3.7867536015297214e-14,96,2.1409495576448163e-07,4.786882337249946e-14,4472534.327791285
O3,bottom,-7,1,s,-0.5185185185185185,9.14336241404974e-09,-8.393005308431076e-09,9.143377852541691e-09,-8.392983244853767e-09,9.143377913044886e-09,-8.392983209453446e-09,432,1.087998917577563,2.800303457249645e-09,388528934.16278374
O3,bottom,-7,1,p,-0.5185185185185185,-1.6021048542905364e-09,-1.7430587456684677e-09,-1.6021635958069362e-09,-1.7429877340026286e-09,-1.60216366084543e-09,-1.7429875147748514e-09,432,0.17719954804161123,3.8501525486526166e-11,4602403302.269756
O3,bottom,-7,2,s,-0.5185185185185185,1.7704562289171626e-13,2.7897946713105874e-13,-3.6722898674087873e-13,-1.9017537067078922e-13,-3.6791394779404896e-13,-1.8996731488893877e-13,432,0.02315950699731548,1.5298450509742356e-16,151384658090484.72
O3,bottom,-7,2,p,-0.5185185185185185,-7.029520506311978e-14,4.959588048313048e-13,-8.906386123495658e-13,-8.486949956612506e-13,-8.890282054317955e-13,-8.478167054004781e-13,432,0.01610914649655932,1.49182127539431e-16,107983085924964.03
O3,bottom,-6,-2,s,-0.5185185185185185,7.719448288401856e-14,-2.1089109439715475e-14,3.089362525100931e-14,-3.856802238525809e-14,3.1054227214069915e-14,-3.860253398392055e-14,432,0.06020538681680643,1.659712019722915e-16,362745983046249.06
O3,bottom,-6,-2,p,-0.5185185185185185,1.402422409980512e-13,2.3024798095491316e-13,2.2403017508404164e-13,4.710592420833616e-13,2.2388554977263827e-13,4.714308935596051e-13,432,0.053688936070813445,4.584360157440236e-16,117113259488738.95
O3,bottom,-6,-1,s,-0.5185185185185185,-3.4076716733190426e-08,1.739890922739242e-08,-3.407672288767618e-08,1.739890726398427e-08,-3.4076722880621e-08,1.7398907267172855e-08,432,4.0841324584078755,1.285790508896617e-07,31763591.58159144
O3,bottom,-6,-1,p,-0.5185185185185185,-1.687776548423049e-08,8.600102670528288e-09,-1.6877770487745166e-08,8.600095624469202e-09,-1.6877770459842726e-08,8.600095632354397e-09,432,2.023191189816297,2.060297896170052e-08,98198964.02249724
O3,bottom,-6,0,s,-0.5185185185185185,-0.011396188318885631,0.005389882855037495,-0.011396188318889122,0.005389882855031939,-0.011396188318889135,0.005389882855031947,168,6.01512321419416,0.042365364083062705,141.98209656361604
O3,bottom,-6,0,p,-0.5185185185185185,-7.428564501564318e-15,-2.5490262970982894e-14,-7.248517913757266e-15,-2.6471592730826302e-14,-7.248517912373541e-15,-2.6471592730587378e-14,96,4.021854038529026e-07,5.675436674427143e-14,7086422.189592974
O3,bottom,-6,1,s,-0.5185185185185185,-3.4076683763890115e-08,1.739890336415516e-08,-3.4076686413306306e-08,1.739890139040042e-08,-3.407668641131567e-08,1.7398901394370213e-08,432,4.0841324584078755,1.285789327633491e-07,31763620.76301228
O3,bottom,-6,1,p,-0.5185185185185185,1.6877697820542194e-08,-8.600127393475166e-09,1.687770038931693e-08,-8.600127860152753e-09,1.687770039279406e-08,-8.600127866050184e-09,432,2.023191189816297,2.0602926977167068e-08,98199211.7944442
O3,bottom,-6,2,s,-0.5185185185185185,-8.632130754393358e-14,-4.5108927056259004e-14,-5.181951823201442e-14,-1.1105768290934243e-13,-5.1780968991903615e-14,-1.110737365385013e-13,432,0.060205386816806455,4.1054876545120646e-16,146646128019989.97
O3,bottom,-6,2,p,-0.5185185185185185,1.3353585046406439e-13,3.493472230563735e-14,1.6795868182704995e-13,2.0179701334317768e-13,1.6778168505106665e-13,2.0146563048828353e-13,432,0.05368893607081346,2.3030297059392364e-16,233123072326666.72
O3,bottom,-5,-2,s,-0.5185185185185185,-1.9826431261971017e-14,1.474665175054357e-14,-2.779604536066918e-14,-4.760412299929658e-16,-2.7825839037661745e-14,-4.425806920225873e-16,432,0.09959199917698952,6.263330445887723e-16,159008054959607.03
O3,bottom,-5,-2,p,-0.5185185185185185,-5.6677663447663243e-14,1.175238713781457e-13,-1.7902156161404972e-14,2.0382208466341117e-14,-1.845170144633336e-14,2.0363894589338186e-14,432,0.1315014403277663,1.1334403464030703e-16,1160197276769625.5
O3,bottom,-5,-1,s,-0.5185185185185185,-2.8769190318269285e-09,-3.845659147980919e-08,-2.8769222901631073e-09,-3.845659022595753e-08,-2.87692228825988e-09,-3.845659022861298e-08,432,3.0360936403376524,1.295980191673038e-07,23427006.52251656
O3,bottom,-5,-1,p,-0.5185185185185185,-3.403642251445416e-09,-4.539490541090227e-08,-3.4036386269769886e-09,-4.539490557754409e-08,-3.4036386051924104e-09,-4.539490558730777e-08,432,3.5833468210491737,8.96012505936326e-08,39992151.86516403
O3,bottom,-5,0,s,-0.5185185185185185,0.00014510591107541832,-0.00037933569277659847,0.00014510591107761645,-0.0003793356927828462,0.0001451059110776404,-0.00037933569278284266,168,6.198314309616,0.0013648903342385974,4541.254454024486
O3,bottom,-5,0,p,-0.5185185185185185,3.0400450822494166e-16,-2.125654708945796e-14,2.856174006197043e-15,-2.0079671267209735e-14,2.8561740075725512e-15,-2.0079671268193343e-14,96,5.202432713616139e-07,5.980073770195934e-14,8699612.937125497
O3,bottom,-5,1,s,-0.5185185185185185,-2.8769802088052555e-09,-3.845664982825445e-08,-2.8769773887946323e-09,-3.84566460260603e-08,-2.8769773816341268e-09,-3.845664601364203e-08,432,3.0360936403376524,1.2959821992783885e-07,23426970.231752947
O3,bottom,-5,1,p,-0.5185185185185185,3.403686428623008e-09,4.539494706327785e-08,3.403687187913834e-09,4.539494408934627e-08,3.4036872067089416e-09,4.53949440801843e-08,432,3.583346821049174,8.960133329935096e-08,39992114.95076191
O3,bottom,-5,2,s,-0.5185185185185185,5.2508844021288114e-14,-9.759503514909864e-15,5.918553828282753e-14,-2.5758817404281534e-14,5.916698556182138e-14,-2.573601004050509e-14,432,0.09959199917698955,1.452142430008497e-15,68582803669201.24
O3,bottom,-5,2,p,-0.5185185185185185,-7.777863511640797e-15,6.120368562617233e-14,-4.5092481140570774e-14,-4.1500438201903764e-14,-4.482916179960762e-14,-4.13437201171912e-14,432,0.13150144032776634,2.5153106301681396e-16,522803977968223.9
O3,bottom,-4,-2,s,-0.5185185185185185,-1.0348494138797556e-14,-2.3471972565356632e-14,4.839175378287251e-16,-2.2785748848464385e-14,4.861594401458354e-16,-2.2770604799242323e-14,432,0.04224308706900198,1.5929473724255533e-15,26518821525584.47
O3,bottom,-4,-2,p,-0.5185185185185185,3.995766506911324e-14,-1.7035425081381563e-14,1.128147926494729e-15,2.3501876938212963e-15,7.909179724681946e-16,3.1261249354906753e-15,432,0.2041035220532194,2.899900280400926e-17,7038294503871735.0
O3,bottom,-4,-1,s,-0.5185185185185185,-4.4134023896288935e-09,1.4621029103379102e-10,-4.413408440662168e-09,1.4621866594722456e-10,-4.413408441359876e-09,1.4621866736558653e-10,432,0.82149626311678,1.483986780483646e-08,55357384.17083784
O3,bottom,-4,-1,p,-0.5185185185185185,-2.4910304458212734e-08,7.974246784586299e-10,-2.491029707003978e-08,7.974484992957471e-10,-2.4910297061924357e-08,7.974484969443698e-10,432,4.636848006368997,5.878935436206691e-08,78872238.97394705
O3,bottom,-4,0,s,-0.5185185185185185,-8.552595906535725e-07,8.548312098394456e-06,-8.552595895603859e-07,8.54831209519123e-06,-8.552595895872945e-07,8.54831209519033e-06,168,6.214721994396837,2.8871159958878437e-05,215257.0940429323
O3,bottom,-4,0,p,-0.5185185185185185,2.33208985136579e-15,-4.143616137279674e-15,2.869069680294723e-15,-4.486630519171862e-15,2.8690696799595397e-15,-4.486630519328488e-15,96,5.791784994233315e-07,1.7782189689896233e-14,32570707.518232044
O3,bottom,-4,1,s,-0.5185185185185185,-4.413419764436756e-09,1.4619029176648461e-10,-4.413419218714283e-09,1.4620031597419083e-10,-4.413419219200031e-09,1.4620031999682934e-10,432,0.8214962631167797,1.4839901963536655e-08,55357256.74841319
O3,bottom,-4,1,p,-0.5185185185185185,2.491027697908938e-08,-7.975099960132044e-10,2.4910272754003438e-08,-7.975130716499858e-10,2.4910272737514165e-08,-7.97513065248859e-10,432,4.6368480063689965,5.878930188764631e-08,78872309.37408632
O3,bottom,-4,2,s,-0.5185185185185185,1.0206983292807345e-14,1.3516932155828e-14,3.023741980212818e-14,1.2877426727071566e-14,3.022947496889438e-14,1.2876939044377272e-14,432,0.04224308706900198,2.2980883645641805e-15,18381837583087.52
O3,bottom,-4,2,p,-0.5185185185185185,2.225592509093538e-14,1.5402126592303483e-14,-6.616835973515369e-16,3.137454008436117e-14,-1.0980237604118337e-15,3.1778522128296733e-14,432,0.20410352205321944,2.859542746205555e-16,713762794153200.9
O3,bottom,-3,-2,s,-0.5185185185185185,-1.417057677478622e-14,2.0086885531482784e-14,-1.1089015671666873e-14,5.852248484296482e-15,-1.1058708555147989e-14,5.846042416298548e-15,432,0.08428103005790986,6.363790320370183e-16,132438414553242.58
O3,bottom,-3,-2,p,-0.5185185185185185,5.620511032657596e-14,3.152504359966116e-14,9.765441244058103e-14,-1.0019520295408543e-13,9.758295884368869e-14,-1.0008381309817666e-13,432,0.18209113472085164,1.0257317210859507e-15,177523158324547.3
O3,bottom,-3,-1,s,-0.5185185185185185,-8.577462745572325e-09,-2.2736458502477913e-09,-8.577459314361035e-09,-2.2736428263075377e-09,-8.577459323635287e-09,-2.273642823690894e-09,432,1.8558212253470285,2.9820929558543134e-08,62232172.26356952
O3,bottom,-3,-1,p,-0.5185185185185185,2.0027828144677317e-08,5.280735633139597e-09,2.0027834316628465e-08,5.2807051919750285e-09,2.0027834326897913e-08,5.280705188353379e-09,432,4.32813088449181,4.679481657621495e-08,92491673.24852234
O3,bottom,-3,0,s,-0.5185185185185185,-4.985357162702549e-07,2.729013503716675e-06,-4.985357186580229e-07,2.729013507630324e-06,-4.98535718656323e-07,2.7290135076080168e-06,168,6.214943606111959,9.322980307306508e-06,666626.2719917201
O3,bottom,-3,0,p,-0.5185185185185185,1.4689745049612457e-14,1.0925225662488664e-14,1.3900268752583893e-14,9.651086568273521e-15,1.3900268752242025e-14,9.65108656683717e-15,96,5.635917277587059e-07,5.481910760366769e-14,10280935.83415062
O3,bottom,-3,1,s,-0.5185185185185185,-8.577447464051753e-09,-2.273604068366537e-09,-8.577445581832347e-09,-2.2736022603676282e-09,-8.577445576887258e-09,-2.273602257271996e-09,432,1.855821225347028,2.9820849973302783e-08,62232338.34744678
O3,bottom,-3,1,p,-0.5185185185185185,-2.002786733967498e-08,-5.28072903380382e-09,-2.002785639136534e-08,-5.280712640783437e-09,-2.0027856442926915e-08,-5.280712628664535e-09,432,4.3281308844918085,4.6794869176889653e-08,92491569.28147414
O3,bottom,-3,2,s,-0.5185185185185185,6.376341134005488e-14,3.9189614583437804e-14,7.479002850985999e-14,3.41814081905207e-14,7.477134477450563e-14,3.4208934885770154e-14,432,0.0842810300579098,4.183157590239559e-15,20147706186006.543
O3,bottom,-3,2,p,-0.5185185185185185,2.6472501983547887e-14,7.947528691226597e-15,1.3907112369437043e-13,-3.306046300482148e-14,1.3871958452835767e-13,-3.29952701161489e-14,432,0.18209113472085153,1.0463293078570565e-15,174028514114533.22
O3,bottom,-2,-2,s,-0.5185185185185185,2.5555259275254466e-15,-5.571931518069226e-14,-1.891966456239765e-14,-2.900330429516176e-14,-1.870740544856779e-14,-2.928045510900036e-14,432,0.08777662781801501,3.815896951065648e-16,230028821384974.88
O3,bottom,-2,-2,p,-0.5185185185185185,8.12661513616344e-14,5.628508014690903e-14,9.902660565533275e-14,1.3907169021598312e-13,9.875451156388056e-14,1.3726787934436852e-13,432,0.09565988410425931,3.9986556429855872e-16,239230112930742.56
O3,bottom,-2,-1,s,-0.5185185185185185,-4.941570124151185e-08,3.333546295391333e-08,-4.941570489973442e-08,3.333546166535212e-08,-4.9415704876953277e-08,3.333546171401148e-08,432,3.5937669793386826,2.003186755284812e-07,17940249.30455235
O3,bottom,-2,-1,p,-0.5185185185185185,4.0915373812075635e-08,-2.761288035003446e-08,4.091537773053867e-08,-2.7612875971679196e-08,4.091537772127799e-08,-2.761287598305837e-08,432,2.974617763254602,8.24144738953245e-08,36093390.18571781
O3,bottom,-2,0,s,-0.5185185185185185,-0.00012896143821547324,0.00018174855655476521,-0.00012896143820911136,0.0001817485565434592,-0.00012896143820911475,0.00018174855654351038,168,6.156772865566392,0.0007489243113344503,8220.821213022335
O3,bottom,-2,0,p,-0.5185185185185185,9.230590739251647e-15,-5.3868381802509376e-15,7.955907217566227e-15,2.5041413698435735e-15,7.955907231762394e-15,2.504141369670083e-15,96,4.785240269120999e-07,2.210131496251328e-14,21651382.631474152
O3,bottom,-2,1,s,-0.5185185185185185,-4.941571949000336e-08,3.3335495421979475e-08,-4.941571834766913e-08,3.333549678106734e-08,-4.941571834702842e-08,3.333549676159157e-08,432,3.5937669793386813,2.0031877892266634e-07,17940240.04472424
O3,bottom,-2,1,p,-0.5185185185185185,-4.091538309442781e-08,2.761285603278734e-08,-4.0915381614908516e-08,2.761285674306993e-08,-4.0915381595137126e-08,2.7612856720815775e-08,432,2.974617763254599,8.241446126578898e-08,36093395.71681931
O3,bottom,-2,2,s,-0.5185185185185185,9.16967086929424e-15,9.548431965625475e-14,3.60090447797484e-14,1.06732342424035e-13,3.574732176317222e-14,1.0651073450168459e-13,432,0.08777662781801499,1.2338375024339895e-15,71141157279510.6
O3,bottom,-2,2,p,-0.5185185185185185,9.79216972064762e-14,9.376580374597218e-14,1.5390207209855563e-14,-3.272499077892529e-14,1.5510003727705238e-14,-3.289418573058e-14,432,0.09565988410425923,8.599669576456196e-17,1112366972402669.1
O3,bottom,-1,-2,s,-0.5185185185185185,2.420966542038077e-13,-1.8250378170888333e-13,-2.7331983960265317e-14,-1.7866175621781435e-13,-2.679845945572927e-14,-1.7893544281706286e-13,432,0.04248868594609963,2.5313174900499126e-16,167852061675842.3
O3,bottom,-1,-2,p,-0.5185185185185185,-6.69436138346494e-13,1.4686355723686267e-13,4.772155332376498e-13,-4.77064121251901e-13,4.783448932866636e-13,-4.76492405087432e-13,432,0.033949966718110014,2.7542150565974713e-16,123265489515010.69
O3,bottom,-1,-1,s,-0.5185185185185185,5.7167451055827756e-08,2.1528611890657128e-07,5.7167448974100425e-08,2.1528611616584716e-07,5.716744886150927e-08,2.1528611620905134e-07,432,4.228046504125251,7.485291443305319e-07,5648472.789802625
O3,bottom,-1,-1,p,-0.5185185185185185,-1.7725891518954112e-08,-6.673359887735579e-08,-1.7725890901887513e-08,-6.673360244895733e-08,-1.772589075267651e-08,-6.673360238013935e-08,432,1.3106317872447668,4.0729085978459675e-08,32179258.526398517
O3,bottom,-1,0,s,-0.5185185185185185,0.0009261108897328475,4.4957826596462424e-05,0.000926110889732706,4.4957826596309856e-05,0.0009261108897326264,4.49578265961707e-05,168,5.841941395203337,0.0031159257567233744,1874.8654015898533
O3,bottom,-1,0,p,-0.5185185185185185,-3.343607963638306e-14,-8.922343547591464e-18,-3.353560138256634e-14,4.015092541951272e-16,-3.3535601382592167e-14,4.015092619866854e-16,96,3.38292869176808e-07,5.2656626163710866e-14,6424507.10998928
O3,bottom,-1,1,s,-0.5185185185185185,5.716756123597169e-08,2.152860678069375e-07,5.716755362912018e-08,2.1528607015484342e-07,5.716755360188036e-08,2.1528607020146134e-07,432,4.22804650412525,7.485290852364508e-07,5648473.235732269
O3,bottom,-1,1,p,-0.5185185185185185,1.7725942651579857e-08,6.673375411357842e-08,1.7725937072212453e-08,6.673375494852875e-08,1.772593704439857e-08,6.673375493891481e-08,432,1.3106317872447657,4.0729179962241824e-08,32179184.27181183
O3,bottom,-1,2,s,-0.5185185185185185,-3.550290021653674e-14,-1.9713458066413197e-14,5.900687221123956e-14,1.001266911278535e-13,5.775534646056056e-14,1.0118762510320296e-13,432,0.042488685946099614,1.630036203175088e-16,260660995524746.34
O3,bottom,-1,2,p,-0.5185185185185185,-2.330279857832182e-13,2.5176033583531065e-13,-2.451021733073001e-13,-5.241394453617451e-13,-2.457553499888484e-13,-5.223004864592728e-13,432,0.03394996671811,2.3546746440092515e-16,144181136890760.22
O3,bottom,0,-2,s,-0.5185185185185185,-9.916850324576536e-13,8.398425330482688e-13,2.0468016515203756e-12,-8.01289244977611e-13,2.0465222634421823e-12,-8.075781428889313e-13,432,0.01486540661699945,3.184320083481325e-16,46683141855348.69
O3,bottom,0,-2,p,-0.5185185185185185,1.6956507927387703e-12,-1.9455237939062107e-12,3.7753048067763285e-13,4.416001905179713e-12,3.575200556650039e-13,4.4176105672098744e-12,432,0.009499409193577996,2.2451189223657245e-16,42311385374491.82
O3,bottom,0,-1,s,-0.5185185185185185,-1.185271095744826e-09,2.8451546492295893e-09,-1.1852267465755972e-09,2.845031106044234e-09,-1.1852271680702228e-09,2.845029134359731e-09,432,0.33619320993173724,6.800718798197856e-11,4943495237.897884
O3,bottom,0,-1,p,-0.5185185185185185,1.0363971735573428e-09,4.378951240231208e-10,1.0363010763806537e-09,4.3757847095083983e-10,1.0363030534776683e-09,4.375782934417135e-10,432,0.07792396182378229,4.571669857579766e-12,17044966992.659245
O3,bottom,0,0,s,-0.5185185185185185,-1.3041946236675386,0.02486252598780848,-1.3041946236675372,0.024862525987806645,-1.3041946236675372,0.02486252598780665,168,5.225475509595045,4.363594371507475,1.1975163282167811
O3,bottom,0,0,p,-0.5185185185185185,2.4098715810654088e-14,-1.3622072613118274e-14,4.7454411953043e-14,-1.9606683829050096e-13,4.745441237447559e-14,-1.9606683874690665e-13,96,3.930853937643646e-09,5.0918534600069334e-17,77198881.87116629
O3,bottom,0,1,s,-0.5185185185185185,-1.1852977653934643e-09,2.8450409916902485e-09,-1.1853195250133712e-09,2.845265413552189e-09,-1.1853189675917019e-09,2.8452635018974246e-09,432,0.33619320993173707,6.801274074140362e-11,4943091636.462684
O3,bottom,0,1,p,-0.5185185185185185,-1.0363179208038926e-09,-4.3778482027633243e-10,-1.0359108197826837e-09,-4.37625065718202e-10,-1.0359101136015591e-09,-4.376247558368935e-10,432,0.07792396182378225,4.570272217522897e-12,17050179533.073263
O3,bottom,0,2,s,-0.5185185185185185,-1.3303612222506342e-13,-4.630582967063244e-13,-1.3894835209612885e-12,3.928694069011757e-13,-1.3894012297669563e-12,3.907921043256175e-13,432,0.014865406616999435,2.0889843985123716e-16,71160926944143.47
O3,bottom,0,2,p,-0.5185185185185185,4.872240391773582e-13,1.0430809794684977e-12,7.563265544907213e-13,1.8094969907119233e-12,7.429793360959378e-13,1.8105024171081844e-12,432,0.009499409193577986,9.913571135673876e-17,95822272958676.48
O3,bottom,1,-2,s,-0.5185185185185185,-1.6262797205364943e-13,-2.6531805970571217e-13,8.023098301859944e-14,6.787983551458114e-13,7.117357733104684e-14,6.83562566648032e-13,432,0.00501972906629537,9.361825593697305e-18,536191260567257.3
O3,bottom,1,-2,p,-0.5185185185185185,-1.868771354398479e-13,1.048359438284745e-12,-8.934434685365734e-13,1.2004593795086386e-12,-9.039855976151448e-13,1.1942780414998156e-12,432,0.0026672762333475666,7.96405063218871e-18,334914524848335.4
O3,bottom,1,-1,s,-0.5185185185185185,5.050869740126695e-09,-2.7022141345178946e-09,5.051703647766409e-09,-2.7025222687127067e-09,5.051701462415566e-09,-2.7025214307673654e-09,432,0.05095565269373729,2.755142348496717e-12,18494744099.71598
O3,bottom,1,-1,p,-0.5185185185185185,-1.8280802288742078e-09,-3.4234960429146074e-09,-1.8277970050108115e-09,-3.423096653830442e-09,-1.8277953674623324e-09,-3.4230918802033277e-09,432,0.012296097913259007,6.009075414116904e-13,20462545509.700592
O3,bottom,1,0,s,-0.5185185185185185,-0.07888674545828747,-0.0016777738147773372,-0.07888674545827026,-0.0016777738149014517,-0.07888674545827055,-0.0016777738149034768,168,0.1345411529154555,0.00018158561894465053,740.9240538837232
O3,bottom,1,0,p,-0.5185185185185185,7.091331368598302e-14,9.393585504704438e-14,1.7361766096624862e-13,1.3622094386186744e-14,1.7361766100339229e-13,1.3622094501657603e-14,96,5.648029177785401e-09,1.1035805216059957e-16,51179130.72229704
O3,bottom,1,1,s,-0.5185185185185185,5.051380895459564e-09,-2.7029350586919695e-09,5.051312479249221e-09,-2.703416077396852e-09,5.051309727753318e-09,-2.7034182354827722e-09,432,0.050955652693737225,2.7551797165498595e-12,18494493258.518112
O3,bottom,1,1,p,-0.5185185185185185,1.8278851033604728e-09,3.4234620728836596e-09,1.827738431164231e-09,3.423370564770441e-09,1.8277458230387442e-09,3.4233726878383832e-09,432,0.012296097913258997,6.009422863810606e-13,20461362416.85941
O3,bottom,1,2,s,-0.5185185185185185,-5.807605772064493e-13,-3.6649776178990394e-13,-1.1635533858179918e-12,-9.736675536403787e-13,-1.1606184345150419e-12,-9.81325791781221e-13,432,0.005019729066295361,2.0703802233389236e-17,242454454003622.22
O3,bottom,1,2,p,-0.5185185185185185,-1.0657421433792152e-12,-1.9196639343590686e-12,-1.7164447156310993e-12,-5.01411426044285e-13,-1.7174043915857084e-12,-4.855601183948736e-13,432,0.0026672762333475627,9.489502947313122e-18,281076495592720.25
O3,bottom,2,-2,s,-0.5185185185185185,2.7655557802295895e-12,-2.3843483071773804e-13,3.911820872416901e-12,6.758260265807133e-13,3.909289415064087e-12,6.405346947164091e-13,432,0.0015702323723577477,4.833828224745869e-18,324842402201890.44
O3,bottom,2,-2,p,-0.5185185185185185,3.693038372959365e-12,-3.414557333689604e-12,4.521541060098524e-12,-2.139888811135583e-12,4.535423613935073e-12,-2.1064433839158236e-12,432,0.0007117897308183311,2.5489211895735193e-18,279251368669200.16
O3,bottom,2,-1,s,-0.5185185185185185,2.9411358000404085e-09,-3.5162458314052903e-10,2.9416123343676993e-09,-3.5121448277089114e-10,2.9416060788522117e-09,-3.512014248142286e-10,432,0.010509507555970084,6.094422222181292e-14,172444690781.67285
O3,bottom,2,-1,p,-0.5185185185185185,-3.317682527943108e-10,-2.7773667788470426e-09,-3.328158569211702e-10,-2.7756520031408174e-09,-3.3280989740767033e-10,-2.7756525422018226e-09,432,0.0022851339606885742,2.210883079950381e-14,103358426386.79291
O3,bottom,2,0,s,-0.5185185185185185,0.3371760178502695,0.00716728311314608,0.3371760178508117,0.007167283113065904,0.3371760178508112,0.007167283113058791,168,0.021473931523139554,2.0907702731363136e-05,1027.0823054570712
O3,bottom,2,0,p,-0.5185185185185185,9.815747863856942e-13,-2.672323334575636e-13,9.415489404321781e-13,-1.9407454223717092e-13,9.41548940066015e-13,-1.94074542033047e-13,96,9.391778042049716e-10,2.1838384397376606e-17,43005828.046409555
O3,bottom,2,1,s,-0.5185185185185185,2.9400941808590253e-09,-3.503450260002388e-10,2.9399245861386575e-09,-3.5137199673440407e-10,2.9398879690436912e-09,-3.5134559274561995e-10,432,0.010509507555970077,6.090947867860998e-14,172543055431.8761
O3,bottom,2,1,p,-0.5185185185185185,3.2885975166836246e-10,2.7739275780006707e-09,3.314551888813203e-10,2.772929332293386e-09,3.314600499855717e-10,2.772928144646467e-09,432,0.0022851339606885725,2.2086168336082273e-14,103464481747.85207
O3,bottom,2,2,s,-0.5185185185185185,-2.775660327893312e-15,-5.267673864111742e-13,-5.507235988912892e-12,-4.2807598862741197e-13,-5.496954360485563e-12,-3.4638688085628946e-13,432,0.0015702323723577457,6.720835616156002e-18,233636479455488.28
O3,bottom,2,2,p,-0.5185185185185185,-1.0564919568029486e-12,-1.5088418401703244e-11,-2.0068841024670896e-12,-1.431401891236862e-11,-1.993439480309755e-12,-1.4291932083922968e-11,432,0.0007117897308183301,7.355276983568353e-18,96772661642581.83
O3,bottom,3,-2,s,-0.5185185185185185,-1.0631209982081737e-12,7.551568923266894e-12,4.525513349406552e-12,5.070198037146606e-12,4.495052520064673e-12,5.1380100778202096e-12,432,0.00044383396609402344,7.250698420822691e-19,612125812348521.9
O3,bottom,3,-2,p,-0.5185185185185185,-2.2328135968909267e-12,-3.913742949645699e-12,-1.4305264533533277e-11,1.5529652900289542e-12,-1.4367061125107245e-11,1.7113433606125392e-12,432,0.00017500167582436475,6.7092239554622845e-19,260837433637742.75
O3,bottom,3,-1,s,-0.5185185185185185,-2.0001267335488037e-07,5.0310280023834386e-09,-2.000132611409617e-07,5.0347709014818286e-09,-2.000133130258932e-07,5.0347377164929375e-09,432,0.002273860492711579,2.2395771302125809e-13,10153079623.990194
O3,bottom,3,-1,p,-0.5185185185185185,6.04923529583813e-09,2.368118600924452e-07,6.047388179382167e-09,2.3681271852318771e-07,6.047385649706612e-09,2.3681273010583657e-07,432,0.0004389045478771822,1.1097495166640567e-13,3954987511.0245023
O3,bottom,3,0,s,-0.5185185185185185,0.12405777677843782,0.0025780088650340354,0.12405777677660057,0.0025780088647360927,0.12405777677659943,0.0025780088647523467,168,0.004077135930654618,3.323710601518756e-07,12266.819887361995
O3,bottom,3,0,p,-0.5185185185185185,-7.807031929813122e-12,9.11704589454199e-14,-5.3518736404412054e-12,3.458132855258342e-12,-5.3518736394637066e-12,3.4581328570116186e-12,96,2.1745468527110756e-10,6.996941146228137e-18,31078535.70961241
O3,bottom,3,1,s,-0.5185185185185185,-2.0001386885757716e-07,5.03482884485691e-09,-2.0001656193794203e-07,5.037235271261226e-09,-2.000165192031926e-07,5.0372396894795325e-09,432,0.0022738604927115768,2.2396137124065738e-13,10152913782.029863
O3,bottom,3,1,p,-0.5185185185185185,-6.0570115710087055e-09,-2.3683894750928614e-07,-6.055486020503091e-09,-2.3683809865441652e-07,-6.0555235403883045e-09,-2.3683811043884438e-07,432,0.0004389045478771821,1.1098693499987066e-13,3954560488.3826513
O3,bottom,3,2,s,-0.5185185185185185,-4.312009482343378e-12,-1.447423688068861e-11,-9.865951997481104e-12,-3.0925084207601376e-12,-9.87250404960942e-12,-3.1593351412543557e-12,432,0.00044383396609402306,1.100940562737275e-18,403140715417475.5
O3,bottom,3,2,p,-0.5185185185185185,3.226183204056755e-11,1.4077563682939242e-11,4.2620997446676966e-11,2.1622730125109182e-11,4.25457660224367e-11,2.183568467141468e-11,432,0.00017500167582436448,2.2175443630337035e-18,78916877038236.14
O3,bottom,4,-2,s,-0.5185185185185185,-4.1034310264969326e-12,-5.179582274036572e-12,2.535426162011844e-12,-4.08468377486971e-12,3.2585782218047296e-12,-4.055280871786169e-12,432,0.00010963096288044127,4.723214334446213e-20,2321109209059327.5
O3,bottom,4,-2,p,-0.5185185185185185,7.130399753247068e-11,2.808643748169828e-11,3.394752212903133e-11,1.7564974759814498e-11,3.442313092929715e-11,1.737125735006261e-11,432,3.8185638562624735e-05,1.5750962207903965e-19,242433687914398.4
O3,bottom,4,-1,s,-0.5185185185185185,2.7829040049340395e-06,-4.6787125876708726e-07,2.782899064303552e-06,-4.678670637692069e-07,2.782898872264189e-06,-4.6786707988944496e-07,432,0.0004653874568116537,1.9407884459285416e-13,2397929860.8663964
O3,bottom,4,-1,p,-0.5185185185185185,-6.629074265258457e-07,-3.943612131829977e-06,-6.629226807990816e-07,-3.943611910376658e-06,-6.629226588046863e-07,-3.943611948784347e-06,432,8.008594833174582e-05,1.2081805655180556e-13,662864066.989902
O3,bottom,4,0,s,-0.5185185185185185,-10.621310150711498,-0.22487776204382748,-10.621310150711237,-0.22487776204852655,-10.621310150711205,-0.22487776204865403,168,0.0007687501677443877,1.5139228848169555e-06,507.7868730660844
O3,bottom,4,0,p,-0.5185185185185185,3.756318602962499e-11,2.351005241277038e-12,2.4652650732414376e-11,2.13976650388655e-11,2.4652650735055693e-11,2.1397665049775682e-11,96,5.158499945245198e-11,2.022033763940371e-18,25511443.16795553
O3,bottom,4,1,s,-0.5185185185185185,2.7829073629570895e-06,-4.6786729364735715e-07,2.7828946872001708e-06,-4.6786901466060353e-07,2.7828948630182842e-06,-4.678690324119181e-07,432,0.00046538745681165344,1.9407859493834147e-13,2397932945.462154
O3,bottom,4,1,p,-0.5185185185185185,6.629902733380812e-07,3.943627896753965e-06,6.6300980289254e-07,3.943608192563126e-06,6.630097699902979e-07,3.9436081589114625e-06,432,8.008594833174579e-05,1.2081837995588816e-13,662862292.6493955
O3,bottom,4,2,s,-0.5185185185185185,-4.183776580060641e-12,1.0528497430457916e-12,-4.863348976849117e-12,5.6809416703894835e-12,-5.13464612206775e-12,5.475027099136646e-12,432,0.00010963096288044117,6.814829378646792e-20,1608711778228120.5
O3,bottom,4,2,p,-0.5185185185185185,-1.719143307855317e-10,-3.958260854123046e-11,-1.715801506248126e-10,-3.0581182963182447e-11,-1.7139985084354674e-10,-3.022178341367357e-11,432,3.8185638562624674e-05,7.109716687289089e-19,53709086089033.36
O3,bottom,5,-2,s,-0.5185185185185185,7.0224383208312035e-12,2.2192596441845267e-11,5.912914697861035e-11,-1.8014512569996894e-11,5.946996763061701e-11,-1.679246027435968e-11,432,2.298788221681121e-05,4.7385048295332356e-20,485129445759700.1
O3,bottom,5,-2,p,-0.5185185185185185,-4.880183969476445e-10,-4.499572203672456e-10,-3.3209634978580866e-10,-5.168333286398878e-10,-3.317129943820685e-10,-5.164936400793513e-10,432,7.162722224837154e-06,2.1633684711904582e-19,33109118119372.664
O3,bottom,5,-1,s,-0.5185185185185185,-8.545527956620469e-05,-8.947406225286883e-06,-8.545523914963216e-05,-8.947441754739775e-06,-8.545523921614762e-05,-8.947441231969672e-06,432,8.484216016417763e-05,3.9003923984735944e-13,217522114.43489718
O3,bottom,5,-1,p,-0.5185185185185185,-1.4711674686180829e-05,0.00014048321622693675,-1.471165925797725e-05,0.00014048322608399105,-1.4711659333696991e-05,0.00014048322595029206,432,1.3121888965871356e-05,2.904394200852179e-13,45179435.22274373
O3,bottom,5,0,s,-0.5185185185185185,95.97631503910003,2.0149815351746776,95.97631503911764,2.014981535175346,95.97631503911742,2.0149815351752713,168,0.0001323772297885613,8.167810009376871e-07,162.0718768391877
O3,bottom,5,0,p,-0.5185185185185185,8.740494755652733e-11,-1.3721749367496903e-11,9.43932696929723e-11,3.6260186433525675e-13,9.439326969290792e-11,3.6260188277730985e-13,96,1.0949808214409493e-11,3.615963305270438e-19,30281856.56212171
O3,bottom,5,1,s,-0.5185185185185185,-8.545529439487453e-05,-8.947336952151666e-06,-8.545526261150566e-05,-8.947336503206197e-06,-8.545526210702128e-05,-8.947336536554821e-06,432,8.484216016417763e-05,3.900392937038581e-13,217522084.39951447
O3,bottom,5,1,p,-0.5185185185185185,1.4711515425241516e-05,-0.0001404829788694391,1.4711556739101473e-05,-0.00014048298078417096,1.4711556691931346e-05,-0.00014048298100631165,432,1.3121888965871357e-05,2.9043889719232155e-13,45179516.56173093
O3,bottom,5,2,s,-0.5185185185185185,-3.1294855017451237e-11,-1.194175433245466e-10,-4.9884167569170295e-11,2.7031601862151466e-11,-4.9595833138087606e-11,2.6867563567604543e-11,432,2.2987882216811176e-05,4.325230616648668e-20,531483387922167.0
O3,bottom,5,2,p,-0.5185185185185185,-2.7451461342315506e-10,5.1526244347064e-10,-1.5156721039357546e-10,5.41299966324773e-10,-1.512996167942547e-10,5.410446581133254e-10,432,7.162722224837151e-06,1.9799689949405473e-19,36175931255187.29
O3,bottom,6,-2,s,-0.5185185185185185,6.042387772634933e-11,1.4588987163794804e-10,1.6301480199456866e-10,6.213675730803388e-11,1.6281484385230053e-10,6.409256113985094e-11,432,4.08087189708611e-06,1.1236727697065077e-20,363172625260999.6
O3,bottom,6,-2,p,-0.5185185185185185,-8.211188702817112e-11,1.4408923112821487e-09,-4.25808647585506e-11,1.5539480420623566e-09,-4.2859258250911e-11,1.5541165984187253e-09,432,1.1493964537258548e-06,4.660671412030787e-20,24661606710974.508
O3,bottom,6,-1,s,-0.5185185185185185,8.027577499316727e-06,-1.7776113416129065e-05,8.027662881674174e-06,-1.7776167188961935e-05,8.027662614280855e-06,-1.777616684327063e-05,432,1.3515536324925577e-05,6.121239516869193e-15,2207973775.193544
O3,bottom,6,-1,p,-0.5185185185185185,-3.317493645718822e-05,-1.4965968815266243e-05,-3.317483967395652e-05,-1.4965905709781338e-05,-3.317483949697495e-05,-1.496590580085227e-05,432,1.894441748103491e-06,5.28192893631849e-15,358664755.0438115
O3,bottom,6,0,s,-0.5185185185185185,-4502.394202375518,-95.64635932955107,-4502.394202375454,-95.64635932950559,-4502.394202375458,-95.64635932950527,168,2.0216146111043807e-05,2.458617764604097e-06,8.22256570422981
O3,bottom,6,0,p,-0.5185185185185185,-7.155553519301652e-11,-4.445261102949276e-10,-2.3690714217201725e-10,-6.230383434208129e-10,-2.3690714216639475e-10,-6.230383433097545e-10,96,2.0167078199517367e-12,1.6765989861612976e-19,12028563.995312585
O3,bottom,6,1,s,-0.5185185185185185,8.027641105082633e-06,-1.777618905745765e-05,8.0275487720861e-06,-1.7776056843075715e-05,8.027549930964527e-06,-1.7776056940753477e-05,432,1.351553632492558e-05,6.121193527743206e-15,2207990363.9165874
O3,bottom,6,1,p,-0.5185185185185185,3.31753646342848e-05,1.4966118002231317e-05,3.3175448693934465e-05,1.4966136551310363e-05,3.317544908359636e-05,1.4966136246426574e-05,432,1.894441748103491e-06,5.282023332713227e-15,358658345.2539142
O3,bottom,6,2,s,-0.5185185185185185,-7.118597477693202e-11,-5.321659706796623e-11,-2.2581473759739732e-10,6.091539155611801e-11,-2.258528101440152e-10,6.219628421064913e-11,432,4.080871897086115e-06,1.504390202379738e-20,271264190010725.78
O3,bottom,6,2,p,-0.5185185185185185,1.165717366231422e-10,8.588388173169415e-10,-5.159301639052569e-10,5.592369524647024e-10,-5.16751735058708e-10,5.589839130279132e-10,432,1.1493964537258559e-06,2.2820480549364703e-20,50366882118871.67
O3,bottom,7,-2,s,-0.5185185185185185,-1.6633830040773996e-10,-5.960508847305122e-11,-4.164352210764629e-10,-6.496724591282322e-11,-4.2067426087226047e-10,-6.334906011764289e-11,432,7.345386582465571e-07,2.2740088632607586e-21,323014861601411.5
O3,bottom,7,-2,p,-0.5185185185185185,-2.2280747642991313e-09,4.5528693982957276e-09,-2.005951693909655e-09,3.808981379590049e-09,-2.0048600938346594e-09,3.808983744625535e-09,432,1.8865354499328317e-07,1.0866548548242255e-20,17360944384111.668
O3,bottom,7,-1,s,-0.5185185185185185,-1.589626962321325e-06,3.17508996042246e-06,-1.5895614338522595e-06,3.1751466045260582e-06,-1.5895586487781191e-06,3.1751506805294912e-06,432,2.2315280564571224e-06,7.953850508701338e-17,28055946664.019894
O3,bottom,7,-1,p,-0.5185185185185185,6.437753399699746e-06,3.299644878500952e-06,6.437700787549971e-06,3.29957582903809e-06,6.437701101449177e-06,3.2995767296921584e-06,432,2.8566000346184005e-07,7.604761661139295e-17,3756330785.770403
O3,bottom,7,0,s,-0.5185185185185185,-566.1214464459392,-11.992297475490734,-566.1214464461651,-11.992297475514748,-566.1214464461657,-11.99229747550918,168,3.2306950279716676e-06,2.0822291600307115e-08,155.1555943018307
O3,bottom,7,0,p,-0.5185185185185185,1.0916819503538514e-10,1.3143479033117982e-10,2.5305990226326704e-10,-2.0434502150026455e-10,2.530599022540563e-10,-2.0434502057761784e-10,96,3.321962612354928e-13,5.599587393817423e-21,59325131.991381176
O3,bottom,7,1,s,-0.5185185185185185,-1.5896282293653937e-06,3.1748661966375334e-06,-1.589667564023596e-06,3.1748162046182345e-06,-1.5896585618174316e-06,3.1748177304659497e-06,432,2.2315280564571257e-06,7.953283809014147e-17,28057945749.753597
O3,bottom,7,1,p,-0.5185185185185185,-6.435394298499586e-06,-3.298232033230644e-06,-6.434689030532644e-06,-3.29748587527683e-06,-6.434689714521208e-06,-3.2974849685918713e-06,432,2.856600034618405e-07,7.600941461909301e-17,3758218700.846103
O3,bottom,7,2,s,-0.5185185185185185,-1.3863788341069264e-10,-5.0337563803401225e-11,-2.0990286683635625e-10,-2.551806763036144e-10,-2.1178571377204099e-10,-2.572538984144828e-10,432,7.345386582465594e-07,1.781158213860307e-21,412393830335033.9
O3,bottom,7,2,p,-0.5185185185185185,-9.935032196265559e-10,-2.4666149611161874e-09,-1.1616645230730082e-09,-2.451260267490285e-09,-1.1632881333073454e-09,-2.451949414761009e-09,432,1.886535449932838e-07,6.851324364921857e-21,27535339876648.14
O3,bottom,8,-2,s,-0.5185185185185185,1.4437422732117568e-09,-2.3429903608505644e-10,5.00891458523603e-10,-4.593641718602193e-10,4.855285079087071e-10,-4.365331686648106e-10,432,1.9887754322132068e-07,2.8917266813529625e-22,687746682643849.1
O3,bottom,8,-2,p,-0.5185185185185185,4.547977251769086e-09,-3.1639753137735757e-09,4.765373220096798e-09,-9.46253656136959e-10,4.76682985926359e-09,-9.571917460951167e-10,432,4.692350490963695e-08,1.0261412706883543e-21,45728113905953.52
O3,bottom,8,-1,s,-0.5185185185185185,-7.268790602956714e-06,5.513085208480712e-06,-7.268277124200492e-06,5.513463755839042e-06,-7.268274446130886e-06,5.513451861060799e-06,432,5.630967722136146e-07,1.4924952642902575e-17,37728546661.84754
O3,bottom,8,-1,p,-0.5185185185185185,1.2735714843361182e-05,1.724569465545304e-05,1.2735635436043748e-05,1.7244855965765017e-05,1.273563521665613e-05,1.724485403821436e-05,432,6.628250939980899e-08,1.663950998534283e-17,3983441186.561081
O3,bottom,8,0,s,-0.5185185185185185,485.1709562167215,10.291910653356371,485.17095621654914,10.29191065314782,485.17095621654556,10.291910653128738,168,7.942762442560455e-07,1.244060650879719e-09,638.454599214584
O3,bottom,8,0,p,-0.5185185185185185,3.2369023295255587e-09,-8.041878750428647e-10,3.3456732345624998e-09,-8.338538415268816e-10,3.3456732347990957e-09,-8.338538408215021e-10,96,7.069207764456219e-14,4.186725689399021e-21,16884812.354331627
O3,bottom,8,1,s,-0.5185185185185185,-7.268870581349359e-06,5.5136138937386326e-06,-7.268791324919288e-06,5.5129866910484635e-06,-7.268795354673502e-06,5.512983639743482e-06,432,5.630967722136134e-07,1.4925168705134967e-17,37728000489.52756
O3,bottom,8,1,p,-0.5185185185185185,-1.2734119214579986e-05,-1.7245648954115524e-05,-1.2736187645980366e-05,-1.7248942269471946e-05,-1.273618319260628e-05,-1.7248938847781224e-05,432,6.628250939980883e-08,1.6642313137160775e-17,3982770234.734137
O3,bottom,8,2,s,-0.5185185185185185,-8.322763787341895e-10,-7.781171473818122e-10,-1.3678345704587737e-09,3.0981706155149103e-10,-1.3640043859097306e-09,3.037452347661879e-10,432,1.9887754322132023e-07,6.189071001765336e-22,321336664524600.75
O3,bottom,8,2,p,-0.5185185185185185,-8.207927033642412e-10,-5.842876322814351e-09,-7.252530759680341e-10,-7.996441692627109e-09,-7.280901889492313e-10,-8.00510286898236e-09,432,4.692350490963688e-08,1.6964831762046664e-21,27659281016044.66
E3,top,-8,-2,s,6.7407407407407405,0.0,0.0,0.0,0.0,0.0,0.0,0,0.0,0.0,0.0
E3,top,-8,-2,p,6.7407407407407405,0.0,0.0,0.0,0.0,0.0,0.0,0,0.0,0.0,0.0
E3,top,-8,-1,s,6.7407407407407405,3514348969246.3867,-39788530428439.39,3514348969414.984,-39788530290180.04,3514348967926.546,-39788530290017.1,432,3.0669532778031476e-22,1.4632496870787172e-28,2095987.6532938955
E3,top,-8,-1,p,6.7407407407407405,-18046964911169.48,63624335208573.41,-18046964739412.938,63624335057772.6,-18046964739671.266,63624335057107.305,432,7.558993505061118e-23,6.789139814453152e-29,1113394.8794174267
E3,top,-8,0,s,6.7407407407407405,263915744.04460958,1534228751.084281,263915743.8972448,1534228750.597405,263915743.89953396,1534228750.6027093,168,1.2607878774023483e-16,6.4224010063284115e-22,196310.98652357765
E3,top,-8,0,p,6.7407407407407405,-0.3799106999797527,0.13635901133518782,0.8069273833281806,0.6828063402462734,0.8069268562979705,0.6828043728375608,96,7.822655935954097e-21,8.916848037958324e-32,87728936308.58868
E3,top,-8,1,s,6.7407407407407405,3514348902869.6675,-39788530440675.43,3514348726910.4556,-39788530546098.38,3514348726620.736,-39788530546753.43,432,3.0669532778031533e-22,1.463249695669528e-28,2095987.6409882533
E3,top,-8,1,p,6.7407407407407405,18046964857109.562,-63624334890182.17,18046964876577.74,-63624335002334.03,18046964878540.887,-63624335001668.37,432,7.558993505061132e-23,6.789139812868167e-29,1113394.8796773606
E3,top,-8,2,s,6.7407407407407405,0.0,0.0,0.0,0.0,0.0,0.0,0,0.0,0.0,0.0
E3,top,-8,2,p,6.7407407407407405,0.0,0.0,0.0,0.0,0.0,0.0,0,0.0,0.0,0.0
E3,top,-7,-2,s,6.7407407407407405,142737800.68090895,699893332.2584834,4369251394.1859865,3481672153.738812,4327988385.151981,3461083571.264038,432,3.390777773044104e-27,6.472851128867954e-42,523846092786181.8
E3,top,-7,-2,p,6.7407407407407405,82754962.05309467,8650113457.3914,16511458015.23844,21679263249.177376,16455439109.165504,21643886542.87201,432,2.358186744589928e-27,1.0436188254618005e-41,225962457465869.53
E3,top,-7,-1,s,6.7407407407407405,0.11974367618109238,0.6780351077312259,0.11974368719745201,0.6780351123422401,0.11974368734093624,0.678035112562128,432,8.399241718327441e-09,1.3660054365904705e-15,6148761.559318406
E3,top,-7,-1,p,6.7407407407407405,0.07563985952482172,-2.717364628092661,0.07563988983066365,-2.7173646119990913,0.07563988966795275,-2.7173646121266692,432,1.3664110450849258e-09,3.877535870576082e-16,3523915.9370611296
E3,top,-7,0,s,6.7407407407407405,2.8386769262917532e-08,1.6306360622413437e-06,2.8386769266246722e-08,1.6306360621363626e-06,2.838676926507731e-08,1.6306360621352697e-06,168,0.44904604203252124,5.481020113245723e-06,81927.4574357669
E3,top,-7,0,p,6.7407407407407405,-2.8131173878971808e-18,-8.057056667745666e-16,3.0835558873095784e-16,-7.452152659770298e-16,3.083557458099408e-16,-7.452155069122154e-16,96,2.1166313953031595e-05,5.627641101352129e-16,37611342962.05573
E3,top,-7,1,s,6.7407407407407405,0.1197436811924659,0.6780351023238919,0.11974366301256714,0.6780351038265481,0.11974366301914123,0.6780351038559412,432,8.399241718327464e-09,1.3660054111891764e-15,6148761.67365655
E3,top,-7,1,p,6.7407407407407405,-0.07563986566504732,2.7173646376606815,-0.07563981844301368,2.7173646319962486,-0.07563981826584196,2.717364631915957,432,1.3664110450849298e-09,3.877535895958583e-16,3523915.913993449
E3,top,-7,2,s,6.7407407407407405,2959544688.3260345,-5875514470.277029,-290761800.98385125,-2039114675.8545918,-345383977.8680881,-1956389950.1322021,432,3.390777773044119e-27,2.3204461400957386e-42,1461261140456472.8
E3,top,-7,2,p,6.7407407407407405,6603402563.818374,-7605760860.880909,-20589908622.878773,-14042966341.01105,-20710710619.00416,-13877322940.242416,432,2.358186744589939e-27,9.569179651930661e-42,246435622526342.2
E3,top,-6,-2,s,6.7407407407407405,727.2117192260826,1774.2046628997903,1746.4287667976873,5091.671092664079,1737.0201353786244,5079.424639313292,432,4.851034612294389e-21,1.7633495605665268e-35,275103400980566.47
E3,top,-6,-2,p,6.7407407407407405,2084.4345902317286,-5704.416714649094,-1161.8411030785744,-8827.007474517392,-1170.3719228822574,-8966.944457628964,432,4.3246685484306505e-21,7.78637538293253e-36,555414854247866.94
E3,top,-6,-1,s,6.7407407407407405,-6.868168041496491e-09,-2.102514057009705e-08,-6.868167878223082e-09,-2.102514047829579e-08,-6.86816787501178e-09,-2.1025140477886717e-08,432,0.33226525827255016,7.433516759208992e-08,4469825.911953777
E3,top,-6,-1,p,6.7407407407407405,3.150996549664582e-08,3.343890156650174e-08,3.1509965861530526e-08,3.343890082741287e-08,3.1509965860381724e-08,3.343890082354048e-08,432,0.16464068559368522,5.000095997324891e-08,3292750.492825935
E3,top,-6,0,s,6.7407407407407405,3.4011153819411076e-05,3.0427107667746485e-05,3.4011153819250865e-05,3.0427107667729538e-05,3.4011153819251116e-05,3.04271076677293e-05,168,0.4892999164865162,0.00015336918004606268,3190.340564770318
E3,top,-6,0,p,6.7407407407407405,-7.141884286219573e-15,-1.3479815361739034e-14,-7.187567324069697e-15,-1.3731377583118561e-14,-7.187567240583725e-15,-1.373137717000618e-14,96,2.7210703851894576e-05,3.205539266221902e-14,848865092.3301754
E3,top,-6,1,s,6.7407407407407405,-6.868169893702056e-09,-2.102514161642775e-08,-6.868169717943543e-09,-2.1025141792369653e-08,-6.8681697185267134e-09,-2.1025141789530428e-08,432,0.3322652582725496,7.433517370616348e-08,4469825.544310256
E3,top,-6,1,p,6.7407407407407405,-3.150996570698166e-08,-3.343890042443387e-08,-3.1509965147679084e-08,-3.343890158132586e-08,-3.1509965151234286e-08,-3.343890158023333e-08,432,0.16464068559368505,5.000096004330504e-08,3292750.488212473
E3,top,-6,2,s,6.7407407407407405,6871.966679676699,-1402.0510754093198,5153.848591028636,-370.28979758359816,5131.937074208067,-381.0923981685268,432,4.851034612294409e-21,1.6903767842839746e-35,286979486313121.3
E3,top,-6,2,p,6.7407407407407405,-8496.028666713873,253.63487600071565,-17451.872848100942,-15356.672810065716,-17406.789092653184,-15280.203560501011,432,4.324668548430668e-21,1.9943432692214836e-35,216846749261918.94
E3,top,-5,-2,s,6.7407407407407405,-0.01216213450317129,-0.03707407332466968,-0.05220828657195743,-0.04621497624238343,-0.05225612908775513,-0.04616337594171468,432,7.170501782365207e-16,1.3100394170033157e-29,54735007888293.625
E3,top,-5,-2,p,6.7407407407407405,0.012732600709057627,-0.059714883704494494,-0.026882364946257613,-0.07918907918722466,-0.026095956699235805,-0.07914856903780554,432,9.460327650545211e-16,2.8677174220189866e-30,329890510756278.3
E3,top,-5,-1,s,6.7407407407407405,-3.3426413148500686e-07,3.5244752547686545e-07,-3.3426413154953013e-07,3.5244752589314773e-07,-3.3426413155102106e-07,3.524475258925612e-07,432,0.2391519654233448,1.6324886636585043e-06,146495.32995064787
E3,top,-5,-1,p,6.7407407407407405,1.4963040141334345e-07,6.057938653780351e-07,1.496304025595666e-07,6.057938649224401e-07,1.4963040255830766e-07,6.057938649227456e-07,432,0.2822496309657616,1.2284777472672059e-06,229755.5910911991
E3,top,-5,0,s,6.7407407407407405,2.7581337281790868e-05,8.288820511357247e-07,2.7581337282070907e-05,8.288820508410105e-07,2.7581337282073302e-05,8.288820508427341e-07,168,0.4881271180881013,9.273632915391586e-05,5263.601897352972
E3,top,-5,0,p,6.7407407407407405,1.377705465294493e-15,8.789162463477437e-17,1.4029799846335944e-15,4.231002135660577e-17,1.4029801705769661e-15,4.231003535995242e-17,96,4.781698429352586e-05,4.1388704325069164e-15,11553148394.781492
E3,top,-5,1,s,6.7407407407407405,-3.3426413454866823e-07,3.5244751802489907e-07,-3.342641351138032e-07,3.5244751801199463e-07,-3.342641351115911e-07,3.524475180083729e-07,432,0.2391519654233441,1.6324886526674528e-06,146495.3309369561
E3,top,-5,1,p,6.7407407407407405,-1.4963040217547907e-07,-6.05793860424626e-07,-1.496304020753986e-07,-6.057938605328459e-07,-1.4963040207034802e-07,-6.057938605354816e-07,432,0.28224963096576045,1.2284777386515724e-06,229755.59270253382
E3,top,-5,2,s,6.7407407407407405,-0.020241724789221222,0.03731685584942703,-0.006403674586626151,0.04185237761526457,-0.00646525897475441,0.04183972534100736,432,7.170501782365231e-16,7.95427274197776e-30,90146541550225.36
E3,top,-5,2,p,6.7407407407407405,0.04110930346480287,0.04212153052981523,-0.1068161529490805,-0.2304720009570592,-0.10640679628449033,-0.23119580248405072,432,9.460327650545243e-16,8.757593777911882e-30,108024280304091.9
E3,top,-4,-2,s,6.7407407407407405,-0.0014502142235447613,-0.0007188513618697444,-0.0014325550982592923,-0.0007055104366218941,-0.001432581092130966,-0.0007055097242014489,432,2.6767535893518864e-13,7.620501203978527e-25,351256894750.49243
E3,top,-4,-2,p,6.7407407407407405,0.0003128353194716838,-0.0007359581335193631,4.839484152649532e-05,-0.0007926166853483308,4.823611625829786e-05,-0.0007925906702080351,432,1.2885336944701464e-12,4.8667128953602996e-26,26476468248179.902
E3,top,-4,-1,s,6.7407407407407405,-5.177994463812022e-07,-1.3974049710224363e-06,-5.177994465193853e-07,-1.3974049712774284e-06,-5.177994465193359e-07,-1.397404971277306e-06,432,0.06289073875691886,5.008398144626653e-06,12557.056555975345
E3,top,-4,-1,p,6.7407407407407405,4.017274841783063e-06,6.5242707192143905e-06,4.017274841803202e-06,6.524270720596638e-06,4.017274841803439e-06,6.524270720596182e-06,432,0.3545906980812832,1.807576410613005e-05,19616.91334315602
E3,top,-4,0,s,6.7407407407407405,1.5507143337345024e-05,1.0904326140887733e-05,1.5507143337753328e-05,1.0904326140496946e-05,1.5507143337754144e-05,1.090432614049195e-05,168,0.4752088098816479,6.371078913766884e-05,7458.843569725648
E3,top,-4,0,p,6.7407407407407405,-1.799703739599768e-15,7.303029372086021e-16,-2.5409912622431454e-15,6.983515827055219e-16,-2.5409913318369475e-15,6.98351655420992e-16,96,6.988034995942361e-05,8.799433520666774e-15,7941460071.867042
E3,top,-4,1,s,6.7407407407407405,-5.177994505507004e-07,-1.3974049666945835e-06,-5.177994504863548e-07,-1.397404966463545e-06,-5.177994504856752e-07,-1.3974049664642547e-06,432,0.06289073875691864,5.008398134090493e-06,12557.05658239156
E3,top,-4,1,p,6.7407407407407405,-4.017274840397398e-06,-6.524270713599875e-06,-4.017274840819791e-06,-6.5242707142373156e-06,-4.017274840823736e-06,-6.524270714241777e-06,432,0.354590698081282,1.8075764092152887e-05,19616.913358324815
E3,top,-4,2,s,6.7407407407407405,-0.0014043873627694577,-0.0007215980657434575,-0.0013924283084130482,-0.0007179944512419063,-0.0013924361054015975,-0.0007179875224014021,432,2.6767535893518944e-13,7.47621812032333e-25,358035780426.9267
E3,top,-4,2,p,6.7407407407407405,-0.0002114672558086195,0.0008397393105422552,-0.0004003537690743088,0.0006266886150443208,-0.00040064677190972494,0.0006273508107114674,432,1.2885336944701503e-12,4.5621852859203924e-26,28243782611082.543
E3,top,-3,-2,s,6.7407407407407405,0.00898861651584247,-0.004866462795940916,0.008952757809002388,-0.004856315721219069,0.008953298534401551,-0.004856606447888226,432,8.551349264738105e-14,7.737792909529114e-26,1105140621456.4226
E3,top,-3,-2,p,6.7407407407407405,0.003310035068641234,0.003755076406525085,0.003767991813072298,0.0029341725247761675,0.0037718392430543973,0.0029340854431992467,432,1.8439542541006175e-13,5.231108416696205e-27,35249780872735.15
E3,top,-3,-1,s,6.7407407407407405,-1.2660828864160422e-07,-4.786573830264041e-06,-1.2660828887114128e-07,-4.786573830308521e-06,-1.2660828887119946e-07,-4.786573830308322e-06,432,0.15393759818935818,1.6092191418799205e-05,9565.981051500876
E3,top,-3,-1,p,6.7407407407407405,-6.734425807685803e-07,-1.1305333594092499e-05,-6.734425811415619e-07,-1.1305333594461758e-05,-6.734425811399019e-07,-1.1305333594467e-05,432,0.35885373600950315,2.559125498648385e-05,14022.514183029849
E3,top,-3,0,s,6.7407407407407405,-6.004996398291747e-06,3.206732809066929e-06,-6.004996398800168e-06,3.2067328092887875e-06,-6.004996398800141e-06,3.2067328092936613e-06,168,0.5152176068007408,2.2878691207313852e-05,22519.540218980543
E3,top,-3,0,p,6.7407407407407405,9.917906761512764e-16,-9.642237652249526e-16,2.095236639316352e-15,-8.132708203630101e-16,2.09523691309409e-15,-8.132710668190346e-16,96,8.730322128389011e-05,7.281211827262905e-15,11990204838.843212
E3,top,-3,1,s,6.7407407407407405,-1.266082862545706e-07,-4.786573832231081e-06,-1.2660828643924256e-07,-4.786573832334794e-06,-1.2660828643850596e-07,-4.786573832335544e-06,432,0.15393759818935776,1.6092191425393668e-05,9565.981047580779
E3,top,-3,1,p,6.7407407407407405,6.734425823669007e-07,1.1305333594694045e-05,6.734425822373019e-07,1.1305333594443072e-05,6.734425822353739e-07,1.1305333594447177e-05,432,0.35885373600950177,2.5591254986586332e-05,14022.51418297364
E3,top,-3,2,s,6.7407407407407405,0.009155729265741762,-0.004732937204064975,0.009198734706854896,-0.00480157160818164,0.009198786379665848,-0.004801377276696606,432,8.551349264738121e-14,7.882718502642665e-26,1084822356890.1134
E3,top,-3,2,p,6.7407407407407405,-0.0031548263237069366,-0.0038180762251962567,-0.004295200811167498,-0.004164485600549485,-0.004290420224403702,-0.004164595718157623,432,1.843954254100621e-13,6.545378306293522e-27,28171851462391.707
E3,top,-2,-2,s,6.7407407407407405,0.9806864218722564,5.410852108214496,-4.259974446403929,7.071652318891168,-4.252578455586637,7.03631364723062,432,9.762693489026663e-18,1.3691037221363222e-31,71307186819952.19
E3,top,-2,-2,p,6.7407407407407405,-5.2770899367876885,1.6603264261006043,7.277580156141484,6.899458813150941,7.2878784055923544,6.750137823947008,432,1.0631091028338343e-17,3.5601360081830793e-32,298614744040746.25
E3,top,-2,-1,s,6.7407407407407405,-2.255466464901277e-06,-5.3805073185070425e-06,-2.2554664655927283e-06,-5.380507318461268e-06,-2.255466465594462e-06,-5.380507318464117e-06,432,0.32444312372085504,1.9607133989824245e-05,16547.197764305343
E3,top,-2,-1,p,6.7407407407407405,-1.8917227431416646e-06,-4.42677604027662e-06,-1.8917227428904353e-06,-4.426776039674321e-06,-1.891722742903738e-06,-4.426776039666728e-06,432,0.2685590979802468,8.039926954765687e-06,33403.17635859337
E3,top,-2,0,s,6.7407407407407405,-9.544328371794644e-06,4.016903564722664e-05,-9.544328371574422e-06,4.0169035647959615e-05,-9.544328371574507e-06,4.0169035647960564e-05,168,0.5556754162700067,0.00013875722654247257,4004.6592895824315
E3,top,-2,0,p,6.7407407407407405,-3.812454651912402e-15,1.32474739228664e-15,-3.322238885517549e-15,9.960293853203689e-16,-3.3222376266763682e-15,9.960287683423752e-16,96,9.396852777885963e-05,9.191431793060223e-15,10223491823.092066
E3,top,-2,1,s,6.7407407407407405,-2.255466464896459e-06,-5.380507320610202e-06,-2.255466464898285e-06,-5.3805073212583105e-06,-2.2554664648980647e-06,-5.380507321258915e-06,432,0.3244431237208543,1.9607133997581803e-05,16547.19775775841
E3,top,-2,1,p,6.7407407407407405,1.8917227404607594e-06,4.4267760340075104e-06,1.8917227405802543e-06,4.426776035128023e-06,1.891722740578772e-06,4.426776035125729e-06,432,0.26855909798024596,8.039926946266013e-06,33403.176393906535
E3,top,-2,2,s,6.7407407407407405,-2.502875226179218,3.529694290132268,-2.8962986141000164,-0.10015399893900326,-2.9247581067688238,-0.06340406151485611,432,9.76269348902668e-18,4.8716247448948774e-32,200399127606396.66
E3,top,-2,2,p,6.7407407407407405,-0.5707488305090147,-0.8561333806180073,6.53873303218896,-0.5483577723426921,6.513560990851494,-0.6201940464718166,432,1.063109102833835e-17,2.3449615791238932e-32,453358857687990.7
E3,top,-1,-2,s,6.7407407407407405,-211251.67073069714,-1224491.863361448,424037.60310290015,-1791980.3100326573,411117.45907765406,-1790393.09602616,432,2.144188924426652e-23,7.077755266145834e-38,302947593382140.5
E3,top,-1,-2,p,6.7407407407407405,1869686.1857603325,960389.721906271,-2653926.0033579883,-1254771.033332088,-2672923.3728254475,-1233289.8364769674,432,1.7126512709500076e-23,3.306242669553058e-38,518005313621315.7
E3,top,-1,-1,s,6.7407407407407405,4.025772315734812e-05,-3.1253680551148103e-05,4.0257723157690235e-05,-3.12536805510234e-05,4.0257723157682836e-05,-3.1253680551019165e-05,432,0.40645630550097883,0.00017128305345020676,2373.009456064716
E3,top,-1,-1,p,6.7407407407407405,1.2482313429612624e-05,-9.68812774121123e-06,1.2482313430164789e-05,-9.688127738471621e-06,1.248231343015398e-05,-9.688127738471879e-06,432,0.12608177782907526,9.3314031216639e-06,13511.55621348758
E3,top,-1,0,s,6.7407407407407405,6.533500906608627e-05,3.5978590487302216e-05,6.533500906597045e-05,3.597859048762143e-05,6.53350090659704e-05,3.597859048762165e-05,168,0.5614878461351851,0.00025066740385504553,2239.971522024774
E3,top,-1,0,p,6.7407407407407405,2.004252299627776e-15,-5.398948848232541e-15,2.5838117228615095e-15,-5.450752504863764e-15,2.5838137429589133e-15,-5.450754965238365e-15,96,8.08042798419921e-05,9.473864532499706e-15,8529178305.72691
E3,top,-1,1,s,6.7407407407407405,4.025772315617169e-05,-3.125368056316931e-05,4.025772315503653e-05,-3.1253680562921624e-05,4.0257723155031555e-05,-3.125368056292145e-05,432,0.4064563055009781,0.0001712830534676983,2373.0094558223786
E3,top,-1,1,p,6.7407407407407405,-1.2482313428784762e-05,9.688127735481583e-06,-1.2482313426505376e-05,9.688127734988396e-06,-1.248231342650717e-05,9.688127734996682e-06,432,0.12608177782907495,9.3314031187042e-06,13511.556217773092
E3,top,-1,2,s,6.7407407407407405,-605714.177362011,1148949.1063282914,283781.52138604806,1732509.9266585337,256663.89121695978,1739687.1396807816,432,2.144188924426654e-23,6.77541942283082e-38,316465858512238.94
E3,top,-1,2,p,6.7407407407407405,914070.808147267,-519506.3679761635,-2952081.3298930316,-4277880.293136539,-2968801.3977047135,-4341991.639019542,432,1.712651270950009e-23,5.907664207141664e-38,289903286798125.25
E3,top,0,-2,s,6.7407407407407405,-832809858902.4165,-3718922261629.193,-4823786844153.055,-2096606571321.6003,-4826525796293.397,-2035213983375.245,240,1.0196478568340944e-29,3.12582957023256e-44,326200720136585.44
E3,top,0,-2,p,6.7407407407407405,1685557228383.6006,6817660983735.554,-10669004060752.635,2495396058210.4473,-10634727498377.328,2446791972747.2026,240,6.515096011490102e-30,2.2788974105110973e-44,285888078218884.6
E3,top,0,-1,s,6.7407407407407405,-67461.17494868308,5480.478446129109,-67461.13523620593,5480.376985139406,-67461.13217338182,5480.375557481495,264,2.913333461330072e-15,9.83371698568559e-24,296259640.7412227
E3,top,0,-1,p,6.7407407407407405,-26676.804885091482,-3139.3954333260263,-26676.857074727588,-3139.449657193249,-26676.856714385533,-3139.4470072161275,264,6.7526481672182685e-16,7.183269175718251e-25,940052224.4167573
E3,top,0,0,s,6.7407407407407405,-0.10635768201537239,-0.12796304131753042,-0.10635768201537285,-0.12796304131753053,-0.10635768201537286,-0.1279630413175305,96,0.5592576703277589,0.5592069459682225,1.0000907076707506
E3,top,0,0,p,6.7407407407407405,4.962746995540355e-14,-1.3058451211757784e-13,4.030321952051343e-14,-1.2466021017057523e-13,4.0303205202329594e-14,-1.246601879412628e-13,96,2.1437581968022614e-06,1.3411115664474786e-16,15984935559.693546
E3,top,0,1,s,6.7407407407407405,-67461.19354968831,5480.437947387303,-67461.25858431222,5480.483507595506,-67461.26101984,5480.483202741626,264,2.913333461330072e-15,9.833736910694533e-24,296259040.46321595
E3,top,0,1,p,6.7407407407407405,26676.785971692127,3139.4474930180395,26676.664239284706,3139.4132862983124,26676.663586354916,3139.4127383308837,264,6.7526481672182685e-16,7.18321681147536e-25,940059077.2132552
E3,top,0,2,s,6.7407407407407405,3317749459308.5107,4443502799397.764,3904305981142.9717,-4554155007500.127,3723071383551.8696,-4567555142836.3545,240,1.0196478568340944e-29,3.516472257732637e-44,289963287664765.06
E3,top,0,2,p,6.7407407407407405,-7324609454060.415,4826716426959.848,-4416877148210.563,6666961463924.625,-4406881096997.86,6730540091668.873,240,6.515096011490102e-30,1.6800395582538213e-44,387794202790182.0
E3,top,1,-2,s,6.7407407407407405,0.0,0.0,0.0,0.0,0.0,0.0,0,0.0,0.0,0.0
E3,top,1,-2,p,6.7407407407407405,0.0,0.0,0.0,0.0,0.0,0.0,0,0.0,0.0,0.0
E3,top,1,-1,s,6.7407407407407405,-2153569489700790.5,2219318124791870.2,-2153569215066282.8,2219309536956978.8,-2153569205114148.0,2219309500304345.2,432,4.812346776181515e-26,1.111915742558776e-34,432797791.41422975
E3,top,1,-1,p,6.7407407407407405,3730837740094108.5,5899834413804830.0,3730837411230257.5,5899832508289010.0,3730837475166646.0,5899832517792337.0,432,1.161700503640946e-26,8.080656839810678e-35,143763128.00682718
E3,top,1,0,s,6.7407407407407405,379981480197812.1,-351348469777327.2,379981480236049.56,-351348469878101.75,379981480231346.9,-351348469878007.56,168,1.5283029045861373e-21,1.2885690020833645e-26,118604.66161417587
E3,top,1,0,p,6.7407407407407405,362.724846296081,5325.121462656977,48012.04760899052,-107178.41730497756,48012.56607645909,-107178.95221687843,96,1.688050004446365e-25,8.049687551169124e-37,209703792068.45056
E3,top,1,1,s,6.7407407407407405,-2153569381931842.5,2219317921575365.0,-2153565486359683.0,2219318059885416.8,-2153565551167980.0,2219317965790565.8,432,4.812346776181515e-26,1.1119170120614206e-34,432797297.278485
E3,top,1,1,p,6.7407407407407405,-3730838412143102.0,-5899834375553180.0,-3730838568179579.5,-5899834834502573.0,-3730838540222110.0,-5899834863356832.0,432,1.161700503640945e-26,8.080659793656454e-35,143763075.45491678
E3,top,1,2,s,6.7407407407407405,0.0,0.0,0.0,0.0,0.0,0.0,0,0.0,0.0,0.0
E3,top,1,2,p,6.7407407407407405,0.0,0.0,0.0,0.0,0.0,0.0,0,0.0,0.0,0.0
E3,top,2,-2,s,6.7407407407407405,0.0,0.0,0.0,0.0,0.0,0.0,0,0.0,0.0,0.0
E3,top,2,-2,p,6.7407407407407405,0.0,0.0,0.0,0.0,0.0,0.0,0,0.0,0.0,0.0
E3,top,2,-1,s,6.7407407407407405,0.0,0.0,0.0,0.0,0.0,0.0,0,0.0,0.0,0.0
E3,top,2,-1,p,6.7407407407407405,0.0,0.0,0.0,0.0,0.0,0.0,0,0.0,0.0,0.0
E3,top,2,0,s,6.7407407407407405,0.0,0.0,0.0,0.0,0.0,0.0,0,0.0,0.0,0.0
E3,top,2,0,p,6.7407407407407405,0.0,0.0,0.0,0.0,0.0,0.0,0,0.0,0.0,0.0
E3,top,2,1,s,6.7407407407407405,0.0,0.0,0.0,0.0,0.0,0.0,0,0.0,0.0,0.0
E3,top,2,1,p,6.7407407407407405,0.0,0.0,0.0,0.0,0.0,0.0,0,0.0,0.0,0.0
E3,top,2,2,s,6.7407407407407405,0.0,0.0,0.0,0.0,0.0,0.0,0,0.0,0.0,0.0
E3,top,2,2,p,6.7407407407407405,0.0,0.0,0.0,0.0,0.0,0.0,0,0.0,0.0,0.0
E3,top,3,-2,s,6.7407407407407405,0.0,0.0,0.0,0.0,0.0,0.0,0,0.0,0.0,0.0
E3,top,3,-2,p,6.7407407407407405,0.0,0.0,0.0,0.0,0.0,0.0,0,0.0,0.0,0.0
E3,top,3,-1,s,6.7407407407407405,0.0,0.0,0.0,0.0,0.0,0.0,0,0.0,0.0,0.0
E3,top,3,-1,p,6.7407407407407405,0.0,0.0,0.0,0.0,0.0,0.0,0,0.0,0.0,0.0
E3,top,3,0,s,6.7407407407407405,0.0,0.0,0.0,0.0,0.0,0.0,0,0.0,0.0,0.0
E3,top,3,0,p,6.7407407407407405,0.0,0.0,0.0,0.0,0.0,0.0,0,0.0,0.0,0.0
E3,top,3,1,s,6.7407407407407405,0.0,0.0,0.0,0.0,0.0,0.0,0,0.0,0.0,0.0
E3,top,3,1,p,6.7407407407407405,0.0,0.0,0.0,0.0,0.0,0.0,0,0.0,0.0,0.0
E3,top,3,2,s,6.7407407407407405,0.0,0.0,0.0,0.0,0.0,0.0,0,0.0,0.0,0.0
E3,top,3,2,p,6.7407407407407405,0.0,0.0,0.0,0.0,0.0,0.0,0,0.0,0.0,0.0
E3,top,4,-2,s,6.7407407407407405,0.0,0.0,0.0,0.0,0.0,0.0,0,0.0,0.0,0.0
E3,top,4,-2,p,6.7407407407407405,0.0,0.0,0.0,0.0,0.0,0.0,0,0.0,0.0,0.0
E3,top,4,-1,s,6.7407407407407405,0.0,0.0,0.0,0.0,0.0,0.0,0,0.0,0.0,0.0
E3,top,4,-1,p,6.7407407407407405,0.0,0.0,0.0,0.0,0.0,0.0,0,0.0,0.0,0.0
E3,top,4,0,s,6.7407407407407405,0.0,0.0,0.0,0.0,0.0,0.0,0,0.0,0.0,0.0
E3,top,4,0,p,6.7407407407407405,0.0,0.0,0.0,0.0,0.0,0.0,0,0.0,0.0,0.0
E3,top,4,1,s,6.7407407407407405,0.0,0.0,0.0,0.0,0.0,0.0,0,0.0,0.0,0.0
E3,top,4,1,p,6.7407407407407405,0.0,0.0,0.0,0.0,0.0,0.0,0,0.0,0.0,0.0
E3,top,4,2,s,6.7407407407407405,0.0,0.0,0.0,0.0,0.0,0.0,0,0.0,0.0,0.0
E3,top,4,2,p,6.7407407407407405,0.0,0.0,0.0,0.0,0.0,0.0,0,0.0,0.0,0.0
E3,top,5,-2,s,6.7407407407407405,0.0,0.0,0.0,0.0,0.0,0.0,0,0.0,0.0,0.0
E3,top,5,-2,p,6.7407407407407405,0.0,0.0,0.0,0.0,0.0,0.0,0,0.0,0.0,0.0
E3,top,5,-1,s,6.7407407407407405,0.0,0.0,0.0,0.0,0.0,0.0,0,0.0,0.0,0.0
E3,top,5,-1,p,6.7407407407407405,0.0,0.0,0.0,0.0,0.0,0.0,0,0.0,0.0,0.0
E3,top,5,0,s,6.7407407407407405,0.0,0.0,0.0,0.0,0.0,0.0,0,0.0,0.0,0.0
E3,top,5,0,p,6.7407407407407405,0.0,0.0,0.0,0.0,0.0,0.0,0,0.0,0.0,0.0
E3,top,5,1,s,6.7407407407407405,0.0,0.0,0.0,0.0,0.0,0.0,0,0.0,0.0,0.0
E3,top,5,1,p,6.7407407407407405,0.0,0.0,0.0,0.0,0.0,0.0,0,0.0,0.0,0.0
E3,top,5,2,s,6.7407407407407405,0.0,0.0,0.0,0.0,0.0,0.0,0,0.0,0.0,0.0
E3,top,5,2,p,6.7407407407407405,0.0,0.0,0.0,0.0,0.0,0.0,0,0.0,0.0,0.0
E3,top,6,-2,s,6.7407407407407405,0.0,0.0,0.0,0.0,0.0,0.0,0,0.0,0.0,0.0
E3,top,6,-2,p,6.7407407407407405,0.0,0.0,0.0,0.0,0.0,0.0,0,0.0,0.0,0.0
E3,top,6,-1,s,6.7407407407407405,0.0,0.0,0.0,0.0,0.0,0.0,0,0.0,0.0,0.0
E3,top,6,-1,p,6.7407407407407405,0.0,0.0,0.0,0.0,0.0,0.0,0,0.0,0.0,0.0
E3,top,6,0,s,6.7407407407407405,0.0,0.0,0.0,0.0,0.0,0.0,0,0.0,0.0,0.0
E3,top,6,0,p,6.7407407407407405,0.0,0.0,0.0,0.0,0.0,0.0,0,0.0,0.0,0.0
E3,top,6,1,s,6.7407407407407405,0.0,0.0,0.0,0.0,0.0,0.0,0,0.0,0.0,0.0
E3,top,6,1,p,6.7407407407407405,0.0,0.0,0.0,0.0,0.0,0.0,0,0.0,0.0,0.0
E3,top,6,2,s,6.7407407407407405,0.0,0.0,0.0,0.0,0.0,0.0,0,0.0,0.0,0.0
E3,top,6,2,p,6.7407407407407405,0.0,0.0,0.0,0.0,0.0,0.0,0,0.0,0.0,0.0
E3,top,7,-2,s,6.7407407407407405,0.0,0.0,0.0,0.0,0.0,0.0,0,0.0,0.0,0.0
E3,top,7,-2,p,6.7407407407407405,0.0,0.0,0.0,0.0,0.0,0.0,0,0.0,0.0,0.0
E3,top,7,-1,s,6.7407407407407405,0.0,0.0,0.0,0.0,0.0,0.0,0,0.0,0.0,0.0
E3,top,7,-1,p,6.7407407407407405,0.0,0.0,0.0,0.0,0.0,0.0,0,0.0,0.0,0.0
E3,top,7,0,s,6.7407407407407405,0.0,0.0,0.0,0.0,0.0,0.0,0,0.0,0.0,0.0
E3,top,7,0,p,6.7407407407407405,0.0,0.0,0.0,0.0,0.0,0.0,0,0.0,0.0,0.0
E3,top,7,1,s,6.7407407407407405,0.0,0.0,0.0,0.0,0.0,0.0,0,0.0,0.0,0.0
E3,top,7,1,p,6.7407407407407405,0.0,0.0,0.0,0.0,0.0,0.0,0,0.0,0.0,0.0
E3,top,7,2,s,6.7407407407407405,0.0,0.0,0.0,0.0,0.0,0.0,0,0.0,0.0,0.0
E3,top,7,2,p,6.7407407407407405,0.0,0.0,0.0,0.0,0.0,0.0,0,0.0,0.0,0.0
E3,top,8,-2,s,6.7407407407407405,0.0,0.0,0.0,0.0,0.0,0.0,0,0.0,0.0,0.0
E3,top,8,-2,p,6.7407407407407405,0.0,0.0,0.0,0.0,0.0,0.0,0,0.0,0.0,0.0
E3,top,8,-1,s,6.7407407407407405,0.0,0.0,0.0,0.0,0.0,0.0,0,0.0,0.0,0.0
E3,top,8,-1,p,6.7407407407407405,0.0,0.0,0.0,0.0,0.0,0.0,0,0.0,0.0,0.0
E3,top,8,0,s,6.7407407407407405,0.0,0.0,0.0,0.0,0.0,0.0,0,0.0,0.0,0.0
E3,top,8,0,p,6.7407407407407405,0.0,0.0,0.0,0.0,0.0,0.0,0,0.0,0.0,0.0
E3,top,8,1,s,6.7407407407407405,0.0,0.0,0.0,0.0,0.0,0.0,0,0.0,0.0,0.0
E3,top,8,1,p,6.7407407407407405,0.0,0.0,0.0,0.0,0.0,0.0,0,0.0,0.0,0.0
E3,top,8,2,s,6.7407407407407405,0.0,0.0,0.0,0.0,0.0,0.0,0,0.0,0.0,0.0
E3,top,8,2,p,6.7407407407407405,0.0,0.0,0.0,0.0,0.0,0.0,0,0.0,0.0,0.0
E3,bottom,-8,-2,s,-0.5185185185185185,1.3603642160758812e-15,1.138015990868208e-13,-1.0864827138974649e-14,8.540162949753865e-14,-1.0912989107044816e-14,8.566754029025472e-14,432,0.0006318497823737509,3.096545489423854e-18,204049895127267.6
E3,bottom,-8,-2,p,-0.5185185185185185,-6.918566094865493e-13,8.247178822637656e-13,-7.930458501021309e-13,8.165001128451832e-13,-7.934201494134482e-13,8.165166036227603e-13,432,0.00036058956691802687,1.5341378068004413e-17,23504379158092.93
E3,bottom,-8,-1,s,-0.5185185185185185,-2.3457068330960733e-07,-1.2394580991694145e-06,-2.3457067846331724e-07,-1.2394581007329596e-06,-2.3457067870410404e-07,-1.2394581006458688e-06,432,0.008235713149517675,2.5051912512543103e-09,3287458.8498559464
E3,bottom,-8,-1,p,-0.5185185185185185,3.3505334977504044e-07,-1.155934897956556e-06,3.350533451583602e-07,-1.1559349009782208e-06,3.3505334511641153e-07,-1.1559349008547708e-06,432,0.0020299444453694875,6.699557852999614e-10,3029967.782815121
E3,bottom,-8,0,s,-0.5185185185185185,3.8220328333712876e-06,8.577092291584051e-06,3.8220328325775686e-06,8.577092294417993e-06,3.822032832581649e-06,8.57709229438885e-06,168,0.026841461004939064,1.3199407865713684e-07,203353.52371875328
E3,bottom,-8,0,p,-0.5185185185185185,2.0631811256621685e-16,1.637344497645158e-14,-4.0016931346280032e-16,1.7653159993875478e-14,-4.0016689350349164e-16,1.7653154138215432e-14,96,1.249495881165785e-06,5.0779373190375995e-17,24606366771.82531
E3,bottom,-8,1,s,-0.5185185185185185,-2.3457069351107182e-07,-1.2394581002109732e-06,-2.345706998468797e-07,-1.2394580965681454e-06,-2.3457069984667916e-07,-1.2394580965687703e-06,432,0.00823571314951768,2.50519125110638e-09,3287458.8500500717
E3,bottom,-8,1,p,-0.5185185185185185,-3.350531791742321e-07,1.155934794267361e-06,-3.3505320195588715e-07,1.1559347887463686e-06,-3.350532020021855e-07,1.155934788759055e-06,432,0.0020299444453694897,6.699557031880187e-10,3029968.154177798
E3,bottom,-8,2,s,-0.5185185185185185,-3.0151401307147035e-14,-4.8452216229274745e-14,9.938741164898601e-15,-9.015029419720934e-14,1.0028615345417268e-14,-9.017919675957914e-14,432,0.0006318497823737521,3.2534268902453114e-18,194210536670799.47
E3,bottom,-8,2,p,-0.5185185185185185,1.7084291347924338e-13,-4.3620545963952924e-13,1.311254347500436e-13,-3.927264468532187e-13,1.2961524523456634e-13,-3.934599846074884e-13,432,0.0003605895669180277,5.582108408673258e-18,64597378001071.77
E3,bottom,-7,-2,s,-0.5185185185185185,2.548867633397371e-14,3.7171698837950954e-14,4.164364050550691e-14,1.2316208024962966e-14,4.171024706746779e-14,1.2455642290333341e-14,432,0.002199308710357961,1.6083207138481465e-17,136745655976523.97
E3,bottom,-7,-2,p,-0.5185185185185185,-1.1390260523163471e-14,-2.2319166752792555e-13,-1.0280620536556897e-13,-1.722033655661482e-13,-1.0255248629210874e-13,-1.7227276448663117e-13,432,0.0015297038263030627,2.4346363682662102e-17,62830895251614.86
E3,bottom,-7,-1,s,-0.5185185185185185,-7.510145137710581e-10,6.715516255063946e-08,-7.51014532263891e-10,6.715516355228974e-08,-7.510145314864444e-10,6.715516355639616e-08,432,0.10330291789907975,1.515269693438252e-08,6817460.835283933
E3,bottom,-7,-1,p,-0.5185185185185185,-7.306264072756443e-09,2.265781448786331e-07,-7.3062637971294855e-09,2.265781434001127e-07,-7.306263804594588e-09,2.265781434012385e-07,432,0.01682634608982929,3.686687949669357e-09,4564081.994338135
E3,bottom,-7,0,s,-0.5185185185185185,-7.898768991756068e-08,1.6532939617446581e-06,-7.8987689791049e-08,1.6532939617836864e-06,-7.898768979516081e-08,1.6532939617827685e-06,168,0.5178823474357721,5.5621838905651265e-06,93107.73567091729
E3,bottom,-7,0,p,-0.5185185185185185,-8.36776632269437e-15,-4.1951130526119665e-15,-8.40259618379183e-15,-4.160609312331167e-15,-8.402596394523482e-15,-4.160609123827935e-15,96,1.828840895893641e-05,6.53637273147523e-15,2797944626.2099557
E3,bottom,-7,1,s,-0.5185185185185185,-7.510156515529445e-10,6.715516042050598e-08,-7.510154551006357e-10,6.715515215533906e-08,-7.510154510963282e-10,6.715515215490568e-08,432,0.10330291789907989,1.5152694364425095e-08,6817461.991552503
E3,bottom,-7,1,p,-0.5185185185185185,7.306268523271191e-09,-2.265781480951348e-07,7.306289348677947e-09,-2.2657814679235933e-07,7.306289326704907e-09,-2.265781467877897e-07,432,0.016826346089829303,3.6866880180923086e-09,4564081.909631225
E3,bottom,-7,2,s,-0.5185185185185185,2.4425947804102156e-14,8.604950239605668e-16,3.624558036129579e-14,1.2083066145491658e-14,3.6063690947376595e-14,1.2137976587590051e-14,432,0.0021993087103579652,1.4058961398466762e-17,156434650328993.5
E3,bottom,-7,2,p,-0.5185185185185185,-1.1791596287193485e-13,2.139070495573728e-13,-1.5334786480321931e-13,8.260445082736122e-14,-1.532420303117848e-13,8.286149062111834e-14,432,0.0015297038263030662,2.115542592562825e-17,72307871828283.17
E3,bottom,-6,-2,s,-0.5185185185185185,-7.12119950242804e-15,7.933510553337973e-15,-4.010473362088158e-14,5.5760082233492685e-14,-4.0023826489688185e-14,5.5749758939152755e-14,432,0.005649697608726867,2.2990964305317667e-16,24573556522899.42
E3,bottom,-6,-2,p,-0.5185185185185185,1.5356478619979066e-13,1.356214668707503e-13,-1.0441609425925474e-13,-1.8231573672611383e-13,-1.04402846373387e-13,-1.8224069196970528e-13,432,0.005037633090776646,1.84490565373674e-16,27305640700776.42
E3,bottom,-6,-1,s,-0.5185185185185185,-1.588230323590823e-08,-2.6512743831485636e-08,-1.588229515140762e-08,-2.6512751575733893e-08,-1.5882295154313317e-08,-2.6512751574794646e-08,432,0.3831904848131695,1.038601436436148e-07,3689485.411536185
E3,bottom,-6,-1,p,-0.5185185185185185,-3.0179250216417496e-08,-3.375184947311317e-08,-3.017924704334012e-08,-3.375185385327565e-08,-3.017924704253772e-08,-3.375185385259995e-08,432,0.18982789008436174,4.9245376795101836e-08,3854735.255132475
E3,bottom,-6,0,s,-0.5185185185185185,4.149521278139788e-05,1.3030491048073977e-05,4.149521278169202e-05,1.3030491047648499e-05,4.1495212781695226e-05,1.303049104763996e-05,168,0.5643151495687037,0.00014616259698555003,3860.8724886332798
E3,bottom,-6,0,p,-0.5185185185185185,-7.934256835643478e-14,7.24849584975607e-14,-7.933751324895418e-14,7.248221656116179e-14,-7.933751358301321e-14,7.248221631070596e-14,96,2.3517384047943273e-05,2.222157179032739e-13,105831325.83888564
E3,bottom,-6,1,s,-0.5185185185185185,-1.588230150576584e-08,-2.6512737026765036e-08,-1.5882300870419966e-08,-2.65127483096083e-08,-1.5882300872112077e-08,-2.6512748307752934e-08,432,0.38319048481316986,1.0386014409959489e-07,3689485.3953381386
E3,bottom,-6,1,p,-0.5185185185185185,3.01792488599684e-08,3.3751851942296644e-08,3.017925230824377e-08,3.3751855251306477e-08,3.017925230900279e-08,3.375185525166522e-08,432,0.18982789008436193,4.924538174754259e-08,3854734.867474849
E3,bottom,-6,2,s,-0.5185185185185185,2.9660837823956517e-14,-1.480149566129066e-14,1.719243434509358e-14,-1.3114849140832583e-14,1.720607046561841e-14,-1.3100998927765528e-14,432,0.005649697608726877,7.244795475465454e-17,77982844758828.78
E3,bottom,-6,2,p,-0.5185185185185185,3.433448038481262e-14,-2.1994518628727276e-15,-6.1127742931309765e-15,2.9053585052984447e-14,-6.103541481114649e-15,2.899172112127746e-14,432,0.005037633090776656,2.602488231770674e-17,193569870144971.38
E3,bottom,-5,-2,s,-0.5185185185185185,-3.6013282514348466e-14,-4.089318869001467e-14,-3.33073507914383e-14,-4.091580164140412e-14,-3.331391389373205e-14,-4.092384630603609e-14,432,0.009049845311592593,1.1876318266508372e-15,7620076448366.553
E3,bottom,-5,-2,p,-0.5185185185185185,-4.47265102970967e-15,4.896027281336696e-15,-1.6074566410152223e-14,5.953506650800382e-15,-1.606833484959685e-14,6.001582786554673e-15,432,0.011945128965373078,7.074732886366382e-17,168842119656451.88
E3,bottom,-5,-1,s,-0.5185185185185185,-3.839876600933489e-07,6.157158326533838e-07,-3.8398765973501863e-07,6.157158326612421e-07,-3.8398765973558635e-07,6.15715832660684e-07,432,0.275799287175744,2.4385774912087195e-06,113098.4306096583
E3,bottom,-5,-1,p,-0.5185185185185185,-1.0463062909443803e-06,7.177082688385599e-07,-1.0463062902521969e-06,7.177082688232234e-07,-1.0463062902510002e-06,7.177082688279602e-07,432,0.3254840326408917,2.497376083290244e-06,130330.4035057759
E3,bottom,-5,0,s,-0.5185185185185185,-1.3102815917737266e-05,2.3960535186977235e-05,-1.3102815917289048e-05,2.3960535187558093e-05,-1.310281591728775e-05,2.3960535187549118e-05,168,0.5629613182504055,9.177586236577447e-05,6134.089113831612
E3,bottom,-5,0,p,-0.5185185185185185,5.56250854381479e-16,-1.676283953421853e-15,5.241056020283688e-16,-1.6776949106114831e-15,5.24105692732255e-16,-1.6776949097145426e-15,96,4.1365523619639585e-05,5.182432397088609e-15,7981874233.975139
E3,bottom,-5,1,s,-0.5185185185185185,-3.839876625050797e-07,6.157158360121079e-07,-3.8398766227758495e-07,6.157158359775426e-07,-3.8398766227776823e-07,6.157158359735183e-07,432,0.27579928717574426,2.438577505176142e-06,113098.42996186536
E3,bottom,-5,1,p,-0.5185185185185185,1.0463062914083022e-06,-7.177082669205345e-07,1.0463062913638425e-06,-7.177082667855113e-07,1.0463062913620548e-06,-7.177082667816602e-07,432,0.3254840326408921,2.4973760828153245e-06,130330.40353056065
E3,bottom,-5,2,s,-0.5185185185185185,-3.403202762801329e-15,7.158324924362044e-15,-4.9524352001648464e-15,6.9491599575969825e-15,-4.951794661575571e-15,6.955292327842762e-15,432,0.009049845311592607,1.921564894700192e-16,47096225251370.39
E3,bottom,-5,2,p,-0.5185185185185185,7.136034697897899e-16,-9.852341608520441e-15,-2.749964659797056e-16,-1.3164712203743771e-14,-3.591295546190926e-16,-1.317743541995663e-14,432,0.011945128965373093,5.4371732700019755e-17,219693733714113.4
E3,bottom,-4,-2,s,-0.5185185185185185,-1.0758450141669804e-13,-7.732737470039408e-14,-1.0884506540698532e-13,-7.67019107970193e-14,-1.0884384269080802e-13,-7.670182466066303e-14,432,0.00373436672363994,9.312882649381833e-15,400989346074.04486
E3,bottom,-4,-2,p,-0.5185185185185185,-4.062384187678735e-14,5.0101964924862825e-14,-4.0254678515762084e-14,4.801075227346415e-14,-4.011261239715809e-14,4.807640351495722e-14,432,0.018000921771547558,5.630758557771683e-16,31968910737084.14
E3,bottom,-4,-1,s,-0.5185185185185185,9.141953147642923e-07,1.1354877880353625e-06,9.14195314440216e-07,1.1354877877598873e-06,9.141953144402665e-07,1.1354877877591453e-06,432,0.07251015941446803,4.898982708744752e-06,14801.064573066647
E3,bottom,-4,-1,p,-0.5185185185185185,5.665842873558483e-06,4.777704938831135e-06,5.6658428733258375e-06,4.777704939035977e-06,5.665842873324963e-06,4.777704939033998e-06,432,0.40892426927527403,1.7482164516468512e-05,23390.94045763384
E3,bottom,-4,0,s,-0.5185185185185185,2.0437976399426773e-05,-4.95054106497028e-06,2.043797639934066e-05,-4.950541064844056e-06,2.0437976399342693e-05,-4.950541064843893e-06,168,0.5480593536744006,7.067073212763476e-05,7755.110739260192
E3,bottom,-4,0,p,-0.5185185185185185,-2.0103830171878962e-15,-9.09526199183723e-16,-2.060819935918117e-15,-9.668879113928047e-16,-2.0608199056267668e-15,-9.668877486036508e-16,96,6.043619203734519e-05,7.600877634922467e-15,7951212338.910606
E3,bottom,-4,1,s,-0.5185185185185185,9.14195312189688e-07,1.13548779424587e-06,9.141953123491583e-07,1.1354877949807116e-06,9.141953123493161e-07,1.1354877949801354e-06,432,0.07251015941446806,4.898982723240106e-06,14801.064529272528
E3,bottom,-4,1,p,-0.5185185185185185,-5.6658428771447745e-06,-4.7777049390493e-06,-5.665842877802351e-06,-4.7777049381910296e-06,-5.66584287780602e-06,-4.777704938198085e-06,432,0.4089242692752744,1.7482164523278027e-05,23390.940448522808
E3,bottom,-4,2,s,-0.5185185185185185,-1.2563977092633781e-13,-2.288444021755172e-14,-1.2416596308014783e-13,-2.197998093418401e-14,-1.2416550745062034e-13,-2.1980370462206312e-14,432,0.003734366723639946,8.819202816000089e-15,423435859402.7268
E3,bottom,-4,2,p,-0.5185185185185185,4.1782154862105993e-14,-5.277341661764751e-14,4.7026087528098156e-14,-6.45397906756033e-14,4.704783949655179e-14,-6.457221153561702e-14,432,0.01800092177154758,7.184864792657689e-16,25053946443004.695
E3,bottom,-3,-2,s,-0.5185185185185185,8.986577334308284e-14,-1.3265059284791222e-14,8.596365920634001e-14,-1.2281007902595069e-14,8.596545435908586e-14,-1.2287274847356316e-14,432,0.008067657287951219,4.4178819866896016e-15,1826136893710.1147
E3,bottom,-3,-2,p,-0.5185185185185185,-1.5352969079098756e-14,-5.0939985609336836e-14,-2.866290170986676e-14,-4.6782555179786314e-14,-2.868072312898581e-14,-4.6781803947206393e-14,432,0.017411331065694244,4.026655419811087e-16,43240181367471.234
E3,bottom,-3,-1,s,-0.5185185185185185,4.503556667259595e-06,1.060942335085232e-06,4.50355666756015e-06,1.0609423353202047e-06,4.5035566675595966e-06,1.0609423353203252e-06,432,0.17750956448437835,1.5548963550547074e-05,11416.166994496098
E3,bottom,-3,-1,p,-0.5185185185185185,-1.0710897166338183e-05,-2.15758256831571e-06,-1.0710897166100963e-05,-2.157582568555862e-06,-1.0710897166094465e-05,-2.1575825685622492e-06,432,0.4138321560384646,2.468494303177205e-05,16764.55787261977
E3,bottom,-3,0,s,-0.5185185185185185,6.169450978445592e-06,7.526484172771218e-06,6.169450977911922e-06,7.526484172738037e-06,6.169450977913614e-06,7.526484172747656e-06,168,0.5942003607783843,3.2705355696543284e-05,18168.289202896118
E3,bottom,-3,0,p,-0.5185185185185185,5.559034027876503e-16,2.614277815393859e-15,5.611702458238933e-16,2.7777893218795536e-15,5.611700603975402e-16,2.7777891324565037e-15,96,7.54931838374311e-05,9.180377486414362e-15,8223320222.850329
E3,bottom,-3,1,s,-0.5185185185185185,4.503556668789354e-06,1.060942338845381e-06,4.503556668664285e-06,1.0609423383327215e-06,4.503556668663929e-06,1.0609423383323587e-06,432,0.17750956448437846,1.554896355648047e-05,11416.166990139762
E3,bottom,-3,1,p,-0.5185185185185185,1.0710897164926886e-05,2.157582572462608e-06,1.0710897164837702e-05,2.1575825716937753e-06,1.0710897164835384e-05,2.1575825716877538e-06,432,0.4138321560384648,2.468494303037788e-05,16764.557873566613
E3,bottom,-3,2,s,-0.5185185185185185,7.992737123052662e-14,-4.119220485664642e-14,8.247371071953372e-14,-4.2122486879034114e-14,8.247295557110318e-14,-4.212323083332695e-14,432,0.008067657287951226,4.711344919419065e-15,1712389439944.892
E3,bottom,-3,2,p,-0.5185185185185185,1.764747312720974e-14,4.14092023922041e-14,2.6895356290890806e-14,3.819815619517916e-14,2.6855793013723843e-14,3.8176611123991553e-14,432,0.017411331065694258,3.425135876706217e-16,50833986424030.19
E3,bottom,-2,-2,s,-0.5185185185185185,4.605557393036337e-14,9.279602869770593e-16,6.169467213964074e-14,1.2907994255546091e-14,6.170362869317029e-14,1.2864649796625763e-14,432,0.009141974857332572,6.922089984717776e-16,13206957548248.781
E3,bottom,-2,-2,p,-0.5185185185185185,1.1971339187821396e-15,2.1695042910698542e-14,-1.2268083549386e-14,4.089215575186707e-14,-1.2159227285837726e-14,4.0593142425211486e-14,432,0.009958905802354099,1.0020291995020949e-16,99387381199097.27
E3,bottom,-2,-1,s,-0.5185185185185185,2.980466850701131e-06,2.829470835193633e-07,2.9804668504261507e-06,2.8294708338905725e-07,2.980466850426061e-06,2.829470833969335e-07,432,0.37415225085690873,1.0061119618521611e-05,37187.93385262295
E3,bottom,-2,-1,p,-0.5185185185185185,-2.4500664015858707e-06,-2.2582175249590631e-07,-2.450066400918107e-06,-2.2582175185839938e-07,-2.4500664009092667e-06,-2.2582175185474052e-07,432,0.3096754549813688,4.108010868364194e-06,75383.30956380386
E3,bottom,-2,0,s,-0.5185185185185185,4.164169207350583e-05,3.9398385190894566e-05,4.164169207233119e-05,3.93983851911781e-05,4.1641692072330836e-05,3.9398385191177794e-05,168,0.6408598790982162,0.00019265045938000904,3326.5421798662833
E3,bottom,-2,0,p,-0.5185185185185185,1.8308800889994556e-15,-2.165085345295683e-15,1.652857216758292e-15,-2.1022896382070428e-15,1.6528580430314463e-15,-2.102290953494534e-15,96,8.124712567510124e-05,7.086250600893773e-15,11465460403.680012
E3,bottom,-2,1,s,-0.5185185185185185,2.9804668483011606e-06,2.8294707590637084e-07,2.9804668482801e-06,2.829470758701901e-07,2.9804668482799966e-06,2.8294707586800274e-07,432,0.37415225085690873,1.0061119608950657e-05,37187.933887999134
E3,bottom,-2,1,p,-0.5185185185185185,2.4500663988415746e-06,2.2582175636386607e-07,2.4500663990358408e-06,2.2582175628188784e-07,2.450066399030961e-06,2.2582175627713836e-07,432,0.3096754549813689,4.108010865919061e-06,75383.30960867288
E3,bottom,-2,2,s,-0.5185185185185185,1.9985919057180335e-14,2.9555372620402254e-15,1.04904381270138e-14,1.0043368015078863e-14,1.0413624406843323e-14,1.0056580780167416e-14,432,0.009141974857332577,1.5898645175727483e-16,57501596873736.52
E3,bottom,-2,2,p,-0.5185185185185185,7.942753651710705e-15,-4.875829293293705e-15,2.428271745493382e-14,-2.3370281902564526e-14,2.4349444166573822e-14,-2.345739473067724e-14,432,0.0099589058023541,7.995031003112057e-17,124563692104228.33
E3,bottom,-1,-2,s,-0.5185185185185185,-1.543254783529748e-14,1.554663485839051e-14,-3.577748498033365e-14,4.60713639672259e-14,-3.573969184843357e-14,4.614078146149977e-14,432,0.004711688246717132,8.165349071519172e-17,57703451566468.27
E3,bottom,-1,-2,p,-0.5185185185185185,-8.24326391982399e-14,-4.898353959352046e-14,-7.892890110277689e-14,-1.3451700684087687e-13,-7.864561826147258e-14,-1.3462924851220227e-13,432,0.0037640936091974065,6.360285809955697e-17,59181202255180.19
E3,bottom,-1,-1,s,-0.5185185185185185,-3.0087377429812832e-05,-3.2251584198849845e-05,-3.0087377429606295e-05,-3.225158419919147e-05,-3.0087377429621365e-05,-3.2251584199185406e-05,432,0.46873145473518285,0.00014821868765658674,3162.4315539832855
E3,bottom,-1,-1,p,-0.5185185185185185,9.329453426269311e-06,9.994406396619612e-06,9.32945342700239e-06,9.994406397918262e-06,9.329453427035929e-06,9.994406397906573e-06,432,0.14531571440276617,8.064760688639018e-06,18018.60216478279
E3,bottom,-1,0,s,-0.5185185185185185,-2.3508660669145676e-05,-5.98206500492728e-07,-2.3508660669326754e-05,-5.982065004680513e-07,-2.3508660669298047e-05,-5.982065004753606e-07,168,0.6475591131057352,7.902808009900603e-05,8194.038274680039
E3,bottom,-1,0,p,-0.5185185185185185,-3.447112803597032e-15,5.063732960174693e-15,-3.592360099197641e-15,4.850467187176021e-15,-3.592361446185158e-15,4.850469575917048e-15,96,6.985284608629942e-05,9.47671900099555e-15,7370994758.730445
E3,bottom,-1,1,s,-0.5185185185185185,-3.0087377424519726e-05,-3.22515841914054e-05,-3.0087377424613805e-05,-3.2251584191578535e-05,-3.0087377424613184e-05,-3.2251584191569096e-05,432,0.46873145473518274,0.00014821868762639155,3162.4315546275375
E3,bottom,-1,1,p,-0.5185185185185185,-9.329453426902251e-06,-9.994406398743533e-06,-9.329453427094945e-06,-9.994406398916194e-06,-9.32945342709404e-06,-9.994406398914752e-06,432,0.14531571440276617,8.064760689097134e-06,18018.602163759253
E3,bottom,-1,2,s,-0.5185185185185185,-2.472312859549333e-14,-6.125560855035053e-14,-3.465410215270297e-14,-5.037938824625634e-14,-3.4652150994517474e-14,-5.014875180759422e-14,432,0.004711688246717133,8.528094099016686e-17,55249018033940.37
E3,bottom,-1,2,p,-0.5185185185185185,-5.375282213870781e-14,1.7290620877552196e-14,-2.971946351314574e-14,1.973986611724798e-14,-2.931999547681141e-14,1.9206537012969346e-14,432,0.003764093609197408,1.4298143018727618e-17,263257515627534.4
E3,bottom,0,-2,s,-0.5185185185185185,1.6625754481513344e-13,-1.440316075806448e-13,1.0918495423013819e-13,-9.70383046498053e-14,1.0727525166687792e-13,-9.701523656646998e-14,264,0.001831256677465931,2.0934117405591497e-17,87477138012840.38
E3,bottom,0,-2,p,-0.5185185185185185,-1.719763635316176e-13,1.1273560584841036e-13,8.194166807552406e-14,6.766988725521818e-14,8.189269872510942e-14,6.638676769328393e-14,264,0.0011701798611153528,5.3402551673621924e-18,219124334782182.44
E3,bottom,0,-1,s,-0.5185185185185185,-4.9676173009854275e-09,3.726869300610488e-11,-4.967645066529835e-09,3.7284617124830675e-11,-4.9676449595673856e-09,3.72846595606601e-11,264,0.041406385368220375,1.0961745166063851e-10,377735339.95671785
E3,bottom,0,-1,p,-0.5185185185185185,1.868186076158584e-09,4.6068176991476863e-10,1.868202694601781e-09,4.6067127273366426e-10,1.8682027253510454e-09,4.606715823580854e-10,264,0.00959965092588873,7.81992894973304e-12,1227587998.253673
E3,bottom,0,0,s,-0.5185185185185185,2.915582505017779e-05,-0.19235525139936732,2.9155825049695865e-05,-0.1923552513993678,2.9155825049695953e-05,-0.19235525139936777,96,0.6435119606392095,0.643468244116119,1.0000679388975138
E3,bottom,0,0,p,-0.5185185185185185,1.0542671629911254e-13,-3.7314231188696e-14,1.0552505549658498e-13,-2.1032577530804314e-14,1.0552494613458778e-13,-2.1032555190167294e-14,96,9.203724849226543e-07,2.7159677105455745e-17,33887460493.327183
E3,bottom,0,1,s,-0.5185185185185185,-4.967627471942964e-09,3.726686257360916e-11,-4.96761594600035e-09,3.728467473896449e-11,-4.96761602208851e-09,3.7284624600240354e-11,264,0.04140638536822039,1.0961681314826514e-10,377737540.2459026
E3,bottom,0,1,p,-0.5185185185185185,-1.868195951515139e-09,-4.6067348598442117e-10,-1.868201524407991e-09,-4.606729028747227e-10,-1.8682015079771357e-09,-4.6067272785053523e-10,264,0.009599650925888728,7.819925260687093e-12,1227588577.3677151
E3,bottom,0,2,s,-0.5185185185185185,2.9120773574889004e-14,1.570109809966103e-13,-7.227205660673924e-14,4.702808183533293e-14,-7.14739706511455e-14,4.6962626304630285e-14,264,0.0018312566774659309,1.2378056412932082e-17,147943797990184.44
E3,bottom,0,2,p,-0.5185185185185185,3.6981669042124775e-13,-2.8949130225990944e-13,3.953747043848928e-14,-5.362600959692254e-15,3.9460727751126373e-14,-8.59940088743534e-15,264,0.0011701798611153526,2.045852976076421e-18,571976517764999.8
E3,bottom,1,-2,s,-0.5185185185185185,3.13923478106805e-13,6.100325517045983e-13,4.674790978661587e-13,5.562870379583347e-13,4.656990999110499e-13,5.564377089671263e-13,432,0.0006324181991930571,9.8841513656207e-18,63983054872343.38
E3,bottom,1,-2,p,-0.5185185185185185,-1.7892439168924506e-12,1.3188487325192827e-12,-1.4949827738419503e-12,1.4775052372805157e-12,-1.495458569138971e-12,1.4795244524286276e-12,432,0.0003360665823963039,1.1185300758586532e-17,30045377379621.94
E3,bottom,1,-1,s,-0.5185185185185185,-1.7195941271021623e-08,3.576862094555282e-08,-1.7195924990425692e-08,3.5768592454832086e-08,-1.719592480115025e-08,3.5768592559405417e-08,432,0.006418557236313505,1.9085600349128672e-11,336303659.2457274
E3,bottom,1,-1,p,-0.5185185185185185,-5.893035323525345e-08,-2.6085038061687345e-08,-5.8930364701179375e-08,-2.6085053859485353e-08,-5.893036494243777e-08,-2.6085053658594747e-08,432,0.0015493947178835178,9.979543783841711e-12,155257069.00471807
E3,bottom,1,0,s,-0.5185185185185185,6.466115718656557e-05,-1.3723165276332322e-05,6.466115719826752e-05,-1.3723165306238608e-05,6.466115719819909e-05,-1.3723165306046135e-05,168,0.016945817802066936,1.5212116458055837e-07,111396.84506617741
E3,bottom,1,0,p,-0.5185185185185185,-4.4922852992479546e-14,2.7288001077212632e-14,-3.9921641983702124e-14,3.4125670365194036e-14,-3.992166890517081e-14,3.412566773966266e-14,96,1.4033465553634874e-06,3.3281146354884677e-17,42166412791.172325
E3,bottom,1,1,s,-0.5185185185185185,-1.7195903754731154e-08,3.576866374857606e-08,-1.7195926377096583e-08,3.576861243095057e-08,-1.719592512648382e-08,3.576861434047539e-08,432,0.0064185572363135044,1.908560985711207e-11,336303491.7074809
E3,bottom,1,1,p,-0.5185185185185185,5.893054458379313e-08,2.6084789696616645e-08,5.8930501690852814e-08,2.6084791889836088e-08,5.893050123711603e-08,2.6084792116317322e-08,432,0.0015493947178835173,9.979546690310258e-12,155257023.78725457
E3,bottom,1,2,s,-0.5185185185185185,1.1965499517286885e-13,-1.5928718648925712e-13,1.51672351148896e-13,8.752717559905619e-14,1.518387729596638e-13,8.810532731022579e-14,432,0.0006324181991930567,2.3913322680824755e-18,264462704591098.25
E3,bottom,1,2,p,-0.5185185185185185,5.2422752917829827e-14,-5.395101873674091e-13,2.661966442900242e-13,-6.95532821258362e-13,2.6889976005647587e-13,-6.962883221734911e-13,432,0.00033606658239630375,3.9686982099150384e-18,84679299009611.08
E3,bottom,2,-2,s,-0.5185185185185185,-2.535535446483783e-13,1.3244104987746813e-12,-5.463595787534445e-13,9.71020881174426e-13,-5.536766439986961e-13,9.644783731044086e-13,432,0.00020131647000461153,1.3570198093566954e-18,148351902173076.6
E3,bottom,2,-2,p,-0.5185185185185185,-7.471365823754071e-12,-9.61719718006427e-14,-7.394887731644851e-12,-3.8796956492659023e-13,-7.39813366086154e-12,-3.914258514439894e-13,432,9.127139265466192e-05,3.776185469026056e-18,24170262134450.297
E3,bottom,2,-1,s,-0.5185185185185185,1.7069121504069849e-06,1.310639040069141e-06,1.7069122091005757e-06,1.3106390834127215e-06,1.7069122105561933e-06,1.3106390841497689e-06,432,0.0013471949567863202,4.427180202002196e-11,30430090.832468268
E3,bottom,2,-1,p,-0.5185185185185185,2.893225908975528e-07,4.860591330243449e-06,2.8932262402422275e-07,4.860591250174437e-06,2.8932262337611035e-07,4.860591248990291e-06,432,0.0002930465818924584,3.850863660881266e-11,7609892.421519671
E3,bottom,2,0,s,-0.5185185185185185,1.5132150563317846e-05,3.243460466169631e-08,1.5132150565859917e-05,3.24346192328123e-08,1.5132150565607915e-05,3.2434619721624955e-08,168,0.0027525132548884045,9.381087672952057e-10,2934108.8697258052
E3,bottom,2,0,p,-0.5185185185185185,9.482200417159177e-14,5.682100603200785e-13,1.2595346351787822e-13,6.108560876296748e-13,1.2595338518344674e-13,6.108561523833292e-13,96,2.3788729303260057e-07,1.41684545065159e-17,16789925317.768364
E3,bottom,2,1,s,-0.5185185185185185,1.7069119891434794e-06,1.3106391023368298e-06,1.7069119184558866e-06,1.3106391005628775e-06,1.706911919136887e-06,1.3106391002887975e-06,432,0.0013471949567863198,4.4271797467211724e-11,30430093.96182909
E3,bottom,2,1,p,-0.5185185185185185,-2.893212876844995e-07,-4.860590982899079e-06,-2.89321459698169e-07,-4.8605908670846445e-06,-2.8932145886456764e-07,-4.8605908687461835e-06,432,0.0002930465818924584,3.850863305968849e-11,7609893.122880664
E3,bottom,2,2,s,-0.5185185185185185,1.1590793068340349e-12,-1.4295402650536648e-12,-4.0462675454264884e-13,-2.1763770332806845e-12,-4.0780460637097085e-13,-2.1748115746535206e-12,432,0.00020131647000461145,2.700015034290296e-18,74561240381214.34
E3,bottom,2,2,p,-0.5185185185185185,-5.39181794599224e-12,-3.951815398744205e-12,-7.264752429807378e-12,-2.562266438539549e-12,-7.264984346713936e-12,-2.5650490937220188e-12,432,9.127139265466188e-05,3.92707457368594e-18,23241573579030.57
E3,bottom,3,-2,s,-0.5185185185185185,-3.781623287895647e-13,-3.986846158828618e-12,-1.0947345403281092e-12,-6.925800352621769e-12,-1.0892011995296926e-12,-6.938247471952254e-12,432,5.775961448210095e-05,7.459360446359181e-19,77432395039031.38
E3,bottom,3,-2,p,-0.5185185185185185,2.7322380524225018e-11,1.9694297700041006e-13,2.938712590150743e-11,1.0950868844551316e-12,2.939252700164538e-11,1.098661964985367e-12,432,2.277922006035782e-05,1.3639080864083677e-18,16701433393758.393
E3,bottom,3,-1,s,-0.5185185185185185,-1.1867921879857554e-05,-1.9837120443872523e-06,-1.1867921427716415e-05,-1.9837117718607614e-06,-1.1867921424269882e-05,-1.9837117750269172e-06,432,0.0002958751948815398,1.3468767794669245e-11,21967502.847487144
E3,bottom,3,-1,p,-0.5185185185185185,-2.2461261816624886e-05,-4.557997972868349e-05,-2.2461262149380363e-05,-4.5579979534676094e-05,-2.246126214819084e-05,-4.5579979535202237e-05,432,5.713641099665137e-05,2.3804555802471568e-11,2400230.0849789027
E3,bottom,3,0,s,-0.5185185185185185,1.1055383043444633e-05,-5.3312776286225665e-06,1.1055383438755707e-05,-5.331277956104063e-06,1.105538343861997e-05,-5.331277956111897e-06,168,0.0005304876313015921,3.287618498488471e-11,16135924.27301073
E3,bottom,3,0,p,-0.5185185185185185,-1.11035422016419e-12,4.6332371918327964e-12,-1.0634593805014729e-12,4.871221626143544e-12,-1.0634593980877111e-12,4.871221571418929e-12,96,4.3953099710648697e-08,5.475035527085512e-18,8027911324.631339
E3,bottom,3,1,s,-0.5185185185185185,-1.1867921503960075e-05,-1.9837112439435816e-06,-1.1867921266229395e-05,-1.983711449755957e-06,-1.1867921263749012e-05,-1.983711434978937e-06,432,0.00029587519488153964,1.3468767554694968e-11,21967503.238884162
E3,bottom,3,1,p,-0.5185185185185185,2.2461274595531887e-05,4.5579973544085705e-05,2.246127392720123e-05,4.557997312773133e-05,2.2461273924169826e-05,4.557997312586876e-05,432,5.713641099665134e-05,2.3804555547707597e-11,2400230.110666932
E3,bottom,3,2,s,-0.5185185185185185,8.759635908333045e-13,1.9052535399854563e-13,-5.456419407820669e-13,-2.5960940985189384e-12,-5.473192561673243e-13,-2.6061602105456537e-12,432,5.775961448210094e-05,2.828383254381304e-19,204214242863404.28
E3,bottom,3,2,p,-0.5185185185185185,-8.985031002948432e-12,-9.374877589360983e-12,-1.1539682679792977e-11,-6.111781715346002e-12,-1.154529537006101e-11,-6.1070725262301464e-12,432,2.2779220060357798e-05,6.056504005335683e-19,37611169810652.59
E3,bottom,4,-2,s,-0.5185185185185185,-6.4002821790858836e-12,1.8016347284181651e-12,-9.951771830928174e-12,-1.0306172925701326e-11,-9.958223294595513e-12,-1.0233048082598926e-11,432,1.609723966618866e-05,1.2963834662537162e-19,124170356111578.62
E3,bottom,4,-2,p,-0.5185185185185185,-2.2865732312166508e-11,-5.6442297645161014e-11,-1.810383290383567e-11,-6.055870108257192e-11,-1.7979083890954738e-11,-6.054088191768295e-11,432,5.608220477113453e-06,2.5798558417866016e-19,21738503315866.086
E3,bottom,4,-1,s,-0.5185185185185185,-6.614165524080101e-06,1.00473238636447e-05,-6.614166766529594e-06,1.0047325333759695e-05,-6.614166783495487e-06,1.0047325337571245e-05,432,6.832523537164587e-05,8.27287412851017e-13,82589477.7441154
E3,bottom,4,-1,p,-0.5185185185185185,-4.347033791741877e-05,-4.7151153146115584e-05,-4.3470338713141785e-05,-4.715115366661249e-05,-4.3470338701963864e-05,-4.7151153677513975e-05,432,1.176322137892942e-05,1.9375853423807915e-12,6071072.649876398
E3,bottom,4,0,s,-0.5185185185185185,-0.0006085104333151799,-0.00013118815309258705,-0.0006085104343904163,-0.00013118815168506391,-0.0006085104343933551,-0.0001311881517015069,168,0.00011285771584309233,8.870774785838947e-11,1272241.924383597
E3,bottom,4,0,p,-0.5185185185185185,2.357771832271267e-11,-1.1908728888646938e-11,2.3402939142055738e-11,-1.1534488035806491e-11,2.3402939475609282e-11,-1.153448703811953e-11,96,8.231533343837314e-09,1.616143270945541e-18,5093319071.285909
E3,bottom,4,1,s,-0.5185185185185185,-6.614165967645083e-06,1.0047321913084702e-05,-6.614168474244457e-06,1.0047320851261779e-05,-6.614168462668216e-06,1.0047320876814574e-05,432,6.832523537164583e-05,8.272872201034465e-13,82589496.98643023
E3,bottom,4,1,p,-0.5185185185185185,4.3470341999989996e-05,4.7151176381350954e-05,4.3470342288643944e-05,4.715117570434727e-05,4.3470342283721625e-05,4.715117569437887e-05,432,1.1763221378929412e-05,1.9375859047890475e-12,6071070.887672523
E3,bottom,4,2,s,-0.5185185185185185,-1.4513081888023124e-12,5.601611133073064e-12,-1.194067976782413e-11,-4.9082848091842826e-12,-1.1873161479766055e-11,-4.923628771090969e-12,432,1.6097239666188644e-05,1.1669926570659546e-19,137937797369352.95
E3,bottom,4,2,p,-0.5185185185185185,3.1539285165840086e-11,1.0983420238812893e-11,1.899533155943789e-11,1.3828664480732439e-11,1.9065777671104873e-11,1.3868719645621751e-11,432,5.608220477113445e-06,9.63098139193258e-20,58231038446519.97
E3,bottom,5,-2,s,-0.5185185185185185,-9.1912413698889e-12,-1.7471919829815e-14,2.6262277315295808e-11,-8.788160692330229e-12,2.6320902824440654e-11,-8.839142735691932e-12,432,4.919718219105946e-06,2.1290721428682765e-20,231073345052466.06
E3,bottom,5,-2,p,-0.5185185185185185,-5.213138611727648e-11,9.637585515584328e-11,-4.3868770142682904e-11,1.0542340426647953e-10,-4.3878587305978574e-11,1.0527705506782759e-10,432,1.5332626470874923e-06,4.019671913711607e-20,38143974931320.65
E3,bottom,5,-1,s,-0.5185185185185185,2.6810297822777815e-05,-2.659028703879469e-05,2.6810288343510678e-05,-2.6590281376350098e-05,2.6810288557295794e-05,-2.6590281258141476e-05,432,1.8155509684670437e-05,1.714101776491372e-13,105918504.56997542
E3,bottom,5,-1,p,-0.5185185185185185,0.00045375999666467297,0.0005878090866256798,0.0004537599986198244,0.0005878090809542081,0.0004537599985781257,0.0005878090809526706,432,2.809080800254516e-06,1.5268733148856279e-12,1839760.2295282327
E3,bottom,5,0,s,-0.5185185185185185,0.004465944118912649,0.0019569604510970952,0.004465944116571524,0.0019569604540037033,0.004465944116618987,0.0019569604539141504,168,2.8326410154654468e-05,4.1485869812847243e-11,682796.5830882112
E3,bottom,5,0,p,-0.5185185185185185,-8.851644847348658e-11,3.0992648891678164e-11,-8.950438292202285e-11,3.127216920098867e-11,-8.950437975959496e-11,3.1272168163839745e-11,96,1.4910021374413845e-09,3.6319097478241597e-19,4105284109.3714643
E3,bottom,5,1,s,-0.5185185185185185,2.6810305392801243e-05,-2.6590283545223956e-05,2.6810298783046348e-05,-2.6590268074146517e-05,2.681029875462059e-05,-2.659026815484578e-05,432,1.8155509684670423e-05,1.7141016862958854e-13,105918510.14337343
E3,bottom,5,1,p,-0.5185185185185185,-0.00045376011849031174,-0.0005878089856645485,-0.00045376009447125975,-0.0005878089871998713,-0.00045376009447475635,-0.0005878089871954189,432,2.8090808002545136e-06,1.5268732827727492e-12,1839760.2682216822
E3,bottom,5,2,s,-0.5185185185185185,1.1031044313334588e-11,1.50646780458613e-11,1.822927321203889e-11,9.518989970792104e-12,1.8298132544792333e-11,9.509341065031733e-12,432,4.919718219105935e-06,1.5812749134343682e-20,311123523007192.2
E3,bottom,5,2,p,-0.5185185185185185,1.4044646396094668e-10,-5.060896037383854e-11,1.4076748962581418e-10,-4.418945068769921e-11,1.408150109495448e-10,-4.4242046732140454e-11,432,1.5332626470874887e-06,5.2019541209582144e-20,29474743748894.453
E3,bottom,6,-2,s,-0.5185185185185185,-1.630723731669144e-11,3.331339086635112e-11,7.274392110485987e-11,6.973059264632133e-12,7.27140348015822e-11,7.163025197323764e-12,432,1.4521141938251892e-06,4.6922072256659295e-21,309473585455105.6
E3,bottom,6,-2,p,-0.5185185185185185,-2.897191222010183e-10,-3.6030285252458285e-10,-3.115784085749018e-10,-2.3220982880936766e-10,-3.11559333758791e-10,-2.3225769275389517e-10,432,4.090727606453721e-07,1.1649485847680961e-20,35115091429275.855
E3,bottom,6,-1,s,-0.5185185185185185,-0.00034793119969151007,-0.00013676797386425076,-0.0003479311385949372,-0.00013676800675520453,-0.00034793113881583215,-0.00013676800674817426,432,4.8088510977736864e-06,1.173255901258546e-13,40987231.28189898
E3,bottom,6,-1,p,-0.5185185185185185,-0.00046263664990441093,-0.0009549795560367663,-0.0004626366011037277,-0.0009549795333447603,-0.00046263660104772325,-0.0009549795333726467,432,6.742582602565777e-07,1.5400379449138107e-13,4378192.514563743
E3,bottom,6,0,s,-0.5185185185185185,-0.17354076434422236,-0.12587016513687174,-0.17354076435186586,-0.12587016511926458,-0.1735407643519832,-0.12587016511852855,168,7.1926401902225035e-06,1.1704101959360305e-10,61454.01172338746
E3,bottom,6,0,p,-0.5185185185185185,1.5961713990504737e-09,-6.089031279429524e-11,1.5964801502641114e-09,-6.079343324502496e-11,1.596480137118918e-09,-6.079342998998723e-11,96,2.593728215273007e-10,4.018540458331781e-19,645440363.7756935
E3,bottom,6,1,s,-0.5185185185185185,-0.00034793114258812436,-0.00013676795348326965,-0.0003479312044963104,-0.00013676790199916252,-0.00034793120414543526,-0.00013676790195497085,432,4.808851097773682e-06,1.1732559717559725e-13,40987228.81909936
E3,bottom,6,1,p,-0.5185185185185185,0.00046263705161107236,0.0009549792289276933,0.00046263708801927184,0.0009549792916780385,0.0004626370879748239,0.0009549792915475207,432,6.742582602565773e-07,1.5400379371623235e-13,4378192.536600538
E3,bottom,6,2,s,-0.5185185185185185,1.239929410440434e-11,6.837883842108188e-11,-6.544663972406584e-11,-5.547926848109072e-11,-6.525287078896507e-11,-5.538441451645769e-11,432,1.4521141938251862e-06,5.496379013081401e-21,264194698067427.56
E3,bottom,6,2,p,-0.5185185185185185,3.6054420541112535e-10,7.797710483112938e-12,3.2294244997759724e-10,8.429157652848328e-11,3.230443080026823e-10,8.41393980721627e-11,432,4.0907276064537145e-07,1.0007247229420992e-20,40877651092970.94
E3,bottom,7,-2,s,-0.5185185185185185,-4.923886140688839e-11,8.431298070662592e-11,2.7055686692470653e-11,-9.965318526375314e-11,2.6791254901265867e-11,-9.98792335452708e-11,432,3.89560444196588e-07,5.527637655588408e-22,704750326394395.1
E3,bottom,7,-2,p,-0.5185185185185185,-2.583399059064879e-09,6.222247925281138e-10,-2.5191527520732893e-09,7.506982741210638e-10,-2.51824941244575e-09,7.503771969227377e-10,432,1.0008190951034717e-07,6.633613427727303e-21,15087087995212.82
E3,bottom,7,-1,s,-0.5185185185185185,0.015510052615145067,-0.003004024593305305,0.015510053027375665,-0.0030040244307022314,0.015510053028588216,-0.003004024430764597,432,1.183368628841987e-06,3.5388288327582646e-13,3343955.5422623693
E3,bottom,7,-1,p,-0.5185185185185185,0.036424823527288985,0.02253329583908023,0.03642482343608418,0.022533296044225007,0.0364248234359626,0.022533296044352367,432,1.5155857032161472e-07,4.5026288038606684e-13,336600.18829814385
E3,bottom,7,0,s,-0.5185185185185185,0.21820496748134247,-0.008915065607594036,0.2182049674645889,-0.008915065670297257,0.21820496746480117,-0.00891506566923683,168,1.713135704233954e-06,8.030605658367687e-12,213325.84080366467
E3,bottom,7,0,p,-0.5185185185185185,-1.4201192089021781e-09,-8.413329989792156e-10,-1.4163958369593778e-09,-8.417485640437678e-10,-1.416395829372411e-09,-8.417484938767345e-10,96,9.088304896782522e-11,2.836503504933721e-20,3204052059.507285
E3,bottom,7,1,s,-0.5185185185185185,0.015510052588322415,-0.0030040245346600143,0.015510052675625914,-0.0030040248383539996,0.015510052674319192,-0.003004024836667686,432,1.1833686288419864e-06,3.538828772138385e-13,3343955.5995440832
E3,bottom,7,1,p,-0.5185185185185185,-0.036424824194942376,-0.022533296627443217,-0.03642482436875536,-0.022533296658608065,-0.03642482436902516,-0.022533296659176447,432,1.515585703216146e-07,4.502628921280498e-13,336600.17952026345
E3,bottom,7,2,s,-0.5185185185185185,7.972161628415589e-11,1.0947575008319012e-10,1.1493295616475436e-11,1.4820233178407558e-10,1.2828461195640698e-11,1.4862961003951975e-10,432,3.895604441965873e-07,7.97432551147949e-22,488518362632417.2
E3,bottom,7,2,p,-0.5185185185185185,1.0812465734157549e-09,1.0355298040890923e-09,1.1354154091755324e-09,1.016325052023581e-09,1.1355559365654798e-09,1.0164362643207382e-09,432,1.0008190951034706e-07,3.847418792040669e-21,26012741248078.086
E3,bottom,8,-2,s,-0.5185185185185185,-1.0521373332207974e-09,-8.094060954359389e-10,-5.74136919080402e-10,-7.779300150289989e-10,-5.80560304906928e-10,-7.792118078290467e-10,432,9.077616673361463e-08,4.303649686542722e-22,210928336052692.1
E3,bottom,8,-2,p,-0.5185185185185185,-9.835113751306621e-10,6.006578492128061e-09,-1.0746618869983758e-09,6.629498603478058e-09,-1.0723141687055886e-09,6.626994201626759e-09,432,2.1427180616541735e-08,1.4168457440819468e-21,15123156988713.402
E3,bottom,8,-1,s,-0.5185185185185185,-0.01775307166164741,-0.1672373605900234,-0.01775307211850046,-0.16723736044112172,-0.017753072120089995,-0.167237360438905,432,2.569952759557082e-07,2.751377404449081e-13,934060.4292967485
E3,bottom,8,-1,p,-0.5185185185185185,-0.08240213385204254,-0.4881180506970073,-0.08240213400484032,-0.4881180509379298,-0.08240213400547419,-0.48811805093741045,432,3.027234797369994e-08,3.842254116780283e-13,78787.99020994332
E3,bottom,8,0,s,-0.5185185185185185,0.021345264812628238,-0.38915999845621474,0.02134526494383318,-0.3891599983246498,0.02134526494316495,-0.3891599983267264,168,3.6248425454145e-07,9.991473976531722e-13,362793.57319336873
E3,bottom,8,0,p,-0.5185185185185185,3.305959827565779e-09,-3.900330920506364e-10,3.3434939359850702e-09,-3.4561841454133183e-10,3.343494097020627e-09,-3.4561797763249735e-10,96,2.5675000588917775e-11,4.0814388791150474e-21,6290673791.61261
E3,bottom,8,1,s,-0.5185185185185185,-0.01775307137391494,-0.1672373606955507,-0.01775307119643062,-0.1672373614799328,-0.01775307119194567,-0.167237361483979,432,2.5699527595570817e-07,2.751377419848075e-13,934060.42406897
E3,bottom,8,1,p,-0.5185185185185185,0.08240213374987018,0.48811804409492404,0.08240213339513343,0.48811804409213183,0.08240213339562558,0.48811804409080245,432,3.027234797369992e-08,3.8422540635921525e-13,78787.99130060147
E3,bottom,8,2,s,-0.5185185185185185,-7.957532388510799e-10,-3.067892561333417e-10,-1.1998607048515486e-09,-4.5224135300017255e-10,-1.2032904733544936e-09,-4.5616068687284047e-10,432,9.077616673361453e-08,5.699397392914928e-22,159273271322439.78
E3,bottom,8,2,p,-0.5185185185185185,-1.0347196440066293e-11,-6.1000847971086065e-09,2.2467923259332703e-10,-5.716201662190532e-09,2.287964747456227e-10,-5.7132558723450676e-09,432,2.142718061654171e-08,1.2067722675926452e-21,17755778113202.89
E4,top,-8,-2,s,6.7407407407407405,0.0,0.0,0.0,0.0,0.0,0.0,0,0.0,0.0,0.0
E4,top,-8,-2,p,6.7407407407407405,0.0,0.0,0.0,0.0,0.0,0.0,0,0.0,0.0,0.0
E4,top,-8,-1,s,6.7407407407407405,-1360207394424.7112,-10727736150751.666,-1360209183855.7544,-10727736785774.254,-1360209180368.8823,-10727736785441.387,768,3.339884439350285e-22,3.9613608037104426e-29,8431154.35539715
E4,top,-8,-1,p,6.7407407407407405,-1487693678218.6135,12470149394733.586,-1487693044211.5415,12470149808416.71,-1487693052278.8376,12470149807382.764,768,8.230968377109645e-23,1.289223681295546e-29,6384437.779515741
E4,top,-8,0,s,6.7407407407407405,-1054559797.3453734,57867473.47284521,-1054559794.9658833,57867473.97607811,-1054559794.9624779,57867473.97581278,264,1.3441529956157727e-16,4.357116258392852e-22,308496.0133956975
E4,top,-8,0,p,6.7407407407407405,0.9280393661109747,0.9164299496287129,9.520338480322499,4.206628347948997,9.52033815265371,4.206627792858227,96,5.7379000371241415e-21,8.780024072822974e-31,6535175746.140384
E4,top,-8,1,s,6.7407407407407405,-1360207942339.468,-10727736041170.182,-1360207752765.1462,-10727734354880.617,-1360207749842.2231,-10727734352697.977,768,3.3398844393502907e-22,3.961359853682913e-29,8431156.377386844
E4,top,-8,1,p,6.7407407407407405,1487694001267.9592,-12470149314766.373,1487693620728.3552,-12470149148647.363,1487693619796.6807,-12470149149537.828,768,8.230968377109653e-23,1.2892236211402326e-29,6384438.077414303
E4,top,-8,2,s,6.7407407407407405,0.0,0.0,0.0,0.0,0.0,0.0,0,0.0,0.0,0.0
E4,top,-8,2,p,6.7407407407407405,0.0,0.0,0.0,0.0,0.0,0.0,0,0.0,0.0,0.0
E4,top,-7,-2,s,6.7407407407407405,-4414751545.620022,2109009895.4402244,10497529665.05127,-88558359972.04852,10560363060.18798,-88479288341.79486,768,3.972941047898527e-27,1.04079388358022e-40,38172217482985.52
E4,top,-7,-2,p,6.7407407407407405,2589770988.813635,3275038013.9420805,99767505661.67673,-77001472095.14365,99799223324.12473,-77082982777.45264,768,2.7630434269356373e-27,4.840283122004979e-41,57084334888887.83
E4,top,-7,-1,s,6.7407407407407405,0.11883019652135599,0.6282749008506009,0.11883012311928248,0.6282750837571843,0.11883012308344103,0.6282750838941321,768,8.37148167636084e-09,1.268566422788565e-15,6599167.001408278
E4,top,-7,-1,p,6.7407407407407405,-0.06522192897708864,-0.3505928948223269,-0.06522217390696826,-0.35059294541972774,-0.06522217421052094,-0.3505929455501846,768,1.3619647558679394e-09,5.0866392715297475e-17,26775335.996223383
E4,top,-7,0,s,6.7407407407407405,1.1650541640813273e-05,1.762213959318924e-05,1.1650541640819842e-05,1.7622139594547918e-05,1.1650541640817488e-05,1.7622139594544798e-05,264,0.42084697249252234,7.099696742545013e-05,5927.67533253346
E4,top,-7,0,p,6.7407407407407405,-2.7566544064701227e-15,7.992054575554997e-16,-5.8978389545925366e-15,4.0235619161484914e-15,-5.8978386846449154e-15,4.023561998391575e-15,96,3.150594109481364e-05,4.981943011033462e-15,6324026795.3763685
E4,top,-7,1,s,6.7407407407407405,0.11883018955335212,0.6282749251028675,0.11883016105179188,0.6282749292498817,0.11883016097273906,0.6282749293063179,768,8.371481676360846e-09,1.2685661354064096e-15,6599168.49638973
E4,top,-7,1,p,6.7407407407407405,0.06522192963485565,0.35059282069447417,0.06522195290687786,0.35059291751722044,0.06522195280903889,0.35059291771296247,768,1.361964755867941e-09,5.0866383035634656e-17,26775341.091459382
E4,top,-7,2,s,6.7407407407407405,22586261884.459396,4798261525.3538885,7840155012.698291,69439659087.21915,7845679982.961801,69366311407.67035,768,3.972941047898541e-27,8.153808024323092e-41,48724976551411.56
E4,top,-7,2,p,6.7407407407407405,-14380306600.687313,-8064328646.491536,83295353087.55914,-109376261329.91199,83180012632.7681,-109360751441.9724,768,2.763043426935645e-27,5.273941286209756e-41,52390485160697.95
E4,top,-6,-2,s,6.7407407407407405,-14922.857555474997,22026.66098691551,4012.0518111936967,69392.52685548621,4026.8201334417645,69393.31200810146,768,7.361955917152381e-21,2.2832614835675405e-34,32243157299923.023
E4,top,-6,-2,p,6.7407407407407405,-78543.6488286326,-27949.064278045502,-148397.75197933562,29719.653284224005,-148412.1020467614,29815.495739682257,768,6.562656786546635e-21,1.3034182475272185e-34,50349585016144.95
E4,top,-6,-1,s,6.7407407407407405,2.237991038071032e-07,-6.985011964399595e-07,2.237991062720635e-07,-6.985011915307279e-07,2.2379910627111094e-07,-6.985011915311263e-07,768,0.404698638853329,2.4650494696127393e-06,164174.65200684487
E4,top,-6,-1,p,6.7407407407407405,5.051721600245603e-08,3.8744377139308936e-07,5.051721855106136e-08,3.8744376500003587e-07,5.051721855096474e-08,3.874437650003189e-07,768,0.20053777116567073,4.252061831587417e-07,471624.77665759675
E4,top,-6,0,s,6.7407407407407405,-2.4330123234015086e-06,1.05656815633339e-06,-2.433012323671167e-06,1.0565681553444048e-06,-2.433012323671303e-06,1.0565681553430623e-06,264,0.5461150546025076,8.914519297969095e-06,61261.30151817872
E4,top,-6,0,p,6.7407407407407405,6.326553611941524e-15,6.581399491239424e-15,5.49489577953673e-15,6.92100699059725e-15,5.494895815683058e-15,6.9210061889628285e-15,96,8.21398883799408e-05,1.8277353153564087e-14,4494080061.254576
E4,top,-6,1,s,6.7407407407407405,2.237990914178927e-07,-6.985012096065408e-07,2.2379909422965324e-07,-6.985012060537807e-07,2.2379909422824245e-07,-6.985012060534734e-07,768,0.4046986388533289,2.4650495037423695e-06,164174.64973377885
E4,top,-6,1,p,6.7407407407407405,-5.051720881255234e-08,-3.8744373740523706e-07,-5.0517207385489854e-08,-3.8744373510695366e-07,-5.051720738464216e-08,-3.874437351066287e-07,768,0.20053777116567068,4.252061493287389e-07,471624.81418073113
E4,top,-6,2,s,6.7407407407407405,-10983.031888657108,12749.173027067003,-30725.81277815505,-56507.79719001366,-30718.00460555698,-56511.29187604852,768,7.361955917152395e-21,2.112794269056545e-34,34844641643409.18
E4,top,-6,2,p,6.7407407407407405,56606.052266643645,21901.180183110362,-58997.32154357855,86922.58388706807,-59024.80052215358,86911.10532928449,768,6.5626567865466545e-21,9.046018747760087e-35,72547459490636.75
E4,top,-5,-2,s,6.7407407407407405,0.03815889843572069,0.04456661875780572,-0.12053985679353507,-0.1350794286075998,-0.12055806739628476,-0.13502593090386025,768,1.387577617871905e-15,3.400955576321254e-29,40799639593435.09
E4,top,-5,-2,p,6.7407407407407405,-0.06520757084032584,0.08192623822259419,0.6794316865181416,-0.08023867024123564,0.6794562813688165,-0.08058628561892843,768,1.8305519164641355e-15,2.354396386828356e-29,77750370613255.17
E4,top,-5,-1,s,6.7407407407407405,-1.1783822913578336e-06,-1.5482624518302512e-06,-1.1783822907292953e-06,-1.5482624524691193e-06,-1.1783822907305667e-06,-1.5482624524681818e-06,768,0.35348655008638186,6.539006009021449e-06,54058.147308428684
E4,top,-5,-1,p,6.7407407407407405,1.5309933352604155e-06,1.6887023049199321e-06,1.5309933324130732e-06,1.6887023056483584e-06,1.530993332412361e-06,1.688702305648854e-06,768,0.41715904431867157,4.48748696721441e-06,92960.50269704101
E4,top,-5,0,s,6.7407407407407405,1.1146740208300456e-05,-2.653116360580348e-06,1.1146740208703584e-05,-2.653116361635165e-06,1.1146740208701667e-05,-2.653116361632618e-06,264,0.6456038601308305,3.850813341083601e-05,16765.38961894114
E4,top,-5,0,p,6.7407407407407405,-4.518478630196157e-15,1.2448079762287523e-14,-4.953349896067049e-15,1.0923833331044382e-14,-4.953349989894766e-15,1.0923832737027287e-14,96,0.00012442315094137772,3.53680959683451e-14,3517948804.8420258
E4,top,-5,1,s,6.7407407407407405,-1.1783822981098692e-06,-1.5482624627447205e-06,-1.1783823019190592e-06,-1.5482624640257503e-06,-1.1783823019225856e-06,-1.5482624640253367e-06,768,0.35348655008638163,6.539006062709068e-06,54058.146864591596
E4,top,-5,1,p,6.7407407407407405,-1.5309933305009967e-06,-1.6887023006270647e-06,-1.5309933326505418e-06,-1.6887023031590557e-06,-1.5309933326535285e-06,-1.6887023031599628e-06,768,0.41715904431867123,4.487486963903183e-06,92960.50276563465
E4,top,-5,2,s,6.7407407407407405,0.01895309717841877,0.08960136866520418,0.10398295014232428,0.27403771647524056,0.10412924286114042,0.27407711190493156,768,1.3875776178719073e-15,5.508568208644223e-29,25189442434323.96
E4,top,-5,2,p,6.7407407407407405,0.18463658666779362,0.032447242307441275,0.4502231190154154,-0.36985012064319556,0.44975092630381325,-0.36980801720625817,768,1.8305519164641386e-15,2.003578191106162e-29,91364136652610.66
E4,top,-4,-2,s,6.7407407407407405,-0.002725088809483233,-0.0012497605609489842,-0.0026632255261903573,-0.0012587142782989368,-0.002663219563811968,-0.0012587045862684013,768,6.194137644076514e-13,1.4057152817188247e-24,440639560843.5509
E4,top,-4,-2,p,6.7407407407407405,0.0010326443671112605,-0.0020595849828630706,0.0004708256849850195,-0.0020066595842510794,0.0004712671808820501,-0.0020072776340611617,768,2.982934899358777e-12,1.2636960553796784e-25,23604844587906.48
E4,top,-4,-1,s,6.7407407407407405,3.0764320123903454e-07,-1.2831978327610547e-06,3.0764320194630276e-07,-1.2831978331013726e-06,3.076432019464827e-07,-1.2831978331016898e-06,768,0.10574478231592044,4.434738341845327e-06,23844.649709799847
E4,top,-4,-1,p,6.7407407407407405,-1.607632324571286e-06,7.229615924480385e-06,-1.6076323295627496e-06,7.229615926864979e-06,-1.607632329565647e-06,7.229615926861697e-06,768,0.59605553673156,1.747254353007282e-05,34113.838990050914
E4,top,-4,0,s,6.7407407407407405,-1.9006783852076445e-06,4.6745197702346275e-06,-1.9006783840348575e-06,4.674519768073027e-06,-1.900678384040603e-06,4.674519768073052e-06,264,0.69644014754758,1.695896815466443e-05,41066.18640922618
E4,top,-4,0,p,6.7407407407407405,-1.296837861582595e-15,-3.861698094443239e-15,-2.043484691983323e-15,-2.756425235928943e-15,-2.043484823956437e-15,-2.7564249974057633e-15,96,0.00014748182121340187,1.1457665149763854e-14,12871891374.52158
E4,top,-4,1,s,6.7407407407407405,3.0764321803892343e-07,-1.2831978371528439e-06,3.07643217974439e-07,-1.2831978368910834e-06,3.076432179746384e-07,-1.2831978368903981e-06,768,0.10574478231592042,4.434738366785979e-06,23844.649575699237
E4,top,-4,1,p,6.7407407407407405,1.6076323097860773e-06,-7.229615913273114e-06,1.6076323085685846e-06,-7.229615915073202e-06,1.6076323085680321e-06,-7.229615915075523e-06,768,0.5960555367315611,1.7472543492177313e-05,34113.83906403913
E4,top,-4,2,s,6.7407407407407405,-0.002682960945361827,-0.0012269452755546803,-0.002648295048975916,-0.0012187084679505422,-0.002648305621802441,-0.0012187117238462598,768,6.194137644076523e-13,1.3911981481169557e-24,445237628619.6575
E4,top,-4,2,p,6.7407407407407405,-0.0008872782805895712,0.0018977324134611966,-0.0014634981871387823,0.00184901406785697,-0.0014642457731189713,0.0018492767724944217,768,2.9829348993587812e-12,1.4456771422730212e-25,20633479026089.793
E4,top,-3,-2,s,6.7407407407407405,0.013403037428053866,-0.006709071851709178,0.013552176429092875,-0.006446298598495671,0.013552192726261316,-0.006445316409246899,768,2.0047025600198327e-13,1.1400264755074953e-25,1758470178622.3142
E4,top,-3,-2,p,6.7407407407407405,0.005975676638429921,0.004456892599808808,0.006281834238607347,0.0049903726403322055,0.006273157817123023,0.004986602238307933,768,4.3244312739119514e-13,8.772391928049096e-27,49295919623528.125
E4,top,-3,-1,s,6.7407407407407405,1.0711573216964587e-06,-4.690038406481331e-06,1.0711573213826364e-06,-4.690038404824862e-06,1.071157321383471e-06,-4.690038404825608e-06,768,0.24948421385762354,1.616799807178118e-05,15430.74243019987
E4,top,-3,-1,p,6.7407407407407405,2.4761645313137947e-06,-1.096283040136644e-05,2.4761645307752905e-06,-1.0962830395537401e-05,2.476164530780595e-06,-1.096283039553787e-05,768,0.5815728226270213,2.5396073266665916e-05,22900.108080502956
E4,top,-3,0,s,6.7407407407407405,-3.4884592226439647e-06,-6.991323255261077e-07,-3.488459221827095e-06,-6.991323255035047e-07,-3.488459221827747e-06,-6.99132325499931e-07,264,0.7081509137354509,1.1957032128472477e-05,59224.63920199551
E4,top,-3,0,p,6.7407407407407405,6.833492841190796e-15,9.313619355688593e-16,8.270900202125764e-15,1.6980085017415679e-15,8.270899695816582e-15,1.698008332639995e-15,96,0.00014520409371768746,2.73535688842091e-14,5308414939.650237
E4,top,-3,1,s,6.7407407407407405,1.0711573133536744e-06,-4.690038407191974e-06,1.0711573138428305e-06,-4.690038406857277e-06,1.0711573138428122e-06,-4.690038406856957e-06,768,0.2494842138576239,1.616799807279404e-05,15430.742429233216
E4,top,-3,1,p,6.7407407407407405,-2.476164514098513e-06,1.0962830400162433e-05,-2.476164517231921e-06,1.0962830401238336e-05,-2.476164517233234e-06,1.096283040124374e-05,768,0.5815728226270217,2.5396073272497874e-05,22900.10807524419
E4,top,-3,2,s,6.7407407407407405,0.012941343722887204,-0.006942711227078119,0.012753059338426942,-0.007012510777885227,0.012753311772295396,-0.007011562212579175,768,2.0047025600198337e-13,1.1056025380106384e-25,1813221742080.1035
E4,top,-3,2,p,6.7407407407407405,-0.006192590890269126,-0.0056028910570373874,-0.0032514890040691567,-0.004734548483318785,-0.003257641820646706,-0.004726854273350497,768,4.324431273911951e-13,6.284205913282549e-27,68814283516261.94
E4,top,-2,-2,s,6.7407407407407405,-0.584499130320534,7.667322094907847,14.699554975934255,23.10322463320273,14.685144082387552,23.05882073989855,768,2.2260561395490647e-17,4.5524747982371316e-31,48897714720157.64
E4,top,-2,-2,p,6.7407407407407405,6.726208915965608,-0.7368329269624522,45.36174979589582,-23.497023661490235,45.39095789139146,-23.59198428598663,768,2.4245536266328572e-17,1.8333810474626515e-31,132244937842483.55
E4,top,-2,-1,s,6.7407407407407405,-1.8776320365034016e-06,-5.730810211558075e-06,-1.8776320365208768e-06,-5.730810214245006e-06,-1.8776320365229816e-06,-5.730810214246684e-06,768,0.4880302779871217,2.0267323564603937e-05,24079.660860570995
E4,top,-2,-1,p,6.7407407407407405,-1.554666050357931e-06,-4.743527318889383e-06,-1.5546660485361384e-06,-4.743527320594241e-06,-1.5546660485456836e-06,-4.743527320589094e-06,768,0.40397155948025465,8.336802598923089e-06,48456.414157201936
E4,top,-2,0,s,6.7407407407407405,-2.26967115724238e-05,1.8145783722803865e-05,-2.2696711573766463e-05,1.8145783723543633e-05,-2.2696711573750214e-05,1.8145783723541136e-05,264,0.689294670645539,9.765967779021917e-05,7058.129683022294
E4,top,-2,0,p,6.7407407407407405,-3.7038917667326765e-16,1.076822988960079e-14,-7.3215191800782e-16,1.364824195035817e-14,-7.321530501531019e-16,1.3648242048917962e-14,96,0.00011978166158535514,3.622121784685441e-14,3306947383.48665
E4,top,-2,1,s,6.7407407407407405,-1.8776320428861583e-06,-5.730810209496134e-06,-1.8776320450154657e-06,-5.730810211748814e-06,-1.8776320450147065e-06,-5.730810211747511e-06,768,0.48803027798712234,2.026732356550788e-05,24079.660859497053
E4,top,-2,1,p,6.7407407407407405,1.5546660494988525e-06,4.7435273201394195e-06,1.5546660527483026e-06,4.743527318347546e-06,1.554666052747333e-06,4.7435273183392636e-06,768,0.4039715594802552,8.336802597537981e-06,48456.41416525273
E4,top,-2,2,s,6.7407407407407405,1.5448355739797823,0.6437922621504554,-20.397656464687685,-18.120006104284023,-20.386214812669913,-18.173665479999077,768,2.2260561395490644e-17,4.547956404314912e-31,48946294591502.13
E4,top,-2,2,p,6.7407407407407405,8.66114018011462,4.100322763818619,50.607940613398355,-38.20449458968717,50.5630209329822,-38.177595723413425,768,2.4245536266328566e-17,2.2706705879646433e-31,106776986476323.23
E4,top,-1,-2,s,6.7407407407407405,-859251.5360904031,950684.4371675448,-16665670.073104283,-14496654.088189393,-16696589.914455008,-14519326.740964524,768,4.846012315329626e-23,8.525191417429629e-37,56843442898209.01
E4,top,-1,-2,p,6.7407407407407405,2074618.85438987,-5577283.424736463,-45151236.326169424,16385924.954299804,-45121206.95808259,16380148.871602288,768,3.8711650349503754e-23,5.3913867899713894e-37,71802769598189.39
E4,top,-1,-1,s,6.7407407407407405,4.044779178068609e-05,-3.1088350110411174e-05,4.0447791780898056e-05,-3.1088350105683686e-05,4.0447791780912496e-05,-3.1088350105654873e-05,768,0.5790959051543264,0.00017144890160664475,3377.6588810288576
E4,top,-1,-1,p,6.7407407407407405,1.2547286358005217e-05,-9.637710974246818e-06,1.2547286356971176e-05,-9.637710961947427e-06,1.2547286356970991e-05,-9.63771096195979e-06,768,0.1796282806786104,9.343577640469616e-06,19224.786007084767
E4,top,-1,0,s,6.7407407407407405,6.187385484584496e-05,4.202501106598818e-05,6.187385484765434e-05,4.202501106667829e-05,6.187385484768576e-05,4.202501106667492e-05,264,0.6405982567067002,0.00025137277700601956,2548.3994899390395
E4,top,-1,0,p,6.7407407407407405,-8.568243516646086e-15,-7.357723063889808e-15,-9.733447019266966e-15,-7.284028880559462e-15,-9.733445218520898e-15,-7.284029011875487e-15,96,8.008669209285994e-05,1.9093606171322718e-14,4194424634.83638
E4,top,-1,1,s,6.7407407407407405,4.0447791773744646e-05,-3.108835013795193e-05,4.044779177348523e-05,-3.108835013760666e-05,4.044779177348441e-05,-3.108835013760411e-05,768,0.5790959051543274,0.00017144890165228516,3377.6588801297166
E4,top,-1,1,p,6.7407407407407405,-1.2547286328631198e-05,9.637710920310811e-06,-1.254728632812433e-05,9.63771091795823e-06,-1.2547286328127832e-05,9.637710917951182e-06,768,0.17962828067861072,9.343577611129244e-06,19224.7860674538
E4,top,-1,2,s,6.7407407407407405,-602166.3374723921,-2942909.9409611775,18636852.731922537,19425802.502259713,18656820.912304718,19397711.073283125,768,4.8460123153296226e-23,1.0369621329999223e-36,46732779926207.64
E4,top,-1,2,p,6.7407407407407405,5168324.709475512,-2682819.927419182,-43205203.322614856,22820916.44084369,-43171715.59174957,22782214.9273392,768,3.8711650349503754e-23,5.48256171237626e-37,70608690572723.7
E4,top,0,-2,s,6.7407407407407405,181383753287.25558,-2233326933686.9272,21355882439065.973,36103751086746.695,21313027530073.938,36090040483918.586,336,2.1973949363169023e-29,2.5011901812405105e-43,87853972592642.45
E4,top,0,-2,p,6.7407407407407405,-18163452328374.81,20973204279916.297,23653319631662.51,30851016407875.414,23624796204412.45,30714421628099.812,336,1.4040717951653684e-29,8.092101152445246e-44,173511399414611.9
E4,top,0,-1,s,6.7407407407407405,-68088.85532228845,4961.443055728964,-68088.84036313945,4960.708653260381,-68088.83935553346,4960.709247706092,360,3.7664973059150965e-15,9.9188478821235e-24,379731330.76305807
E4,top,0,-1,p,6.7407407407407405,-26573.053257462027,-3836.8919355172047,-26573.449721869034,-3837.2370720877157,-26573.44983865346,-3837.2355313745275,360,8.729487149167533e-16,7.180091560054512e-25,1215790505.75523
E4,top,0,0,s,6.7407407407407405,-0.10635451257145238,-0.12796069729429752,-0.10635451257145212,-0.1279606972942966,-0.1063545125714521,-0.12796069729429663,96,0.5592022311233014,0.559194079094561,1.0000145781742782
E4,top,0,0,p,6.7407407407407405,2.9943492121827446e-13,-1.3040749537160872e-12,2.3760212740323153e-13,-1.2351663356938164e-12,2.376019425326344e-13,-1.235166449905222e-12,96,1.8920879893497452e-06,1.2875523658767287e-15,1469523135.1319618
E4,top,0,1,s,6.7407407407407405,-68088.9168619551,4961.461393361136,-68089.2617055569,4960.922187714164,-68089.26290656479,4960.923263614965,360,3.7664973059150965e-15,9.918911516647714e-24,379728894.60637677
E4,top,0,1,p,6.7407407407407405,26572.92316501299,3837.1912475246013,26573.47564827202,3836.6452875360346,26573.475163919407,3836.648744325454,360,8.729487149167533e-16,7.180075837858646e-25,1215793167.9689581
E4,top,0,2,s,6.7407407407407405,4968566780468.335,-269483054672.63425,-20495483086439.742,-15322079729497.379,-20545322691172.418,-15376289244180.396,336,2.1973949363169023e-29,1.5313861218453724e-43,143490587055142.34
E4,top,0,2,p,6.7407407407407405,-4629243360708.697,29781132953087.68,54163585645908.03,-25729275875930.76,54239398401064.19,-25937590805511.81,336,1.4040717951653684e-29,1.2555443314197048e-43,111829726759047.72
E4,top,1,-2,s,6.7407407407407405,0.0,0.0,0.0,0.0,0.0,0.0,0,0.0,0.0,0.0
E4,top,1,-2,p,6.7407407407407405,0.0,0.0,0.0,0.0,0.0,0.0,0,0.0,0.0,0.0
E4,top,1,-1,s,6.7407407407407405,182312023629872.66,-68741906103729.17,182301845803130.06,-68733460697105.914,182301852161060.66,-68733460249520.6,720,6.856474567662947e-26,7.005247548007695e-36,9787626376.762291
E4,top,1,-1,p,6.7407407407407405,-126393571437781.9,32594021249916.11,-126384493301153.77,32571908457275.89,-126384576842562.53,32571893486693.008,696,1.654982076636796e-26,1.510842692415294e-36,10954033036.960817
E4,top,1,0,s,6.7407407407407405,409029455037866.56,-377675602333122.75,409029455219102.5,-377675602471963.3,409029455212396.6,-377675602474149.8,264,1.743632000472464e-21,1.3861757561352533e-26,125787.22378854913
E4,top,1,0,p,6.7407407407407405,-432602.3663475793,-343900.57796172856,-43678.90173671564,-2595.4859330245476,-43679.13339417492,-2595.3617294702676,96,1.6730591647843883e-25,2.9991370297187153e-37,557846856681.0707
E4,top,1,1,s,6.7407407407407405,182318728654179.8,-68740896784982.31,182326434134654.25,-68745004093159.26,182326694651788.75,-68745041387234.68,720,6.856474567662949e-26,7.006230255582627e-36,9786253545.120998
E4,top,1,1,p,6.7407407407407405,126395609008295.97,-32603344632938.51,126374042213045.31,-32583839276910.457,126374109494882.33,-32583917234682.12,696,1.6549820766367966e-26,1.5107601012756983e-36,10954631878.610748
E4,top,1,2,s,6.7407407407407405,0.0,0.0,0.0,0.0,0.0,0.0,0,0.0,0.0,0.0
E4,top,1,2,p,6.7407407407407405,0.0,0.0,0.0,0.0,0.0,0.0,0,0.0,0.0,0.0
E4,top,2,-2,s,6.7407407407407405,0.0,0.0,0.0,0.0,0.0,0.0,0,0.0,0.0,0.0
E4,top,2,-2,p,6.7407407407407405,0.0,0.0,0.0,0.0,0.0,0.0,0,0.0,0.0,0.0
E4,top,2,-1,s,6.7407407407407405,0.0,0.0,0.0,0.0,0.0,0.0,0,0.0,0.0,0.0
E4,top,2,-1,p,6.7407407407407405,0.0,0.0,0.0,0.0,0.0,0.0,0,0.0,0.0,0.0
E4,top,2,0,s,6.7407407407407405,0.0,0.0,0.0,0.0,0.0,0.0,0,0.0,0.0,0.0
E4,top,2,0,p,6.7407407407407405,0.0,0.0,0.0,0.0,0.0,0.0,0,0.0,0.0,0.0
E4,top,2,1,s,6.7407407407407405,0.0,0.0,0.0,0.0,0.0,0.0,0,0.0,0.0,0.0
E4,top,2,1,p,6.7407407407407405,0.0,0.0,0.0,0.0,0.0,0.0,0,0.0,0.0,0.0
E4,top,2,2,s,6.7407407407407405,0.0,0.0,0.0,0.0,0.0,0.0,0,0.0,0.0,0.0
E4,top,2,2,p,6.7407407407407405,0.0,0.0,0.0,0.0,0.0,0.0,0,0.0,0.0,0.0
E4,top,3,-2,s,6.7407407407407405,0.0,0.0,0.0,0.0,0.0,0.0,0,0.0,0.0,0.0
E4,top,3,-2,p,6.7407407407407405,0.0,0.0,0.0,0.0,0.0,0.0,0,0.0,0.0,0.0
E4,top,3,-1,s,6.7407407407407405,0.0,0.0,0.0,0.0,0.0,0.0,0,0.0,0.0,0.0
E4,top,3,-1,p,6.7407407407407405,0.0,0.0,0.0,0.0,0.0,0.0,0,0.0,0.0,0.0
E4,top,3,0,s,6.7407407407407405,0.0,0.0,0.0,0.0,0.0,0.0,0,0.0,0.0,0.0
E4,top,3,0,p,6.7407407407407405,0.0,0.0,0.0,0.0,0.0,0.0,0,0.0,0.0,0.0
E4,top,3,1,s,6.7407407407407405,0.0,0.0,0.0,0.0,0.0,0.0,0,0.0,0.0,0.0
E4,top,3,1,p,6.7407407407407405,0.0,0.0,0.0,0.0,0.0,0.0,0,0.0,0.0,0.0
E4,top,3,2,s,6.7407407407407405,0.0,0.0,0.0,0.0,0.0,0.0,0,0.0,0.0,0.0
E4,top,3,2,p,6.7407407407407405,0.0,0.0,0.0,0.0,0.0,0.0,0,0.0,0.0,0.0
E4,top,4,-2,s,6.7407407407407405,0.0,0.0,0.0,0.0,0.0,0.0,0,0.0,0.0,0.0
E4,top,4,-2,p,6.7407407407407405,0.0,0.0,0.0,0.0,0.0,0.0,0,0.0,0.0,0.0
E4,top,4,-1,s,6.7407407407407405,0.0,0.0,0.0,0.0,0.0,0.0,0,0.0,0.0,0.0
E4,top,4,-1,p,6.7407407407407405,0.0,0.0,0.0,0.0,0.0,0.0,0,0.0,0.0,0.0
E4,top,4,0,s,6.7407407407407405,0.0,0.0,0.0,0.0,0.0,0.0,0,0.0,0.0,0.0
E4,top,4,0,p,6.7407407407407405,0.0,0.0,0.0,0.0,0.0,0.0,0,0.0,0.0,0.0
E4,top,4,1,s,6.7407407407407405,0.0,0.0,0.0,0.0,0.0,0.0,0,0.0,0.0,0.0
E4,top,4,1,p,6.7407407407407405,0.0,0.0,0.0,0.0,0.0,0.0,0,0.0,0.0,0.0
E4,top,4,2,s,6.7407407407407405,0.0,0.0,0.0,0.0,0.0,0.0,0,0.0,0.0,0.0
E4,top,4,2,p,6.7407407407407405,0.0,0.0,0.0,0.0,0.0,0.0,0,0.0,0.0,0.0
E4,top,5,-2,s,6.7407407407407405,0.0,0.0,0.0,0.0,0.0,0.0,0,0.0,0.0,0.0
E4,top,5,-2,p,6.7407407407407405,0.0,0.0,0.0,0.0,0.0,0.0,0,0.0,0.0,0.0
E4,top,5,-1,s,6.7407407407407405,0.0,0.0,0.0,0.0,0.0,0.0,0,0.0,0.0,0.0
E4,top,5,-1,p,6.7407407407407405,0.0,0.0,0.0,0.0,0.0,0.0,0,0.0,0.0,0.0
E4,top,5,0,s,6.7407407407407405,0.0,0.0,0.0,0.0,0.0,0.0,0,0.0,0.0,0.0
E4,top,5,0,p,6.7407407407407405,0.0,0.0,0.0,0.0,0.0,0.0,0,0.0,0.0,0.0
E4,top,5,1,s,6.7407407407407405,0.0,0.0,0.0,0.0,0.0,0.0,0,0.0,0.0,0.0
E4,top,5,1,p,6.7407407407407405,0.0,0.0,0.0,0.0,0.0,0.0,0,0.0,0.0,0.0
E4,top,5,2,s,6.7407407407407405,0.0,0.0,0.0,0.0,0.0,0.0,0,0.0,0.0,0.0
E4,top,5,2,p,6.7407407407407405,0.0,0.0,0.0,0.0,0.0,0.0,0,0.0,0.0,0.0
E4,top,6,-2,s,6.7407407407407405,0.0,0.0,0.0,0.0,0.0,0.0,0,0.0,0.0,0.0
E4,top,6,-2,p,6.7407407407407405,0.0,0.0,0.0,0.0,0.0,0.0,0,0.0,0.0,0.0
E4,top,6,-1,s,6.7407407407407405,0.0,0.0,0.0,0.0,0.0,0.0,0,0.0,0.0,0.0
E4,top,6,-1,p,6.7407407407407405,0.0,0.0,0.0,0.0,0.0,0.0,0,0.0,0.0,0.0
E4,top,6,0,s,6.7407407407407405,0.0,0.0,0.0,0.0,0.0,0.0,0,0.0,0.0,0.0
E4,top,6,0,p,6.7407407407407405,0.0,0.0,0.0,0.0,0.0,0.0,0,0.0,0.0,0.0
E4,top,6,1,s,6.7407407407407405,0.0,0.0,0.0,0.0,0.0,0.0,0,0.0,0.0,0.0
E4,top,6,1,p,6.7407407407407405,0.0,0.0,0.0,0.0,0.0,0.0,0,0.0,0.0,0.0
E4,top,6,2,s,6.7407407407407405,0.0,0.0,0.0,0.0,0.0,0.0,0,0.0,0.0,0.0
E4,top,6,2,p,6.7407407407407405,0.0,0.0,0.0,0.0,0.0,0.0,0,0.0,0.0,0.0
E4,top,7,-2,s,6.7407407407407405,0.0,0.0,0.0,0.0,0.0,0.0,0,0.0,0.0,0.0
E4,top,7,-2,p,6.7407407407407405,0.0,0.0,0.0,0.0,0.0,0.0,0,0.0,0.0,0.0
E4,top,7,-1,s,6.7407407407407405,0.0,0.0,0.0,0.0,0.0,0.0,0,0.0,0.0,0.0
E4,top,7,-1,p,6.7407407407407405,0.0,0.0,0.0,0.0,0.0,0.0,0,0.0,0.0,0.0
E4,top,7,0,s,6.7407407407407405,0.0,0.0,0.0,0.0,0.0,0.0,0,0.0,0.0,0.0
E4,top,7,0,p,6.7407407407407405,0.0,0.0,0.0,0.0,0.0,0.0,0,0.0,0.0,0.0
E4,top,7,1,s,6.7407407407407405,0.0,0.0,0.0,0.0,0.0,0.0,0,0.0,0.0,0.0
E4,top,7,1,p,6.7407407407407405,0.0,0.0,0.0,0.0,0.0,0.0,0,0.0,0.0,0.0
E4,top,7,2,s,6.7407407407407405,0.0,0.0,0.0,0.0,0.0,0.0,0,0.0,0.0,0.0
E4,top,7,2,p,6.7407407407407405,0.0,0.0,0.0,0.0,0.0,0.0,0,0.0,0.0,0.0
E4,top,8,-2,s,6.7407407407407405,0.0,0.0,0.0,0.0,0.0,0.0,0,0.0,0.0,0.0
E4,top,8,-2,p,6.7407407407407405,0.0,0.0,0.0,0.0,0.0,0.0,0,0.0,0.0,0.0
E4,top,8,-1,s,6.7407407407407405,0.0,0.0,0.0,0.0,0.0,0.0,0,0.0,0.0,0.0
E4,top,8,-1,p,6.7407407407407405,0.0,0.0,0.0,0.0,0.0,0.0,0,0.0,0.0,0.0
E4,top,8,0,s,6.7407407407407405,0.0,0.0,0.0,0.0,0.0,0.0,0,0.0,0.0,0.0
E4,top,8,0,p,6.7407407407407405,0.0,0.0,0.0,0.0,0.0,0.0,0,0.0,0.0,0.0
E4,top,8,1,s,6.7407407407407405,0.0,0.0,0.0,0.0,0.0,0.0,0,0.0,0.0,0.0
E4,top,8,1,p,6.7407407407407405,0.0,0.0,0.0,0.0,0.0,0.0,0,0.0,0.0,0.0
E4,top,8,2,s,6.7407407407407405,0.0,0.0,0.0,0.0,0.0,0.0,0,0.0,0.0,0.0
E4,top,8,2,p,6.7407407407407405,0.0,0.0,0.0,0.0,0.0,0.0,0,0.0,0.0,0.0
E4,bottom,-8,-2,s,-0.5185185185185185,2.5861333721644876e-13,-2.1890254931951072e-13,4.185164786867541e-13,9.934938422809133e-14,4.1774409852644533e-13,9.887536371004057e-14,768,0.0007305878000080635,1.539261455552054e-17,47463528523556.72
E4,bottom,-8,-2,p,-0.5185185185185185,1.1940729639540523e-12,4.710971773865004e-13,5.621020531132997e-13,1.4833390495370046e-13,5.622789013355822e-13,1.4845018554728224e-13,768,0.00041693489506406653,7.836271471747834e-18,53205774782974.91
E4,bottom,-8,-1,s,-0.5185185185185185,-8.731812269082188e-08,-4.1075611697275296e-07,-8.73182758007625e-08,-4.107561662666074e-07,-8.731827576023935e-08,-4.107561662972132e-07,768,0.00896855638470744,8.339678780949771e-10,10754078.928308614
E4,bottom,-8,-1,p,-0.5185185185185185,3.768641793764279e-09,-3.905687351570239e-07,3.768814639724047e-09,-3.9056908272492096e-07,3.76881455203246e-09,-3.9056908272630104e-07,768,0.002210434085816559,2.1742677877510365e-10,10166337.827701211
E4,bottom,-8,0,s,-0.5185185185185185,-5.823543043739167e-06,-2.5940648340489513e-06,-5.823543041239819e-06,-2.594064838671296e-06,-5.82354304117697e-06,-2.5940648386570308e-06,264,0.02861611750297361,8.961382705915342e-08,319327.03291518084
E4,bottom,-8,0,p,-0.5185185185185185,2.2030947513331118e-16,9.796767224732148e-15,6.973603948968182e-15,1.0670836142733216e-14,6.973610702207609e-15,1.0670832278994846e-14,96,9.177982994954226e-07,3.665872503840008e-17,25036285319.089172
E4,bottom,-8,1,s,-0.5185185185185185,-8.73182530736666e-08,-4.1075624970122094e-07,-8.731820029338749e-08,-4.107563170962506e-07,-8.731820024983585e-08,-4.107563169945497e-07,768,0.008968556384707458,8.339681396490636e-10,10754075.555549944
E4,bottom,-8,1,p,-0.5185185185185185,-3.768741088725338e-09,3.9056879465249807e-07,-3.769066431579717e-09,3.9056861343541356e-07,-3.769066475736032e-09,3.9056861341083267e-07,768,0.002210434085816562,2.1742651888835947e-10,10166349.97937643
E4,bottom,-8,2,s,-0.5185185185185185,-1.6869091635455867e-13,4.967867883450324e-13,-3.4883460117109056e-13,2.7279814274120937e-13,-3.4953329052858157e-13,2.7236213584846977e-13,768,0.0007305878000080654,1.5888623331871256e-17,45981818861711.39
E4,bottom,-8,2,p,-0.5185185185185185,1.1789362656628447e-12,6.054686757376746e-13,-4.412772593600921e-14,7.257345126249435e-13,-4.509057862678162e-14,7.246336534660384e-13,768,0.0004169348950640674,9.783258687466648e-18,42617179856258.27
E4,bottom,-7,-2,s,-0.5185185185185185,9.366550657591814e-14,-1.704113779663791e-13,1.823313277019507e-13,-2.69535459914479e-13,1.8224377130286157e-13,-2.697775961372647e-13,768,0.0025768899485698344,1.2028707927988128e-16,21422832477077.48
E4,bottom,-7,-2,p,-0.5185185185185185,2.7710898089032472e-14,1.3670753561157183e-13,1.630225374198538e-13,5.088630067999322e-13,1.629284816227159e-13,5.08965472448315e-13,768,0.0017923158272109775,6.489648930246543e-17,27618070661071.754
E4,bottom,-7,-1,s,-0.5185185185185185,1.3824489108405064e-08,5.412454623976296e-08,1.3824488903366308e-08,5.412454474510376e-08,1.3824488912991825e-08,5.412454476966462e-08,768,0.10296004505452565,1.2603792016779527e-08,8168973.664231695
E4,bottom,-7,-1,p,-0.5185185185185185,6.923869795187059e-09,2.7155475218544053e-08,6.923856537597429e-09,2.7155507947767016e-08,6.923856549297421e-09,2.7155507915874293e-08,768,0.01677114560682545,4.557508283257436e-10,36798936.09505067
E4,bottom,-7,0,s,-0.5185185185185185,-5.581947457173193e-06,2.4859524795914614e-05,-5.581947457901732e-06,2.4859524795407154e-05,-5.581947457904432e-06,2.485952479541366e-05,264,0.4853596271007038,8.561977579629703e-05,5668.779468138891
E4,bottom,-7,0,p,-0.5185185185185185,-1.5490976794005253e-14,-2.145805973840977e-15,-1.5479209039482742e-14,-2.29566821821094e-15,-1.5479209407589032e-14,-2.2956685911809145e-15,96,2.726978514568976e-05,1.0908880626177745e-14,2499778490.586027
E4,bottom,-7,1,s,-0.5185185185185185,1.3824463444338016e-08,5.412456250083949e-08,1.3824470985940686e-08,5.412456688152479e-08,1.3824470987867606e-08,5.412456688735709e-08,768,0.10296004505452576,1.2603795850947234e-08,8168971.179169633
E4,bottom,-7,1,p,-0.5185185185185185,-6.923847166212309e-09,-2.7155463579799624e-08,-6.923836086347743e-09,-2.7155455718370383e-08,-6.923836098070424e-09,-2.7155455716110367e-08,768,0.016771145606825463,4.5574992356166106e-10,36799009.14905232
E4,bottom,-7,2,s,-0.5185185185185185,-2.1256688581237772e-13,4.7987111953185474e-14,-8.680923995285093e-14,1.8152434903485964e-13,-8.683761675980741e-14,1.8146470345440764e-13,768,0.002576889948569838,7.432734902366597e-17,34669472037127.965
E4,bottom,-7,2,p,-0.5185185185185185,7.330078099876875e-14,1.2190140389696042e-13,3.9966050612197434e-13,4.826513724594121e-13,3.998379381043341e-13,4.826489009160154e-13,768,0.0017923158272109803,7.611066477830713e-17,23548813197619.34
E4,bottom,-6,-2,s,-0.5185185185185185,-9.371592363092518e-14,1.6229999766011946e-13,-6.330986088483181e-14,3.775653737423786e-14,-6.330544855894023e-14,3.7761773010877285e-14,768,0.008573848742048949,2.4693945238138946e-16,34720449322155.844
E4,bottom,-6,-2,p,-0.5185185185185185,5.6147489121291634e-14,7.285713230732825e-14,9.434504803651293e-14,2.646752737639214e-14,9.441266155398271e-14,2.6450593433554875e-14,768,0.007644570647529901,8.612630099372545e-17,88760001989251.0
E4,bottom,-6,-1,s,-0.5185185185185185,4.746306809522881e-07,-5.956970605258588e-07,4.74630680532256e-07,-5.956970624680636e-07,4.7463068053265623e-07,-5.956970624721117e-07,768,0.4667143334732974,2.5595889292496786e-06,182339.56559974287
E4,bottom,-6,-1,p,-0.5185185185185185,9.065982568857894e-08,-3.8313227586916905e-07,9.065982720669102e-08,-3.831322737024896e-07,9.065982720816283e-08,-3.831322737007303e-07,768,0.23120946827799696,4.2822344823469686e-07,539927.1553931296
E4,bottom,-6,0,s,-0.5185185185185185,-2.3547625049691326e-06,1.5079593459657495e-06,-2.3547625039067826e-06,1.5079593466957136e-06,-2.3547625039096337e-06,1.5079593466948829e-06,264,0.6298418012328938,9.396965984055039e-06,67026.0807905043
E4,bottom,-6,0,p,-0.5185185185185185,-5.130489805861099e-15,-7.793670075210415e-15,-5.141875224223713e-15,-7.753639701976708e-15,-5.1418757113842464e-15,-7.753639412320885e-15,96,7.108618698174093e-05,1.9238552672843107e-14,3694986218.0685387
E4,bottom,-6,1,s,-0.5185185185185185,4.7463066823771286e-07,-5.956970521188969e-07,4.746306686255946e-07,-5.956970520231664e-07,4.746306686249185e-07,-5.956970520233732e-07,768,0.46671433347329777,2.559588876851301e-06,182339.56933248992
E4,bottom,-6,1,p,-0.5185185185185185,-9.065979309352665e-08,3.8313225025915563e-07,-9.065979168362564e-08,3.8313224861478945e-07,-9.065979168236985e-08,3.831322486115465e-07,768,0.2312094682779971,4.282234127820838e-07,539927.200093695
E4,bottom,-6,2,s,-0.5185185185185185,8.002853197521106e-14,-4.4389743039006417e-14,2.1024399950060446e-14,-3.6211161045409096e-14,2.1035774626340193e-14,-3.621904821914035e-14,768,0.008573848742048957,1.4031503378943692e-16,61104277357159.48
E4,bottom,-6,2,p,-0.5185185185185185,2.693850795780382e-14,-1.3738970041099876e-13,9.766216746870431e-15,-1.8607497168346104e-13,9.699734176272043e-15,-1.861734812480548e-13,768,0.0076445706475299115,1.637585925333259e-16,46681951336228.01
E4,bottom,-5,-2,s,-0.5185185185185185,-6.318530871738778e-15,-2.8726593439054896e-14,-2.1061601982397616e-14,-4.8542020914335773e-14,-2.106737536045135e-14,-4.8546599557360464e-14,768,0.017512518380625994,1.1910450428470905e-15,14703489583201.512
E4,bottom,-5,-2,p,-0.5185185185185185,-5.3668330084388185e-14,-3.6544584046699975e-14,-2.6365144441717106e-14,-2.929113660589321e-14,-2.6336318936019242e-14,-2.926702022053007e-14,768,0.023113959260259175,1.6239376016402344e-16,142332804147851.88
E4,bottom,-5,-1,s,-0.5185185185185185,-1.5963471671855705e-06,3.98147108671858e-07,-1.5963471696019234e-06,3.9814710541078994e-07,-1.5963471695996953e-06,3.9814710540728535e-07,768,0.40764485295021535,5.529010868752071e-06,73728.35080756915
E4,bottom,-5,-1,p,-0.5185185185185185,-1.8113981946685755e-06,6.232470920603702e-07,-1.8113981946718834e-06,6.232470871200913e-07,-1.811398194674184e-06,6.23247087117378e-07,768,0.48105584999735207,3.7705005318865543e-06,127584.08225357225
E4,bottom,-5,0,s,-0.5185185185185185,-4.2348749498619e-06,3.3335032864869497e-06,-4.234874950572094e-06,3.333503286330049e-06,-4.234874950567222e-06,3.333503286331556e-06,264,0.7445889421622937,1.8111988238973842e-05,41110.281893849075
E4,bottom,-5,0,p,-0.5185185185185185,-1.5598002040733746e-14,-4.005365976617839e-15,-1.5576534519644297e-14,-3.993807277288413e-15,-1.557653434291018e-14,-3.993807506784395e-15,96,0.00010765321527113807,4.7412937126049406e-14,2270545167.554948
E4,bottom,-5,1,s,-0.5185185185185185,-1.5963471829415702e-06,3.981470973914735e-07,-1.5963471818126824e-06,3.981471019841526e-07,-1.5963471818157419e-06,3.981471019845568e-07,768,0.40764485295021546,5.529010905801424e-06,73728.35031352282
E4,bottom,-5,1,p,-0.5185185185185185,1.8113982017041695e-06,-6.232470900605572e-07,1.8113981999517638e-06,-6.23247093485087e-07,1.8113981999565866e-06,-6.232470934851955e-07,768,0.4810558499973522,3.7705005457960355e-06,127584.08178291106
E4,bottom,-5,2,s,-0.5185185185185185,-1.1722680477478123e-14,2.6394760867390317e-14,2.1556434087870194e-14,2.533564466766441e-14,2.15483822392142e-14,2.5341089404451724e-14,768,0.01751251838062601,7.486495069257925e-16,23392145748600.465
E4,bottom,-5,2,p,-0.5185185185185185,-6.487858123216139e-14,-4.075086881248941e-14,-2.842861786013664e-14,9.00305281284956e-15,-2.8411017018983533e-14,8.988951676421258e-15,768,0.023113959260259196,1.2290919930070782e-16,188057195000586.78
E4,bottom,-4,-2,s,-0.5185185185185185,-1.7647604222340679e-13,-9.388136939583935e-14,-1.7437597016441115e-13,-9.905927015404966e-14,-1.7437681631651647e-13,-9.906013465690809e-14,768,0.008642643604897835,1.402651981353914e-14,616164502655.5695
E4,bottom,-4,-2,p,-0.5185185185185185,-1.259479011120534e-13,1.1746875839152405e-13,-1.2157963553421655e-13,8.478445008620932e-14,-1.2161883414205152e-13,8.477416295398045e-14,768,0.041673108451671305,1.3332018575568985e-15,31257913582596.984
E4,bottom,-4,-1,s,-0.5185185185185185,1.316668942941806e-07,1.327484446660439e-06,1.3166689380197124e-07,1.3274844463944797e-06,1.3166689380138144e-07,1.327484446394317e-06,768,0.12191271892962335,4.4830432462786405e-06,27194.18757131614
E4,bottom,-4,-1,p,-0.5185185185185185,8.58893170811655e-07,7.434688280115103e-06,8.588931733013454e-07,7.434688277451432e-06,8.588931733088039e-07,7.4346882774541205e-06,768,0.6873979930950065,1.765383304037785e-05,38937.605874191155
E4,bottom,-4,0,s,-0.5185185185185185,1.1481568343736828e-05,7.893204807803336e-06,1.1481568343486102e-05,7.893204807471998e-06,1.1481568343485194e-05,7.893204807477859e-06,264,0.8032216500988643,4.6823765333831326e-05,17154.14478891805
E4,bottom,-4,0,p,-0.5185185185185185,-3.314495938047911e-15,6.131974282454682e-15,-3.2804450835665593e-15,6.065309668421579e-15,-3.2804453815876006e-15,6.065309703715917e-15,96,0.00012758261493886852,2.302466806757668e-14,5541127219.051217
E4,bottom,-4,1,s,-0.5185185185185185,1.3166688060298012e-07,1.3274844484553345e-06,1.3166688101793825e-07,1.327484448091466e-06,1.3166688101760542e-07,1.3274844480908222e-06,768,0.12191271892962335,4.483043247711773e-06,27194.18756262274
E4,bottom,-4,1,p,-0.5185185185185185,-8.588931844694589e-07,-7.434688297960343e-06,-8.588931862613924e-07,-7.434688298935866e-06,-8.588931862604965e-07,-7.434688298931503e-06,768,0.6873979930950064,1.765383309421079e-05,38937.605755456265
E4,bottom,-4,2,s,-0.5185185185185185,-1.5986267479662483e-13,-1.534253611232649e-13,-1.635487319058195e-13,-1.4690689843752212e-13,-1.6355035562789116e-13,-1.4690584450634525e-13,768,0.008642643604897837,1.5375756947164463e-14,562095488020.2942
E4,bottom,-4,2,p,-0.5185185185185185,1.588515198204697e-13,-9.285602592424695e-14,1.5857506509536287e-13,-1.1620864761905037e-13,1.5857562274063004e-13,-1.1622751544161484e-13,768,0.041673108451671326,1.7681007228662438e-15,23569419950304.426
E4,bottom,-3,-2,s,-0.5185185185185185,1.3345115272597985e-13,-7.549444082789205e-14,1.4514545256381967e-13,-5.548738860437093e-14,1.4514087435690527e-13,-5.548707791739783e-14,768,0.01891562915998291,7.905136983728303e-15,2392827499247.423
E4,bottom,-3,-2,p,-0.5185185185185185,-4.144476829752117e-14,-7.797767739584258e-14,-3.838566435757604e-14,-6.569001683363474e-14,-3.8220114801054743e-14,-6.565017311825909e-14,768,0.040834563817070596,5.574365615798423e-16,73254190039742.86
E4,bottom,-3,-1,s,-0.5185185185185185,4.205068665495509e-06,2.1607375259848626e-06,4.205068665439277e-06,2.160737524894709e-06,4.205068665438784e-06,2.160737524894491e-06,768,0.28769037522734603,1.5888009783235234e-05,18107.389103631605
E4,bottom,-3,-1,p,-0.5185185185185185,-9.833658763210317e-06,-5.0246178144844806e-06,-9.833658765777972e-06,-5.0246178117367235e-06,-9.833658765781355e-06,-5.024617811733698e-06,768,0.6706855734844243,2.4949151825112315e-05,26882.09916656776
E4,bottom,-3,0,s,-0.5185185185185185,9.891071292905834e-07,6.4644697908337375e-06,9.89107128943249e-07,6.464469788978481e-06,9.891071289413054e-07,6.464469788980916e-06,264,0.8167282711759877,2.197752152615807e-05,37161.982537653384
E4,bottom,-3,0,p,-0.5185185185185185,6.4638871127796854e-15,1.0173095191965376e-14,6.559282833751831e-15,1.0208729303019403e-14,6.5592832164962465e-15,1.02087299859629e-14,96,0.00012559810208119765,3.9308951539215186e-14,3195152685.6649723
E4,bottom,-3,1,s,-0.5185185185185185,4.20506867555391e-06,2.1607375269180087e-06,4.20506867514037e-06,2.160737526263656e-06,4.205068675138487e-06,2.1607375262619956e-06,768,0.287690375227346,1.588800981432883e-05,18107.389068194574
E4,bottom,-3,1,p,-0.5185185185185185,9.833658758350597e-06,5.0246178211708934e-06,9.833658760250797e-06,5.024617821480398e-06,9.833658760247629e-06,5.024617821478552e-06,768,0.6706855734844243,2.4949151823996772e-05,26882.099167769728
E4,bottom,-3,2,s,-0.5185185185185185,1.3260252448544817e-13,-3.6584487575129986e-14,1.3429049840883096e-13,-3.8597582887904015e-14,1.3428276179958097e-13,-3.8598841785295855e-14,768,0.018915629159982912,7.108169065923505e-15,2661111319181.2305
E4,bottom,-3,2,p,-0.5185185185185185,2.4905194290094856e-14,4.959734819916906e-14,-2.8589784654314715e-15,4.8270194555889494e-14,-2.837099704705135e-15,4.824808261516328e-14,768,0.0408345638170706,3.5465815908174585e-16,115137810230550.95
E4,bottom,-2,-2,s,-0.5185185185185185,2.0090680193898833e-14,1.0257270753194752e-14,-1.508505023109244e-14,-2.0929519954133496e-15,-1.505009259860431e-14,-2.1087513259724142e-15,768,0.020847321834599926,1.6689673580425346e-16,124911501319300.34
E4,bottom,-2,-2,p,-0.5185185185185185,1.67039776010583e-14,-1.1129075377841844e-14,5.517492203320718e-14,4.8945033152964503e-14,5.488119938206604e-14,4.871436608923606e-14,768,0.022713677588474604,1.7352570420932328e-16,130895175973901.81
E4,bottom,-2,-1,s,-0.5185185185185185,3.2420243669175414e-06,1.8086502997450013e-07,3.242024369400411e-06,1.8086502960383787e-07,3.2420243693983044e-06,1.808650296070005e-07,768,0.5628181812130372,1.0912011224974192e-05,51577.85944399707
E4,bottom,-2,-1,p,-0.5185185185185185,-2.6831685800578637e-06,-1.5041246758265664e-07,-2.683168580884181e-06,-1.504124671765972e-07,-2.683168580898412e-06,-1.5041246717714213e-07,768,0.4658312077737863,4.4868967065495184e-06,103820.35474402897
E4,bottom,-2,0,s,-0.5185185185185185,1.8873112709112057e-05,4.060557260846753e-05,1.8873112711098345e-05,4.0605572609587616e-05,1.887311271110026e-05,4.060557260958742e-05,264,0.7949794811514372,0.00015047931622993036,5282.981748380085
E4,bottom,-2,0,p,-0.5185185185185185,-2.298443761270626e-15,2.0428190948381972e-15,-2.2634929656801128e-15,2.0647249652704835e-15,-2.2634927614140284e-15,2.064728047881105e-15,96,0.00010360144483305737,8.118350107620797e-15,12761391595.541733
E4,bottom,-2,1,s,-0.5185185185185185,3.2420243689182954e-06,1.8086503480004828e-07,3.2420243687931036e-06,1.8086503640758844e-07,3.2420243687949492e-06,1.808650364091395e-07,768,0.5628181812130368,1.0912011224222996e-05,51577.85944754772
E4,bottom,-2,1,p,-0.5185185185185185,2.6831685804931696e-06,1.5041247475847336e-07,2.683168581211464e-06,1.5041247561583402e-07,2.6831685812108924e-06,1.5041247561885719e-07,768,0.4658312077737862,4.486896707859286e-06,103820.35471372282
E4,bottom,-2,2,s,-0.5185185185185185,-2.1819498651795216e-14,9.164632605391155e-16,-1.6812722868815728e-14,-5.429828289987463e-16,-1.6818526904156005e-14,-5.833934769740224e-16,768,0.02084732183459993,1.848144572358606e-16,112801358434824.89
E4,bottom,-2,2,p,-0.5185185185185185,-7.539722054761749e-15,-2.287615459451046e-14,7.67760730816291e-14,9.319042612028137e-15,7.6560843119372e-14,9.214552721062629e-15,768,0.022713677588474604,1.8234723016931677e-16,124562778208278.98
E4,bottom,-1,-2,s,-0.5185185185185185,-7.941243597095051e-14,1.1643678773771703e-13,-4.719479287494846e-14,2.2107544396389033e-13,-4.713974278442917e-14,2.2099497106206055e-13,768,0.010649752435902781,3.1613883798941986e-16,33686947493174.48
E4,bottom,-1,-2,p,-0.5185185185185185,4.855256431456352e-14,8.286795160324625e-14,1.607988707602917e-13,-8.511708819997258e-14,1.6122962002511852e-13,-8.568973164958336e-14,768,0.008508672614232262,7.448187547978502e-17,114238162766746.98
E4,bottom,-1,-1,s,-0.5185185185185185,-2.9979247876415532e-05,-3.244033105307121e-05,-2.997924787698737e-05,-3.2440331054355886e-05,-2.997924787700609e-05,-3.2440331054377496e-05,768,0.6678436830910001,0.00014843625319489861,4499.195235102797
E4,bottom,-1,-1,p,-0.5185185185185185,9.298955627952572e-06,1.0057723820039525e-05,9.29895562950658e-06,1.0057723823813548e-05,9.298955629494899e-06,1.0057723823820707e-05,768,0.20703923004454403,8.079879766483392e-06,25624.048380444376
E4,bottom,-1,0,s,-0.5185185185185185,-1.760248182856176e-05,-3.3792649492679925e-06,-1.760248182852695e-05,-3.379264951362311e-06,-1.7602481828517445e-05,-3.3792649513539298e-06,264,0.7388119527760154,6.0234582853448224e-05,12265.577642889262
E4,bottom,-1,0,p,-0.5185185185185185,6.546276142864532e-17,1.4450137147874452e-14,5.882807718200274e-17,1.4363025608439205e-14,5.882745216255103e-17,1.4363021511711275e-14,96,6.926354789688504e-05,2.2550971685604378e-14,3071421882.0601892
E4,bottom,-1,1,s,-0.5185185185185185,-2.997924784816503e-05,-3.244033102543233e-05,-2.9979247846761495e-05,-3.244033102534338e-05,-2.9979247846779293e-05,-3.2440331025337174e-05,768,0.6678436830909997,0.0001484362530542889,4499.1952393647625
E4,bottom,-1,1,p,-0.5185185185185185,-9.298955619781918e-06,-1.0057723814581672e-05,-9.29895561497578e-06,-1.0057723814402055e-05,-9.298955614989476e-06,-1.0057723814398936e-05,768,0.20703923004454391,8.079879756594062e-06,25624.04841180679
E4,bottom,-1,2,s,-0.5185185185185185,8.589194298819707e-14,-1.1663579410207462e-13,7.934288536218556e-14,-1.9426198200209696e-13,7.945400216483849e-14,-1.9431662191344905e-13,768,0.01064975243590278,2.9370700809545606e-16,36259783193329.74
E4,bottom,-1,2,p,-0.5185185185185185,1.3077911084714497e-13,1.1717429167267051e-13,1.2026692399839998e-14,-1.1989654049411452e-13,1.1771664768354916e-14,-1.1935138032828064e-13,768,0.008508672614232262,4.8922910528923214e-17,173920000307462.03
E4,bottom,0,-2,s,-0.5185185185185185,3.226320402117744e-13,-3.731402818703114e-13,3.4556600597327954e-13,-3.77917463787605e-13,3.4466121896287684e-13,-3.779995154390355e-13,360,0.003946774375924009,7.403815539406112e-17,53307302902370.73
E4,bottom,0,-2,p,-0.5185185185185185,1.5848648737126109e-13,-1.8840898998426274e-13,1.4273169214190561e-13,-2.2158861109003432e-13,1.425182438610481e-13,-2.211915072818082e-13,360,0.0025220507779591603,1.3329192269989485e-17,189212573940997.7
E4,bottom,0,-1,s,-0.5185185185185185,-5.005588491510687e-09,-9.73388614643202e-12,-5.005587607754257e-09,-9.732812683478138e-12,-5.005587699452008e-09,-9.733032847346304e-12,360,0.05353382411949605,1.1045180467022713e-10,484680393.2206494
E4,bottom,0,-1,p,-0.5185185185185185,1.8457382689967118e-09,5.196462557784777e-10,1.8457413059227692e-09,5.196443847348985e-10,1.8457411995128453e-09,5.196438025101555e-10,360,0.012410571925448128,7.792836822817463e-12,1592561503.2910628
E4,bottom,0,0,s,-0.5185185185185185,3.0061248177886566e-05,-0.19235093731445782,3.0061248177124314e-05,-0.19235093731445957,3.0061248177124283e-05,-0.19235093731445954,96,0.6434608330394073,0.6434538130731622,1.0000109098215015
E4,bottom,0,0,p,-0.5185185185185185,7.393519646955419e-13,-2.4654478696512587e-13,7.462706765189622e-13,-2.3678234944184566e-13,7.462706379078708e-13,-2.3678253425905176e-13,96,8.127441155917489e-07,1.9762198168753113e-16,4112620006.395921
E4,bottom,0,1,s,-0.5185185185185185,-5.005549924755043e-09,-9.817915542064682e-12,-5.005550250822162e-09,-9.819192489303778e-12,-5.005550578062395e-09,-9.819182443977002e-12,360,0.05353382411949605,1.10450989276462e-10,484683971.32686025
E4,bottom,0,1,p,-0.5185185185185185,-1.8456952958338553e-09,-5.196083553860859e-10,-1.8456915119115236e-09,-5.196102830735336e-10,-1.8456914900568628e-09,-5.19610296968008e-10,360,0.012410571925448128,7.792605458453548e-12,1592608786.8320003
E4,bottom,0,2,s,-0.5185185185185185,-5.337101971882714e-13,3.1871762233050143e-13,-5.153760457599053e-13,3.077836232581411e-13,-5.150872113045086e-13,3.073677705106101e-13,360,0.003946774375924009,8.68158246195028e-17,45461462737029.43
E4,bottom,0,2,p,-0.5185185185185185,3.808485662563657e-13,-4.0411041299675686e-13,4.07728395172004e-13,-3.752224896514013e-13,4.06997464162559e-13,-3.7556482677045396e-13,360,0.0025220507779591607,2.8053578193417756e-17,89901215473144.61
E4,bottom,1,-2,s,-0.5185185185185185,1.234835526551945e-13,-4.696228788768415e-14,-1.3126463931845814e-13,-1.2088036894129922e-13,-1.321805342377637e-13,-1.1982280062815774e-13,768,0.0014295435973893072,2.430264984621331e-18,588225401935768.8
E4,bottom,1,-2,p,-0.5185185185185185,-2.2109929682606544e-12,-1.3889069363683053e-12,-4.757154444772073e-12,-1.060650133724883e-12,-4.758376222827769e-12,-1.0590223688510823e-12,768,0.0007596312533511486,2.5919625596945555e-17,29307184647013.797
E4,bottom,1,-1,s,-0.5185185185185185,1.4164862901564957e-09,-4.2073796564914303e-10,1.4164947585051556e-09,-4.207419119379726e-10,1.4164946931689036e-09,-4.2074176410664674e-10,768,0.009145208835477316,7.106038401435468e-13,12869630473.190128
E4,bottom,1,-1,p,-0.5185185185185185,6.342988234821738e-10,3.7171622030420616e-10,6.344619472761847e-10,3.713283008669345e-10,6.344614775004405e-10,3.7132778709161397e-10,768,0.002207418654235845,1.1383775464505657e-13,19390918778.383533
E4,bottom,1,0,s,-0.5185185185185185,6.948857337288606e-05,-1.4838204420376435e-05,6.94885733584654e-05,-1.4838204340468788e-05,6.94885733592106e-05,-1.4838204340686844e-05,264,0.019333791291556372,1.6352146239442535e-07,118233.96763002216
E4,bottom,1,0,p,-0.5185185185185185,1.5253029764415358e-15,-5.711594293911465e-14,1.2052339765188812e-15,-6.928060212951761e-14,1.2052350862033883e-15,-6.928060494963086e-14,96,1.3915075304628418e-06,4.3909130622085896e-17,31690619029.540203
E4,bottom,1,1,s,-0.5185185185185185,1.4163158537080355e-09,-4.2080618165338733e-10,1.4162880738021466e-09,-4.209352385077357e-10,1.4162891390106977e-09,-4.2093324904781623e-10,768,0.009145208835477314,7.105353106601649e-13,12870871719.21184
E4,bottom,1,1,p,-0.5185185185185185,-6.344041954276746e-10,-3.716717781152238e-10,-6.348010393387455e-10,-3.718210980359277e-10,-6.348001169452267e-10,-3.718204801003513e-10,768,0.0022074186542358452,1.1392155676967672e-13,19376654575.557983
E4,bottom,1,2,s,-0.5185185185185185,-2.3662210388004915e-13,-1.2474939746621955e-13,-1.0769794187568428e-13,-2.155202462708555e-13,-1.1023933023983633e-13,-2.1770805489863846e-13,768,0.0014295435973893074,3.324144336088636e-18,430048593819901.4
E4,bottom,1,2,p,-0.5185185185185185,-3.2533996747481393e-12,-2.601801893677781e-12,-3.3675402788840946e-12,-1.4260949229656283e-12,-3.3669018628549255e-12,-1.4302259547952172e-12,768,0.0007596312533511487,1.9450266238526146e-17,39055056832410.234
E4,bottom,2,-2,s,-0.5185185185185185,8.430546210399234e-13,-1.4314612753957554e-12,-1.0967731007887833e-12,-2.25740893909185e-12,-1.0936001959365815e-12,-2.2534624246540262e-12,768,0.0004591406413839546,3.0564319866709624e-18,150221121682490.44
E4,bottom,2,-2,p,-0.5185185185185185,5.4339872705999755e-12,5.682127470752794e-13,3.313609544624858e-12,4.022363040503746e-12,3.3147915183869527e-12,4.01637330010476e-12,768,0.000208149990686098,2.6543717073231734e-18,78417800382603.1
E4,bottom,2,-1,s,-0.5185185185185185,-2.2573047441001323e-08,-7.287464434676959e-08,-2.2572706278825808e-08,-7.287542398738572e-08,-2.2572707556170984e-08,-7.287542122352902e-08,768,0.0020265410730628862,1.5694566255387683e-12,1291237387.568585
E4,bottom,2,-1,p,-0.5185185185185185,1.136180595083343e-07,-1.3266033087155612e-07,1.1361758920294774e-07,-1.3265973716419604e-07,1.1361758849690087e-07,-1.326597380956942e-07,768,0.0004408042967197003,1.3813533235178374e-12,319110461.61392045
E4,bottom,2,0,s,-0.5185185185185185,-1.757440672321555e-05,3.6081043155298173e-06,-1.757440680613555e-05,3.6081043545755603e-06,-1.7574406807691986e-05,3.608104354982702e-06,264,0.003414461773317349,1.1122369520920247e-09,3069904.993621217
E4,bottom,2,0,p,-0.5185185185185185,-1.8369202153127647e-13,-6.445294315356182e-14,-2.1281575186719806e-13,-1.2237469953755595e-13,-2.1281579415142303e-13,-1.2237486158725405e-13,96,3.0333955891752996e-07,5.576724269259951e-18,54393859956.39051
E4,bottom,2,1,s,-0.5185185185185185,-2.2573681281151373e-08,-7.287434945857008e-08,-2.2572642705784702e-08,-7.287470253218739e-08,-2.2572644529722562e-08,-7.287470080904762e-08,768,0.0020265410730628867,1.5694420851720373e-12,1291249350.4599397
E4,bottom,2,1,p,-0.5185185185185185,-1.136177660925848e-07,1.326595020305344e-07,-1.1361710697430423e-07,1.3265952777896604e-07,-1.1361710702997178e-07,1.326595265522895e-07,768,0.0004408042967197004,1.3813495759352066e-12,319111327.3562671
E4,bottom,2,2,s,-0.5185185185185185,-6.728017139319322e-13,7.657293592940094e-13,1.2217219350558599e-12,1.458951180115712e-12,1.2191549454136605e-12,1.467871697048645e-12,768,0.0004591406413839545,2.3283598966299397e-18,197194876122249.44
E4,bottom,2,2,p,-0.5185185185185185,4.89007112101076e-12,2.0476964873932455e-12,6.027507588752693e-12,5.235469844704421e-12,6.035095068052148e-12,5.235878775092551e-12,768,0.00020814999068609796,4.072486712682624e-18,51111275584490.64
E4,bottom,3,-2,s,-0.5185185185185185,-2.9925700903943454e-12,1.6038333544813517e-12,1.0060563748804037e-11,4.9624936921865334e-12,1.0062576731336443e-11,4.97204909872296e-12,768,0.00013545993536623948,1.1920937033997663e-18,113631952739887.31
E4,bottom,3,-2,p,-0.5185185185185185,-6.5182350229646505e-12,-3.3980933812018897e-12,1.1691700775936668e-11,-1.5115527611893515e-11,1.1712226990969146e-11,-1.511935096880034e-11,768,5.3419696659716377e-05,8.868489384279844e-19,60235395618116.61
E4,bottom,3,-1,s,-0.5185185185185185,5.256136418089543e-07,2.0876104435964535e-07,5.256115014973105e-07,2.0876285869737963e-07,5.256115027176992e-07,2.087628630036376e-07,768,0.0004795159960228787,6.330562965574106e-13,757461853.9149028
E4,bottom,3,-1,p,-0.5185185185185185,3.784582001494385e-07,2.049463054134203e-06,3.784547222245302e-07,2.049469839277067e-06,3.784547178825918e-07,2.0494698432168307e-06,768,9.260156563206524e-05,9.763398234845924e-13,94845629.97908543
E4,bottom,3,0,s,-0.5185185185185185,1.1151508568431577e-07,1.7835911101101519e-06,1.115156548348129e-07,1.7835896183007172e-06,1.1151565011214762e-07,1.7835896189497465e-06,264,0.0007291551378825003,4.786825515825216e-12,152325405.5264638
E4,bottom,3,0,p,-0.5185185185185185,-7.315093138889886e-13,3.675109561005441e-13,-1.0161713195711394e-12,3.3422217967052973e-13,-1.0161715193979984e-12,3.342222841745608e-13,96,7.312482562837641e-08,1.174654851962728e-18,62252180294.65617
E4,bottom,3,1,s,-0.5185185185185185,5.256139411075377e-07,2.087605042061055e-07,5.256118987712107e-07,2.0876033903496235e-07,5.256119056861362e-07,2.0876034654145394e-07,768,0.0004795159960228786,6.330556759969474e-13,757462596.4260225
E4,bottom,3,1,p,-0.5185185185185185,-3.784565552430444e-07,-2.049460756004389e-06,-3.7845280668605854e-07,-2.049455506032957e-06,-3.784528031917337e-07,-2.049455502296249e-06,768,9.260156563206524e-05,9.76333054061224e-13,94846287.59302291
E4,bottom,3,2,s,-0.5185185185185185,-3.9046966604511295e-13,-5.089488316638604e-12,-1.820312069492288e-12,-1.0267915835580815e-12,-1.821539550348288e-12,-1.0093074699890281e-12,768,0.0001354599353662394,2.2117973161749113e-19,612442805566398.9
E4,bottom,3,2,p,-0.5185185185185185,-2.243674852551058e-12,-1.3934880995001334e-13,4.8703051957959015e-12,-8.900351454858145e-12,4.885352462994982e-12,-8.911370630146133e-12,768,5.341969665971636e-05,4.712500589363024e-19,113357432315858.78
E4,bottom,4,-2,s,-0.5185185185185185,2.9937683438142783e-12,1.3867368899218685e-11,1.848395884385788e-11,1.1379004947567399e-11,1.8511577099786127e-11,1.1363032008417534e-11,768,3.7265605724203424e-05,1.9720692894483584e-19,188967020193431.6
E4,bottom,4,-2,p,-0.5185185185185185,-2.875079572480138e-11,-3.108568642644319e-11,-5.247728732009909e-11,-6.629409105758604e-11,-5.2500587086905834e-11,-6.626981294389943e-11,768,1.2982789764650948e-05,3.4537098863523074e-19,37590852132525.05
E4,bottom,4,-1,s,-0.5185185185185185,4.273677772506813e-07,-1.325299566722872e-06,4.2735890841258487e-07,-1.3252876893063074e-06,4.273588913600204e-07,-1.3252877294537588e-06,768,0.00011485448064330674,9.576784880562051e-14,1199301039.7093315
E4,bottom,4,-1,p,-0.5185185185185185,2.254771797089571e-06,1.3660173963500353e-07,2.2548191986828313e-06,1.3655418925764478e-07,2.2548191755765806e-06,1.3655419610661428e-07,768,1.9776039265590096e-05,6.824853904064985e-14,289765019.7876205
E4,bottom,4,0,s,-0.5185185185185185,3.0017827958749952e-05,-5.7521230978442116e-05,3.001782428641166e-05,-5.75212267441589e-05,3.0017824272274924e-05,-5.752122673815007e-05,264,0.00016540135687517543,9.24606794771717e-12,17888832.07547838
E4,bottom,4,0,p,-0.5185185185185185,6.169026715907911e-12,-4.5362351296176114e-12,6.413855852067688e-12,-5.1921816219765154e-12,6.4138578650142654e-12,-5.192179540488233e-12,96,1.7377013897803247e-08,5.111523440220348e-19,33995762909.09889
E4,bottom,4,1,s,-0.5185185185185185,4.2737058612066477e-07,-1.3252972363066869e-06,4.273684626022172e-07,-1.3253051950572435e-06,4.273684574776681e-07,-1.3253052139370929e-06,768,0.00011485448064330671,9.576919517699491e-14,1199284179.333861
E4,bottom,4,1,p,-0.5185185185185185,-2.254766168961523e-06,-1.3658978079770604e-07,-2.2548333462702866e-06,-1.3662285604699183e-07,-2.2548333481799363e-06,-1.366228555119204e-07,768,1.9776039265590093e-05,6.824909187440795e-14,289762672.62254536
E4,bottom,4,2,s,-0.5185185185185185,4.990015606173082e-12,-1.8681575143774923e-11,-1.1720112705411464e-11,-1.2396497319256107e-11,-1.1734398220190524e-11,-1.2445643759382141e-11,768,3.72656057242034e-05,1.553010675652747e-19,239957176782060.84
E4,bottom,4,2,p,-0.5185185185185185,-3.2958552719015606e-11,-2.328727950244013e-11,-3.294941384300899e-11,-2.789522646886012e-11,-3.290067107164076e-11,-2.786218295882719e-11,768,1.2982789764650943e-05,1.76118391577562e-19,73716263522275.94
E4,bottom,5,-2,s,-0.5185185185185185,-2.759277514610634e-11,-2.134774662626431e-11,-1.9192851351374047e-11,-6.620843325887666e-11,-1.923501268548302e-11,-6.62090015625793e-11,768,9.51973599466099e-06,5.28685912608557e-20,180064113070277.2
E4,bottom,5,-2,p,-0.5185185185185185,4.3844064218111133e-10,5.249994947848183e-11,3.1567064667231744e-10,1.0988012278886519e-10,3.1572669829186204e-10,1.0986711342631638e-10,768,2.9669902749832094e-06,1.1781682297307308e-19,25183078274494.91
E4,bottom,5,-1,s,-0.5185185185185185,-6.300118752138523e-06,1.1740741805160783e-05,-6.300177123230364e-06,1.174079072451397e-05,-6.300177105920751e-06,1.1740790749575515e-05,768,2.6832644544062382e-05,6.048506830058199e-14,443624274.5187443
E4,bottom,5,-1,p,-0.5185185185185185,-1.1154104138468994e-05,1.0353793603362215e-05,-1.1154028900191693e-05,1.0353966965018557e-05,-1.1154028946828106e-05,1.0353966991606411e-05,768,4.152650249391126e-06,3.1293049230290825e-14,132702000.97251862
E4,bottom,5,0,s,-0.5185185185185185,0.0031212357996068976,0.0025991351455722147,0.003121235795223644,0.002599135122595621,0.00312123579533065,0.0025991351226051533,264,3.746533036738397e-05,3.455862569074754e-11,1084109.3827818115
E4,bottom,5,0,p,-0.5185185185185185,-5.2630123730786784e-11,2.8837951242121278e-11,-5.43371436070878e-11,2.1216650135394164e-11,-5.433713840569095e-11,2.121664637601821e-11,96,3.880312879576282e-09,2.234548270869177e-19,17365088640.788002
E4,bottom,5,1,s,-0.5185185185185185,-6.300083281241223e-06,1.174075355554557e-05,-6.300122935091316e-06,1.1740737201116969e-05,-6.3001229108737275e-06,1.1740737284255042e-05,768,2.6832644544062366e-05,6.048473811901205e-14,443626696.2298066
E4,bottom,5,1,p,-0.5185185185185185,1.1154056764440427e-05,-1.0353819643142048e-05,1.1154045036790099e-05,-1.035383950552283e-05,1.1154045051623346e-05,-1.0353839501236979e-05,768,4.152650249391121e-06,3.129289515544957e-14,132702654.34893611
E4,bottom,5,2,s,-0.5185185185185185,1.575942880885265e-12,-4.03169673207112e-11,-6.5101651250866895e-12,4.8310063788215795e-11,-6.584067717251406e-12,4.819621187868864e-11,768,9.51973599466098e-06,3.7300410968628234e-20,255217992173534.47
E4,bottom,5,2,p,-0.5185185185185185,4.852551105209545e-10,1.8201391680298634e-10,1.20301084536613e-10,2.3975605269708566e-10,1.2024778478460944e-10,2.397730789685228e-10,768,2.9669902749832064e-06,9.453505989697477e-20,31385078490632.59
E4,bottom,6,-2,s,-0.5185185185185185,3.571439124983988e-10,2.1718615829413518e-11,4.052516567798989e-10,4.590670983292733e-11,4.055534060417741e-10,4.606767059021344e-11,768,2.2035555255946327e-06,2.6211621784903934e-20,84067881937153.81
E4,bottom,6,-2,p,-0.5185185185185185,-1.341251408465189e-09,-1.1567777155883323e-10,-1.4775003095774131e-09,-9.323157744743144e-10,-1.4775656772141069e-09,-9.324858802229626e-10,768,6.20819386077006e-07,5.237740947174694e-20,11852808154093.303
E4,bottom,6,-1,s,-0.5185185185185185,7.721264246151024e-05,-0.0004885108508752126,7.721273238024069e-05,-0.00048851067848283,7.721273230012907e-05,-0.0004885106786713585,768,5.856738006269246e-06,1.5521406797510994e-13,37733293.654853694
E4,bottom,6,-1,p,-0.5185185185185185,-0.0006414604157035759,-0.0007756265377294129,-0.0006414608012569987,-0.0007756249721378657,-0.0006414608012102076,-0.0007756249721035617,768,8.214745907054064e-07,1.4607555138151388e-13,5623628.20428392
E4,bottom,6,0,s,-0.5185185185185185,-0.0005173643326794676,0.0011784385019469744,-0.0005173643475230072,0.001178438586611371,-0.0005173643475761204,0.0011784385864915857,264,8.027828876279876e-06,7.026352868840818e-13,11425314.13684078
E4,bottom,6,0,p,-0.5185185185185185,1.3743295472071483e-12,2.331686877998005e-10,-4.81172169138e-11,2.0477013357316415e-10,-4.8117191693609004e-11,2.0477012268130851e-10,96,7.840083255639102e-10,5.290875163299472e-20,14818121792.066446
E4,bottom,6,1,s,-0.5185185185185185,7.721280369201247e-05,-0.0004885106737353272,7.721273030064704e-05,-0.0004885107049245073,7.721273028795796e-05,-0.0004885107049084172,768,5.856738006269242e-06,1.5521407600961812e-13,37733291.70162582
E4,bottom,6,1,p,-0.5185185185185185,0.0006414610994639964,0.0007756267824506035,0.0006414621670209109,0.000775627374460965,0.000641462167126493,0.0007756273744527393,768,8.214745907054057e-07,1.4607594639478823e-13,5623612.99707256
E4,bottom,6,2,s,-0.5185185185185185,2.7192017382025323e-10,1.155446878314894e-11,3.7590948927164736e-10,1.5946270138373747e-10,3.758960335116611e-10,1.5982088368428979e-10,768,2.203555525594629e-06,2.6230868588298524e-20,84006197437839.53
E4,bottom,6,2,p,-0.5185185185185185,-9.447012701397901e-10,-1.321724158998347e-09,-1.2659991727434597e-09,-1.4206309236655047e-09,-1.2659659365217465e-09,-1.4202780708095502e-09,768,6.208193860770049e-07,5.703555345912679e-20,10884778851526.37
E4,bottom,7,-2,s,-0.5185185185185185,5.082701881462911e-10,-8.51624175740767e-11,2.3524025406335636e-10,-1.5691388146464768e-10,2.356397099641174e-10,-1.572274217290556e-10,768,4.5643522706888694e-07,1.514223845785555e-21,301431805039429.75
E4,bottom,7,-2,p,-0.5185185185185185,1.9514417600698467e-09,-5.806823198131056e-10,2.0484364735086257e-09,-1.3706987497092016e-09,2.0479837953842025e-09,-1.3709584614367101e-09,768,1.1726667715003736e-07,6.2216909157235265e-21,18848039662928.242
E4,bottom,7,-1,s,-0.5185185185185185,-0.003736222242704291,-0.0008367455132300408,-0.0037362219719579348,-0.0008367455727967187,-0.0037362219718901552,-0.0008367455728753963,768,1.1794225469048139e-06,8.576479875226777e-14,13751825.504908888
E4,bottom,7,-1,p,-0.5185185185185185,-0.009843250262156891,-0.0011592115014812082,-0.00984324305272783,-0.001159228595260489,-0.009843243052790074,-0.0011592285953437647,768,1.5108210074226976e-07,1.0419202933806961e-13,1450035.1101911736
E4,bottom,7,0,s,-0.5185185185185185,0.00039387058087032227,-0.0049006768592781,0.00039387051656239404,-0.004900676936367738,0.0003938705166690209,-0.004900676936208788,264,1.6055517449028603e-06,1.8079054341800241e-13,8880728.574340828
E4,bottom,7,0,p,-0.5185185185185185,-5.576530067210322e-10,-7.715961306524336e-11,-6.73777891722313e-10,-4.857163102482086e-11,-6.737779564654576e-10,-4.857153483026174e-11,96,1.3551540892936813e-10,1.1629561003458409e-20,11652667619.101738
E4,bottom,7,1,s,-0.5185185185185185,-0.003736222841231649,-0.0008367463217733476,-0.0037362223284198416,-0.0008367455297022356,-0.00373622233084992,-0.0008367455284072163,768,1.179422546904813e-06,8.576480638094415e-14,13751824.281700538
E4,bottom,7,1,p,-0.5185185185185185,0.009843249182937061,0.0011592132502730537,0.009843237124389786,0.0011592065280497759,0.009843237124584115,0.0011592065283900074,768,1.5108210074226952e-07,1.0419194031352911e-13,1450036.3491421787
E4,bottom,7,2,s,-0.5185185185185185,-1.0773346334067754e-09,3.886827461473792e-10,-3.536752229659293e-10,2.766883827009764e-10,-3.542992539324722e-10,2.758537703041569e-10,768,4.564352270688865e-07,2.400199035984762e-21,190165573865260.16
E4,bottom,7,2,p,-0.5185185185185185,4.930304612458595e-10,-1.1945653500309811e-09,3.529983491468147e-09,-7.708156602437785e-11,3.529797505847054e-09,-7.58404017504861e-11,768,1.1726667715003715e-07,8.913114011238919e-21,13156645029130.188
E4,bottom,8,-2,s,-0.5185185185185185,-1.4664094394359967e-09,8.771981568358176e-10,-2.168774370593053e-09,9.899822620091866e-10,-2.1677847263415993e-09,9.921985339195056e-10,768,1.0496505918819844e-07,1.0558869989003202e-21,99409367950847.89
E4,bottom,8,-2,p,-0.5185185185185185,1.040518901918067e-08,8.924187900945611e-10,8.361178724542636e-09,5.1804965371459435e-09,8.361205008998314e-09,5.176971688692191e-09,768,2.4772798254676663e-08,2.0755401278089336e-21,11935591089163.059
E4,bottom,8,-1,s,-0.5185185185185185,-0.012065570279280138,0.019062474798238742,-0.012065564641186981,0.019062473576590872,-0.012065564640853987,0.019062473575420867,768,2.798667846066852e-07,3.6908258577112433e-14,7582768.610498364
E4,bottom,8,-1,p,-0.5185185185185185,-0.050575945443121856,0.07139681978314306,-0.05057583310993633,0.0713964051083713,-0.050575833109808725,0.07139640510691775,768,3.2959311862166575e-08,6.791131914595962e-14,485328.6944894736
E4,bottom,8,0,s,-0.5185185185185185,-0.03703064472175563,0.036881817483527,-0.03703064418617589,0.03688181737800318,-0.0370306441773651,0.036881817378095975,264,3.8645035078482565e-07,1.339839001672475e-13,2884304.385097261
E4,bottom,8,0,p,-0.5185185185185185,1.0382224610903578e-09,-1.214571918815177e-09,1.213621432639706e-09,-1.1946993823591821e-09,1.213621097649299e-09,-1.194699238327549e-09,96,1.8859183319649634e-11,2.0678422076448137e-21,9120223607.93644
E4,bottom,8,1,s,-0.5185185185185185,-0.012065570800399918,0.01906247493933434,-0.01206557105499321,0.019062478232196874,-0.012065571046611436,0.01906247823443314,768,2.7986678460668487e-07,3.690827062238909e-14,7582766.135807881
E4,bottom,8,1,p,-0.5185185185185185,0.05057606762141503,-0.07139649487308601,0.05057575929386886,-0.07139660442269954,0.05057575929232345,-0.07139660442223275,768,3.295931186216654e-08,6.79114122659585e-14,485328.0290076935
E4,bottom,8,2,s,-0.5185185185185185,1.5150418669582924e-11,2.4641640700618014e-10,1.9303545179632025e-09,-1.704468487451408e-10,1.941441291313574e-09,-1.7288084307709804e-10,768,1.0496505918819818e-07,8.632554963870935e-22,121592112216486.44
E4,bottom,8,2,p,-0.5185185185185185,-6.656370213209546e-09,-2.39552891045239e-09,-3.6478041215923554e-10,1.017152021790641e-08,-3.616860773961903e-10,1.017136329351679e-08,768,2.4772798254676613e-08,2.1480641497177983e-21,11532615661376.379
