route,module,stored_columns,effective_global_rank,rank_added,neurons,native_relative,augmented_relative,elapsed_seconds,basis_bytes,q_update_norm,optimizer_evaluations,optimizer_status,slow_enrichment,small_full_action_pair_relative
FIXED_WAVE_BLOCK_GREEDY,2,6,NOT_RETAINED,3,1,0.9675229441030645,0.9675229441030645,443.29855085304007,6138432,0,0,NOT_RUN,,NOT_RETAINED
FIXED_WAVE_BLOCK_GREEDY,3,9,NOT_RETAINED,3,1,0.9664801422378138,0.9664801422378138,451.5687596730422,9208080,0,0,NOT_RUN,,NOT_RETAINED
FIXED_WAVE_BLOCK_GREEDY,4,12,NOT_RETAINED,3,1,0.9640215146073213,0.9640215146073213,459.7984804830048,12278016,0,0,NOT_RUN,,NOT_RETAINED
FIXED_WAVE_BLOCK_GREEDY,5,15,NOT_RETAINED,3,1,0.95039301441886,0.95039301441886,467.94907494215295,15348240,0,0,NOT_RUN,,NOT_RETAINED
FIXED_WAVE_BLOCK_GREEDY,6,18,NOT_RETAINED,3,1,0.9441820423786107,0.9441820423786107,476.1391516660806,18418752,0,0,NOT_RUN,,NOT_RETAINED
FIXED_WAVE_BLOCK_GREEDY,7,21,NOT_RETAINED,3,1,0.94025236066187,0.94025236066187,481.1294127111323,21489552,0,0,NOT_RUN,,NOT_RETAINED
FIXED_WAVE_BLOCK_GREEDY,8,24,NOT_RETAINED,3,1,0.9382337324699129,0.9382337324699129,485.95182692003436,24560640,0,0,NOT_RUN,,NOT_RETAINED
FIXED_WAVE_BLOCK_GREEDY,9,27,NOT_RETAINED,3,1,0.9258889462895384,0.9258889462895384,500.075871670153,27632016,0,0,NOT_RUN,,NOT_RETAINED
FIXED_WAVE_BLOCK_GREEDY,10,30,NOT_RETAINED,3,1,0.9255045219735405,0.9255045219735405,507.86583479098044,30703680,0,0,NOT_RUN,,NOT_RETAINED
FIXED_WAVE_BLOCK_GREEDY,11,33,NOT_RETAINED,3,1,0.9142056115555242,0.9142056115555242,516.457556872163,33775632,0,0,NOT_RUN,,NOT_RETAINED
FIXED_WAVE_BLOCK_GREEDY,12,36,NOT_RETAINED,3,1,0.9107034979618048,0.9107034979618048,521.1409680740908,36847872,0,0,NOT_RUN,,NOT_RETAINED
FIXED_WAVE_BLOCK_GREEDY,13,39,NOT_RETAINED,3,1,0.909956763819036,0.909956763819036,524.2464363360777,39920400,0,0,NOT_RUN,,NOT_RETAINED
FIXED_WAVE_BLOCK_GREEDY,14,42,NOT_RETAINED,3,1,0.9020079612781663,0.9020079612781663,528.3827383120079,42993216,0,0,NOT_RUN,,NOT_RETAINED
FIXED_WAVE_BLOCK_GREEDY,15,45,NOT_RETAINED,3,1,0.9013845988367708,0.9013845988367708,531.5209719790146,46066320,0,0,NOT_RUN,,NOT_RETAINED
FIXED_WAVE_BLOCK_GREEDY,16,48,NOT_RETAINED,3,1,0.8995314234605463,0.8995314234605463,534.9841803140007,49139712,0,0,NOT_RUN,,NOT_RETAINED
FIXED_WAVE_BLOCK_GREEDY,17,51,NOT_RETAINED,3,1,0.8952700227302403,0.8952700227302403,539.3321378300898,52213392,0,0,NOT_RUN,,NOT_RETAINED
FIXED_WAVE_BLOCK_GREEDY,18,54,NOT_RETAINED,3,1,0.8929767441887233,0.8929767441887233,543.5807198600378,55287360,0,0,NOT_RUN,,NOT_RETAINED
FIXED_WAVE_BLOCK_GREEDY,19,57,NOT_RETAINED,3,1,0.8909440158491219,0.8909440158491219,548.4142796220258,58361616,0,0,NOT_RUN,,NOT_RETAINED
FIXED_WAVE_BLOCK_GREEDY,20,60,NOT_RETAINED,3,1,0.8906061253895964,0.8906061253895964,553.2867188539822,61436160,0,0,NOT_RUN,,NOT_RETAINED
FIXED_WAVE_BLOCK_GREEDY,21,63,NOT_RETAINED,3,1,0.8805950259435495,0.8805950259435495,557.7086799500976,64510992,0,0,NOT_RUN,,NOT_RETAINED
FIXED_WAVE_BLOCK_GREEDY,22,66,NOT_RETAINED,3,1,0.8799385297298405,0.8799385297298405,561.9333749960642,67586112,0,0,NOT_RUN,,NOT_RETAINED
FIXED_WAVE_BLOCK_GREEDY,23,69,NOT_RETAINED,3,1,0.8741047261447733,0.8741047261447733,566.7579231231939,70661520,0,0,NOT_RUN,,NOT_RETAINED
FIXED_WAVE_BLOCK_GREEDY,24,72,NOT_RETAINED,3,1,0.8729348402984112,0.8729348402984112,570.3959307970945,73737216,0,0,NOT_RUN,,NOT_RETAINED
FIXED_WAVE_BLOCK_GREEDY,25,75,NOT_RETAINED,3,1,0.8657747785392295,0.8657747785392295,574.8957724079955,76813200,0,0,NOT_RUN,,NOT_RETAINED
FIXED_WAVE_BLOCK_GREEDY,26,78,NOT_RETAINED,3,1,0.8628590699952956,0.8628590699952956,579.4332719040103,79889472,0,0,NOT_RUN,,NOT_RETAINED
FIXED_WAVE_BLOCK_GREEDY,27,81,NOT_RETAINED,3,1,0.859452417205959,0.859452417205959,584.6189768500626,82966032,0,0,NOT_RUN,,NOT_RETAINED
FIXED_WAVE_BLOCK_GREEDY,28,84,NOT_RETAINED,3,1,0.8570551549994735,0.8570551549994735,589.649611387169,86042880,0,0,NOT_RUN,,NOT_RETAINED
FIXED_WAVE_BLOCK_GREEDY,29,87,NOT_RETAINED,3,1,0.8523842640431979,0.8523842640431979,594.0496558761224,89120016,0,0,NOT_RUN,,NOT_RETAINED
FIXED_WAVE_BLOCK_GREEDY,30,90,NOT_RETAINED,3,1,0.8513530871140503,0.8513530871140503,598.5410182911437,92197440,0,0,NOT_RUN,,NOT_RETAINED
FIXED_WAVE_BLOCK_GREEDY,32,93,NOT_RETAINED,3,1,0.8499848505387365,0.8499848505387365,606.5522275432013,95275152,0,0,NOT_RUN,,NOT_RETAINED
FIXED_WAVE_BLOCK_GREEDY,33,96,NOT_RETAINED,3,1,0.8442883715002443,0.8442883715002443,611.2652515310328,98353152,0,0,NOT_RUN,,NOT_RETAINED
FIXED_WAVE_BLOCK_GREEDY,34,99,NOT_RETAINED,3,1,0.8428951638845332,0.8428951638845332,615.9317650811281,101431440,0,0,NOT_RUN,,NOT_RETAINED
FIXED_WAVE_BLOCK_GREEDY,35,102,NOT_RETAINED,3,1,0.8378327670476815,0.8378327670476815,621.1967647091951,104510016,0,0,NOT_RUN,,NOT_RETAINED
FIXED_WAVE_BLOCK_GREEDY,36,105,NOT_RETAINED,3,1,0.8360596105769821,0.8360596105769821,626.3628498641774,107588880,0,0,NOT_RUN,,NOT_RETAINED
FIXED_WAVE_BLOCK_GREEDY,37,108,NOT_RETAINED,3,1,0.8343872512159388,0.8343872512159388,631.3306200441439,110668032,0,0,NOT_RUN,,NOT_RETAINED
FIXED_WAVE_BLOCK_GREEDY,38,111,NOT_RETAINED,3,1,0.8308135796780204,0.8308135796780204,635.8396547301672,113747472,0,0,NOT_RUN,,NOT_RETAINED
FIXED_WAVE_BLOCK_GREEDY,39,114,NOT_RETAINED,3,1,0.8267622822619642,0.8267622822619642,640.8185919220559,116827200,0,0,NOT_RUN,,NOT_RETAINED
FIXED_WAVE_BLOCK_GREEDY,40,117,NOT_RETAINED,3,1,0.8244360020057465,0.8244360020057465,645.8892711519729,119907216,0,0,NOT_RUN,,NOT_RETAINED
FIXED_WAVE_BLOCK_GREEDY,41,120,NOT_RETAINED,3,1,0.8229135610276401,0.8229135610276401,650.6922973471228,122987520,0,0,NOT_RUN,,NOT_RETAINED
FIXED_WAVE_BLOCK_GREEDY,42,123,NOT_RETAINED,3,1,0.8216102362310095,0.8216102362310095,655.4878257620148,126068112,0,0,NOT_RUN,,NOT_RETAINED
FIXED_WAVE_BLOCK_GREEDY,43,126,NOT_RETAINED,3,1,0.8207482952161498,0.8207482952161498,660.3684986319859,129148992,0,0,NOT_RUN,,NOT_RETAINED
FIXED_WAVE_BLOCK_GREEDY,44,129,NOT_RETAINED,3,1,0.8174255832687711,0.8174255832687711,665.6798059530556,132230160,0,0,NOT_RUN,,NOT_RETAINED
FIXED_WAVE_BLOCK_GREEDY,45,132,NOT_RETAINED,3,1,0.8170830852749651,0.8170830852749651,668.5447957389988,135311616,0,0,NOT_RUN,,NOT_RETAINED
FIXED_WAVE_BLOCK_GREEDY,46,135,NOT_RETAINED,3,1,0.8166009284086885,0.8166009284086885,671.3550908169709,138393360,0,0,NOT_RUN,,NOT_RETAINED
FIXED_WAVE_BLOCK_GREEDY,47,138,NOT_RETAINED,3,1,0.8151426619352621,0.8151426619352621,674.1896352411713,141475392,0,0,NOT_RUN,,NOT_RETAINED
FIXED_WAVE_BLOCK_GREEDY,48,141,NOT_RETAINED,3,1,0.814287864805772,0.814287864805772,677.141978261061,144557712,0,0,NOT_RUN,,NOT_RETAINED
FIXED_WAVE_BLOCK_GREEDY,49,144,NOT_RETAINED,3,1,0.8131826258613573,0.8131826258613573,680.0567365421448,147640320,0,0,NOT_RUN,,NOT_RETAINED
FIXED_WAVE_BLOCK_GREEDY,50,147,NOT_RETAINED,3,1,0.8117539397394539,0.8117539397394539,683.0967154141981,150723216,0,0,NOT_RUN,,NOT_RETAINED
FIXED_WAVE_BLOCK_GREEDY,51,150,NOT_RETAINED,3,1,0.8110423911839089,0.8110423911839089,686.1403101540636,153806400,0,0,NOT_RUN,,NOT_RETAINED
FIXED_WAVE_BLOCK_GREEDY,52,153,NOT_RETAINED,3,1,0.8105164141923497,0.8105164141923497,689.1511819909792,156889872,0,0,NOT_RUN,,NOT_RETAINED
FIXED_WAVE_BLOCK_GREEDY,53,156,NOT_RETAINED,3,1,0.8097086697013666,0.8097086697013666,692.1993280600291,159973632,0,0,NOT_RUN,,NOT_RETAINED
FIXED_WAVE_BLOCK_GREEDY,54,159,NOT_RETAINED,3,1,0.8084117749926096,0.8084117749926096,695.237008108059,163057680,0,0,NOT_RUN,,NOT_RETAINED
FIXED_WAVE_BLOCK_GREEDY,55,162,NOT_RETAINED,3,1,0.8080187505751429,0.8080187505751429,698.3528146161698,166142016,0,0,NOT_RUN,,NOT_RETAINED
FIXED_WAVE_BLOCK_GREEDY,56,165,NOT_RETAINED,3,1,0.8077041875098919,0.8077041875098919,701.4506791241001,169226640,0,0,NOT_RUN,,NOT_RETAINED
FIXED_WAVE_BLOCK_GREEDY,57,168,NOT_RETAINED,3,1,0.80598044133958,0.80598044133958,704.4961571160238,172311552,0,0,NOT_RUN,,NOT_RETAINED
FIXED_WAVE_BLOCK_GREEDY,58,171,NOT_RETAINED,3,1,0.8039870881589908,0.8039870881589908,707.7003615000285,175396752,0,0,NOT_RUN,,NOT_RETAINED
FIXED_WAVE_BLOCK_GREEDY,59,174,NOT_RETAINED,3,1,0.8028975447128176,0.8028975447128176,710.9370918921195,178482240,0,0,NOT_RUN,,NOT_RETAINED
FIXED_WAVE_BLOCK_GREEDY,60,177,NOT_RETAINED,3,1,0.8015932081744517,0.8015932081744517,714.1898810991552,181568016,0,0,NOT_RUN,,NOT_RETAINED
FIXED_WAVE_BLOCK_GREEDY,61,180,NOT_RETAINED,3,1,0.8011538261017936,0.8011538261017936,717.4416911920998,184654080,0,0,NOT_RUN,,NOT_RETAINED
FIXED_WAVE_BLOCK_GREEDY,62,183,NOT_RETAINED,3,1,0.8004254396622519,0.8004254396622519,720.6956968600862,187740432,0,0,NOT_RUN,,NOT_RETAINED
FIXED_WAVE_BLOCK_GREEDY,63,186,NOT_RETAINED,3,1,0.8000066633768306,0.8000066633768306,723.9027205731254,190827072,0,0,NOT_RUN,,NOT_RETAINED
FIXED_WAVE_BLOCK_GREEDY,64,189,NOT_RETAINED,3,1,0.7995090664041685,0.7995090664041685,727.2692018121015,193914000,0,0,NOT_RUN,,NOT_RETAINED
FIXED_WAVE_BLOCK_GREEDY,65,192,NOT_RETAINED,3,1,0.798970672931182,0.798970672931182,730.5513296960853,197001216,0,0,NOT_RUN,,NOT_RETAINED
FIXED_WAVE_BLOCK_GREEDY,66,195,NOT_RETAINED,3,1,0.798214227706934,0.798214227706934,733.9286775700748,200088720,0,0,NOT_RUN,,NOT_RETAINED
FIXED_WAVE_BLOCK_GREEDY,67,198,NOT_RETAINED,3,1,0.7976917000970999,0.7976917000970999,737.2125535830855,203176512,0,0,NOT_RUN,,NOT_RETAINED
FIXED_WAVE_BLOCK_GREEDY,68,201,NOT_RETAINED,3,1,0.7972175080037254,0.7972175080037254,740.5739646852016,206264592,0,0,NOT_RUN,,NOT_RETAINED
FIXED_WAVE_BLOCK_GREEDY,69,204,NOT_RETAINED,3,1,0.796072385120501,0.796072385120501,743.9450255150441,209352960,0,0,NOT_RUN,,NOT_RETAINED
FIXED_WAVE_BLOCK_GREEDY,70,207,NOT_RETAINED,3,1,0.7951062904199311,0.7951062904199311,747.3672262891196,212441616,0,0,NOT_RUN,,NOT_RETAINED
FIXED_WAVE_BLOCK_GREEDY,71,210,NOT_RETAINED,3,1,0.7936915303278889,0.7936915303278889,750.931578341173,215530560,0,0,NOT_RUN,,NOT_RETAINED
FIXED_WAVE_BLOCK_GREEDY,72,213,NOT_RETAINED,3,1,0.7932683734137352,0.7932683734137352,754.3883906169794,218619792,0,0,NOT_RUN,,NOT_RETAINED
FIXED_WAVE_BLOCK_GREEDY,73,216,NOT_RETAINED,3,1,0.7927760080145946,0.7927760080145946,757.7306428360753,221709312,0,0,NOT_RUN,,NOT_RETAINED
FIXED_WAVE_BLOCK_GREEDY,74,219,NOT_RETAINED,3,1,0.7922839995649473,0.7922839995649473,761.216041570995,224799120,0,0,NOT_RUN,,NOT_RETAINED
FIXED_WAVE_BLOCK_GREEDY,75,222,NOT_RETAINED,3,1,0.7916743151413342,0.7916743151413342,764.8164606220089,227889216,0,0,NOT_RUN,,NOT_RETAINED
FIXED_WAVE_BLOCK_GREEDY,76,225,NOT_RETAINED,3,1,0.790732791784126,0.790732791784126,768.4071437881794,230979600,0,0,NOT_RUN,,NOT_RETAINED
FIXED_WAVE_BLOCK_GREEDY,77,228,NOT_RETAINED,3,1,0.7900633677350477,0.7900633677350477,772.5113102609757,234070272,0,0,NOT_RUN,,NOT_RETAINED
FIXED_WAVE_BLOCK_GREEDY,78,231,NOT_RETAINED,3,1,0.7891286688330917,0.7891286688330917,776.7123141749762,237161232,0,0,NOT_RUN,,NOT_RETAINED
FIXED_WAVE_BLOCK_GREEDY,79,234,NOT_RETAINED,3,1,0.7887537026160473,0.7887537026160473,780.3888291560579,240252480,0,0,NOT_RUN,,NOT_RETAINED
FIXED_WAVE_BLOCK_GREEDY,80,237,NOT_RETAINED,3,1,0.7878195479914261,0.7878195479914261,784.1202880360652,243344016,0,0,NOT_RUN,,NOT_RETAINED
FIXED_WAVE_BLOCK_GREEDY,81,240,NOT_RETAINED,3,1,0.7866461943916844,0.7866461943916844,787.8198291650042,246435840,0,0,NOT_RUN,,NOT_RETAINED
FIXED_WAVE_BLOCK_GREEDY,82,243,NOT_RETAINED,3,1,0.7862230050905546,0.7862230050905546,791.3997304381337,249527952,0,0,NOT_RUN,,NOT_RETAINED
FIXED_WAVE_BLOCK_GREEDY,83,246,NOT_RETAINED,3,1,0.7859322520047787,0.7859322520047787,795.101523215184,252620352,0,0,NOT_RUN,,NOT_RETAINED
FIXED_WAVE_BLOCK_GREEDY,84,249,NOT_RETAINED,3,1,0.7852640039754817,0.7852640039754817,798.9108077201527,255713040,0,0,NOT_RUN,,NOT_RETAINED
FIXED_WAVE_BLOCK_GREEDY,85,252,NOT_RETAINED,3,1,0.784547736484263,0.784547736484263,802.7727569960989,258806016,0,0,NOT_RUN,,NOT_RETAINED
FIXED_WAVE_BLOCK_GREEDY,86,255,NOT_RETAINED,3,1,0.7835469304255811,0.7835469304255811,806.5854088691995,261899280,0,0,NOT_RUN,,NOT_RETAINED
FIXED_WAVE_BLOCK_GREEDY,87,258,NOT_RETAINED,3,1,0.7826619540219588,0.7826619540219588,810.4553375910036,264992832,0,0,NOT_RUN,,NOT_RETAINED
FIXED_WAVE_BLOCK_GREEDY,88,264,NOT_RETAINED,6,2,0.7820954385368665,0.7820954385368665,815.8163684799802,271180800,0,0,NOT_RUN,,NOT_RETAINED
FIXED_WAVE_BLOCK_GREEDY,89,270,NOT_RETAINED,6,2,0.7809112550318397,0.7809112550318397,821.3914903891273,277369920,0,0,NOT_RUN,,NOT_RETAINED
FIXED_WAVE_BLOCK_GREEDY,90,276,NOT_RETAINED,6,2,0.778983800514806,0.778983800514806,827.0288048950024,283560192,0,0,NOT_RUN,,NOT_RETAINED
FIXED_WAVE_BLOCK_GREEDY,91,282,NOT_RETAINED,6,2,0.7769188586104079,0.7769188586104079,832.8353939140216,289751616,0,0,NOT_RUN,,NOT_RETAINED
FIXED_WAVE_BLOCK_GREEDY,92,288,NOT_RETAINED,6,2,0.7754372621877519,0.7754372621877519,838.9947464000434,295944192,0,0,NOT_RUN,,NOT_RETAINED
FIXED_WAVE_BLOCK_GREEDY,93,294,NOT_RETAINED,6,2,0.7745177178484528,0.7745177178484528,845.642136326991,302137920,0,0,NOT_RUN,,NOT_RETAINED
FIXED_WAVE_BLOCK_GREEDY,94,300,NOT_RETAINED,6,2,0.773957550097533,0.773957550097533,851.3163000920322,308332800,0,0,NOT_RUN,,NOT_RETAINED
FIXED_WAVE_BLOCK_GREEDY,95,306,NOT_RETAINED,6,2,0.7734058074588295,0.7734058074588295,857.4329668921418,314528832,0,0,NOT_RUN,,NOT_RETAINED
FIXED_WAVE_BLOCK_GREEDY,96,312,NOT_RETAINED,6,2,0.7727401007763594,0.7727401007763594,863.1500503930729,320726016,0,0,NOT_RUN,,NOT_RETAINED
FIXED_WAVE_BLOCK_GREEDY,97,318,NOT_RETAINED,6,2,0.772109185217642,0.772109185217642,869.1204006220214,326924352,0,0,NOT_RUN,,NOT_RETAINED
FIXED_WAVE_BLOCK_GREEDY,98,324,NOT_RETAINED,6,2,0.7695856858718337,0.7695856858718337,875.596017684089,333123840,0,0,NOT_RUN,,NOT_RETAINED
FIXED_WAVE_BLOCK_GREEDY,99,330,NOT_RETAINED,6,2,0.7683282893745091,0.7683282893745091,881.6091458601877,339324480,0,0,NOT_RUN,,NOT_RETAINED
FIXED_WAVE_BLOCK_GREEDY,100,336,NOT_RETAINED,6,2,0.7672673890535733,0.7672673890535733,888.3036056281999,345526272,0,0,NOT_RUN,,NOT_RETAINED
FIXED_WAVE_BLOCK_GREEDY,101,342,NOT_RETAINED,6,2,0.7656116518446742,0.7656116518446742,894.5500394511037,351729216,0,0,NOT_RUN,,NOT_RETAINED
FIXED_WAVE_BLOCK_GREEDY,102,348,NOT_RETAINED,6,2,0.7648971882572967,0.7648971882572967,900.7662484820466,357933312,0,0,NOT_RUN,,NOT_RETAINED
FIXED_WAVE_BLOCK_GREEDY,103,354,NOT_RETAINED,6,2,0.7631932328010863,0.7631932328010863,907.0742604981642,364138560,0,0,NOT_RUN,,NOT_RETAINED
FIXED_WAVE_BLOCK_GREEDY,104,360,NOT_RETAINED,6,2,0.7623933161317024,0.7623933161317024,913.9433505530469,370344960,0,0,NOT_RUN,,NOT_RETAINED
FIXED_WAVE_BLOCK_GREEDY,105,366,NOT_RETAINED,6,2,0.7613807176371752,0.7613807176371752,921.025357803097,376552512,0,0,NOT_RUN,,NOT_RETAINED
FIXED_WAVE_BLOCK_GREEDY,106,372,NOT_RETAINED,6,2,0.7601183254698999,0.7601183254698999,927.3609873740934,382761216,0,0,NOT_RUN,,NOT_RETAINED
FIXED_WAVE_BLOCK_GREEDY,107,378,NOT_RETAINED,6,2,0.7584274896073229,0.7584274896073229,933.8718730770051,388971072,0,0,NOT_RUN,,NOT_RETAINED
FIXED_WAVE_BLOCK_GREEDY,108,384,NOT_RETAINED,6,2,0.757615366346798,0.757615366346798,940.3293352641631,395182080,0,0,NOT_RUN,,NOT_RETAINED
FIXED_WAVE_BLOCK_GREEDY,109,390,NOT_RETAINED,6,2,0.7568095860071966,0.7568095860071966,946.9772783759981,401394240,0,0,NOT_RUN,,NOT_RETAINED
FIXED_WAVE_BLOCK_GREEDY,110,396,NOT_RETAINED,6,2,0.7553569139587015,0.7553569139587015,954.8210430010222,407607552,0,0,NOT_RUN,,NOT_RETAINED
FIXED_WAVE_BLOCK_GREEDY,111,402,NOT_RETAINED,6,2,0.7542302514022211,0.7542302514022211,961.8840784360655,413822016,0,0,NOT_RUN,,NOT_RETAINED
FIXED_WAVE_BLOCK_GREEDY,112,408,NOT_RETAINED,6,2,0.7531852477144518,0.7531852477144518,968.9145128310192,420037632,0,0,NOT_RUN,,NOT_RETAINED
FIXED_WAVE_BLOCK_GREEDY,113,414,NOT_RETAINED,6,2,0.7522025823380363,0.7522025823380363,975.75346584199,426254400,0,0,NOT_RUN,,NOT_RETAINED
FIXED_WAVE_BLOCK_GREEDY,114,420,NOT_RETAINED,6,2,0.7508364916675077,0.7508364916675077,982.4993824921548,432472320,0,0,NOT_RUN,,NOT_RETAINED
FIXED_WAVE_BLOCK_GREEDY,115,426,NOT_RETAINED,6,2,0.749013305957723,0.749013305957723,989.8815026411321,438691392,0,0,NOT_RUN,,NOT_RETAINED
FIXED_WAVE_BLOCK_GREEDY,116,432,NOT_RETAINED,6,2,0.7483389594476337,0.7483389594476337,996.9087470120285,444911616,0,0,NOT_RUN,,NOT_RETAINED
FIXED_WAVE_BLOCK_GREEDY,117,438,NOT_RETAINED,6,2,0.7470373349534708,0.7470373349534708,1003.8418280850165,451132992,0,0,NOT_RUN,,NOT_RETAINED
FIXED_WAVE_BLOCK_GREEDY,118,444,NOT_RETAINED,6,2,0.7455012102708539,0.7455012102708539,1010.741879053181,457355520,0,0,NOT_RUN,,NOT_RETAINED
FIXED_WAVE_BLOCK_GREEDY,119,450,NOT_RETAINED,6,2,0.7443200746862876,0.7443200746862876,1018.0217236750759,463579200,0,0,NOT_RUN,,NOT_RETAINED
FIXED_WAVE_BLOCK_GREEDY,120,456,NOT_RETAINED,6,2,0.7434369969907416,0.7434369969907416,1025.0791675050277,469804032,0,0,NOT_RUN,,NOT_RETAINED
FIXED_WAVE_BLOCK_GREEDY,121,462,NOT_RETAINED,6,2,0.7425818305912311,0.7425818305912311,1032.2976328821387,476030016,0,0,NOT_RUN,,NOT_RETAINED
FIXED_WAVE_BLOCK_GREEDY,122,468,NOT_RETAINED,6,2,0.7418495678155813,0.7418495678155813,1039.5573371651117,482257152,0,0,NOT_RUN,,NOT_RETAINED
FIXED_WAVE_BLOCK_GREEDY,123,474,NOT_RETAINED,6,2,0.7410275170126951,0.7410275170126951,1047.3623289919924,488485440,0,0,NOT_RUN,,NOT_RETAINED
FIXED_WAVE_BLOCK_GREEDY,124,480,NOT_RETAINED,6,2,0.7400460075507019,0.7400460075507019,1054.8181846970692,494714880,0,0,NOT_RUN,,NOT_RETAINED
FIXED_WAVE_BLOCK_GREEDY,125,486,NOT_RETAINED,6,2,0.7388065606771749,0.7388065606771749,1062.2689507689793,500945472,0,0,NOT_RUN,,NOT_RETAINED
FIXED_WAVE_BLOCK_GREEDY,126,492,NOT_RETAINED,6,2,0.7373361276491459,0.7373361276491459,1069.6168408931699,507177216,0,0,NOT_RUN,,NOT_RETAINED
FIXED_WAVE_BLOCK_GREEDY,127,498,NOT_RETAINED,6,2,0.7359065240380143,0.7359065240380143,1077.232500351034,513410112,0,0,NOT_RUN,,NOT_RETAINED
FIXED_WAVE_BLOCK_GREEDY,128,504,NOT_RETAINED,6,2,0.7347924357415203,0.7347924357415203,1084.800910165999,519644160,0,0,NOT_RUN,,NOT_RETAINED
FIXED_WAVE_BLOCK_GREEDY,129,510,NOT_RETAINED,6,2,0.7338010113054422,0.7338010113054422,1092.4497465451714,525879360,0,0,NOT_RUN,,NOT_RETAINED
FIXED_WAVE_BLOCK_GREEDY,130,516,NOT_RETAINED,6,2,0.7329891429504629,0.7329891429504629,1102.1362229629885,532115712,0,0,NOT_RUN,,NOT_RETAINED
FIXED_WAVE_BLOCK_GREEDY,131,522,NOT_RETAINED,6,2,0.7317579592601062,0.7317579592601062,1109.9489559640642,538353216,0,0,NOT_RUN,,NOT_RETAINED
FIXED_WAVE_BLOCK_GREEDY,132,528,NOT_RETAINED,6,2,0.7309905470282925,0.7309905470282925,1120.4839651561342,544591872,0,0,NOT_RUN,,NOT_RETAINED
FIXED_WAVE_BLOCK_GREEDY,133,534,NOT_RETAINED,6,2,0.7302563923633097,0.7302563923633097,1131.0200240430422,550831680,0,0,NOT_RUN,,NOT_RETAINED
FIXED_WAVE_BLOCK_GREEDY,134,540,NOT_RETAINED,6,2,0.7292196155359273,0.7292196155359273,1140.5815119540785,557072640,0,0,NOT_RUN,,NOT_RETAINED
FIXED_WAVE_BLOCK_GREEDY,135,546,NOT_RETAINED,6,2,0.7284195743393663,0.7284195743393663,1150.1149489220697,563314752,0,0,NOT_RUN,,NOT_RETAINED
FIXED_WAVE_BLOCK_GREEDY,136,552,NOT_RETAINED,6,2,0.7271140017666341,0.7271140017666341,1159.1199454301968,569558016,0,0,NOT_RUN,,NOT_RETAINED
FIXED_WAVE_BLOCK_GREEDY,137,558,NOT_RETAINED,6,2,0.7258497141989386,0.7258497141989386,1168.2597366960254,575802432,0,0,NOT_RUN,,NOT_RETAINED
FIXED_WAVE_BLOCK_GREEDY,138,564,NOT_RETAINED,6,2,0.7249806603933548,0.7249806603933548,1177.2977306351531,582048000,0,0,NOT_RUN,,NOT_RETAINED
FIXED_WAVE_BLOCK_GREEDY,139,570,NOT_RETAINED,6,2,0.7244356471964719,0.7244356471964719,1185.342817112105,588294720,0,0,NOT_RUN,,NOT_RETAINED
FIXED_WAVE_BLOCK_GREEDY,141,576,NOT_RETAINED,6,2,0.7234712676467474,0.7234712676467474,1201.9088042969815,594542592,0,0,NOT_RUN,,NOT_RETAINED
FIXED_WAVE_BLOCK_GREEDY,142,582,NOT_RETAINED,6,2,0.7227172751532505,0.7227172751532505,1210.8032920469996,600791616,0,0,NOT_RUN,,NOT_RETAINED
FIXED_WAVE_BLOCK_GREEDY,143,588,NOT_RETAINED,6,2,0.7219923431333658,0.7219923431333658,1219.5312252889853,607041792,0,0,NOT_RUN,,NOT_RETAINED
FIXED_WAVE_BLOCK_GREEDY,144,594,NOT_RETAINED,6,2,0.7214267552786416,0.7214267552786416,1227.95063484204,613293120,0,0,NOT_RUN,,NOT_RETAINED
FIXED_WAVE_BLOCK_GREEDY,145,600,NOT_RETAINED,6,2,0.7205129878705576,0.7205129878705576,1238.5251599401236,619545600,0,0,NOT_RUN,,NOT_RETAINED
FIXED_WAVE_BLOCK_GREEDY,146,606,NOT_RETAINED,6,2,0.7201261402961058,0.7201261402961058,1246.969793313183,625799232,0,0,NOT_RUN,,NOT_RETAINED
FIXED_WAVE_BLOCK_GREEDY,147,612,NOT_RETAINED,6,2,0.7194521725839972,0.7194521725839972,1255.453539774986,632054016,0,0,NOT_RUN,,NOT_RETAINED
FIXED_WAVE_BLOCK_GREEDY,148,618,NOT_RETAINED,6,2,0.7188497907849498,0.7188497907849498,1264.7618818220217,638309952,0,0,NOT_RUN,,NOT_RETAINED
FIXED_WAVE_BLOCK_GREEDY,149,624,NOT_RETAINED,6,2,0.717831754859525,0.717831754859525,1273.285461734049,644567040,0,0,NOT_RUN,,NOT_RETAINED
FIXED_WAVE_BLOCK_GREEDY,150,630,NOT_RETAINED,6,2,0.7168954013963428,0.7168954013963428,1281.9944431171753,650825280,0,0,NOT_RUN,,NOT_RETAINED
FIXED_WAVE_BLOCK_GREEDY,151,636,NOT_RETAINED,6,2,0.716228497519957,0.716228497519957,1290.6532333490904,657084672,0,0,NOT_RUN,,NOT_RETAINED
FIXED_WAVE_BLOCK_GREEDY,152,642,NOT_RETAINED,6,2,0.7149031512653387,0.7149031512653387,1299.4125141489785,663345216,0,0,NOT_RUN,,NOT_RETAINED
FIXED_WAVE_BLOCK_GREEDY,153,648,NOT_RETAINED,6,2,0.7141714246946237,0.7141714246946237,1308.979402233148,669606912,0,0,NOT_RUN,,NOT_RETAINED
FIXED_WAVE_BLOCK_GREEDY,154,654,NOT_RETAINED,6,2,0.7132857675822789,0.7132857675822789,1317.763662429992,675869760,0,0,NOT_RUN,,NOT_RETAINED
FIXED_WAVE_BLOCK_GREEDY,155,660,NOT_RETAINED,6,2,0.7124014480286285,0.7124014480286285,1326.7737059211358,682133760,0,0,NOT_RUN,,NOT_RETAINED
FIXED_WAVE_BLOCK_GREEDY,156,666,NOT_RETAINED,6,2,0.7116013223776209,0.7116013223776209,1336.2663308070041,688398912,0,0,NOT_RUN,,NOT_RETAINED
FIXED_WAVE_BLOCK_GREEDY,157,672,NOT_RETAINED,6,2,0.7106182317329331,0.7106182317329331,1347.0642584031448,694665216,0,0,NOT_RUN,,NOT_RETAINED
FIXED_WAVE_BLOCK_GREEDY,158,678,NOT_RETAINED,6,2,0.7095633627743958,0.7095633627743958,1356.2054387761746,700932672,0,0,NOT_RUN,,NOT_RETAINED
FIXED_WAVE_BLOCK_GREEDY,159,684,NOT_RETAINED,6,2,0.7089224350636454,0.7089224350636454,1365.5482349239755,707201280,0,0,NOT_RUN,,NOT_RETAINED
FIXED_WAVE_BLOCK_GREEDY,160,690,NOT_RETAINED,6,2,0.7076672652953775,0.7076672652953775,1374.815917644184,713471040,0,0,NOT_RUN,,NOT_RETAINED
FIXED_WAVE_BLOCK_GREEDY,161,696,NOT_RETAINED,6,2,0.7068398791334568,0.7068398791334568,1385.0365329491906,719741952,0,0,NOT_RUN,,NOT_RETAINED
FIXED_WAVE_BLOCK_GREEDY,162,702,NOT_RETAINED,6,2,0.7056133402444558,0.7056133402444558,1396.8585381770972,726014016,0,0,NOT_RUN,,NOT_RETAINED
FIXED_WAVE_BLOCK_GREEDY,163,708,NOT_RETAINED,6,2,0.7052335042287288,0.7052335042287288,1408.0377948391251,732287232,0,0,NOT_RUN,,NOT_RETAINED
FIXED_WAVE_BLOCK_GREEDY,164,714,NOT_RETAINED,6,2,0.7042530933761827,0.7042530933761827,1419.801703241188,738561600,0,0,NOT_RUN,,NOT_RETAINED
FIXED_WAVE_BLOCK_GREEDY,165,717,NOT_RETAINED,3,2,0.703387435307783,0.703387435307783,1430.2529226599727,741699216,0,0,NOT_RUN,,NOT_RETAINED
FIXED_WAVE_BLOCK_GREEDY,167,723,NOT_RETAINED,6,2,0.7027487816430047,0.7027487816430047,1449.6631873520091,747975312,0,0,NOT_RUN,,NOT_RETAINED
FIXED_WAVE_BLOCK_GREEDY,168,729,NOT_RETAINED,6,2,0.7018486211144195,0.7018486211144195,1459.150100836996,754252560,0,0,NOT_RUN,,NOT_RETAINED
FIXED_WAVE_BLOCK_GREEDY,169,735,NOT_RETAINED,6,2,0.7007255276451114,0.7007255276451114,1468.6547325281426,760530960,0,0,NOT_RUN,,NOT_RETAINED
FIXED_WAVE_BLOCK_GREEDY,170,741,NOT_RETAINED,6,2,0.6997244662624578,0.6997244662624578,1478.7196827391163,766810512,0,0,NOT_RUN,,NOT_RETAINED
FIXED_WAVE_BLOCK_GREEDY,171,747,NOT_RETAINED,6,2,0.6990198913906917,0.6990198913906917,1489.2597338871565,773091216,0,0,NOT_RUN,,NOT_RETAINED
FIXED_WAVE_BLOCK_GREEDY,172,753,NOT_RETAINED,6,2,0.697665479604418,0.697665479604418,1503.5796122271568,779373072,0,0,NOT_RUN,,NOT_RETAINED
FIXED_WAVE_BLOCK_GREEDY,173,759,NOT_RETAINED,6,2,0.696502828692024,0.696502828692024,1515.26696704817,785656080,0,0,NOT_RUN,,NOT_RETAINED
FIXED_WAVE_BLOCK_GREEDY,174,765,NOT_RETAINED,6,2,0.696000632146846,0.696000632146846,1525.3078174481634,791940240,0,0,NOT_RUN,,NOT_RETAINED
FIXED_WAVE_BLOCK_GREEDY,175,771,NOT_RETAINED,6,2,0.6950741699159297,0.6950741699159297,1535.4623118040618,798225552,0,0,NOT_RUN,,NOT_RETAINED
FIXED_WAVE_BLOCK_GREEDY,176,777,NOT_RETAINED,6,2,0.6946429678678009,0.6946429678678009,1548.472267647041,804512016,0,0,NOT_RUN,,NOT_RETAINED
FIXED_WAVE_BLOCK_GREEDY,177,783,NOT_RETAINED,6,2,0.6939446273809456,0.6939446273809456,1559.836676753126,810799632,0,0,NOT_RUN,,NOT_RETAINED
FIXED_WAVE_BLOCK_GREEDY,178,789,NOT_RETAINED,6,2,0.6931559511708111,0.6931559511708111,1570.4634954810608,817088400,0,0,NOT_RUN,,NOT_RETAINED
FIXED_WAVE_BLOCK_GREEDY,179,795,NOT_RETAINED,6,2,0.6923907501319341,0.6923907501319341,1581.8639378941152,823378320,0,0,NOT_RUN,,NOT_RETAINED
FIXED_WAVE_BLOCK_GREEDY,180,801,NOT_RETAINED,6,2,0.691536252144427,0.691536252144427,1592.8155684960075,829669392,0,0,NOT_RUN,,NOT_RETAINED
FIXED_WAVE_BLOCK_GREEDY,181,807,NOT_RETAINED,6,2,0.6906431195081556,0.6906431195081556,1603.6308216929901,835961616,0,0,NOT_RUN,,NOT_RETAINED
FIXED_WAVE_BLOCK_GREEDY,182,813,NOT_RETAINED,6,2,0.6900590891300918,0.6900590891300918,1615.3227291051298,842254992,0,0,NOT_RUN,,NOT_RETAINED
FIXED_WAVE_BLOCK_GREEDY,183,819,NOT_RETAINED,6,2,0.6893620750470805,0.6893620750470805,1626.7173959820066,848549520,0,0,NOT_RUN,,NOT_RETAINED
FIXED_WAVE_BLOCK_GREEDY,184,825,NOT_RETAINED,6,2,0.6887770446052768,0.6887770446052768,1640.0093467980623,854845200,0,0,NOT_RUN,,NOT_RETAINED
FIXED_WAVE_BLOCK_GREEDY,185,831,NOT_RETAINED,6,2,0.6880858317119981,0.6880858317119981,1652.4957198090851,861142032,0,0,NOT_RUN,,NOT_RETAINED
FIXED_WAVE_BLOCK_GREEDY,186,837,NOT_RETAINED,6,2,0.687335003289031,0.687335003289031,1664.0037498010788,867440016,0,0,NOT_RUN,,NOT_RETAINED
FIXED_WAVE_BLOCK_GREEDY,187,843,NOT_RETAINED,6,2,0.6862792368269441,0.6862792368269441,1675.7952422911767,873739152,0,0,NOT_RUN,,NOT_RETAINED
FIXED_WAVE_BLOCK_GREEDY,188,849,NOT_RETAINED,6,2,0.6853931417663018,0.6853931417663018,1689.4965221411549,880039440,0,0,NOT_RUN,,NOT_RETAINED
FIXED_WAVE_BLOCK_GREEDY,189,855,NOT_RETAINED,6,2,0.6847731492208271,0.6847731492208271,1702.334734779084,886340880,0,0,NOT_RUN,,NOT_RETAINED
FIXED_WAVE_BLOCK_GREEDY,190,861,NOT_RETAINED,6,2,0.6835826671254513,0.6835826671254513,1713.4465408271644,892643472,0,0,NOT_RUN,,NOT_RETAINED
FIXED_WAVE_BLOCK_GREEDY,191,867,NOT_RETAINED,6,2,0.6823911452248571,0.6823911452248571,1726.2406508631539,898947216,0,0,NOT_RUN,,NOT_RETAINED
FIXED_WAVE_BLOCK_GREEDY,192,873,NOT_RETAINED,6,2,0.6814672510035481,0.6814672510035481,1740.3585242910776,905252112,0,0,NOT_RUN,,NOT_RETAINED
FIXED_WAVE_BLOCK_GREEDY,193,879,NOT_RETAINED,6,2,0.6802138894461885,0.6802138894461885,1751.398181928089,911558160,0,0,NOT_RUN,,NOT_RETAINED
FIXED_WAVE_BLOCK_GREEDY,194,885,NOT_RETAINED,6,2,0.6789934937907519,0.6789934937907519,1762.6305207340047,917865360,0,0,NOT_RUN,,NOT_RETAINED
FIXED_WAVE_BLOCK_GREEDY,195,891,NOT_RETAINED,6,2,0.6777544181510397,0.6777544181510397,1773.7704949781764,924173712,0,0,NOT_RUN,,NOT_RETAINED
FIXED_WAVE_BLOCK_GREEDY,196,897,NOT_RETAINED,6,2,0.676643854121632,0.676643854121632,1785.1717167149764,930483216,0,0,NOT_RUN,,NOT_RETAINED
FIXED_WAVE_BLOCK_GREEDY,197,903,NOT_RETAINED,6,2,0.6760717309287284,0.6760717309287284,1796.627763560973,936793872,0,0,NOT_RUN,,NOT_RETAINED
FIXED_WAVE_BLOCK_GREEDY,198,909,NOT_RETAINED,6,2,0.6747827112099599,0.6747827112099599,1809.9283273019828,943105680,0,0,NOT_RUN,,NOT_RETAINED
FIXED_WAVE_BLOCK_GREEDY,199,915,NOT_RETAINED,6,2,0.674126624673337,0.674126624673337,1821.5471862161066,949418640,0,0,NOT_RUN,,NOT_RETAINED
FIXED_WAVE_BLOCK_GREEDY,200,921,NOT_RETAINED,6,2,0.6731805170487264,0.6731805170487264,1833.2546694180928,955732752,0,0,NOT_RUN,,NOT_RETAINED
FIXED_WAVE_BLOCK_GREEDY,201,927,NOT_RETAINED,6,2,0.6724486655803001,0.6724486655803001,1846.036047120113,962048016,0,0,NOT_RUN,,NOT_RETAINED
FIXED_WAVE_BLOCK_GREEDY,202,933,NOT_RETAINED,6,2,0.6714104479509573,0.6714104479509573,1857.817762823077,968364432,0,0,NOT_RUN,,NOT_RETAINED
FIXED_WAVE_BLOCK_GREEDY,203,939,NOT_RETAINED,6,2,0.6708583088657369,0.6708583088657369,1870.6870030290447,974682000,0,0,NOT_RUN,,NOT_RETAINED
FIXED_WAVE_BLOCK_GREEDY,204,945,NOT_RETAINED,6,2,0.6698473237887099,0.6698473237887099,1883.8614954641089,981000720,0,0,NOT_RUN,,NOT_RETAINED
FIXED_WAVE_BLOCK_GREEDY,205,951,NOT_RETAINED,6,2,0.6689437696083633,0.6689437696083633,1898.183772028191,987320592,0,0,NOT_RUN,,NOT_RETAINED
FIXED_WAVE_BLOCK_GREEDY,206,957,NOT_RETAINED,6,2,0.66778981108135,0.66778981108135,1911.8224984270055,993641616,0,0,NOT_RUN,,NOT_RETAINED
FIXED_WAVE_BLOCK_GREEDY,207,963,NOT_RETAINED,6,2,0.667096213334029,0.667096213334029,1930.2033767080866,999963792,0,0,NOT_RUN,,NOT_RETAINED
FIXED_WAVE_BLOCK_GREEDY,208,969,NOT_RETAINED,6,2,0.6660756749688077,0.6660756749688077,1941.8135430151597,1006287120,0,0,NOT_RUN,,NOT_RETAINED
FIXED_WAVE_BLOCK_GREEDY,209,975,NOT_RETAINED,6,2,0.6651964136402027,0.6651964136402027,1953.3262194150593,1012611600,0,0,NOT_RUN,,NOT_RETAINED
FIXED_WAVE_BLOCK_GREEDY,210,981,NOT_RETAINED,6,2,0.6645044264766555,0.6645044264766555,1965.866153710056,1018937232,0,0,NOT_RUN,,NOT_RETAINED
FIXED_WAVE_BLOCK_GREEDY,211,987,NOT_RETAINED,6,2,0.6630553149382375,0.6630553149382375,1977.3700390639715,1025264016,0,0,NOT_RUN,,NOT_RETAINED
FIXED_WAVE_BLOCK_GREEDY,212,993,NOT_RETAINED,6,2,0.6622452353690735,0.6622452353690735,1988.899256758159,1031591952,0,0,NOT_RUN,,NOT_RETAINED
FIXED_WAVE_BLOCK_GREEDY,213,999,NOT_RETAINED,6,2,0.6617704627145492,0.6617704627145492,2002.7164305311162,1037921040,0,0,NOT_RUN,,NOT_RETAINED
FIXED_WAVE_BLOCK_GREEDY,214,1005,NOT_RETAINED,6,2,0.6611732088698907,0.6611732088698907,2015.8368044521194,1044251280,0,0,NOT_RUN,,NOT_RETAINED
FIXED_WAVE_BLOCK_GREEDY,215,1011,NOT_RETAINED,6,2,0.6604801819217263,0.6604801819217263,2028.1688373889774,1050582672,0,0,NOT_RUN,,NOT_RETAINED
FIXED_WAVE_BLOCK_GREEDY,216,1017,NOT_RETAINED,6,2,0.6599682624485407,0.6599682624485407,2043.8940676541533,1056915216,0,0,NOT_RUN,,NOT_RETAINED
FIXED_WAVE_BLOCK_GREEDY,217,1023,NOT_RETAINED,6,2,0.6588482499503178,0.6588482499503178,2058.714736527065,1063248912,0,0,NOT_RUN,,NOT_RETAINED
FIXED_WAVE_BLOCK_GREEDY,218,1029,NOT_RETAINED,6,2,0.6581620741379075,0.6581620741379075,2074.6142462650314,1069583760,0,0,NOT_RUN,,NOT_RETAINED
FIXED_WAVE_BLOCK_GREEDY,219,1041,NOT_RETAINED,12,4,0.6570461694091706,0.6570461694091706,2100.0905225730967,1082256912,0,0,NOT_RUN,,NOT_RETAINED
FIXED_WAVE_BLOCK_GREEDY,220,1053,NOT_RETAINED,12,4,0.6551427243560104,0.6551427243560104,2119.1451195799746,1094934672,0,0,NOT_RUN,,NOT_RETAINED
FIXED_WAVE_BLOCK_GREEDY,221,1065,NOT_RETAINED,12,4,0.6538509846476828,0.6538509846476828,2141.8781556871254,1107617040,0,0,NOT_RUN,,NOT_RETAINED
FIXED_WAVE_BLOCK_GREEDY,222,1077,NOT_RETAINED,12,4,0.6510861620727467,0.6510861620727467,2160.5062241300475,1120304016,0,0,NOT_RUN,,NOT_RETAINED
FIXED_WAVE_BLOCK_GREEDY,223,1089,NOT_RETAINED,12,4,0.6500048831963641,0.6500048831963641,2189.804782468127,1132995600,0,0,NOT_RUN,,NOT_RETAINED
FIXED_WAVE_BLOCK_GREEDY,224,1101,NOT_RETAINED,12,4,0.6479771676919653,0.6479771676919653,2215.188495940063,1145691792,0,0,NOT_RUN,,NOT_RETAINED
FIXED_WAVE_BLOCK_GREEDY,225,1113,NOT_RETAINED,12,4,0.6464530341630249,0.6464530341630249,2234.3292862861417,1158392592,0,0,NOT_RUN,,NOT_RETAINED
FIXED_WAVE_BLOCK_GREEDY,226,1125,NOT_RETAINED,12,4,0.6451178674194007,0.6451178674194007,2257.374591876054,1171098000,0,0,NOT_RUN,,NOT_RETAINED
FIXED_WAVE_BLOCK_GREEDY,227,1137,NOT_RETAINED,12,4,0.6436495378216065,0.6436495378216065,2275.7188348739874,1183808016,0,0,NOT_RUN,,NOT_RETAINED
FIXED_WAVE_BLOCK_GREEDY,228,1149,NOT_RETAINED,12,4,0.641989284328085,0.641989284328085,2295.4884837199934,1196522640,0,0,NOT_RUN,,NOT_RETAINED
FIXED_WAVE_BLOCK_GREEDY,229,1161,NOT_RETAINED,12,4,0.640411780522501,0.640411780522501,2317.2520042911638,1209241872,0,0,NOT_RUN,,NOT_RETAINED
FIXED_WAVE_BLOCK_GREEDY,230,1173,NOT_RETAINED,12,4,0.6387098564999024,0.6387098564999024,2336.22017102316,1221965712,0,0,NOT_RUN,,NOT_RETAINED
FIXED_WAVE_BLOCK_GREEDY,231,1185,NOT_RETAINED,12,4,0.637675220987285,0.637675220987285,2359.6184823331423,1234694160,0,0,NOT_RUN,,NOT_RETAINED
FIXED_WAVE_BLOCK_GREEDY,232,1197,NOT_RETAINED,12,4,0.6366094434952795,0.6366094434952795,2378.3607816260774,1247427216,0,0,NOT_RUN,,NOT_RETAINED
FIXED_WAVE_BLOCK_GREEDY,233,1209,NOT_RETAINED,12,4,0.6345994662938547,0.6345994662938547,2402.2014083601534,1260164880,0,0,NOT_RUN,,NOT_RETAINED
FIXED_WAVE_BLOCK_GREEDY,234,1218,NOT_RETAINED,9,4,0.6338990608476137,0.6338990608476137,2434.2598328772,1269721152,0,0,NOT_RUN,,NOT_RETAINED
FIXED_WAVE_BLOCK_GREEDY,235,1230,NOT_RETAINED,12,4,0.6328270540988381,0.6328270540988381,2463.127734213136,1282466880,0,0,NOT_RUN,,NOT_RETAINED
FIXED_WAVE_BLOCK_GREEDY,236,1242,NOT_RETAINED,12,4,0.6310867840833336,0.6310867840833336,2482.800019990187,1295217216,0,0,NOT_RUN,,NOT_RETAINED
FIXED_WAVE_BLOCK_GREEDY,237,1254,NOT_RETAINED,12,4,0.6294382282999612,0.6294382282999612,2507.2112782411277,1307972160,0,0,NOT_RUN,,NOT_RETAINED
FIXED_WAVE_BLOCK_GREEDY,238,1266,NOT_RETAINED,12,4,0.6280611295009679,0.6280611295009679,2526.7458069140557,1320731712,0,0,NOT_RUN,,NOT_RETAINED
FIXED_WAVE_BLOCK_GREEDY,239,1278,NOT_RETAINED,12,4,0.6265460979125788,0.6265460979125788,2547.0615656680893,1333495872,0,0,NOT_RUN,,NOT_RETAINED
FIXED_WAVE_BLOCK_GREEDY,240,1290,NOT_RETAINED,12,4,0.6253662332600091,0.6253662332600091,2567.626601643162,1346264640,0,0,NOT_RUN,,NOT_RETAINED
FIXED_WAVE_BLOCK_GREEDY,241,1302,NOT_RETAINED,12,4,0.6236805282045498,0.6236805282045498,2588.56766125001,1359038016,0,0,NOT_RUN,,NOT_RETAINED
FIXED_WAVE_BLOCK_GREEDY,242,1314,NOT_RETAINED,12,4,0.6221695437714665,0.6221695437714665,2611.0039259460755,1371816000,0,0,NOT_RUN,,NOT_RETAINED
FIXED_WAVE_BLOCK_GREEDY,243,1326,NOT_RETAINED,12,4,0.6207314280469715,0.6207314280469715,2632.029949165182,1384598592,0,0,NOT_RUN,,NOT_RETAINED
FIXED_WAVE_BLOCK_GREEDY,244,1338,NOT_RETAINED,12,4,0.6196413217469561,0.6196413217469561,2661.4604972121306,1397385792,0,0,NOT_RUN,,NOT_RETAINED
FIXED_WAVE_BLOCK_GREEDY,245,1350,NOT_RETAINED,12,4,0.6185898832479482,0.6185898832479482,2684.521466042148,1410177600,0,0,NOT_RUN,,NOT_RETAINED
FIXED_WAVE_BLOCK_GREEDY,246,1362,NOT_RETAINED,12,4,0.6169440146519073,0.6169440146519073,2707.64172031614,1422974016,0,0,NOT_RUN,,NOT_RETAINED
FIXED_WAVE_BLOCK_GREEDY,247,1372,NOT_RETAINED,10,4,0.615690326063967,0.615690326063967,2742.013257140992,1433641216,0,0,NOT_RUN,,NOT_RETAINED
FIXED_WAVE_BLOCK_GREEDY,248,1384,NOT_RETAINED,12,4,0.6147220910249587,0.6147220910249587,2772.583869050024,1446446080,0,0,NOT_RUN,,NOT_RETAINED
FIXED_WAVE_BLOCK_GREEDY,249,1396,NOT_RETAINED,12,4,0.6130946293292004,0.6130946293292004,2795.7144970570225,1459255552,0,0,NOT_RUN,,NOT_RETAINED
FIXED_WAVE_BLOCK_GREEDY,250,1408,NOT_RETAINED,12,4,0.611943434916828,0.611943434916828,2823.186301757116,1472069632,0,0,NOT_RUN,,NOT_RETAINED
FIXED_WAVE_BLOCK_GREEDY,251,1420,NOT_RETAINED,12,4,0.610494307262886,0.610494307262886,2846.9914053541142,1484888320,0,0,NOT_RUN,,NOT_RETAINED
FIXED_WAVE_BLOCK_GREEDY,252,1432,NOT_RETAINED,12,4,0.6088607296372608,0.6088607296372608,2876.4482716580387,1497711616,0,0,NOT_RUN,,NOT_RETAINED
FIXED_WAVE_BLOCK_GREEDY,253,1444,NOT_RETAINED,12,4,0.6078042068608053,0.6078042068608053,2899.8913117931224,1510539520,0,0,NOT_RUN,,NOT_RETAINED
FIXED_WAVE_BLOCK_GREEDY,254,1456,NOT_RETAINED,12,4,0.6057440539667057,0.6057440539667057,2922.6196007430553,1523372032,0,0,NOT_RUN,,NOT_RETAINED
FIXED_WAVE_BLOCK_GREEDY,255,1468,NOT_RETAINED,12,4,0.6048797542226213,0.6048797542226213,2950.789016854018,1536209152,0,0,NOT_RUN,,NOT_RETAINED
FIXED_WAVE_BLOCK_GREEDY,256,1480,NOT_RETAINED,12,4,0.6035897607074204,0.6035897607074204,2973.985270405188,1549050880,0,0,NOT_RUN,,NOT_RETAINED
FIXED_WAVE_BLOCK_GREEDY,257,1492,NOT_RETAINED,12,4,0.6022775601175379,0.6022775601175379,2999.160913066007,1561897216,0,0,NOT_RUN,,NOT_RETAINED
FIXED_WAVE_BLOCK_GREEDY,258,1504,NOT_RETAINED,12,4,0.6009771479702403,0.6009771479702403,3033.4382761490997,1574748160,0,0,NOT_RUN,,NOT_RETAINED
FIXED_WAVE_BLOCK_GREEDY,259,1515,NOT_RETAINED,11,4,0.6002161027512414,0.6002161027512414,3071.164497671183,1586532240,0,0,NOT_RUN,,NOT_RETAINED
FIXED_WAVE_BLOCK_GREEDY,260,1527,NOT_RETAINED,12,4,0.5986358430893298,0.5986358430893298,3094.6304267500527,1599392016,0,0,NOT_RUN,,NOT_RETAINED
FIXED_WAVE_BLOCK_GREEDY,261,1539,NOT_RETAINED,12,4,0.5978333603899623,0.5978333603899623,3125.518088465091,1612256400,0,0,NOT_RUN,,NOT_RETAINED
FIXED_WAVE_BLOCK_GREEDY,262,1551,NOT_RETAINED,12,4,0.596850686776509,0.596850686776509,3159.963737533195,1625125392,0,0,NOT_RUN,,NOT_RETAINED
FIXED_WAVE_BLOCK_GREEDY,263,1563,NOT_RETAINED,12,4,0.5957557968748893,0.5957557968748893,3184.3348078981508,1637998992,0,0,NOT_RUN,,NOT_RETAINED
FIXED_WAVE_BLOCK_GREEDY,264,1575,NOT_RETAINED,12,4,0.5948372621584282,0.5948372621584282,3207.8299442331772,1650877200,0,0,NOT_RUN,,NOT_RETAINED
FIXED_WAVE_BLOCK_GREEDY,265,1587,NOT_RETAINED,12,4,0.5936368869416762,0.5936368869416762,3232.9739466151223,1663760016,0,0,NOT_RUN,,NOT_RETAINED
FIXED_WAVE_BLOCK_GREEDY,266,1599,NOT_RETAINED,12,4,0.5929539237958912,0.5929539237958912,3256.2405353679787,1676647440,0,0,NOT_RUN,,NOT_RETAINED
FIXED_WAVE_BLOCK_GREEDY,267,1611,NOT_RETAINED,12,4,0.5907024836042373,0.5907024836042373,3280.000520310132,1689539472,0,0,NOT_RUN,,NOT_RETAINED
FIXED_WAVE_BLOCK_GREEDY,268,1623,NOT_RETAINED,12,4,0.589485481708651,0.589485481708651,3313.0481899820734,1702436112,0,0,NOT_RUN,,NOT_RETAINED
FIXED_WAVE_BLOCK_GREEDY,269,1635,NOT_RETAINED,12,4,0.5887991690286033,0.5887991690286033,3354.2731513571925,1715337360,0,0,NOT_RUN,,NOT_RETAINED
FIXED_WAVE_BLOCK_GREEDY,270,1647,NOT_RETAINED,12,4,0.5875364635348919,0.5875364635348919,3378.100642621983,1728243216,0,0,NOT_RUN,,NOT_RETAINED
FIXED_WAVE_BLOCK_GREEDY,271,1659,NOT_RETAINED,12,4,0.5857054033478553,0.5857054033478553,3402.3846015150193,1741153680,0,0,NOT_RUN,,NOT_RETAINED
FIXED_WAVE_BLOCK_GREEDY,272,1671,NOT_RETAINED,12,4,0.5847288686140658,0.5847288686140658,3434.420380693162,1754068752,0,0,NOT_RUN,,NOT_RETAINED
FIXED_WAVE_BLOCK_GREEDY,273,1683,NOT_RETAINED,12,4,0.5839020258505895,0.5839020258505895,3466.329514928162,1766988432,0,0,NOT_RUN,,NOT_RETAINED
FIXED_WAVE_BLOCK_GREEDY,274,1695,NOT_RETAINED,12,4,0.5826109048405501,0.5826109048405501,3490.775314914994,1779912720,0,0,NOT_RUN,,NOT_RETAINED
FIXED_WAVE_BLOCK_GREEDY,275,1707,NOT_RETAINED,12,4,0.5815066615349963,0.5815066615349963,3515.071024446981,1792841616,0,0,NOT_RUN,,NOT_RETAINED
FIXED_WAVE_BLOCK_GREEDY,276,1719,NOT_RETAINED,12,4,0.5801495716395982,0.5801495716395982,3555.4438911511097,1805775120,0,0,NOT_RUN,,NOT_RETAINED
FIXED_WAVE_BLOCK_GREEDY,277,1731,NOT_RETAINED,12,4,0.578777397659771,0.578777397659771,3582.15345810703,1818713232,0,0,NOT_RUN,,NOT_RETAINED
FIXED_WAVE_BLOCK_GREEDY,278,1743,NOT_RETAINED,12,4,0.5776889013350626,0.5776889013350626,3607.152571159182,1831655952,0,0,NOT_RUN,,NOT_RETAINED
FIXED_WAVE_BLOCK_GREEDY,279,1755,NOT_RETAINED,12,4,0.576563232024509,0.576563232024509,3635.858652555151,1844603280,0,0,NOT_RUN,,NOT_RETAINED
FIXED_WAVE_BLOCK_GREEDY,280,1767,NOT_RETAINED,12,4,0.5755161754052863,0.5755161754052863,3671.481021739077,1857555216,0,0,NOT_RUN,,NOT_RETAINED
FIXED_WAVE_BLOCK_GREEDY,281,1779,NOT_RETAINED,12,4,0.5738507870330918,0.5738507870330918,3696.8584755461197,1870511760,0,0,NOT_RUN,,NOT_RETAINED
FIXED_WAVE_BLOCK_GREEDY,282,1791,NOT_RETAINED,12,4,0.5729766659962169,0.5729766659962169,3723.012291437015,1883472912,0,0,NOT_RUN,,NOT_RETAINED
FIXED_WAVE_BLOCK_GREEDY,283,1803,NOT_RETAINED,12,4,0.5720414382582657,0.5720414382582657,3752.8268223030027,1896438672,0,0,NOT_RUN,,NOT_RETAINED
FIXED_WAVE_BLOCK_GREEDY,284,1815,NOT_RETAINED,12,4,0.5708577829040332,0.5708577829040332,3789.492760863155,1909409040,0,0,NOT_RUN,,NOT_RETAINED
FIXED_WAVE_BLOCK_GREEDY,285,1827,NOT_RETAINED,12,4,0.5698038921579347,0.5698038921579347,3822.6612724030856,1922384016,0,0,NOT_RUN,,NOT_RETAINED
FIXED_WAVE_BLOCK_GREEDY,286,1839,NOT_RETAINED,12,4,0.5691730406150676,0.5691730406150676,3851.5529657881707,1935363600,0,0,NOT_RUN,,NOT_RETAINED
FIXED_WAVE_BLOCK_GREEDY,287,1851,NOT_RETAINED,12,4,0.5684453761577817,0.5684453761577817,3884.3472921971697,1948347792,0,0,NOT_RUN,direction_resolution,NOT_RETAINED
FIXED_WAVE_BLOCK_GREEDY,288,1863,NOT_RETAINED,12,4,0.5675754913489138,0.5675754913489138,3925.7783933160827,1961336592,0,0,NOT_RUN,,NOT_RETAINED
FIXED_WAVE_BLOCK_GREEDY,289,1875,NOT_RETAINED,12,4,0.5664452262277093,0.5664452262277093,3952.2378183221444,1974330000,0,0,NOT_RUN,,NOT_RETAINED
FIXED_WAVE_BLOCK_GREEDY,290,1887,NOT_RETAINED,12,4,0.5641951718702786,0.5641951718702786,3980.899181246059,1987328016,0,0,NOT_RUN,,NOT_RETAINED
FIXED_WAVE_BLOCK_GREEDY,291,1899,NOT_RETAINED,12,4,0.563402122158863,0.563402122158863,4007.942690583179,2000330640,0,0,NOT_RUN,,NOT_RETAINED
FIXED_WAVE_BLOCK_GREEDY,292,1911,NOT_RETAINED,12,4,0.5619577497816369,0.5619577497816369,4035.197605634108,2013337872,0,0,NOT_RUN,,NOT_RETAINED
FIXED_WAVE_BLOCK_GREEDY,293,1923,NOT_RETAINED,12,4,0.5608857290332734,0.5608857290332734,4062.387890554033,2026349712,0,0,NOT_RUN,,NOT_RETAINED
FIXED_WAVE_BLOCK_GREEDY,294,1935,NOT_RETAINED,12,4,0.5602615599808392,0.5602615599808392,4089.212216987973,2039366160,0,0,NOT_RUN,,NOT_RETAINED
FIXED_WAVE_BLOCK_GREEDY,295,1947,NOT_RETAINED,12,4,0.5594542391836812,0.5594542391836812,4116.693418615032,2052387216,0,0,NOT_RUN,,NOT_RETAINED
FIXED_WAVE_BLOCK_GREEDY,296,1959,NOT_RETAINED,12,4,0.5583457833133953,0.5583457833133953,4144.323857470183,2065412880,0,0,NOT_RUN,,NOT_RETAINED
FIXED_WAVE_BLOCK_GREEDY,297,1971,NOT_RETAINED,12,4,0.5568182929811252,0.5568182929811252,4172.027949712006,2078443152,0,0,NOT_RUN,,NOT_RETAINED
FIXED_WAVE_BLOCK_GREEDY,298,1983,NOT_RETAINED,12,4,0.555939861012392,0.555939861012392,4199.631072055083,2091478032,0,0,NOT_RUN,,NOT_RETAINED
FIXED_WAVE_BLOCK_GREEDY,299,1995,NOT_RETAINED,12,4,0.5537402019420172,0.5537402019420172,4227.600242462009,2104517520,0,0,NOT_RUN,,NOT_RETAINED
FIXED_WAVE_BLOCK_GREEDY,300,2007,NOT_RETAINED,12,4,0.5521746010281239,0.5521746010281239,4255.8605987201445,2117561616,0,0,NOT_RUN,,NOT_RETAINED
FIXED_WAVE_BLOCK_GREEDY,301,2019,NOT_RETAINED,12,4,0.5512417975934516,0.5512417975934516,4298.199795470107,2130610320,0,0,NOT_RUN,,NOT_RETAINED
FIXED_WAVE_BLOCK_GREEDY,302,2031,NOT_RETAINED,12,4,0.5503887865113982,0.5503887865113982,4328.886575584067,2143663632,0,0,NOT_RUN,,NOT_RETAINED
FIXED_WAVE_BLOCK_GREEDY,303,2043,NOT_RETAINED,12,4,0.5498685577918352,0.5498685577918352,4364.396678938065,2156721552,0,0,NOT_RUN,,NOT_RETAINED
FIXED_WAVE_BLOCK_GREEDY,304,2055,NOT_RETAINED,12,4,0.548953433260248,0.548953433260248,4397.89778280817,2169784080,0,0,NOT_RUN,,NOT_RETAINED
FIXED_WAVE_BLOCK_GREEDY,305,2079,NOT_RETAINED,24,8,0.5467435605256369,0.5467435605256369,4446.050048819045,2195922960,0,0,NOT_RUN,,NOT_RETAINED
FIXED_WAVE_BLOCK_GREEDY,306,2103,NOT_RETAINED,24,8,0.5448748915367738,0.5448748915367738,4498.719890091103,2222080272,0,0,NOT_RUN,,NOT_RETAINED
FIXED_WAVE_BLOCK_GREEDY,307,2127,NOT_RETAINED,24,8,0.5430860346425039,0.5430860346425039,4557.971810790012,2248256016,0,0,NOT_RUN,,NOT_RETAINED
FIXED_WAVE_BLOCK_GREEDY,308,2151,NOT_RETAINED,24,8,0.5419985398363361,0.5419985398363361,4650.2833219741005,2274450192,0,0,NOT_RUN,direction_resolution,NOT_RETAINED
FIXED_WAVE_BLOCK_GREEDY,309,2175,NOT_RETAINED,24,8,0.5402813505488879,0.5402813505488879,4696.845770998159,2300662800,0,0,NOT_RUN,,NOT_RETAINED
FIXED_WAVE_BLOCK_GREEDY,310,2199,NOT_RETAINED,24,8,0.5380000318215531,0.5380000318215531,4743.977029916132,2326893840,0,0,NOT_RUN,,NOT_RETAINED
FIXED_WAVE_BLOCK_GREEDY,311,2223,NOT_RETAINED,24,8,0.5362994280552674,0.5362994280552674,4791.479420955991,2353143312,0,0,NOT_RUN,,NOT_RETAINED
FIXED_WAVE_BLOCK_GREEDY,312,2247,NOT_RETAINED,24,8,0.5345967490852459,0.5345967490852459,4839.751378566027,2379411216,0,0,NOT_RUN,,NOT_RETAINED
FIXED_WAVE_BLOCK_GREEDY,313,2271,NOT_RETAINED,24,8,0.532063738571001,0.532063738571001,4888.560334816109,2405697552,0,0,NOT_RUN,,NOT_RETAINED
FIXED_WAVE_BLOCK_GREEDY,314,2295,NOT_RETAINED,24,8,0.5289587831838948,0.5289587831838948,4937.684513298096,2432002320,0,0,NOT_RUN,,NOT_RETAINED
FIXED_WAVE_BLOCK_GREEDY,315,2319,NOT_RETAINED,24,8,0.5271925049998967,0.5271925049998967,4987.071795862168,2458325520,0,0,NOT_RUN,,NOT_RETAINED
FIXED_WAVE_BLOCK_GREEDY,316,2343,NOT_RETAINED,24,8,0.5257622829930213,0.5257622829930213,5037.073502842104,2484667152,0,0,NOT_RUN,,NOT_RETAINED
FIXED_WAVE_BLOCK_GREEDY,317,2367,NOT_RETAINED,24,8,0.5245662079669341,0.5245662079669341,5086.781736581121,2511027216,0,0,NOT_RUN,direction_resolution,NOT_RETAINED
FIXED_WAVE_BLOCK_GREEDY,318,2391,NOT_RETAINED,24,8,0.5227711302717493,0.5227711302717493,5138.536672372138,2537405712,0,0,NOT_RUN,,NOT_RETAINED
FIXED_WAVE_BLOCK_GREEDY,319,2415,NOT_RETAINED,24,8,0.5212323915086203,0.5212323915086203,5190.286428452004,2563802640,0,0,NOT_RUN,,NOT_RETAINED
FIXED_WAVE_BLOCK_GREEDY,320,2439,NOT_RETAINED,24,8,0.5197501357233045,0.5197501357233045,5241.803557245992,2590218000,0,0,NOT_RUN,authorized_support_width_resolution_exhausted,NOT_RETAINED
FIXED_WAVE_BLOCK_GREEDY,321,2463,NOT_RETAINED,24,8,0.5186168523591563,0.5186168523591563,5293.36959596118,2616651792,0,0,NOT_RUN,,NOT_RETAINED
FIXED_WAVE_BLOCK_GREEDY,322,2487,NOT_RETAINED,24,8,0.5173892067247511,0.5173892067247511,5348.940643974114,2643104016,0,0,NOT_RUN,,NOT_RETAINED
FIXED_WAVE_BLOCK_GREEDY,323,2511,NOT_RETAINED,24,8,0.5155334367246613,0.5155334367246613,5401.450810836162,2669574672,0,0,NOT_RUN,authorized_support_width_resolution_exhausted,NOT_RETAINED
FIXED_WAVE_BLOCK_GREEDY,324,2535,NOT_RETAINED,24,8,0.5143001498655101,0.5143001498655101,5454.53491402301,2696063760,0,0,NOT_RUN,,NOT_RETAINED
FIXED_WAVE_BLOCK_GREEDY,325,2559,NOT_RETAINED,24,8,0.512849647598303,0.512849647598303,5507.983679919038,2722571280,0,0,NOT_RUN,,NOT_RETAINED
FIXED_WAVE_BLOCK_GREEDY,326,2583,NOT_RETAINED,24,8,0.5112554483592892,0.5112554483592892,5561.919516459107,2749097232,0,0,NOT_RUN,authorized_support_width_resolution_exhausted,NOT_RETAINED
FIXED_WAVE_BLOCK_GREEDY,327,2607,NOT_RETAINED,24,8,0.5097135106894768,0.5097135106894768,5615.971111912979,2775641616,0,0,NOT_RUN,,NOT_RETAINED
FIXED_WAVE_BLOCK_GREEDY,328,2631,NOT_RETAINED,24,8,0.5075046380322781,0.5075046380322781,5670.464826112147,2802204432,0,0,NOT_RUN,,NOT_RETAINED
FIXED_WAVE_BLOCK_GREEDY,329,2655,NOT_RETAINED,24,8,0.5047539762062069,0.5047539762062069,5725.559015921084,2828785680,0,0,NOT_RUN,,NOT_RETAINED
FIXED_WAVE_BLOCK_GREEDY,330,2679,NOT_RETAINED,24,8,0.5027897259097985,0.5027897259097985,5781.405256896978,2855385360,0,0,NOT_RUN,,NOT_RETAINED
FIXED_WAVE_BLOCK_GREEDY,331,2703,NOT_RETAINED,24,8,0.500028785371655,0.500028785371655,5837.830564242089,2882003472,0,0,NOT_RUN,,NOT_RETAINED
FIXED_WAVE_BLOCK_GREEDY,332,2727,NOT_RETAINED,24,8,0.4980013783064766,0.4980013783064766,5893.381163926097,2908640016,0,0,NOT_RUN,,NOT_RETAINED
FIXED_WAVE_BLOCK_GREEDY,333,2751,NOT_RETAINED,24,8,0.4965536666109512,0.4965536666109512,5950.247046835022,2935294992,0,0,NOT_RUN,,NOT_RETAINED
FIXED_WAVE_BLOCK_GREEDY,334,2775,NOT_RETAINED,24,8,0.493837886492704,0.493837886492704,6007.688597421162,2961968400,0,0,NOT_RUN,,NOT_RETAINED
FIXED_WAVE_BLOCK_GREEDY,335,2799,NOT_RETAINED,24,8,0.491815804956744,0.491815804956744,6064.990327117033,2988660240,0,0,NOT_RUN,,NOT_RETAINED
FIXED_WAVE_BLOCK_GREEDY,336,2823,NOT_RETAINED,24,8,0.49051361048041914,0.49051361048041914,6122.948907476151,3015370512,0,0,NOT_RUN,,NOT_RETAINED
FIXED_WAVE_BLOCK_GREEDY,337,2847,NOT_RETAINED,24,8,0.48802025691197554,0.48802025691197554,6181.199558282038,3042099216,0,0,NOT_RUN,,NOT_RETAINED
FIXED_WAVE_BLOCK_GREEDY,338,2871,NOT_RETAINED,24,8,0.4860526630289039,0.4860526630289039,6240.008644473972,3068846352,0,0,NOT_RUN,,NOT_RETAINED
FIXED_WAVE_BLOCK_GREEDY,339,2895,NOT_RETAINED,24,8,0.4850436022548071,0.4850436022548071,6298.944397878135,3095611920,0,0,NOT_RUN,,NOT_RETAINED
FIXED_WAVE_BLOCK_GREEDY,340,2919,NOT_RETAINED,24,8,0.48297334555774263,0.48297334555774263,6359.249011344975,3122395920,0,0,NOT_RUN,,NOT_RETAINED
FIXED_WAVE_BLOCK_GREEDY,341,2943,NOT_RETAINED,24,8,0.4811098184888341,0.4811098184888341,6419.708454450127,3149198352,0,0,NOT_RUN,,NOT_RETAINED
FIXED_WAVE_BLOCK_GREEDY,342,2967,NOT_RETAINED,24,8,0.47846953140284426,0.47846953140284426,6479.569145119982,3176019216,0,0,NOT_RUN,,NOT_RETAINED
FIXED_WAVE_BLOCK_GREEDY,343,2991,NOT_RETAINED,24,8,0.47662441931213667,0.47662441931213667,6540.730243881,3202858512,0,0,NOT_RUN,,NOT_RETAINED
LEARNED_WAVE_BLOCK_GREEDY,1,3,3,3,1,0.9693093947245702,0.9693093947245702,93.5514087700285,3069072,0.018356758920675616,8,0,,2.8794382708102714e-15
LEARNED_WAVE_BLOCK_GREEDY,2,6,6,3,1,0.9673565247730342,0.9673565247730342,109.85722664091736,6138432,0.2593311650617664,10,0,,2.9320491545440184e-15
LEARNED_WAVE_BLOCK_GREEDY,3,9,9,3,1,0.965881917076988,0.965881917076988,128.06438332400285,9208080,0.4168934434756795,12,0,,3.0274161098461785e-15
LEARNED_WAVE_BLOCK_GREEDY,4,12,12,3,1,0.9633959718527915,0.9633959718527915,143.0411263750866,12278016,0.09638796561291596,8,0,,3.1118716677950197e-15
LEARNED_WAVE_BLOCK_GREEDY,5,15,15,3,1,0.9464149371502878,0.9464149371502878,161.99129623407498,15348240,0.7524200408866787,13,1,,3.3329815713430803e-15
LEARNED_WAVE_BLOCK_GREEDY,6,18,18,3,1,0.9427886831520699,0.9427886831520699,181.32662999792956,18418752,0.31793842069526596,13,0,,3.314837987927978e-15
LEARNED_WAVE_BLOCK_GREEDY,7,21,21,3,1,0.9371545244448767,0.9371545244448767,191.8466097349301,21489552,0.9368927085554639,12,0,,3.3516033513682576e-15
LEARNED_WAVE_BLOCK_GREEDY,8,24,24,3,1,0.935062395941345,0.935062395941345,200.222952329088,24560640,0.1779879190585524,8,0,,3.3544188663667516e-15
LEARNED_WAVE_BLOCK_GREEDY,9,27,27,3,1,0.9173994162410993,0.9173994162410993,231.97999199992046,27632016,0.299848911654803,10,0,,3.3664294202817723e-15
LEARNED_WAVE_BLOCK_GREEDY,10,30,30,3,1,0.9168111974771529,0.9168111974771529,249.37615906610154,30703680,0.48833147995863774,11,0,,3.4312308555611304e-15
LEARNED_WAVE_BLOCK_GREEDY,11,33,33,3,1,0.8880630851884835,0.8880630851884835,271.5076289209537,33775632,0.25933519656622767,15,0,,3.9424699053528705e-15
LEARNED_WAVE_BLOCK_GREEDY,12,36,36,3,1,0.8827295789879201,0.8827295789879201,279.3501475190278,36847872,0.5015403932348966,10,0,,4.2320612599892574e-15
LEARNED_WAVE_BLOCK_GREEDY,13,39,39,3,1,0.8755836439601242,0.8755836439601242,286.090958355926,39920400,0.08539872765266138,8,0,,4.247035332737027e-15
LEARNED_WAVE_BLOCK_GREEDY,14,42,42,3,1,0.8709720261533751,0.8709720261533751,294.85465316590853,42993216,1.4506221924586464,15,0,,4.267270176366559e-15
LEARNED_WAVE_BLOCK_GREEDY,15,45,45,3,1,0.8629401636177786,0.8629401636177786,301.42336012609303,46066320,0.33882019017611537,8,0,,4.448300774470396e-15
LEARNED_WAVE_BLOCK_GREEDY,16,48,48,3,1,0.8617885140991376,0.8617885140991376,307.90656054904684,49139712,0.09340361597411008,7,0,,4.35654895894827e-15
LEARNED_WAVE_BLOCK_GREEDY,17,51,51,3,1,0.8581938550803625,0.8581938550803625,315.80744494101964,52213392,0.4399138168302927,10,0,,4.252996240148549e-15
LEARNED_WAVE_BLOCK_GREEDY,18,54,54,3,1,0.8569781724384954,0.8569781724384954,322.1568773910403,55287360,0.05374870704361108,6,0,,4.3812578357807555e-15
LEARNED_WAVE_BLOCK_GREEDY,19,57,57,3,1,0.8471285062585804,0.8471285062585804,331.47710153087974,58361616,1.0059286670459082,12,0,,4.2802570665096845e-15
LEARNED_WAVE_BLOCK_GREEDY,20,60,60,3,1,0.845883960904405,0.845883960904405,342.70524312602356,61436160,2.024961594755671,19,1,,4.362909386349965e-15
LEARNED_WAVE_BLOCK_GREEDY,21,63,63,3,1,0.8367160712220271,0.8367160712220271,350.4627964680549,64510992,0.22584682492291977,9,0,,4.363990289089862e-15
LEARNED_WAVE_BLOCK_GREEDY,22,66,66,3,1,0.8359247797062042,0.8359247797062042,358.7521489090286,67586112,0.34049571469158924,13,0,,4.36739496912287e-15
LEARNED_WAVE_BLOCK_GREEDY,23,69,69,3,1,0.8265408870947591,0.8265408870947591,366.15026822988875,70661520,0.26833564263896525,9,0,,4.424925929438555e-15
LEARNED_WAVE_BLOCK_GREEDY,24,72,72,3,1,0.8259396568143835,0.8259396568143835,373.91848688409664,73737216,0.22229340251939106,8,0,,4.410219113879288e-15
LEARNED_WAVE_BLOCK_GREEDY,25,75,75,3,1,0.8219724396891083,0.8219724396891083,383.4318793369457,76813200,0.7661701312977413,14,0,,4.622540597565131e-15
LEARNED_WAVE_BLOCK_GREEDY,26,78,78,3,1,0.8185591348889113,0.8185591348889113,394.3150909880642,79889472,1.1234576331473236,16,1,,4.677016885762118e-15
LEARNED_WAVE_BLOCK_GREEDY,27,81,81,3,1,0.810741113730193,0.810741113730193,401.8390041741077,82966032,0.29210280556512486,9,0,,4.6810584357169695e-15
LEARNED_WAVE_BLOCK_GREEDY,28,84,84,3,1,0.8093403536203149,0.8093403536203149,410.4369236070197,86042880,0.20519265883373763,10,0,,4.604509739950105e-15
LEARNED_WAVE_BLOCK_GREEDY,29,87,87,3,1,0.8024180081729528,0.8024180081729528,421.10288631892763,89120016,1.011451606073523,15,0,,4.620456765794171e-15
LEARNED_WAVE_BLOCK_GREEDY,30,90,90,3,1,0.8006100380617334,0.8006100380617334,428.7502172519453,92197440,1.4566625662325345,19,1,,4.505987311382605e-15
LEARNED_WAVE_BLOCK_GREEDY,31,93,93,3,1,0.7958090542741507,0.7958090542741507,437.6501829349436,95275152,0.33375734020684955,10,0,,4.754881148830264e-15
LEARNED_WAVE_BLOCK_GREEDY,32,96,96,3,1,0.7927145129853307,0.7927145129853307,448.14888330805115,98353152,3.907869909705018,19,1,,4.8891594697395994e-15
LEARNED_WAVE_BLOCK_GREEDY,33,99,99,3,1,0.7907013622004248,0.7907013622004248,458.6802044250071,101431440,0.27911273904991846,16,1,,6.6683079593209336e-15
LEARNED_WAVE_BLOCK_GREEDY,34,102,102,3,1,0.7874897407340348,0.7874897407340348,467.5367065530736,104510016,0.38224254267816304,9,0,,7.233663289820983e-15
LEARNED_WAVE_BLOCK_GREEDY,35,105,105,3,1,0.7859707368730268,0.7859707368730268,476.9018982129637,107588880,0.4493229199289348,10,0,,7.028685355737699e-15
LEARNED_WAVE_BLOCK_GREEDY,36,108,108,3,1,0.7844363560584359,0.7844363560584359,486.077499887906,110668032,0.14780323779486373,11,0,,7.120781288258623e-15
LEARNED_WAVE_BLOCK_GREEDY,37,111,111,3,1,0.7833334969047153,0.7833334969047153,495.66382460389286,113747472,0.3878385499785329,14,1,,7.097385475441691e-15
LEARNED_WAVE_BLOCK_GREEDY,38,114,114,3,1,0.7814695606788246,0.7814695606788246,505.5449690949172,116827200,1.9766284413763362,13,0,,7.376194370950621e-15
LEARNED_WAVE_BLOCK_GREEDY,39,117,117,3,1,0.7737630100854422,0.7737630100854422,511.97200288507156,119907216,0.006340846801819259,5,0,,7.140130596727829e-15
LEARNED_WAVE_BLOCK_GREEDY,40,120,120,3,1,0.7730047159148066,0.7730047159148066,521.5874597439542,122987520,0.9168644895632339,14,0,,7.034668010398966e-15
LEARNED_WAVE_BLOCK_GREEDY,41,123,123,3,1,0.7643715734084685,0.7643715734084685,532.6448337489273,126068112,1.3032318659826403,16,0,,6.712032024005057e-15
LEARNED_WAVE_BLOCK_GREEDY,42,126,126,3,1,0.7628953158801443,0.7628953158801443,541.2773398910649,129148992,0.19625521209465613,8,0,,7.009194956648672e-15
LEARNED_WAVE_BLOCK_GREEDY,43,129,129,3,1,0.7574650868840934,0.7574650868840934,549.9517790970858,132230160,0.4431535554023514,11,0,,6.875704165148532e-15
LEARNED_WAVE_BLOCK_GREEDY,44,132,132,3,1,0.7571034118336794,0.7571034118336794,553.7307304861024,135311616,0.29166305385969743,8,0,,6.8575462317602534e-15
LEARNED_WAVE_BLOCK_GREEDY,45,135,135,3,1,0.755750751483063,0.755750751483063,558.885603832081,138393360,2.6389771652165464,19,1,,7.01813354459508e-15
LEARNED_WAVE_BLOCK_GREEDY,46,138,138,3,1,0.7552302439472223,0.7552302439472223,563.8762554728892,141475392,1.9597173586866115,17,0,,6.787536291328134e-15
LEARNED_WAVE_BLOCK_GREEDY,47,141,141,3,1,0.7536493476829077,0.7536493476829077,569.2767632440664,144557712,2.595661923715648,18,0,,6.8367485483696446e-15
LEARNED_WAVE_BLOCK_GREEDY,48,144,144,3,1,0.7524718799102191,0.7524718799102191,574.2440443299711,147640320,3.2075555209146214,15,0,,6.681324576883067e-15
LEARNED_WAVE_BLOCK_GREEDY,49,147,147,3,1,0.7496915924532209,0.7496915924532209,579.8208807460032,150723216,5.059432720625947,19,1,,6.561893892998161e-15
LEARNED_WAVE_BLOCK_GREEDY,50,150,150,3,1,0.7482926211797492,0.7482926211797492,585.5650441949256,153806400,2.6532604843171494,20,1,,6.383383644024242e-15
LEARNED_WAVE_BLOCK_GREEDY,51,153,153,3,1,0.7477013265644958,0.7477013265644958,589.8348237869795,156889872,1.1317359446472735,10,0,,6.336422448171953e-15
LEARNED_WAVE_BLOCK_GREEDY,52,156,156,3,1,0.7474414609720562,0.7474414609720562,594.5517713821027,159973632,1.2703501618100115,13,0,,6.419217138313824e-15
LEARNED_WAVE_BLOCK_GREEDY,53,159,159,3,1,0.7463817757957987,0.7463817757957987,600.1554023129866,163057680,2.849430524305421,19,1,,6.3140024029096574e-15
LEARNED_WAVE_BLOCK_GREEDY,54,162,162,3,1,0.7462424116070943,0.7462424116070943,605.763572741067,166142016,1.026593540696581,19,1,,6.467030274757016e-15
LEARNED_WAVE_BLOCK_GREEDY,55,165,165,3,1,0.7458991131910414,0.7458991131910414,610.3470532060601,169226640,0.44220370065938,11,0,,6.450285240850109e-15
LEARNED_WAVE_BLOCK_GREEDY,56,168,168,3,1,0.7443228115617057,0.7443228115617057,615.637789092958,172311552,2.2299996073037525,15,0,,6.53376858702251e-15
LEARNED_WAVE_BLOCK_GREEDY,57,171,171,3,1,0.743402219959676,0.743402219959676,620.6108172470704,175396752,1.473960945431618,12,0,,6.42576021706254e-15
LEARNED_WAVE_BLOCK_GREEDY,58,174,174,3,1,0.7417998613698874,0.7417998613698874,625.6758975980338,178482240,0.7352179232036954,12,0,,6.506660963289852e-15
LEARNED_WAVE_BLOCK_GREEDY,59,177,177,3,1,0.7403661233063894,0.7403661233063894,630.7759041909594,181568016,2.4981174701461524,14,0,,6.521812554209582e-15
LEARNED_WAVE_BLOCK_GREEDY,60,180,180,3,1,0.7394737846601026,0.7394737846601026,636.7655892518815,184654080,2.0219371657637755,17,0,,6.434170387701135e-15
LEARNED_WAVE_BLOCK_GREEDY,61,183,183,3,1,0.7389632112224934,0.7389632112224934,641.5064593909774,187740432,0.7898641078705241,10,0,,6.4259702204476065e-15
LEARNED_WAVE_BLOCK_GREEDY,62,186,186,3,1,0.738845208301962,0.738845208301962,646.3862890540622,190827072,0.7505503019399057,11,0,,6.504150761682997e-15
LEARNED_WAVE_BLOCK_GREEDY,63,189,189,3,1,0.7384641558622347,0.7384641558622347,651.4666319619864,193914000,1.2954884247902536,10,0,,6.38957001622518e-15
LEARNED_WAVE_BLOCK_GREEDY,64,192,192,3,1,0.7376579674851356,0.7376579674851356,657.0392467810307,197001216,6.037317537848205,13,0,,6.412967454730761e-15
LEARNED_WAVE_BLOCK_GREEDY,65,195,195,3,1,0.7368827013538118,0.7368827013538118,662.7441127039492,200088720,1.6972717491477904,14,0,,6.534165134442432e-15
LEARNED_WAVE_BLOCK_GREEDY,66,198,198,3,1,0.7357853102574827,0.7357853102574827,667.7459510669578,203176512,1.2650721159625955,9,0,,6.511304603789479e-15
LEARNED_WAVE_BLOCK_GREEDY,67,201,201,3,1,0.7350265560393366,0.7350265560393366,673.668746520998,206264592,1.7496205664112283,14,0,,6.48943029367748e-15
LEARNED_WAVE_BLOCK_GREEDY,68,204,204,3,1,0.733881966425027,0.733881966425027,680.1970613528974,209352960,2.284902580803847,18,0,,6.695017439195911e-15
LEARNED_WAVE_BLOCK_GREEDY,69,207,207,3,1,0.733317871833649,0.733317871833649,685.9261785459239,212441616,4.0394543483762195,13,0,,6.601647971082194e-15
LEARNED_WAVE_BLOCK_GREEDY,70,210,210,3,1,0.732512707642071,0.732512707642071,691.3317287710961,215530560,0.3696666186664744,11,0,,6.703007133205917e-15
LEARNED_WAVE_BLOCK_GREEDY,71,213,213,3,1,0.7321183576132414,0.7321183576132414,696.8368361270986,218619792,0.8249373709896146,12,0,,6.6294446461499035e-15
LEARNED_WAVE_BLOCK_GREEDY,72,216,216,3,1,0.731894269563297,0.731894269563297,701.9990187180229,221709312,0.22530152236057133,10,0,,6.694077823424749e-15
LEARNED_WAVE_BLOCK_GREEDY,73,219,219,3,1,0.7299153670394374,0.7299153670394374,709.2991661860142,224799120,4.090150410897393,21,1,,6.45825506832702e-15
LEARNED_WAVE_BLOCK_GREEDY,74,222,222,3,1,0.7286614362124852,0.7286614362124852,715.5730081109796,227889216,3.866720113538392,17,0,,6.429286386889598e-15
LEARNED_WAVE_BLOCK_GREEDY,75,225,225,3,1,0.7282153318767136,0.7282153318767136,720.8280309340917,230979600,1.0742595755185698,10,0,,6.544655180856565e-15
LEARNED_WAVE_BLOCK_GREEDY,76,228,228,3,1,0.7274693873878968,0.7274693873878968,727.3191904230043,234070272,1.7974194743178316,17,0,,6.515955918437344e-15
LEARNED_WAVE_BLOCK_GREEDY,77,231,231,3,1,0.7258971834476723,0.7258971834476723,734.2667816800531,237161232,2.8729953054553468,18,0,,6.471764615051284e-15
LEARNED_WAVE_BLOCK_GREEDY,78,234,234,3,1,0.7254639803791147,0.7254639803791147,740.4535979719367,240252480,0.46088729768867903,13,1,,6.532621208533398e-15
LEARNED_WAVE_BLOCK_GREEDY,79,237,237,3,1,0.7239503744304481,0.7239503744304481,747.0244789279532,243344016,3.4845650401138055,16,0,,6.6604150972742485e-15
LEARNED_WAVE_BLOCK_GREEDY,80,240,240,3,1,0.7234277727128975,0.7234277727128975,754.6510222631041,246435840,0.3170552873165163,20,1,,6.66088555409049e-15
LEARNED_WAVE_BLOCK_GREEDY,81,243,243,3,1,0.7224774004838138,0.7224774004838138,760.3658891529776,249527952,0.7378066508149788,10,0,,6.6414269528265234e-15
LEARNED_WAVE_BLOCK_GREEDY,82,246,246,3,1,0.721635242725074,0.721635242725074,766.5153008399066,252620352,2.2382356855642227,13,0,,6.893981518890619e-15
LEARNED_WAVE_BLOCK_GREEDY,83,249,249,3,1,0.7205593201168989,0.7205593201168989,773.5605933258776,255713040,2.3484741908142612,18,0,,6.7296580606039986e-15
LEARNED_WAVE_BLOCK_GREEDY,84,252,252,3,1,0.7193981114672299,0.7193981114672299,779.2209447699133,258806016,0.2517896012386809,9,0,,6.808274371704938e-15
LEARNED_WAVE_BLOCK_GREEDY,85,255,255,3,1,0.717922760703678,0.717922760703678,786.5326943988912,261899280,4.763612616123179,19,1,,6.79449658165167e-15
LEARNED_WAVE_BLOCK_GREEDY,86,258,258,3,1,0.7169427684347641,0.7169427684347641,792.7004063751083,264992832,1.3854070896194979,11,0,,6.912885511302745e-15
LEARNED_WAVE_BLOCK_GREEDY,87,264,264,6,2,0.7163089186227524,0.7163089186227524,802.9574691890739,271180800,0.43760218392045086,20,1,,6.9518185047240285e-15
LEARNED_WAVE_BLOCK_GREEDY,88,270,270,6,2,0.7144985477480122,0.7144985477480122,813.1036765431054,277369920,4.8915284213771075,19,1,,7.110898940795812e-15
LEARNED_WAVE_BLOCK_GREEDY,89,276,276,6,2,0.713521022923136,0.713521022923136,823.3882277759258,283560192,2.4087900270509053,19,1,,7.243807177326224e-15
LEARNED_WAVE_BLOCK_GREEDY,90,282,282,6,2,0.7116038813458784,0.7116038813458784,832.8679112230893,289751616,1.949869203211316,17,0,,7.170003902887168e-15
LEARNED_WAVE_BLOCK_GREEDY,91,288,288,6,2,0.710702729387252,0.710702729387252,841.8199119020719,295944192,2.8625578485832,14,1,,7.177859629989724e-15
LEARNED_WAVE_BLOCK_GREEDY,92,294,294,6,2,0.7095900899591312,0.7095900899591312,851.6793405839708,302137920,2.0174363862316893,18,1,,7.23227114549967e-15
LEARNED_WAVE_BLOCK_GREEDY,93,300,300,6,2,0.7091644292819707,0.7091644292819707,861.4254856579937,308332800,0.6075699496918642,16,1,,7.520788901499777e-15
LEARNED_WAVE_BLOCK_GREEDY,94,306,306,6,2,0.7080744097537326,0.7080744097537326,871.7941556118894,314528832,4.1786408783920805,16,1,,7.8621716336652e-15
LEARNED_WAVE_BLOCK_GREEDY,95,312,312,6,2,0.7049293797677525,0.7049293797677525,881.845510520041,320726016,5.0555881879655375,16,1,,7.597417560180386e-15
LEARNED_WAVE_BLOCK_GREEDY,96,318,318,6,2,0.7041075991023958,0.7041075991023958,891.5347182939295,326924352,2.8571027490528724,14,1,,7.709784519351147e-15
LEARNED_WAVE_BLOCK_GREEDY,97,324,324,6,2,0.7024146668180955,0.7024146668180955,903.0876935638953,333123840,0.7671820980531098,20,1,,8.030072488034032e-15
LEARNED_WAVE_BLOCK_GREEDY,98,330,330,6,2,0.7002742848275062,0.7002742848275062,914.6241806589533,339324480,1.6849666790892146,19,1,,8.016683125133595e-15
LEARNED_WAVE_BLOCK_GREEDY,99,336,336,6,2,0.6989378580058908,0.6989378580058908,925.8482321940828,345526272,1.7714041162500875,19,1,,8.005737475454749e-15
LEARNED_WAVE_BLOCK_GREEDY,100,342,342,6,2,0.6976689675243746,0.6976689675243746,936.1766088770237,351729216,1.8414296651951687,14,1,,7.877431892756689e-15
LEARNED_WAVE_BLOCK_GREEDY,101,348,348,6,2,0.6954654455988831,0.6954654455988831,946.5684545009863,357933312,3.640863781546006,15,1,,7.941703787308637e-15
LEARNED_WAVE_BLOCK_GREEDY,102,354,354,6,2,0.6941819573501956,0.6941819573501956,957.480616845889,364138560,0.9291860136230242,16,1,,7.957777599715836e-15
LEARNED_WAVE_BLOCK_GREEDY,103,360,360,6,2,0.6935794384865683,0.6935794384865683,969.2991123069078,370344960,0.21410623689687158,18,1,,8.060652759654914e-15
LEARNED_WAVE_BLOCK_GREEDY,104,366,366,6,2,0.6926170828984262,0.6926170828984262,980.9555295540486,376552512,2.3994123985824616,17,1,,8.043113364301988e-15
LEARNED_WAVE_BLOCK_GREEDY,105,372,372,6,2,0.691313962542091,0.691313962542091,991.731415994931,382761216,2.337816767187163,14,1,,8.716116189780397e-15
LEARNED_WAVE_BLOCK_GREEDY,106,378,378,6,2,0.6889304607606718,0.6889304607606718,1003.8204142800532,388971072,4.2325636631130275,18,1,,8.742385997762196e-15
LEARNED_WAVE_BLOCK_GREEDY,107,384,384,6,2,0.6866722520353997,0.6866722520353997,1016.3743687269744,395182080,3.259961701145592,19,1,,9.10876283756091e-15
LEARNED_WAVE_BLOCK_GREEDY,108,390,390,6,2,0.6858230325586951,0.6858230325586951,1027.8327460440341,401394240,1.4560662795037589,15,1,,9.11648297956957e-15
LEARNED_WAVE_BLOCK_GREEDY,109,396,396,6,2,0.6836102663781078,0.6836102663781078,1040.9193983369041,407607552,2.0347631271786217,19,1,,9.256501423830908e-15
LEARNED_WAVE_BLOCK_GREEDY,110,402,402,6,2,0.6811587942905379,0.6811587942905379,1053.818234927021,413822016,2.6293053383188467,19,1,,9.349095341155914e-15
LEARNED_WAVE_BLOCK_GREEDY,111,408,408,6,2,0.6794640246416803,0.6794640246416803,1065.5261917610187,420037632,1.6923372810303008,14,1,,9.30144414674837e-15
LEARNED_WAVE_BLOCK_GREEDY,112,414,414,6,2,0.6789434468825687,0.6789434468825687,1078.7659150939435,426254400,5.1914769525510245,19,1,,9.236377232169728e-15
LEARNED_WAVE_BLOCK_GREEDY,113,420,420,6,2,0.6779800451240685,0.6779800451240685,1092.6063955458812,432472320,1.6753797342702796,22,1,,9.475902612750708e-15
LEARNED_WAVE_BLOCK_GREEDY,114,426,426,6,2,0.6765732737369643,0.6765732737369643,1105.4356270730495,438691392,6.083608253605074,17,1,,9.557413781631966e-15
LEARNED_WAVE_BLOCK_GREEDY,115,432,432,6,2,0.6750644805986592,0.6750644805986592,1119.3829645500518,444911616,7.877435494017195,19,1,,9.501507264111212e-15
LEARNED_WAVE_BLOCK_GREEDY,116,438,438,6,2,0.674536860598942,0.674536860598942,1133.001250015106,451132992,2.145005342434097,19,1,,9.539865087687426e-15
LEARNED_WAVE_BLOCK_GREEDY,117,444,444,6,2,0.6728968332216057,0.6728968332216057,1146.785865199985,457355520,4.85334112302516,19,1,,9.570671797434942e-15
LEARNED_WAVE_BLOCK_GREEDY,118,450,450,6,2,0.6719124707527534,0.6719124707527534,1160.120386750903,463579200,2.1391866854496397,16,1,,9.695854473775221e-15
LEARNED_WAVE_BLOCK_GREEDY,119,456,456,6,2,0.6709788451253756,0.6709788451253756,1174.8342055128887,469804032,2.465755284043406,20,1,,1.205318220863263e-14
LEARNED_WAVE_BLOCK_GREEDY,120,462,462,6,2,0.6695390415372806,0.6695390415372806,1189.995694278041,476030016,2.3056498246119106,19,1,,1.1725692282514228e-14
LEARNED_WAVE_BLOCK_GREEDY,121,468,468,6,2,0.6681812679408698,0.6681812679408698,1205.066733556101,482257152,3.0453065251669456,19,1,,1.152922480109561e-14
LEARNED_WAVE_BLOCK_GREEDY,122,474,474,6,2,0.6675877551657354,0.6675877551657354,1219.8078651400283,488485440,3.1893724751442574,19,1,,1.1782785143352413e-14
LEARNED_WAVE_BLOCK_GREEDY,123,480,480,6,2,0.665771834570661,0.665771834570661,1235.234905064106,494714880,6.362245693272363,22,1,,1.17205656877513e-14
LEARNED_WAVE_BLOCK_GREEDY,124,486,486,6,2,0.6645168744283003,0.6645168744283003,1248.8193384099286,500945472,2.1550774442477407,16,1,,1.1966007704847002e-14
LEARNED_WAVE_BLOCK_GREEDY,125,492,492,6,2,0.6636975662577512,0.6636975662577512,1263.565369276097,507177216,1.746028444335718,19,1,,1.283525954987725e-14
LEARNED_WAVE_BLOCK_GREEDY,126,498,498,6,2,0.6626307250750868,0.6626307250750868,1278.0726495240815,513410112,1.1171515212908167,18,1,,1.2415376846792253e-14
LEARNED_WAVE_BLOCK_GREEDY,127,504,504,6,2,0.6613004227404541,0.6613004227404541,1291.6609976859763,519644160,2.931860449169414,15,1,,1.2557333781447173e-14
LEARNED_WAVE_BLOCK_GREEDY,128,510,510,6,2,0.6597070483837003,0.6597070483837003,1307.431031358894,525879360,3.314386273494453,19,1,,1.2315052957034144e-14
LEARNED_WAVE_BLOCK_GREEDY,129,516,516,6,2,0.6569147638536581,0.6569147638536581,1323.0803593099117,532115712,4.458035849087741,19,1,,1.2208699962049008e-14
LEARNED_WAVE_BLOCK_GREEDY,130,522,522,6,2,0.6558102096200936,0.6558102096200936,1339.2927110989112,538353216,4.608274012141776,20,1,,1.1876854673679896e-14
LEARNED_WAVE_BLOCK_GREEDY,131,528,528,6,2,0.6542255935079395,0.6542255935079395,1355.443640198093,544591872,2.3370025295709587,19,1,,1.2346114413516194e-14
LEARNED_WAVE_BLOCK_GREEDY,132,534,534,6,2,0.653224737728389,0.653224737728389,1372.0560376551002,550831680,2.357012300403229,20,1,,1.2262825464886117e-14
LEARNED_WAVE_BLOCK_GREEDY,133,540,540,6,2,0.6524366260797718,0.6524366260797718,1388.3990104089025,557072640,2.6340902686025265,19,1,,1.2548358942605259e-14
LEARNED_WAVE_BLOCK_GREEDY,134,546,546,6,2,0.6510573425759107,0.6510573425759107,1404.5190189220011,563314752,5.092046085212449,19,1,,1.2441380945039513e-14
LEARNED_WAVE_BLOCK_GREEDY,135,552,552,6,2,0.6494500403029861,0.6494500403029861,1420.9640519600362,569558016,7.52792443709406,19,1,,1.2164413689006213e-14
LEARNED_WAVE_BLOCK_GREEDY,136,558,558,6,2,0.6489727782515303,0.6489727782515303,1439.495059068082,575802432,2.6329166929122527,24,1,,1.4274809011294182e-14
LEARNED_WAVE_BLOCK_GREEDY,137,564,564,6,2,0.6480448949041065,0.6480448949041065,1455.6728994229343,582048000,1.079730613648634,19,1,,1.4697932381831268e-14
LEARNED_WAVE_BLOCK_GREEDY,138,570,570,6,2,0.6469620748441722,0.6469620748441722,1471.8981820868794,588294720,3.346172484836734,18,1,,1.4684400623588244e-14
LEARNED_WAVE_BLOCK_GREEDY,139,576,576,6,2,0.6456914137017897,0.6456914137017897,1488.5440406370908,594542592,4.283376926072213,19,1,,1.4376583331283656e-14
LEARNED_WAVE_BLOCK_GREEDY,140,582,582,6,2,0.6448048807055446,0.6448048807055446,1505.6725121769123,600791616,2.898673375449937,19,1,,1.469099722350923e-14
LEARNED_WAVE_BLOCK_GREEDY,141,588,588,6,2,0.6434529362321129,0.6434529362321129,1522.783812111942,607041792,2.5027863497214975,19,1,,1.5030233971563955e-14
LEARNED_WAVE_BLOCK_GREEDY,142,594,594,6,2,0.6428187830102854,0.6428187830102854,1540.0013626520522,613293120,1.3395241978380978,19,1,,1.5627885387227213e-14
LEARNED_WAVE_BLOCK_GREEDY,143,600,600,6,2,0.6415859206064989,0.6415859206064989,1555.2375020359177,619545600,2.389968876299133,15,1,,1.63834785918369e-14
LEARNED_WAVE_BLOCK_GREEDY,144,606,606,6,2,0.6410622899772147,0.6410622899772147,1572.7144197449088,625799232,2.6565394268444917,19,1,,1.5992188912355014e-14
LEARNED_WAVE_BLOCK_GREEDY,145,612,612,6,2,0.638813709766638,0.638813709766638,1589.8834416070022,632054016,4.0884634259636075,19,1,,1.6339032095644908e-14
LEARNED_WAVE_BLOCK_GREEDY,146,618,618,6,2,0.6383782435493115,0.6383782435493115,1607.1593903470784,638309952,1.1937521219459337,19,1,,1.6697667520029593e-14
LEARNED_WAVE_BLOCK_GREEDY,147,624,624,6,2,0.6365390039667279,0.6365390039667279,1623.79433024209,644567040,5.5897354004288395,16,1,,1.6120449730250083e-14
LEARNED_WAVE_BLOCK_GREEDY,148,630,630,6,2,0.6360192566987998,0.6360192566987998,1639.3370796618983,650825280,0.68027169373974,14,1,,1.603737025941903e-14
LEARNED_WAVE_BLOCK_GREEDY,149,636,636,6,2,0.6350108409486745,0.6350108409486745,1656.9631256069988,657084672,1.6835743540217436,19,1,,1.6609042307868746e-14
LEARNED_WAVE_BLOCK_GREEDY,150,642,642,6,2,0.6344942342154107,0.6344942342154107,1675.3625270999037,663345216,1.8074173534439673,19,1,,1.713245008690102e-14
LEARNED_WAVE_BLOCK_GREEDY,151,648,648,6,2,0.6334531218998178,0.6334531218998178,1691.9653455188964,669606912,1.3787760749966644,15,1,,1.6982860455925082e-14
LEARNED_WAVE_BLOCK_GREEDY,152,654,654,6,2,0.6325536033813276,0.6325536033813276,1708.2901326499414,675869760,2.633506609513651,15,1,,1.7048798075853137e-14
LEARNED_WAVE_BLOCK_GREEDY,153,660,660,6,2,0.6317967000419707,0.6317967000419707,1726.8036909720395,682133760,2.61261739039542,20,1,,1.707237354652422e-14
LEARNED_WAVE_BLOCK_GREEDY,154,666,666,6,2,0.6306533629461293,0.6306533629461293,1742.8682836859953,688398912,2.0136963094165514,14,1,,1.784712767188852e-14
LEARNED_WAVE_BLOCK_GREEDY,155,672,672,6,2,0.6301560511811292,0.6301560511811292,1759.334026414901,694665216,2.0063586081797857,14,1,,1.642080973418549e-14
LEARNED_WAVE_BLOCK_GREEDY,156,678,678,6,2,0.6295230794254274,0.6295230794254274,1779.1013876639772,700932672,1.5447865152010398,21,1,,1.761341248407804e-14
LEARNED_WAVE_BLOCK_GREEDY,157,684,684,6,2,0.6274771049636507,0.6274771049636507,1796.3571450689342,707201280,4.2392630817635375,16,1,,1.775310600118715e-14
LEARNED_WAVE_BLOCK_GREEDY,158,690,690,6,2,0.6263634251912676,0.6263634251912676,1812.7581512040924,713471040,3.149139890685642,14,1,,1.820847355557599e-14
LEARNED_WAVE_BLOCK_GREEDY,159,696,696,6,2,0.6248514360059895,0.6248514360059895,1830.7951937350444,719741952,1.9093462105883487,16,1,,1.7073181792251422e-14
LEARNED_WAVE_BLOCK_GREEDY,160,702,702,6,2,0.6236308557157285,0.6236308557157285,1850.4014408460353,726014016,3.104271210885863,19,1,,1.862975930659523e-14
LEARNED_WAVE_BLOCK_GREEDY,161,708,708,6,2,0.622376309547089,0.622376309547089,1871.3401315740775,732287232,1.715684325016576,21,1,,1.7889644219864424e-14
LEARNED_WAVE_BLOCK_GREEDY,162,714,714,6,2,0.6201542660992118,0.6201542660992118,1891.4418100579642,738561600,3.5556887276600957,20,1,,1.7313721235514082e-14
LEARNED_WAVE_BLOCK_GREEDY,163,720,720,6,2,0.6194680143102488,0.6194680143102488,1908.2288989149965,744837120,1.0709715777984703,14,1,,1.958131320051559e-14
LEARNED_WAVE_BLOCK_GREEDY,164,726,726,6,2,0.6189112351627645,0.6189112351627645,1928.2448351921048,751113792,2.884571572305147,20,1,,1.9559208275524358e-14
LEARNED_WAVE_BLOCK_GREEDY,165,732,732,6,2,0.6175395435404959,0.6175395435404959,1948.1664033050183,757391616,2.638715456105879,20,1,,1.9248737434939028e-14
LEARNED_WAVE_BLOCK_GREEDY,166,738,738,6,2,0.616975844768737,0.616975844768737,1968.091929441085,763670592,1.8594718492103428,20,1,,1.9693838836417028e-14
LEARNED_WAVE_BLOCK_GREEDY,167,744,744,6,2,0.6165281492638348,0.6165281492638348,1988.0814792430028,769950720,1.1717737995715771,19,1,,1.9540743962613505e-14
LEARNED_WAVE_BLOCK_GREEDY,168,750,750,6,2,0.6153722345330221,0.6153722345330221,2006.105016509071,776232000,4.919556278947448,14,1,,2.072259421181872e-14
LEARNED_WAVE_BLOCK_GREEDY,169,756,756,6,2,0.6145132412379491,0.6145132412379491,2026.5893450831063,782514432,1.6622991433379999,19,1,,2.0094291430743714e-14
LEARNED_WAVE_BLOCK_GREEDY,170,762,762,6,2,0.6132689892223728,0.6132689892223728,2045.989484682912,788798016,2.265593369902046,16,1,,2.0425307780894288e-14
LEARNED_WAVE_BLOCK_GREEDY,171,768,768,6,2,0.6123258090210664,0.6123258090210664,2066.8185159459244,795082752,1.8510715993715596,19,1,,2.0121978465976537e-14
LEARNED_WAVE_BLOCK_GREEDY,172,774,774,6,2,0.6114056731541991,0.6114056731541991,2087.461180574959,801368640,2.69481368366865,17,1,,1.984051146924727e-14
LEARNED_WAVE_BLOCK_GREEDY,173,780,780,6,2,0.6106893600322583,0.6106893600322583,2110.270300962031,807655680,0.6978829597552615,21,1,,2.1535444489469463e-14
LEARNED_WAVE_BLOCK_GREEDY,174,786,786,6,2,0.609619285158646,0.609619285158646,2129.1792890459765,813943872,0.1795838968069406,14,1,,2.1518138476058154e-14
LEARNED_WAVE_BLOCK_GREEDY,175,792,792,6,2,0.6089398632211853,0.6089398632211853,2152.7927550990134,820233216,1.3401517295659306,22,1,,2.017644818641733e-14
LEARNED_WAVE_BLOCK_GREEDY,176,798,798,6,2,0.6074702609442214,0.6074702609442214,2172.462118230993,826523712,5.788389980657321,15,1,,2.1282827600056815e-14
LEARNED_WAVE_BLOCK_GREEDY,177,804,804,6,2,0.6066013638378904,0.6066013638378904,2194.213165812893,832815360,4.143325954284716,18,1,,2.08197313120355e-14
LEARNED_WAVE_BLOCK_GREEDY,178,810,810,6,2,0.6054932030320309,0.6054932030320309,2213.4716646559536,839108160,1.5929702624155848,14,1,,2.168208297199459e-14
LEARNED_WAVE_BLOCK_GREEDY,179,816,816,6,2,0.6050423985000133,0.6050423985000133,2237.1516143409535,845402112,2.204699495066928,21,1,,2.1431103981981167e-14
LEARNED_WAVE_BLOCK_GREEDY,180,822,822,6,2,0.6043798962654233,0.6043798962654233,2259.110564586008,851697216,2.8984874624240096,19,1,,2.102000128332035e-14
LEARNED_WAVE_BLOCK_GREEDY,181,828,828,6,2,0.6016522983462521,0.6016522983462521,2281.727877418045,857993472,6.982895846287268,19,1,,2.0729465300174078e-14
LEARNED_WAVE_BLOCK_GREEDY,182,834,834,6,2,0.6006954316019734,0.6006954316019734,2304.131509858882,864290880,6.094696572086823,19,1,,2.2218758038619602e-14
LEARNED_WAVE_BLOCK_GREEDY,183,840,840,6,2,0.6001968171972653,0.6001968171972653,2327.1074771441054,870589440,3.4159497256664966,20,1,,2.1455340001687636e-14
LEARNED_WAVE_BLOCK_GREEDY,184,846,846,6,2,0.5988828684791573,0.5988828684791573,2347.761893549934,876889152,1.9624616378961652,15,1,,2.101259284526255e-14
LEARNED_WAVE_BLOCK_GREEDY,185,852,852,6,2,0.5985513603228187,0.5985513603228187,2367.9034885859583,883190016,1.2667589436218702,14,1,,2.120237609772944e-14
LEARNED_WAVE_BLOCK_GREEDY,186,858,858,6,2,0.5978223126205815,0.5978223126205815,2391.742281307932,889492032,3.2658817836925986,20,1,,2.3381098448568243e-14
LEARNED_WAVE_BLOCK_GREEDY,187,864,864,6,2,0.5975372326246732,0.5975372326246732,2411.371473436011,895795200,0.4868596488327338,13,1,,2.3251373857109946e-14
LEARNED_WAVE_BLOCK_GREEDY,188,870,870,6,2,0.596919568769805,0.596919568769805,2435.1818943719845,902099520,3.5757485337464496,19,1,,2.2968904119297766e-14
LEARNED_WAVE_BLOCK_GREEDY,189,876,876,6,2,0.5963066488001482,0.5963066488001482,2455.808973279083,908404992,2.7570557970010827,15,1,,2.325234855371732e-14
LEARNED_WAVE_BLOCK_GREEDY,190,882,882,6,2,0.5949748388247138,0.5949748388247138,2479.1888584489934,914711616,2.433103074784323,19,1,,2.2975840153613172e-14
LEARNED_WAVE_BLOCK_GREEDY,191,888,888,6,2,0.5937675865623963,0.5937675865623963,2500.5541381658986,921019392,1.913682799083761,15,1,,2.4358992752672843e-14
LEARNED_WAVE_BLOCK_GREEDY,192,894,894,6,2,0.5930746103334137,0.5930746103334137,2521.8139319000766,927328320,2.383196707722701,15,1,,2.3997346267836393e-14
LEARNED_WAVE_BLOCK_GREEDY,193,900,900,6,2,0.5921030054609137,0.5921030054609137,2543.6062161829323,933638400,6.910687614953659,16,1,,2.3590804445217754e-14
LEARNED_WAVE_BLOCK_GREEDY,194,906,906,6,2,0.5914672763064209,0.5914672763064209,2566.2626063351054,939949632,2.9944365003728564,17,1,,2.4013709115138438e-14
LEARNED_WAVE_BLOCK_GREEDY,195,912,912,6,2,0.5910991513771575,0.5910991513771575,2587.4360862830654,946262016,1.3831023757147984,14,1,,2.195620313525389e-14
LEARNED_WAVE_BLOCK_GREEDY,196,918,918,6,2,0.5902320747092702,0.5902320747092702,2612.2245875908993,952575552,4.459597700416771,20,1,,2.388099853953062e-14
LEARNED_WAVE_BLOCK_GREEDY,197,924,924,6,2,0.5890219376453847,0.5890219376453847,2636.6009569740854,958890240,3.1783203596982106,19,1,,2.2793169634151998e-14
LEARNED_WAVE_BLOCK_GREEDY,198,930,930,6,2,0.5883238650254337,0.5883238650254337,2661.922421904048,965206080,0.6383668735899894,19,1,,2.3313770650018016e-14
LEARNED_WAVE_BLOCK_GREEDY,199,936,936,6,2,0.5877534443847174,0.5877534443847174,2684.4047974010464,971523072,3.256611697256035,15,1,,2.2692991958437033e-14
LEARNED_WAVE_BLOCK_GREEDY,200,942,942,6,2,0.5866784135214254,0.5866784135214254,2709.0254641990177,977841216,2.2937352232381736,19,1,,2.3656968562087108e-14
LEARNED_WAVE_BLOCK_GREEDY,201,948,948,6,2,0.5843965593605864,0.5843965593605864,2736.5782978620846,984160512,3.8390524427304027,23,1,,2.2949264584483358e-14
LEARNED_WAVE_BLOCK_GREEDY,202,954,954,6,2,0.58346679890596,0.58346679890596,2759.3220631370787,990480960,2.6042609026619536,15,1,,2.403663940865151e-14
LEARNED_WAVE_BLOCK_GREEDY,203,960,960,6,2,0.5827651816854696,0.5827651816854696,2785.030822668923,996802560,4.40812208646097,21,1,,2.3969464578443053e-14
LEARNED_WAVE_BLOCK_GREEDY,204,966,966,6,2,0.5823727245746438,0.5823727245746438,2810.763220252935,1003125312,1.6631833419058468,19,1,,2.2788652471530653e-14
LEARNED_WAVE_BLOCK_GREEDY,205,972,972,6,2,0.581421070612883,0.581421070612883,2835.2285986330826,1009449216,0.714966608152118,17,1,,2.31762271347148e-14
LEARNED_WAVE_BLOCK_GREEDY,206,978,978,6,2,0.5802647890259428,0.5802647890259428,2861.9799908879213,1015774272,5.107103454481691,21,1,,2.3403872102387728e-14
LEARNED_WAVE_BLOCK_GREEDY,207,984,984,6,2,0.5798455052435251,0.5798455052435251,2884.956756134052,1022100480,1.8560066102702646,15,1,,2.3749352241400647e-14
LEARNED_WAVE_BLOCK_GREEDY,208,990,990,6,2,0.5790640705241671,0.5790640705241671,2911.832974063931,1028427840,5.251236254364074,21,1,,2.32981389665192e-14
LEARNED_WAVE_BLOCK_GREEDY,209,996,996,6,2,0.5782631760330205,0.5782631760330205,2937.706046642037,1034756352,4.044368848291368,19,1,,2.2965898485629026e-14
LEARNED_WAVE_BLOCK_GREEDY,210,1002,1002,6,2,0.5777396123301552,0.5777396123301552,2963.7787448049057,1041086016,1.53218317182554,19,1,,2.39917776888182e-14
LEARNED_WAVE_BLOCK_GREEDY,211,1008,1008,6,2,0.5767307266212421,0.5767307266212421,2990.436876811087,1047416832,3.6295268100837337,19,1,,2.4463885601941625e-14
LEARNED_WAVE_BLOCK_GREEDY,212,1014,1014,6,2,0.5757626709405901,0.5757626709405901,3013.474947964074,1053748800,1.4666313455744149,14,1,,2.4022993640960387e-14
LEARNED_WAVE_BLOCK_GREEDY,213,1020,1020,6,2,0.5751665554165842,0.5751665554165842,3041.7100031140726,1060081920,4.19353419965781,21,1,,2.4632265396799485e-14
LEARNED_WAVE_BLOCK_GREEDY,214,1026,1026,6,2,0.5747248756886725,0.5747248756886725,3068.1105971229263,1066416192,0.6829683036221268,18,1,,2.647270388640667e-14
LEARNED_WAVE_BLOCK_GREEDY,215,1038,1038,12,4,0.5725206431000938,0.5725206431000938,3099.5454694549553,1079088192,4.408915875802646,16,1,,2.633047740213162e-14
LEARNED_WAVE_BLOCK_GREEDY,216,1050,1050,12,4,0.5715869788783682,0.5715869788783682,3133.3955582750496,1091764800,1.6253715269457905,18,1,,3.1962428530813713e-14
LEARNED_WAVE_BLOCK_GREEDY,217,1062,1062,12,4,0.5687035380775546,0.5687035380775546,3167.440285030054,1104446016,3.1848880743707277,17,1,,3.361430132973518e-14
LEARNED_WAVE_BLOCK_GREEDY,218,1074,1074,12,4,0.5675760510539293,0.5675760510539293,3202.30758003192,1117131840,4.688854384143526,17,1,,3.536536844001423e-14
LEARNED_WAVE_BLOCK_GREEDY,219,1086,1086,12,4,0.5661598262426745,0.5661598262426745,3237.3696632150095,1129822272,3.224147846082198,17,1,,3.572304315127152e-14
LEARNED_WAVE_BLOCK_GREEDY,220,1098,1098,12,4,0.5649682034142576,0.5649682034142576,3274.241061558947,1142517312,3.427295937471541,19,1,,3.540335256807949e-14
LEARNED_WAVE_BLOCK_GREEDY,221,1110,1110,12,4,0.5637657234486297,0.5637657234486297,3309.8271405301057,1155216960,6.165139563414145,17,1,,3.5562597081016995e-14
LEARNED_WAVE_BLOCK_GREEDY,222,1122,1122,12,4,0.5616105214543731,0.5616105214543731,3346.8700913859066,1167921216,3.136463905036565,19,1,,3.668073810067248e-14
LEARNED_WAVE_BLOCK_GREEDY,223,1134,1134,12,4,0.5596331388203389,0.5596331388203389,3385.4163679119665,1180630080,3.4891840005742774,20,1,,3.528474394918315e-14
LEARNED_WAVE_BLOCK_GREEDY,224,1146,1146,12,4,0.5586583212591392,0.5586583212591392,3418.146858460037,1193343552,2.8816134194447436,14,1,,3.5498312201981266e-14
LEARNED_WAVE_BLOCK_GREEDY,225,1158,1158,12,4,0.5579191592397976,0.5579191592397976,3452.94930456602,1206061632,0.6786100520270458,15,1,,4.394678258607819e-14
LEARNED_WAVE_BLOCK_GREEDY,226,1170,1170,12,4,0.5572959535182317,0.5572959535182317,3489.742158928886,1218784320,2.179642541011441,18,1,,4.518717279480476e-14
LEARNED_WAVE_BLOCK_GREEDY,227,1182,1182,12,4,0.5563587189213196,0.5563587189213196,3526.6054677460343,1231511616,3.986168775673259,17,1,,5.3185610758555406e-14
LEARNED_WAVE_BLOCK_GREEDY,228,1194,1194,12,4,0.5550689423689861,0.5550689423689861,3562.338317998918,1244243520,4.8010962632583345,14,1,,5.4017674801872524e-14
LEARNED_WAVE_BLOCK_GREEDY,229,1206,1206,12,4,0.5545892022151581,0.5545892022151581,3602.413907151902,1256980032,0.2858592536637722,19,1,direction_resolution,4.9838694559760016e-14
LEARNED_WAVE_BLOCK_GREEDY,230,1218,1218,12,4,0.5540659244155283,0.5540659244155283,3640.1266727079637,1269721152,1.106055688029644,19,1,,5.413472745732021e-14
LEARNED_WAVE_BLOCK_GREEDY,231,1230,1230,12,4,0.5533578198240018,0.5533578198240018,3673.203925935086,1282466880,0.8592269654792842,13,1,,7.052354673721802e-14
LEARNED_WAVE_BLOCK_GREEDY,232,1242,1242,12,4,0.5527247309243536,0.5527247309243536,3712.02127970499,1295217216,1.325069404053858,19,1,,7.415253367210011e-14
LEARNED_WAVE_BLOCK_GREEDY,233,1254,1254,12,4,0.5513976463117102,0.5513976463117102,3748.601497866912,1307972160,2.7655035289112115,16,1,,7.148663971248268e-14
LEARNED_WAVE_BLOCK_GREEDY,234,1266,1266,12,4,0.550716678229331,0.550716678229331,3786.1210240689106,1320731712,1.0236566525352417,17,1,,7.319422313497734e-14
LEARNED_WAVE_BLOCK_GREEDY,235,1278,1278,12,4,0.5502220367185124,0.5502220367185124,3824.8406796180643,1333495872,1.6234584452640326,18,1,direction_resolution,7.581600777292658e-14
LEARNED_WAVE_BLOCK_GREEDY,236,1290,1290,12,4,0.549482104117653,0.549482104117653,3865.000994567992,1346264640,0.9000923961430612,19,1,,7.62955001914913e-14
LEARNED_WAVE_BLOCK_GREEDY,237,1302,1302,12,4,0.5483105804463648,0.5483105804463648,3903.19791356707,1359038016,3.8638675441994605,17,1,,8.235218091155129e-14
LEARNED_WAVE_BLOCK_GREEDY,238,1314,1314,12,4,0.5472964138205999,0.5472964138205999,3942.2099337941036,1371816000,0.4217480987216368,17,1,,1.0402454343576828e-13
LEARNED_WAVE_BLOCK_GREEDY,239,1326,1326,12,4,0.5445037476921318,0.5445037476921318,3983.8314828081056,1384598592,2.1350703386318024,19,1,,1.0188092799881078e-13
LEARNED_WAVE_BLOCK_GREEDY,240,1338,1338,12,4,0.5434303755988678,0.5434303755988678,4022.921669475967,1397385792,1.8738857948551757,16,1,,9.899301981271788e-14
LEARNED_WAVE_BLOCK_GREEDY,241,1350,1350,12,4,0.5426925760684318,0.5426925760684318,4062.961737965932,1410177600,1.7045448855598995,17,1,,1.0936331172837085e-13
LEARNED_WAVE_BLOCK_GREEDY,242,1362,1362,12,4,0.5404493516687976,0.5404493516687976,4106.592667045072,1422974016,4.999504190849096,19,1,,1.0690549673482172e-13
LEARNED_WAVE_BLOCK_GREEDY,243,1374,1374,12,4,0.5391224572992936,0.5391224572992936,4151.830356389051,1435775040,3.0310743670658287,20,1,,1.1316000298277668e-13
LEARNED_WAVE_BLOCK_GREEDY,244,1386,1386,12,4,0.5383557603328366,0.5383557603328366,4195.5564633689355,1448580672,0.7018865376539329,18,1,,1.1814843804569504e-13
LEARNED_WAVE_BLOCK_GREEDY,245,1398,1398,12,4,0.5377562820758872,0.5377562820758872,4237.824691371061,1461390912,0.7012988710667205,16,1,,1.0829598148219639e-13
LEARNED_WAVE_BLOCK_GREEDY,246,1410,1410,12,4,0.5368847707024391,0.5368847707024391,4283.493404049892,1474205760,6.921857390580702,19,1,,1.1446242133917e-13
LEARNED_WAVE_BLOCK_GREEDY,247,1422,1422,12,4,0.5349601231661638,0.5349601231661638,4328.602771002101,1487025216,3.864222332815178,18,1,,1.1563004969879027e-13
LEARNED_WAVE_BLOCK_GREEDY,248,1434,1434,12,4,0.5332292557079666,0.5332292557079666,4375.789190826006,1499849280,2.796090809603852,19,1,,1.0869420452061425e-13
LEARNED_WAVE_BLOCK_GREEDY,249,1446,1446,12,4,0.531515422276911,0.531515422276911,4422.547334495932,1512677952,3.9555523874065868,18,1,,1.2261761849398134e-13
LEARNED_WAVE_BLOCK_GREEDY,250,1458,1458,12,4,0.5298367821431545,0.5298367821431545,4464.9777681098785,1525511232,6.485970994715044,14,1,,1.269327427250503e-13
LEARNED_WAVE_BLOCK_GREEDY,251,1470,1470,12,4,0.5287352944467298,0.5287352944467298,4507.620325753,1538349120,4.531150118554493,13,1,,1.2910882605805255e-13
LEARNED_WAVE_BLOCK_GREEDY,252,1482,1482,12,4,0.5278616492994216,0.5278616492994216,4550.519631166942,1551191616,1.4877166727798945,13,1,,1.4081472935327802e-13
LEARNED_WAVE_BLOCK_GREEDY,253,1494,1494,12,4,0.525761765935619,0.525761765935619,4598.952481370885,1564038720,3.6500693665069717,18,1,,1.4272643646345884e-13
LEARNED_WAVE_BLOCK_GREEDY,254,1506,1506,12,4,0.5251313556915033,0.5251313556915033,4649.000635138946,1576890432,2.911379226008923,19,1,,1.3726608538482816e-13
LEARNED_WAVE_BLOCK_GREEDY,255,1518,1518,12,4,0.5230050982243877,0.5230050982243877,4698.493415412959,1589746752,5.022436581296634,19,1,,1.4195331161343862e-13
LEARNED_WAVE_BLOCK_GREEDY,256,1530,1530,12,4,0.5204644598581728,0.5204644598581728,4744.946383100003,1602607680,4.025186086207384,15,1,,1.4347754634499398e-13
LEARNED_WAVE_BLOCK_GREEDY,257,1542,1542,12,4,0.5193351791565367,0.5193351791565367,4796.329279555008,1615473216,2.46422827720916,19,1,,1.4237399245040435e-13
LEARNED_WAVE_BLOCK_GREEDY,258,1554,1554,12,4,0.5186139507333866,0.5186139507333866,4845.05128790997,1628343360,2.322061949348942,16,1,,1.421855781493868e-13
LEARNED_WAVE_BLOCK_GREEDY,259,1566,1566,12,4,0.5171825366301769,0.5171825366301769,4896.63167007803,1641218112,3.928046560202277,19,1,,1.4558474008003894e-13
LEARNED_WAVE_BLOCK_GREEDY,260,1578,1578,12,4,0.5159316634823405,0.5159316634823405,4946.353530634893,1654097472,4.168804662589642,18,1,,1.4831861940338752e-13
LEARNED_WAVE_BLOCK_GREEDY,261,1590,1590,12,4,0.5147592322967254,0.5147592322967254,4997.773620331893,1666981440,5.274660651855715,18,1,,1.4076467069184876e-13
LEARNED_WAVE_BLOCK_GREEDY,262,1602,1602,12,4,0.5128407404546751,0.5128407404546751,5051.440309182974,1679870016,4.685321306282427,19,1,,1.385585752169766e-13
LEARNED_WAVE_BLOCK_GREEDY,263,1614,1614,12,4,0.5114101287530343,0.5114101287530343,5104.5596405570395,1692763200,3.9618265009416342,20,1,,1.5881466014710751e-13
LEARNED_WAVE_BLOCK_GREEDY,264,1626,1626,12,4,0.5100932644310155,0.5100932644310155,5155.705224896083,1705660992,3.1504845380307396,18,1,,1.6700586314070687e-13
LEARNED_WAVE_BLOCK_GREEDY,265,1638,1638,12,4,0.5078788879386137,0.5078788879386137,5208.771819675108,1718563392,4.379773849138353,19,1,,1.6953726212954952e-13
LEARNED_WAVE_BLOCK_GREEDY,266,1650,1650,12,4,0.5063364238987081,0.5063364238987081,5259.132445775904,1731470400,2.466529435942318,16,1,,1.684307240687765e-13
LEARNED_WAVE_BLOCK_GREEDY,267,1662,1662,12,4,0.5054168858398079,0.5054168858398079,5310.197023061104,1744382016,4.451534986840002,16,1,,1.6917677354939887e-13
LEARNED_WAVE_BLOCK_GREEDY,268,1674,1674,12,4,0.5048650990664068,0.5048650990664068,5359.7569337550085,1757298240,0.9837348164175087,14,1,,1.6993016862195436e-13
LEARNED_WAVE_BLOCK_GREEDY,269,1686,1686,12,4,0.5039763576518976,0.5039763576518976,5415.697728089988,1770219072,1.9317215236867824,20,1,,1.7164216751011877e-13
LEARNED_WAVE_BLOCK_GREEDY,270,1698,1698,12,4,0.5027939762569406,0.5027939762569406,5467.419940358028,1783144512,6.750214586170051,15,1,,1.66256735322706e-13
LEARNED_WAVE_BLOCK_GREEDY,271,1710,1710,12,4,0.5014036782897154,0.5014036782897154,5518.048578754067,1796074560,5.37944347352458,14,1,,1.7391517425678915e-13
LEARNED_WAVE_BLOCK_GREEDY,272,1722,1722,12,4,0.5006034814275293,0.5006034814275293,5576.10124831507,1809009216,7.649680683778176,21,1,,1.7064534772070226e-13
LEARNED_WAVE_BLOCK_GREEDY,273,1734,1734,12,4,0.4996470891529643,0.4996470891529643,5636.562953981105,1821948480,3.3798059369283244,19,1,,1.714344417342919e-13
LEARNED_WAVE_BLOCK_GREEDY,274,1746,1746,12,4,0.49923370583332566,0.49923370583332566,5693.567650183104,1834892352,0.7137966102725073,19,1,,1.6640212896671925e-13
LEARNED_WAVE_BLOCK_GREEDY,275,1758,1758,12,4,0.4972718325388038,0.4972718325388038,5752.274174459046,1847840832,5.384846024832933,19,1,,1.7135918332491832e-13
LEARNED_WAVE_BLOCK_GREEDY,276,1770,1770,12,4,0.4962688698393622,0.4962688698393622,5810.190503041958,1860793920,6.7149192366673445,17,1,,1.6515289464535507e-13
LEARNED_WAVE_BLOCK_GREEDY,277,1782,1782,12,4,0.4954609006920929,0.4954609006920929,5873.683167946059,1873751616,5.259083394544988,19,1,,1.676094049229451e-13
LEARNED_WAVE_BLOCK_GREEDY,278,1794,1794,12,4,0.49482369094263823,0.49482369094263823,5929.87190201995,1886713920,3.7788998154835327,16,1,,1.7208615064868285e-13
LEARNED_WAVE_BLOCK_GREEDY,279,1806,1806,12,4,0.49409259482431805,0.49409259482431805,5989.780508717056,1899680832,3.782190641422641,19,1,,1.7596687694629047e-13
LEARNED_WAVE_BLOCK_GREEDY,280,1818,1818,12,4,0.4932968492510597,0.4932968492510597,6050.29228193895,1912652352,2.2566411285979484,19,1,,1.7183211156989275e-13
LEARNED_WAVE_BLOCK_GREEDY,281,1830,1830,12,4,0.49205691785112776,0.49205691785112776,6112.605833431939,1925628480,2.72841938449486,20,1,,1.686970758493222e-13
LEARNED_WAVE_BLOCK_GREEDY,282,1842,1842,12,4,0.4912552292082689,0.4912552292082689,6171.631352347089,1938609216,4.35834639061742,15,1,,1.7741501245801265e-13
LEARNED_WAVE_BLOCK_GREEDY,283,1854,1854,12,4,0.4902138732632957,0.4902138732632957,6228.717616826063,1951594560,3.3478155702365417,13,1,,1.764758840109264e-13
LEARNED_WAVE_BLOCK_GREEDY,284,1866,1866,12,4,0.48911979339600103,0.48911979339600103,6293.804830816109,1964584512,2.584342475961654,19,1,,1.7104576069520998e-13
LEARNED_WAVE_BLOCK_GREEDY,285,1878,1878,12,4,0.48830377961030946,0.48830377961030946,6352.733938175021,1977579072,2.18118650750086,15,1,,1.7385258387087084e-13
LEARNED_WAVE_BLOCK_GREEDY,286,1890,1890,12,4,0.4870817797585227,0.4870817797585227,6412.555599666899,1990578240,3.398502657036536,15,1,,1.8425060963667526e-13
LEARNED_WAVE_BLOCK_GREEDY,287,1902,1902,12,4,0.485433510983735,0.485433510983735,6472.005546295084,2003582016,3.709464622884526,15,1,,1.82107188139801e-13
LEARNED_WAVE_BLOCK_GREEDY,288,1914,1914,12,4,0.48384574455513857,0.48384574455513857,6530.531808343949,2016590400,3.4384346847016785,14,1,,1.8262564593224184e-13
LEARNED_WAVE_BLOCK_GREEDY,289,1926,1926,12,4,0.4827152809721656,0.4827152809721656,6591.760750846937,2029603392,2.005256153405934,15,1,,1.8868682465733267e-13
LEARNED_WAVE_BLOCK_GREEDY,290,1938,1938,12,4,0.48129527496180435,0.48129527496180435,6659.053270479897,2042620992,3.3022419548472217,19,1,,1.8582302179180843e-13
LEARNED_WAVE_BLOCK_GREEDY,291,1950,1950,12,4,0.48024617370741685,0.48024617370741685,6726.901727342978,2055643200,3.105889177878791,19,1,,1.8313411752985758e-13
LEARNED_WAVE_BLOCK_GREEDY,292,1962,1962,12,4,0.47926442807143904,0.47926442807143904,6792.58250217,2068670016,3.4121906086966844,16,1,,1.910287653825665e-13
LEARNED_WAVE_BLOCK_GREEDY,293,1974,1974,12,4,0.47861403996043406,0.47861403996043406,6864.076356753008,2081701440,2.4832675420592705,19,1,,1.8906349269440657e-13
LEARNED_WAVE_BLOCK_GREEDY,294,1986,1986,12,4,0.4778781384416643,0.4778781384416643,6933.029318067944,2094737472,1.795444589336182,19,1,,1.9414762358835055e-13
LEARNED_WAVE_BLOCK_GREEDY,295,1998,1998,12,4,0.4771068086256551,0.4771068086256551,7007.302292095032,2107778112,1.4135014674264719,20,1,,1.8930069815469221e-13
LEARNED_WAVE_BLOCK_GREEDY,296,2010,2010,12,4,0.4764477580861125,0.4764477580861125,7079.81253453996,2120823360,3.4487334651805526,19,1,,1.8723441049490258e-13
LEARNED_WAVE_BLOCK_GREEDY,297,2022,2022,12,4,0.47532959585776197,0.47532959585776197,7149.49150972208,2133873216,3.6697612183667423,16,1,,1.8798499605771557e-13
LEARNED_WAVE_BLOCK_GREEDY,298,2034,2034,12,4,0.47416457441994686,0.47416457441994686,7222.689969578991,2146927680,4.701433148217783,19,1,,2.082979998984512e-13
LEARNED_WAVE_BLOCK_GREEDY,299,2046,2046,12,4,0.47351338132122645,0.47351338132122645,7297.1739979970735,2159986752,3.297499749677114,19,1,,2.0565292039021848e-13
LEARNED_WAVE_BLOCK_GREEDY,300,2058,2058,12,4,0.4728414837725981,0.4728414837725981,7373.533327456098,2173050432,2.1048133913600306,19,1,,2.0769303597220615e-13
LEARNED_WAVE_BLOCK_GREEDY,301,2082,2082,24,8,0.47187148938225143,0.47187148938225143,7463.730209632078,2199191616,0.253114081490755,14,1,,3.4506752466506985e-13
LEARNED_WAVE_BLOCK_GREEDY,302,2106,2106,24,8,0.47088317105154825,0.47088317105154825,7563.043820050079,2225351232,0.38508776347343954,18,1,,1.7093158896153196e-12
LEARNED_WAVE_BLOCK_GREEDY,303,2130,2130,24,8,0.46994241237703255,0.46994241237703255,7660.510274168104,2251529280,0.13562894690076133,15,1,,1.610885546244875e-12
LEARNED_WAVE_BLOCK_GREEDY,304,2154,2154,24,8,0.46885434479496124,0.46885434479496124,7753.416889640037,2277725760,1.4149707849351623,14,1,direction_resolution,1.5859708903013999e-12
LEARNED_WAVE_BLOCK_GREEDY,305,2178,2178,24,8,0.4678180869864055,0.4678180869864055,7848.54217583104,2303940672,7.198931141999125,16,1,,1.7754200566181404e-12
LEARNED_WAVE_BLOCK_GREEDY,306,2202,2202,24,8,0.4667332029959023,0.4667332029959023,7944.203542127041,2330174016,1.5918496153738155,15,1,,1.7529005061221586e-12
LEARNED_WAVE_BLOCK_GREEDY,307,2226,2226,24,8,0.4655113717593458,0.4655113717593458,8040.455977106933,2356425792,3.1034427348167304,15,1,authorized_support_width_resolution_exhausted,1.5712044089644008e-12
LEARNED_WAVE_BLOCK_GREEDY,308,2250,2250,24,8,0.46461722810239925,0.46461722810239925,8144.732179791899,2382696000,0.6622242622512742,16,1,,1.5953350087622217e-12
LEARNED_WAVE_BLOCK_GREEDY,309,2274,2274,24,8,0.4630898926858006,0.4630898926858006,8258.087724379031,2408984640,5.355930512400625,20,1,,1.6834773381066967e-12
LEARNED_WAVE_BLOCK_GREEDY,310,2298,2298,24,8,0.4612189201170925,0.4612189201170925,8369.964379735058,2435291712,4.288637511927893,17,1,authorized_support_width_resolution_exhausted,1.570141874906436e-12
LEARNED_WAVE_BLOCK_GREEDY,311,2322,2322,24,8,0.45958813825579226,0.45958813825579226,8474.8151696329,2461617216,6.806277138008758,13,1,,1.7711710365001333e-12
LEARNED_WAVE_BLOCK_GREEDY,312,2346,2346,24,8,0.45796765210774687,0.45796765210774687,8589.84503173409,2487961152,4.487049886962774,17,1,,1.746372070386236e-12
LEARNED_WAVE_BLOCK_GREEDY,313,2370,2370,24,8,0.45561431765673327,0.45561431765673327,8704.286654608091,2514323520,7.080506653653524,18,1,,1.768961379440151e-12
LEARNED_WAVE_BLOCK_GREEDY,314,2394,2394,24,8,0.45429254398352525,0.45429254398352525,8818.25687598507,2540704320,4.8330096618159,18,1,,1.862279611332447e-12
LEARNED_WAVE_BLOCK_GREEDY,315,2418,2418,24,8,0.4532335364172361,0.4532335364172361,8930.89984118496,2567103552,1.6065187379939017,16,1,,1.7402074426200136e-12
LEARNED_WAVE_BLOCK_GREEDY,316,2442,2442,24,8,0.4522617295444048,0.4522617295444048,9043.673230515094,2593521216,5.523460687122463,16,1,authorized_support_width_resolution_exhausted,1.8288436465260597e-12
LEARNED_WAVE_BLOCK_GREEDY,317,2466,2466,24,8,0.45079392881195346,0.45079392881195346,9152.22066282807,2619957312,2.554391521493281,13,1,,1.8005134639481153e-12
LEARNED_WAVE_BLOCK_GREEDY,318,2490,2490,24,8,0.44840314378552887,0.44840314378552887,9267.142062630039,2646411840,5.261860508788196,15,1,,1.631028997567943e-12
LEARNED_WAVE_BLOCK_GREEDY,319,2514,2514,24,8,0.4473314850486023,0.4473314850486023,9386.10889818496,2672884800,4.247676385099255,16,1,,1.7787574272553072e-12
LEARNED_WAVE_BLOCK_GREEDY,320,2538,2538,24,8,0.44599820216901964,0.44599820216901964,9500.864288731944,2699376192,3.9278178352322426,13,1,,1.4155695079463838e-12
LEARNED_WAVE_BLOCK_GREEDY,321,2562,2562,24,8,0.44435572716411764,0.44435572716411764,9628.365263744956,2725886016,2.407874019435572,19,1,,1.6987948243640706e-12
LEARNED_WAVE_BLOCK_GREEDY,322,2586,2586,24,8,0.4416587872250704,0.4416587872250704,9750.040225070901,2752414272,5.611848794769913,15,1,,1.5666040010521223e-12
LEARNED_WAVE_BLOCK_GREEDY,323,2610,2610,24,8,0.4401131649668119,0.4401131649668119,9870.659658049932,2778960960,3.13866560262969,14,1,,1.525278599853847e-12
LEARNED_WAVE_BLOCK_GREEDY,324,2634,2634,24,8,0.43859774457150796,0.43859774457150796,9997.92140964698,2805526080,4.22709594640407,16,1,,1.6321428155316042e-12
LEARNED_WAVE_BLOCK_GREEDY,325,2658,2658,24,8,0.4365770587787431,0.4365770587787431,10124.361012955895,2832109632,3.1160373762755413,15,1,,1.714988505413262e-12
LEARNED_WAVE_BLOCK_GREEDY,326,2682,2682,24,8,0.4358242319283224,0.4358242319283224,10255.404331743019,2858711616,2.3241171707491213,16,1,,1.6916800193388859e-12
LEARNED_WAVE_BLOCK_GREEDY,327,2706,2706,24,8,0.43414352158229685,0.43414352158229685,10383.573959227884,2885332032,4.019163531807975,13,1,,1.8111859221403449e-12
LEARNED_WAVE_BLOCK_GREEDY,328,2730,2730,24,8,0.43216275976612323,0.43216275976612323,10517.72531038709,2911970880,2.7437985009650547,15,1,,1.6501618840379924e-12
LEARNED_WAVE_BLOCK_GREEDY,329,2754,2754,24,8,0.4301566847012644,0.4301566847012644,10659.86993976403,2938628160,2.5061222656969098,19,1,,1.6733455657704088e-12
LEARNED_WAVE_BLOCK_GREEDY,330,2778,2778,24,8,0.42798893068779853,0.42798893068779853,10795.156918463064,2965303872,1.613110843887273,15,1,,1.650177550175372e-12
LEARNED_WAVE_BLOCK_GREEDY,331,2802,2802,24,8,0.4261312548064475,0.4261312548064475,10938.4536515621,2991998016,2.3029258231144296,15,1,,1.6221737903759058e-12
LEARNED_WAVE_BLOCK_GREEDY,332,2826,2826,24,8,0.4246667850410607,0.4246667850410607,11076.611067007994,3018710592,2.5194284492606633,13,1,,1.6797425638987654e-12
LEARNED_WAVE_BLOCK_GREEDY,333,2850,2850,24,8,0.4241938800092019,0.4241938800092019,11229.996883461019,3045441600,1.0484614964783776,20,1,,1.9274904785946856e-12
LEARNED_WAVE_BLOCK_GREEDY,334,2874,2874,24,8,0.4230169632858263,0.4230169632858263,11374.797070658999,3072191040,2.246970573368402,15,1,authorized_support_width_resolution_exhausted,1.8423554897995416e-12
LEARNED_WAVE_BLOCK_GREEDY,335,2898,2898,24,8,0.42204555514458114,0.42204555514458114,11520.584808795946,3098958912,4.0504090555344305,14,1,,1.79656093630083e-12
LEARNED_WAVE_BLOCK_GREEDY,336,2922,2922,24,8,0.4214371918884638,0.4214371918884638,11672.760366209084,3125745216,6.677051096664544,16,1,,2.268498777770948e-12
LEARNED_WAVE_BLOCK_GREEDY,337,2946,2946,24,8,0.42053586376026314,0.42053586376026314,11822.869626561878,3152549952,2.2560002329036606,14,1,authorized_support_width_resolution_exhausted,2.2497708812329114e-12
LEARNED_WAVE_BLOCK_GREEDY,338,2970,2970,24,8,0.41764672349739496,0.41764672349739496,11982.2936451009,3179373120,3.505702251036515,18,1,,2.2484620249008767e-12
LEARNED_WAVE_BLOCK_GREEDY,339,2994,2994,24,8,0.4157820851432373,0.4157820851432373,12135.624304203084,3206214720,1.4338195616964995,14,1,,2.2114383278757955e-12
LEARNED_WAVE_BLOCK_GREEDY,340,3018,3018,24,8,0.41507652959704194,0.41507652959704194,12289.699186728103,3233074752,1.8730337666034236,14,1,,2.5838020060780677e-12
LEARNED_WAVE_BLOCK_GREEDY,341,3042,3042,24,8,0.4129520201141078,0.4129520201141078,12456.0938891829,3259953216,3.9716789793525322,17,1,,2.9435429790405413e-12
LEARNED_WAVE_BLOCK_GREEDY,342,3066,3066,24,8,0.41127386818203726,0.41127386818203726,12616.721283644903,3286850112,3.940933679995306,14,1,,2.492062580370066e-12
LEARNED_WAVE_BLOCK_GREEDY,343,3090,3090,24,8,0.40879760868770004,0.40879760868770004,12780.377929952927,3313765440,3.284372899134908,14,1,,2.677158244553788e-12
LEARNED_WAVE_BLOCK_GREEDY,344,3114,3114,24,8,0.4061639694687272,0.4061639694687272,12944.084228231106,3340699200,4.69037677455572,14,1,,2.443316248759308e-12
LEARNED_WAVE_BLOCK_GREEDY,345,3138,3138,24,8,0.4054961033446661,0.4054961033446661,13114.032645832049,3367651392,1.2514749687561828,15,1,,3.035145025287751e-12
LEARNED_WAVE_BLOCK_GREEDY,346,3162,3162,24,8,0.4050446403625563,0.4050446403625563,13284.085959322983,3394622016,1.2099816230195344,14,1,authorized_support_width_resolution_exhausted,3.636324305109333e-12
LEARNED_WAVE_BLOCK_GREEDY,347,3186,3186,24,8,0.4035475717389435,0.4035475717389435,13457.90090699005,3421611072,3.48131645857282,14,1,,3.038160206768121e-12
LEARNED_WAVE_BLOCK_GREEDY,348,3210,3210,24,8,0.40262813108416495,0.40262813108416495,13639.365457595093,3448618560,2.3017000250325377,17,1,,2.8474621909285907e-12
LEARNED_WAVE_BLOCK_GREEDY,349,3234,3234,24,8,0.4008406402670815,0.4008406402670815,13816.519563077949,3475644480,3.6359858806062113,14,1,,3.0681155273390857e-12
LEARNED_WAVE_BLOCK_GREEDY,350,3258,3258,24,8,0.40044330362875935,0.40044330362875935,13998.410212530987,3502688832,0.7461427555586757,15,1,,2.842704491043543e-12
LEARNED_WAVE_BLOCK_GREEDY,351,3282,3282,24,8,0.3995735126196532,0.3995735126196532,14192.109291767934,3529751616,2.9340576434707013,18,1,,2.6091195163849356e-12
LEARNED_WAVE_BLOCK_GREEDY,352,3306,3306,24,8,0.39904831824854564,0.39904831824854564,14381.15029723593,3556832832,1.7487018785943276,16,1,authorized_support_width_resolution_exhausted,3.010900872755232e-12
LEARNED_WAVE_BLOCK_GREEDY,353,3330,3330,24,8,0.39858753258365426,0.39858753258365426,14586.722449697088,3583932480,1.7849702379118373,20,1,,3.6304791497294966e-12
LEARNED_WAVE_BLOCK_GREEDY,354,3354,3354,24,8,0.39815022773845665,0.39815022773845665,14790.747523570899,3611050560,2.6176228046188514,19,1,,2.6317332343639406e-12
LEARNED_WAVE_BLOCK_GREEDY,355,3378,3378,24,8,0.39652029958279456,0.39652029958279456,14981.699904769892,3638187072,2.970411445428868,13,1,authorized_support_width_resolution_exhausted,2.3406410190651227e-12
LEARNED_WAVE_BLOCK_GREEDY,356,3402,3402,24,8,0.3953350911525535,0.3953350911525535,15188.836089953082,3665342016,4.459423224974953,19,1,,3.0741797070702297e-12
LEARNED_WAVE_BLOCK_GREEDY,357,3426,3426,24,8,0.3947573897287331,0.3947573897287331,15386.395584746962,3692515392,1.1263365118314792,13,1,,2.7927662902172664e-12
LEARNED_WAVE_BLOCK_GREEDY,358,3450,3450,24,8,0.3928501016554596,0.3928501016554596,15594.239254748914,3719707200,3.293866416985996,16,1,authorized_support_width_resolution_exhausted,2.9838444097020354e-12
LEARNED_WAVE_BLOCK_GREEDY,359,3474,3474,24,8,0.3915870610921859,0.3915870610921859,15805.102611531038,3746917440,0.911032297727408,16,1,,2.965153040720955e-12
LEARNED_WAVE_BLOCK_GREEDY,360,3498,3498,24,8,0.39078551353073165,0.39078551353073165,16014.429662697017,3774146112,0.678118636431142,14,1,,3.5835285392325707e-12
LEARNED_WAVE_BLOCK_GREEDY,361,3522,3522,24,8,0.3895650950341802,0.3895650950341802,16238.77983226697,3801393216,0.669696999498853,19,1,authorized_support_width_resolution_exhausted,3.440650724127463e-12
LEARNED_WAVE_BLOCK_GREEDY,362,3546,3546,24,8,0.38904635553078676,0.38904635553078676,16467.864538290072,3828658752,1.0919267167276123,19,1,,3.6075870888792646e-12
LEARNED_WAVE_BLOCK_GREEDY,363,3570,3570,24,8,0.3886226949950389,0.3886226949950389,16714.8873796619,3855942720,1.1408310064608798,20,1,,3.5437365443151007e-12
LEARNED_WAVE_BLOCK_GREEDY,364,3594,3594,24,8,0.38817351878657685,0.38817351878657685,16951.347508833045,3883245120,0.42650943656769164,15,1,authorized_support_width_resolution_exhausted,3.1724114523766424e-12
LEARNED_WAVE_BLOCK_GREEDY,365,3618,3618,24,8,0.3874535185326008,0.3874535185326008,17186.94434784609,3910565952,3.331193755070392,16,1,,4.023744005406413e-12
LEARNED_WAVE_BLOCK_GREEDY,366,3642,3642,24,8,0.3870839566239716,0.3870839566239716,17417.91777696507,3937905216,1.8654874646237731,14,1,,3.016421894362062e-12
LEARNED_WAVE_BLOCK_GREEDY,367,3666,3666,24,8,0.3862249265966149,0.3862249265966149,17655.93892120407,3965262912,0.8080718312533532,16,1,authorized_support_width_resolution_exhausted,3.2005095472721435e-12
LEARNED_WAVE_BLOCK_GREEDY,368,3690,3690,24,8,0.38590616533305,0.38590616533305,17892.49491837807,3992639040,1.9479392499663148,16,1,,3.926738814450885e-12
LEARNED_WAVE_BLOCK_GREEDY,369,3714,3714,24,8,0.3847684703570071,0.3847684703570071,18143.964729032014,4020033600,1.856299759767749,17,1,,3.823491563778217e-12
LEARNED_WAVE_BLOCK_GREEDY,370,3738,3738,24,8,0.3837628507287041,0.3837628507287041,18408.092327635037,4047446592,4.289897482682246,18,1,authorized_support_width_resolution_exhausted,4.0100760730376145e-12
LEARNED_WAVE_BLOCK_GREEDY,371,3762,3762,24,8,0.3823626487943092,0.3823626487943092,18662.636339691002,4074878016,3.0286364634301957,17,1,,3.5275870175116666e-12
LEARNED_WAVE_BLOCK_GREEDY,372,3786,3786,24,8,0.3819349443174377,0.3819349443174377,18926.387326272903,4102327872,1.4266238077983595,19,1,,3.906738268005398e-12
LEARNED_WAVE_BLOCK_GREEDY,373,3810,3810,24,8,0.3806885101601095,0.3806885101601095,19198.661677835044,4129796160,1.5135093244483375,17,1,authorized_support_width_resolution_exhausted,4.043975955679703e-12
LEARNED_WAVE_BLOCK_GREEDY,374,3834,3834,24,8,0.3794054137852983,0.3794054137852983,19456.50661916798,4157282880,4.464009258945213,15,1,,4.079710214348828e-12
LEARNED_WAVE_BLOCK_GREEDY,375,3858,3858,24,8,0.3783958150114024,0.3783958150114024,19758.07181005692,4184788032,2.7444313285525936,19,1,,4.122687842680499e-12
