route,field,mode_index,side,m,n,polarization,real,imag,reference_real,reference_imag,difference_real,difference_imag,complete_vector_denominator,individual_relative_gate
REFERENCE,total,0,top,-3,-1,s,-9.195140170809825e-05,5.576925993858354e-05,-9.195140170809825e-05,5.576925993858354e-05,0.0,0.0,REFERENCE_NOT_SCORED,NOT_DEFINED
REFERENCE,total,1,top,-3,-1,p,6.491873565175626e-05,-4.0080513039853855e-05,6.491873565175626e-05,-4.0080513039853855e-05,0.0,0.0,REFERENCE_NOT_SCORED,NOT_DEFINED
REFERENCE,total,2,top,-3,0,s,-0.0001921902009470994,0.00048817928501632254,-0.0001921902009470994,0.00048817928501632254,0.0,0.0,REFERENCE_NOT_SCORED,NOT_DEFINED
REFERENCE,total,3,top,-3,0,p,1.2553482268998042e-15,3.668039838538298e-15,1.2553482268998042e-15,3.668039838538298e-15,0.0,0.0,REFERENCE_NOT_SCORED,NOT_DEFINED
REFERENCE,total,4,top,-3,1,s,-9.195140170915746e-05,5.576925994137385e-05,-9.195140170915746e-05,5.576925994137385e-05,0.0,0.0,REFERENCE_NOT_SCORED,NOT_DEFINED
REFERENCE,total,5,top,-3,1,p,-6.491873565012055e-05,4.0080513039672495e-05,-6.491873565012055e-05,4.0080513039672495e-05,0.0,0.0,REFERENCE_NOT_SCORED,NOT_DEFINED
REFERENCE,total,6,top,-2,-1,s,2.344516502433825e-06,9.65817440460633e-07,2.344516502433825e-06,9.65817440460633e-07,0.0,0.0,REFERENCE_NOT_SCORED,NOT_DEFINED
REFERENCE,total,7,top,-2,-1,p,-0.00011450210530953003,-0.00014336308972240936,-0.00011450210530953003,-0.00014336308972240936,0.0,0.0,REFERENCE_NOT_SCORED,NOT_DEFINED
REFERENCE,total,8,top,-2,0,s,0.00016425932553326252,-5.6207388544626634e-05,0.00016425932553326252,-5.6207388544626634e-05,0.0,0.0,REFERENCE_NOT_SCORED,NOT_DEFINED
REFERENCE,total,9,top,-2,0,p,-1.731002669799771e-16,1.1404235647096274e-15,-1.731002669799771e-16,1.1404235647096274e-15,0.0,0.0,REFERENCE_NOT_SCORED,NOT_DEFINED
REFERENCE,total,10,top,-2,1,s,2.3445165013757525e-06,9.658174394089157e-07,2.3445165013757525e-06,9.658174394089157e-07,0.0,0.0,REFERENCE_NOT_SCORED,NOT_DEFINED
REFERENCE,total,11,top,-2,1,p,0.0001145021053115565,0.0001433630897223461,0.0001145021053115565,0.0001433630897223461,0.0,0.0,REFERENCE_NOT_SCORED,NOT_DEFINED
REFERENCE,total,12,top,-1,-1,s,-0.0001675317294758279,-0.0002780507862091289,-0.0001675317294758279,-0.0002780507862091289,0.0,0.0,REFERENCE_NOT_SCORED,NOT_DEFINED
REFERENCE,total,13,top,-1,-1,p,-0.00012312018254765662,-0.00020515373533905003,-0.00012312018254765662,-0.00020515373533905003,0.0,0.0,REFERENCE_NOT_SCORED,NOT_DEFINED
REFERENCE,total,14,top,-1,0,s,-0.0010285581087383054,0.0013279322632824794,-0.0010285581087383054,0.0013279322632824794,0.0,0.0,REFERENCE_NOT_SCORED,NOT_DEFINED
REFERENCE,total,15,top,-1,0,p,1.0695710033665002e-15,-1.898478834981676e-15,1.0695710033665002e-15,-1.898478834981676e-15,0.0,0.0,REFERENCE_NOT_SCORED,NOT_DEFINED
REFERENCE,total,16,top,-1,1,s,-0.0001675317294752791,-0.00027805078621218255,-0.0001675317294752791,-0.00027805078621218255,0.0,0.0,REFERENCE_NOT_SCORED,NOT_DEFINED
REFERENCE,total,17,top,-1,1,p,0.00012312018254904267,0.00020515373533914856,0.00012312018254904267,0.00020515373533914856,0.0,0.0,REFERENCE_NOT_SCORED,NOT_DEFINED
REFERENCE,total,18,top,0,0,s,0.026785429987131376,-0.4121567714282053,0.026785429987131376,-0.4121567714282053,0.0,0.0,REFERENCE_NOT_SCORED,NOT_DEFINED
REFERENCE,total,19,top,0,0,p,1.1196540890151039e-13,-5.214558791588342e-15,1.1196540890151039e-13,-5.214558791588342e-15,0.0,0.0,REFERENCE_NOT_SCORED,NOT_DEFINED
REFERENCE,total,20,bottom,-3,-1,s,-4.909306826319978e-06,0.00011217325597253058,-4.909306826319978e-06,0.00011217325597253058,0.0,0.0,REFERENCE_NOT_SCORED,NOT_DEFINED
REFERENCE,total,21,bottom,-3,-1,p,-1.5732873803997091e-06,7.928198517251047e-05,-1.5732873803997091e-06,7.928198517251047e-05,0.0,0.0,REFERENCE_NOT_SCORED,NOT_DEFINED
REFERENCE,total,22,bottom,-3,0,s,-0.0004924362020247129,-0.0001736752134376343,-0.0004924362020247129,-0.0001736752134376343,0.0,0.0,REFERENCE_NOT_SCORED,NOT_DEFINED
REFERENCE,total,23,bottom,-3,0,p,-1.3274970028758873e-16,2.3198170478591657e-16,-1.3274970028758873e-16,2.3198170478591657e-16,0.0,0.0,REFERENCE_NOT_SCORED,NOT_DEFINED
REFERENCE,total,24,bottom,-3,1,s,-4.909306828951654e-06,0.00011217325597379069,-4.909306828951654e-06,0.00011217325597379069,0.0,0.0,REFERENCE_NOT_SCORED,NOT_DEFINED
REFERENCE,total,25,bottom,-3,1,p,1.5732873796791848e-06,-7.9281985174855e-05,1.5732873796791848e-06,-7.9281985174855e-05,0.0,0.0,REFERENCE_NOT_SCORED,NOT_DEFINED
REFERENCE,total,26,bottom,-2,-1,s,7.745485652971132e-07,2.4717345258705883e-06,7.745485652971132e-07,2.4717345258705883e-06,0.0,0.0,REFERENCE_NOT_SCORED,NOT_DEFINED
REFERENCE,total,27,bottom,-2,-1,p,-3.630225008417201e-05,0.0001883234131536643,-3.630225008417201e-05,0.0001883234131536643,0.0,0.0,REFERENCE_NOT_SCORED,NOT_DEFINED
REFERENCE,total,28,bottom,-2,0,s,-0.00018404130862068258,1.7489532595230964e-05,-0.00018404130862068258,1.7489532595230964e-05,0.0,0.0,REFERENCE_NOT_SCORED,NOT_DEFINED
REFERENCE,total,29,bottom,-2,0,p,-1.953215047833636e-16,3.0838854490696276e-16,-1.953215047833636e-16,3.0838854490696276e-16,0.0,0.0,REFERENCE_NOT_SCORED,NOT_DEFINED
REFERENCE,total,30,bottom,-2,1,s,7.745485660026084e-07,2.4717345262717786e-06,7.745485660026084e-07,2.4717345262717786e-06,0.0,0.0,REFERENCE_NOT_SCORED,NOT_DEFINED
REFERENCE,total,31,bottom,-2,1,p,3.630225008297548e-05,-0.00018832341315286793,3.630225008297548e-05,-0.00018832341315286793,0.0,0.0,REFERENCE_NOT_SCORED,NOT_DEFINED
REFERENCE,total,32,bottom,-1,-1,s,-0.00033718347041335526,-1.6668060240140516e-05,-0.00033718347041335526,-1.6668060240140516e-05,0.0,0.0,REFERENCE_NOT_SCORED,NOT_DEFINED
REFERENCE,total,33,bottom,-1,-1,p,0.0002479992366175502,8.609260274623294e-06,0.0002479992366175502,8.609260274623294e-06,0.0,0.0,REFERENCE_NOT_SCORED,NOT_DEFINED
REFERENCE,total,34,bottom,-1,0,s,-0.0011348134234953988,-0.0008861976207941805,-0.0011348134234953988,-0.0008861976207941805,0.0,0.0,REFERENCE_NOT_SCORED,NOT_DEFINED
REFERENCE,total,35,bottom,-1,0,p,-4.465027736885759e-16,-2.0865938982257457e-16,-4.465027736885759e-16,-2.0865938982257457e-16,0.0,0.0,REFERENCE_NOT_SCORED,NOT_DEFINED
REFERENCE,total,36,bottom,-1,1,s,-0.00033718347041209904,-1.6668060241286416e-05,-0.00033718347041209904,-1.6668060241286416e-05,0.0,0.0,REFERENCE_NOT_SCORED,NOT_DEFINED
REFERENCE,total,37,bottom,-1,1,p,-0.000247999236616804,-8.609260275602887e-06,-0.000247999236616804,-8.609260275602887e-06,0.0,0.0,REFERENCE_NOT_SCORED,NOT_DEFINED
REFERENCE,total,38,bottom,0,0,s,0.07718950242782177,-0.12447475436113979,0.07718950242782177,-0.12447475436113979,0.0,0.0,REFERENCE_NOT_SCORED,NOT_DEFINED
REFERENCE,total,39,bottom,0,0,p,2.4167599005431038e-15,5.725178855579965e-15,2.4167599005431038e-15,5.725178855579965e-15,0.0,0.0,REFERENCE_NOT_SCORED,NOT_DEFINED
REFERENCE,scattered,0,top,-3,-1,s,-9.195140170810291e-05,5.5769259938579254e-05,-9.195140170810291e-05,5.5769259938579254e-05,0.0,0.0,REFERENCE_NOT_SCORED,NOT_DEFINED
REFERENCE,scattered,1,top,-3,-1,p,6.49187356517443e-05,-4.008051303985588e-05,6.49187356517443e-05,-4.008051303985588e-05,0.0,0.0,REFERENCE_NOT_SCORED,NOT_DEFINED
REFERENCE,scattered,2,top,-3,0,s,-0.00019219020094724982,0.00048817928501638765,-0.00019219020094724982,0.00048817928501638765,0.0,0.0,REFERENCE_NOT_SCORED,NOT_DEFINED
REFERENCE,scattered,3,top,-3,0,p,1.2553482268998042e-15,3.668039838538298e-15,1.2553482268998042e-15,3.668039838538298e-15,0.0,0.0,REFERENCE_NOT_SCORED,NOT_DEFINED
REFERENCE,scattered,4,top,-3,1,s,-9.195140170914724e-05,5.5769259941376876e-05,-9.195140170914724e-05,5.5769259941376876e-05,0.0,0.0,REFERENCE_NOT_SCORED,NOT_DEFINED
REFERENCE,scattered,5,top,-3,1,p,-6.491873565010715e-05,4.00805130396873e-05,-6.491873565010715e-05,4.00805130396873e-05,0.0,0.0,REFERENCE_NOT_SCORED,NOT_DEFINED
REFERENCE,scattered,6,top,-2,-1,s,2.3445165024338254e-06,9.658174404606376e-07,2.3445165024338254e-06,9.658174404606376e-07,0.0,0.0,REFERENCE_NOT_SCORED,NOT_DEFINED
REFERENCE,scattered,7,top,-2,-1,p,-0.00011450210530949539,-0.00014336308972242402,-0.00011450210530949539,-0.00014336308972242402,0.0,0.0,REFERENCE_NOT_SCORED,NOT_DEFINED
REFERENCE,scattered,8,top,-2,0,s,0.0001642593255332033,-5.620738854478225e-05,0.0001642593255332033,-5.620738854478225e-05,0.0,0.0,REFERENCE_NOT_SCORED,NOT_DEFINED
REFERENCE,scattered,9,top,-2,0,p,-1.731002669799771e-16,1.1404235647096274e-15,-1.731002669799771e-16,1.1404235647096274e-15,0.0,0.0,REFERENCE_NOT_SCORED,NOT_DEFINED
REFERENCE,scattered,10,top,-2,1,s,2.344516501375749e-06,9.658174394089149e-07,2.344516501375749e-06,9.658174394089149e-07,0.0,0.0,REFERENCE_NOT_SCORED,NOT_DEFINED
REFERENCE,scattered,11,top,-2,1,p,0.00011450210531154583,0.0001433630897223534,0.00011450210531154583,0.0001433630897223534,0.0,0.0,REFERENCE_NOT_SCORED,NOT_DEFINED
REFERENCE,scattered,12,top,-1,-1,s,-0.00016753172947578341,-0.00027805078620911914,-0.00016753172947578341,-0.00027805078620911914,0.0,0.0,REFERENCE_NOT_SCORED,NOT_DEFINED
REFERENCE,scattered,13,top,-1,-1,p,-0.00012312018254764134,-0.00020515373533901306,-0.00012312018254764134,-0.00020515373533901306,0.0,0.0,REFERENCE_NOT_SCORED,NOT_DEFINED
REFERENCE,scattered,14,top,-1,0,s,-0.0010285581087378939,0.0013279322632823076,-0.0010285581087378939,0.0013279322632823076,0.0,0.0,REFERENCE_NOT_SCORED,NOT_DEFINED
REFERENCE,scattered,15,top,-1,0,p,1.0695710033665002e-15,-1.898478834981676e-15,1.0695710033665002e-15,-1.898478834981676e-15,0.0,0.0,REFERENCE_NOT_SCORED,NOT_DEFINED
REFERENCE,scattered,16,top,-1,1,s,-0.00016753172947527734,-0.00027805078621216526,-0.00016753172947527734,-0.00027805078621216526,0.0,0.0,REFERENCE_NOT_SCORED,NOT_DEFINED
REFERENCE,scattered,17,top,-1,1,p,0.00012312018254903858,0.0002051537353391292,0.00012312018254903858,0.0002051537353391292,0.0,0.0,REFERENCE_NOT_SCORED,NOT_DEFINED
REFERENCE,scattered,18,top,0,0,s,-0.01927337511042978,0.20927155222279603,-0.01927337511042978,0.20927155222279603,0.0,0.0,REFERENCE_NOT_SCORED,NOT_DEFINED
REFERENCE,scattered,19,top,0,0,p,1.1185579377514874e-13,-3.735624544869974e-15,1.1185579377514874e-13,-3.735624544869974e-15,0.0,0.0,REFERENCE_NOT_SCORED,NOT_DEFINED
REFERENCE,scattered,20,bottom,-3,-1,s,-4.909306826320045e-06,0.00011217325597253238,-4.909306826320045e-06,0.00011217325597253238,0.0,0.0,REFERENCE_NOT_SCORED,NOT_DEFINED
REFERENCE,scattered,21,bottom,-3,-1,p,-1.5732873804033325e-06,7.928198517251764e-05,-1.5732873804033325e-06,7.928198517251764e-05,0.0,0.0,REFERENCE_NOT_SCORED,NOT_DEFINED
REFERENCE,scattered,22,bottom,-3,0,s,-0.0004924362020247152,-0.0001736752134377082,-0.0004924362020247152,-0.0001736752134377082,0.0,0.0,REFERENCE_NOT_SCORED,NOT_DEFINED
REFERENCE,scattered,23,bottom,-3,0,p,-1.3274970028758873e-16,2.3198170478591657e-16,-1.3274970028758873e-16,2.3198170478591657e-16,0.0,0.0,REFERENCE_NOT_SCORED,NOT_DEFINED
REFERENCE,scattered,24,bottom,-3,1,s,-4.9093068289528565e-06,0.00011217325597378981,-4.9093068289528565e-06,0.00011217325597378981,0.0,0.0,REFERENCE_NOT_SCORED,NOT_DEFINED
REFERENCE,scattered,25,bottom,-3,1,p,1.5732873796878703e-06,-7.928198517485518e-05,1.5732873796878703e-06,-7.928198517485518e-05,0.0,0.0,REFERENCE_NOT_SCORED,NOT_DEFINED
REFERENCE,scattered,26,bottom,-2,-1,s,7.745485652971132e-07,2.471734525870588e-06,7.745485652971132e-07,2.471734525870588e-06,0.0,0.0,REFERENCE_NOT_SCORED,NOT_DEFINED
REFERENCE,scattered,27,bottom,-2,-1,p,-3.630225008417886e-05,0.00018832341315366003,-3.630225008417886e-05,0.00018832341315366003,0.0,0.0,REFERENCE_NOT_SCORED,NOT_DEFINED
REFERENCE,scattered,28,bottom,-2,0,s,-0.00018404130862069833,1.7489532595272983e-05,-0.00018404130862069833,1.7489532595272983e-05,0.0,0.0,REFERENCE_NOT_SCORED,NOT_DEFINED
REFERENCE,scattered,29,bottom,-2,0,p,-1.953215047833636e-16,3.0838854490696276e-16,-1.953215047833636e-16,3.0838854490696276e-16,0.0,0.0,REFERENCE_NOT_SCORED,NOT_DEFINED
REFERENCE,scattered,30,bottom,-2,1,s,7.745485660026087e-07,2.4717345262717774e-06,7.745485660026087e-07,2.4717345262717774e-06,0.0,0.0,REFERENCE_NOT_SCORED,NOT_DEFINED
REFERENCE,scattered,31,bottom,-2,1,p,3.630225008296777e-05,-0.00018832341315285628,3.630225008296777e-05,-0.00018832341315285628,0.0,0.0,REFERENCE_NOT_SCORED,NOT_DEFINED
REFERENCE,scattered,32,bottom,-1,-1,s,-0.00033718347041335536,-1.666806024013619e-05,-0.00033718347041335536,-1.666806024013619e-05,0.0,0.0,REFERENCE_NOT_SCORED,NOT_DEFINED
REFERENCE,scattered,33,bottom,-1,-1,p,0.00024799923661753275,8.609260274615205e-06,0.00024799923661753275,8.609260274615205e-06,0.0,0.0,REFERENCE_NOT_SCORED,NOT_DEFINED
REFERENCE,scattered,34,bottom,-1,0,s,-0.0011348134234954131,-0.00088619762079417,-0.0011348134234954131,-0.00088619762079417,0.0,0.0,REFERENCE_NOT_SCORED,NOT_DEFINED
REFERENCE,scattered,35,bottom,-1,0,p,-4.465027736885759e-16,-2.0865938982257457e-16,-4.465027736885759e-16,-2.0865938982257457e-16,0.0,0.0,REFERENCE_NOT_SCORED,NOT_DEFINED
REFERENCE,scattered,36,bottom,-1,1,s,-0.00033718347041209747,-1.666806024128843e-05,-0.00033718347041209747,-1.666806024128843e-05,0.0,0.0,REFERENCE_NOT_SCORED,NOT_DEFINED
REFERENCE,scattered,37,bottom,-1,1,p,-0.00024799923661679776,-8.609260275598644e-06,-0.00024799923661679776,-8.609260275598644e-06,0.0,0.0,REFERENCE_NOT_SCORED,NOT_DEFINED
REFERENCE,scattered,38,bottom,0,0,s,-0.041607545586981674,0.12257388541158544,-0.041607545586981674,0.12257388541158544,0.0,0.0,REFERENCE_NOT_SCORED,NOT_DEFINED
REFERENCE,scattered,39,bottom,0,0,p,2.6658179463359154e-15,5.966790876859179e-15,2.6658179463359154e-15,5.966790876859179e-15,0.0,0.0,REFERENCE_NOT_SCORED,NOT_DEFINED
REFERENCE,outgoing,0,top,-3,-1,s,-9.195140170809825e-05,5.576925993858354e-05,-9.195140170809825e-05,5.576925993858354e-05,0.0,0.0,REFERENCE_NOT_SCORED,NOT_DEFINED
REFERENCE,outgoing,1,top,-3,-1,p,6.491873565175626e-05,-4.0080513039853855e-05,6.491873565175626e-05,-4.0080513039853855e-05,0.0,0.0,REFERENCE_NOT_SCORED,NOT_DEFINED
REFERENCE,outgoing,2,top,-3,0,s,-0.0001921902009470994,0.00048817928501632254,-0.0001921902009470994,0.00048817928501632254,0.0,0.0,REFERENCE_NOT_SCORED,NOT_DEFINED
REFERENCE,outgoing,3,top,-3,0,p,1.2553482268998042e-15,3.668039838538298e-15,1.2553482268998042e-15,3.668039838538298e-15,0.0,0.0,REFERENCE_NOT_SCORED,NOT_DEFINED
REFERENCE,outgoing,4,top,-3,1,s,-9.195140170915746e-05,5.576925994137385e-05,-9.195140170915746e-05,5.576925994137385e-05,0.0,0.0,REFERENCE_NOT_SCORED,NOT_DEFINED
REFERENCE,outgoing,5,top,-3,1,p,-6.491873565012055e-05,4.0080513039672495e-05,-6.491873565012055e-05,4.0080513039672495e-05,0.0,0.0,REFERENCE_NOT_SCORED,NOT_DEFINED
REFERENCE,outgoing,6,top,-2,-1,s,2.344516502433825e-06,9.65817440460633e-07,2.344516502433825e-06,9.65817440460633e-07,0.0,0.0,REFERENCE_NOT_SCORED,NOT_DEFINED
REFERENCE,outgoing,7,top,-2,-1,p,-0.00011450210530953003,-0.00014336308972240936,-0.00011450210530953003,-0.00014336308972240936,0.0,0.0,REFERENCE_NOT_SCORED,NOT_DEFINED
REFERENCE,outgoing,8,top,-2,0,s,0.00016425932553326252,-5.6207388544626634e-05,0.00016425932553326252,-5.6207388544626634e-05,0.0,0.0,REFERENCE_NOT_SCORED,NOT_DEFINED
REFERENCE,outgoing,9,top,-2,0,p,-1.731002669799771e-16,1.1404235647096274e-15,-1.731002669799771e-16,1.1404235647096274e-15,0.0,0.0,REFERENCE_NOT_SCORED,NOT_DEFINED
REFERENCE,outgoing,10,top,-2,1,s,2.3445165013757525e-06,9.658174394089157e-07,2.3445165013757525e-06,9.658174394089157e-07,0.0,0.0,REFERENCE_NOT_SCORED,NOT_DEFINED
REFERENCE,outgoing,11,top,-2,1,p,0.0001145021053115565,0.0001433630897223461,0.0001145021053115565,0.0001433630897223461,0.0,0.0,REFERENCE_NOT_SCORED,NOT_DEFINED
REFERENCE,outgoing,12,top,-1,-1,s,-0.0001675317294758279,-0.0002780507862091289,-0.0001675317294758279,-0.0002780507862091289,0.0,0.0,REFERENCE_NOT_SCORED,NOT_DEFINED
REFERENCE,outgoing,13,top,-1,-1,p,-0.00012312018254765662,-0.00020515373533905003,-0.00012312018254765662,-0.00020515373533905003,0.0,0.0,REFERENCE_NOT_SCORED,NOT_DEFINED
REFERENCE,outgoing,14,top,-1,0,s,-0.0010285581087383054,0.0013279322632824794,-0.0010285581087383054,0.0013279322632824794,0.0,0.0,REFERENCE_NOT_SCORED,NOT_DEFINED
REFERENCE,outgoing,15,top,-1,0,p,1.0695710033665002e-15,-1.898478834981676e-15,1.0695710033665002e-15,-1.898478834981676e-15,0.0,0.0,REFERENCE_NOT_SCORED,NOT_DEFINED
REFERENCE,outgoing,16,top,-1,1,s,-0.0001675317294752791,-0.00027805078621218255,-0.0001675317294752791,-0.00027805078621218255,0.0,0.0,REFERENCE_NOT_SCORED,NOT_DEFINED
REFERENCE,outgoing,17,top,-1,1,p,0.00012312018254904267,0.00020515373533914856,0.00012312018254904267,0.00020515373533914856,0.0,0.0,REFERENCE_NOT_SCORED,NOT_DEFINED
REFERENCE,outgoing,18,top,0,0,s,-0.9004635817872493,-0.03771148815782577,-0.9004635817872493,-0.03771148815782577,0.0,0.0,REFERENCE_NOT_SCORED,NOT_DEFINED
REFERENCE,outgoing,19,top,0,0,p,1.1196540890151039e-13,-5.214558791588342e-15,1.1196540890151039e-13,-5.214558791588342e-15,0.0,0.0,REFERENCE_NOT_SCORED,NOT_DEFINED
REFERENCE,outgoing,20,bottom,-3,-1,s,-4.909306826319978e-06,0.00011217325597253058,-4.909306826319978e-06,0.00011217325597253058,0.0,0.0,REFERENCE_NOT_SCORED,NOT_DEFINED
REFERENCE,outgoing,21,bottom,-3,-1,p,-1.5732873803997091e-06,7.928198517251047e-05,-1.5732873803997091e-06,7.928198517251047e-05,0.0,0.0,REFERENCE_NOT_SCORED,NOT_DEFINED
REFERENCE,outgoing,22,bottom,-3,0,s,-0.0004924362020247129,-0.0001736752134376343,-0.0004924362020247129,-0.0001736752134376343,0.0,0.0,REFERENCE_NOT_SCORED,NOT_DEFINED
REFERENCE,outgoing,23,bottom,-3,0,p,-1.3274970028758873e-16,2.3198170478591657e-16,-1.3274970028758873e-16,2.3198170478591657e-16,0.0,0.0,REFERENCE_NOT_SCORED,NOT_DEFINED
REFERENCE,outgoing,24,bottom,-3,1,s,-4.909306828951654e-06,0.00011217325597379069,-4.909306828951654e-06,0.00011217325597379069,0.0,0.0,REFERENCE_NOT_SCORED,NOT_DEFINED
REFERENCE,outgoing,25,bottom,-3,1,p,1.5732873796791848e-06,-7.9281985174855e-05,1.5732873796791848e-06,-7.9281985174855e-05,0.0,0.0,REFERENCE_NOT_SCORED,NOT_DEFINED
REFERENCE,outgoing,26,bottom,-2,-1,s,7.745485652971132e-07,2.4717345258705883e-06,7.745485652971132e-07,2.4717345258705883e-06,0.0,0.0,REFERENCE_NOT_SCORED,NOT_DEFINED
REFERENCE,outgoing,27,bottom,-2,-1,p,-3.630225008417201e-05,0.0001883234131536643,-3.630225008417201e-05,0.0001883234131536643,0.0,0.0,REFERENCE_NOT_SCORED,NOT_DEFINED
REFERENCE,outgoing,28,bottom,-2,0,s,-0.00018404130862068258,1.7489532595230964e-05,-0.00018404130862068258,1.7489532595230964e-05,0.0,0.0,REFERENCE_NOT_SCORED,NOT_DEFINED
REFERENCE,outgoing,29,bottom,-2,0,p,-1.953215047833636e-16,3.0838854490696276e-16,-1.953215047833636e-16,3.0838854490696276e-16,0.0,0.0,REFERENCE_NOT_SCORED,NOT_DEFINED
REFERENCE,outgoing,30,bottom,-2,1,s,7.745485660026084e-07,2.4717345262717786e-06,7.745485660026084e-07,2.4717345262717786e-06,0.0,0.0,REFERENCE_NOT_SCORED,NOT_DEFINED
REFERENCE,outgoing,31,bottom,-2,1,p,3.630225008297548e-05,-0.00018832341315286793,3.630225008297548e-05,-0.00018832341315286793,0.0,0.0,REFERENCE_NOT_SCORED,NOT_DEFINED
REFERENCE,outgoing,32,bottom,-1,-1,s,-0.00033718347041335526,-1.6668060240140516e-05,-0.00033718347041335526,-1.6668060240140516e-05,0.0,0.0,REFERENCE_NOT_SCORED,NOT_DEFINED
REFERENCE,outgoing,33,bottom,-1,-1,p,0.0002479992366175502,8.609260274623294e-06,0.0002479992366175502,8.609260274623294e-06,0.0,0.0,REFERENCE_NOT_SCORED,NOT_DEFINED
REFERENCE,outgoing,34,bottom,-1,0,s,-0.0011348134234953988,-0.0008861976207941805,-0.0011348134234953988,-0.0008861976207941805,0.0,0.0,REFERENCE_NOT_SCORED,NOT_DEFINED
REFERENCE,outgoing,35,bottom,-1,0,p,-4.465027736885759e-16,-2.0865938982257457e-16,-4.465027736885759e-16,-2.0865938982257457e-16,0.0,0.0,REFERENCE_NOT_SCORED,NOT_DEFINED
REFERENCE,outgoing,36,bottom,-1,1,s,-0.00033718347041209904,-1.6668060241286416e-05,-0.00033718347041209904,-1.6668060241286416e-05,0.0,0.0,REFERENCE_NOT_SCORED,NOT_DEFINED
REFERENCE,outgoing,37,bottom,-1,1,p,-0.000247999236616804,-8.609260275602887e-06,-0.000247999236616804,-8.609260275602887e-06,0.0,0.0,REFERENCE_NOT_SCORED,NOT_DEFINED
REFERENCE,outgoing,38,bottom,0,0,s,0.07718950242782177,-0.12447475436113979,0.07718950242782177,-0.12447475436113979,0.0,0.0,REFERENCE_NOT_SCORED,NOT_DEFINED
REFERENCE,outgoing,39,bottom,0,0,p,2.4167599005431038e-15,5.725178855579965e-15,2.4167599005431038e-15,5.725178855579965e-15,0.0,0.0,REFERENCE_NOT_SCORED,NOT_DEFINED
REFERENCE,boundary_outgoing,0,top,-3,-1,s,-7.855082196187339e-05,7.345092919286605e-05,-7.855082196187339e-05,7.345092919286605e-05,0.0,0.0,REFERENCE_NOT_SCORED,NOT_DEFINED
REFERENCE,boundary_outgoing,1,top,-3,-1,p,5.531274235513715e-05,-5.254893240889601e-05,5.531274235513715e-05,-5.254893240889601e-05,0.0,0.0,REFERENCE_NOT_SCORED,NOT_DEFINED
REFERENCE,boundary_outgoing,2,top,-3,0,s,0.0002384264874377627,-0.00046734237743567054,0.0002384264874377627,-0.00046734237743567054,0.0,0.0,REFERENCE_NOT_SCORED,NOT_DEFINED
REFERENCE,boundary_outgoing,3,top,-3,0,p,-8.953304260694988e-16,-3.7721080122444466e-15,-8.953304260694988e-16,-3.7721080122444466e-15,0.0,0.0,REFERENCE_NOT_SCORED,NOT_DEFINED
REFERENCE,boundary_outgoing,4,top,-3,1,s,-7.855082196233748e-05,7.345092919581435e-05,-7.855082196233748e-05,7.345092919581435e-05,0.0,0.0,REFERENCE_NOT_SCORED,NOT_DEFINED
REFERENCE,boundary_outgoing,5,top,-3,1,p,-5.5312742353573465e-05,5.2548932408382856e-05,-5.5312742353573465e-05,5.2548932408382856e-05,0.0,0.0,REFERENCE_NOT_SCORED,NOT_DEFINED
REFERENCE,boundary_outgoing,6,top,-2,-1,s,-1.6954805776036832e-06,1.8854459868824524e-06,-1.6954805776036832e-06,1.8854459868824524e-06,0.0,0.0,REFERENCE_NOT_SCORED,NOT_DEFINED
REFERENCE,boundary_outgoing,7,top,-2,-1,p,0.00017343931198744156,-5.9854094867379096e-05,0.00017343931198744156,-5.9854094867379096e-05,0.0,0.0,REFERENCE_NOT_SCORED,NOT_DEFINED
REFERENCE,boundary_outgoing,8,top,-2,0,s,-5.6207409492762594e-05,-0.00016425931836508344,-5.6207409492762594e-05,-0.00016425931836508344,0.0,0.0,REFERENCE_NOT_SCORED,NOT_DEFINED
REFERENCE,boundary_outgoing,9,top,-2,0,p,1.1404235867852477e-15,1.7310012154075433e-16,1.1404235867852477e-15,1.7310012154075433e-16,0.0,0.0,REFERENCE_NOT_SCORED,NOT_DEFINED
REFERENCE,boundary_outgoing,10,top,-2,1,s,-1.6954805762582626e-06,1.885445986237883e-06,-1.6954805762582626e-06,1.885445986237883e-06,0.0,0.0,REFERENCE_NOT_SCORED,NOT_DEFINED
REFERENCE,boundary_outgoing,11,top,-2,1,p,-0.00017343931198806085,5.9854094869309646e-05,-0.00017343931198806085,5.9854094869309646e-05,0.0,0.0,REFERENCE_NOT_SCORED,NOT_DEFINED
REFERENCE,boundary_outgoing,12,top,-1,-1,s,-0.00022030138827274493,-0.0002384248695454775,-0.00022030138827274493,-0.0002384248695454775,0.0,0.0,REFERENCE_NOT_SCORED,NOT_DEFINED
REFERENCE,boundary_outgoing,13,top,-1,-1,p,-0.00016206524324860404,-0.0001760155998907599,-0.00016206524324860404,-0.0001760155998907599,0.0,0.0,REFERENCE_NOT_SCORED,NOT_DEFINED
REFERENCE,boundary_outgoing,14,top,-1,0,s,0.0011543275989399616,-0.0012201900152203147,0.0011543275989399616,-0.0012201900152203147,0.0,0.0,REFERENCE_NOT_SCORED,NOT_DEFINED
REFERENCE,boundary_outgoing,15,top,-1,0,p,-1.2513260214317444e-15,1.783924663825131e-15,-1.2513260214317444e-15,1.783924663825131e-15,0.0,0.0,REFERENCE_NOT_SCORED,NOT_DEFINED
REFERENCE,boundary_outgoing,16,top,-1,1,s,-0.00022030138827282503,-0.00023842486954857905,-0.00022030138827282503,-0.00023842486954857905,0.0,0.0,REFERENCE_NOT_SCORED,NOT_DEFINED
REFERENCE,boundary_outgoing,17,top,-1,1,p,0.00016206524324998136,0.0001760155998905761,0.00016206524324998136,0.0001760155998905761,0.0,0.0,REFERENCE_NOT_SCORED,NOT_DEFINED
REFERENCE,boundary_outgoing,18,top,0,0,s,-0.8767420008873494,-0.208758909616445,-0.8767420008873494,-0.208758909616445,0.0,0.0,REFERENCE_NOT_SCORED,NOT_DEFINED
REFERENCE,boundary_outgoing,19,top,0,0,p,1.109046864019619e-13,1.6235607409513206e-14,1.109046864019619e-13,1.6235607409513206e-14,0.0,0.0,REFERENCE_NOT_SCORED,NOT_DEFINED
REFERENCE,boundary_outgoing,20,bottom,-3,-1,s,-8.648303367237041e-05,6.939127777564956e-05,-8.648303367237041e-05,6.939127777564956e-05,0.0,0.0,REFERENCE_NOT_SCORED,NOT_DEFINED
REFERENCE,boundary_outgoing,21,bottom,-3,-1,p,-5.9889780695573525e-05,5.0452604324837186e-05,-5.9889780695573525e-05,5.0452604324837186e-05,0.0,0.0,REFERENCE_NOT_SCORED,NOT_DEFINED
REFERENCE,boundary_outgoing,22,bottom,-3,0,s,6.074845422874771e-05,-0.0005144750722767751,6.074845422874771e-05,-0.0005144750722767751,0.0,0.0,REFERENCE_NOT_SCORED,NOT_DEFINED
REFERENCE,boundary_outgoing,23,bottom,-3,0,p,-2.5346697492730613e-16,-7.791468315616378e-17,-2.5346697492730613e-16,-7.791468315616378e-17,0.0,0.0,REFERENCE_NOT_SCORED,NOT_DEFINED
REFERENCE,boundary_outgoing,24,bottom,-3,1,s,-8.648303367501951e-05,6.939127777451605e-05,-8.648303367501951e-05,6.939127777451605e-05,0.0,0.0,REFERENCE_NOT_SCORED,NOT_DEFINED
REFERENCE,boundary_outgoing,25,bottom,-3,1,p,5.9889780696845165e-05,-5.0452604326898695e-05,5.9889780696845165e-05,-5.0452604326898695e-05,0.0,0.0,REFERENCE_NOT_SCORED,NOT_DEFINED
REFERENCE,boundary_outgoing,26,bottom,-2,-1,s,-1.935589521620524e-06,1.6853186586884327e-06,-1.935589521620524e-06,1.6853186586884327e-06,0.0,0.0,REFERENCE_NOT_SCORED,NOT_DEFINED
REFERENCE,boundary_outgoing,27,bottom,-2,-1,p,-0.0001853545253180435,4.1894719858193056e-05,-0.0001853545253180435,4.1894719858193056e-05,0.0,0.0,REFERENCE_NOT_SCORED,NOT_DEFINED
REFERENCE,boundary_outgoing,28,bottom,-2,0,s,-1.910128656019509e-05,-0.00018261418318362527,-1.910128656019509e-05,-0.00018261418318362527,0.0,0.0,REFERENCE_NOT_SCORED,NOT_DEFINED
REFERENCE,boundary_outgoing,29,bottom,-2,0,p,-3.081108181661143e-16,-1.9107978283180129e-16,-3.081108181661143e-16,-1.9107978283180129e-16,0.0,0.0,REFERENCE_NOT_SCORED,NOT_DEFINED
REFERENCE,boundary_outgoing,30,bottom,-2,1,s,-1.9355895217042767e-06,1.6853186594882002e-06,-1.9355895217042767e-06,1.6853186594882002e-06,0.0,0.0,REFERENCE_NOT_SCORED,NOT_DEFINED
REFERENCE,boundary_outgoing,31,bottom,-2,1,p,0.00018535452531684516,-4.189471985896257e-05,0.00018535452531684516,-4.189471985896257e-05,0.0,0.0,REFERENCE_NOT_SCORED,NOT_DEFINED
REFERENCE,boundary_outgoing,32,bottom,-1,-1,s,-0.00020705147255067278,-0.00026129824663100645,-0.00020705147255067278,-0.00026129824663100645,0.0,0.0,REFERENCE_NOT_SCORED,NOT_DEFINED
REFERENCE,boundary_outgoing,33,bottom,-1,-1,p,0.00015499807170421564,0.00018981004150854804,0.00015499807170421564,0.00018981004150854804,0.0,0.0,REFERENCE_NOT_SCORED,NOT_DEFINED
REFERENCE,boundary_outgoing,34,bottom,-1,0,s,0.0006107069086373302,-0.0012913701554319347,0.0006107069086373302,-0.0012913701554319347,0.0,0.0,REFERENCE_NOT_SCORED,NOT_DEFINED
REFERENCE,boundary_outgoing,35,bottom,-1,0,p,1.0475495179447351e-16,-4.776152653530708e-16,1.0475495179447351e-16,-4.776152653530708e-16,0.0,0.0,REFERENCE_NOT_SCORED,NOT_DEFINED
REFERENCE,boundary_outgoing,36,bottom,-1,1,s,-0.00020705147254900414,-0.0002612982466308191,-0.00020705147254900414,-0.0002612982466308191,0.0,0.0,REFERENCE_NOT_SCORED,NOT_DEFINED
REFERENCE,boundary_outgoing,37,bottom,-1,1,p,-0.0001549980717030024,-0.00018981004150863128,-0.0001549980717030024,-0.00018981004150863128,0.0,0.0,REFERENCE_NOT_SCORED,NOT_DEFINED
REFERENCE,boundary_outgoing,38,bottom,0,0,s,0.07050175899447489,-0.09994772920440079,0.07050175899447489,-0.09994772920440079,0.0,0.0,REFERENCE_NOT_SCORED,NOT_DEFINED
REFERENCE,boundary_outgoing,39,bottom,0,0,p,1.7315585978917311e-15,4.892126973773713e-15,1.7315585978917311e-15,4.892126973773713e-15,0.0,0.0,REFERENCE_NOT_SCORED,NOT_DEFINED
LEARNED_COMPLEX_WAVE_BACKFIT_ORACLE,total,0,top,-3,-1,s,-3.357401829990369e-05,1.9995290195844345e-05,-9.195140170809825e-05,5.576925993858354e-05,5.8377383408194564e-05,-3.577396974273919e-05,0.4382342339399896,NOT_DEFINED
LEARNED_COMPLEX_WAVE_BACKFIT_ORACLE,total,1,top,-3,-1,p,-7.443628837618818e-05,0.00038600674936184833,6.491873565175626e-05,-4.0080513039853855e-05,-0.00013935502402794443,0.00042608726240170216,0.4382342339399896,NOT_DEFINED
LEARNED_COMPLEX_WAVE_BACKFIT_ORACLE,total,2,top,-3,0,s,-0.0002148340691065573,0.00042153956036783706,-0.0001921902009470994,0.00048817928501632254,-2.2643868159457904e-05,-6.663972464848549e-05,0.4382342339399896,NOT_DEFINED
LEARNED_COMPLEX_WAVE_BACKFIT_ORACLE,total,3,top,-3,0,p,4.597302544117077e-06,-5.7308825691939606e-05,1.2553482268998042e-15,3.668039838538298e-15,4.597302542861728e-06,-5.7308825695607645e-05,0.4382342339399896,NOT_DEFINED
LEARNED_COMPLEX_WAVE_BACKFIT_ORACLE,total,4,top,-3,1,s,-5.200175657535975e-05,3.794656487062339e-05,-9.195140170915746e-05,5.576925994137385e-05,3.9949645133797715e-05,-1.782269507075046e-05,0.4382342339399896,NOT_DEFINED
LEARNED_COMPLEX_WAVE_BACKFIT_ORACLE,total,5,top,-3,1,p,0.0001737867774089819,-0.00011256076203311947,-6.491873565012055e-05,4.0080513039672495e-05,0.00023870551305910244,-0.00015264127507279198,0.4382342339399896,NOT_DEFINED
LEARNED_COMPLEX_WAVE_BACKFIT_ORACLE,total,6,top,-2,-1,s,-4.639580091299496e-06,3.0083491791736027e-05,2.344516502433825e-06,9.65817440460633e-07,-6.984096593733321e-06,2.9117674351275395e-05,0.4382342339399896,NOT_DEFINED
LEARNED_COMPLEX_WAVE_BACKFIT_ORACLE,total,7,top,-2,-1,p,-0.00025789180059116823,0.00012194365169505765,-0.00011450210530953003,-0.00014336308972240936,-0.0001433896952816382,0.000265306741417467,0.4382342339399896,NOT_DEFINED
LEARNED_COMPLEX_WAVE_BACKFIT_ORACLE,total,8,top,-2,0,s,0.00014930147662700068,-5.8174836749809634e-05,0.00016425932553326252,-5.6207388544626634e-05,-1.495784890626184e-05,-1.967448205183e-06,0.4382342339399896,NOT_DEFINED
LEARNED_COMPLEX_WAVE_BACKFIT_ORACLE,total,9,top,-2,0,p,2.9840635774296853e-06,6.019756262565224e-06,-1.731002669799771e-16,1.1404235647096274e-15,2.9840635776027853e-06,6.0197562614248e-06,0.4382342339399896,NOT_DEFINED
LEARNED_COMPLEX_WAVE_BACKFIT_ORACLE,total,10,top,-2,1,s,-4.588568786639212e-05,-1.950754792013467e-05,2.3445165013757525e-06,9.658174394089157e-07,-4.823020436776787e-05,-2.0473365359543586e-05,0.4382342339399896,NOT_DEFINED
LEARNED_COMPLEX_WAVE_BACKFIT_ORACLE,total,11,top,-2,1,p,0.00016933529744039036,0.000384587585007851,0.0001145021053115565,0.0001433630897223461,5.483319212883386e-05,0.00024122449528550492,0.4382342339399896,NOT_DEFINED
LEARNED_COMPLEX_WAVE_BACKFIT_ORACLE,total,12,top,-1,-1,s,-0.00016346055874575613,-0.00025706584485008904,-0.0001675317294758279,-0.0002780507862091289,4.0711707300717585e-06,2.098494135903986e-05,0.4382342339399896,NOT_DEFINED
LEARNED_COMPLEX_WAVE_BACKFIT_ORACLE,total,13,top,-1,-1,p,0.0003240777365946348,-0.0007538466631767168,-0.00012312018254765662,-0.00020515373533905003,0.00044719791914229145,-0.0005486929278376669,0.4382342339399896,NOT_DEFINED
LEARNED_COMPLEX_WAVE_BACKFIT_ORACLE,total,14,top,-1,0,s,-0.0011137232745968236,0.0012930857145971736,-0.0010285581087383054,0.0013279322632824794,-8.516516585851822e-05,-3.484654868530579e-05,0.4382342339399896,NOT_DEFINED
LEARNED_COMPLEX_WAVE_BACKFIT_ORACLE,total,15,top,-1,0,p,2.6397017281353047e-05,3.247649893684197e-05,1.0695710033665002e-15,-1.898478834981676e-15,2.6397017280283475e-05,3.2476498938740447e-05,0.4382342339399896,NOT_DEFINED
LEARNED_COMPLEX_WAVE_BACKFIT_ORACLE,total,16,top,-1,1,s,-0.00017868487478640713,-0.0002099694414387262,-0.0001675317294752791,-0.00027805078621218255,-1.1153145311128032e-05,6.808134477345634e-05,0.4382342339399896,NOT_DEFINED
LEARNED_COMPLEX_WAVE_BACKFIT_ORACLE,total,17,top,-1,1,p,0.00014854212891992526,-0.0003551607392208068,0.00012312018254904267,0.00020515373533914856,2.5421946370882592e-05,-0.0005603144745599554,0.4382342339399896,NOT_DEFINED
LEARNED_COMPLEX_WAVE_BACKFIT_ORACLE,total,18,top,0,0,s,0.026790543773635773,-0.4121599086752992,0.026785429987131376,-0.4121567714282053,5.113786504397366e-06,-3.1372470939428077e-06,0.4382342339399896,NOT_DEFINED
LEARNED_COMPLEX_WAVE_BACKFIT_ORACLE,total,19,top,0,0,p,-0.00020596340709407121,-0.00017421404307245433,1.1196540890151039e-13,-5.214558791588342e-15,-0.0002059634072060366,-0.00017421404306723978,0.4382342339399896,NOT_DEFINED
LEARNED_COMPLEX_WAVE_BACKFIT_ORACLE,total,20,bottom,-3,-1,s,2.3226046483780517e-05,5.160999656754237e-05,-4.909306826319978e-06,0.00011217325597253058,2.8135353310100496e-05,-6.056325940498821e-05,0.4382342339399896,NOT_DEFINED
LEARNED_COMPLEX_WAVE_BACKFIT_ORACLE,total,21,bottom,-3,-1,p,-0.00010872912270565286,-0.0002333540356112351,-1.5732873803997091e-06,7.928198517251047e-05,-0.00010715583532525315,-0.0003126360207837455,0.4382342339399896,NOT_DEFINED
LEARNED_COMPLEX_WAVE_BACKFIT_ORACLE,total,22,bottom,-3,0,s,-0.0005097222694193383,-5.630782486968962e-05,-0.0004924362020247129,-0.0001736752134376343,-1.72860673946254e-05,0.00011736738856794468,0.4382342339399896,NOT_DEFINED
LEARNED_COMPLEX_WAVE_BACKFIT_ORACLE,total,23,bottom,-3,0,p,1.6220924875023874e-05,-2.5420337514798104e-06,-1.3274970028758873e-16,2.3198170478591657e-16,1.6220924875156625e-05,-2.542033751711792e-06,0.4382342339399896,NOT_DEFINED
LEARNED_COMPLEX_WAVE_BACKFIT_ORACLE,total,24,bottom,-3,1,s,-4.6964897887291176e-05,0.00011607362252574745,-4.909306828951654e-06,0.00011217325597379069,-4.205559105833952e-05,3.900366551956756e-06,0.4382342339399896,NOT_DEFINED
LEARNED_COMPLEX_WAVE_BACKFIT_ORACLE,total,25,bottom,-3,1,p,0.0004172984995856819,-0.0003806002800130806,1.5732873796791848e-06,-7.9281985174855e-05,0.0004157252122060027,-0.0003013182948382256,0.4382342339399896,NOT_DEFINED
LEARNED_COMPLEX_WAVE_BACKFIT_ORACLE,total,26,bottom,-2,-1,s,-9.240940120175145e-06,-3.764270375024697e-05,7.745485652971132e-07,2.4717345258705883e-06,-1.0015488685472258e-05,-4.011443827611756e-05,0.4382342339399896,NOT_DEFINED
LEARNED_COMPLEX_WAVE_BACKFIT_ORACLE,total,27,bottom,-2,-1,p,0.00018362246673276592,0.00028141263296715025,-3.630225008417201e-05,0.0001883234131536643,0.00021992471681693792,9.308921981348594e-05,0.4382342339399896,NOT_DEFINED
LEARNED_COMPLEX_WAVE_BACKFIT_ORACLE,total,28,bottom,-2,0,s,-0.00017654279343705024,2.3742644232712337e-05,-0.00018404130862068258,1.7489532595230964e-05,7.498515183632342e-06,6.253111637481373e-06,0.4382342339399896,NOT_DEFINED
LEARNED_COMPLEX_WAVE_BACKFIT_ORACLE,total,29,bottom,-2,0,p,2.3836023322046736e-06,6.51390073459166e-06,-1.953215047833636e-16,3.0838854490696276e-16,2.383602332399995e-06,6.5139007342832715e-06,0.4382342339399896,NOT_DEFINED
LEARNED_COMPLEX_WAVE_BACKFIT_ORACLE,total,30,bottom,-2,1,s,-4.5806183459582305e-05,1.0314090971350414e-05,7.745485660026084e-07,2.4717345262717786e-06,-4.6580732025584915e-05,7.842356445078635e-06,0.4382342339399896,NOT_DEFINED
LEARNED_COMPLEX_WAVE_BACKFIT_ORACLE,total,31,bottom,-2,1,p,-0.000305322994411983,-4.9114673164774944e-05,3.630225008297548e-05,-0.00018832341315286793,-0.0003416252444949585,0.00013920873998809298,0.4382342339399896,NOT_DEFINED
LEARNED_COMPLEX_WAVE_BACKFIT_ORACLE,total,32,bottom,-1,-1,s,-0.00024337254953642383,3.702479434977889e-05,-0.00033718347041335526,-1.6668060240140516e-05,9.381092087693143e-05,5.3692854589919406e-05,0.4382342339399896,NOT_DEFINED
LEARNED_COMPLEX_WAVE_BACKFIT_ORACLE,total,33,bottom,-1,-1,p,-1.9975073026526582e-05,0.0002017479925149411,0.0002479992366175502,8.609260274623294e-06,-0.0002679743096440768,0.00019313873224031778,0.4382342339399896,NOT_DEFINED
LEARNED_COMPLEX_WAVE_BACKFIT_ORACLE,total,34,bottom,-1,0,s,-0.0011631161049000915,-0.0008049349067020446,-0.0011348134234953988,-0.0008861976207941805,-2.8302681404692668e-05,8.126271409213592e-05,0.4382342339399896,NOT_DEFINED
LEARNED_COMPLEX_WAVE_BACKFIT_ORACLE,total,35,bottom,-1,0,p,-1.9965032822134407e-05,-3.557200980004175e-05,-4.465027736885759e-16,-2.0865938982257457e-16,-1.9965032821687906e-05,-3.557200979983309e-05,0.4382342339399896,NOT_DEFINED
LEARNED_COMPLEX_WAVE_BACKFIT_ORACLE,total,36,bottom,-1,1,s,-0.00030236327822750266,2.3232465732692434e-07,-0.00033718347041209904,-1.6668060241286416e-05,3.4820192184596384e-05,1.6900384898613342e-05,0.4382342339399896,NOT_DEFINED
LEARNED_COMPLEX_WAVE_BACKFIT_ORACLE,total,37,bottom,-1,1,p,-0.0006542998269614125,0.0005263471953477731,-0.000247999236616804,-8.609260275602887e-06,-0.00040630059034460855,0.000534956455623376,0.4382342339399896,NOT_DEFINED
LEARNED_COMPLEX_WAVE_BACKFIT_ORACLE,total,38,bottom,0,0,s,0.07718098384405285,-0.124480662717008,0.07718950242782177,-0.12447475436113979,-8.518583768921117e-06,-5.908355868208814e-06,0.4382342339399896,NOT_DEFINED
LEARNED_COMPLEX_WAVE_BACKFIT_ORACLE,total,39,bottom,0,0,p,1.8280585363421327e-05,-2.8092024279367977e-05,2.4167599005431038e-15,5.725178855579965e-15,1.8280585361004566e-05,-2.8092024285093157e-05,0.4382342339399896,NOT_DEFINED
LEARNED_COMPLEX_WAVE_BACKFIT_ORACLE,scattered,0,top,-3,-1,s,-3.357401829990835e-05,1.9995290195840066e-05,-9.195140170810291e-05,5.5769259938579254e-05,5.8377383408194564e-05,-3.577396974273919e-05,0.2468359522790033,NOT_DEFINED
LEARNED_COMPLEX_WAVE_BACKFIT_ORACLE,scattered,1,top,-3,-1,p,-7.443628837620013e-05,0.00038600674936184633,6.49187356517443e-05,-4.008051303985588e-05,-0.00013935502402794443,0.0004260872624017022,0.2468359522790033,NOT_DEFINED
LEARNED_COMPLEX_WAVE_BACKFIT_ORACLE,scattered,2,top,-3,0,s,-0.00021483406910670773,0.00042153956036790216,-0.00019219020094724982,0.00048817928501638765,-2.2643868159457904e-05,-6.663972464848549e-05,0.2468359522790033,NOT_DEFINED
LEARNED_COMPLEX_WAVE_BACKFIT_ORACLE,scattered,3,top,-3,0,p,4.597302544117077e-06,-5.7308825691939606e-05,1.2553482268998042e-15,3.668039838538298e-15,4.597302542861728e-06,-5.7308825695607645e-05,0.2468359522790033,NOT_DEFINED
LEARNED_COMPLEX_WAVE_BACKFIT_ORACLE,scattered,4,top,-3,1,s,-5.200175657534952e-05,3.7946564870626415e-05,-9.195140170914724e-05,5.5769259941376876e-05,3.994964513379772e-05,-1.782269507075046e-05,0.2468359522790033,NOT_DEFINED
LEARNED_COMPLEX_WAVE_BACKFIT_ORACLE,scattered,5,top,-3,1,p,0.0001737867774089953,-0.00011256076203310466,-6.491873565010715e-05,4.00805130396873e-05,0.00023870551305910244,-0.00015264127507279195,0.2468359522790033,NOT_DEFINED
LEARNED_COMPLEX_WAVE_BACKFIT_ORACLE,scattered,6,top,-2,-1,s,-4.639580091299496e-06,3.008349179173603e-05,2.3445165024338254e-06,9.658174404606376e-07,-6.984096593733322e-06,2.9117674351275395e-05,0.2468359522790033,NOT_DEFINED
LEARNED_COMPLEX_WAVE_BACKFIT_ORACLE,scattered,7,top,-2,-1,p,-0.0002578918005911336,0.000121943651695043,-0.00011450210530949539,-0.00014336308972242402,-0.0001433896952816382,0.000265306741417467,0.2468359522790033,NOT_DEFINED
LEARNED_COMPLEX_WAVE_BACKFIT_ORACLE,scattered,8,top,-2,0,s,0.00014930147662694146,-5.817483674996525e-05,0.0001642593255332033,-5.620738854478225e-05,-1.495784890626184e-05,-1.967448205183e-06,0.2468359522790033,NOT_DEFINED
LEARNED_COMPLEX_WAVE_BACKFIT_ORACLE,scattered,9,top,-2,0,p,2.9840635774296853e-06,6.019756262565224e-06,-1.731002669799771e-16,1.1404235647096274e-15,2.9840635776027853e-06,6.0197562614248e-06,0.2468359522790033,NOT_DEFINED
LEARNED_COMPLEX_WAVE_BACKFIT_ORACLE,scattered,10,top,-2,1,s,-4.588568786639212e-05,-1.950754792013467e-05,2.344516501375749e-06,9.658174394089149e-07,-4.823020436776787e-05,-2.0473365359543586e-05,0.2468359522790033,NOT_DEFINED
LEARNED_COMPLEX_WAVE_BACKFIT_ORACLE,scattered,11,top,-2,1,p,0.0001693352974403797,0.00038458758500785833,0.00011450210531154583,0.0001433630897223534,5.4833192128833874e-05,0.00024122449528550492,0.2468359522790033,NOT_DEFINED
LEARNED_COMPLEX_WAVE_BACKFIT_ORACLE,scattered,12,top,-1,-1,s,-0.00016346055874571166,-0.0002570658448500793,-0.00016753172947578341,-0.00027805078620911914,4.0711707300717585e-06,2.098494135903986e-05,0.2468359522790033,NOT_DEFINED
LEARNED_COMPLEX_WAVE_BACKFIT_ORACLE,scattered,13,top,-1,-1,p,0.0003240777365946501,-0.0007538466631766799,-0.00012312018254764134,-0.00020515373533901306,0.00044719791914229145,-0.0005486929278376669,0.2468359522790033,NOT_DEFINED
LEARNED_COMPLEX_WAVE_BACKFIT_ORACLE,scattered,14,top,-1,0,s,-0.001113723274596412,0.0012930857145970018,-0.0010285581087378939,0.0013279322632823076,-8.516516585851822e-05,-3.484654868530579e-05,0.2468359522790033,NOT_DEFINED
LEARNED_COMPLEX_WAVE_BACKFIT_ORACLE,scattered,15,top,-1,0,p,2.6397017281353047e-05,3.247649893684197e-05,1.0695710033665002e-15,-1.898478834981676e-15,2.6397017280283475e-05,3.2476498938740447e-05,0.2468359522790033,NOT_DEFINED
LEARNED_COMPLEX_WAVE_BACKFIT_ORACLE,scattered,16,top,-1,1,s,-0.00017868487478640537,-0.00020996944143870892,-0.00016753172947527734,-0.00027805078621216526,-1.1153145311128032e-05,6.808134477345634e-05,0.2468359522790033,NOT_DEFINED
LEARNED_COMPLEX_WAVE_BACKFIT_ORACLE,scattered,17,top,-1,1,p,0.00014854212891992117,-0.00035516073922082613,0.00012312018254903858,0.0002051537353391292,2.5421946370882592e-05,-0.0005603144745599554,0.2468359522790033,NOT_DEFINED
LEARNED_COMPLEX_WAVE_BACKFIT_ORACLE,scattered,18,top,0,0,s,-0.01926826132392538,0.2092684149757021,-0.01927337511042978,0.20927155222279603,5.113786504397366e-06,-3.1372470939428077e-06,0.2468359522790033,NOT_DEFINED
LEARNED_COMPLEX_WAVE_BACKFIT_ORACLE,scattered,19,top,0,0,p,-0.00020596340709418083,-0.0001742140430709754,1.1185579377514874e-13,-3.735624544869974e-15,-0.0002059634072060366,-0.00017421404306723978,0.2468359522790033,NOT_DEFINED
LEARNED_COMPLEX_WAVE_BACKFIT_ORACLE,scattered,20,bottom,-3,-1,s,2.322604648378045e-05,5.160999656754417e-05,-4.909306826320045e-06,0.00011217325597253238,2.8135353310100493e-05,-6.056325940498821e-05,0.2468359522790033,NOT_DEFINED
LEARNED_COMPLEX_WAVE_BACKFIT_ORACLE,scattered,21,bottom,-3,-1,p,-0.00010872912270565648,-0.00023335403561122793,-1.5732873804033325e-06,7.928198517251764e-05,-0.00010715583532525314,-0.0003126360207837456,0.2468359522790033,NOT_DEFINED
LEARNED_COMPLEX_WAVE_BACKFIT_ORACLE,scattered,22,bottom,-3,0,s,-0.0005097222694193406,-5.63078248697635e-05,-0.0004924362020247152,-0.0001736752134377082,-1.72860673946254e-05,0.0001173673885679447,0.2468359522790033,NOT_DEFINED
LEARNED_COMPLEX_WAVE_BACKFIT_ORACLE,scattered,23,bottom,-3,0,p,1.6220924875023874e-05,-2.5420337514798104e-06,-1.3274970028758873e-16,2.3198170478591657e-16,1.6220924875156625e-05,-2.542033751711792e-06,0.2468359522790033,NOT_DEFINED
LEARNED_COMPLEX_WAVE_BACKFIT_ORACLE,scattered,24,bottom,-3,1,s,-4.696489788729238e-05,0.00011607362252574657,-4.9093068289528565e-06,0.00011217325597378981,-4.205559105833952e-05,3.900366551956756e-06,0.2468359522790033,NOT_DEFINED
LEARNED_COMPLEX_WAVE_BACKFIT_ORACLE,scattered,25,bottom,-3,1,p,0.00041729849958569055,-0.00038060028001308074,1.5732873796878703e-06,-7.928198517485518e-05,0.0004157252122060027,-0.0003013182948382256,0.2468359522790033,NOT_DEFINED
LEARNED_COMPLEX_WAVE_BACKFIT_ORACLE,scattered,26,bottom,-2,-1,s,-9.240940120175145e-06,-3.764270375024697e-05,7.745485652971132e-07,2.471734525870588e-06,-1.0015488685472258e-05,-4.0114438276117556e-05,0.2468359522790033,NOT_DEFINED
LEARNED_COMPLEX_WAVE_BACKFIT_ORACLE,scattered,27,bottom,-2,-1,p,0.00018362246673275906,0.00028141263296714596,-3.630225008417886e-05,0.00018832341315366003,0.00021992471681693792,9.308921981348594e-05,0.2468359522790033,NOT_DEFINED
LEARNED_COMPLEX_WAVE_BACKFIT_ORACLE,scattered,28,bottom,-2,0,s,-0.00017654279343706599,2.3742644232754356e-05,-0.00018404130862069833,1.7489532595272983e-05,7.498515183632342e-06,6.253111637481373e-06,0.2468359522790033,NOT_DEFINED
LEARNED_COMPLEX_WAVE_BACKFIT_ORACLE,scattered,29,bottom,-2,0,p,2.3836023322046736e-06,6.51390073459166e-06,-1.953215047833636e-16,3.0838854490696276e-16,2.383602332399995e-06,6.5139007342832715e-06,0.2468359522790033,NOT_DEFINED
LEARNED_COMPLEX_WAVE_BACKFIT_ORACLE,scattered,30,bottom,-2,1,s,-4.5806183459582305e-05,1.0314090971350412e-05,7.745485660026087e-07,2.4717345262717774e-06,-4.6580732025584915e-05,7.842356445078635e-06,0.2468359522790033,NOT_DEFINED
LEARNED_COMPLEX_WAVE_BACKFIT_ORACLE,scattered,31,bottom,-2,1,p,-0.0003053229944119907,-4.9114673164763296e-05,3.630225008296777e-05,-0.00018832341315285628,-0.0003416252444949585,0.00013920873998809298,0.2468359522790033,NOT_DEFINED
LEARNED_COMPLEX_WAVE_BACKFIT_ORACLE,scattered,32,bottom,-1,-1,s,-0.0002433725495364239,3.702479434978322e-05,-0.00033718347041335536,-1.666806024013619e-05,9.381092087693146e-05,5.3692854589919406e-05,0.2468359522790033,NOT_DEFINED
LEARNED_COMPLEX_WAVE_BACKFIT_ORACLE,scattered,33,bottom,-1,-1,p,-1.9975073026544048e-05,0.000201747992514933,0.00024799923661753275,8.609260274615205e-06,-0.0002679743096440768,0.0001931387322403178,0.2468359522790033,NOT_DEFINED
LEARNED_COMPLEX_WAVE_BACKFIT_ORACLE,scattered,34,bottom,-1,0,s,-0.0011631161049001058,-0.0008049349067020341,-0.0011348134234954131,-0.00088619762079417,-2.8302681404692668e-05,8.126271409213592e-05,0.2468359522790033,NOT_DEFINED
LEARNED_COMPLEX_WAVE_BACKFIT_ORACLE,scattered,35,bottom,-1,0,p,-1.9965032822134407e-05,-3.557200980004175e-05,-4.465027736885759e-16,-2.0865938982257457e-16,-1.9965032821687906e-05,-3.557200979983309e-05,0.2468359522790033,NOT_DEFINED
LEARNED_COMPLEX_WAVE_BACKFIT_ORACLE,scattered,36,bottom,-1,1,s,-0.0003023632782275011,2.323246573249133e-07,-0.00033718347041209747,-1.666806024128843e-05,3.4820192184596384e-05,1.6900384898613342e-05,0.2468359522790033,NOT_DEFINED
LEARNED_COMPLEX_WAVE_BACKFIT_ORACLE,scattered,37,bottom,-1,1,p,-0.0006542998269614063,0.0005263471953477774,-0.00024799923661679776,-8.609260275598644e-06,-0.0004063005903446085,0.000534956455623376,0.2468359522790033,NOT_DEFINED
LEARNED_COMPLEX_WAVE_BACKFIT_ORACLE,scattered,38,bottom,0,0,s,-0.0416160641707506,0.12256797705571723,-0.041607545586981674,0.12257388541158544,-8.518583768928056e-06,-5.908355868208814e-06,0.2468359522790033,NOT_DEFINED
LEARNED_COMPLEX_WAVE_BACKFIT_ORACLE,scattered,39,bottom,0,0,p,1.8280585363670385e-05,-2.8092024279126366e-05,2.6658179463359154e-15,5.966790876859179e-15,1.8280585361004566e-05,-2.8092024285093157e-05,0.2468359522790033,NOT_DEFINED
LEARNED_COMPLEX_WAVE_BACKFIT_ORACLE,outgoing,0,top,-3,-1,s,-3.357401829990369e-05,1.9995290195844345e-05,-9.195140170809825e-05,5.576925993858354e-05,5.8377383408194564e-05,-3.577396974273919e-05,0.9130801710515086,NOT_DEFINED
LEARNED_COMPLEX_WAVE_BACKFIT_ORACLE,outgoing,1,top,-3,-1,p,-7.443628837618818e-05,0.00038600674936184833,6.491873565175626e-05,-4.0080513039853855e-05,-0.00013935502402794443,0.00042608726240170216,0.9130801710515086,NOT_DEFINED
LEARNED_COMPLEX_WAVE_BACKFIT_ORACLE,outgoing,2,top,-3,0,s,-0.0002148340691065573,0.00042153956036783706,-0.0001921902009470994,0.00048817928501632254,-2.2643868159457904e-05,-6.663972464848549e-05,0.9130801710515086,NOT_DEFINED
LEARNED_COMPLEX_WAVE_BACKFIT_ORACLE,outgoing,3,top,-3,0,p,4.597302544117077e-06,-5.7308825691939606e-05,1.2553482268998042e-15,3.668039838538298e-15,4.597302542861728e-06,-5.7308825695607645e-05,0.9130801710515086,NOT_DEFINED
LEARNED_COMPLEX_WAVE_BACKFIT_ORACLE,outgoing,4,top,-3,1,s,-5.200175657535975e-05,3.794656487062339e-05,-9.195140170915746e-05,5.576925994137385e-05,3.9949645133797715e-05,-1.782269507075046e-05,0.9130801710515086,NOT_DEFINED
LEARNED_COMPLEX_WAVE_BACKFIT_ORACLE,outgoing,5,top,-3,1,p,0.0001737867774089819,-0.00011256076203311947,-6.491873565012055e-05,4.0080513039672495e-05,0.00023870551305910244,-0.00015264127507279198,0.9130801710515086,NOT_DEFINED
LEARNED_COMPLEX_WAVE_BACKFIT_ORACLE,outgoing,6,top,-2,-1,s,-4.639580091299496e-06,3.0083491791736027e-05,2.344516502433825e-06,9.65817440460633e-07,-6.984096593733321e-06,2.9117674351275395e-05,0.9130801710515086,NOT_DEFINED
LEARNED_COMPLEX_WAVE_BACKFIT_ORACLE,outgoing,7,top,-2,-1,p,-0.00025789180059116823,0.00012194365169505765,-0.00011450210530953003,-0.00014336308972240936,-0.0001433896952816382,0.000265306741417467,0.9130801710515086,NOT_DEFINED
LEARNED_COMPLEX_WAVE_BACKFIT_ORACLE,outgoing,8,top,-2,0,s,0.00014930147662700068,-5.8174836749809634e-05,0.00016425932553326252,-5.6207388544626634e-05,-1.495784890626184e-05,-1.967448205183e-06,0.9130801710515086,NOT_DEFINED
LEARNED_COMPLEX_WAVE_BACKFIT_ORACLE,outgoing,9,top,-2,0,p,2.9840635774296853e-06,6.019756262565224e-06,-1.731002669799771e-16,1.1404235647096274e-15,2.9840635776027853e-06,6.0197562614248e-06,0.9130801710515086,NOT_DEFINED
LEARNED_COMPLEX_WAVE_BACKFIT_ORACLE,outgoing,10,top,-2,1,s,-4.588568786639212e-05,-1.950754792013467e-05,2.3445165013757525e-06,9.658174394089157e-07,-4.823020436776787e-05,-2.0473365359543586e-05,0.9130801710515086,NOT_DEFINED
LEARNED_COMPLEX_WAVE_BACKFIT_ORACLE,outgoing,11,top,-2,1,p,0.00016933529744039036,0.000384587585007851,0.0001145021053115565,0.0001433630897223461,5.483319212883386e-05,0.00024122449528550492,0.9130801710515086,NOT_DEFINED
LEARNED_COMPLEX_WAVE_BACKFIT_ORACLE,outgoing,12,top,-1,-1,s,-0.00016346055874575613,-0.00025706584485008904,-0.0001675317294758279,-0.0002780507862091289,4.0711707300717585e-06,2.098494135903986e-05,0.9130801710515086,NOT_DEFINED
LEARNED_COMPLEX_WAVE_BACKFIT_ORACLE,outgoing,13,top,-1,-1,p,0.0003240777365946348,-0.0007538466631767168,-0.00012312018254765662,-0.00020515373533905003,0.00044719791914229145,-0.0005486929278376669,0.9130801710515086,NOT_DEFINED
LEARNED_COMPLEX_WAVE_BACKFIT_ORACLE,outgoing,14,top,-1,0,s,-0.0011137232745968236,0.0012930857145971736,-0.0010285581087383054,0.0013279322632824794,-8.516516585851822e-05,-3.484654868530579e-05,0.9130801710515086,NOT_DEFINED
LEARNED_COMPLEX_WAVE_BACKFIT_ORACLE,outgoing,15,top,-1,0,p,2.6397017281353047e-05,3.247649893684197e-05,1.0695710033665002e-15,-1.898478834981676e-15,2.6397017280283475e-05,3.2476498938740447e-05,0.9130801710515086,NOT_DEFINED
LEARNED_COMPLEX_WAVE_BACKFIT_ORACLE,outgoing,16,top,-1,1,s,-0.00017868487478640713,-0.0002099694414387262,-0.0001675317294752791,-0.00027805078621218255,-1.1153145311128032e-05,6.808134477345634e-05,0.9130801710515086,NOT_DEFINED
LEARNED_COMPLEX_WAVE_BACKFIT_ORACLE,outgoing,17,top,-1,1,p,0.00014854212891992526,-0.0003551607392208068,0.00012312018254904267,0.00020515373533914856,2.5421946370882592e-05,-0.0005603144745599554,0.9130801710515086,NOT_DEFINED
LEARNED_COMPLEX_WAVE_BACKFIT_ORACLE,outgoing,18,top,0,0,s,-0.9004584680007449,-0.03771462540491971,-0.9004635817872493,-0.03771148815782577,5.113786504362672e-06,-3.1372470939428077e-06,0.9130801710515086,NOT_DEFINED
LEARNED_COMPLEX_WAVE_BACKFIT_ORACLE,outgoing,19,top,0,0,p,-0.00020596340709407121,-0.00017421404307245433,1.1196540890151039e-13,-5.214558791588342e-15,-0.0002059634072060366,-0.00017421404306723978,0.9130801710515086,NOT_DEFINED
LEARNED_COMPLEX_WAVE_BACKFIT_ORACLE,outgoing,20,bottom,-3,-1,s,2.3226046483780517e-05,5.160999656754237e-05,-4.909306826319978e-06,0.00011217325597253058,2.8135353310100496e-05,-6.056325940498821e-05,0.9130801710515086,NOT_DEFINED
LEARNED_COMPLEX_WAVE_BACKFIT_ORACLE,outgoing,21,bottom,-3,-1,p,-0.00010872912270565286,-0.0002333540356112351,-1.5732873803997091e-06,7.928198517251047e-05,-0.00010715583532525315,-0.0003126360207837455,0.9130801710515086,NOT_DEFINED
LEARNED_COMPLEX_WAVE_BACKFIT_ORACLE,outgoing,22,bottom,-3,0,s,-0.0005097222694193383,-5.630782486968962e-05,-0.0004924362020247129,-0.0001736752134376343,-1.72860673946254e-05,0.00011736738856794468,0.9130801710515086,NOT_DEFINED
LEARNED_COMPLEX_WAVE_BACKFIT_ORACLE,outgoing,23,bottom,-3,0,p,1.6220924875023874e-05,-2.5420337514798104e-06,-1.3274970028758873e-16,2.3198170478591657e-16,1.6220924875156625e-05,-2.542033751711792e-06,0.9130801710515086,NOT_DEFINED
LEARNED_COMPLEX_WAVE_BACKFIT_ORACLE,outgoing,24,bottom,-3,1,s,-4.6964897887291176e-05,0.00011607362252574745,-4.909306828951654e-06,0.00011217325597379069,-4.205559105833952e-05,3.900366551956756e-06,0.9130801710515086,NOT_DEFINED
LEARNED_COMPLEX_WAVE_BACKFIT_ORACLE,outgoing,25,bottom,-3,1,p,0.0004172984995856819,-0.0003806002800130806,1.5732873796791848e-06,-7.9281985174855e-05,0.0004157252122060027,-0.0003013182948382256,0.9130801710515086,NOT_DEFINED
LEARNED_COMPLEX_WAVE_BACKFIT_ORACLE,outgoing,26,bottom,-2,-1,s,-9.240940120175145e-06,-3.764270375024697e-05,7.745485652971132e-07,2.4717345258705883e-06,-1.0015488685472258e-05,-4.011443827611756e-05,0.9130801710515086,NOT_DEFINED
LEARNED_COMPLEX_WAVE_BACKFIT_ORACLE,outgoing,27,bottom,-2,-1,p,0.00018362246673276592,0.00028141263296715025,-3.630225008417201e-05,0.0001883234131536643,0.00021992471681693792,9.308921981348594e-05,0.9130801710515086,NOT_DEFINED
LEARNED_COMPLEX_WAVE_BACKFIT_ORACLE,outgoing,28,bottom,-2,0,s,-0.00017654279343705024,2.3742644232712337e-05,-0.00018404130862068258,1.7489532595230964e-05,7.498515183632342e-06,6.253111637481373e-06,0.9130801710515086,NOT_DEFINED
LEARNED_COMPLEX_WAVE_BACKFIT_ORACLE,outgoing,29,bottom,-2,0,p,2.3836023322046736e-06,6.51390073459166e-06,-1.953215047833636e-16,3.0838854490696276e-16,2.383602332399995e-06,6.5139007342832715e-06,0.9130801710515086,NOT_DEFINED
LEARNED_COMPLEX_WAVE_BACKFIT_ORACLE,outgoing,30,bottom,-2,1,s,-4.5806183459582305e-05,1.0314090971350414e-05,7.745485660026084e-07,2.4717345262717786e-06,-4.6580732025584915e-05,7.842356445078635e-06,0.9130801710515086,NOT_DEFINED
LEARNED_COMPLEX_WAVE_BACKFIT_ORACLE,outgoing,31,bottom,-2,1,p,-0.000305322994411983,-4.9114673164774944e-05,3.630225008297548e-05,-0.00018832341315286793,-0.0003416252444949585,0.00013920873998809298,0.9130801710515086,NOT_DEFINED
LEARNED_COMPLEX_WAVE_BACKFIT_ORACLE,outgoing,32,bottom,-1,-1,s,-0.00024337254953642383,3.702479434977889e-05,-0.00033718347041335526,-1.6668060240140516e-05,9.381092087693143e-05,5.3692854589919406e-05,0.9130801710515086,NOT_DEFINED
LEARNED_COMPLEX_WAVE_BACKFIT_ORACLE,outgoing,33,bottom,-1,-1,p,-1.9975073026526582e-05,0.0002017479925149411,0.0002479992366175502,8.609260274623294e-06,-0.0002679743096440768,0.00019313873224031778,0.9130801710515086,NOT_DEFINED
LEARNED_COMPLEX_WAVE_BACKFIT_ORACLE,outgoing,34,bottom,-1,0,s,-0.0011631161049000915,-0.0008049349067020446,-0.0011348134234953988,-0.0008861976207941805,-2.8302681404692668e-05,8.126271409213592e-05,0.9130801710515086,NOT_DEFINED
LEARNED_COMPLEX_WAVE_BACKFIT_ORACLE,outgoing,35,bottom,-1,0,p,-1.9965032822134407e-05,-3.557200980004175e-05,-4.465027736885759e-16,-2.0865938982257457e-16,-1.9965032821687906e-05,-3.557200979983309e-05,0.9130801710515086,NOT_DEFINED
LEARNED_COMPLEX_WAVE_BACKFIT_ORACLE,outgoing,36,bottom,-1,1,s,-0.00030236327822750266,2.3232465732692434e-07,-0.00033718347041209904,-1.6668060241286416e-05,3.4820192184596384e-05,1.6900384898613342e-05,0.9130801710515086,NOT_DEFINED
LEARNED_COMPLEX_WAVE_BACKFIT_ORACLE,outgoing,37,bottom,-1,1,p,-0.0006542998269614125,0.0005263471953477731,-0.000247999236616804,-8.609260275602887e-06,-0.00040630059034460855,0.000534956455623376,0.9130801710515086,NOT_DEFINED
LEARNED_COMPLEX_WAVE_BACKFIT_ORACLE,outgoing,38,bottom,0,0,s,0.07718098384405285,-0.124480662717008,0.07718950242782177,-0.12447475436113979,-8.518583768921117e-06,-5.908355868208814e-06,0.9130801710515086,NOT_DEFINED
LEARNED_COMPLEX_WAVE_BACKFIT_ORACLE,outgoing,39,bottom,0,0,p,1.8280585363421327e-05,-2.8092024279367977e-05,2.4167599005431038e-15,5.725178855579965e-15,1.8280585361004566e-05,-2.8092024285093157e-05,0.9130801710515086,NOT_DEFINED
LEARNED_COMPLEX_WAVE_BACKFIT_ORACLE,boundary_outgoing,0,top,-3,-1,s,-2.875652902961506e-05,2.645918315041496e-05,-7.855082196187339e-05,7.345092919286605e-05,4.979429293225833e-05,-4.6991746042451094e-05,0.9095181214967073,NOT_DEFINED
LEARNED_COMPLEX_WAVE_BACKFIT_ORACLE,boundary_outgoing,1,top,-3,-1,p,6.356336271167644e-06,0.0003930668754414848,5.531274235513715e-05,-5.254893240889601e-05,-4.895640608396951e-05,0.0004456158078503808,0.9095181214967073,NOT_DEFINED
LEARNED_COMPLEX_WAVE_BACKFIT_ORACLE,boundary_outgoing,2,top,-3,0,s,0.0002545304332106546,-0.0003988277031170063,0.0002384264874377627,-0.00046734237743567054,1.610394577289192e-05,6.851467431866426e-05,0.9095181214967073,NOT_DEFINED
LEARNED_COMPLEX_WAVE_BACKFIT_ORACLE,boundary_outgoing,3,top,-3,0,p,-1.0109047771767183e-05,5.659720705140309e-05,-8.953304260694988e-16,-3.7721080122444466e-15,-1.0109047770871852e-05,5.65972070551752e-05,0.9095181214967073,NOT_DEFINED
LEARNED_COMPLEX_WAVE_BACKFIT_ORACLE,boundary_outgoing,4,top,-3,1,s,-4.310852243868813e-05,4.780982917305313e-05,-7.855082196233748e-05,7.345092919581435e-05,3.544229952364935e-05,-2.564110002276122e-05,0.9095181214967073,NOT_DEFINED
LEARNED_COMPLEX_WAVE_BACKFIT_ORACLE,boundary_outgoing,5,top,-3,1,p,0.0001469911223408004,-0.00014582653772433681,-5.5312742353573465e-05,5.2548932408382856e-05,0.00020230386469437386,-0.00019837547013271968,0.9095181214967073,NOT_DEFINED
LEARNED_COMPLEX_WAVE_BACKFIT_ORACLE,boundary_outgoing,6,top,-2,-1,s,-2.6790516298872737e-05,-1.4450273985183319e-05,-1.6954805776036832e-06,1.8854459868824524e-06,-2.5095035721269055e-05,-1.633571997206577e-05,0.9095181214967073,NOT_DEFINED
LEARNED_COMPLEX_WAVE_BACKFIT_ORACLE,boundary_outgoing,7,top,-2,-1,p,-2.8495207849028998e-05,-0.00028384231208634323,0.00017343931198744156,-5.9854094867379096e-05,-0.00020193451983647055,-0.00022398821721896414,0.9095181214967073,NOT_DEFINED
LEARNED_COMPLEX_WAVE_BACKFIT_ORACLE,boundary_outgoing,8,top,-2,0,s,-5.817485579035793e-05,-0.0001493014692079113,-5.6207409492762594e-05,-0.00016425931836508344,-1.9674462975953393e-06,1.4957849157172135e-05,0.9095181214967073,NOT_DEFINED
LEARNED_COMPLEX_WAVE_BACKFIT_ORACLE,boundary_outgoing,9,top,-2,0,p,6.019755882004919e-06,-2.9840643451344776e-06,1.1404235867852477e-15,1.7310012154075433e-16,6.019755880864495e-06,-2.9840643453075777e-06,0.9095181214967073,NOT_DEFINED
LEARNED_COMPLEX_WAVE_BACKFIT_ORACLE,boundary_outgoing,10,top,-2,1,s,3.3753177217415236e-05,-3.669828067577658e-05,-1.6954805762582626e-06,1.885445986237883e-06,3.54486577936735e-05,-3.858372666201446e-05,0.9095181214967073,NOT_DEFINED
LEARNED_COMPLEX_WAVE_BACKFIT_ORACLE,boundary_outgoing,11,top,-2,1,p,-0.00041909364475814574,3.070130982107484e-05,-0.00017343931198806085,5.9854094869309646e-05,-0.0002456543327700849,-2.915278504823481e-05,0.9095181214967073,NOT_DEFINED
LEARNED_COMPLEX_WAVE_BACKFIT_ORACLE,boundary_outgoing,12,top,-1,-1,s,-0.000212070470101176,-0.0002186968645523549,-0.00022030138827274493,-0.0002384248695454775,8.230918171568934e-06,1.9728004993122586e-05,0.9095181214967073,NOT_DEFINED
LEARNED_COMPLEX_WAVE_BACKFIT_ORACLE,boundary_outgoing,13,top,-1,-1,p,0.0001649279472166949,-0.0008038096436133738,-0.00016206524324860404,-0.0001760155998907599,0.00032699319046529895,-0.000627794043722614,0.9095181214967073,NOT_DEFINED
LEARNED_COMPLEX_WAVE_BACKFIT_ORACLE,boundary_outgoing,14,top,-1,0,s,0.0012356472851248038,-0.0011771261548524255,0.0011543275989399616,-0.0012201900152203147,8.131968618484229e-05,4.3063860367889215e-05,0.9095181214967073,NOT_DEFINED
LEARNED_COMPLEX_WAVE_BACKFIT_ORACLE,boundary_outgoing,15,top,-1,0,p,-2.3070573651255236e-05,-3.491810613347689e-05,-1.2513260214317444e-15,1.783924663825131e-15,-2.307057365000391e-05,-3.491810613526082e-05,0.9095181214967073,NOT_DEFINED
LEARNED_COMPLEX_WAVE_BACKFIT_ORACLE,boundary_outgoing,16,top,-1,1,s,-0.00021745571435799333,-0.00016949472885190113,-0.00022030138827282503,-0.00023842486954857905,2.845673914831699e-06,6.893014069667792e-05,0.9095181214967073,NOT_DEFINED
LEARNED_COMPLEX_WAVE_BACKFIT_ORACLE,boundary_outgoing,17,top,-1,1,p,7.364725094407342e-05,-0.00037786240508459463,0.00016206524324998136,0.0001760155998905761,-8.841799230590794e-05,-0.0005538780049751707,0.9095181214967073,NOT_DEFINED
LEARNED_COMPLEX_WAVE_BACKFIT_ORACLE,boundary_outgoing,18,top,0,0,s,-0.8767363826235675,-0.20876101395572774,-0.8767420008873494,-0.208758909616445,5.61826378198127e-06,-2.1043392827435614e-06,0.9095181214967073,NOT_DEFINED
LEARNED_COMPLEX_WAVE_BACKFIT_ORACLE,boundary_outgoing,19,top,0,0,p,-0.00016895596635041712,-0.00021029821516134128,1.109046864019619e-13,1.6235607409513206e-14,-0.00016895596646132182,-0.00021029821517757689,0.9095181214967073,NOT_DEFINED
LEARNED_COMPLEX_WAVE_BACKFIT_ORACLE,boundary_outgoing,20,bottom,-3,-1,s,-2.3196919125939044e-05,5.084833556728372e-05,-8.648303367237041e-05,6.939127777564956e-05,6.328611454643137e-05,-1.8542942208365832e-05,0.9095181214967073,NOT_DEFINED
LEARNED_COMPLEX_WAVE_BACKFIT_ORACLE,boundary_outgoing,21,bottom,-3,-1,p,0.00010246719629722681,-0.00023266688450173338,-5.9889780695573525e-05,5.0452604324837186e-05,0.00016235697699280033,-0.00028311948882657055,0.9095181214967073,NOT_DEFINED
LEARNED_COMPLEX_WAVE_BACKFIT_ORACLE,boundary_outgoing,22,bottom,-3,0,s,-5.661640123564947e-05,-0.0005056206702236155,6.074845422874771e-05,-0.0005144750722767751,-0.00011736485546439718,8.854402053159625e-06,0.9095181214967073,NOT_DEFINED
LEARNED_COMPLEX_WAVE_BACKFIT_ORACLE,boundary_outgoing,23,bottom,-3,0,p,5.9963895614260716e-06,1.514564089900844e-05,-2.5346697492730613e-16,-7.791468315616378e-17,5.9963895616795386e-06,1.5145640899086355e-05,0.9095181214967073,NOT_DEFINED
LEARNED_COMPLEX_WAVE_BACKFIT_ORACLE,boundary_outgoing,24,bottom,-3,1,s,-0.00011676150669768244,4.0705319284879125e-05,-8.648303367501951e-05,6.939127777451605e-05,-3.0278473022662933e-05,-2.8685958489636924e-05,0.9095181214967073,NOT_DEFINED
LEARNED_COMPLEX_WAVE_BACKFIT_ORACLE,boundary_outgoing,25,bottom,-3,1,p,0.0005542929920835907,6.202642518558104e-05,5.9889780696845165e-05,-5.0452604326898695e-05,0.0004944032113867455,0.00011247902951247975,0.9095181214967073,NOT_DEFINED
LEARNED_COMPLEX_WAVE_BACKFIT_ORACLE,boundary_outgoing,26,bottom,-2,-1,s,3.0492964999065037e-05,-2.3347303266033063e-05,-1.935589521620524e-06,1.6853186586884327e-06,3.242855452068556e-05,-2.5032621924721497e-05,0.9095181214967073,NOT_DEFINED
LEARNED_COMPLEX_WAVE_BACKFIT_ORACLE,boundary_outgoing,27,bottom,-2,-1,p,-0.00018244214013106612,0.00027849972502266287,-0.0001853545253180435,4.1894719858193056e-05,2.9123851869773817e-06,0.00023660500516446982,0.9095181214967073,NOT_DEFINED
LEARNED_COMPLEX_WAVE_BACKFIT_ORACLE,boundary_outgoing,28,bottom,-2,0,s,-2.524094345512829e-05,-0.00017510827060565558,-1.910128656019509e-05,-0.00018261418318362527,-6.1396568949332e-06,7.5059125779696975e-06,0.9095181214967073,NOT_DEFINED
LEARNED_COMPLEX_WAVE_BACKFIT_ORACLE,boundary_outgoing,29,bottom,-2,0,p,-6.4467856674149805e-06,2.428542878613778e-06,-3.081108181661143e-16,-1.9107978283180129e-16,-6.44678566710687e-06,2.4285428788048575e-06,0.9095181214967073,NOT_DEFINED
LEARNED_COMPLEX_WAVE_BACKFIT_ORACLE,boundary_outgoing,30,bottom,-2,1,s,-2.756565765620548e-05,-3.747586093406508e-05,-1.9355895217042767e-06,1.6853186594882002e-06,-2.56300681345012e-05,-3.9161179593553286e-05,0.9095181214967073,NOT_DEFINED
LEARNED_COMPLEX_WAVE_BACKFIT_ORACLE,boundary_outgoing,31,bottom,-2,1,p,-7.676386619878627e-05,-0.00029663833172629856,0.00018535452531684516,-4.189471985896257e-05,-0.0002621183915156314,-0.00025474361186733597,0.9095181214967073,NOT_DEFINED
LEARNED_COMPLEX_WAVE_BACKFIT_ORACLE,boundary_outgoing,32,bottom,-1,-1,s,-0.00018588289473571193,-0.00015667575557351155,-0.00020705147255067278,-0.00026129824663100645,2.1168577814960847e-05,0.0001046224910574949,0.9095181214967073,NOT_DEFINED
LEARNED_COMPLEX_WAVE_BACKFIT_ORACLE,boundary_outgoing,33,bottom,-1,-1,p,-0.00016285247077877139,0.0001164564862010031,0.00015499807170421564,0.00018981004150854804,-0.000317850542482987,-7.335355530754494e-05,0.9095181214967073,NOT_DEFINED
LEARNED_COMPLEX_WAVE_BACKFIT_ORACLE,boundary_outgoing,34,bottom,-1,0,s,0.000525887796087252,-0.0013010725814234594,0.0006107069086373302,-0.0012913701554319347,-8.481911255007828e-05,-9.702425991524712e-06,0.9095181214967073,NOT_DEFINED
LEARNED_COMPLEX_WAVE_BACKFIT_ORACLE,boundary_outgoing,35,bottom,-1,0,p,3.00845398129055e-05,-2.7069668342473813e-05,1.0475495179447351e-16,-4.776152653530708e-16,3.0084539812800747e-05,-2.70696683419962e-05,0.9095181214967073,NOT_DEFINED
LEARNED_COMPLEX_WAVE_BACKFIT_ORACLE,boundary_outgoing,36,bottom,-1,1,s,-0.00019694436895947352,-0.00022443630046720665,-0.00020705147254900414,-0.0002612982466308191,1.010710358953062e-05,3.686194616361245e-05,0.9095181214967073,NOT_DEFINED
LEARNED_COMPLEX_WAVE_BACKFIT_ORACLE,boundary_outgoing,37,bottom,-1,1,p,-0.0008167617304213762,-0.00014346077493807688,-0.0001549980717030024,-0.00018981004150863128,-0.0006617636587183738,4.6349266570554394e-05,0.9095181214967073,NOT_DEFINED
LEARNED_COMPLEX_WAVE_BACKFIT_ORACLE,boundary_outgoing,38,bottom,0,0,s,0.07049494989258538,-0.09995307575606738,0.07050175899447489,-0.09994772920440079,-6.80910188950723e-06,-5.346551666590704e-06,0.9095181214967073,NOT_DEFINED
LEARNED_COMPLEX_WAVE_BACKFIT_ORACLE,boundary_outgoing,39,bottom,0,0,p,1.6628159935452357e-05,-2.251412359075584e-05,1.7315585978917311e-15,4.892126973773713e-15,1.66281599337208e-05,-2.2514123595647966e-05,0.9095181214967073,NOT_DEFINED
LEARNED_COMPLEX_WAVE_BACKFIT_ORACLE_PRODUCER,total,0,top,-3,-1,s,-3.3574018300154944e-05,1.9995290195838308e-05,-9.195140170809825e-05,5.576925993858354e-05,5.837738340794331e-05,-3.577396974274523e-05,0.4382342339399896,NOT_DEFINED
LEARNED_COMPLEX_WAVE_BACKFIT_ORACLE_PRODUCER,total,1,top,-3,-1,p,-7.443628837548139e-05,0.0003860067493618134,6.491873565175626e-05,-4.0080513039853855e-05,-0.00013935502402723763,0.00042608726240166725,0.4382342339399896,NOT_DEFINED
LEARNED_COMPLEX_WAVE_BACKFIT_ORACLE_PRODUCER,total,2,top,-3,0,s,-0.00021483406910956276,0.0004215395603665451,-0.0001921902009470994,0.00048817928501632254,-2.2643868162463366e-05,-6.663972464977742e-05,0.4382342339399896,NOT_DEFINED
LEARNED_COMPLEX_WAVE_BACKFIT_ORACLE_PRODUCER,total,3,top,-3,0,p,4.5973025441918995e-06,-5.730882569114124e-05,1.2553482268998042e-15,3.668039838538298e-15,4.597302542936551e-06,-5.730882569480928e-05,0.4382342339399896,NOT_DEFINED
LEARNED_COMPLEX_WAVE_BACKFIT_ORACLE_PRODUCER,total,4,top,-3,1,s,-5.200175657520717e-05,3.794656487051812e-05,-9.195140170915746e-05,5.576925994137385e-05,3.994964513395029e-05,-1.782269507085573e-05,0.4382342339399896,NOT_DEFINED
LEARNED_COMPLEX_WAVE_BACKFIT_ORACLE_PRODUCER,total,5,top,-3,1,p,0.00017378677740937293,-0.00011256076203351854,-6.491873565012055e-05,4.0080513039672495e-05,0.00023870551305949346,-0.00015264127507319102,0.4382342339399896,NOT_DEFINED
LEARNED_COMPLEX_WAVE_BACKFIT_ORACLE_PRODUCER,total,6,top,-2,-1,s,-4.639580091312616e-06,3.0083491791755773e-05,2.344516502433825e-06,9.65817440460633e-07,-6.984096593746441e-06,2.911767435129514e-05,0.4382342339399896,NOT_DEFINED
LEARNED_COMPLEX_WAVE_BACKFIT_ORACLE_PRODUCER,total,7,top,-2,-1,p,-0.0002578918005914847,0.00012194365169402148,-0.00011450210530953003,-0.00014336308972240936,-0.00014338969528195468,0.00026530674141643084,0.4382342339399896,NOT_DEFINED
LEARNED_COMPLEX_WAVE_BACKFIT_ORACLE_PRODUCER,total,8,top,-2,0,s,0.0001493014766254956,-5.8174836746760126e-05,0.00016425932553326252,-5.6207388544626634e-05,-1.495784890776693e-05,-1.9674482021334917e-06,0.4382342339399896,NOT_DEFINED
LEARNED_COMPLEX_WAVE_BACKFIT_ORACLE_PRODUCER,total,9,top,-2,0,p,2.984063578052488e-06,6.019756262121746e-06,-1.731002669799771e-16,1.1404235647096274e-15,2.984063578225588e-06,6.019756260981322e-06,0.4382342339399896,NOT_DEFINED
LEARNED_COMPLEX_WAVE_BACKFIT_ORACLE_PRODUCER,total,10,top,-2,1,s,-4.588568786642208e-05,-1.9507547920205977e-05,2.3445165013757525e-06,9.658174394089157e-07,-4.823020436779783e-05,-2.0473365359614892e-05,0.4382342339399896,NOT_DEFINED
LEARNED_COMPLEX_WAVE_BACKFIT_ORACLE_PRODUCER,total,11,top,-2,1,p,0.00016933529744084531,0.0003845875850073897,0.0001145021053115565,0.0001433630897223461,5.483319212928882e-05,0.0002412244952850436,0.4382342339399896,NOT_DEFINED
LEARNED_COMPLEX_WAVE_BACKFIT_ORACLE_PRODUCER,total,12,top,-1,-1,s,-0.00016346055874549107,-0.00025706584485014623,-0.0001675317294758279,-0.0002780507862091289,4.071170730336819e-06,2.0984941358982668e-05,0.4382342339399896,NOT_DEFINED
LEARNED_COMPLEX_WAVE_BACKFIT_ORACLE_PRODUCER,total,13,top,-1,-1,p,0.00032407773659522495,-0.0007538466631770106,-0.00012312018254765662,-0.00020515373533905003,0.0004471979191428816,-0.0005486929278379605,0.4382342339399896,NOT_DEFINED
LEARNED_COMPLEX_WAVE_BACKFIT_ORACLE_PRODUCER,total,14,top,-1,0,s,-0.0011137232745993429,0.0012930857146004212,-0.0010285581087383054,0.0013279322632824794,-8.516516586103747e-05,-3.4846548682058174e-05,0.4382342339399896,NOT_DEFINED
LEARNED_COMPLEX_WAVE_BACKFIT_ORACLE_PRODUCER,total,15,top,-1,0,p,2.6397017282097413e-05,3.2476498937315636e-05,1.0695710033665002e-15,-1.898478834981676e-15,2.639701728102784e-05,3.2476498939214114e-05,0.4382342339399896,NOT_DEFINED
LEARNED_COMPLEX_WAVE_BACKFIT_ORACLE_PRODUCER,total,16,top,-1,1,s,-0.00017868487478669482,-0.00020996944143863433,-0.0001675317294752791,-0.00027805078621218255,-1.1153145311415725e-05,6.808134477354823e-05,0.4382342339399896,NOT_DEFINED
LEARNED_COMPLEX_WAVE_BACKFIT_ORACLE_PRODUCER,total,17,top,-1,1,p,0.00014854212892058315,-0.00035516073922100687,0.00012312018254904267,0.00020515373533914856,2.5421946371540486e-05,-0.0005603144745601554,0.4382342339399896,NOT_DEFINED
LEARNED_COMPLEX_WAVE_BACKFIT_ORACLE_PRODUCER,total,18,top,0,0,s,0.026790543773633123,-0.4121599086752978,0.026785429987131376,-0.4121567714282053,5.113786501746709e-06,-3.1372470924995177e-06,0.4382342339399896,NOT_DEFINED
LEARNED_COMPLEX_WAVE_BACKFIT_ORACLE_PRODUCER,total,19,top,0,0,p,-0.00020596340703618924,-0.00017421404313914873,1.1196540890151039e-13,-5.214558791588342e-15,-0.00020596340714815463,-0.00017421404313393418,0.4382342339399896,NOT_DEFINED
LEARNED_COMPLEX_WAVE_BACKFIT_ORACLE_PRODUCER,total,20,bottom,-3,-1,s,2.322604648371472e-05,5.160999656730901e-05,-4.909306826319978e-06,0.00011217325597253058,2.81353533100347e-05,-6.056325940522157e-05,0.4382342339399896,NOT_DEFINED
LEARNED_COMPLEX_WAVE_BACKFIT_ORACLE_PRODUCER,total,21,bottom,-3,-1,p,-0.00010872912270567577,-0.00023335403561186232,-1.5732873803997091e-06,7.928198517251047e-05,-0.00010715583532527607,-0.0003126360207843728,0.4382342339399896,NOT_DEFINED
LEARNED_COMPLEX_WAVE_BACKFIT_ORACLE_PRODUCER,total,22,bottom,-3,0,s,-0.0005097222694213676,-5.630782486673523e-05,-0.0004924362020247129,-0.0001736752134376343,-1.72860673966547e-05,0.00011736738857089907,0.4382342339399896,NOT_DEFINED
LEARNED_COMPLEX_WAVE_BACKFIT_ORACLE_PRODUCER,total,23,bottom,-3,0,p,1.622092487455768e-05,-2.5420337517143195e-06,-1.3274970028758873e-16,2.3198170478591657e-16,1.622092487469043e-05,-2.542033751946301e-06,0.4382342339399896,NOT_DEFINED
LEARNED_COMPLEX_WAVE_BACKFIT_ORACLE_PRODUCER,total,24,bottom,-3,1,s,-4.696489788723543e-05,0.00011607362252611858,-4.909306828951654e-06,0.00011217325597379069,-4.2055591058283774e-05,3.900366552327892e-06,0.4382342339399896,NOT_DEFINED
LEARNED_COMPLEX_WAVE_BACKFIT_ORACLE_PRODUCER,total,25,bottom,-3,1,p,0.00041729849958548813,-0.00038060028001375235,1.5732873796791848e-06,-7.9281985174855e-05,0.00041572521220580895,-0.00030131829483889735,0.4382342339399896,NOT_DEFINED
LEARNED_COMPLEX_WAVE_BACKFIT_ORACLE_PRODUCER,total,26,bottom,-2,-1,s,-9.240940120230966e-06,-3.764270375022145e-05,7.745485652971132e-07,2.4717345258705883e-06,-1.0015488685528079e-05,-4.011443827609204e-05,0.4382342339399896,NOT_DEFINED
LEARNED_COMPLEX_WAVE_BACKFIT_ORACLE_PRODUCER,total,27,bottom,-2,-1,p,0.000183622466733362,0.00028141263296659405,-3.630225008417201e-05,0.0001883234131536643,0.00021992471681753402,9.308921981292974e-05,0.4382342339399896,NOT_DEFINED
LEARNED_COMPLEX_WAVE_BACKFIT_ORACLE_PRODUCER,total,28,bottom,-2,0,s,-0.0001765427934389816,2.374264423392034e-05,-0.00018404130862068258,1.7489532595230964e-05,7.498515181700972e-06,6.253111638689378e-06,0.4382342339399896,NOT_DEFINED
LEARNED_COMPLEX_WAVE_BACKFIT_ORACLE_PRODUCER,total,29,bottom,-2,0,p,2.383602331580321e-06,6.513900734971119e-06,-1.953215047833636e-16,3.0838854490696276e-16,2.3836023317756425e-06,6.51390073466273e-06,0.4382342339399896,NOT_DEFINED
LEARNED_COMPLEX_WAVE_BACKFIT_ORACLE_PRODUCER,total,30,bottom,-2,1,s,-4.580618345960016e-05,1.0314090971366912e-05,7.745485660026084e-07,2.4717345262717786e-06,-4.658073202560277e-05,7.842356445095134e-06,0.4382342339399896,NOT_DEFINED
LEARNED_COMPLEX_WAVE_BACKFIT_ORACLE_PRODUCER,total,31,bottom,-2,1,p,-0.0003053229944111446,-4.9114673164561173e-05,3.630225008297548e-05,-0.00018832341315286793,-0.00034162524449412007,0.00013920873998830675,0.4382342339399896,NOT_DEFINED
LEARNED_COMPLEX_WAVE_BACKFIT_ORACLE_PRODUCER,total,32,bottom,-1,-1,s,-0.0002433725495361881,3.702479434960189e-05,-0.00033718347041335526,-1.6668060240140516e-05,9.381092087716716e-05,5.36928545897424e-05,0.4382342339399896,NOT_DEFINED
LEARNED_COMPLEX_WAVE_BACKFIT_ORACLE_PRODUCER,total,33,bottom,-1,-1,p,-1.9975073027265913e-05,0.00020174799251556014,0.0002479992366175502,8.609260274623294e-06,-0.0002679743096448161,0.00019313873224093684,0.4382342339399896,NOT_DEFINED
LEARNED_COMPLEX_WAVE_BACKFIT_ORACLE_PRODUCER,total,34,bottom,-1,0,s,-0.0011631161048974554,-0.0008049349067005213,-0.0011348134234953988,-0.0008861976207941805,-2.830268140205654e-05,8.126271409365923e-05,0.4382342339399896,NOT_DEFINED
LEARNED_COMPLEX_WAVE_BACKFIT_ORACLE_PRODUCER,total,35,bottom,-1,0,p,-1.9965032822867406e-05,-3.5572009800115544e-05,-4.465027736885759e-16,-2.0865938982257457e-16,-1.9965032822420904e-05,-3.557200979990688e-05,0.4382342339399896,NOT_DEFINED
LEARNED_COMPLEX_WAVE_BACKFIT_ORACLE_PRODUCER,total,36,bottom,-1,1,s,-0.00030236327822798383,2.3232465717972036e-07,-0.00033718347041209904,-1.6668060241286416e-05,3.4820192184115216e-05,1.6900384898466138e-05,0.4382342339399896,NOT_DEFINED
LEARNED_COMPLEX_WAVE_BACKFIT_ORACLE_PRODUCER,total,37,bottom,-1,1,p,-0.000654299826962717,0.0005263471953474489,-0.000247999236616804,-8.609260275602887e-06,-0.00040630059034591295,0.0005349564556230517,0.4382342339399896,NOT_DEFINED
LEARNED_COMPLEX_WAVE_BACKFIT_ORACLE_PRODUCER,total,38,bottom,0,0,s,0.07718098384405299,-0.12448066271701004,0.07718950242782177,-0.12447475436113979,-8.51858376878234e-06,-5.908355870248849e-06,0.4382342339399896,NOT_DEFINED
LEARNED_COMPLEX_WAVE_BACKFIT_ORACLE_PRODUCER,total,39,bottom,0,0,p,1.828058536549701e-05,-2.8092024289620294e-05,2.4167599005431038e-15,5.725178855579965e-15,1.8280585363080247e-05,-2.8092024295345475e-05,0.4382342339399896,NOT_DEFINED
LEARNED_COMPLEX_WAVE_BACKFIT_ORACLE_PRODUCER,scattered,0,top,-3,-1,s,-3.3574018300159606e-05,1.999529019583403e-05,-9.195140170810291e-05,5.5769259938579254e-05,5.837738340794331e-05,-3.577396974274522e-05,0.2468359522790033,NOT_DEFINED
LEARNED_COMPLEX_WAVE_BACKFIT_ORACLE_PRODUCER,scattered,1,top,-3,-1,p,-7.443628837549334e-05,0.0003860067493618114,6.49187356517443e-05,-4.008051303985588e-05,-0.00013935502402723763,0.0004260872624016673,0.2468359522790033,NOT_DEFINED
LEARNED_COMPLEX_WAVE_BACKFIT_ORACLE_PRODUCER,scattered,2,top,-3,0,s,-0.0002148340691097132,0.00042153956036661023,-0.00019219020094724982,0.00048817928501638765,-2.2643868162463366e-05,-6.663972464977742e-05,0.2468359522790033,NOT_DEFINED
LEARNED_COMPLEX_WAVE_BACKFIT_ORACLE_PRODUCER,scattered,3,top,-3,0,p,4.5973025441918995e-06,-5.730882569114124e-05,1.2553482268998042e-15,3.668039838538298e-15,4.597302542936551e-06,-5.730882569480928e-05,0.2468359522790033,NOT_DEFINED
LEARNED_COMPLEX_WAVE_BACKFIT_ORACLE_PRODUCER,scattered,4,top,-3,1,s,-5.200175657519695e-05,3.7946564870521146e-05,-9.195140170914724e-05,5.5769259941376876e-05,3.9949645133950296e-05,-1.782269507085573e-05,0.2468359522790033,NOT_DEFINED
LEARNED_COMPLEX_WAVE_BACKFIT_ORACLE_PRODUCER,scattered,5,top,-3,1,p,0.00017378677740938632,-0.00011256076203350373,-6.491873565010715e-05,4.00805130396873e-05,0.00023870551305949346,-0.00015264127507319102,0.2468359522790033,NOT_DEFINED
LEARNED_COMPLEX_WAVE_BACKFIT_ORACLE_PRODUCER,scattered,6,top,-2,-1,s,-4.639580091312616e-06,3.0083491791755777e-05,2.3445165024338254e-06,9.658174404606376e-07,-6.984096593746441e-06,2.911767435129514e-05,0.2468359522790033,NOT_DEFINED
LEARNED_COMPLEX_WAVE_BACKFIT_ORACLE_PRODUCER,scattered,7,top,-2,-1,p,-0.00025789180059145007,0.00012194365169400683,-0.00011450210530949539,-0.00014336308972242402,-0.00014338969528195468,0.00026530674141643084,0.2468359522790033,NOT_DEFINED
LEARNED_COMPLEX_WAVE_BACKFIT_ORACLE_PRODUCER,scattered,8,top,-2,0,s,0.00014930147662543637,-5.817483674691574e-05,0.0001642593255332033,-5.620738854478225e-05,-1.495784890776693e-05,-1.9674482021334917e-06,0.2468359522790033,NOT_DEFINED
LEARNED_COMPLEX_WAVE_BACKFIT_ORACLE_PRODUCER,scattered,9,top,-2,0,p,2.984063578052488e-06,6.019756262121746e-06,-1.731002669799771e-16,1.1404235647096274e-15,2.984063578225588e-06,6.019756260981322e-06,0.2468359522790033,NOT_DEFINED
LEARNED_COMPLEX_WAVE_BACKFIT_ORACLE_PRODUCER,scattered,10,top,-2,1,s,-4.588568786642208e-05,-1.9507547920205977e-05,2.344516501375749e-06,9.658174394089149e-07,-4.823020436779783e-05,-2.0473365359614892e-05,0.2468359522790033,NOT_DEFINED
LEARNED_COMPLEX_WAVE_BACKFIT_ORACLE_PRODUCER,scattered,11,top,-2,1,p,0.00016933529744083466,0.000384587585007397,0.00011450210531154583,0.0001433630897223534,5.483319212928883e-05,0.0002412244952850436,0.2468359522790033,NOT_DEFINED
LEARNED_COMPLEX_WAVE_BACKFIT_ORACLE_PRODUCER,scattered,12,top,-1,-1,s,-0.0001634605587454466,-0.00025706584485013647,-0.00016753172947578341,-0.00027805078620911914,4.071170730336819e-06,2.0984941358982668e-05,0.2468359522790033,NOT_DEFINED
LEARNED_COMPLEX_WAVE_BACKFIT_ORACLE_PRODUCER,scattered,13,top,-1,-1,p,0.00032407773659524024,-0.0007538466631769736,-0.00012312018254764134,-0.00020515373533901306,0.0004471979191428816,-0.0005486929278379605,0.2468359522790033,NOT_DEFINED
LEARNED_COMPLEX_WAVE_BACKFIT_ORACLE_PRODUCER,scattered,14,top,-1,0,s,-0.0011137232745989313,0.0012930857146002494,-0.0010285581087378939,0.0013279322632823076,-8.516516586103747e-05,-3.4846548682058174e-05,0.2468359522790033,NOT_DEFINED
LEARNED_COMPLEX_WAVE_BACKFIT_ORACLE_PRODUCER,scattered,15,top,-1,0,p,2.6397017282097413e-05,3.2476498937315636e-05,1.0695710033665002e-15,-1.898478834981676e-15,2.639701728102784e-05,3.2476498939214114e-05,0.2468359522790033,NOT_DEFINED
LEARNED_COMPLEX_WAVE_BACKFIT_ORACLE_PRODUCER,scattered,16,top,-1,1,s,-0.00017868487478669306,-0.00020996944143861703,-0.00016753172947527734,-0.00027805078621216526,-1.1153145311415725e-05,6.808134477354823e-05,0.2468359522790033,NOT_DEFINED
LEARNED_COMPLEX_WAVE_BACKFIT_ORACLE_PRODUCER,scattered,17,top,-1,1,p,0.00014854212892057906,-0.0003551607392210262,0.00012312018254903858,0.0002051537353391292,2.5421946371540486e-05,-0.0005603144745601554,0.2468359522790033,NOT_DEFINED
LEARNED_COMPLEX_WAVE_BACKFIT_ORACLE_PRODUCER,scattered,18,top,0,0,s,-0.019268261323928032,0.20926841497570353,-0.01927337511042978,0.20927155222279603,5.113786501746709e-06,-3.1372470924995177e-06,0.2468359522790033,NOT_DEFINED
LEARNED_COMPLEX_WAVE_BACKFIT_ORACLE_PRODUCER,scattered,19,top,0,0,p,-0.00020596340703629885,-0.0001742140431376698,1.1185579377514874e-13,-3.735624544869974e-15,-0.00020596340714815463,-0.00017421404313393418,0.2468359522790033,NOT_DEFINED
LEARNED_COMPLEX_WAVE_BACKFIT_ORACLE_PRODUCER,scattered,20,bottom,-3,-1,s,2.322604648371465e-05,5.160999656731081e-05,-4.909306826320045e-06,0.00011217325597253238,2.8135353310034696e-05,-6.056325940522157e-05,0.2468359522790033,NOT_DEFINED
LEARNED_COMPLEX_WAVE_BACKFIT_ORACLE_PRODUCER,scattered,21,bottom,-3,-1,p,-0.0001087291227056794,-0.00023335403561185517,-1.5732873804033325e-06,7.928198517251764e-05,-0.00010715583532527606,-0.0003126360207843728,0.2468359522790033,NOT_DEFINED
LEARNED_COMPLEX_WAVE_BACKFIT_ORACLE_PRODUCER,scattered,22,bottom,-3,0,s,-0.0005097222694213699,-5.630782486680911e-05,-0.0004924362020247152,-0.0001736752134377082,-1.72860673966547e-05,0.00011736738857089908,0.2468359522790033,NOT_DEFINED
LEARNED_COMPLEX_WAVE_BACKFIT_ORACLE_PRODUCER,scattered,23,bottom,-3,0,p,1.622092487455768e-05,-2.5420337517143195e-06,-1.3274970028758873e-16,2.3198170478591657e-16,1.622092487469043e-05,-2.542033751946301e-06,0.2468359522790033,NOT_DEFINED
LEARNED_COMPLEX_WAVE_BACKFIT_ORACLE_PRODUCER,scattered,24,bottom,-3,1,s,-4.6964897887236634e-05,0.0001160736225261177,-4.9093068289528565e-06,0.00011217325597378981,-4.205559105828378e-05,3.900366552327892e-06,0.2468359522790033,NOT_DEFINED
LEARNED_COMPLEX_WAVE_BACKFIT_ORACLE_PRODUCER,scattered,25,bottom,-3,1,p,0.0004172984995854968,-0.0003806002800137525,1.5732873796878703e-06,-7.928198517485518e-05,0.00041572521220580895,-0.00030131829483889735,0.2468359522790033,NOT_DEFINED
LEARNED_COMPLEX_WAVE_BACKFIT_ORACLE_PRODUCER,scattered,26,bottom,-2,-1,s,-9.240940120230966e-06,-3.764270375022145e-05,7.745485652971132e-07,2.471734525870588e-06,-1.0015488685528079e-05,-4.0114438276092036e-05,0.2468359522790033,NOT_DEFINED
LEARNED_COMPLEX_WAVE_BACKFIT_ORACLE_PRODUCER,scattered,27,bottom,-2,-1,p,0.00018362246673335516,0.00028141263296658977,-3.630225008417886e-05,0.00018832341315366003,0.00021992471681753402,9.308921981292974e-05,0.2468359522790033,NOT_DEFINED
LEARNED_COMPLEX_WAVE_BACKFIT_ORACLE_PRODUCER,scattered,28,bottom,-2,0,s,-0.00017654279343899736,2.374264423396236e-05,-0.00018404130862069833,1.7489532595272983e-05,7.498515181700972e-06,6.253111638689378e-06,0.2468359522790033,NOT_DEFINED
LEARNED_COMPLEX_WAVE_BACKFIT_ORACLE_PRODUCER,scattered,29,bottom,-2,0,p,2.383602331580321e-06,6.513900734971119e-06,-1.953215047833636e-16,3.0838854490696276e-16,2.3836023317756425e-06,6.51390073466273e-06,0.2468359522790033,NOT_DEFINED
LEARNED_COMPLEX_WAVE_BACKFIT_ORACLE_PRODUCER,scattered,30,bottom,-2,1,s,-4.580618345960016e-05,1.031409097136691e-05,7.745485660026087e-07,2.4717345262717774e-06,-4.658073202560277e-05,7.842356445095134e-06,0.2468359522790033,NOT_DEFINED
LEARNED_COMPLEX_WAVE_BACKFIT_ORACLE_PRODUCER,scattered,31,bottom,-2,1,p,-0.0003053229944111523,-4.9114673164549525e-05,3.630225008296777e-05,-0.00018832341315285628,-0.00034162524449412007,0.00013920873998830675,0.2468359522790033,NOT_DEFINED
LEARNED_COMPLEX_WAVE_BACKFIT_ORACLE_PRODUCER,scattered,32,bottom,-1,-1,s,-0.00024337254953618817,3.702479434960622e-05,-0.00033718347041335536,-1.666806024013619e-05,9.381092087716719e-05,5.369285458974241e-05,0.2468359522790033,NOT_DEFINED
LEARNED_COMPLEX_WAVE_BACKFIT_ORACLE_PRODUCER,scattered,33,bottom,-1,-1,p,-1.997507302728338e-05,0.00020174799251555206,0.00024799923661753275,8.609260274615205e-06,-0.0002679743096448161,0.00019313873224093686,0.2468359522790033,NOT_DEFINED
LEARNED_COMPLEX_WAVE_BACKFIT_ORACLE_PRODUCER,scattered,34,bottom,-1,0,s,-0.0011631161048974697,-0.0008049349067005108,-0.0011348134234954131,-0.00088619762079417,-2.830268140205654e-05,8.126271409365923e-05,0.2468359522790033,NOT_DEFINED
LEARNED_COMPLEX_WAVE_BACKFIT_ORACLE_PRODUCER,scattered,35,bottom,-1,0,p,-1.9965032822867406e-05,-3.5572009800115544e-05,-4.465027736885759e-16,-2.0865938982257457e-16,-1.9965032822420904e-05,-3.557200979990688e-05,0.2468359522790033,NOT_DEFINED
LEARNED_COMPLEX_WAVE_BACKFIT_ORACLE_PRODUCER,scattered,36,bottom,-1,1,s,-0.00030236327822798226,2.3232465717770932e-07,-0.00033718347041209747,-1.666806024128843e-05,3.4820192184115216e-05,1.6900384898466138e-05,0.2468359522790033,NOT_DEFINED
LEARNED_COMPLEX_WAVE_BACKFIT_ORACLE_PRODUCER,scattered,37,bottom,-1,1,p,-0.0006542998269627107,0.0005263471953474531,-0.00024799923661679776,-8.609260275598644e-06,-0.0004063005903459129,0.0005349564556230517,0.2468359522790033,NOT_DEFINED
LEARNED_COMPLEX_WAVE_BACKFIT_ORACLE_PRODUCER,scattered,38,bottom,0,0,s,-0.041616064170750464,0.12256797705571519,-0.041607545586981674,0.12257388541158544,-8.518583768789278e-06,-5.908355870248849e-06,0.2468359522790033,NOT_DEFINED
LEARNED_COMPLEX_WAVE_BACKFIT_ORACLE_PRODUCER,scattered,39,bottom,0,0,p,1.8280585365746067e-05,-2.8092024289378683e-05,2.6658179463359154e-15,5.966790876859179e-15,1.8280585363080247e-05,-2.8092024295345475e-05,0.2468359522790033,NOT_DEFINED
LEARNED_COMPLEX_WAVE_BACKFIT_ORACLE_PRODUCER,outgoing,0,top,-3,-1,s,-3.3574018300154944e-05,1.9995290195838308e-05,-9.195140170809825e-05,5.576925993858354e-05,5.837738340794331e-05,-3.577396974274523e-05,0.9130801710515086,NOT_DEFINED
LEARNED_COMPLEX_WAVE_BACKFIT_ORACLE_PRODUCER,outgoing,1,top,-3,-1,p,-7.443628837548139e-05,0.0003860067493618134,6.491873565175626e-05,-4.0080513039853855e-05,-0.00013935502402723763,0.00042608726240166725,0.9130801710515086,NOT_DEFINED
LEARNED_COMPLEX_WAVE_BACKFIT_ORACLE_PRODUCER,outgoing,2,top,-3,0,s,-0.00021483406910956276,0.0004215395603665451,-0.0001921902009470994,0.00048817928501632254,-2.2643868162463366e-05,-6.663972464977742e-05,0.9130801710515086,NOT_DEFINED
LEARNED_COMPLEX_WAVE_BACKFIT_ORACLE_PRODUCER,outgoing,3,top,-3,0,p,4.5973025441918995e-06,-5.730882569114124e-05,1.2553482268998042e-15,3.668039838538298e-15,4.597302542936551e-06,-5.730882569480928e-05,0.9130801710515086,NOT_DEFINED
LEARNED_COMPLEX_WAVE_BACKFIT_ORACLE_PRODUCER,outgoing,4,top,-3,1,s,-5.200175657520717e-05,3.794656487051812e-05,-9.195140170915746e-05,5.576925994137385e-05,3.994964513395029e-05,-1.782269507085573e-05,0.9130801710515086,NOT_DEFINED
LEARNED_COMPLEX_WAVE_BACKFIT_ORACLE_PRODUCER,outgoing,5,top,-3,1,p,0.00017378677740937293,-0.00011256076203351854,-6.491873565012055e-05,4.0080513039672495e-05,0.00023870551305949346,-0.00015264127507319102,0.9130801710515086,NOT_DEFINED
LEARNED_COMPLEX_WAVE_BACKFIT_ORACLE_PRODUCER,outgoing,6,top,-2,-1,s,-4.639580091312616e-06,3.0083491791755773e-05,2.344516502433825e-06,9.65817440460633e-07,-6.984096593746441e-06,2.911767435129514e-05,0.9130801710515086,NOT_DEFINED
LEARNED_COMPLEX_WAVE_BACKFIT_ORACLE_PRODUCER,outgoing,7,top,-2,-1,p,-0.0002578918005914847,0.00012194365169402148,-0.00011450210530953003,-0.00014336308972240936,-0.00014338969528195468,0.00026530674141643084,0.9130801710515086,NOT_DEFINED
LEARNED_COMPLEX_WAVE_BACKFIT_ORACLE_PRODUCER,outgoing,8,top,-2,0,s,0.0001493014766254956,-5.8174836746760126e-05,0.00016425932553326252,-5.6207388544626634e-05,-1.495784890776693e-05,-1.9674482021334917e-06,0.9130801710515086,NOT_DEFINED
LEARNED_COMPLEX_WAVE_BACKFIT_ORACLE_PRODUCER,outgoing,9,top,-2,0,p,2.984063578052488e-06,6.019756262121746e-06,-1.731002669799771e-16,1.1404235647096274e-15,2.984063578225588e-06,6.019756260981322e-06,0.9130801710515086,NOT_DEFINED
LEARNED_COMPLEX_WAVE_BACKFIT_ORACLE_PRODUCER,outgoing,10,top,-2,1,s,-4.588568786642208e-05,-1.9507547920205977e-05,2.3445165013757525e-06,9.658174394089157e-07,-4.823020436779783e-05,-2.0473365359614892e-05,0.9130801710515086,NOT_DEFINED
LEARNED_COMPLEX_WAVE_BACKFIT_ORACLE_PRODUCER,outgoing,11,top,-2,1,p,0.00016933529744084531,0.0003845875850073897,0.0001145021053115565,0.0001433630897223461,5.483319212928882e-05,0.0002412244952850436,0.9130801710515086,NOT_DEFINED
LEARNED_COMPLEX_WAVE_BACKFIT_ORACLE_PRODUCER,outgoing,12,top,-1,-1,s,-0.00016346055874549107,-0.00025706584485014623,-0.0001675317294758279,-0.0002780507862091289,4.071170730336819e-06,2.0984941358982668e-05,0.9130801710515086,NOT_DEFINED
LEARNED_COMPLEX_WAVE_BACKFIT_ORACLE_PRODUCER,outgoing,13,top,-1,-1,p,0.00032407773659522495,-0.0007538466631770106,-0.00012312018254765662,-0.00020515373533905003,0.0004471979191428816,-0.0005486929278379605,0.9130801710515086,NOT_DEFINED
LEARNED_COMPLEX_WAVE_BACKFIT_ORACLE_PRODUCER,outgoing,14,top,-1,0,s,-0.0011137232745993429,0.0012930857146004212,-0.0010285581087383054,0.0013279322632824794,-8.516516586103747e-05,-3.4846548682058174e-05,0.9130801710515086,NOT_DEFINED
LEARNED_COMPLEX_WAVE_BACKFIT_ORACLE_PRODUCER,outgoing,15,top,-1,0,p,2.6397017282097413e-05,3.2476498937315636e-05,1.0695710033665002e-15,-1.898478834981676e-15,2.639701728102784e-05,3.2476498939214114e-05,0.9130801710515086,NOT_DEFINED
LEARNED_COMPLEX_WAVE_BACKFIT_ORACLE_PRODUCER,outgoing,16,top,-1,1,s,-0.00017868487478669482,-0.00020996944143863433,-0.0001675317294752791,-0.00027805078621218255,-1.1153145311415725e-05,6.808134477354823e-05,0.9130801710515086,NOT_DEFINED
LEARNED_COMPLEX_WAVE_BACKFIT_ORACLE_PRODUCER,outgoing,17,top,-1,1,p,0.00014854212892058315,-0.00035516073922100687,0.00012312018254904267,0.00020515373533914856,2.5421946371540486e-05,-0.0005603144745601554,0.9130801710515086,NOT_DEFINED
LEARNED_COMPLEX_WAVE_BACKFIT_ORACLE_PRODUCER,outgoing,18,top,0,0,s,-0.9004584680007476,-0.03771462540491827,-0.9004635817872493,-0.03771148815782577,5.1137865016981365e-06,-3.1372470924995177e-06,0.9130801710515086,NOT_DEFINED
LEARNED_COMPLEX_WAVE_BACKFIT_ORACLE_PRODUCER,outgoing,19,top,0,0,p,-0.00020596340703618924,-0.00017421404313914873,1.1196540890151039e-13,-5.214558791588342e-15,-0.00020596340714815463,-0.00017421404313393418,0.9130801710515086,NOT_DEFINED
LEARNED_COMPLEX_WAVE_BACKFIT_ORACLE_PRODUCER,outgoing,20,bottom,-3,-1,s,2.322604648371472e-05,5.160999656730901e-05,-4.909306826319978e-06,0.00011217325597253058,2.81353533100347e-05,-6.056325940522157e-05,0.9130801710515086,NOT_DEFINED
LEARNED_COMPLEX_WAVE_BACKFIT_ORACLE_PRODUCER,outgoing,21,bottom,-3,-1,p,-0.00010872912270567577,-0.00023335403561186232,-1.5732873803997091e-06,7.928198517251047e-05,-0.00010715583532527607,-0.0003126360207843728,0.9130801710515086,NOT_DEFINED
LEARNED_COMPLEX_WAVE_BACKFIT_ORACLE_PRODUCER,outgoing,22,bottom,-3,0,s,-0.0005097222694213676,-5.630782486673523e-05,-0.0004924362020247129,-0.0001736752134376343,-1.72860673966547e-05,0.00011736738857089907,0.9130801710515086,NOT_DEFINED
LEARNED_COMPLEX_WAVE_BACKFIT_ORACLE_PRODUCER,outgoing,23,bottom,-3,0,p,1.622092487455768e-05,-2.5420337517143195e-06,-1.3274970028758873e-16,2.3198170478591657e-16,1.622092487469043e-05,-2.542033751946301e-06,0.9130801710515086,NOT_DEFINED
LEARNED_COMPLEX_WAVE_BACKFIT_ORACLE_PRODUCER,outgoing,24,bottom,-3,1,s,-4.696489788723543e-05,0.00011607362252611858,-4.909306828951654e-06,0.00011217325597379069,-4.2055591058283774e-05,3.900366552327892e-06,0.9130801710515086,NOT_DEFINED
LEARNED_COMPLEX_WAVE_BACKFIT_ORACLE_PRODUCER,outgoing,25,bottom,-3,1,p,0.00041729849958548813,-0.00038060028001375235,1.5732873796791848e-06,-7.9281985174855e-05,0.00041572521220580895,-0.00030131829483889735,0.9130801710515086,NOT_DEFINED
LEARNED_COMPLEX_WAVE_BACKFIT_ORACLE_PRODUCER,outgoing,26,bottom,-2,-1,s,-9.240940120230966e-06,-3.764270375022145e-05,7.745485652971132e-07,2.4717345258705883e-06,-1.0015488685528079e-05,-4.011443827609204e-05,0.9130801710515086,NOT_DEFINED
LEARNED_COMPLEX_WAVE_BACKFIT_ORACLE_PRODUCER,outgoing,27,bottom,-2,-1,p,0.000183622466733362,0.00028141263296659405,-3.630225008417201e-05,0.0001883234131536643,0.00021992471681753402,9.308921981292974e-05,0.9130801710515086,NOT_DEFINED
LEARNED_COMPLEX_WAVE_BACKFIT_ORACLE_PRODUCER,outgoing,28,bottom,-2,0,s,-0.0001765427934389816,2.374264423392034e-05,-0.00018404130862068258,1.7489532595230964e-05,7.498515181700972e-06,6.253111638689378e-06,0.9130801710515086,NOT_DEFINED
LEARNED_COMPLEX_WAVE_BACKFIT_ORACLE_PRODUCER,outgoing,29,bottom,-2,0,p,2.383602331580321e-06,6.513900734971119e-06,-1.953215047833636e-16,3.0838854490696276e-16,2.3836023317756425e-06,6.51390073466273e-06,0.9130801710515086,NOT_DEFINED
LEARNED_COMPLEX_WAVE_BACKFIT_ORACLE_PRODUCER,outgoing,30,bottom,-2,1,s,-4.580618345960016e-05,1.0314090971366912e-05,7.745485660026084e-07,2.4717345262717786e-06,-4.658073202560277e-05,7.842356445095134e-06,0.9130801710515086,NOT_DEFINED
LEARNED_COMPLEX_WAVE_BACKFIT_ORACLE_PRODUCER,outgoing,31,bottom,-2,1,p,-0.0003053229944111446,-4.9114673164561173e-05,3.630225008297548e-05,-0.00018832341315286793,-0.00034162524449412007,0.00013920873998830675,0.9130801710515086,NOT_DEFINED
LEARNED_COMPLEX_WAVE_BACKFIT_ORACLE_PRODUCER,outgoing,32,bottom,-1,-1,s,-0.0002433725495361881,3.702479434960189e-05,-0.00033718347041335526,-1.6668060240140516e-05,9.381092087716716e-05,5.36928545897424e-05,0.9130801710515086,NOT_DEFINED
LEARNED_COMPLEX_WAVE_BACKFIT_ORACLE_PRODUCER,outgoing,33,bottom,-1,-1,p,-1.9975073027265913e-05,0.00020174799251556014,0.0002479992366175502,8.609260274623294e-06,-0.0002679743096448161,0.00019313873224093684,0.9130801710515086,NOT_DEFINED
LEARNED_COMPLEX_WAVE_BACKFIT_ORACLE_PRODUCER,outgoing,34,bottom,-1,0,s,-0.0011631161048974554,-0.0008049349067005213,-0.0011348134234953988,-0.0008861976207941805,-2.830268140205654e-05,8.126271409365923e-05,0.9130801710515086,NOT_DEFINED
LEARNED_COMPLEX_WAVE_BACKFIT_ORACLE_PRODUCER,outgoing,35,bottom,-1,0,p,-1.9965032822867406e-05,-3.5572009800115544e-05,-4.465027736885759e-16,-2.0865938982257457e-16,-1.9965032822420904e-05,-3.557200979990688e-05,0.9130801710515086,NOT_DEFINED
LEARNED_COMPLEX_WAVE_BACKFIT_ORACLE_PRODUCER,outgoing,36,bottom,-1,1,s,-0.00030236327822798383,2.3232465717972036e-07,-0.00033718347041209904,-1.6668060241286416e-05,3.4820192184115216e-05,1.6900384898466138e-05,0.9130801710515086,NOT_DEFINED
LEARNED_COMPLEX_WAVE_BACKFIT_ORACLE_PRODUCER,outgoing,37,bottom,-1,1,p,-0.000654299826962717,0.0005263471953474489,-0.000247999236616804,-8.609260275602887e-06,-0.00040630059034591295,0.0005349564556230517,0.9130801710515086,NOT_DEFINED
LEARNED_COMPLEX_WAVE_BACKFIT_ORACLE_PRODUCER,outgoing,38,bottom,0,0,s,0.07718098384405299,-0.12448066271701004,0.07718950242782177,-0.12447475436113979,-8.51858376878234e-06,-5.908355870248849e-06,0.9130801710515086,NOT_DEFINED
LEARNED_COMPLEX_WAVE_BACKFIT_ORACLE_PRODUCER,outgoing,39,bottom,0,0,p,1.828058536549701e-05,-2.8092024289620294e-05,2.4167599005431038e-15,5.725178855579965e-15,1.8280585363080247e-05,-2.8092024295345475e-05,0.9130801710515086,NOT_DEFINED
LEARNED_COMPLEX_WAVE_BACKFIT_ORACLE_PRODUCER,boundary_outgoing,0,top,-3,-1,s,-2.8756529029862212e-05,2.645918315046061e-05,-7.855082196187339e-05,7.345092919286605e-05,4.979429293201117e-05,-4.699174604240544e-05,0.9095181214967073,NOT_DEFINED
LEARNED_COMPLEX_WAVE_BACKFIT_ORACLE_PRODUCER,boundary_outgoing,1,top,-3,-1,p,6.35633627185224e-06,0.00039306687544130557,5.531274235513715e-05,-5.254893240889601e-05,-4.895640608328491e-05,0.00044561580785020156,0.9095181214967073,NOT_DEFINED
LEARNED_COMPLEX_WAVE_BACKFIT_ORACLE_PRODUCER,boundary_outgoing,2,top,-3,0,s,0.0002545304332135213,-0.00039882770311543017,0.0002384264874377627,-0.00046734237743567054,1.6103945775758604e-05,6.851467432024037e-05,0.9095181214967073,NOT_DEFINED
LEARNED_COMPLEX_WAVE_BACKFIT_ORACLE_PRODUCER,boundary_outgoing,3,top,-3,0,p,-1.0109047771764574e-05,5.659720705060123e-05,-8.953304260694988e-16,-3.7721080122444466e-15,-1.0109047770869243e-05,5.659720705437334e-05,0.9095181214967073,NOT_DEFINED
LEARNED_COMPLEX_WAVE_BACKFIT_ORACLE_PRODUCER,boundary_outgoing,4,top,-3,1,s,-4.3108522438560405e-05,4.78098291729188e-05,-7.855082196233748e-05,7.345092919581435e-05,3.5442299523777075e-05,-2.5641100022895552e-05,0.9095181214967073,NOT_DEFINED
LEARNED_COMPLEX_WAVE_BACKFIT_ORACLE_PRODUCER,boundary_outgoing,5,top,-3,1,p,0.0001469911223411012,-0.00014582653772480763,-5.5312742353573465e-05,5.2548932408382856e-05,0.00020230386469467465,-0.0001983754701331905,0.9095181214967073,NOT_DEFINED
LEARNED_COMPLEX_WAVE_BACKFIT_ORACLE_PRODUCER,boundary_outgoing,6,top,-2,-1,s,-2.6790516298886947e-05,-1.4450273985202296e-05,-1.6954805776036832e-06,1.8854459868824524e-06,-2.5095035721283264e-05,-1.6335719972084747e-05,0.9095181214967073,NOT_DEFINED
LEARNED_COMPLEX_WAVE_BACKFIT_ORACLE_PRODUCER,boundary_outgoing,7,top,-2,-1,p,-2.8495207847946686e-05,-0.0002838423120862942,0.00017343931198744156,-5.9854094867379096e-05,-0.00020193451983538824,-0.00022398821721891513,0.9095181214967073,NOT_DEFINED
LEARNED_COMPLEX_WAVE_BACKFIT_ORACLE_PRODUCER,boundary_outgoing,8,top,-2,0,s,-5.8174855787308425e-05,-0.00014930146920640622,-5.6207409492762594e-05,-0.00016425931836508344,-1.967446294545831e-06,1.4957849158677225e-05,0.9095181214967073,NOT_DEFINED
LEARNED_COMPLEX_WAVE_BACKFIT_ORACLE_PRODUCER,boundary_outgoing,9,top,-2,0,p,6.019755881561441e-06,-2.98406434575728e-06,1.1404235867852477e-15,1.7310012154075433e-16,6.019755880421017e-06,-2.9840643459303802e-06,0.9095181214967073,NOT_DEFINED
LEARNED_COMPLEX_WAVE_BACKFIT_ORACLE_PRODUCER,boundary_outgoing,10,top,-2,1,s,3.375317721749246e-05,-3.6698280675780916e-05,-1.6954805762582626e-06,1.885445986237883e-06,3.544865779375072e-05,-3.85837266620188e-05,0.9095181214967073,NOT_DEFINED
LEARNED_COMPLEX_WAVE_BACKFIT_ORACLE_PRODUCER,boundary_outgoing,11,top,-2,1,p,-0.0004190936447578635,3.070130982165806e-05,-0.00017343931198806085,5.9854094869309646e-05,-0.0002456543327698027,-2.915278504765159e-05,0.9095181214967073,NOT_DEFINED
LEARNED_COMPLEX_WAVE_BACKFIT_ORACLE_PRODUCER,boundary_outgoing,12,top,-1,-1,s,-0.000212070470100928,-0.00021869686455246453,-0.00022030138827274493,-0.0002384248695454775,8.230918171816946e-06,1.9728004993012973e-05,0.9095181214967073,NOT_DEFINED
LEARNED_COMPLEX_WAVE_BACKFIT_ORACLE_PRODUCER,boundary_outgoing,13,top,-1,-1,p,0.00016492794721721345,-0.0008038096436137808,-0.00016206524324860404,-0.0001760155998907599,0.0003269931904658175,-0.000627794043723021,0.9095181214967073,NOT_DEFINED
LEARNED_COMPLEX_WAVE_BACKFIT_ORACLE_PRODUCER,boundary_outgoing,14,top,-1,0,s,0.0012356472851276308,-0.0011771261548554092,0.0011543275989399616,-0.0012201900152203147,8.131968618766924e-05,4.306386036490549e-05,0.9095181214967073,NOT_DEFINED
LEARNED_COMPLEX_WAVE_BACKFIT_ORACLE_PRODUCER,boundary_outgoing,15,top,-1,0,p,-2.307057365194934e-05,-3.491810613402157e-05,-1.2513260214317444e-15,1.783924663825131e-15,-2.3070573650698013e-05,-3.4918106135805494e-05,0.9095181214967073,NOT_DEFINED
LEARNED_COMPLEX_WAVE_BACKFIT_ORACLE_PRODUCER,boundary_outgoing,16,top,-1,1,s,-0.00021745571435825652,-0.00016949472885175297,-0.00022030138827282503,-0.00023842486954857905,2.8456739145685088e-06,6.893014069682608e-05,0.9095181214967073,NOT_DEFINED
LEARNED_COMPLEX_WAVE_BACKFIT_ORACLE_PRODUCER,boundary_outgoing,17,top,-1,1,p,7.364725094467725e-05,-0.00037786240508492363,0.00016206524324998136,0.0001760155998905761,-8.84179923053041e-05,-0.0005538780049754998,0.9095181214967073,NOT_DEFINED
LEARNED_COMPLEX_WAVE_BACKFIT_ORACLE_PRODUCER,boundary_outgoing,18,top,0,0,s,-0.8767363826235703,-0.20876101395572683,-0.8767420008873494,-0.208758909616445,5.61826377909469e-06,-2.1043392818276274e-06,0.9095181214967073,NOT_DEFINED
LEARNED_COMPLEX_WAVE_BACKFIT_ORACLE_PRODUCER,boundary_outgoing,19,top,0,0,p,-0.00016895596628087745,-0.00021029821521577197,1.109046864019619e-13,1.6235607409513206e-14,-0.00016895596639178215,-0.00021029821523200758,0.9095181214967073,NOT_DEFINED
LEARNED_COMPLEX_WAVE_BACKFIT_ORACLE_PRODUCER,boundary_outgoing,20,bottom,-3,-1,s,-2.3196919125808615e-05,5.084833556708293e-05,-8.648303367237041e-05,6.939127777564956e-05,6.32861145465618e-05,-1.8542942208566627e-05,0.9095181214967073,NOT_DEFINED
LEARNED_COMPLEX_WAVE_BACKFIT_ORACLE_PRODUCER,boundary_outgoing,21,bottom,-3,-1,p,0.00010246719629767761,-0.0002326668845021588,-5.9889780695573525e-05,5.0452604324837186e-05,0.00016235697699325114,-0.000283119488826996,0.9095181214967073,NOT_DEFINED
LEARNED_COMPLEX_WAVE_BACKFIT_ORACLE_PRODUCER,boundary_outgoing,22,bottom,-3,0,s,-5.661640123895132e-05,-0.0005056206702249356,6.074845422874771e-05,-0.0005144750722767751,-0.00011736485546769902,8.8544020518395e-06,0.9095181214967073,NOT_DEFINED
LEARNED_COMPLEX_WAVE_BACKFIT_ORACLE_PRODUCER,boundary_outgoing,23,bottom,-3,0,p,5.996389561551421e-06,1.5145640898506103e-05,-2.5346697492730613e-16,-7.791468315616378e-17,5.996389561804888e-06,1.5145640898584018e-05,0.9095181214967073,NOT_DEFINED
LEARNED_COMPLEX_WAVE_BACKFIT_ORACLE_PRODUCER,boundary_outgoing,24,bottom,-3,1,s,-0.0001167615066979217,4.0705319285162176e-05,-8.648303367501951e-05,6.939127777451605e-05,-3.027847302290219e-05,-2.8685958489353873e-05,0.9095181214967073,NOT_DEFINED
LEARNED_COMPLEX_WAVE_BACKFIT_ORACLE_PRODUCER,boundary_outgoing,25,bottom,-3,1,p,0.0005542929920839633,6.202642518499983e-05,5.9889780696845165e-05,-5.0452604326898695e-05,0.0004944032113871181,0.00011247902951189853,0.9095181214967073,NOT_DEFINED
LEARNED_COMPLEX_WAVE_BACKFIT_ORACLE_PRODUCER,boundary_outgoing,26,bottom,-2,-1,s,3.049296499901969e-05,-2.334730326607359e-05,-1.935589521620524e-06,1.6853186586884327e-06,3.2428554520640216e-05,-2.5032621924762022e-05,0.9095181214967073,NOT_DEFINED
LEARNED_COMPLEX_WAVE_BACKFIT_ORACLE_PRODUCER,boundary_outgoing,27,bottom,-2,-1,p,-0.00018244214013032442,0.00027849972502298287,-0.0001853545253180435,4.1894719858193056e-05,2.9123851877190844e-06,0.00023660500516478982,0.9095181214967073,NOT_DEFINED
LEARNED_COMPLEX_WAVE_BACKFIT_ORACLE_PRODUCER,boundary_outgoing,28,bottom,-2,0,s,-2.5240943456346178e-05,-0.0001751082706075623,-1.910128656019509e-05,-0.00018261418318362527,-6.139656896151088e-06,7.505912576062965e-06,0.9095181214967073,NOT_DEFINED
LEARNED_COMPLEX_WAVE_BACKFIT_ORACLE_PRODUCER,boundary_outgoing,29,bottom,-2,0,p,-6.4467856677977115e-06,2.428542877997279e-06,-3.081108181661143e-16,-1.9107978283180129e-16,-6.446785667489601e-06,2.4285428781883586e-06,0.9095181214967073,NOT_DEFINED
LEARNED_COMPLEX_WAVE_BACKFIT_ORACLE_PRODUCER,boundary_outgoing,30,bottom,-2,1,s,-2.756565765622755e-05,-3.747586093407473e-05,-1.9355895217042767e-06,1.6853186594882002e-06,-2.5630068134523272e-05,-3.9161179593562935e-05,0.9095181214967073,NOT_DEFINED
LEARNED_COMPLEX_WAVE_BACKFIT_ORACLE_PRODUCER,boundary_outgoing,31,bottom,-2,1,p,-7.67638661986471e-05,-0.00029663833172545266,0.00018535452531684516,-4.189471985896257e-05,-0.00026211839151549227,-0.0002547436118664901,0.9095181214967073,NOT_DEFINED
LEARNED_COMPLEX_WAVE_BACKFIT_ORACLE_PRODUCER,boundary_outgoing,32,bottom,-1,-1,s,-0.00018588289473542706,-0.00015667575557345165,-0.00020705147255067278,-0.00026129824663100645,2.116857781524572e-05,0.0001046224910575548,0.9095181214967073,NOT_DEFINED
LEARNED_COMPLEX_WAVE_BACKFIT_ORACLE_PRODUCER,boundary_outgoing,33,bottom,-1,-1,p,-0.00016285247077971234,0.0001164564862008568,0.00015499807170421564,0.00018981004150854804,-0.00031785054248392795,-7.335355530769124e-05,0.9095181214967073,NOT_DEFINED
LEARNED_COMPLEX_WAVE_BACKFIT_ORACLE_PRODUCER,boundary_outgoing,34,bottom,-1,0,s,0.0005258877960863513,-0.001301072581420576,0.0006107069086373302,-0.0012913701554319347,-8.481911255097893e-05,-9.702425988641385e-06,0.9095181214967073,NOT_DEFINED
LEARNED_COMPLEX_WAVE_BACKFIT_ORACLE_PRODUCER,boundary_outgoing,35,bottom,-1,0,p,3.008453981281734e-05,-2.7069668343199375e-05,1.0475495179447351e-16,-4.776152653530708e-16,3.0084539812712585e-05,-2.706966834272176e-05,0.9095181214967073,NOT_DEFINED
LEARNED_COMPLEX_WAVE_BACKFIT_ORACLE_PRODUCER,boundary_outgoing,36,bottom,-1,1,s,-0.00019694436895967732,-0.00022443630046765984,-0.00020705147254900414,-0.0002612982466308191,1.0107103589326817e-05,3.686194616315925e-05,0.9095181214967073,NOT_DEFINED
LEARNED_COMPLEX_WAVE_BACKFIT_ORACLE_PRODUCER,boundary_outgoing,37,bottom,-1,1,p,-0.0008167617304219841,-0.00014346077493925674,-0.0001549980717030024,-0.00018981004150863128,-0.0006617636587189817,4.634926656937454e-05,0.9095181214967073,NOT_DEFINED
LEARNED_COMPLEX_WAVE_BACKFIT_ORACLE_PRODUCER,boundary_outgoing,38,bottom,0,0,s,0.07049494989258559,-0.09995307575606907,0.07050175899447489,-0.09994772920440079,-6.809101889299063e-06,-5.346551668283794e-06,0.9095181214967073,NOT_DEFINED
LEARNED_COMPLEX_WAVE_BACKFIT_ORACLE_PRODUCER,boundary_outgoing,39,bottom,0,0,p,1.6628159937689646e-05,-2.2514123599199734e-05,1.7315585978917311e-15,4.892126973773713e-15,1.6628159935958087e-05,-2.251412360409186e-05,0.9095181214967073,NOT_DEFINED
