route,kind,side,m,n,polarization,reference_plane_nm,real,imag,reference_real,reference_imag,absolute_difference,vector_denominator,vector_relative,power,reference_power,power_absolute_difference
V10-PLAIN-CACHED-FIT-GN-CONTINUE,ordered_total_channels,top,-3,-1,s,8.75,-3.696858263528772e-05,0.00038630659724577627,-9.195140170809825e-05,5.576925993858354e-05,0.00033507915743495945,0.4382342339399896,0.15033730724797234,4.768753966874507e-06,3.662159813318062e-07,4.4025379855427015e-06
V10-PLAIN-CACHED-FIT-GN-CONTINUE,ordered_total_channels,top,-3,-1,p,8.75,0.00037739394968962583,-0.0009569877882645946,6.491873565175626e-05,-4.0080513039853855e-05,0.000968689687540892,0.4382342339399896,0.15033730724797234,3.350969823403843e-05,1.843193233752179e-07,3.332537891066321e-05
V10-PLAIN-CACHED-FIT-GN-CONTINUE,ordered_total_channels,top,-3,0,s,8.75,0.0036735344647124807,-8.055074992791381e-05,-0.0001921902009470994,0.00048817928501632254,0.003907336822355675,0.4382342339399896,0.15033730724797234,0.0006698972646037223,1.365740342110789e-05,0.0006562398611826145
V10-PLAIN-CACHED-FIT-GN-CONTINUE,ordered_total_channels,top,-3,0,p,8.75,-0.0006374596441168225,0.0006218532948552779,1.2553482268998042e-15,3.668039838538298e-15,0.0008905370953514232,0.4382342339399896,0.15033730724797234,3.93491390705497e-05,7.457653301374714e-28,3.93491390705497e-05
V10-PLAIN-CACHED-FIT-GN-CONTINUE,ordered_total_channels,top,-3,1,s,8.75,0.0005001892359453364,0.0003068055034327877,-9.195140170915746e-05,5.576925994137385e-05,0.0006431560699458188,0.4382342339399896,0.15033730724797234,1.090290783031362e-05,3.6621598134782935e-07,1.053669184896579e-05
V10-PLAIN-CACHED-FIT-GN-CONTINUE,ordered_total_channels,top,-3,1,p,8.75,0.0014280748454628186,0.0006239674971196106,-6.491873565012055e-05,4.0080513039672495e-05,0.0016031075582824768,0.4382342339399896,0.15033730724797234,7.69061910695403e-05,1.843193233680326e-07,7.672187174617226e-05
V10-PLAIN-CACHED-FIT-GN-CONTINUE,ordered_total_channels,top,-2,-1,s,8.75,8.839216687380716e-05,-0.0001328256637076018,2.344516502433825e-06,9.65817440460633e-07,0.00015907343763880397,0.4382342339399896,0.15033730724797234,1.0871656395847758e-06,2.745931746845648e-10,1.0868910464100913e-06
V10-PLAIN-CACHED-FIT-GN-CONTINUE,ordered_total_channels,top,-2,-1,p,8.75,0.005078504646130553,-0.0001910669865302847,-0.00011450210530953003,-0.00014336308972240936,0.00519322585511866,0.4382342339399896,0.15033730724797234,0.0011030480286996142,1.437706929814518e-06,0.0011016103217697997
V10-PLAIN-CACHED-FIT-GN-CONTINUE,ordered_total_channels,top,-2,0,s,8.75,0.0007219294672648221,-0.00029891431452459415,0.00016425932553326252,-5.6207388544626634e-05,0.0006081962174311372,0.4382342339399896,0.15033730724797234,3.4982678076275066e-05,1.7270051732052553e-06,3.325567290306981e-05
V10-PLAIN-CACHED-FIT-GN-CONTINUE,ordered_total_channels,top,-2,0,p,8.75,-0.00022545692144109141,0.0001869329188150223,-1.731002669799771e-16,1.1404235647096274e-15,0.0002928732482865135,0.4382342339399896,0.15033730724797234,4.914780026226663e-06,7.623760074136061e-29,4.914780026226663e-06
V10-PLAIN-CACHED-FIT-GN-CONTINUE,ordered_total_channels,top,-2,1,s,8.75,-0.00012060368794860082,8.094804252281975e-05,2.3445165013757525e-06,9.658174394089157e-07,0.00014667452848660066,0.4382342339399896,0.15033730724797234,9.010446539230669e-07,2.745931743859139e-10,9.007700607486809e-07
V10-PLAIN-CACHED-FIT-GN-CONTINUE,ordered_total_channels,top,-2,1,p,8.75,-0.0010047872044155301,-0.0011995112140257259,0.0001145021053115565,0.0001433630897223461,0.0017481761794899868,0.4382342339399896,0.15033730724797234,0.00010456711662451265,1.4377069298335635e-06,0.00010312940969467908
V10-PLAIN-CACHED-FIT-GN-CONTINUE,ordered_total_channels,top,-1,-1,s,8.75,-0.0003974856595574716,0.0005317557590449138,-0.0001675317294758279,-0.0002780507862091289,0.0008418226955222111,0.4382342339399896,0.15033730724797234,1.3963657670028452e-05,3.3385088803210597e-06,1.0625148789707393e-05
V10-PLAIN-CACHED-FIT-GN-CONTINUE,ordered_total_channels,top,-1,-1,p,8.75,-0.0007108290019809418,0.0011893309555162444,-0.00012312018254765662,-0.00020515373533905003,0.0015132710297463083,0.4382342339399896,0.15033730724797234,6.0820612056022154e-05,1.8136268113864188e-06,5.900698524463574e-05
V10-PLAIN-CACHED-FIT-GN-CONTINUE,ordered_total_channels,top,-1,0,s,8.75,0.0017567203330388977,0.0017454962591909474,-0.0010285581087383054,0.0013279322632824794,0.0028164047452218033,0.4382342339399896,0.15033730724797234,0.00030435459736384655,0.00014001487940183894,0.0001643397179620076
V10-PLAIN-CACHED-FIT-GN-CONTINUE,ordered_total_channels,top,-1,0,p,8.75,0.00018086178803352923,0.00025142619407685774,1.0695710033665002e-15,-1.898478834981676e-15,0.0003097194172783275,0.4382342339399896,0.15033730724797234,4.760540517356659e-06,2.3563986760300565e-28,4.760540517356659e-06
V10-PLAIN-CACHED-FIT-GN-CONTINUE,ordered_total_channels,top,-1,1,s,8.75,-0.0006101416683455838,0.0014842556592979423,-0.0001675317294752791,-0.00027805078621218255,0.0018170381299998373,0.4382342339399896,0.15033730724797234,8.158751854314038e-05,3.338508880369034e-06,7.824900966277135e-05
V10-PLAIN-CACHED-FIT-GN-CONTINUE,ordered_total_channels,top,-1,1,p,8.75,0.00168990093861774,-0.0035630847285084435,0.00012312018254904267,0.00020515373533914856,0.004080983099451364,0.4382342339399896,0.15033730724797234,0.0004926809015954635,1.8136268113985115e-06,0.000490867274784065
V10-PLAIN-CACHED-FIT-GN-CONTINUE,ordered_total_channels,top,0,0,s,8.75,0.02644404111329796,-0.41083748924601515,0.026785429987131376,-0.4121567714282053,0.0013627368929553486,0.4382342339399896,0.15033730724797234,0.812773987823308,0.812256818464021,0.0005171693592870286
V10-PLAIN-CACHED-FIT-GN-CONTINUE,ordered_total_channels,top,0,0,p,8.75,0.0015935962081234146,0.0635165437613404,1.1196540890151039e-13,-5.214558791588342e-15,0.06353653185578452,0.4382342339399896,0.15033730724797234,0.004036890880259929,1.2563444413870592e-26,0.004036890880259929
V10-PLAIN-CACHED-FIT-GN-CONTINUE,ordered_total_channels,bottom,-3,-1,s,-1.25,0.00034710929622548524,-0.0005067708969603348,-4.909306826319978e-06,0.00011217325597253058,0.0007120456174602345,0.4382342339399896,0.15033730724797234,1.142034594175871e-05,3.815929255738811e-07,1.103875301618483e-05
V10-PLAIN-CACHED-FIT-GN-CONTINUE,ordered_total_channels,bottom,-3,-1,p,-1.25,0.0008731676089620814,-0.0010837507255362876,-1.5732873803997091e-06,7.928198517251047e-05,0.0014552720439535358,0.4382342339399896,0.15033730724797234,5.862814736422086e-05,1.903314808729246e-07,5.843781588334793e-05
V10-PLAIN-CACHED-FIT-GN-CONTINUE,ordered_total_channels,bottom,-3,0,s,-1.25,-0.003336990473799349,-0.0012115578535455331,-0.0004924362020247129,-0.0001736752134376343,0.003027984375737212,0.4382342339399896,0.15033730724797234,0.0006105697012721423,1.3208823483228831e-05,0.0005973608777889135
V10-PLAIN-CACHED-FIT-GN-CONTINUE,ordered_total_channels,bottom,-3,0,p,-1.25,-0.0007225278994837236,-0.0015828379103457054,-1.3274970028758873e-16,2.3198170478591657e-16,0.0017399489693552693,0.4382342339399896,0.15033730724797234,0.00014666325341072367,3.46080831114775e-30,0.00014666325341072367
V10-PLAIN-CACHED-FIT-GN-CONTINUE,ordered_total_channels,bottom,-3,1,s,-1.25,-7.976594567124244e-05,0.0002663640728063083,-4.909306828951654e-06,0.00011217325597379069,0.00017140106293207213,0.4382342339399896,0.15033730724797234,2.3401295684538203e-06,3.8159292558322023e-07,1.9585366428706e-06
V10-PLAIN-CACHED-FIT-GN-CONTINUE,ordered_total_channels,bottom,-3,1,p,-1.25,6.339814096495293e-05,-0.00048148682774369975,1.5732873796791848e-06,-7.9281985174855e-05,0.0004069287995542583,0.4382342339399896,0.15033730724797234,7.138787297374902e-06,1.903314808841085e-07,6.948455816490793e-06
V10-PLAIN-CACHED-FIT-GN-CONTINUE,ordered_total_channels,bottom,-2,-1,s,-1.25,-7.763957719797523e-05,-5.877025297571334e-05,7.745485652971132e-07,2.4717345258705883e-06,9.949550820194072e-05,0.4382342339399896,0.15033730724797234,3.9322989075924953e-07,2.7825122930511906e-10,3.929516395299444e-07
V10-PLAIN-CACHED-FIT-GN-CONTINUE,ordered_total_channels,bottom,-2,-1,p,-1.25,-1.805402433939405e-05,-0.00023357285646238333,-3.630225008417201e-05,0.0001883234131536643,0.00042229072930715533,0.4382342339399896,0.15033730724797234,2.276068481845812e-06,1.5254830024257906e-06,7.505854794200214e-07
V10-PLAIN-CACHED-FIT-GN-CONTINUE,ordered_total_channels,bottom,-2,0,s,-1.25,-0.0018176635768538845,0.000615045441192214,-0.00018404130862068258,1.7489532595230964e-05,0.0017394811810325967,0.4382342339399896,0.15033730724797234,0.0002068627571100185,1.9200481909981673e-06,0.00020494270891902033
V10-PLAIN-CACHED-FIT-GN-CONTINUE,ordered_total_channels,bottom,-2,0,p,-1.25,-1.5621018838869285e-05,3.320852996163331e-06,-1.953215047833636e-16,3.0838854490696276e-16,1.5970106266969096e-05,0.4382342339399896,0.15033730724797234,1.4328235032391747e-08,7.486128714139298e-30,1.4328235032391747e-08
V10-PLAIN-CACHED-FIT-GN-CONTINUE,ordered_total_channels,bottom,-2,1,s,-1.25,9.405237064086454e-05,-5.4400659007913555e-05,7.745485660026084e-07,2.4717345262717786e-06,0.00010924843814598379,0.4382342339399896,0.15033730724797234,4.8958702011387e-07,2.7825122943269296e-10,4.893087688844373e-07
V10-PLAIN-CACHED-FIT-GN-CONTINUE,ordered_total_channels,bottom,-2,1,p,-1.25,-0.00025912081547780464,0.0019342464960481075,3.630225008297548e-05,-0.00018832341315286793,0.0021430300527782538,0.4382342339399896,0.15033730724797234,0.00015794366479560167,1.5254830024097482e-06,0.00015641818179319193
V10-PLAIN-CACHED-FIT-GN-CONTINUE,ordered_total_channels,bottom,-1,-1,s,-1.25,-9.274689571183976e-05,0.0006287277558027516,-0.00033718347041335526,-1.6668060240140516e-05,0.0006901340438041586,0.4382342339399896,0.15033730724797234,1.2231958360281692e-05,3.4515489579344382e-06,8.780409402347255e-06
V10-PLAIN-CACHED-FIT-GN-CONTINUE,ordered_total_channels,bottom,-1,-1,p,-1.25,0.0001400440523515151,-0.0014954440775334877,0.0002479992366175502,8.609260274623294e-06,0.0015079226653849438,0.4382342339399896,0.15033730724797234,6.832095683201416e-05,1.8648558637476027e-06,6.645610096826656e-05
V10-PLAIN-CACHED-FIT-GN-CONTINUE,ordered_total_channels,bottom,-1,0,s,-1.25,-0.004968539019840783,-0.000671447461954236,-0.0011348134234953988,-0.0008861976207941805,0.003839735613137388,0.4382342339399896,0.15033730724797234,0.0012180261518507209,0.00010045454435778903,0.0011175716074929318
V10-PLAIN-CACHED-FIT-GN-CONTINUE,ordered_total_channels,bottom,-1,0,p,-1.25,0.0005321262223507203,-0.00036669215266650444,-4.465027736885759e-16,-2.0865938982257457e-16,0.0006462363742012402,0.4382342339399896,0.15033730724797234,2.023588189911012e-05,1.1769907587313279e-29,2.023588189911012e-05
V10-PLAIN-CACHED-FIT-GN-CONTINUE,ordered_total_channels,bottom,-1,1,s,-1.25,-0.000184390546180137,0.00012569722920542957,-0.00033718347041209904,-1.6668060241286416e-05,0.00020883858200677698,0.4382342339399896,0.15033730724797234,1.5081618752394985e-06,3.4515489579099395e-06,1.9433870826704412e-06
V10-PLAIN-CACHED-FIT-GN-CONTINUE,ordered_total_channels,bottom,-1,1,p,-1.25,-0.0006726720348265426,0.0006502904264241258,-0.000247999236616804,-8.609260275602887e-06,0.0007838978139223824,0.4382342339399896,0.15033730724797234,2.6510068459408612e-05,1.8648558637369045e-06,2.4645212595671707e-05
V10-PLAIN-CACHED-FIT-GN-CONTINUE,ordered_total_channels,bottom,0,0,s,-1.25,0.07496353130324941,-0.11714704331317102,0.07718950242782177,-0.12447475436113979,0.007658348167193333,0.4382342339399896,0.15033730724797234,0.02915303706210846,0.032331984498269135,0.003178947436160675
V10-PLAIN-CACHED-FIT-GN-CONTINUE,ordered_total_channels,bottom,0,0,p,-1.25,0.007086811789126699,0.00836259028222845,2.4167599005431038e-15,5.725178855579965e-15,0.010961560909049262,0.4382342339399896,0.15033730724797234,0.00018109466498088134,5.820430999983165e-29,0.00018109466498088134
V10-PLAIN-CACHED-FIT-GN-CONTINUE,ordered_outgoing_channels,top,-3,-1,s,8.75,-3.696858263528772e-05,0.00038630659724577627,-9.195140170809825e-05,5.576925993858354e-05,0.00033507915743495945,0.9130801710515086,0.07215462208378132,4.768753966874507e-06,3.662159813318062e-07,4.4025379855427015e-06
V10-PLAIN-CACHED-FIT-GN-CONTINUE,ordered_outgoing_channels,top,-3,-1,p,8.75,0.00037739394968962583,-0.0009569877882645946,6.491873565175626e-05,-4.0080513039853855e-05,0.000968689687540892,0.9130801710515086,0.07215462208378132,3.350969823403843e-05,1.843193233752179e-07,3.332537891066321e-05
V10-PLAIN-CACHED-FIT-GN-CONTINUE,ordered_outgoing_channels,top,-3,0,s,8.75,0.0036735344647124807,-8.055074992791381e-05,-0.0001921902009470994,0.00048817928501632254,0.003907336822355675,0.9130801710515086,0.07215462208378132,0.0006698972646037223,1.365740342110789e-05,0.0006562398611826145
V10-PLAIN-CACHED-FIT-GN-CONTINUE,ordered_outgoing_channels,top,-3,0,p,8.75,-0.0006374596441168225,0.0006218532948552779,1.2553482268998042e-15,3.668039838538298e-15,0.0008905370953514232,0.9130801710515086,0.07215462208378132,3.93491390705497e-05,7.457653301374714e-28,3.93491390705497e-05
V10-PLAIN-CACHED-FIT-GN-CONTINUE,ordered_outgoing_channels,top,-3,1,s,8.75,0.0005001892359453364,0.0003068055034327877,-9.195140170915746e-05,5.576925994137385e-05,0.0006431560699458188,0.9130801710515086,0.07215462208378132,1.090290783031362e-05,3.6621598134782935e-07,1.053669184896579e-05
V10-PLAIN-CACHED-FIT-GN-CONTINUE,ordered_outgoing_channels,top,-3,1,p,8.75,0.0014280748454628186,0.0006239674971196106,-6.491873565012055e-05,4.0080513039672495e-05,0.0016031075582824768,0.9130801710515086,0.07215462208378132,7.69061910695403e-05,1.843193233680326e-07,7.672187174617226e-05
V10-PLAIN-CACHED-FIT-GN-CONTINUE,ordered_outgoing_channels,top,-2,-1,s,8.75,8.839216687380716e-05,-0.0001328256637076018,2.344516502433825e-06,9.65817440460633e-07,0.00015907343763880397,0.9130801710515086,0.07215462208378132,1.0871656395847758e-06,2.745931746845648e-10,1.0868910464100913e-06
V10-PLAIN-CACHED-FIT-GN-CONTINUE,ordered_outgoing_channels,top,-2,-1,p,8.75,0.005078504646130553,-0.0001910669865302847,-0.00011450210530953003,-0.00014336308972240936,0.00519322585511866,0.9130801710515086,0.07215462208378132,0.0011030480286996142,1.437706929814518e-06,0.0011016103217697997
V10-PLAIN-CACHED-FIT-GN-CONTINUE,ordered_outgoing_channels,top,-2,0,s,8.75,0.0007219294672648221,-0.00029891431452459415,0.00016425932553326252,-5.6207388544626634e-05,0.0006081962174311372,0.9130801710515086,0.07215462208378132,3.4982678076275066e-05,1.7270051732052553e-06,3.325567290306981e-05
V10-PLAIN-CACHED-FIT-GN-CONTINUE,ordered_outgoing_channels,top,-2,0,p,8.75,-0.00022545692144109141,0.0001869329188150223,-1.731002669799771e-16,1.1404235647096274e-15,0.0002928732482865135,0.9130801710515086,0.07215462208378132,4.914780026226663e-06,7.623760074136061e-29,4.914780026226663e-06
V10-PLAIN-CACHED-FIT-GN-CONTINUE,ordered_outgoing_channels,top,-2,1,s,8.75,-0.00012060368794860082,8.094804252281975e-05,2.3445165013757525e-06,9.658174394089157e-07,0.00014667452848660066,0.9130801710515086,0.07215462208378132,9.010446539230669e-07,2.745931743859139e-10,9.007700607486809e-07
V10-PLAIN-CACHED-FIT-GN-CONTINUE,ordered_outgoing_channels,top,-2,1,p,8.75,-0.0010047872044155301,-0.0011995112140257259,0.0001145021053115565,0.0001433630897223461,0.0017481761794899868,0.9130801710515086,0.07215462208378132,0.00010456711662451265,1.4377069298335635e-06,0.00010312940969467908
V10-PLAIN-CACHED-FIT-GN-CONTINUE,ordered_outgoing_channels,top,-1,-1,s,8.75,-0.0003974856595574716,0.0005317557590449138,-0.0001675317294758279,-0.0002780507862091289,0.0008418226955222111,0.9130801710515086,0.07215462208378132,1.3963657670028452e-05,3.3385088803210597e-06,1.0625148789707393e-05
V10-PLAIN-CACHED-FIT-GN-CONTINUE,ordered_outgoing_channels,top,-1,-1,p,8.75,-0.0007108290019809418,0.0011893309555162444,-0.00012312018254765662,-0.00020515373533905003,0.0015132710297463083,0.9130801710515086,0.07215462208378132,6.0820612056022154e-05,1.8136268113864188e-06,5.900698524463574e-05
V10-PLAIN-CACHED-FIT-GN-CONTINUE,ordered_outgoing_channels,top,-1,0,s,8.75,0.0017567203330388977,0.0017454962591909474,-0.0010285581087383054,0.0013279322632824794,0.0028164047452218033,0.9130801710515086,0.07215462208378132,0.00030435459736384655,0.00014001487940183894,0.0001643397179620076
V10-PLAIN-CACHED-FIT-GN-CONTINUE,ordered_outgoing_channels,top,-1,0,p,8.75,0.00018086178803352923,0.00025142619407685774,1.0695710033665002e-15,-1.898478834981676e-15,0.0003097194172783275,0.9130801710515086,0.07215462208378132,4.760540517356659e-06,2.3563986760300565e-28,4.760540517356659e-06
V10-PLAIN-CACHED-FIT-GN-CONTINUE,ordered_outgoing_channels,top,-1,1,s,8.75,-0.0006101416683455838,0.0014842556592979423,-0.0001675317294752791,-0.00027805078621218255,0.0018170381299998373,0.9130801710515086,0.07215462208378132,8.158751854314038e-05,3.338508880369034e-06,7.824900966277135e-05
V10-PLAIN-CACHED-FIT-GN-CONTINUE,ordered_outgoing_channels,top,-1,1,p,8.75,0.00168990093861774,-0.0035630847285084435,0.00012312018254904267,0.00020515373533914856,0.004080983099451364,0.9130801710515086,0.07215462208378132,0.0004926809015954635,1.8136268113985115e-06,0.000490867274784065
V10-PLAIN-CACHED-FIT-GN-CONTINUE,ordered_outgoing_channels,top,0,0,s,8.75,-0.9008049706610827,-0.03639220597563564,-0.9004635817872493,-0.03771148815782577,0.0013627368929553425,0.9130801710515086,0.07215462208378132,0.812773987823308,0.812256818464021,0.0005171693592870286
V10-PLAIN-CACHED-FIT-GN-CONTINUE,ordered_outgoing_channels,top,0,0,p,8.75,0.0015935962081234146,0.0635165437613404,1.1196540890151039e-13,-5.214558791588342e-15,0.06353653185578452,0.9130801710515086,0.07215462208378132,0.004036890880259929,1.2563444413870592e-26,0.004036890880259929
V10-PLAIN-CACHED-FIT-GN-CONTINUE,ordered_outgoing_channels,bottom,-3,-1,s,-1.25,0.00034710929622548524,-0.0005067708969603348,-4.909306826319978e-06,0.00011217325597253058,0.0007120456174602345,0.9130801710515086,0.07215462208378132,1.142034594175871e-05,3.815929255738811e-07,1.103875301618483e-05
V10-PLAIN-CACHED-FIT-GN-CONTINUE,ordered_outgoing_channels,bottom,-3,-1,p,-1.25,0.0008731676089620814,-0.0010837507255362876,-1.5732873803997091e-06,7.928198517251047e-05,0.0014552720439535358,0.9130801710515086,0.07215462208378132,5.862814736422086e-05,1.903314808729246e-07,5.843781588334793e-05
V10-PLAIN-CACHED-FIT-GN-CONTINUE,ordered_outgoing_channels,bottom,-3,0,s,-1.25,-0.003336990473799349,-0.0012115578535455331,-0.0004924362020247129,-0.0001736752134376343,0.003027984375737212,0.9130801710515086,0.07215462208378132,0.0006105697012721423,1.3208823483228831e-05,0.0005973608777889135
V10-PLAIN-CACHED-FIT-GN-CONTINUE,ordered_outgoing_channels,bottom,-3,0,p,-1.25,-0.0007225278994837236,-0.0015828379103457054,-1.3274970028758873e-16,2.3198170478591657e-16,0.0017399489693552693,0.9130801710515086,0.07215462208378132,0.00014666325341072367,3.46080831114775e-30,0.00014666325341072367
V10-PLAIN-CACHED-FIT-GN-CONTINUE,ordered_outgoing_channels,bottom,-3,1,s,-1.25,-7.976594567124244e-05,0.0002663640728063083,-4.909306828951654e-06,0.00011217325597379069,0.00017140106293207213,0.9130801710515086,0.07215462208378132,2.3401295684538203e-06,3.8159292558322023e-07,1.9585366428706e-06
V10-PLAIN-CACHED-FIT-GN-CONTINUE,ordered_outgoing_channels,bottom,-3,1,p,-1.25,6.339814096495293e-05,-0.00048148682774369975,1.5732873796791848e-06,-7.9281985174855e-05,0.0004069287995542583,0.9130801710515086,0.07215462208378132,7.138787297374902e-06,1.903314808841085e-07,6.948455816490793e-06
V10-PLAIN-CACHED-FIT-GN-CONTINUE,ordered_outgoing_channels,bottom,-2,-1,s,-1.25,-7.763957719797523e-05,-5.877025297571334e-05,7.745485652971132e-07,2.4717345258705883e-06,9.949550820194072e-05,0.9130801710515086,0.07215462208378132,3.9322989075924953e-07,2.7825122930511906e-10,3.929516395299444e-07
V10-PLAIN-CACHED-FIT-GN-CONTINUE,ordered_outgoing_channels,bottom,-2,-1,p,-1.25,-1.805402433939405e-05,-0.00023357285646238333,-3.630225008417201e-05,0.0001883234131536643,0.00042229072930715533,0.9130801710515086,0.07215462208378132,2.276068481845812e-06,1.5254830024257906e-06,7.505854794200214e-07
V10-PLAIN-CACHED-FIT-GN-CONTINUE,ordered_outgoing_channels,bottom,-2,0,s,-1.25,-0.0018176635768538845,0.000615045441192214,-0.00018404130862068258,1.7489532595230964e-05,0.0017394811810325967,0.9130801710515086,0.07215462208378132,0.0002068627571100185,1.9200481909981673e-06,0.00020494270891902033
V10-PLAIN-CACHED-FIT-GN-CONTINUE,ordered_outgoing_channels,bottom,-2,0,p,-1.25,-1.5621018838869285e-05,3.320852996163331e-06,-1.953215047833636e-16,3.0838854490696276e-16,1.5970106266969096e-05,0.9130801710515086,0.07215462208378132,1.4328235032391747e-08,7.486128714139298e-30,1.4328235032391747e-08
V10-PLAIN-CACHED-FIT-GN-CONTINUE,ordered_outgoing_channels,bottom,-2,1,s,-1.25,9.405237064086454e-05,-5.4400659007913555e-05,7.745485660026084e-07,2.4717345262717786e-06,0.00010924843814598379,0.9130801710515086,0.07215462208378132,4.8958702011387e-07,2.7825122943269296e-10,4.893087688844373e-07
V10-PLAIN-CACHED-FIT-GN-CONTINUE,ordered_outgoing_channels,bottom,-2,1,p,-1.25,-0.00025912081547780464,0.0019342464960481075,3.630225008297548e-05,-0.00018832341315286793,0.0021430300527782538,0.9130801710515086,0.07215462208378132,0.00015794366479560167,1.5254830024097482e-06,0.00015641818179319193
V10-PLAIN-CACHED-FIT-GN-CONTINUE,ordered_outgoing_channels,bottom,-1,-1,s,-1.25,-9.274689571183976e-05,0.0006287277558027516,-0.00033718347041335526,-1.6668060240140516e-05,0.0006901340438041586,0.9130801710515086,0.07215462208378132,1.2231958360281692e-05,3.4515489579344382e-06,8.780409402347255e-06
V10-PLAIN-CACHED-FIT-GN-CONTINUE,ordered_outgoing_channels,bottom,-1,-1,p,-1.25,0.0001400440523515151,-0.0014954440775334877,0.0002479992366175502,8.609260274623294e-06,0.0015079226653849438,0.9130801710515086,0.07215462208378132,6.832095683201416e-05,1.8648558637476027e-06,6.645610096826656e-05
V10-PLAIN-CACHED-FIT-GN-CONTINUE,ordered_outgoing_channels,bottom,-1,0,s,-1.25,-0.004968539019840783,-0.000671447461954236,-0.0011348134234953988,-0.0008861976207941805,0.003839735613137388,0.9130801710515086,0.07215462208378132,0.0012180261518507209,0.00010045454435778903,0.0011175716074929318
V10-PLAIN-CACHED-FIT-GN-CONTINUE,ordered_outgoing_channels,bottom,-1,0,p,-1.25,0.0005321262223507203,-0.00036669215266650444,-4.465027736885759e-16,-2.0865938982257457e-16,0.0006462363742012402,0.9130801710515086,0.07215462208378132,2.023588189911012e-05,1.1769907587313279e-29,2.023588189911012e-05
V10-PLAIN-CACHED-FIT-GN-CONTINUE,ordered_outgoing_channels,bottom,-1,1,s,-1.25,-0.000184390546180137,0.00012569722920542957,-0.00033718347041209904,-1.6668060241286416e-05,0.00020883858200677698,0.9130801710515086,0.07215462208378132,1.5081618752394985e-06,3.4515489579099395e-06,1.9433870826704412e-06
V10-PLAIN-CACHED-FIT-GN-CONTINUE,ordered_outgoing_channels,bottom,-1,1,p,-1.25,-0.0006726720348265426,0.0006502904264241258,-0.000247999236616804,-8.609260275602887e-06,0.0007838978139223824,0.9130801710515086,0.07215462208378132,2.6510068459408612e-05,1.8648558637369045e-06,2.4645212595671707e-05
V10-PLAIN-CACHED-FIT-GN-CONTINUE,ordered_outgoing_channels,bottom,0,0,s,-1.25,0.07496353130324941,-0.11714704331317102,0.07718950242782177,-0.12447475436113979,0.007658348167193333,0.9130801710515086,0.07215462208378132,0.02915303706210846,0.032331984498269135,0.003178947436160675
V10-PLAIN-CACHED-FIT-GN-CONTINUE,ordered_outgoing_channels,bottom,0,0,p,-1.25,0.007086811789126699,0.00836259028222845,2.4167599005431038e-15,5.725178855579965e-15,0.010961560909049262,0.9130801710515086,0.07215462208378132,0.00018109466498088134,5.820430999983165e-29,0.00018109466498088134
V10-PLAIN-CACHED-FIT-GN-CONTINUE,ordered_boundary_outgoing_channels,top,-3,-1,s,8.75,4.308825959310256e-05,0.00038567196561703823,-7.855082196187339e-05,7.345092919286605e-05,0.00033507915743495945,0.9095181214967073,0.071978282637598,4.768753966874507e-06,3.662159813318062e-07,4.4025379855427015e-06
V10-PLAIN-CACHED-FIT-GN-CONTINUE,ordered_boundary_outgoing_channels,top,-3,-1,p,8.75,0.00017298903231636477,-0.0010140644036983767,5.531274235513715e-05,-5.254893240889601e-05,0.0009686896875408921,0.9095181214967073,0.071978282637598,3.350969823403843e-05,1.843193233752179e-07,3.332537891066321e-05
V10-PLAIN-CACHED-FIT-GN-CONTINUE,ordered_boundary_outgoing_channels,top,-3,0,s,8.75,-0.0036641491126943346,-0.00027450895556553655,0.0002384264874377627,-0.00046734237743567054,0.003907336822355675,0.9095181214967073,0.071978282637598,0.0006698972646037223,1.365740342110789e-05,0.0006562398611826145
V10-PLAIN-CACHED-FIT-GN-CONTINUE,ordered_boundary_outgoing_channels,top,-3,0,p,8.75,0.0006945220070311516,-0.0005574006637503513,-8.953304260694988e-16,-3.7721080122444466e-15,0.0008905370953514231,0.9095181214967073,0.071978282637598,3.93491390705497e-05,7.457653301374714e-28,3.93491390705497e-05
V10-PLAIN-CACHED-FIT-GN-CONTINUE,ordered_boundary_outgoing_channels,top,-3,1,s,8.75,0.0005525017495370828,0.00019763781381782242,-7.855082196233748e-05,7.345092919581435e-05,0.0006431560699458188,0.9095181214967073,0.071978282637598,1.090290783031362e-05,3.6621598134782935e-07,1.053669184896579e-05
V10-PLAIN-CACHED-FIT-GN-CONTINUE,ordered_boundary_outgoing_channels,top,-3,1,p,8.75,0.001525723664269572,0.0003176483936575072,-5.5312742353573465e-05,5.2548932408382856e-05,0.0016031075582824766,0.9095181214967073,0.071978282637598,7.69061910695403e-05,1.843193233680326e-07,7.672187174617226e-05
V10-PLAIN-CACHED-FIT-GN-CONTINUE,ordered_boundary_outgoing_channels,top,-2,-1,s,8.75,9.553551947248299e-05,0.00012778417986251164,-1.6954805776036832e-06,1.8854459868824524e-06,0.00015907343763880397,0.9095181214967073,0.071978282637598,1.0871656395847758e-06,2.745931746845648e-10,1.0868910464100913e-06
V10-PLAIN-CACHED-FIT-GN-CONTINUE,ordered_boundary_outgoing_channels,top,-2,-1,p,8.75,-0.0015214184818523675,0.004849020709090591,0.00017343931198744156,-5.9854094867379096e-05,0.005193225855118661,0.9095181214967073,0.071978282637598,0.0011030480286996142,1.437706929814518e-06,0.0011016103217697997
V10-PLAIN-CACHED-FIT-GN-CONTINUE,ordered_boundary_outgoing_channels,top,-2,0,s,8.75,-0.00029891440659289233,-0.0007219294291440104,-5.6207409492762594e-05,-0.00016425931836508344,0.0006081962174311372,0.9095181214967073,0.071978282637598,3.4982678076275066e-05,1.7270051732052553e-06,3.325567290306981e-05
V10-PLAIN-CACHED-FIT-GN-CONTINUE,ordered_boundary_outgoing_channels,top,-2,0,p,8.75,0.0001869329475677405,0.00022545689760136985,1.1404235867852477e-15,1.7310012154075433e-16,0.0002928732482865135,0.9095181214967073,0.071978282637598,4.914780026226663e-06,7.623760074136061e-29,4.914780026226663e-06
V10-PLAIN-CACHED-FIT-GN-CONTINUE,ordered_boundary_outgoing_channels,top,-2,1,s,8.75,-3.586423374445312e-05,-0.00014075365669496102,-1.6954805762582626e-06,1.885445986237883e-06,0.00014667452848660066,0.9095181214967073,0.071978282637598,9.010446539230669e-07,2.745931743859139e-10,9.007700607486809e-07
V10-PLAIN-CACHED-FIT-GN-CONTINUE,ordered_boundary_outgoing_channels,top,-2,1,p,8.75,0.0014668213520138839,-0.0005448482357563513,-0.00017343931198806085,5.9854094869309646e-05,0.0017481761794899868,0.9095181214967073,0.071978282637598,0.00010456711662451265,1.4377069298335635e-06,0.00010312940969467908
V10-PLAIN-CACHED-FIT-GN-CONTINUE,ordered_boundary_outgoing_channels,top,-1,-1,s,8.75,-0.0002817333959248113,0.000601153333561367,-0.00022030138827274493,-0.0002384248695454775,0.0008418226955222111,0.9095181214967073,0.071978282637598,1.3963657670028452e-05,3.3385088803210597e-06,1.0625148789707393e-05
V10-PLAIN-CACHED-FIT-GN-CONTINUE,ordered_boundary_outgoing_channels,top,-1,-1,p,8.75,-0.00045561811742164253,0.0013085098864294312,-0.00016206524324860404,-0.0001760155998907599,0.0015132710297463081,0.9095181214967073,0.071978282637598,6.0820612056022154e-05,1.8136268113864188e-06,5.900698524463574e-05
V10-PLAIN-CACHED-FIT-GN-CONTINUE,ordered_boundary_outgoing_channels,top,-1,0,s,8.75,-0.001576293089683382,-0.0019100061818691334,0.0011543275989399616,-0.0012201900152203147,0.0028164047452218038,0.9095181214967073,0.071978282637598,0.00030435459736384655,0.00014001487940183894,0.0001643397179620076
V10-PLAIN-CACHED-FIT-GN-CONTINUE,ordered_boundary_outgoing_channels,top,-1,0,p,8.75,-0.00015522337848887472,-0.00026801458954534273,-1.2513260214317444e-15,1.783924663825131e-15,0.0003097194172783275,0.9095181214967073,0.071978282637598,4.760540517356659e-06,2.3563986760300565e-28,4.760540517356659e-06
V10-PLAIN-CACHED-FIT-GN-CONTINUE,ordered_boundary_outgoing_channels,top,-1,1,s,8.75,-0.00029736745401182145,0.0015769782227107734,-0.00022030138827282503,-0.00023842486954857905,0.0018170381299998375,0.9095181214967073,0.071978282637598,8.158751854314038e-05,3.338508880369034e-06,7.824900966277135e-05
V10-PLAIN-CACHED-FIT-GN-CONTINUE,ordered_boundary_outgoing_channels,top,-1,1,p,8.75,0.0009344059339074578,-0.0038312169757858585,0.00016206524324998136,0.0001760155998905761,0.004080983099451364,0.9095181214967073,0.071978282637598,0.0004926809015954635,1.8136268113985115e-06,0.000490867274784065
V10-PLAIN-CACHED-FIT-GN-CONTINUE,ordered_boundary_outgoing_channels,top,0,0,s,8.75,-0.8773287414069573,-0.20752895538881214,-0.8767420008873494,-0.208758909616445,0.0013627368929553564,0.9095181214967073,0.071978282637598,0.812773987823308,0.812256818464021,0.0005171693592870286
V10-PLAIN-CACHED-FIT-GN-CONTINUE,ordered_boundary_outgoing_channels,top,0,0,p,8.75,-0.010549760503106949,0.06265455636733773,1.109046864019619e-13,1.6235607409513206e-14,0.06353653185578452,0.9095181214967073,0.071978282637598,0.004036890880259929,1.2563444413870592e-26,0.004036890880259929
V10-PLAIN-CACHED-FIT-GN-CONTINUE,ordered_boundary_outgoing_channels,bottom,-3,-1,s,-1.25,0.0006022719396809143,-7.223783245526061e-05,-8.648303367237041e-05,6.939127777564956e-05,0.0007031658539659639,0.9095181214967073,0.071978282637598,1.142034594175871e-05,3.815929255738811e-07,1.103875301618483e-05
V10-PLAIN-CACHED-FIT-GN-CONTINUE,ordered_boundary_outgoing_channels,bottom,-3,-1,p,-1.25,0.0013731869609773753,-5.732257634274135e-05,-5.9889780695573525e-05,5.0452604324837186e-05,0.0014371236679882095,0.9095181214967073,0.071978282637598,5.862814736422086e-05,1.903314808729246e-07,5.843781588334793e-05
V10-PLAIN-CACHED-FIT-GN-CONTINUE,ordered_boundary_outgoing_channels,bottom,-3,0,s,-1.25,0.0004451972665556497,-0.0034938899122363854,6.074845422874771e-05,-0.0005144750722767751,0.003004116122567687,0.9095181214967073,0.071978282637598,0.0006105697012721423,1.3208823483228831e-05,0.0005973608777889135
V10-PLAIN-CACHED-FIT-GN-CONTINUE,ordered_boundary_outgoing_channels,bottom,-3,0,p,-1.25,0.0013744798536475804,-0.0010443600953669834,-2.5346697492730613e-16,-7.791468315616378e-17,0.0017262337260285884,0.9095181214967073,0.071978282637598,0.00014666325341072367,3.46080831114775e-30,0.00014666325341072367
V10-PLAIN-CACHED-FIT-GN-CONTINUE,ordered_boundary_outgoing_channels,bottom,-3,1,s,-1.25,-0.00024970624974283344,0.00011420571584135678,-8.648303367501951e-05,6.939127777451605e-05,0.00016926355816526773,0.9095181214967073,0.071978282637598,2.3401295684538203e-06,3.8159292558322023e-07,1.9585366428706e-06
V10-PLAIN-CACHED-FIT-GN-CONTINUE,ordered_boundary_outgoing_channels,bottom,-3,1,p,-1.25,0.0003987737915502742,-0.0002664255868063195,5.9889780696845165e-05,-5.0452604326898695e-05,0.00040185408044856685,0.9095181214967073,0.071978282637598,7.138787297374902e-06,1.903314808841085e-07,6.948455816490793e-06
V10-PLAIN-CACHED-FIT-GN-CONTINUE,ordered_boundary_outgoing_channels,bottom,-2,-1,s,-1.25,2.2485858777767207e-05,-9.382422097526123e-05,-1.935589521620524e-06,1.6853186586884327e-06,9.858234780186902e-05,0.9095181214967073,0.071978282637598,3.9322989075924953e-07,2.7825122930511906e-10,3.929516395299444e-07
V10-PLAIN-CACHED-FIT-GN-CONTINUE,ordered_boundary_outgoing_channels,bottom,-2,-1,p,-1.25,0.00020482180576280261,-0.00010921295748919497,-0.0001853545253180435,4.1894719858193056e-05,0.00041841498478069876,0.9095181214967073,0.071978282637598,2.276068481845812e-06,1.5254830024257906e-06,7.505854794200214e-07
V10-PLAIN-CACHED-FIT-GN-CONTINUE,ordered_boundary_outgoing_channels,bottom,-2,0,s,-1.25,-0.0006279294073736626,-0.001799406798885335,-1.910128656019509e-05,-0.00018261418318362527,0.0017276255505406359,0.9095181214967073,0.071978282637598,0.0002068627571100185,1.9200481909981673e-06,0.00020494270891902033
V10-PLAIN-CACHED-FIT-GN-CONTINUE,ordered_boundary_outgoing_channels,bottom,-2,0,p,-1.25,-3.445057192985616e-06,-1.548260818441646e-05,-3.081108181661143e-16,-1.9107978283180129e-16,1.5861260203623848e-05,0.9095181214967073,0.071978282637598,1.4328235032391747e-08,7.486128714139298e-30,1.4328235032391747e-08
V10-PLAIN-CACHED-FIT-GN-CONTINUE,ordered_boundary_outgoing_channels,bottom,-2,1,s,-1.25,8.675380820638974e-05,6.374445696180437e-05,-1.9355895217042767e-06,1.6853186594882002e-06,0.00010824576627378114,0.9095181214967073,0.071978282637598,4.8958702011387e-07,2.7825122943269296e-10,4.893087688844373e-07
V10-PLAIN-CACHED-FIT-GN-CONTINUE,ordered_boundary_outgoing_channels,bottom,-2,1,p,-1.25,-0.0018585527477387228,0.0005335244529407859,0.00018535452531684516,-4.189471985896257e-05,0.0021233615248645236,0.9095181214967073,0.071978282637598,0.00015794366479560167,1.5254830024097482e-06,0.00015641818179319193
V10-PLAIN-CACHED-FIT-GN-CONTINUE,ordered_boundary_outgoing_channels,bottom,-1,-1,s,-1.25,-0.0005273602176090559,0.0003402731402496529,-0.00020705147255067278,-0.00026129824663100645,0.0006815319696642237,0.9095181214967073,0.071978282637598,1.2231958360281692e-05,3.4515489579344382e-06,8.780409402347255e-06
V10-PLAIN-CACHED-FIT-GN-CONTINUE,ordered_boundary_outgoing_channels,bottom,-1,-1,p,-1.25,0.0012019143285437919,-0.0008691832168175797,0.00015499807170421564,0.00018981004150854804,0.0014891273854224756,0.9095181214967073,0.071978282637598,6.832095683201416e-05,1.8648558637476027e-06,6.645610096826656e-05
V10-PLAIN-CACHED-FIT-GN-CONTINUE,ordered_boundary_outgoing_channels,bottom,-1,0,s,-1.25,-0.00043184523068043025,-0.004955409470939749,0.0006107069086373302,-0.0012913701554319347,0.003809474907225799,0.9095181214967073,0.071978282637598,0.0012180261518507209,0.00010045454435778903,0.0011175716074929318
V10-PLAIN-CACHED-FIT-GN-CONTINUE,ordered_boundary_outgoing_channels,bottom,-1,0,p,-1.25,0.00047078979718089367,0.000435226218743355,1.0475495179447351e-16,-4.776152653530708e-16,0.0006411434274884075,0.9095181214967073,0.071978282637598,2.023588189911012e-05,1.1769907587313279e-29,2.023588189911012e-05
V10-PLAIN-CACHED-FIT-GN-CONTINUE,ordered_boundary_outgoing_channels,bottom,-1,1,s,-1.25,-0.00021336217274607418,-5.5159277050504844e-05,-0.00020705147254900414,-0.0002612982466308191,0.00020623554426095185,0.9095181214967073,0.071978282637598,1.5081618752394985e-06,3.4515489579099395e-06,1.9433870826704412e-06
V10-PLAIN-CACHED-FIT-GN-CONTINUE,ordered_boundary_outgoing_channels,bottom,-1,1,p,-1.25,-0.000920779758551493,-7.64474615737492e-05,-0.0001549980717030024,-0.00018981004150863128,0.0007741270350801684,0.9095181214967073,0.071978282637598,2.6510068459408612e-05,1.8648558637369045e-06,2.4645212595671707e-05
V10-PLAIN-CACHED-FIT-GN-CONTINUE,ordered_boundary_outgoing_channels,bottom,0,0,s,-1.25,0.06828380270446852,-0.09394927477063515,0.07050175899447489,-0.09994772920440079,0.0063953722095231825,0.9095181214967073,0.071978282637598,0.02915303706210846,0.032331984498269135,0.003178947436160675
V10-PLAIN-CACHED-FIT-GN-CONTINUE,ordered_boundary_outgoing_channels,bottom,0,0,p,-1.25,0.005494190767364928,0.007321651357119098,1.7315585978917311e-15,4.892126973773713e-15,0.009153835850795627,0.9095181214967073,0.071978282637598,0.00018109466498088134,5.820430999983165e-29,0.00018109466498088134
V10-PLAIN-CACHED-FIT-GN-CONTINUE,ordered_scattered_channels,top,-3,-1,s,8.75,-3.6968582635292384e-05,0.000386306597245772,-9.195140170810291e-05,5.5769259938579254e-05,0.00033507915743495945,0.2468359522790033,0.2669098811017095,4.768753966874507e-06,3.662159813318062e-07,4.4025379855427015e-06
V10-PLAIN-CACHED-FIT-GN-CONTINUE,ordered_scattered_channels,top,-3,-1,p,8.75,0.00037739394968961385,-0.0009569877882645967,6.49187356517443e-05,-4.008051303985588e-05,0.000968689687540892,0.2468359522790033,0.2669098811017095,3.350969823403843e-05,1.843193233752179e-07,3.332537891066321e-05
V10-PLAIN-CACHED-FIT-GN-CONTINUE,ordered_scattered_channels,top,-3,0,s,8.75,0.0036735344647123302,-8.055074992784868e-05,-0.00019219020094724982,0.00048817928501638765,0.003907336822355675,0.2468359522790033,0.2669098811017095,0.0006698972646037223,1.365740342110789e-05,0.0006562398611826145
V10-PLAIN-CACHED-FIT-GN-CONTINUE,ordered_scattered_channels,top,-3,0,p,8.75,-0.0006374596441168225,0.0006218532948552779,1.2553482268998042e-15,3.668039838538298e-15,0.0008905370953514232,0.2468359522790033,0.2669098811017095,3.93491390705497e-05,7.457653301374714e-28,3.93491390705497e-05
V10-PLAIN-CACHED-FIT-GN-CONTINUE,ordered_scattered_channels,top,-3,1,s,8.75,0.0005001892359453465,0.00030680550343279074,-9.195140170914724e-05,5.5769259941376876e-05,0.0006431560699458188,0.2468359522790033,0.2669098811017095,1.090290783031362e-05,3.6621598134782935e-07,1.053669184896579e-05
V10-PLAIN-CACHED-FIT-GN-CONTINUE,ordered_scattered_channels,top,-3,1,p,8.75,0.001428074845462832,0.0006239674971196254,-6.491873565010715e-05,4.00805130396873e-05,0.0016031075582824768,0.2468359522790033,0.2669098811017095,7.69061910695403e-05,1.843193233680326e-07,7.672187174617226e-05
V10-PLAIN-CACHED-FIT-GN-CONTINUE,ordered_scattered_channels,top,-2,-1,s,8.75,8.839216687380716e-05,-0.0001328256637076018,2.3445165024338254e-06,9.658174404606376e-07,0.00015907343763880397,0.2468359522790033,0.2669098811017095,1.0871656395847758e-06,2.745931746845648e-10,1.0868910464100913e-06
V10-PLAIN-CACHED-FIT-GN-CONTINUE,ordered_scattered_channels,top,-2,-1,p,8.75,0.005078504646130588,-0.00019106698653029936,-0.00011450210530949539,-0.00014336308972242402,0.00519322585511866,0.2468359522790033,0.2669098811017095,0.0011030480286996142,1.437706929814518e-06,0.0011016103217697997
V10-PLAIN-CACHED-FIT-GN-CONTINUE,ordered_scattered_channels,top,-2,0,s,8.75,0.0007219294672647629,-0.0002989143145247498,0.0001642593255332033,-5.620738854478225e-05,0.0006081962174311372,0.2468359522790033,0.2669098811017095,3.4982678076275066e-05,1.7270051732052553e-06,3.325567290306981e-05
V10-PLAIN-CACHED-FIT-GN-CONTINUE,ordered_scattered_channels,top,-2,0,p,8.75,-0.00022545692144109141,0.0001869329188150223,-1.731002669799771e-16,1.1404235647096274e-15,0.0002928732482865135,0.2468359522790033,0.2669098811017095,4.914780026226663e-06,7.623760074136061e-29,4.914780026226663e-06
V10-PLAIN-CACHED-FIT-GN-CONTINUE,ordered_scattered_channels,top,-2,1,s,8.75,-0.00012060368794860082,8.094804252281975e-05,2.344516501375749e-06,9.658174394089149e-07,0.00014667452848660066,0.2468359522790033,0.2669098811017095,9.010446539230669e-07,2.745931743859139e-10,9.007700607486809e-07
V10-PLAIN-CACHED-FIT-GN-CONTINUE,ordered_scattered_channels,top,-2,1,p,8.75,-0.0010047872044155407,-0.0011995112140257185,0.00011450210531154583,0.0001433630897223534,0.0017481761794899868,0.2468359522790033,0.2669098811017095,0.00010456711662451265,1.4377069298335635e-06,0.00010312940969467908
V10-PLAIN-CACHED-FIT-GN-CONTINUE,ordered_scattered_channels,top,-1,-1,s,8.75,-0.0003974856595574271,0.0005317557590449236,-0.00016753172947578341,-0.00027805078620911914,0.0008418226955222111,0.2468359522790033,0.2669098811017095,1.3963657670028452e-05,3.3385088803210597e-06,1.0625148789707393e-05
V10-PLAIN-CACHED-FIT-GN-CONTINUE,ordered_scattered_channels,top,-1,-1,p,8.75,-0.0007108290019809266,0.0011893309555162815,-0.00012312018254764134,-0.00020515373533901306,0.0015132710297463083,0.2468359522790033,0.2669098811017095,6.0820612056022154e-05,1.8136268113864188e-06,5.900698524463574e-05
V10-PLAIN-CACHED-FIT-GN-CONTINUE,ordered_scattered_channels,top,-1,0,s,8.75,0.0017567203330393093,0.0017454962591907756,-0.0010285581087378939,0.0013279322632823076,0.0028164047452218033,0.2468359522790033,0.2669098811017095,0.00030435459736384655,0.00014001487940183894,0.0001643397179620076
V10-PLAIN-CACHED-FIT-GN-CONTINUE,ordered_scattered_channels,top,-1,0,p,8.75,0.00018086178803352923,0.00025142619407685774,1.0695710033665002e-15,-1.898478834981676e-15,0.0003097194172783275,0.2468359522790033,0.2669098811017095,4.760540517356659e-06,2.3563986760300565e-28,4.760540517356659e-06
V10-PLAIN-CACHED-FIT-GN-CONTINUE,ordered_scattered_channels,top,-1,1,s,8.75,-0.000610141668345582,0.0014842556592979596,-0.00016753172947527734,-0.00027805078621216526,0.0018170381299998373,0.2468359522790033,0.2669098811017095,8.158751854314038e-05,3.338508880369034e-06,7.824900966277135e-05
V10-PLAIN-CACHED-FIT-GN-CONTINUE,ordered_scattered_channels,top,-1,1,p,8.75,0.0016899009386177359,-0.003563084728508463,0.00012312018254903858,0.0002051537353391292,0.004080983099451364,0.2468359522790033,0.2669098811017095,0.0004926809015954635,1.8136268113985115e-06,0.000490867274784065
V10-PLAIN-CACHED-FIT-GN-CONTINUE,ordered_scattered_channels,top,0,0,s,8.75,-0.019614763984263196,0.21059083440498613,-0.01927337511042978,0.20927155222279603,0.001362736892955322,0.2468359522790033,0.2669098811017095,0.812773987823308,0.812256818464021,0.0005171693592870286
V10-PLAIN-CACHED-FIT-GN-CONTINUE,ordered_scattered_channels,top,0,0,p,8.75,0.001593596208123305,0.06351654376134189,1.1185579377514874e-13,-3.735624544869974e-15,0.06353653185578452,0.2468359522790033,0.2669098811017095,0.004036890880259929,1.2563444413870592e-26,0.004036890880259929
V10-PLAIN-CACHED-FIT-GN-CONTINUE,ordered_scattered_channels,bottom,-3,-1,s,-1.25,0.0003471092962254852,-0.000506770896960333,-4.909306826320045e-06,0.00011217325597253238,0.0007120456174602345,0.2468359522790033,0.2669098811017095,1.142034594175871e-05,3.815929255738811e-07,1.103875301618483e-05
V10-PLAIN-CACHED-FIT-GN-CONTINUE,ordered_scattered_channels,bottom,-3,-1,p,-1.25,0.0008731676089620778,-0.0010837507255362804,-1.5732873804033325e-06,7.928198517251764e-05,0.001455272043953536,0.2468359522790033,0.2669098811017095,5.862814736422086e-05,1.903314808729246e-07,5.843781588334793e-05
V10-PLAIN-CACHED-FIT-GN-CONTINUE,ordered_scattered_channels,bottom,-3,0,s,-1.25,-0.003336990473799351,-0.001211557853545607,-0.0004924362020247152,-0.0001736752134377082,0.003027984375737212,0.2468359522790033,0.2669098811017095,0.0006105697012721423,1.3208823483228831e-05,0.0005973608777889135
V10-PLAIN-CACHED-FIT-GN-CONTINUE,ordered_scattered_channels,bottom,-3,0,p,-1.25,-0.0007225278994837236,-0.0015828379103457054,-1.3274970028758873e-16,2.3198170478591657e-16,0.0017399489693552693,0.2468359522790033,0.2669098811017095,0.00014666325341072367,3.46080831114775e-30,0.00014666325341072367
V10-PLAIN-CACHED-FIT-GN-CONTINUE,ordered_scattered_channels,bottom,-3,1,s,-1.25,-7.976594567124364e-05,0.0002663640728063074,-4.9093068289528565e-06,0.00011217325597378981,0.00017140106293207213,0.2468359522790033,0.2669098811017095,2.3401295684538203e-06,3.8159292558322023e-07,1.9585366428706e-06
V10-PLAIN-CACHED-FIT-GN-CONTINUE,ordered_scattered_channels,bottom,-3,1,p,-1.25,6.339814096496162e-05,-0.0004814868277436999,1.5732873796878703e-06,-7.928198517485518e-05,0.0004069287995542583,0.2468359522790033,0.2669098811017095,7.138787297374902e-06,1.903314808841085e-07,6.948455816490793e-06
V10-PLAIN-CACHED-FIT-GN-CONTINUE,ordered_scattered_channels,bottom,-2,-1,s,-1.25,-7.763957719797523e-05,-5.877025297571334e-05,7.745485652971132e-07,2.471734525870588e-06,9.949550820194072e-05,0.2468359522790033,0.2669098811017095,3.9322989075924953e-07,2.7825122930511906e-10,3.929516395299444e-07
V10-PLAIN-CACHED-FIT-GN-CONTINUE,ordered_scattered_channels,bottom,-2,-1,p,-1.25,-1.80540243394009e-05,-0.00023357285646238762,-3.630225008417886e-05,0.00018832341315366003,0.00042229072930715533,0.2468359522790033,0.2669098811017095,2.276068481845812e-06,1.5254830024257906e-06,7.505854794200214e-07
V10-PLAIN-CACHED-FIT-GN-CONTINUE,ordered_scattered_channels,bottom,-2,0,s,-1.25,-0.0018176635768539003,0.0006150454411922561,-0.00018404130862069833,1.7489532595272983e-05,0.0017394811810325969,0.2468359522790033,0.2669098811017095,0.0002068627571100185,1.9200481909981673e-06,0.00020494270891902033
V10-PLAIN-CACHED-FIT-GN-CONTINUE,ordered_scattered_channels,bottom,-2,0,p,-1.25,-1.5621018838869285e-05,3.320852996163331e-06,-1.953215047833636e-16,3.0838854490696276e-16,1.5970106266969096e-05,0.2468359522790033,0.2669098811017095,1.4328235032391747e-08,7.486128714139298e-30,1.4328235032391747e-08
V10-PLAIN-CACHED-FIT-GN-CONTINUE,ordered_scattered_channels,bottom,-2,1,s,-1.25,9.405237064086454e-05,-5.4400659007913555e-05,7.745485660026087e-07,2.4717345262717774e-06,0.00010924843814598379,0.2468359522790033,0.2669098811017095,4.8958702011387e-07,2.7825122943269296e-10,4.893087688844373e-07
V10-PLAIN-CACHED-FIT-GN-CONTINUE,ordered_scattered_channels,bottom,-2,1,p,-1.25,-0.00025912081547781234,0.0019342464960481192,3.630225008296777e-05,-0.00018832341315285628,0.0021430300527782538,0.2468359522790033,0.2669098811017095,0.00015794366479560167,1.5254830024097482e-06,0.00015641818179319193
V10-PLAIN-CACHED-FIT-GN-CONTINUE,ordered_scattered_channels,bottom,-1,-1,s,-1.25,-9.274689571183986e-05,0.0006287277558027559,-0.00033718347041335536,-1.666806024013619e-05,0.0006901340438041586,0.2468359522790033,0.2669098811017095,1.2231958360281692e-05,3.4515489579344382e-06,8.780409402347255e-06
V10-PLAIN-CACHED-FIT-GN-CONTINUE,ordered_scattered_channels,bottom,-1,-1,p,-1.25,0.00014004405235149765,-0.0014954440775334958,0.00024799923661753275,8.609260274615205e-06,0.0015079226653849436,0.2468359522790033,0.2669098811017095,6.832095683201416e-05,1.8648558637476027e-06,6.645610096826656e-05
V10-PLAIN-CACHED-FIT-GN-CONTINUE,ordered_scattered_channels,bottom,-1,0,s,-1.25,-0.004968539019840797,-0.0006714474619542255,-0.0011348134234954131,-0.00088619762079417,0.003839735613137387,0.2468359522790033,0.2669098811017095,0.0012180261518507209,0.00010045454435778903,0.0011175716074929318
V10-PLAIN-CACHED-FIT-GN-CONTINUE,ordered_scattered_channels,bottom,-1,0,p,-1.25,0.0005321262223507203,-0.00036669215266650444,-4.465027736885759e-16,-2.0865938982257457e-16,0.0006462363742012402,0.2468359522790033,0.2669098811017095,2.023588189911012e-05,1.1769907587313279e-29,2.023588189911012e-05
V10-PLAIN-CACHED-FIT-GN-CONTINUE,ordered_scattered_channels,bottom,-1,1,s,-1.25,-0.00018439054618013542,0.00012569722920542756,-0.00033718347041209747,-1.666806024128843e-05,0.00020883858200677698,0.2468359522790033,0.2669098811017095,1.5081618752394985e-06,3.4515489579099395e-06,1.9433870826704412e-06
V10-PLAIN-CACHED-FIT-GN-CONTINUE,ordered_scattered_channels,bottom,-1,1,p,-1.25,-0.0006726720348265363,0.00065029042642413,-0.00024799923661679776,-8.609260275598644e-06,0.0007838978139223823,0.2468359522790033,0.2669098811017095,2.6510068459408612e-05,1.8648558637369045e-06,2.4645212595671707e-05
V10-PLAIN-CACHED-FIT-GN-CONTINUE,ordered_scattered_channels,bottom,0,0,s,-1.25,-0.04383351671155404,0.1299015964595542,-0.041607545586981674,0.12257388541158544,0.007658348167193335,0.2468359522790033,0.2669098811017095,0.02915303706210846,0.032331984498269135,0.003178947436160675
V10-PLAIN-CACHED-FIT-GN-CONTINUE,ordered_scattered_channels,bottom,0,0,p,-1.25,0.007086811789126948,0.008362590282228691,2.6658179463359154e-15,5.966790876859179e-15,0.01096156090904926,0.2468359522790033,0.2669098811017095,0.00018109466498088134,5.820430999983165e-29,0.00018109466498088134
V10-PHASE-CACHED-FIT-GN-CONTINUE,ordered_total_channels,top,-3,-1,s,8.75,-3.215782884527614e-07,6.040109656122313e-06,-9.195140170809825e-05,5.576925993858354e-05,0.00010425455830672837,0.4382342339399896,0.00614667781300148,1.1585117053545679e-09,3.662159813318062e-07,3.6505746962645164e-07
V10-PHASE-CACHED-FIT-GN-CONTINUE,ordered_total_channels,top,-3,-1,p,8.75,-1.5148997809643433e-05,-2.486026429859003e-05,6.491873565175626e-05,-4.0080513039853855e-05,8.150152092686176e-05,0.4382342339399896,0.00614667781300148,2.683699880077467e-08,1.843193233752179e-07,1.5748232457444323e-07
V10-PHASE-CACHED-FIT-GN-CONTINUE,ordered_total_channels,top,-3,0,s,8.75,2.833071029869812e-06,-4.2346449144863667e-05,-0.0001921902009470994,0.00048817928501632254,0.0005652359075818419,0.4382342339399896,0.00614667781300148,8.937266907932255e-08,1.365740342110789e-05,1.3568030752028568e-05
V10-PHASE-CACHED-FIT-GN-CONTINUE,ordered_total_channels,top,-3,0,p,8.75,1.9416485390959532e-07,-2.3735830759064673e-06,1.2553482268998042e-15,3.668039838538298e-15,2.3815114162331127e-06,0.4382342339399896,0.00614667781300148,2.814080647075257e-10,7.457653301374714e-28,2.814080647075257e-10
V10-PHASE-CACHED-FIT-GN-CONTINUE,ordered_total_channels,top,-3,1,s,8.75,-2.8329326785491215e-06,5.773855733751458e-06,-9.195140170915746e-05,5.576925994137385e-05,0.00010218435283468327,0.4382342339399896,0.00614667781300148,1.3097628185546489e-09,3.6621598134782935e-07,3.649062185292747e-07
V10-PHASE-CACHED-FIT-GN-CONTINUE,ordered_total_channels,top,-3,1,p,8.75,9.371618685825895e-06,1.3502819143103239e-05,-6.491873565012055e-05,4.0080513039672495e-05,7.890139770764654e-05,0.4382342339399896,0.00614667781300148,8.55444559781119e-09,1.843193233680326e-07,1.757648777702214e-07
V10-PHASE-CACHED-FIT-GN-CONTINUE,ordered_total_channels,top,-2,-1,s,8.75,3.3633047911685893e-07,-9.593499479470384e-06,2.344516502433825e-06,9.65817440460633e-07,1.0748580600236807e-05,0.4382342339399896,0.00614667781300148,3.935464374074763e-09,2.745931746845648e-10,3.660871199390198e-09
V10-PHASE-CACHED-FIT-GN-CONTINUE,ordered_total_channels,top,-2,-1,p,8.75,2.380890015066258e-05,-2.9955292610748877e-05,-0.00011450210530953003,-0.00014336308972240936,0.0001788610149728805,0.4382342339399896,0.00614667781300148,6.253222238037181e-08,1.437706929814518e-06,1.3751747074341461e-06
V10-PHASE-CACHED-FIT-GN-CONTINUE,ordered_total_channels,top,-2,0,s,8.75,0.00012976184426923094,-2.9348444816961657e-05,0.00016425932553326252,-5.6207388544626634e-05,4.37204651362275e-05,0.4382342339399896,0.00614667781300148,1.0141562597482272e-06,1.7270051732052553e-06,7.128489134570281e-07
V10-PHASE-CACHED-FIT-GN-CONTINUE,ordered_total_channels,top,-2,0,p,8.75,-7.0222304577639595e-06,-2.3379979636629613e-07,-1.731002669799771e-16,1.1404235647096274e-15,7.026121472393635e-06,0.4382342339399896,0.00614667781300148,2.8286289659572517e-09,7.623760074136061e-29,2.8286289659572517e-09
V10-PHASE-CACHED-FIT-GN-CONTINUE,ordered_total_channels,top,-2,1,s,8.75,-5.741299539860819e-06,-6.871957907229582e-06,2.3445165013757525e-06,9.658174394089157e-07,1.1261045397168634e-05,0.4382342339399896,0.00614667781300148,3.4245911864391084e-09,2.745931743859139e-10,3.1499980120531947e-09
V10-PHASE-CACHED-FIT-GN-CONTINUE,ordered_total_channels,top,-2,1,p,8.75,-1.9599894040301318e-05,2.4846694662209183e-05,0.0001145021053115565,0.0001433630897223461,0.0001789678242819533,0.4382342339399896,0.00614667781300148,4.277258323720766e-08,1.4377069298335635e-06,1.394934346596356e-06
V10-PHASE-CACHED-FIT-GN-CONTINUE,ordered_total_channels,top,-1,-1,s,8.75,-2.431776979695307e-05,-4.5078777907570775e-05,-0.0001675317294758279,-0.0002780507862091289,0.0002734706472346962,0.4382342339399896,0.00614667781300148,8.311334921239141e-08,3.3385088803210597e-06,3.255395531108668e-06
V10-PHASE-CACHED-FIT-GN-CONTINUE,ordered_total_channels,top,-1,-1,p,8.75,-2.416018110280942e-07,-8.957749901032202e-05,-0.00012312018254765662,-0.00020515373533905003,0.00016869206266971224,0.4382342339399896,0.00614667781300148,2.542137240566335e-07,1.8136268113864188e-06,1.5594130873297853e-06
V10-PHASE-CACHED-FIT-GN-CONTINUE,ordered_total_channels,top,-1,0,s,8.75,0.0006167543759548016,0.0010210314130603515,-0.0010285581087383054,0.0013279322632824794,0.001673690922528431,0.4382342339399896,0.00614667781300148,7.061404074481307e-05,0.00014001487940183894,6.940083865702587e-05
V10-PHASE-CACHED-FIT-GN-CONTINUE,ordered_total_channels,top,-1,0,p,8.75,-8.733155193196544e-07,-0.00011349147854540109,1.0695710033665002e-15,-1.898478834981676e-15,0.00011349483856981544,0.4382342339399896,0.00614667781300148,6.392513028160227e-07,2.3563986760300565e-28,6.392513028160227e-07
V10-PHASE-CACHED-FIT-GN-CONTINUE,ordered_total_channels,top,-1,1,s,8.75,-6.713430182945552e-05,-9.97615931333241e-05,-0.0001675317294752791,-0.00027805078621218255,0.00020461348891656397,0.4382342339399896,0.00614667781300148,4.5808696920591515e-07,3.338508880369034e-06,2.880421911163119e-06
V10-PHASE-CACHED-FIT-GN-CONTINUE,ordered_total_channels,top,-1,1,p,8.75,7.906581032127262e-05,0.0002972501487361187,0.00012312018254904267,0.00020515373533914856,0.00010209082756530351,0.4382342339399896,0.00614667781300148,2.9973031116060746e-06,1.8136268113985115e-06,1.183676300207563e-06
V10-PHASE-CACHED-FIT-GN-CONTINUE,ordered_total_channels,top,0,0,s,8.75,0.02676939595410819,-0.4124142036028403,0.026785429987131376,-0.4121567714282053,0.0002579310271221931,0.4382342339399896,0.00614667781300148,0.8123051774188593,0.812256818464021,4.8358954838345625e-05
V10-PHASE-CACHED-FIT-GN-CONTINUE,ordered_total_channels,top,0,0,p,8.75,-0.00020844256679507226,-0.0007319118632888147,1.1196540890151039e-13,-5.214558791588342e-15,0.0007610146380419145,0.4382342339399896,0.00614667781300148,5.791432792748954e-07,1.2563444413870592e-26,5.791432792748954e-07
V10-PHASE-CACHED-FIT-GN-CONTINUE,ordered_total_channels,bottom,-3,-1,s,-1.25,-3.837857492471896e-06,1.9832047558046317e-06,-4.909306826319978e-06,0.00011217325597253058,0.00011019526029199119,0.4382342339399896,0.00614667781300148,5.648779704135812e-10,3.815929255738811e-07,3.8102804760346754e-07
V10-PHASE-CACHED-FIT-GN-CONTINUE,ordered_total_channels,bottom,-3,-1,p,-1.25,3.835124318111303e-05,1.4091245879905766e-06,-1.5732873803997091e-06,7.928198517251047e-05,8.751085964709315e-05,0.4382342339399896,0.00614667781300148,4.457952222739676e-08,1.903314808729246e-07,1.4575195864552783e-07
V10-PHASE-CACHED-FIT-GN-CONTINUE,ordered_total_channels,bottom,-3,0,s,-1.25,8.849546573954011e-05,2.6822280282099123e-05,-0.0004924362020247129,-0.0001736752134376343,0.0006145574404392571,0.4382342339399896,0.00614667781300148,4.1424685001044323e-07,1.3208823483228831e-05,1.2794576633218388e-05
V10-PHASE-CACHED-FIT-GN-CONTINUE,ordered_total_channels,bottom,-3,0,p,-1.25,1.6038979217611844e-05,-1.8283834962445546e-05,-1.3274970028758873e-16,2.3198170478591657e-16,2.4321749017899025e-05,0.4382342339399896,0.00614667781300148,2.865747337194945e-08,3.46080831114775e-30,2.865747337194945e-08
V10-PHASE-CACHED-FIT-GN-CONTINUE,ordered_total_channels,bottom,-3,1,s,-1.25,4.932265998329867e-06,6.274224729011696e-06,-4.909306828951654e-06,0.00011217325597379069,0.00010635535423427145,0.4382342339399896,0.00614667781300148,1.927894623222935e-09,3.8159292558322023e-07,3.796650309599973e-07
V10-PHASE-CACHED-FIT-GN-CONTINUE,ordered_total_channels,bottom,-3,1,p,-1.25,2.175679755380098e-05,3.36096541054465e-06,1.5732873796791848e-06,-7.9281985174855e-05,8.507191877705407e-05,0.4382342339399896,0.00614667781300148,1.4669749638125449e-08,1.903314808841085e-07,1.7566173124598306e-07
V10-PHASE-CACHED-FIT-GN-CONTINUE,ordered_total_channels,bottom,-2,-1,s,-1.25,2.1877825416702423e-05,-9.055734883993572e-06,7.745485652971132e-07,2.4717345258705883e-06,2.4046431021305703e-05,0.4382342339399896,0.00614667781300148,2.3251019510860586e-08,2.7825122930511906e-10,2.2972768281555468e-08
V10-PHASE-CACHED-FIT-GN-CONTINUE,ordered_total_channels,bottom,-2,-1,p,-1.25,-3.49621317645774e-05,1.3347800216009757e-05,-3.630225008417201e-05,0.0001883234131536643,0.0001749807447692986,0.4382342339399896,0.00614667781300148,5.8081949628658997e-08,1.5254830024257906e-06,1.4674010527971316e-06
V10-PHASE-CACHED-FIT-GN-CONTINUE,ordered_total_channels,bottom,-2,0,s,-1.25,-0.00022153582713523135,3.7588076368057406e-06,-0.00018404130862068258,1.7489532595230964e-05,3.992958460241931e-05,0.4382342339399896,0.00614667781300148,2.757973150127206e-06,1.9200481909981673e-06,8.379249591290388e-07
V10-PHASE-CACHED-FIT-GN-CONTINUE,ordered_total_channels,bottom,-2,0,p,-1.25,-1.633994704077052e-05,2.8137083696553206e-05,-1.953215047833636e-16,3.0838854490696276e-16,3.2537506791674866e-05,0.4382342339399896,0.00614667781300148,5.9476530758272126e-08,7.486128714139298e-30,5.9476530758272126e-08
V10-PHASE-CACHED-FIT-GN-CONTINUE,ordered_total_channels,bottom,-2,1,s,-1.25,-1.816392835294748e-05,-4.854119868505528e-06,7.745485660026084e-07,2.4717345262717786e-06,2.0306010209371097e-05,0.4382342339399896,0.00614667781300148,1.4659922706899747e-08,2.7825122943269296e-10,1.4381671477467055e-08
V10-PHASE-CACHED-FIT-GN-CONTINUE,ordered_total_channels,bottom,-2,1,p,-1.25,-1.540582494634713e-05,1.3813656559617664e-05,3.630225008297548e-05,-0.00018832341315286793,0.00020864592010194763,0.4382342339399896,0.00614667781300148,1.7756451958364925e-08,1.5254830024097482e-06,1.5077265504513832e-06
V10-PHASE-CACHED-FIT-GN-CONTINUE,ordered_total_channels,bottom,-1,-1,s,-1.25,-0.00010136367231092999,3.5253210593787014e-05,-0.00033718347041335526,-1.6668060240140516e-05,0.00024146800107276877,0.4382342339399896,0.00614667781300148,3.487990761471725e-07,3.4515489579344382e-06,3.102749881787266e-06
V10-PHASE-CACHED-FIT-GN-CONTINUE,ordered_total_channels,bottom,-1,-1,p,-1.25,8.327845071385861e-05,-6.53172403488169e-05,0.0002479992366175502,8.609260274623294e-06,0.00018054934174113543,0.4382342339399896,0.00614667781300148,3.392370029974528e-07,1.8648558637476027e-06,1.5256188607501498e-06
V10-PHASE-CACHED-FIT-GN-CONTINUE,ordered_total_channels,bottom,-1,0,s,-1.25,-0.0012602197082783482,-1.1155538787404163e-05,-0.0011348134234953988,-0.0008861976207941805,0.0008839826817001656,0.4382342339399896,0.00614667781300148,7.696014931445103e-05,0.00010045454435778903,2.3494395043337996e-05
V10-PHASE-CACHED-FIT-GN-CONTINUE,ordered_total_channels,bottom,-1,0,p,-1.25,-7.46668051166291e-05,4.0161338451035044e-05,-4.465027736885759e-16,-2.0865938982257457e-16,8.47824562775421e-05,0.4382342339399896,0.00614667781300148,3.482982777368392e-07,1.1769907587313279e-29,3.482982777368392e-07
V10-PHASE-CACHED-FIT-GN-CONTINUE,ordered_total_channels,bottom,-1,1,s,-1.25,4.281512238523755e-05,2.0592441831532312e-06,-0.00033718347041209904,-1.6668060241286416e-05,0.000380459777715019,0.4382342339399896,0.00614667781300148,5.5644131456473954e-08,3.4515489579099395e-06,3.3959048264534653e-06
V10-PHASE-CACHED-FIT-GN-CONTINUE,ordered_total_channels,bottom,-1,1,p,-1.25,2.535267174312811e-05,-8.836981280499618e-05,-0.000247999236616804,-8.609260275602887e-06,0.0002847507884867236,0.4382342339399896,0.00614667781300148,2.559646975758283e-07,1.8648558637369045e-06,1.6088911661610761e-06
V10-PHASE-CACHED-FIT-GN-CONTINUE,ordered_total_channels,bottom,0,0,s,-1.25,0.07710368659243738,-0.12498252436225049,0.07718950242782177,-0.12447475436113979,0.0005149706123951933,0.4382342339399896,0.00614667781300148,0.032502936403082945,0.032331984498269135,0.00017095190481380973
V10-PHASE-CACHED-FIT-GN-CONTINUE,ordered_total_channels,bottom,0,0,p,-1.25,-4.101922563492109e-05,-0.0011636430397837494,2.4167599005431038e-15,5.725178855579965e-15,0.0011643657934353687,0.4382342339399896,0.00614667781300148,2.043335734169576e-06,5.820430999983165e-29,2.043335734169576e-06
V10-PHASE-CACHED-FIT-GN-CONTINUE,ordered_outgoing_channels,top,-3,-1,s,8.75,-3.215782884527614e-07,6.040109656122313e-06,-9.195140170809825e-05,5.576925993858354e-05,0.00010425455830672837,0.9130801710515086,0.0029501074802167383,1.1585117053545679e-09,3.662159813318062e-07,3.6505746962645164e-07
V10-PHASE-CACHED-FIT-GN-CONTINUE,ordered_outgoing_channels,top,-3,-1,p,8.75,-1.5148997809643433e-05,-2.486026429859003e-05,6.491873565175626e-05,-4.0080513039853855e-05,8.150152092686176e-05,0.9130801710515086,0.0029501074802167383,2.683699880077467e-08,1.843193233752179e-07,1.5748232457444323e-07
V10-PHASE-CACHED-FIT-GN-CONTINUE,ordered_outgoing_channels,top,-3,0,s,8.75,2.833071029869812e-06,-4.2346449144863667e-05,-0.0001921902009470994,0.00048817928501632254,0.0005652359075818419,0.9130801710515086,0.0029501074802167383,8.937266907932255e-08,1.365740342110789e-05,1.3568030752028568e-05
V10-PHASE-CACHED-FIT-GN-CONTINUE,ordered_outgoing_channels,top,-3,0,p,8.75,1.9416485390959532e-07,-2.3735830759064673e-06,1.2553482268998042e-15,3.668039838538298e-15,2.3815114162331127e-06,0.9130801710515086,0.0029501074802167383,2.814080647075257e-10,7.457653301374714e-28,2.814080647075257e-10
V10-PHASE-CACHED-FIT-GN-CONTINUE,ordered_outgoing_channels,top,-3,1,s,8.75,-2.8329326785491215e-06,5.773855733751458e-06,-9.195140170915746e-05,5.576925994137385e-05,0.00010218435283468327,0.9130801710515086,0.0029501074802167383,1.3097628185546489e-09,3.6621598134782935e-07,3.649062185292747e-07
V10-PHASE-CACHED-FIT-GN-CONTINUE,ordered_outgoing_channels,top,-3,1,p,8.75,9.371618685825895e-06,1.3502819143103239e-05,-6.491873565012055e-05,4.0080513039672495e-05,7.890139770764654e-05,0.9130801710515086,0.0029501074802167383,8.55444559781119e-09,1.843193233680326e-07,1.757648777702214e-07
V10-PHASE-CACHED-FIT-GN-CONTINUE,ordered_outgoing_channels,top,-2,-1,s,8.75,3.3633047911685893e-07,-9.593499479470384e-06,2.344516502433825e-06,9.65817440460633e-07,1.0748580600236807e-05,0.9130801710515086,0.0029501074802167383,3.935464374074763e-09,2.745931746845648e-10,3.660871199390198e-09
V10-PHASE-CACHED-FIT-GN-CONTINUE,ordered_outgoing_channels,top,-2,-1,p,8.75,2.380890015066258e-05,-2.9955292610748877e-05,-0.00011450210530953003,-0.00014336308972240936,0.0001788610149728805,0.9130801710515086,0.0029501074802167383,6.253222238037181e-08,1.437706929814518e-06,1.3751747074341461e-06
V10-PHASE-CACHED-FIT-GN-CONTINUE,ordered_outgoing_channels,top,-2,0,s,8.75,0.00012976184426923094,-2.9348444816961657e-05,0.00016425932553326252,-5.6207388544626634e-05,4.37204651362275e-05,0.9130801710515086,0.0029501074802167383,1.0141562597482272e-06,1.7270051732052553e-06,7.128489134570281e-07
V10-PHASE-CACHED-FIT-GN-CONTINUE,ordered_outgoing_channels,top,-2,0,p,8.75,-7.0222304577639595e-06,-2.3379979636629613e-07,-1.731002669799771e-16,1.1404235647096274e-15,7.026121472393635e-06,0.9130801710515086,0.0029501074802167383,2.8286289659572517e-09,7.623760074136061e-29,2.8286289659572517e-09
V10-PHASE-CACHED-FIT-GN-CONTINUE,ordered_outgoing_channels,top,-2,1,s,8.75,-5.741299539860819e-06,-6.871957907229582e-06,2.3445165013757525e-06,9.658174394089157e-07,1.1261045397168634e-05,0.9130801710515086,0.0029501074802167383,3.4245911864391084e-09,2.745931743859139e-10,3.1499980120531947e-09
V10-PHASE-CACHED-FIT-GN-CONTINUE,ordered_outgoing_channels,top,-2,1,p,8.75,-1.9599894040301318e-05,2.4846694662209183e-05,0.0001145021053115565,0.0001433630897223461,0.0001789678242819533,0.9130801710515086,0.0029501074802167383,4.277258323720766e-08,1.4377069298335635e-06,1.394934346596356e-06
V10-PHASE-CACHED-FIT-GN-CONTINUE,ordered_outgoing_channels,top,-1,-1,s,8.75,-2.431776979695307e-05,-4.5078777907570775e-05,-0.0001675317294758279,-0.0002780507862091289,0.0002734706472346962,0.9130801710515086,0.0029501074802167383,8.311334921239141e-08,3.3385088803210597e-06,3.255395531108668e-06
V10-PHASE-CACHED-FIT-GN-CONTINUE,ordered_outgoing_channels,top,-1,-1,p,8.75,-2.416018110280942e-07,-8.957749901032202e-05,-0.00012312018254765662,-0.00020515373533905003,0.00016869206266971224,0.9130801710515086,0.0029501074802167383,2.542137240566335e-07,1.8136268113864188e-06,1.5594130873297853e-06
V10-PHASE-CACHED-FIT-GN-CONTINUE,ordered_outgoing_channels,top,-1,0,s,8.75,0.0006167543759548016,0.0010210314130603515,-0.0010285581087383054,0.0013279322632824794,0.001673690922528431,0.9130801710515086,0.0029501074802167383,7.061404074481307e-05,0.00014001487940183894,6.940083865702587e-05
V10-PHASE-CACHED-FIT-GN-CONTINUE,ordered_outgoing_channels,top,-1,0,p,8.75,-8.733155193196544e-07,-0.00011349147854540109,1.0695710033665002e-15,-1.898478834981676e-15,0.00011349483856981544,0.9130801710515086,0.0029501074802167383,6.392513028160227e-07,2.3563986760300565e-28,6.392513028160227e-07
V10-PHASE-CACHED-FIT-GN-CONTINUE,ordered_outgoing_channels,top,-1,1,s,8.75,-6.713430182945552e-05,-9.97615931333241e-05,-0.0001675317294752791,-0.00027805078621218255,0.00020461348891656397,0.9130801710515086,0.0029501074802167383,4.5808696920591515e-07,3.338508880369034e-06,2.880421911163119e-06
V10-PHASE-CACHED-FIT-GN-CONTINUE,ordered_outgoing_channels,top,-1,1,p,8.75,7.906581032127262e-05,0.0002972501487361187,0.00012312018254904267,0.00020515373533914856,0.00010209082756530351,0.9130801710515086,0.0029501074802167383,2.9973031116060746e-06,1.8136268113985115e-06,1.183676300207563e-06
V10-PHASE-CACHED-FIT-GN-CONTINUE,ordered_outgoing_channels,top,0,0,s,8.75,-0.9004796158202725,-0.0379689203324608,-0.9004635817872493,-0.03771148815782577,0.0002579310271221935,0.9130801710515086,0.0029501074802167383,0.8123051774188593,0.812256818464021,4.8358954838345625e-05
V10-PHASE-CACHED-FIT-GN-CONTINUE,ordered_outgoing_channels,top,0,0,p,8.75,-0.00020844256679507226,-0.0007319118632888147,1.1196540890151039e-13,-5.214558791588342e-15,0.0007610146380419145,0.9130801710515086,0.0029501074802167383,5.791432792748954e-07,1.2563444413870592e-26,5.791432792748954e-07
V10-PHASE-CACHED-FIT-GN-CONTINUE,ordered_outgoing_channels,bottom,-3,-1,s,-1.25,-3.837857492471896e-06,1.9832047558046317e-06,-4.909306826319978e-06,0.00011217325597253058,0.00011019526029199119,0.9130801710515086,0.0029501074802167383,5.648779704135812e-10,3.815929255738811e-07,3.8102804760346754e-07
V10-PHASE-CACHED-FIT-GN-CONTINUE,ordered_outgoing_channels,bottom,-3,-1,p,-1.25,3.835124318111303e-05,1.4091245879905766e-06,-1.5732873803997091e-06,7.928198517251047e-05,8.751085964709315e-05,0.9130801710515086,0.0029501074802167383,4.457952222739676e-08,1.903314808729246e-07,1.4575195864552783e-07
V10-PHASE-CACHED-FIT-GN-CONTINUE,ordered_outgoing_channels,bottom,-3,0,s,-1.25,8.849546573954011e-05,2.6822280282099123e-05,-0.0004924362020247129,-0.0001736752134376343,0.0006145574404392571,0.9130801710515086,0.0029501074802167383,4.1424685001044323e-07,1.3208823483228831e-05,1.2794576633218388e-05
V10-PHASE-CACHED-FIT-GN-CONTINUE,ordered_outgoing_channels,bottom,-3,0,p,-1.25,1.6038979217611844e-05,-1.8283834962445546e-05,-1.3274970028758873e-16,2.3198170478591657e-16,2.4321749017899025e-05,0.9130801710515086,0.0029501074802167383,2.865747337194945e-08,3.46080831114775e-30,2.865747337194945e-08
V10-PHASE-CACHED-FIT-GN-CONTINUE,ordered_outgoing_channels,bottom,-3,1,s,-1.25,4.932265998329867e-06,6.274224729011696e-06,-4.909306828951654e-06,0.00011217325597379069,0.00010635535423427145,0.9130801710515086,0.0029501074802167383,1.927894623222935e-09,3.8159292558322023e-07,3.796650309599973e-07
V10-PHASE-CACHED-FIT-GN-CONTINUE,ordered_outgoing_channels,bottom,-3,1,p,-1.25,2.175679755380098e-05,3.36096541054465e-06,1.5732873796791848e-06,-7.9281985174855e-05,8.507191877705407e-05,0.9130801710515086,0.0029501074802167383,1.4669749638125449e-08,1.903314808841085e-07,1.7566173124598306e-07
V10-PHASE-CACHED-FIT-GN-CONTINUE,ordered_outgoing_channels,bottom,-2,-1,s,-1.25,2.1877825416702423e-05,-9.055734883993572e-06,7.745485652971132e-07,2.4717345258705883e-06,2.4046431021305703e-05,0.9130801710515086,0.0029501074802167383,2.3251019510860586e-08,2.7825122930511906e-10,2.2972768281555468e-08
V10-PHASE-CACHED-FIT-GN-CONTINUE,ordered_outgoing_channels,bottom,-2,-1,p,-1.25,-3.49621317645774e-05,1.3347800216009757e-05,-3.630225008417201e-05,0.0001883234131536643,0.0001749807447692986,0.9130801710515086,0.0029501074802167383,5.8081949628658997e-08,1.5254830024257906e-06,1.4674010527971316e-06
V10-PHASE-CACHED-FIT-GN-CONTINUE,ordered_outgoing_channels,bottom,-2,0,s,-1.25,-0.00022153582713523135,3.7588076368057406e-06,-0.00018404130862068258,1.7489532595230964e-05,3.992958460241931e-05,0.9130801710515086,0.0029501074802167383,2.757973150127206e-06,1.9200481909981673e-06,8.379249591290388e-07
V10-PHASE-CACHED-FIT-GN-CONTINUE,ordered_outgoing_channels,bottom,-2,0,p,-1.25,-1.633994704077052e-05,2.8137083696553206e-05,-1.953215047833636e-16,3.0838854490696276e-16,3.2537506791674866e-05,0.9130801710515086,0.0029501074802167383,5.9476530758272126e-08,7.486128714139298e-30,5.9476530758272126e-08
V10-PHASE-CACHED-FIT-GN-CONTINUE,ordered_outgoing_channels,bottom,-2,1,s,-1.25,-1.816392835294748e-05,-4.854119868505528e-06,7.745485660026084e-07,2.4717345262717786e-06,2.0306010209371097e-05,0.9130801710515086,0.0029501074802167383,1.4659922706899747e-08,2.7825122943269296e-10,1.4381671477467055e-08
V10-PHASE-CACHED-FIT-GN-CONTINUE,ordered_outgoing_channels,bottom,-2,1,p,-1.25,-1.540582494634713e-05,1.3813656559617664e-05,3.630225008297548e-05,-0.00018832341315286793,0.00020864592010194763,0.9130801710515086,0.0029501074802167383,1.7756451958364925e-08,1.5254830024097482e-06,1.5077265504513832e-06
V10-PHASE-CACHED-FIT-GN-CONTINUE,ordered_outgoing_channels,bottom,-1,-1,s,-1.25,-0.00010136367231092999,3.5253210593787014e-05,-0.00033718347041335526,-1.6668060240140516e-05,0.00024146800107276877,0.9130801710515086,0.0029501074802167383,3.487990761471725e-07,3.4515489579344382e-06,3.102749881787266e-06
V10-PHASE-CACHED-FIT-GN-CONTINUE,ordered_outgoing_channels,bottom,-1,-1,p,-1.25,8.327845071385861e-05,-6.53172403488169e-05,0.0002479992366175502,8.609260274623294e-06,0.00018054934174113543,0.9130801710515086,0.0029501074802167383,3.392370029974528e-07,1.8648558637476027e-06,1.5256188607501498e-06
V10-PHASE-CACHED-FIT-GN-CONTINUE,ordered_outgoing_channels,bottom,-1,0,s,-1.25,-0.0012602197082783482,-1.1155538787404163e-05,-0.0011348134234953988,-0.0008861976207941805,0.0008839826817001656,0.9130801710515086,0.0029501074802167383,7.696014931445103e-05,0.00010045454435778903,2.3494395043337996e-05
V10-PHASE-CACHED-FIT-GN-CONTINUE,ordered_outgoing_channels,bottom,-1,0,p,-1.25,-7.46668051166291e-05,4.0161338451035044e-05,-4.465027736885759e-16,-2.0865938982257457e-16,8.47824562775421e-05,0.9130801710515086,0.0029501074802167383,3.482982777368392e-07,1.1769907587313279e-29,3.482982777368392e-07
V10-PHASE-CACHED-FIT-GN-CONTINUE,ordered_outgoing_channels,bottom,-1,1,s,-1.25,4.281512238523755e-05,2.0592441831532312e-06,-0.00033718347041209904,-1.6668060241286416e-05,0.000380459777715019,0.9130801710515086,0.0029501074802167383,5.5644131456473954e-08,3.4515489579099395e-06,3.3959048264534653e-06
V10-PHASE-CACHED-FIT-GN-CONTINUE,ordered_outgoing_channels,bottom,-1,1,p,-1.25,2.535267174312811e-05,-8.836981280499618e-05,-0.000247999236616804,-8.609260275602887e-06,0.0002847507884867236,0.9130801710515086,0.0029501074802167383,2.559646975758283e-07,1.8648558637369045e-06,1.6088911661610761e-06
V10-PHASE-CACHED-FIT-GN-CONTINUE,ordered_outgoing_channels,bottom,0,0,s,-1.25,0.07710368659243738,-0.12498252436225049,0.07718950242782177,-0.12447475436113979,0.0005149706123951933,0.9130801710515086,0.0029501074802167383,0.032502936403082945,0.032331984498269135,0.00017095190481380973
V10-PHASE-CACHED-FIT-GN-CONTINUE,ordered_outgoing_channels,bottom,0,0,p,-1.25,-4.101922563492109e-05,-0.0011636430397837494,2.4167599005431038e-15,5.725178855579965e-15,0.0011643657934353687,0.9130801710515086,0.0029501074802167383,2.043335734169576e-06,5.820430999983165e-29,2.043335734169576e-06
V10-PHASE-CACHED-FIT-GN-CONTINUE,ordered_boundary_outgoing_channels,top,-3,-1,s,8.75,9.246959885893246e-07,5.977564268351535e-06,-7.855082196187339e-05,7.345092919286605e-05,0.00010425455830672837,0.9095181214967073,0.0028537595493262676,1.1585117053545679e-09,3.662159813318062e-07,3.6505746962645164e-07
V10-PHASE-CACHED-FIT-GN-CONTINUE,ordered_boundary_outgoing_channels,top,-3,-1,p,8.75,-1.9927956475742156e-05,-2.1222663035850562e-05,5.531274235513715e-05,-5.254893240889601e-05,8.150152092686178e-05,0.9095181214967073,0.0028537595493262676,2.683699880077467e-08,1.843193233752179e-07,1.5748232457444323e-07
V10-PHASE-CACHED-FIT-GN-CONTINUE,ordered_boundary_outgoing_channels,top,-3,0,s,8.75,-6.90842646440267e-06,4.18750724229195e-05,0.0002384264874377627,-0.00046734237743567054,0.0005652359075818419,0.9095181214967073,0.0028537595493262676,8.937266907932255e-08,1.365740342110789e-05,1.3568030752028568e-05
V10-PHASE-CACHED-FIT-GN-CONTINUE,ordered_boundary_outgoing_channels,top,-3,0,p,8.75,-4.2242951039762514e-07,2.343746982391351e-06,-8.953304260694988e-16,-3.7721080122444466e-15,2.3815114162331127e-06,0.9095181214967073,0.0028537595493262676,2.814080647075257e-10,7.457653301374714e-28,2.814080647075257e-10
V10-PHASE-CACHED-FIT-GN-CONTINUE,ordered_boundary_outgoing_channels,top,-3,1,s,8.75,-1.5878522149874e-06,6.232306389991244e-06,-7.855082196233748e-05,7.345092919581435e-05,0.00010218435283468327,0.9095181214967073,0.0028537595493262676,1.3097628185546489e-09,3.6621598134782935e-07,3.649062185292747e-07
V10-PHASE-CACHED-FIT-GN-CONTINUE,ordered_boundary_outgoing_channels,top,-3,1,p,8.75,1.194297086216464e-05,1.1292422618258793e-05,-5.5312742353573465e-05,5.2548932408382856e-05,7.890139770764654e-05,0.9095181214967073,0.0028537595493262676,8.55444559781119e-09,1.843193233680326e-07,1.757648777702214e-07
V10-PHASE-CACHED-FIT-GN-CONTINUE,ordered_boundary_outgoing_channels,top,-2,-1,s,8.75,8.926391947388183e-06,3.5309881414959325e-06,-1.6954805776036832e-06,1.8854459868824524e-06,1.0748580600236807e-05,0.9095181214967073,0.0028537595493262676,3.935464374074763e-09,2.745931746845648e-10,3.660871199390198e-09
V10-PHASE-CACHED-FIT-GN-CONTINUE,ordered_boundary_outgoing_channels,top,-2,-1,p,8.75,2.0247459206164912e-05,3.2468810841706144e-05,0.00017343931198744156,-5.9854094867379096e-05,0.0001788610149728805,0.9095181214967073,0.0028537595493262676,6.253222238037181e-08,1.437706929814518e-06,1.3751747074341461e-06
V10-PHASE-CACHED-FIT-GN-CONTINUE,ordered_boundary_outgoing_channels,top,-2,0,s,8.75,-2.9348461365603674e-05,-0.00012976184052639688,-5.6207409492762594e-05,-0.00016425931836508344,4.37204651362275e-05,0.9095181214967073,0.0028537595493262676,1.0141562597482272e-06,1.7270051732052553e-06,7.128489134570281e-07
V10-PHASE-CACHED-FIT-GN-CONTINUE,ordered_boundary_outgoing_channels,top,-2,0,p,8.75,-2.337989008150608e-07,7.022230487580597e-06,1.1404235867852477e-15,1.7310012154075433e-16,7.026121472393636e-06,0.9095181214967073,0.0028537595493262676,2.8286289659572517e-09,7.623760074136061e-29,2.8286289659572517e-09
V10-PHASE-CACHED-FIT-GN-CONTINUE,ordered_boundary_outgoing_channels,top,-2,1,s,8.75,8.398312347270859e-06,-3.107197387167263e-06,-1.6954805762582626e-06,1.885445986237883e-06,1.1261045397168634e-05,0.9095181214967073,0.0028537595493262676,3.4245911864391084e-09,2.745931743859139e-10,3.1499980120531947e-09
V10-PHASE-CACHED-FIT-GN-CONTINUE,ordered_boundary_outgoing_channels,top,-2,1,p,8.75,-1.684423383382023e-05,-2.679152605917922e-05,-0.00017343931198806085,5.9854094869309646e-05,0.0001789678242819533,0.9095181214967073,0.0028537595493262676,4.277258323720766e-08,1.4377069298335635e-06,1.394934346596356e-06
V10-PHASE-CACHED-FIT-GN-CONTINUE,ordered_boundary_outgoing_channels,top,-1,-1,s,8.75,-3.2931759822075484e-05,-3.922944481583736e-05,-0.00022030138827274493,-0.0002384248695454775,0.00027347064723469617,0.9095181214967073,0.0028537595493262676,8.311334921239141e-08,3.3385088803210597e-06,3.255395531108668e-06
V10-PHASE-CACHED-FIT-GN-CONTINUE,ordered_boundary_outgoing_channels,top,-1,-1,p,8.75,-1.8352227702289065e-05,-8.767771916936861e-05,-0.00016206524324860404,-0.0001760155998907599,0.00016869206266971226,0.9095181214967073,0.0028537595493262676,2.542137240566335e-07,1.8136268113864188e-06,1.5594130873297853e-06
V10-PHASE-CACHED-FIT-GN-CONTINUE,ordered_boundary_outgoing_channels,top,-1,0,s,8.75,-0.0005132100222900002,-0.0010768038724561276,0.0011543275989399616,-0.0012201900152203147,0.0016736909225284313,0.9095181214967073,0.0028537595493262676,7.061404074481307e-05,0.00014001487940183894,6.940083865702587e-05
V10-PHASE-CACHED-FIT-GN-CONTINUE,ordered_boundary_outgoing_channels,top,-1,0,p,8.75,-1.0307061977503851e-05,0.00011302585038746408,-1.2513260214317444e-15,1.783924663825131e-15,0.00011349483856981544,0.9095181214967073,0.0028537595493262676,6.392513028160227e-07,2.3563986760300565e-28,6.392513028160227e-07
V10-PHASE-CACHED-FIT-GN-CONTINUE,ordered_boundary_outgoing_channels,top,-1,1,s,8.75,-8.592230922251331e-05,-8.412340176489618e-05,-0.00022030138827282503,-0.00023842486954857905,0.00020461348891656397,0.9095181214967073,0.0028537595493262676,4.5808696920591515e-07,3.338508880369034e-06,2.880421911163119e-06
V10-PHASE-CACHED-FIT-GN-CONTINUE,ordered_boundary_outgoing_channels,top,-1,1,p,8.75,0.00013754618486371906,0.00027511833874687406,0.00016206524324998136,0.0001760155998905761,0.00010209082756530347,0.9095181214967073,0.0028537595493262676,2.9973031116060746e-06,1.8136268113985115e-06,1.183676300207563e-06
V10-PHASE-CACHED-FIT-GN-CONTINUE,ordered_boundary_outgoing_channels,top,0,0,s,8.75,-0.8767086422032946,-0.20901467437740795,-0.8767420008873494,-0.208758909616445,0.000257931027122188,0.9095181214967073,0.0028537595493262676,0.8123051774188593,0.812256818464021,4.8358954838345625e-05
V10-PHASE-CACHED-FIT-GN-CONTINUE,ordered_boundary_outgoing_channels,top,0,0,p,8.75,-6.502347838218885e-05,-0.0007582316443766402,1.109046864019619e-13,1.6235607409513206e-14,0.0007610146380419146,0.9095181214967073,0.0028537595493262676,5.791432792748954e-07,1.2563444413870592e-26,5.791432792748954e-07
V10-PHASE-CACHED-FIT-GN-CONTINUE,ordered_boundary_outgoing_channels,bottom,-3,-1,s,-1.25,-3.97133353192688e-06,-1.5582676130939824e-06,-8.648303367237041e-05,6.939127777564956e-05,0.00010882103956007702,0.9095181214967073,0.0028537595493262676,5.648779704135812e-10,3.815929255738811e-07,3.8102804760346754e-07
V10-PHASE-CACHED-FIT-GN-CONTINUE,ordered_boundary_outgoing_channels,bottom,-3,-1,p,-1.25,2.3924361850639824e-05,2.9392574456195844e-05,-5.9889780695573525e-05,5.0452604324837186e-05,8.641953106112666e-05,0.9095181214967073,0.0028537595493262676,4.457952222739676e-08,1.903314808729246e-07,1.4575195864552783e-07
V10-PHASE-CACHED-FIT-GN-CONTINUE,ordered_boundary_outgoing_channels,bottom,-3,0,s,-1.25,-6.669270866638508e-06,9.149933721864068e-05,6.074845422874771e-05,-0.0005144750722767751,0.0006097131576572338,0.9095181214967073,0.0028537595493262676,4.1424685001044323e-07,1.3208823483228831e-05,1.2794576633218388e-05
V10-PHASE-CACHED-FIT-GN-CONTINUE,ordered_boundary_outgoing_channels,bottom,-3,0,p,-1.25,2.119277938603486e-05,1.1537960038277628e-05,-2.5346697492730613e-16,-7.791468315616378e-17,2.413003149526699e-05,0.9095181214967073,0.0028537595493262676,2.865747337194945e-08,3.46080831114775e-30,2.865747337194945e-08
V10-PHASE-CACHED-FIT-GN-CONTINUE,ordered_boundary_outgoing_channels,bottom,-3,1,s,-1.25,-1.4470825275576167e-06,7.747283093538356e-06,-8.648303367501951e-05,6.939127777451605e-05,0.00010502902012197359,0.9095181214967073,0.0028537595493262676,1.927894623222935e-09,3.8159292558322023e-07,3.796650309599973e-07
V10-PHASE-CACHED-FIT-GN-CONTINUE,ordered_boundary_outgoing_channels,bottom,-3,1,p,-1.25,1.16704622155163e-05,1.834235479915712e-05,5.9889780696845165e-05,-5.0452604326898695e-05,8.401100568353836e-05,0.9095181214967073,0.0028537595493262676,1.4669749638125449e-08,1.903314808841085e-07,1.7566173124598306e-07
V10-PHASE-CACHED-FIT-GN-CONTINUE,ordered_boundary_outgoing_channels,bottom,-2,-1,s,-1.25,1.691391960537341e-05,1.625795262702049e-05,-1.935589521620524e-06,1.6853186586884327e-06,2.3825735142983793e-05,0.9095181214967073,0.0028537595493262676,2.3251019510860586e-08,2.7825122930511906e-10,2.2972768281555468e-08
V10-PHASE-CACHED-FIT-GN-CONTINUE,ordered_boundary_outgoing_channels,bottom,-2,-1,p,-1.25,-2.600948274201397e-05,-2.6427857036744076e-05,-0.0001853545253180435,4.1894719858193056e-05,0.0001733747879800326,0.9095181214967073,0.0028537595493262676,5.8081949628658997e-08,1.5254830024257906e-06,1.4674010527971316e-06
V10-PHASE-CACHED-FIT-GN-CONTINUE,ordered_boundary_outgoing_channels,bottom,-2,0,s,-1.25,-5.817561357695475e-06,-0.00021998068145041546,-1.910128656019509e-05,-0.00018261418318362527,3.9657440007866836e-05,0.9095181214967073,0.0028537595493262676,2.757973150127206e-06,1.9200481909981673e-06,8.379249591290388e-07
V10-PHASE-CACHED-FIT-GN-CONTINUE,ordered_boundary_outgoing_channels,bottom,-2,0,p,-1.25,-2.809780865912732e-05,-1.596309625200176e-05,-3.081108181661143e-16,-1.9107978283180129e-16,3.231574373849669e-05,0.9095181214967073,0.0028537595493262676,5.9476530758272126e-08,7.486128714139298e-30,5.9476530758272126e-08
V10-PHASE-CACHED-FIT-GN-CONTINUE,ordered_boundary_outgoing_channels,bottom,-2,1,s,-1.25,-2.812991891632871e-06,-1.841518437145199e-05,-1.9355895217042767e-06,1.6853186594882002e-06,2.0119643560848487e-05,0.9095181214967073,0.0028537595493262676,1.4659922706899747e-08,2.7825122943269296e-10,1.4381671477467055e-08
V10-PHASE-CACHED-FIT-GN-CONTINUE,ordered_boundary_outgoing_channels,bottom,-2,1,p,-1.25,-1.8660228060461833e-05,-8.492899559424121e-06,0.00018535452531684516,-4.189471985896257e-05,0.00020673098750532309,0.9095181214967073,0.0028537595493262676,1.7756451958364925e-08,1.5254830024097482e-06,1.5077265504513832e-06
V10-PHASE-CACHED-FIT-GN-CONTINUE,ordered_boundary_outgoing_channels,bottom,-1,-1,s,-1.25,-9.215055157587329e-05,-5.234820590367638e-05,-0.00020705147255067278,-0.00026129824663100645,0.00023845825873894578,0.9095181214967073,0.0028537595493262676,3.487990761471725e-07,3.4515489579344382e-06,3.102749881787266e-06
V10-PHASE-CACHED-FIT-GN-CONTINUE,ordered_boundary_outgoing_channels,bottom,-1,-1,p,-1.25,0.00010271183201016871,1.9349926451584662e-05,0.00015499807170421564,0.00018981004150854804,0.0001782989110639112,0.9095181214967073,0.0028537595493262676,3.392370029974528e-07,1.8648558637476027e-06,1.5256188607501498e-06
V10-PHASE-CACHED-FIT-GN-CONTINUE,ordered_boundary_outgoing_channels,bottom,-1,0,s,-1.25,-0.0002635802665628139,-0.0012222389355972584,0.0006107069086373302,-0.0012913701554319347,0.0008770160718454811,0.9095181214967073,0.0028537595493262676,7.696014931445103e-05,0.00010045454435778903,2.3494395043337996e-05
V10-PHASE-CACHED-FIT-GN-CONTINUE,ordered_boundary_outgoing_channels,bottom,-1,0,p,-1.25,-5.513018303532221e-05,-6.352855196172126e-05,1.0475495179447351e-16,-4.776152653530708e-16,8.411429126974864e-05,0.9095181214967073,0.0028537595493262676,3.482982777368392e-07,1.1769907587313279e-29,3.482982777368392e-07
V10-PHASE-CACHED-FIT-GN-CONTINUE,ordered_boundary_outgoing_channels,bottom,-1,1,s,-1.25,2.6333648856426664e-05,3.314206087812293e-05,-0.00020705147254900414,-0.0002612982466308191,0.0003757175928531801,0.9095181214967073,0.0028537595493262676,5.5644131456473954e-08,3.4515489579099395e-06,3.3959048264534653e-06
V10-PHASE-CACHED-FIT-GN-CONTINUE,ordered_boundary_outgoing_channels,bottom,-1,1,p,-1.25,8.213777078362034e-05,-3.867795918891108e-05,-0.0001549980717030024,-0.00018981004150863128,0.0002812015542242522,0.9095181214967073,0.0028537595493262676,2.559646975758283e-07,1.8648558637369045e-06,1.6088911661610761e-06
V10-PHASE-CACHED-FIT-GN-CONTINUE,ordered_boundary_outgoing_channels,bottom,0,0,s,-1.25,0.07045532957108291,-0.10037525976750016,0.07050175899447489,-0.09994772920440079,0.00043004426951253987,0.9095181214967073,0.0028537595493262676,0.032502936403082945,0.032331984498269135,0.00017095190481380973
V10-PHASE-CACHED-FIT-GN-CONTINUE,ordered_boundary_outgoing_channels,bottom,0,0,p,-1.25,2.334571206700106e-05,-0.0009720641869110993,1.7315585978917311e-15,4.892126973773713e-15,0.0009723444892405582,0.9095181214967073,0.0028537595493262676,2.043335734169576e-06,5.820430999983165e-29,2.043335734169576e-06
V10-PHASE-CACHED-FIT-GN-CONTINUE,ordered_scattered_channels,top,-3,-1,s,8.75,-3.215782884574226e-07,6.040109656118033e-06,-9.195140170810291e-05,5.5769259938579254e-05,0.00010425455830672839,0.2468359522790033,0.010912853730529155,1.1585117053545679e-09,3.662159813318062e-07,3.6505746962645164e-07
V10-PHASE-CACHED-FIT-GN-CONTINUE,ordered_scattered_channels,top,-3,-1,p,8.75,-1.5148997809655393e-05,-2.4860264298592058e-05,6.49187356517443e-05,-4.008051303985588e-05,8.150152092686176e-05,0.2468359522790033,0.010912853730529155,2.683699880077467e-08,1.843193233752179e-07,1.5748232457444323e-07
V10-PHASE-CACHED-FIT-GN-CONTINUE,ordered_scattered_channels,top,-3,0,s,8.75,2.833071029719377e-06,-4.234644914479853e-05,-0.00019219020094724982,0.00048817928501638765,0.0005652359075818419,0.2468359522790033,0.010912853730529155,8.937266907932255e-08,1.365740342110789e-05,1.3568030752028568e-05
V10-PHASE-CACHED-FIT-GN-CONTINUE,ordered_scattered_channels,top,-3,0,p,8.75,1.9416485390959532e-07,-2.3735830759064673e-06,1.2553482268998042e-15,3.668039838538298e-15,2.3815114162331127e-06,0.2468359522790033,0.010912853730529155,2.814080647075257e-10,7.457653301374714e-28,2.814080647075257e-10
V10-PHASE-CACHED-FIT-GN-CONTINUE,ordered_scattered_channels,top,-3,1,s,8.75,-2.8329326785388982e-06,5.773855733754482e-06,-9.195140170914724e-05,5.5769259941376876e-05,0.00010218435283468329,0.2468359522790033,0.010912853730529155,1.3097628185546489e-09,3.6621598134782935e-07,3.649062185292747e-07
V10-PHASE-CACHED-FIT-GN-CONTINUE,ordered_scattered_channels,top,-3,1,p,8.75,9.371618685839295e-06,1.3502819143118049e-05,-6.491873565010715e-05,4.00805130396873e-05,7.890139770764654e-05,0.2468359522790033,0.010912853730529155,8.55444559781119e-09,1.843193233680326e-07,1.757648777702214e-07
V10-PHASE-CACHED-FIT-GN-CONTINUE,ordered_scattered_channels,top,-2,-1,s,8.75,3.363304791168593e-07,-9.593499479470379e-06,2.3445165024338254e-06,9.658174404606376e-07,1.0748580600236807e-05,0.2468359522790033,0.010912853730529155,3.935464374074763e-09,2.745931746845648e-10,3.660871199390198e-09
V10-PHASE-CACHED-FIT-GN-CONTINUE,ordered_scattered_channels,top,-2,-1,p,8.75,2.3808900150697216e-05,-2.995529261076353e-05,-0.00011450210530949539,-0.00014336308972242402,0.0001788610149728805,0.2468359522790033,0.010912853730529155,6.253222238037181e-08,1.437706929814518e-06,1.3751747074341461e-06
V10-PHASE-CACHED-FIT-GN-CONTINUE,ordered_scattered_channels,top,-2,0,s,8.75,0.0001297618442691717,-2.9348444817117274e-05,0.0001642593255332033,-5.620738854478225e-05,4.37204651362275e-05,0.2468359522790033,0.010912853730529155,1.0141562597482272e-06,1.7270051732052553e-06,7.128489134570281e-07
V10-PHASE-CACHED-FIT-GN-CONTINUE,ordered_scattered_channels,top,-2,0,p,8.75,-7.0222304577639595e-06,-2.3379979636629613e-07,-1.731002669799771e-16,1.1404235647096274e-15,7.026121472393635e-06,0.2468359522790033,0.010912853730529155,2.8286289659572517e-09,7.623760074136061e-29,2.8286289659572517e-09
V10-PHASE-CACHED-FIT-GN-CONTINUE,ordered_scattered_channels,top,-2,1,s,8.75,-5.741299539860822e-06,-6.871957907229583e-06,2.344516501375749e-06,9.658174394089149e-07,1.1261045397168634e-05,0.2468359522790033,0.010912853730529155,3.4245911864391084e-09,2.745931743859139e-10,3.1499980120531947e-09
V10-PHASE-CACHED-FIT-GN-CONTINUE,ordered_scattered_channels,top,-2,1,p,8.75,-1.959989404031198e-05,2.4846694662216512e-05,0.00011450210531154583,0.0001433630897223534,0.0001789678242819533,0.2468359522790033,0.010912853730529155,4.277258323720766e-08,1.4377069298335635e-06,1.394934346596356e-06
V10-PHASE-CACHED-FIT-GN-CONTINUE,ordered_scattered_channels,top,-1,-1,s,8.75,-2.4317769796908588e-05,-4.507877790756101e-05,-0.00016753172947578341,-0.00027805078620911914,0.0002734706472346962,0.2468359522790033,0.010912853730529155,8.311334921239141e-08,3.3385088803210597e-06,3.255395531108668e-06
V10-PHASE-CACHED-FIT-GN-CONTINUE,ordered_scattered_channels,top,-1,-1,p,8.75,-2.416018110127957e-07,-8.957749901028504e-05,-0.00012312018254764134,-0.00020515373533901306,0.00016869206266971226,0.2468359522790033,0.010912853730529155,2.542137240566335e-07,1.8136268113864188e-06,1.5594130873297853e-06
V10-PHASE-CACHED-FIT-GN-CONTINUE,ordered_scattered_channels,top,-1,0,s,8.75,0.0006167543759552132,0.0010210314130601797,-0.0010285581087378939,0.0013279322632823076,0.001673690922528431,0.2468359522790033,0.010912853730529155,7.061404074481307e-05,0.00014001487940183894,6.940083865702587e-05
V10-PHASE-CACHED-FIT-GN-CONTINUE,ordered_scattered_channels,top,-1,0,p,8.75,-8.733155193196544e-07,-0.00011349147854540109,1.0695710033665002e-15,-1.898478834981676e-15,0.00011349483856981544,0.2468359522790033,0.010912853730529155,6.392513028160227e-07,2.3563986760300565e-28,6.392513028160227e-07
V10-PHASE-CACHED-FIT-GN-CONTINUE,ordered_scattered_channels,top,-1,1,s,8.75,-6.713430182945376e-05,-9.97615931333068e-05,-0.00016753172947527734,-0.00027805078621216526,0.00020461348891656397,0.2468359522790033,0.010912853730529155,4.5808696920591515e-07,3.338508880369034e-06,2.880421911163119e-06
V10-PHASE-CACHED-FIT-GN-CONTINUE,ordered_scattered_channels,top,-1,1,p,8.75,7.906581032126854e-05,0.0002972501487360993,0.00012312018254903858,0.0002051537353391292,0.0001020908275653035,0.2468359522790033,0.010912853730529155,2.9973031116060746e-06,1.8136268113985115e-06,1.183676300207563e-06
V10-PHASE-CACHED-FIT-GN-CONTINUE,ordered_scattered_channels,top,0,0,s,8.75,-0.019289409143452965,0.20901412004816097,-0.01927337511042978,0.20927155222279603,0.0002579310271222208,0.2468359522790033,0.010912853730529155,0.8123051774188593,0.812256818464021,4.8358954838345625e-05
V10-PHASE-CACHED-FIT-GN-CONTINUE,ordered_scattered_channels,top,0,0,p,8.75,-0.00020844256679518187,-0.0007319118632873357,1.1185579377514874e-13,-3.735624544869974e-15,0.0007610146380419145,0.2468359522790033,0.010912853730529155,5.791432792748954e-07,1.2563444413870592e-26,5.791432792748954e-07
V10-PHASE-CACHED-FIT-GN-CONTINUE,ordered_scattered_channels,bottom,-3,-1,s,-1.25,-3.837857492471963e-06,1.983204755806432e-06,-4.909306826320045e-06,0.00011217325597253238,0.00011019526029199119,0.2468359522790033,0.010912853730529155,5.648779704135812e-10,3.815929255738811e-07,3.8102804760346754e-07
V10-PHASE-CACHED-FIT-GN-CONTINUE,ordered_scattered_channels,bottom,-3,-1,p,-1.25,3.8351243181109404e-05,1.4091245879977412e-06,-1.5732873804033325e-06,7.928198517251764e-05,8.751085964709315e-05,0.2468359522790033,0.010912853730529155,4.457952222739676e-08,1.903314808729246e-07,1.4575195864552783e-07
V10-PHASE-CACHED-FIT-GN-CONTINUE,ordered_scattered_channels,bottom,-3,0,s,-1.25,8.849546573953786e-05,2.6822280282025245e-05,-0.0004924362020247152,-0.0001736752134377082,0.0006145574404392571,0.2468359522790033,0.010912853730529155,4.1424685001044323e-07,1.3208823483228831e-05,1.2794576633218388e-05
V10-PHASE-CACHED-FIT-GN-CONTINUE,ordered_scattered_channels,bottom,-3,0,p,-1.25,1.6038979217611844e-05,-1.8283834962445546e-05,-1.3274970028758873e-16,2.3198170478591657e-16,2.4321749017899025e-05,0.2468359522790033,0.010912853730529155,2.865747337194945e-08,3.46080831114775e-30,2.865747337194945e-08
V10-PHASE-CACHED-FIT-GN-CONTINUE,ordered_scattered_channels,bottom,-3,1,s,-1.25,4.932265998328664e-06,6.27422472901081e-06,-4.9093068289528565e-06,0.00011217325597378981,0.00010635535423427147,0.2468359522790033,0.010912853730529155,1.927894623222935e-09,3.8159292558322023e-07,3.796650309599973e-07
V10-PHASE-CACHED-FIT-GN-CONTINUE,ordered_scattered_channels,bottom,-3,1,p,-1.25,2.1756797553809667e-05,3.3609654105444793e-06,1.5732873796878703e-06,-7.928198517485518e-05,8.507191877705408e-05,0.2468359522790033,0.010912853730529155,1.4669749638125449e-08,1.903314808841085e-07,1.7566173124598306e-07
V10-PHASE-CACHED-FIT-GN-CONTINUE,ordered_scattered_channels,bottom,-2,-1,s,-1.25,2.1877825416702423e-05,-9.055734883993572e-06,7.745485652971132e-07,2.471734525870588e-06,2.4046431021305703e-05,0.2468359522790033,0.010912853730529155,2.3251019510860586e-08,2.7825122930511906e-10,2.2972768281555468e-08
V10-PHASE-CACHED-FIT-GN-CONTINUE,ordered_scattered_channels,bottom,-2,-1,p,-1.25,-3.496213176458425e-05,1.3347800216005475e-05,-3.630225008417886e-05,0.00018832341315366003,0.0001749807447692986,0.2468359522790033,0.010912853730529155,5.8081949628658997e-08,1.5254830024257906e-06,1.4674010527971316e-06
V10-PHASE-CACHED-FIT-GN-CONTINUE,ordered_scattered_channels,bottom,-2,0,s,-1.25,-0.0002215358271352471,3.7588076368477598e-06,-0.00018404130862069833,1.7489532595272983e-05,3.992958460241931e-05,0.2468359522790033,0.010912853730529155,2.757973150127206e-06,1.9200481909981673e-06,8.379249591290388e-07
V10-PHASE-CACHED-FIT-GN-CONTINUE,ordered_scattered_channels,bottom,-2,0,p,-1.25,-1.633994704077052e-05,2.8137083696553206e-05,-1.953215047833636e-16,3.0838854490696276e-16,3.2537506791674866e-05,0.2468359522790033,0.010912853730529155,5.9476530758272126e-08,7.486128714139298e-30,5.9476530758272126e-08
V10-PHASE-CACHED-FIT-GN-CONTINUE,ordered_scattered_channels,bottom,-2,1,s,-1.25,-1.816392835294748e-05,-4.85411986850553e-06,7.745485660026087e-07,2.4717345262717774e-06,2.0306010209371097e-05,0.2468359522790033,0.010912853730529155,1.4659922706899747e-08,2.7825122943269296e-10,1.4381671477467055e-08
V10-PHASE-CACHED-FIT-GN-CONTINUE,ordered_scattered_channels,bottom,-2,1,p,-1.25,-1.5405824946354838e-05,1.3813656559629312e-05,3.630225008296777e-05,-0.00018832341315285628,0.00020864592010194763,0.2468359522790033,0.010912853730529155,1.7756451958364925e-08,1.5254830024097482e-06,1.5077265504513832e-06
V10-PHASE-CACHED-FIT-GN-CONTINUE,ordered_scattered_channels,bottom,-1,-1,s,-1.25,-0.00010136367231093008,3.5253210593791344e-05,-0.00033718347041335536,-1.666806024013619e-05,0.0002414680010727688,0.2468359522790033,0.010912853730529155,3.487990761471725e-07,3.4515489579344382e-06,3.102749881787266e-06
V10-PHASE-CACHED-FIT-GN-CONTINUE,ordered_scattered_channels,bottom,-1,-1,p,-1.25,8.327845071384114e-05,-6.531724034882499e-05,0.00024799923661753275,8.609260274615205e-06,0.00018054934174113543,0.2468359522790033,0.010912853730529155,3.392370029974528e-07,1.8648558637476027e-06,1.5256188607501498e-06
V10-PHASE-CACHED-FIT-GN-CONTINUE,ordered_scattered_channels,bottom,-1,0,s,-1.25,-0.0012602197082783625,-1.1155538787393636e-05,-0.0011348134234954131,-0.00088619762079417,0.0008839826817001656,0.2468359522790033,0.010912853730529155,7.696014931445103e-05,0.00010045454435778903,2.3494395043337996e-05
V10-PHASE-CACHED-FIT-GN-CONTINUE,ordered_scattered_channels,bottom,-1,0,p,-1.25,-7.46668051166291e-05,4.0161338451035044e-05,-4.465027736885759e-16,-2.0865938982257457e-16,8.47824562775421e-05,0.2468359522790033,0.010912853730529155,3.482982777368392e-07,1.1769907587313279e-29,3.482982777368392e-07
V10-PHASE-CACHED-FIT-GN-CONTINUE,ordered_scattered_channels,bottom,-1,1,s,-1.25,4.281512238523913e-05,2.0592441831512204e-06,-0.00033718347041209747,-1.666806024128843e-05,0.000380459777715019,0.2468359522790033,0.010912853730529155,5.5644131456473954e-08,3.4515489579099395e-06,3.3959048264534653e-06
V10-PHASE-CACHED-FIT-GN-CONTINUE,ordered_scattered_channels,bottom,-1,1,p,-1.25,2.5352671743134347e-05,-8.836981280499194e-05,-0.00024799923661679776,-8.609260275598644e-06,0.0002847507884867236,0.2468359522790033,0.010912853730529155,2.559646975758283e-07,1.8648558637369045e-06,1.6088911661610761e-06
V10-PHASE-CACHED-FIT-GN-CONTINUE,ordered_scattered_channels,bottom,0,0,s,-1.25,-0.04169336142236607,0.12206611541047474,-0.041607545586981674,0.12257388541158544,0.0005149706123951945,0.2468359522790033,0.010912853730529155,0.032502936403082945,0.032331984498269135,0.00017095190481380973
V10-PHASE-CACHED-FIT-GN-CONTINUE,ordered_scattered_channels,bottom,0,0,p,-1.25,-4.101922563467203e-05,-0.0011636430397835079,2.6658179463359154e-15,5.966790876859179e-15,0.0011643657934353687,0.2468359522790033,0.010912853730529155,2.043335734169576e-06,5.820430999983165e-29,2.043335734169576e-06
V9-PLAIN-FIT-GN-DIAGNOSTIC,ordered_total_channels,top,-3,-1,s,8.75,-0.0006808006089425133,0.0009420808050581159,-9.195140170809825e-05,5.576925993858354e-05,0.0010640918869499814,0.4382342339399896,0.10708988446297207,4.277979293096884e-05,3.662159813318062e-07,4.2413576949637034e-05
V9-PLAIN-FIT-GN-DIAGNOSTIC,ordered_total_channels,top,-3,-1,p,8.75,0.002084480837922217,-0.0023981778887762033,6.491873565175626e-05,-4.0080513039853855e-05,0.0031047148529908092,0.4382342339399896,0.10708988446297207,0.00031970136779314276,1.843193233752179e-07,0.00031951704846976754
V9-PLAIN-FIT-GN-DIAGNOSTIC,ordered_total_channels,top,-3,0,s,8.75,0.001468431311142558,0.002974041493159295,-0.0001921902009470994,0.00048817928501632254,0.0029895107834373826,0.4382342339399896,0.10708988446297207,0.0005458480852911503,1.365740342110789e-05,0.0005321906818700424
V9-PLAIN-FIT-GN-DIAGNOSTIC,ordered_total_channels,top,-3,0,p,8.75,0.0004582594273416594,0.0005668910240426912,1.2553482268998042e-15,3.668039838538298e-15,0.0007289493369791671,0.4382342339399896,0.10708988446297207,2.636488588228261e-05,7.457653301374714e-28,2.636488588228261e-05
V9-PLAIN-FIT-GN-DIAGNOSTIC,ordered_total_channels,top,-3,1,s,8.75,0.0011638822573221239,0.0002646522347031878,-9.195140170915746e-05,5.576925994137385e-05,0.0012730869083849858,0.4382342339399896,0.10708988446297207,4.511215263754009e-05,3.6621598134782935e-07,4.474593665619226e-05
V9-PLAIN-FIT-GN-DIAGNOSTIC,ordered_total_channels,top,-3,1,p,8.75,0.0030449156203121775,0.0005301566228134996,-6.491873565012055e-05,4.0080513039672495e-05,0.0031482128763624753,0.4382342339399896,0.10708988446297207,0.0003024837496600844,1.843193233680326e-07,0.0003022994303367164
V9-PLAIN-FIT-GN-DIAGNOSTIC,ordered_total_channels,top,-2,-1,s,8.75,6.032868336817812e-05,-0.0002181038440098581,2.344516502433825e-06,9.65817440460633e-07,0.00022661350395568165,0.4382342339399896,0.10708988446297207,2.187022902813419e-06,2.745931746845648e-10,2.1867483096387344e-06
V9-PLAIN-FIT-GN-DIAGNOSTIC,ordered_total_channels,top,-2,-1,p,8.75,0.006660470782417419,0.00018214398639605856,-0.00011450210530953003,-0.00014336308972240936,0.006782787958209989,0.4382342339399896,0.10708988446297207,0.0018960201334445254,1.437706929814518e-06,0.0018945824265147108
V9-PLAIN-FIT-GN-DIAGNOSTIC,ordered_total_channels,top,-2,0,s,8.75,0.0018293791040885296,-0.000569959578126642,0.00016425932553326252,-5.6207388544626634e-05,0.0017425742994880465,0.4382342339399896,0.10708988446297207,0.00021037109110337102,1.7270051732052553e-06,0.00020864408593016575
V9-PLAIN-FIT-GN-DIAGNOSTIC,ordered_total_channels,top,-2,0,p,8.75,-2.060154218694841e-05,-2.562921462156489e-05,-1.731002669799771e-16,1.1404235647096274e-15,3.2882825040591857e-05,0.4382342339399896,0.10708988446297207,6.195593564379883e-08,7.623760074136061e-29,6.195593564379883e-08
V9-PLAIN-FIT-GN-DIAGNOSTIC,ordered_total_channels,top,-2,1,s,8.75,-0.00016145040969524897,0.0001253469051285049,2.3445165013757525e-06,9.658174394089157e-07,0.00020566825915167445,0.4382342339399896,0.10708988446297207,1.7842549564960188e-06,2.745931743859139e-10,1.7839803633216328e-06
V9-PLAIN-FIT-GN-DIAGNOSTIC,ordered_total_channels,top,-2,1,p,8.75,0.0025262952225851795,0.0011601819252507891,0.0001145021053115565,0.0001433630897223461,0.00261737780704541,0.4382342339399896,0.10708988446297207,0.00033005490493482123,1.4377069298335635e-06,0.0003286171980049877
V9-PLAIN-FIT-GN-DIAGNOSTIC,ordered_total_channels,top,-1,-1,s,8.75,-0.0005385612604872187,1.3818738904680557e-05,-0.0001675317294758279,-0.0002780507862091289,0.0004720706859917202,0.4382342339399896,0.10708988446297207,9.195048397782153e-06,3.3385088803210597e-06,5.856539517461093e-06
V9-PLAIN-FIT-GN-DIAGNOSTIC,ordered_total_channels,top,-1,-1,p,8.75,-0.0010307734481693712,-5.241604749236471e-06,-0.00012312018254765662,-0.00020515373533905003,0.0009294080430848021,0.4382342339399896,0.10708988446297207,3.3661668893778096e-05,1.8136268113864188e-06,3.184804208239168e-05
V9-PLAIN-FIT-GN-DIAGNOSTIC,ordered_total_channels,top,-1,0,s,8.75,-0.0007503481999187504,0.00825436123500568,-0.0010285581087383054,0.0013279322632824794,0.0069320140690633265,0.4382342339399896,0.10708988446297207,0.0034092617274963546,0.00014001487940183894,0.0032692468480945156
V9-PLAIN-FIT-GN-DIAGNOSTIC,ordered_total_channels,top,-1,0,p,8.75,0.0014063385610660253,-0.0001417068901877236,1.0695710033665002e-15,-1.898478834981676e-15,0.0014134599361369912,0.4382342339399896,0.10708988446297207,9.914855864390884e-05,2.3563986760300565e-28,9.914855864390884e-05
V9-PLAIN-FIT-GN-DIAGNOSTIC,ordered_total_channels,top,-1,1,s,8.75,-0.0006895399429584911,0.0014697707783619157,-0.0001675317294752791,-0.00027805078621218255,0.0018241087677367772,0.4382342339399896,0.10708988446297207,8.350116591916389e-05,3.338508880369034e-06,8.016265703879485e-05
V9-PLAIN-FIT-GN-DIAGNOSTIC,ordered_total_channels,top,-1,1,p,8.75,0.001902530638267808,-0.0035108422676798892,0.00012312018254904267,0.00020515373533914856,0.004120064060712495,0.4382342339399896,0.10708988446297207,0.0005051726395431695,1.8136268113985115e-06,0.000503359012731771
V9-PLAIN-FIT-GN-DIAGNOSTIC,ordered_total_channels,top,0,0,s,8.75,0.02701658108036009,-0.416984558358917,0.026785429987131376,-0.4121567714282053,0.004833317440045897,0.4382342339399896,0.10708988446297207,0.8122280191981438,0.812256818464021,2.8799265877177405e-05
V9-PLAIN-FIT-GN-DIAGNOSTIC,ordered_total_channels,top,0,0,p,8.75,-0.005190442364274248,0.040344494430428,1.1196540890151039e-13,-5.214558791588342e-15,0.04067700729878332,0.4382342339399896,0.10708988446297207,0.001654618922783325,1.2563444413870592e-26,0.001654618922783325
V9-PLAIN-FIT-GN-DIAGNOSTIC,ordered_total_channels,bottom,-3,-1,s,-1.25,-0.00018464047639268094,-0.0011781493558101943,-4.909306826319978e-06,0.00011217325597253058,0.0013027800028368123,0.4382342339399896,0.10708988446297207,4.3045652631432754e-05,3.815929255738811e-07,4.266405970585887e-05
V9-PLAIN-FIT-GN-DIAGNOSTIC,ordered_total_channels,bottom,-3,-1,p,-1.25,-0.0002996060923081123,-0.002651885438473286,-1.5732873803997091e-06,7.928198517251047e-05,0.0027473803975418287,0.4382342339399896,0.10708988446297207,0.00021557998708937834,1.903314808729246e-07,0.0002153896556085054
V9-PLAIN-FIT-GN-DIAGNOSTIC,ordered_total_channels,bottom,-3,0,s,-1.25,-0.009181491497660258,-0.0005567972589520966,-0.0004924362020247129,-0.0001736752134376343,0.008697497595996868,0.4382342339399896,0.10708988446297207,0.004098915908902408,1.3208823483228831e-05,0.00408570708541918
V9-PLAIN-FIT-GN-DIAGNOSTIC,ordered_total_channels,bottom,-3,0,p,-1.25,-0.0012459084373453388,-0.0004715220003384672,-1.3274970028758873e-16,2.3198170478591657e-16,0.0013321489522765018,0.4382342339399896,0.10708988446297207,8.597137395837392e-05,3.46080831114775e-30,8.597137395837392e-05
V9-PLAIN-FIT-GN-DIAGNOSTIC,ordered_total_channels,bottom,-3,1,s,-1.25,0.0004031593342351292,0.0010557948914298619,-4.909306828951654e-06,0.00011217325597379069,0.0010280767513764118,0.4382342339399896,0.10708988446297207,3.866012198354773e-05,3.8159292558322023e-07,3.827852905796451e-05
V9-PLAIN-FIT-GN-DIAGNOSTIC,ordered_total_channels,bottom,-3,1,p,-1.25,-0.0013326784297793277,-0.0022982399315346824,1.5732873796791848e-06,-7.9281985174855e-05,0.0025892087618527753,0.4382342339399896,0.10708988446297207,0.0002136330697738265,1.903314808841085e-07,0.00021344273829294237
V9-PLAIN-FIT-GN-DIAGNOSTIC,ordered_total_channels,bottom,-2,-1,s,-1.25,-9.071357417303606e-05,-6.741651109564632e-05,7.745485652971132e-07,2.4717345258705883e-06,0.00011512794395036243,0.4382342339399896,0.10708988446297207,5.297590928399265e-07,2.7825122930511906e-10,5.294808416106213e-07
V9-PLAIN-FIT-GN-DIAGNOSTIC,ordered_total_channels,bottom,-2,-1,p,-1.25,0.00020538540995457082,0.0009230837597748397,-3.630225008417201e-05,0.0001883234131536643,0.0007734892966175245,0.4382342339399896,0.10708988446297207,3.708691453012892e-05,1.5254830024257906e-06,3.556143152770313e-05
V9-PLAIN-FIT-GN-DIAGNOSTIC,ordered_total_channels,bottom,-2,0,s,-1.25,-0.0028016064612062827,-0.0010552241772498084,-0.00018404130862068258,1.7489532595230964e-05,0.0028288446460207005,0.4382342339399896,0.10708988446297207,0.0005035076806338663,1.9200481909981673e-06,0.0005015876324428681
V9-PLAIN-FIT-GN-DIAGNOSTIC,ordered_total_channels,bottom,-2,0,p,-1.25,0.00021351019660905635,-0.0002481523322023361,-1.953215047833636e-16,3.0838854490696276e-16,0.0003273624658291371,0.4382342339399896,0.10708988446297207,6.020531756080143e-06,7.486128714139298e-30,6.020531756080143e-06
V9-PLAIN-FIT-GN-DIAGNOSTIC,ordered_total_channels,bottom,-2,1,s,-1.25,0.00012325069351143346,-5.058496923104614e-05,7.745485660026084e-07,2.4717345262717786e-06,0.00013347441662837857,0.4382342339399896,0.10708988446297207,7.361079320830674e-07,2.7825122943269296e-10,7.358296808536347e-07
V9-PLAIN-FIT-GN-DIAGNOSTIC,ordered_total_channels,bottom,-2,1,p,-1.25,-0.002486422095193822,0.0021510871966383903,3.630225008297548e-05,-0.00018832341315286793,0.003440491261935736,0.4382342339399896,0.10708988446297207,0.00044828895395543827,1.5254830024097482e-06,0.0004467634709530285
V9-PLAIN-FIT-GN-DIAGNOSTIC,ordered_total_channels,bottom,-1,-1,s,-1.25,-0.00025883955158156815,0.000411578761130207,-0.00033718347041335526,-1.6668060240140516e-05,0.00043535400495657323,0.4382342339399896,0.10708988446297207,7.159122407084208e-06,3.4515489579344382e-06,3.70757344914977e-06
V9-PLAIN-FIT-GN-DIAGNOSTIC,ordered_total_channels,bottom,-1,-1,p,-1.25,0.0005905201231493398,-0.0009071974550146336,0.0002479992366175502,8.609260274623294e-06,0.0009777640295487563,0.4382342339399896,0.10708988446297207,3.5485082694655394e-05,1.8648558637476027e-06,3.362022683090779e-05
V9-PLAIN-FIT-GN-DIAGNOSTIC,ordered_total_channels,bottom,-1,0,s,-1.25,-0.006585615999575314,-0.002859223747933465,-0.0011348134234953988,-0.0008861976207941805,0.005796902692108407,0.4382342339399896,0.10708988446297207,0.0024976413865455327,0.00010045454435778903,0.0023971868421877435
V9-PLAIN-FIT-GN-DIAGNOSTIC,ordered_total_channels,bottom,-1,0,p,-1.25,0.0007804846663323027,0.000603149151337374,-4.465027736885759e-16,-2.0865938982257457e-16,0.0009863798523590133,0.4382342339399896,0.10708988446297207,4.714414061870638e-05,1.1769907587313279e-29,4.714414061870638e-05
V9-PLAIN-FIT-GN-DIAGNOSTIC,ordered_total_channels,bottom,-1,1,s,-1.25,-0.00045831213973542934,-0.00035854216519437846,-0.00033718347041209904,-1.6668060241286416e-05,0.0003626983018564031,0.4382342339399896,0.10708988446297207,1.0254433716559607e-05,3.4515489579099395e-06,6.802884758649667e-06
V9-PLAIN-FIT-GN-DIAGNOSTIC,ordered_total_channels,bottom,-1,1,p,-1.25,-0.0014488110296951612,-0.00045279797669316776,-0.000247999236616804,-8.609260275602887e-06,0.0012803329950402526,0.4382342339399896,0.10708988446297207,6.977807147411449e-05,1.8648558637369045e-06,6.791321561037759e-05
V9-PLAIN-FIT-GN-DIAGNOSTIC,ordered_total_channels,bottom,0,0,s,-1.25,0.07371751029078409,-0.11359311202263772,0.07718950242782177,-0.12447475436113979,0.011422121929953833,0.4382342339399896,0.10708988446297207,0.027637892402232387,0.032331984498269135,0.004694092096036748
V9-PLAIN-FIT-GN-DIAGNOSTIC,ordered_total_channels,bottom,0,0,p,-1.25,0.00862998727365378,0.0028016998641029554,2.4167599005431038e-15,5.725178855579965e-15,0.009073378779256763,0.4382342339399896,0.10708988446297207,0.000124079186161722,5.820430999983165e-29,0.000124079186161722
V9-PLAIN-FIT-GN-DIAGNOSTIC,ordered_outgoing_channels,top,-3,-1,s,8.75,-0.0006808006089425133,0.0009420808050581159,-9.195140170809825e-05,5.576925993858354e-05,0.0010640918869499814,0.9130801710515086,0.051397954931281846,4.277979293096884e-05,3.662159813318062e-07,4.2413576949637034e-05
V9-PLAIN-FIT-GN-DIAGNOSTIC,ordered_outgoing_channels,top,-3,-1,p,8.75,0.002084480837922217,-0.0023981778887762033,6.491873565175626e-05,-4.0080513039853855e-05,0.0031047148529908092,0.9130801710515086,0.051397954931281846,0.00031970136779314276,1.843193233752179e-07,0.00031951704846976754
V9-PLAIN-FIT-GN-DIAGNOSTIC,ordered_outgoing_channels,top,-3,0,s,8.75,0.001468431311142558,0.002974041493159295,-0.0001921902009470994,0.00048817928501632254,0.0029895107834373826,0.9130801710515086,0.051397954931281846,0.0005458480852911503,1.365740342110789e-05,0.0005321906818700424
V9-PLAIN-FIT-GN-DIAGNOSTIC,ordered_outgoing_channels,top,-3,0,p,8.75,0.0004582594273416594,0.0005668910240426912,1.2553482268998042e-15,3.668039838538298e-15,0.0007289493369791671,0.9130801710515086,0.051397954931281846,2.636488588228261e-05,7.457653301374714e-28,2.636488588228261e-05
V9-PLAIN-FIT-GN-DIAGNOSTIC,ordered_outgoing_channels,top,-3,1,s,8.75,0.0011638822573221239,0.0002646522347031878,-9.195140170915746e-05,5.576925994137385e-05,0.0012730869083849858,0.9130801710515086,0.051397954931281846,4.511215263754009e-05,3.6621598134782935e-07,4.474593665619226e-05
V9-PLAIN-FIT-GN-DIAGNOSTIC,ordered_outgoing_channels,top,-3,1,p,8.75,0.0030449156203121775,0.0005301566228134996,-6.491873565012055e-05,4.0080513039672495e-05,0.0031482128763624753,0.9130801710515086,0.051397954931281846,0.0003024837496600844,1.843193233680326e-07,0.0003022994303367164
V9-PLAIN-FIT-GN-DIAGNOSTIC,ordered_outgoing_channels,top,-2,-1,s,8.75,6.032868336817812e-05,-0.0002181038440098581,2.344516502433825e-06,9.65817440460633e-07,0.00022661350395568165,0.9130801710515086,0.051397954931281846,2.187022902813419e-06,2.745931746845648e-10,2.1867483096387344e-06
V9-PLAIN-FIT-GN-DIAGNOSTIC,ordered_outgoing_channels,top,-2,-1,p,8.75,0.006660470782417419,0.00018214398639605856,-0.00011450210530953003,-0.00014336308972240936,0.006782787958209989,0.9130801710515086,0.051397954931281846,0.0018960201334445254,1.437706929814518e-06,0.0018945824265147108
V9-PLAIN-FIT-GN-DIAGNOSTIC,ordered_outgoing_channels,top,-2,0,s,8.75,0.0018293791040885296,-0.000569959578126642,0.00016425932553326252,-5.6207388544626634e-05,0.0017425742994880465,0.9130801710515086,0.051397954931281846,0.00021037109110337102,1.7270051732052553e-06,0.00020864408593016575
V9-PLAIN-FIT-GN-DIAGNOSTIC,ordered_outgoing_channels,top,-2,0,p,8.75,-2.060154218694841e-05,-2.562921462156489e-05,-1.731002669799771e-16,1.1404235647096274e-15,3.2882825040591857e-05,0.9130801710515086,0.051397954931281846,6.195593564379883e-08,7.623760074136061e-29,6.195593564379883e-08
V9-PLAIN-FIT-GN-DIAGNOSTIC,ordered_outgoing_channels,top,-2,1,s,8.75,-0.00016145040969524897,0.0001253469051285049,2.3445165013757525e-06,9.658174394089157e-07,0.00020566825915167445,0.9130801710515086,0.051397954931281846,1.7842549564960188e-06,2.745931743859139e-10,1.7839803633216328e-06
V9-PLAIN-FIT-GN-DIAGNOSTIC,ordered_outgoing_channels,top,-2,1,p,8.75,0.0025262952225851795,0.0011601819252507891,0.0001145021053115565,0.0001433630897223461,0.00261737780704541,0.9130801710515086,0.051397954931281846,0.00033005490493482123,1.4377069298335635e-06,0.0003286171980049877
V9-PLAIN-FIT-GN-DIAGNOSTIC,ordered_outgoing_channels,top,-1,-1,s,8.75,-0.0005385612604872187,1.3818738904680557e-05,-0.0001675317294758279,-0.0002780507862091289,0.0004720706859917202,0.9130801710515086,0.051397954931281846,9.195048397782153e-06,3.3385088803210597e-06,5.856539517461093e-06
V9-PLAIN-FIT-GN-DIAGNOSTIC,ordered_outgoing_channels,top,-1,-1,p,8.75,-0.0010307734481693712,-5.241604749236471e-06,-0.00012312018254765662,-0.00020515373533905003,0.0009294080430848021,0.9130801710515086,0.051397954931281846,3.3661668893778096e-05,1.8136268113864188e-06,3.184804208239168e-05
V9-PLAIN-FIT-GN-DIAGNOSTIC,ordered_outgoing_channels,top,-1,0,s,8.75,-0.0007503481999187504,0.00825436123500568,-0.0010285581087383054,0.0013279322632824794,0.0069320140690633265,0.9130801710515086,0.051397954931281846,0.0034092617274963546,0.00014001487940183894,0.0032692468480945156
V9-PLAIN-FIT-GN-DIAGNOSTIC,ordered_outgoing_channels,top,-1,0,p,8.75,0.0014063385610660253,-0.0001417068901877236,1.0695710033665002e-15,-1.898478834981676e-15,0.0014134599361369912,0.9130801710515086,0.051397954931281846,9.914855864390884e-05,2.3563986760300565e-28,9.914855864390884e-05
V9-PLAIN-FIT-GN-DIAGNOSTIC,ordered_outgoing_channels,top,-1,1,s,8.75,-0.0006895399429584911,0.0014697707783619157,-0.0001675317294752791,-0.00027805078621218255,0.0018241087677367772,0.9130801710515086,0.051397954931281846,8.350116591916389e-05,3.338508880369034e-06,8.016265703879485e-05
V9-PLAIN-FIT-GN-DIAGNOSTIC,ordered_outgoing_channels,top,-1,1,p,8.75,0.001902530638267808,-0.0035108422676798892,0.00012312018254904267,0.00020515373533914856,0.004120064060712495,0.9130801710515086,0.051397954931281846,0.0005051726395431695,1.8136268113985115e-06,0.000503359012731771
V9-PLAIN-FIT-GN-DIAGNOSTIC,ordered_outgoing_channels,top,0,0,s,8.75,-0.9002324306940206,-0.0425392750885375,-0.9004635817872493,-0.03771148815782577,0.004833317440045896,0.9130801710515086,0.051397954931281846,0.8122280191981438,0.812256818464021,2.8799265877177405e-05
V9-PLAIN-FIT-GN-DIAGNOSTIC,ordered_outgoing_channels,top,0,0,p,8.75,-0.005190442364274248,0.040344494430428,1.1196540890151039e-13,-5.214558791588342e-15,0.04067700729878332,0.9130801710515086,0.051397954931281846,0.001654618922783325,1.2563444413870592e-26,0.001654618922783325
V9-PLAIN-FIT-GN-DIAGNOSTIC,ordered_outgoing_channels,bottom,-3,-1,s,-1.25,-0.00018464047639268094,-0.0011781493558101943,-4.909306826319978e-06,0.00011217325597253058,0.0013027800028368123,0.9130801710515086,0.051397954931281846,4.3045652631432754e-05,3.815929255738811e-07,4.266405970585887e-05
V9-PLAIN-FIT-GN-DIAGNOSTIC,ordered_outgoing_channels,bottom,-3,-1,p,-1.25,-0.0002996060923081123,-0.002651885438473286,-1.5732873803997091e-06,7.928198517251047e-05,0.0027473803975418287,0.9130801710515086,0.051397954931281846,0.00021557998708937834,1.903314808729246e-07,0.0002153896556085054
V9-PLAIN-FIT-GN-DIAGNOSTIC,ordered_outgoing_channels,bottom,-3,0,s,-1.25,-0.009181491497660258,-0.0005567972589520966,-0.0004924362020247129,-0.0001736752134376343,0.008697497595996868,0.9130801710515086,0.051397954931281846,0.004098915908902408,1.3208823483228831e-05,0.00408570708541918
V9-PLAIN-FIT-GN-DIAGNOSTIC,ordered_outgoing_channels,bottom,-3,0,p,-1.25,-0.0012459084373453388,-0.0004715220003384672,-1.3274970028758873e-16,2.3198170478591657e-16,0.0013321489522765018,0.9130801710515086,0.051397954931281846,8.597137395837392e-05,3.46080831114775e-30,8.597137395837392e-05
V9-PLAIN-FIT-GN-DIAGNOSTIC,ordered_outgoing_channels,bottom,-3,1,s,-1.25,0.0004031593342351292,0.0010557948914298619,-4.909306828951654e-06,0.00011217325597379069,0.0010280767513764118,0.9130801710515086,0.051397954931281846,3.866012198354773e-05,3.8159292558322023e-07,3.827852905796451e-05
V9-PLAIN-FIT-GN-DIAGNOSTIC,ordered_outgoing_channels,bottom,-3,1,p,-1.25,-0.0013326784297793277,-0.0022982399315346824,1.5732873796791848e-06,-7.9281985174855e-05,0.0025892087618527753,0.9130801710515086,0.051397954931281846,0.0002136330697738265,1.903314808841085e-07,0.00021344273829294237
V9-PLAIN-FIT-GN-DIAGNOSTIC,ordered_outgoing_channels,bottom,-2,-1,s,-1.25,-9.071357417303606e-05,-6.741651109564632e-05,7.745485652971132e-07,2.4717345258705883e-06,0.00011512794395036243,0.9130801710515086,0.051397954931281846,5.297590928399265e-07,2.7825122930511906e-10,5.294808416106213e-07
V9-PLAIN-FIT-GN-DIAGNOSTIC,ordered_outgoing_channels,bottom,-2,-1,p,-1.25,0.00020538540995457082,0.0009230837597748397,-3.630225008417201e-05,0.0001883234131536643,0.0007734892966175245,0.9130801710515086,0.051397954931281846,3.708691453012892e-05,1.5254830024257906e-06,3.556143152770313e-05
V9-PLAIN-FIT-GN-DIAGNOSTIC,ordered_outgoing_channels,bottom,-2,0,s,-1.25,-0.0028016064612062827,-0.0010552241772498084,-0.00018404130862068258,1.7489532595230964e-05,0.0028288446460207005,0.9130801710515086,0.051397954931281846,0.0005035076806338663,1.9200481909981673e-06,0.0005015876324428681
V9-PLAIN-FIT-GN-DIAGNOSTIC,ordered_outgoing_channels,bottom,-2,0,p,-1.25,0.00021351019660905635,-0.0002481523322023361,-1.953215047833636e-16,3.0838854490696276e-16,0.0003273624658291371,0.9130801710515086,0.051397954931281846,6.020531756080143e-06,7.486128714139298e-30,6.020531756080143e-06
V9-PLAIN-FIT-GN-DIAGNOSTIC,ordered_outgoing_channels,bottom,-2,1,s,-1.25,0.00012325069351143346,-5.058496923104614e-05,7.745485660026084e-07,2.4717345262717786e-06,0.00013347441662837857,0.9130801710515086,0.051397954931281846,7.361079320830674e-07,2.7825122943269296e-10,7.358296808536347e-07
V9-PLAIN-FIT-GN-DIAGNOSTIC,ordered_outgoing_channels,bottom,-2,1,p,-1.25,-0.002486422095193822,0.0021510871966383903,3.630225008297548e-05,-0.00018832341315286793,0.003440491261935736,0.9130801710515086,0.051397954931281846,0.00044828895395543827,1.5254830024097482e-06,0.0004467634709530285
V9-PLAIN-FIT-GN-DIAGNOSTIC,ordered_outgoing_channels,bottom,-1,-1,s,-1.25,-0.00025883955158156815,0.000411578761130207,-0.00033718347041335526,-1.6668060240140516e-05,0.00043535400495657323,0.9130801710515086,0.051397954931281846,7.159122407084208e-06,3.4515489579344382e-06,3.70757344914977e-06
V9-PLAIN-FIT-GN-DIAGNOSTIC,ordered_outgoing_channels,bottom,-1,-1,p,-1.25,0.0005905201231493398,-0.0009071974550146336,0.0002479992366175502,8.609260274623294e-06,0.0009777640295487563,0.9130801710515086,0.051397954931281846,3.5485082694655394e-05,1.8648558637476027e-06,3.362022683090779e-05
V9-PLAIN-FIT-GN-DIAGNOSTIC,ordered_outgoing_channels,bottom,-1,0,s,-1.25,-0.006585615999575314,-0.002859223747933465,-0.0011348134234953988,-0.0008861976207941805,0.005796902692108407,0.9130801710515086,0.051397954931281846,0.0024976413865455327,0.00010045454435778903,0.0023971868421877435
V9-PLAIN-FIT-GN-DIAGNOSTIC,ordered_outgoing_channels,bottom,-1,0,p,-1.25,0.0007804846663323027,0.000603149151337374,-4.465027736885759e-16,-2.0865938982257457e-16,0.0009863798523590133,0.9130801710515086,0.051397954931281846,4.714414061870638e-05,1.1769907587313279e-29,4.714414061870638e-05
V9-PLAIN-FIT-GN-DIAGNOSTIC,ordered_outgoing_channels,bottom,-1,1,s,-1.25,-0.00045831213973542934,-0.00035854216519437846,-0.00033718347041209904,-1.6668060241286416e-05,0.0003626983018564031,0.9130801710515086,0.051397954931281846,1.0254433716559607e-05,3.4515489579099395e-06,6.802884758649667e-06
V9-PLAIN-FIT-GN-DIAGNOSTIC,ordered_outgoing_channels,bottom,-1,1,p,-1.25,-0.0014488110296951612,-0.00045279797669316776,-0.000247999236616804,-8.609260275602887e-06,0.0012803329950402526,0.9130801710515086,0.051397954931281846,6.977807147411449e-05,1.8648558637369045e-06,6.791321561037759e-05
V9-PLAIN-FIT-GN-DIAGNOSTIC,ordered_outgoing_channels,bottom,0,0,s,-1.25,0.07371751029078409,-0.11359311202263772,0.07718950242782177,-0.12447475436113979,0.011422121929953833,0.9130801710515086,0.051397954931281846,0.027637892402232387,0.032331984498269135,0.004694092096036748
V9-PLAIN-FIT-GN-DIAGNOSTIC,ordered_outgoing_channels,bottom,0,0,p,-1.25,0.00862998727365378,0.0028016998641029554,2.4167599005431038e-15,5.725178855579965e-15,0.009073378779256763,0.9130801710515086,0.051397954931281846,0.000124079186161722,5.820430999983165e-29,0.000124079186161722
V9-PLAIN-FIT-GN-DIAGNOSTIC,ordered_boundary_outgoing_channels,top,-3,-1,s,8.75,-0.0004729981248011193,0.001061733717242732,-7.855082196187339e-05,7.345092919286605e-05,0.0010640918869499816,0.9095181214967073,0.050808497758846695,4.277979293096884e-05,3.662159813318062e-07,4.2413576949637034e-05
V9-PLAIN-FIT-GN-DIAGNOSTIC,ordered_boundary_outgoing_channels,top,-3,-1,p,8.75,0.0015480168294182398,-0.0027748804380942063,5.531274235513715e-05,-5.254893240889601e-05,0.003104714852990809,0.9095181214967073,0.050808497758846695,0.00031970136779314276,1.843193233752179e-07,0.00031951704846976754
V9-PLAIN-FIT-GN-DIAGNOSTIC,ordered_boundary_outgoing_channels,top,-3,0,s,8.75,-0.001174424219354084,-0.0031019253813674456,0.0002384264874377627,-0.00046734237743567054,0.0029895107834373835,0.9095181214967073,0.050808497758846695,0.0005458480852911503,1.365740342110789e-05,0.0005321906818700424
V9-PLAIN-FIT-GN-DIAGNOSTIC,ordered_boundary_outgoing_channels,top,-3,0,p,8.75,-0.00040138457012162034,-0.0006084879314793011,-8.953304260694988e-16,-3.7721080122444466e-15,0.0007289493369791671,0.9095181214967073,0.050808497758846695,2.636488588228261e-05,7.457653301374714e-28,2.636488588228261e-05
V9-PLAIN-FIT-GN-DIAGNOSTIC,ordered_boundary_outgoing_channels,top,-3,1,s,8.75,0.0011934215558092396,2.0191690679277125e-05,-7.855082196233748e-05,7.345092919581435e-05,0.0012730869083849858,0.9095181214967073,0.050808497758846695,4.511215263754009e-05,3.6621598134782935e-07,4.474593665619226e-05
V9-PLAIN-FIT-GN-DIAGNOSTIC,ordered_boundary_outgoing_channels,top,-3,1,p,8.75,0.0030889081332651906,-0.00010594207748701578,-5.5312742353573465e-05,5.2548932408382856e-05,0.0031482128763624757,0.9095181214967073,0.050808497758846695,0.0003024837496600844,1.843193233680326e-07,0.0003022994303367164
V9-PLAIN-FIT-GN-DIAGNOSTIC,ordered_boundary_outgoing_channels,top,-2,-1,s,8.75,0.00018528736966742196,0.00012991315349317992,-1.6954805776036832e-06,1.8854459868824524e-06,0.00022661350395568165,0.9095181214967073,0.050808497758846695,2.187022902813419e-06,2.745931746845648e-10,2.1867483096387344e-06
V9-PLAIN-FIT-GN-DIAGNOSTIC,ordered_boundary_outgoing_channels,top,-2,-1,p,8.75,-0.002403064453413498,0.006214525622117656,0.00017343931198744156,-5.9854094867379096e-05,0.006782787958209989,0.9095181214967073,0.050808497758846695,0.0018960201334445254,1.437706929814518e-06,0.0018945824265147108
V9-PLAIN-FIT-GN-DIAGNOSTIC,ordered_boundary_outgoing_channels,top,-2,0,s,8.75,-0.0005699598114289653,-0.0018293790314010678,-5.6207409492762594e-05,-0.00016425931836508344,0.0017425742994880468,0.9095181214967073,0.050808497758846695,0.00021037109110337102,1.7270051732052553e-06,0.00020864408593016575
V9-PLAIN-FIT-GN-DIAGNOSTIC,ordered_boundary_outgoing_channels,top,-2,0,p,8.75,-2.5629211994231866e-05,2.060154545546455e-05,1.1404235867852477e-15,1.7310012154075433e-16,3.2882825040591857e-05,0.9095181214967073,0.050808497758846695,6.195593564379883e-08,7.623760074136061e-29,6.195593564379883e-08
V9-PLAIN-FIT-GN-DIAGNOSTIC,ordered_boundary_outgoing_channels,top,-2,1,s,8.75,-6.401238627535737e-05,-0.0001941146460713168,-1.6954805762582626e-06,1.885445986237883e-06,0.00020566825915167445,0.9095181214967073,0.050808497758846695,1.7842549564960188e-06,2.745931743859139e-10,1.7839803633216328e-06
V9-PLAIN-FIT-GN-DIAGNOSTIC,ordered_boundary_outgoing_channels,top,-2,1,p,8.75,-0.0019395133906043207,0.0019916017320242172,-0.00017343931198806085,5.9854094869309646e-05,0.00261737780704541,0.9095181214967073,0.050808497758846695,0.00033005490493482123,1.4377069298335635e-06,0.0003286171980049877
V9-PLAIN-FIT-GN-DIAGNOSTIC,ordered_boundary_outgoing_channels,top,-1,-1,s,8.75,-0.0005246384710021528,0.0001224486161090478,-0.00022030138827274493,-0.0002384248695454775,0.00047207068599172024,0.9095181214967073,0.050808497758846695,9.195048397782153e-06,3.3385088803210597e-06,5.856539517461093e-06
V9-PLAIN-FIT-GN-DIAGNOSTIC,ordered_boundary_outgoing_channels,top,-1,-1,p,8.75,-0.0010105348388367015,0.00020332416326793095,-0.00016206524324860404,-0.0001760155998907599,0.0009294080430848021,0.9095181214967073,0.050808497758846695,3.3661668893778096e-05,1.8136268113864188e-06,3.184804208239168e-05
V9-PLAIN-FIT-GN-DIAGNOSTIC,ordered_boundary_outgoing_channels,top,-1,0,s,8.75,0.0015595536533965404,-0.008140349760376597,0.0011543275989399616,-0.0012201900152203147,0.0069320140690633265,0.9095181214967073,0.050808497758846695,0.0034092617274963546,0.00014001487940183894,0.0032692468480945156
V9-PLAIN-FIT-GN-DIAGNOSTIC,ordered_boundary_outgoing_channels,top,-1,0,p,8.75,-0.0014134576751004418,2.528194531256078e-06,-1.2513260214317444e-15,1.783924663825131e-15,0.0014134599361369912,0.9095181214967073,0.050808497758846695,9.914855864390884e-05,2.3563986760300565e-28,9.914855864390884e-05
V9-PLAIN-FIT-GN-DIAGNOSTIC,ordered_boundary_outgoing_channels,top,-1,1,s,8.75,-0.0003780544756707461,0.0015788496721623336,-0.00022030138827282503,-0.00023842486954857905,0.0018241087677367772,0.9095181214967073,0.050808497758846695,8.350116591916389e-05,3.338508880369034e-06,8.016265703879485e-05
V9-PLAIN-FIT-GN-DIAGNOSTIC,ordered_boundary_outgoing_channels,top,-1,1,p,8.75,0.001153207316909939,-0.003823054948898951,0.00016206524324998136,0.0001760155998905761,0.004120064060712495,0.9095181214967073,0.050808497758846695,0.0005051726395431695,1.8136268113985115e-06,0.000503359012731771
V9-PLAIN-FIT-GN-DIAGNOSTIC,ordered_boundary_outgoing_channels,top,0,0,s,8.75,-0.8755943199197211,-0.21345399064586243,-0.8767420008873494,-0.208758909616445,0.00483331744004588,0.9095181214967073,0.050808497758846695,0.8122280191981438,0.812256818464021,2.8799265877177405e-05
V9-PLAIN-FIT-GN-DIAGNOSTIC,ordered_boundary_outgoing_channels,top,0,0,p,8.75,-0.01278981293336055,0.038613982026117585,1.109046864019619e-13,1.6235607409513206e-14,0.040677007298783326,0.9095181214967073,0.050808497758846695,0.001654618922783325,1.2563444413870592e-26,0.001654618922783325
V9-PLAIN-FIT-GN-DIAGNOSTIC,ordered_boundary_outgoing_channels,bottom,-3,-1,s,-1.25,0.0007545341448048692,-0.00090418876135679,-8.648303367237041e-05,6.939127777564956e-05,0.0012865333214071603,0.9095181214967073,0.050808497758846695,4.3045652631432754e-05,3.815929255738811e-07,4.266405970585887e-05
V9-PLAIN-FIT-GN-DIAGNOSTIC,ordered_boundary_outgoing_channels,bottom,-3,-1,p,-1.25,0.001773901483627247,-0.0019491026415080694,-5.9889780695573525e-05,5.0452604324837186e-05,0.0027131184239256095,0.9095181214967073,0.050808497758846695,0.00021557998708937834,1.903314808729246e-07,0.0002153896556085054
V9-PLAIN-FIT-GN-DIAGNOSTIC,ordered_boundary_outgoing_channels,bottom,-3,0,s,-1.25,-0.0014625795709657145,-0.009007887908467804,6.074845422874771e-05,-0.0005144750722767751,0.008628939093441174,0.9095181214967073,0.050808497758846695,0.004098915908902408,1.3208823483228831e-05,0.00408570708541918
V9-PLAIN-FIT-GN-DIAGNOSTIC,ordered_boundary_outgoing_channels,bottom,-3,0,p,-1.25,0.00018477546069150085,-0.001308668037853502,-2.5346697492730613e-16,-7.791468315616378e-17,0.001321648214984979,0.9095181214967073,0.050808497758846695,8.597137395837392e-05,3.46080831114775e-30,8.597137395837392e-05
V9-PLAIN-FIT-GN-DIAGNOSTIC,ordered_boundary_outgoing_channels,bottom,-3,1,s,-1.25,-0.0005214099252283287,0.0009867696110706533,-8.648303367501951e-05,6.939127777451605e-05,0.0010152558334712597,0.9095181214967073,0.050808497758846695,3.866012198354773e-05,3.8159292558322023e-07,3.827852905796451e-05
V9-PLAIN-FIT-GN-DIAGNOSTIC,ordered_boundary_outgoing_channels,bottom,-3,1,p,-1.25,0.000838689697922339,-0.0024858800936358692,5.9889780696845165e-05,-5.0452604326898695e-05,0.0025569193117406406,0.9095181214967073,0.050808497758846695,0.0002136330697738265,1.903314808841085e-07,0.00021344273829294237
V9-PLAIN-FIT-GN-DIAGNOSTIC,ordered_boundary_outgoing_channels,bottom,-2,-1,s,-1.25,2.5137554247328747e-05,-0.00010912672388184246,-1.935589521620524e-06,1.6853186586884327e-06,0.0001140713105278388,0.9095181214967073,0.050808497758846695,5.297590928399265e-07,2.7825122930511906e-10,5.294808416106213e-07
V9-PLAIN-FIT-GN-DIAGNOSTIC,ordered_boundary_outgoing_channels,bottom,-2,-1,p,-1.25,-0.0007561906308439,0.0005532656313847796,-0.0001853545253180435,4.1894719858193056e-05,0.0007663902847293008,0.9095181214967073,0.050808497758846695,3.708691453012892e-05,1.5254830024257906e-06,3.556143152770313e-05
V9-PLAIN-FIT-GN-DIAGNOSTIC,ordered_boundary_outgoing_channels,bottom,-2,0,s,-1.25,0.0010216234452645522,-0.002792316041520953,-1.910128656019509e-05,-0.00018261418318362527,0.002809564335771828,0.9095181214967073,0.050808497758846695,0.0005035076806338663,1.9200481909981673e-06,0.0005015876324428681
V9-PLAIN-FIT-GN-DIAGNOSTIC,ordered_boundary_outgoing_channels,bottom,-2,0,p,-1.25,0.00024845898351805797,0.0002097104890594121,-3.081108181661143e-16,-1.9107978283180129e-16,0.0003251312899623745,0.9095181214967073,0.050808497758846695,6.020531756080143e-06,7.486128714139298e-30,6.020531756080143e-06
V9-PLAIN-FIT-GN-DIAGNOSTIC,ordered_boundary_outgoing_channels,bottom,-2,1,s,-1.25,9.489460154378854e-05,9.176205353171036e-05,-1.9355895217042767e-06,1.6853186594882002e-06,0.00013224940100817263,0.9095181214967073,0.050808497758846695,7.361079320830674e-07,2.7825122943269296e-10,7.358296808536347e-07
V9-PLAIN-FIT-GN-DIAGNOSTIC,ordered_boundary_outgoing_channels,bottom,-2,1,p,-1.25,-0.0029405383383075754,-0.0014018556117952386,0.00018535452531684516,-4.189471985896257e-05,0.003408914757287749,0.9095181214967073,0.050808497758846695,0.00044828895395543827,1.5254830024097482e-06,0.0004467634709530285
V9-PLAIN-FIT-GN-DIAGNOSTIC,ordered_boundary_outgoing_channels,bottom,-1,-1,s,-1.25,-0.0004741573394524977,7.558778205119497e-05,-0.00020705147255067278,-0.00026129824663100645,0.00042992759908459056,0.9095181214967073,0.050808497758846695,7.159122407084208e-06,3.4515489579344382e-06,3.70757344914977e-06
V9-PLAIN-FIT-GN-DIAGNOSTIC,ordered_boundary_outgoing_channels,bottom,-1,-1,p,-1.25,0.0010581407692257685,-0.0001517626299919922,0.00015499807170421564,0.00018981004150854804,0.0009655768338162029,0.9095181214967073,0.050808497758846695,3.5485082694655394e-05,1.8648558637476027e-06,3.362022683090779e-05
V9-PLAIN-FIT-GN-DIAGNOSTIC,ordered_boundary_outgoing_channels,bottom,-1,0,s,-1.25,0.001333704970118314,-0.006996962027191019,0.0006107069086373302,-0.0012913701554319347,0.005751217680108152,0.9095181214967073,0.050808497758846695,0.0024976413865455327,0.00010045454435778903,0.0023971868421877435
V9-PLAIN-FIT-GN-DIAGNOSTIC,ordered_boundary_outgoing_channels,bottom,-1,0,p,-1.25,-0.00041387984988169966,0.0008867771288547905,1.0475495179447351e-16,-4.776152653530708e-16,0.0009786062570814565,0.9095181214967073,0.050808497758846695,4.714414061870638e-05,1.1769907587313279e-29,4.714414061870638e-05
V9-PLAIN-FIT-GN-DIAGNOSTIC,ordered_boundary_outgoing_channels,bottom,-1,1,s,-1.25,-3.194442415977901e-05,-0.0005737540751157793,-0.00020705147254900414,-0.0002612982466308191,0.0003581775022943363,0.9095181214967073,0.050808497758846695,1.0254433716559607e-05,3.4515489579099395e-06,6.802884758649667e-06
V9-PLAIN-FIT-GN-DIAGNOSTIC,ordered_boundary_outgoing_channels,bottom,-1,1,p,-1.25,-0.0006065299968536091,-0.0013708103499547424,-0.0001549980717030024,-0.00018981004150863128,0.0012643744730023707,0.9095181214967073,0.050808497758846695,6.977807147411449e-05,1.8648558637369045e-06,6.791321561037759e-05
V9-PLAIN-FIT-GN-DIAGNOSTIC,ordered_boundary_outgoing_channels,bottom,0,0,s,-1.25,0.06706935914111646,-0.0910482609437789,0.07050175899447489,-0.09994772920440079,0.009538443482830488,0.9095181214967073,0.050808497758846695,0.027637892402232387,0.032331984498269135,0.004694092096036748
V9-PLAIN-FIT-GN-DIAGNOSTIC,ordered_boundary_outgoing_channels,bottom,0,0,p,-1.25,0.007055588859096008,0.002762290479042974,1.7315585978917311e-15,4.892126973773713e-15,0.007577043146185701,0.9095181214967073,0.050808497758846695,0.000124079186161722,5.820430999983165e-29,0.000124079186161722
V9-PLAIN-FIT-GN-DIAGNOSTIC,ordered_scattered_channels,top,-3,-1,s,8.75,-0.000680800608942518,0.0009420808050581116,-9.195140170810291e-05,5.5769259938579254e-05,0.0010640918869499814,0.2468359522790033,0.19012811159415785,4.277979293096884e-05,3.662159813318062e-07,4.2413576949637034e-05
V9-PLAIN-FIT-GN-DIAGNOSTIC,ordered_scattered_channels,top,-3,-1,p,8.75,0.002084480837922205,-0.0023981778887762054,6.49187356517443e-05,-4.008051303985588e-05,0.0031047148529908092,0.2468359522790033,0.19012811159415785,0.00031970136779314276,1.843193233752179e-07,0.00031951704846976754
V9-PLAIN-FIT-GN-DIAGNOSTIC,ordered_scattered_channels,top,-3,0,s,8.75,0.0014684313111424075,0.00297404149315936,-0.00019219020094724982,0.00048817928501638765,0.0029895107834373826,0.2468359522790033,0.19012811159415785,0.0005458480852911503,1.365740342110789e-05,0.0005321906818700424
V9-PLAIN-FIT-GN-DIAGNOSTIC,ordered_scattered_channels,top,-3,0,p,8.75,0.0004582594273416594,0.0005668910240426912,1.2553482268998042e-15,3.668039838538298e-15,0.0007289493369791671,0.2468359522790033,0.19012811159415785,2.636488588228261e-05,7.457653301374714e-28,2.636488588228261e-05
V9-PLAIN-FIT-GN-DIAGNOSTIC,ordered_scattered_channels,top,-3,1,s,8.75,0.001163882257322134,0.00026465223470319084,-9.195140170914724e-05,5.5769259941376876e-05,0.0012730869083849858,0.2468359522790033,0.19012811159415785,4.511215263754009e-05,3.6621598134782935e-07,4.474593665619226e-05
V9-PLAIN-FIT-GN-DIAGNOSTIC,ordered_scattered_channels,top,-3,1,p,8.75,0.003044915620312191,0.0005301566228135145,-6.491873565010715e-05,4.00805130396873e-05,0.0031482128763624753,0.2468359522790033,0.19012811159415785,0.0003024837496600844,1.843193233680326e-07,0.0003022994303367164
V9-PLAIN-FIT-GN-DIAGNOSTIC,ordered_scattered_channels,top,-2,-1,s,8.75,6.032868336817812e-05,-0.0002181038440098581,2.3445165024338254e-06,9.658174404606376e-07,0.00022661350395568165,0.2468359522790033,0.19012811159415785,2.187022902813419e-06,2.745931746845648e-10,2.1867483096387344e-06
V9-PLAIN-FIT-GN-DIAGNOSTIC,ordered_scattered_channels,top,-2,-1,p,8.75,0.006660470782417454,0.0001821439863960439,-0.00011450210530949539,-0.00014336308972242402,0.006782787958209989,0.2468359522790033,0.19012811159415785,0.0018960201334445254,1.437706929814518e-06,0.0018945824265147108
V9-PLAIN-FIT-GN-DIAGNOSTIC,ordered_scattered_channels,top,-2,0,s,8.75,0.0018293791040884704,-0.0005699595781267976,0.0001642593255332033,-5.620738854478225e-05,0.0017425742994880468,0.2468359522790033,0.19012811159415785,0.00021037109110337102,1.7270051732052553e-06,0.00020864408593016575
V9-PLAIN-FIT-GN-DIAGNOSTIC,ordered_scattered_channels,top,-2,0,p,8.75,-2.060154218694841e-05,-2.562921462156489e-05,-1.731002669799771e-16,1.1404235647096274e-15,3.2882825040591857e-05,0.2468359522790033,0.19012811159415785,6.195593564379883e-08,7.623760074136061e-29,6.195593564379883e-08
V9-PLAIN-FIT-GN-DIAGNOSTIC,ordered_scattered_channels,top,-2,1,s,8.75,-0.00016145040969524897,0.0001253469051285049,2.344516501375749e-06,9.658174394089149e-07,0.00020566825915167445,0.2468359522790033,0.19012811159415785,1.7842549564960188e-06,2.745931743859139e-10,1.7839803633216328e-06
V9-PLAIN-FIT-GN-DIAGNOSTIC,ordered_scattered_channels,top,-2,1,p,8.75,0.0025262952225851686,0.0011601819252507965,0.00011450210531154583,0.0001433630897223534,0.00261737780704541,0.2468359522790033,0.19012811159415785,0.00033005490493482123,1.4377069298335635e-06,0.0003286171980049877
V9-PLAIN-FIT-GN-DIAGNOSTIC,ordered_scattered_channels,top,-1,-1,s,8.75,-0.0005385612604871743,1.381873890469032e-05,-0.00016753172947578341,-0.00027805078620911914,0.0004720706859917202,0.2468359522790033,0.19012811159415785,9.195048397782153e-06,3.3385088803210597e-06,5.856539517461093e-06
V9-PLAIN-FIT-GN-DIAGNOSTIC,ordered_scattered_channels,top,-1,-1,p,8.75,-0.0010307734481693558,-5.241604749199487e-06,-0.00012312018254764134,-0.00020515373533901306,0.0009294080430848021,0.2468359522790033,0.19012811159415785,3.3661668893778096e-05,1.8136268113864188e-06,3.184804208239168e-05
V9-PLAIN-FIT-GN-DIAGNOSTIC,ordered_scattered_channels,top,-1,0,s,8.75,-0.0007503481999183388,0.008254361235005508,-0.0010285581087378939,0.0013279322632823076,0.0069320140690633265,0.2468359522790033,0.19012811159415785,0.0034092617274963546,0.00014001487940183894,0.0032692468480945156
V9-PLAIN-FIT-GN-DIAGNOSTIC,ordered_scattered_channels,top,-1,0,p,8.75,0.0014063385610660253,-0.0001417068901877236,1.0695710033665002e-15,-1.898478834981676e-15,0.0014134599361369912,0.2468359522790033,0.19012811159415785,9.914855864390884e-05,2.3563986760300565e-28,9.914855864390884e-05
V9-PLAIN-FIT-GN-DIAGNOSTIC,ordered_scattered_channels,top,-1,1,s,8.75,-0.0006895399429584894,0.001469770778361933,-0.00016753172947527734,-0.00027805078621216526,0.0018241087677367772,0.2468359522790033,0.19012811159415785,8.350116591916389e-05,3.338508880369034e-06,8.016265703879485e-05
V9-PLAIN-FIT-GN-DIAGNOSTIC,ordered_scattered_channels,top,-1,1,p,8.75,0.0019025306382678038,-0.0035108422676799088,0.00012312018254903858,0.0002051537353391292,0.004120064060712495,0.2468359522790033,0.19012811159415785,0.0005051726395431695,1.8136268113985115e-06,0.000503359012731771
V9-PLAIN-FIT-GN-DIAGNOSTIC,ordered_scattered_channels,top,0,0,s,8.75,-0.019042224017201063,0.20444376529208427,-0.01927337511042978,0.20927155222279603,0.004833317440045924,0.2468359522790033,0.19012811159415785,0.8122280191981438,0.812256818464021,2.8799265877177405e-05
V9-PLAIN-FIT-GN-DIAGNOSTIC,ordered_scattered_channels,top,0,0,p,8.75,-0.005190442364274357,0.04034449443042948,1.1185579377514874e-13,-3.735624544869974e-15,0.04067700729878332,0.2468359522790033,0.19012811159415785,0.001654618922783325,1.2563444413870592e-26,0.001654618922783325
V9-PLAIN-FIT-GN-DIAGNOSTIC,ordered_scattered_channels,bottom,-3,-1,s,-1.25,-0.000184640476392681,-0.0011781493558101926,-4.909306826320045e-06,0.00011217325597253238,0.0013027800028368123,0.2468359522790033,0.19012811159415785,4.3045652631432754e-05,3.815929255738811e-07,4.266405970585887e-05
V9-PLAIN-FIT-GN-DIAGNOSTIC,ordered_scattered_channels,bottom,-3,-1,p,-1.25,-0.0002996060923081159,-0.0026518854384732786,-1.5732873804033325e-06,7.928198517251764e-05,0.0027473803975418287,0.2468359522790033,0.19012811159415785,0.00021557998708937834,1.903314808729246e-07,0.0002153896556085054
V9-PLAIN-FIT-GN-DIAGNOSTIC,ordered_scattered_channels,bottom,-3,0,s,-1.25,-0.00918149149766026,-0.0005567972589521704,-0.0004924362020247152,-0.0001736752134377082,0.008697497595996868,0.2468359522790033,0.19012811159415785,0.004098915908902408,1.3208823483228831e-05,0.00408570708541918
V9-PLAIN-FIT-GN-DIAGNOSTIC,ordered_scattered_channels,bottom,-3,0,p,-1.25,-0.0012459084373453388,-0.0004715220003384672,-1.3274970028758873e-16,2.3198170478591657e-16,0.0013321489522765018,0.2468359522790033,0.19012811159415785,8.597137395837392e-05,3.46080831114775e-30,8.597137395837392e-05
V9-PLAIN-FIT-GN-DIAGNOSTIC,ordered_scattered_channels,bottom,-3,1,s,-1.25,0.000403159334235128,0.001055794891429861,-4.9093068289528565e-06,0.00011217325597378981,0.0010280767513764118,0.2468359522790033,0.19012811159415785,3.866012198354773e-05,3.8159292558322023e-07,3.827852905796451e-05
V9-PLAIN-FIT-GN-DIAGNOSTIC,ordered_scattered_channels,bottom,-3,1,p,-1.25,-0.001332678429779319,-0.0022982399315346824,1.5732873796878703e-06,-7.928198517485518e-05,0.002589208761852775,0.2468359522790033,0.19012811159415785,0.0002136330697738265,1.903314808841085e-07,0.00021344273829294237
V9-PLAIN-FIT-GN-DIAGNOSTIC,ordered_scattered_channels,bottom,-2,-1,s,-1.25,-9.071357417303606e-05,-6.741651109564632e-05,7.745485652971132e-07,2.471734525870588e-06,0.00011512794395036243,0.2468359522790033,0.19012811159415785,5.297590928399265e-07,2.7825122930511906e-10,5.294808416106213e-07
V9-PLAIN-FIT-GN-DIAGNOSTIC,ordered_scattered_channels,bottom,-2,-1,p,-1.25,0.00020538540995456396,0.0009230837597748355,-3.630225008417886e-05,0.00018832341315366003,0.0007734892966175245,0.2468359522790033,0.19012811159415785,3.708691453012892e-05,1.5254830024257906e-06,3.556143152770313e-05
V9-PLAIN-FIT-GN-DIAGNOSTIC,ordered_scattered_channels,bottom,-2,0,s,-1.25,-0.0028016064612062983,-0.0010552241772497663,-0.00018404130862069833,1.7489532595272983e-05,0.0028288446460207005,0.2468359522790033,0.19012811159415785,0.0005035076806338663,1.9200481909981673e-06,0.0005015876324428681
V9-PLAIN-FIT-GN-DIAGNOSTIC,ordered_scattered_channels,bottom,-2,0,p,-1.25,0.00021351019660905635,-0.0002481523322023361,-1.953215047833636e-16,3.0838854490696276e-16,0.0003273624658291371,0.2468359522790033,0.19012811159415785,6.020531756080143e-06,7.486128714139298e-30,6.020531756080143e-06
V9-PLAIN-FIT-GN-DIAGNOSTIC,ordered_scattered_channels,bottom,-2,1,s,-1.25,0.00012325069351143346,-5.058496923104614e-05,7.745485660026087e-07,2.4717345262717774e-06,0.00013347441662837857,0.2468359522790033,0.19012811159415785,7.361079320830674e-07,2.7825122943269296e-10,7.358296808536347e-07
V9-PLAIN-FIT-GN-DIAGNOSTIC,ordered_scattered_channels,bottom,-2,1,p,-1.25,-0.0024864220951938297,0.002151087196638402,3.630225008296777e-05,-0.00018832341315285628,0.003440491261935736,0.2468359522790033,0.19012811159415785,0.00044828895395543827,1.5254830024097482e-06,0.0004467634709530285
V9-PLAIN-FIT-GN-DIAGNOSTIC,ordered_scattered_channels,bottom,-1,-1,s,-1.25,-0.00025883955158156825,0.00041157876113021133,-0.00033718347041335536,-1.666806024013619e-05,0.00043535400495657323,0.2468359522790033,0.19012811159415785,7.159122407084208e-06,3.4515489579344382e-06,3.70757344914977e-06
V9-PLAIN-FIT-GN-DIAGNOSTIC,ordered_scattered_channels,bottom,-1,-1,p,-1.25,0.0005905201231493223,-0.0009071974550146417,0.00024799923661753275,8.609260274615205e-06,0.0009777640295487563,0.2468359522790033,0.19012811159415785,3.5485082694655394e-05,1.8648558637476027e-06,3.362022683090779e-05
V9-PLAIN-FIT-GN-DIAGNOSTIC,ordered_scattered_channels,bottom,-1,0,s,-1.25,-0.006585615999575328,-0.0028592237479334545,-0.0011348134234954131,-0.00088619762079417,0.005796902692108406,0.2468359522790033,0.19012811159415785,0.0024976413865455327,0.00010045454435778903,0.0023971868421877435
V9-PLAIN-FIT-GN-DIAGNOSTIC,ordered_scattered_channels,bottom,-1,0,p,-1.25,0.0007804846663323027,0.000603149151337374,-4.465027736885759e-16,-2.0865938982257457e-16,0.0009863798523590133,0.2468359522790033,0.19012811159415785,4.714414061870638e-05,1.1769907587313279e-29,4.714414061870638e-05
V9-PLAIN-FIT-GN-DIAGNOSTIC,ordered_scattered_channels,bottom,-1,1,s,-1.25,-0.00045831213973542776,-0.00035854216519438047,-0.00033718347041209747,-1.666806024128843e-05,0.0003626983018564031,0.2468359522790033,0.19012811159415785,1.0254433716559607e-05,3.4515489579099395e-06,6.802884758649667e-06
V9-PLAIN-FIT-GN-DIAGNOSTIC,ordered_scattered_channels,bottom,-1,1,p,-1.25,-0.001448811029695155,-0.00045279797669316353,-0.00024799923661679776,-8.609260275598644e-06,0.0012803329950402524,0.2468359522790033,0.19012811159415785,6.977807147411449e-05,1.8648558637369045e-06,6.791321561037759e-05
V9-PLAIN-FIT-GN-DIAGNOSTIC,ordered_scattered_channels,bottom,0,0,s,-1.25,-0.04507953772401936,0.1334555277500875,-0.041607545586981674,0.12257388541158544,0.011422121929953835,0.2468359522790033,0.19012811159415785,0.027637892402232387,0.032331984498269135,0.004694092096036748
V9-PLAIN-FIT-GN-DIAGNOSTIC,ordered_scattered_channels,bottom,0,0,p,-1.25,0.00862998727365403,0.002801699864103197,2.6658179463359154e-15,5.966790876859179e-15,0.009073378779256763,0.2468359522790033,0.19012811159415785,0.000124079186161722,5.820430999983165e-29,0.000124079186161722
V9-PHASE-FIT-GN-DIAGNOSTIC,ordered_total_channels,top,-3,-1,s,8.75,-9.038831828822276e-06,-1.3818296748520742e-05,-9.195140170809825e-05,5.576925993858354e-05,0.00010824473331144926,0.4382342339399896,0.013575254685500499,8.633369208708454e-09,3.662159813318062e-07,3.575826121230977e-07
V9-PHASE-FIT-GN-DIAGNOSTIC,ordered_total_channels,top,-3,-1,p,8.75,-9.0157089932982e-06,2.4445931810267395e-05,6.491873565175626e-05,-4.0080513039853855e-05,9.813238094517203e-05,0.4382342339399896,0.013575254685500499,2.1497042912788748e-08,1.843193233752179e-07,1.6282228046242915e-07
V9-PHASE-FIT-GN-DIAGNOSTIC,ordered_total_channels,top,-3,0,s,8.75,-1.9376687107843237e-05,-1.4419591906718783e-06,-0.0001921902009470994,0.00048817928501632254,0.0005192239144572176,0.4382342339399896,0.013575254685500499,1.873219681748295e-08,1.365740342110789e-05,1.3638671224290407e-05
V9-PHASE-FIT-GN-DIAGNOSTIC,ordered_total_channels,top,-3,0,p,8.75,-1.7851600433214645e-05,4.784470230293831e-06,1.2553482268998042e-15,3.668039838538298e-15,1.848163394890825e-05,0.4382342339399896,0.013575254685500499,1.694774550551858e-08,7.457653301374714e-28,1.694774550551858e-08
V9-PHASE-FIT-GN-DIAGNOSTIC,ordered_total_channels,top,-3,1,s,8.75,-1.2025075278023751e-05,1.649277947436818e-05,-9.195140170915746e-05,5.576925994137385e-05,8.905537364275792e-05,0.4382342339399896,0.013575254685500499,1.319214973135452e-08,3.6621598134782935e-07,3.530238316164748e-07
V9-PHASE-FIT-GN-DIAGNOSTIC,ordered_total_channels,top,-3,1,p,8.75,-1.230988120446369e-05,4.886790834029347e-05,-6.491873565012055e-05,4.0080513039672495e-05,5.333769663431001e-05,0.4382342339399896,0.013575254685500499,8.041698302526655e-08,1.843193233680326e-07,1.0390234034276605e-07
V9-PHASE-FIT-GN-DIAGNOSTIC,ordered_total_channels,top,-2,-1,s,8.75,-3.970179452526416e-06,-1.5238342411164271e-05,2.344516502433825e-06,9.65817440460633e-07,1.739109489079407e-05,0.4382342339399896,0.013575254685500499,1.059025746827271e-08,2.745931746845648e-10,1.0315664293588146e-08
V9-PHASE-FIT-GN-DIAGNOSTIC,ordered_total_channels,top,-2,-1,p,8.75,-2.9555136610816864e-05,2.019835935165104e-05,-0.00011450210530953003,-0.00014336308972240936,0.00018430500566806807,0.4382342339399896,0.013575254685500499,5.472933758621716e-08,1.437706929814518e-06,1.3829775922283008e-06
V9-PHASE-FIT-GN-DIAGNOSTIC,ordered_total_channels,top,-2,0,s,8.75,-4.943035891661341e-06,-5.411335860385595e-05,0.00016425932553326252,-5.6207388544626634e-05,0.00016921531867169535,0.4382342339399896,0.013575254685500499,1.69185215779845e-07,1.7270051732052553e-06,1.5578199574254102e-06
V9-PHASE-FIT-GN-DIAGNOSTIC,ordered_total_channels,top,-2,0,p,8.75,-3.5349541731686444e-06,-3.3503383995778684e-05,-1.731002669799771e-16,1.1404235647096274e-15,3.368935499902297e-05,0.4382342339399896,0.013575254685500499,6.503244300949386e-08,7.623760074136061e-29,6.503244300949386e-08
V9-PHASE-FIT-GN-DIAGNOSTIC,ordered_total_channels,top,-2,1,s,8.75,-9.765696980798615e-07,-1.0486157859017297e-05,2.3445165013757525e-06,9.658174394089157e-07,1.1923814481112103e-05,0.4382342339399896,0.013575254685500499,4.736871853530746e-09,2.745931743859139e-10,4.462278679144832e-09
V9-PHASE-FIT-GN-DIAGNOSTIC,ordered_total_channels,top,-2,1,p,8.75,-7.659691369978868e-05,1.5010062697721364e-05,0.0001145021053115565,0.0001433630897223461,0.00023020281191480374,0.4382342339399896,0.013575254685500499,2.601932689572728e-07,1.4377069298335635e-06,1.1775136608762907e-06
V9-PHASE-FIT-GN-DIAGNOSTIC,ordered_total_channels,top,-1,-1,s,8.75,-2.7297904514307888e-05,2.5756728471140264e-05,-0.0001675317294758279,-0.0002780507862091289,0.00033461101541871005,0.4382342339399896,0.013575254685500499,4.462527649323131e-08,3.3385088803210597e-06,3.2938836038278284e-06
V9-PHASE-FIT-GN-DIAGNOSTIC,ordered_total_channels,top,-1,-1,p,8.75,3.168776745206169e-05,8.741735274325098e-05,-0.00012312018254765662,-0.00020515373533905003,0.0003310035392027959,0.4382342339399896,0.013575254685500499,2.7391044039555867e-07,1.8136268113864188e-06,1.5397163709908601e-06
V9-PHASE-FIT-GN-DIAGNOSTIC,ordered_total_channels,top,-1,0,s,8.75,0.00029141793288419706,-6.806063836446664e-05,-0.0010285581087383054,0.0013279322632824794,0.001921232138994679,0.4382342339399896,0.013575254685500499,4.444442555532631e-06,0.00014001487940183894,0.0001355704368463063
V9-PHASE-FIT-GN-DIAGNOSTIC,ordered_total_channels,top,-1,0,p,8.75,0.0001524167195292985,-2.4770447626991827e-05,1.0695710033665002e-15,-1.898478834981676e-15,0.00015441642227203133,0.4382342339399896,0.013575254685500499,1.1833313506926322e-06,2.3563986760300565e-28,1.1833313506926322e-06
V9-PHASE-FIT-GN-DIAGNOSTIC,ordered_total_channels,top,-1,1,s,8.75,5.192695481835473e-06,-0.00011568733746405006,-0.0001675317294752791,-0.00027805078621218255,0.0002370561462315486,0.4382342339399896,0.013575254685500499,4.2485792136096646e-07,3.338508880369034e-06,2.9136509590080674e-06
V9-PHASE-FIT-GN-DIAGNOSTIC,ordered_total_channels,top,-1,1,p,8.75,-0.00010710331627278386,0.00025399896445123515,0.00012312018254904267,0.00020515373533914856,0.00023534807374774876,0.4382342339399896,0.013575254685500499,2.407326229610012e-06,1.8136268113985115e-06,5.936994182115005e-07
V9-PHASE-FIT-GN-DIAGNOSTIC,ordered_total_channels,top,0,0,s,8.75,0.027842412934813043,-0.4116290482796381,0.026785429987131376,-0.4121567714282053,0.0011813994554017277,0.4382342339399896,0.013575254685500499,0.8103148624162444,0.812256818464021,0.001941956047776583
V9-PHASE-FIT-GN-DIAGNOSTIC,ordered_total_channels,top,0,0,p,8.75,-0.004650984468769357,0.0003412966970159046,1.1196540890151039e-13,-5.214558791588342e-15,0.004663490105615407,0.4382342339399896,0.013575254685500499,2.174813996412296e-05,1.2563444413870592e-26,2.174813996412296e-05
V9-PHASE-FIT-GN-DIAGNOSTIC,ordered_total_channels,bottom,-3,-1,s,-1.25,-2.0411539599472897e-05,-2.2515542131546902e-06,-4.909306826319978e-06,0.00011217325597253058,0.00011547015374971629,0.4382342339399896,0.013575254685500499,1.2764231313395588e-08,3.815929255738811e-07,3.6882869426048553e-07
V9-PHASE-FIT-GN-DIAGNOSTIC,ordered_total_channels,bottom,-3,-1,p,-1.25,-1.014982089839026e-06,-4.222151754647349e-06,-1.5732873803997091e-06,7.928198517251047e-05,8.350600330962434e-05,0.4382342339399896,0.013575254685500499,5.707652758354823e-10,1.903314808729246e-07,1.8976071559708911e-07
V9-PHASE-FIT-GN-DIAGNOSTIC,ordered_total_channels,bottom,-3,0,s,-1.25,5.296657583006932e-05,-3.342580504143653e-05,-0.0004924362020247129,-0.0001736752134376343,0.0005631465942782539,0.4382342339399896,0.013575254685500499,1.9003697292379669e-07,1.3208823483228831e-05,1.3018786510305035e-05
V9-PHASE-FIT-GN-DIAGNOSTIC,ordered_total_channels,bottom,-3,0,p,-1.25,2.4468453793470486e-05,2.9015935917876696e-05,-1.3274970028758873e-16,2.3198170478591657e-16,3.795562893994198e-05,0.4382342339399896,0.013575254685500499,6.979120180111104e-08,3.46080831114775e-30,6.979120180111104e-08
V9-PHASE-FIT-GN-DIAGNOSTIC,ordered_total_channels,bottom,-3,1,s,-1.25,1.1007957423785989e-05,1.6767541931674002e-05,-4.909306828951654e-06,0.00011217325597379069,9.672440009210511e-05,0.4382342339399896,0.013575254685500499,1.217778387656343e-08,3.8159292558322023e-07,3.694151417066568e-07
V9-PHASE-FIT-GN-DIAGNOSTIC,ordered_total_channels,bottom,-3,1,p,-1.25,-2.7969427256702653e-05,-1.063118988451923e-05,1.5732873796791848e-06,-7.9281985174855e-05,7.473756540109049e-05,0.4382342339399896,0.013575254685500499,2.7099704518186192e-08,1.903314808841085e-07,1.632317763659223e-07
V9-PHASE-FIT-GN-DIAGNOSTIC,ordered_total_channels,bottom,-2,-1,s,-1.25,2.2729225228502964e-05,-7.6118175323633e-06,7.745485652971132e-07,2.4717345258705883e-06,2.4159591252689447e-05,0.4382342339399896,0.013575254685500499,2.3827970598374667e-08,2.7825122930511906e-10,2.354971936906955e-08
V9-PHASE-FIT-GN-DIAGNOSTIC,ordered_total_channels,bottom,-2,-1,p,-1.25,1.7618314343606794e-05,-2.759762537525608e-07,-3.630225008417201e-05,0.0001883234131536643,0.00019615595059304397,0.4382342339399896,0.013575254685500499,1.2876233846349809e-08,1.5254830024257906e-06,1.5126067685794408e-06
V9-PHASE-FIT-GN-DIAGNOSTIC,ordered_total_channels,bottom,-2,0,s,-1.25,-8.782008475062646e-05,8.014069689043257e-05,-0.00018404130862068258,1.7489532595230964e-05,0.00011482026088890324,0.4382342339399896,0.013575254685500499,7.940900999655556e-07,1.9200481909981673e-06,1.1259580910326116e-06
V9-PHASE-FIT-GN-DIAGNOSTIC,ordered_total_channels,bottom,-2,0,p,-1.25,-3.677731455225467e-05,-2.0364392155287176e-05,-1.953215047833636e-16,3.0838854490696276e-16,4.203902155769088e-05,0.4382342339399896,0.013575254685500499,9.928468989858458e-08,7.486128714139298e-30,9.928468989858458e-08
V9-PHASE-FIT-GN-DIAGNOSTIC,ordered_total_channels,bottom,-2,1,s,-1.25,-3.440902721047875e-06,-1.475088157208591e-05,7.745485660026084e-07,2.4717345262717786e-06,1.7731004901722434e-05,0.4382342339399896,0.013575254685500499,9.514820969961519e-09,2.7825122943269296e-10,9.236569740528826e-09
V9-PHASE-FIT-GN-DIAGNOSTIC,ordered_total_channels,bottom,-2,1,p,-1.25,4.182506406729414e-05,1.646890733787675e-05,3.630225008297548e-05,-0.00018832341315286793,0.00020486677623833804,0.4382342339399896,0.013575254685500499,8.379643483822987e-08,1.5254830024097482e-06,1.4416865675715183e-06
V9-PHASE-FIT-GN-DIAGNOSTIC,ordered_total_channels,bottom,-1,-1,s,-1.25,-5.0887482011704e-05,1.283851061670307e-05,-0.00033718347041335526,-1.6668060240140516e-05,0.00028781249225599706,0.4382342339399896,0.013575254685500499,8.34147253090809e-08,3.4515489579344382e-06,3.3681342326253573e-06
V9-PHASE-FIT-GN-DIAGNOSTIC,ordered_total_channels,bottom,-1,-1,p,-1.25,-2.3126232838539175e-05,-1.134135085392977e-05,0.0002479992366175502,8.609260274623294e-06,0.000271858505609421,0.4382342339399896,0.013575254685500499,2.0092269186425535e-08,1.8648558637476027e-06,1.844763594561177e-06
V9-PHASE-FIT-GN-DIAGNOSTIC,ordered_total_channels,bottom,-1,0,s,-1.25,-0.0004132437212374242,0.00023497009277075747,-0.0011348134234953988,-0.0008861976207941805,0.0013332966200951283,0.4382342339399896,0.013575254685500499,1.094994340081748e-05,0.00010045454435778903,8.950460095697154e-05
V9-PHASE-FIT-GN-DIAGNOSTIC,ordered_total_channels,bottom,-1,0,p,-1.25,-7.343639084795955e-05,1.593815259379526e-05,-4.465027736885759e-16,-2.0865938982257457e-16,7.514604586282935e-05,0.4382342339399896,0.013575254685500499,2.736223725118067e-07,1.1769907587313279e-29,2.736223725118067e-07
V9-PHASE-FIT-GN-DIAGNOSTIC,ordered_total_channels,bottom,-1,1,s,-1.25,-3.040251073515768e-05,-1.8064488561281328e-06,-0.00033718347041209904,-1.6668060241286416e-05,0.00030714072460888116,0.4382342339399896,0.013575254685500499,2.8091244766793508e-08,3.4515489579099395e-06,3.423457713143146e-06
V9-PHASE-FIT-GN-DIAGNOSTIC,ordered_total_channels,bottom,-1,1,p,-1.25,-5.158494090841211e-05,-0.00010432505064522516,-0.000247999236616804,-8.609260275602887e-06,0.00021849505276940503,0.4382342339399896,0.013575254685500499,4.1019619338029605e-07,1.8648558637369045e-06,1.4546596703566083e-06
V9-PHASE-FIT-GN-DIAGNOSTIC,ordered_total_channels,bottom,0,0,s,-1.25,0.07746578711309576,-0.12397933377174461,0.07718950242782177,-0.12447475436113979,0.0005672519614012966,0.4382342339399896,0.013575254685500499,0.03221086812710116,0.032331984498269135,0.0001211163711679758
V9-PHASE-FIT-GN-DIAGNOSTIC,ordered_total_channels,bottom,0,0,p,-1.25,0.0021602169837023144,-0.0005104300290385641,2.4167599005431038e-15,5.725178855579965e-15,0.0022197018338541864,0.4382342339399896,0.013575254685500499,7.425917758503885e-06,5.820430999983165e-29,7.425917758503885e-06
V9-PHASE-FIT-GN-DIAGNOSTIC,ordered_outgoing_channels,top,-3,-1,s,8.75,-9.038831828822276e-06,-1.3818296748520742e-05,-9.195140170809825e-05,5.576925993858354e-05,0.00010824473331144926,0.9130801710515086,0.006515464387743185,8.633369208708454e-09,3.662159813318062e-07,3.575826121230977e-07
V9-PHASE-FIT-GN-DIAGNOSTIC,ordered_outgoing_channels,top,-3,-1,p,8.75,-9.0157089932982e-06,2.4445931810267395e-05,6.491873565175626e-05,-4.0080513039853855e-05,9.813238094517203e-05,0.9130801710515086,0.006515464387743185,2.1497042912788748e-08,1.843193233752179e-07,1.6282228046242915e-07
V9-PHASE-FIT-GN-DIAGNOSTIC,ordered_outgoing_channels,top,-3,0,s,8.75,-1.9376687107843237e-05,-1.4419591906718783e-06,-0.0001921902009470994,0.00048817928501632254,0.0005192239144572176,0.9130801710515086,0.006515464387743185,1.873219681748295e-08,1.365740342110789e-05,1.3638671224290407e-05
V9-PHASE-FIT-GN-DIAGNOSTIC,ordered_outgoing_channels,top,-3,0,p,8.75,-1.7851600433214645e-05,4.784470230293831e-06,1.2553482268998042e-15,3.668039838538298e-15,1.848163394890825e-05,0.9130801710515086,0.006515464387743185,1.694774550551858e-08,7.457653301374714e-28,1.694774550551858e-08
V9-PHASE-FIT-GN-DIAGNOSTIC,ordered_outgoing_channels,top,-3,1,s,8.75,-1.2025075278023751e-05,1.649277947436818e-05,-9.195140170915746e-05,5.576925994137385e-05,8.905537364275792e-05,0.9130801710515086,0.006515464387743185,1.319214973135452e-08,3.6621598134782935e-07,3.530238316164748e-07
V9-PHASE-FIT-GN-DIAGNOSTIC,ordered_outgoing_channels,top,-3,1,p,8.75,-1.230988120446369e-05,4.886790834029347e-05,-6.491873565012055e-05,4.0080513039672495e-05,5.333769663431001e-05,0.9130801710515086,0.006515464387743185,8.041698302526655e-08,1.843193233680326e-07,1.0390234034276605e-07
V9-PHASE-FIT-GN-DIAGNOSTIC,ordered_outgoing_channels,top,-2,-1,s,8.75,-3.970179452526416e-06,-1.5238342411164271e-05,2.344516502433825e-06,9.65817440460633e-07,1.739109489079407e-05,0.9130801710515086,0.006515464387743185,1.059025746827271e-08,2.745931746845648e-10,1.0315664293588146e-08
V9-PHASE-FIT-GN-DIAGNOSTIC,ordered_outgoing_channels,top,-2,-1,p,8.75,-2.9555136610816864e-05,2.019835935165104e-05,-0.00011450210530953003,-0.00014336308972240936,0.00018430500566806807,0.9130801710515086,0.006515464387743185,5.472933758621716e-08,1.437706929814518e-06,1.3829775922283008e-06
V9-PHASE-FIT-GN-DIAGNOSTIC,ordered_outgoing_channels,top,-2,0,s,8.75,-4.943035891661341e-06,-5.411335860385595e-05,0.00016425932553326252,-5.6207388544626634e-05,0.00016921531867169535,0.9130801710515086,0.006515464387743185,1.69185215779845e-07,1.7270051732052553e-06,1.5578199574254102e-06
V9-PHASE-FIT-GN-DIAGNOSTIC,ordered_outgoing_channels,top,-2,0,p,8.75,-3.5349541731686444e-06,-3.3503383995778684e-05,-1.731002669799771e-16,1.1404235647096274e-15,3.368935499902297e-05,0.9130801710515086,0.006515464387743185,6.503244300949386e-08,7.623760074136061e-29,6.503244300949386e-08
V9-PHASE-FIT-GN-DIAGNOSTIC,ordered_outgoing_channels,top,-2,1,s,8.75,-9.765696980798615e-07,-1.0486157859017297e-05,2.3445165013757525e-06,9.658174394089157e-07,1.1923814481112103e-05,0.9130801710515086,0.006515464387743185,4.736871853530746e-09,2.745931743859139e-10,4.462278679144832e-09
V9-PHASE-FIT-GN-DIAGNOSTIC,ordered_outgoing_channels,top,-2,1,p,8.75,-7.659691369978868e-05,1.5010062697721364e-05,0.0001145021053115565,0.0001433630897223461,0.00023020281191480374,0.9130801710515086,0.006515464387743185,2.601932689572728e-07,1.4377069298335635e-06,1.1775136608762907e-06
V9-PHASE-FIT-GN-DIAGNOSTIC,ordered_outgoing_channels,top,-1,-1,s,8.75,-2.7297904514307888e-05,2.5756728471140264e-05,-0.0001675317294758279,-0.0002780507862091289,0.00033461101541871005,0.9130801710515086,0.006515464387743185,4.462527649323131e-08,3.3385088803210597e-06,3.2938836038278284e-06
V9-PHASE-FIT-GN-DIAGNOSTIC,ordered_outgoing_channels,top,-1,-1,p,8.75,3.168776745206169e-05,8.741735274325098e-05,-0.00012312018254765662,-0.00020515373533905003,0.0003310035392027959,0.9130801710515086,0.006515464387743185,2.7391044039555867e-07,1.8136268113864188e-06,1.5397163709908601e-06
V9-PHASE-FIT-GN-DIAGNOSTIC,ordered_outgoing_channels,top,-1,0,s,8.75,0.00029141793288419706,-6.806063836446664e-05,-0.0010285581087383054,0.0013279322632824794,0.001921232138994679,0.9130801710515086,0.006515464387743185,4.444442555532631e-06,0.00014001487940183894,0.0001355704368463063
V9-PHASE-FIT-GN-DIAGNOSTIC,ordered_outgoing_channels,top,-1,0,p,8.75,0.0001524167195292985,-2.4770447626991827e-05,1.0695710033665002e-15,-1.898478834981676e-15,0.00015441642227203133,0.9130801710515086,0.006515464387743185,1.1833313506926322e-06,2.3563986760300565e-28,1.1833313506926322e-06
V9-PHASE-FIT-GN-DIAGNOSTIC,ordered_outgoing_channels,top,-1,1,s,8.75,5.192695481835473e-06,-0.00011568733746405006,-0.0001675317294752791,-0.00027805078621218255,0.0002370561462315486,0.9130801710515086,0.006515464387743185,4.2485792136096646e-07,3.338508880369034e-06,2.9136509590080674e-06
V9-PHASE-FIT-GN-DIAGNOSTIC,ordered_outgoing_channels,top,-1,1,p,8.75,-0.00010710331627278386,0.00025399896445123515,0.00012312018254904267,0.00020515373533914856,0.00023534807374774876,0.9130801710515086,0.006515464387743185,2.407326229610012e-06,1.8136268113985115e-06,5.936994182115005e-07
V9-PHASE-FIT-GN-DIAGNOSTIC,ordered_outgoing_channels,top,0,0,s,8.75,-0.8994065988395676,-0.037183765009258574,-0.9004635817872493,-0.03771148815782577,0.001181399455401703,0.9130801710515086,0.006515464387743185,0.8103148624162444,0.812256818464021,0.001941956047776583
V9-PHASE-FIT-GN-DIAGNOSTIC,ordered_outgoing_channels,top,0,0,p,8.75,-0.004650984468769357,0.0003412966970159046,1.1196540890151039e-13,-5.214558791588342e-15,0.004663490105615407,0.9130801710515086,0.006515464387743185,2.174813996412296e-05,1.2563444413870592e-26,2.174813996412296e-05
V9-PHASE-FIT-GN-DIAGNOSTIC,ordered_outgoing_channels,bottom,-3,-1,s,-1.25,-2.0411539599472897e-05,-2.2515542131546902e-06,-4.909306826319978e-06,0.00011217325597253058,0.00011547015374971629,0.9130801710515086,0.006515464387743185,1.2764231313395588e-08,3.815929255738811e-07,3.6882869426048553e-07
V9-PHASE-FIT-GN-DIAGNOSTIC,ordered_outgoing_channels,bottom,-3,-1,p,-1.25,-1.014982089839026e-06,-4.222151754647349e-06,-1.5732873803997091e-06,7.928198517251047e-05,8.350600330962434e-05,0.9130801710515086,0.006515464387743185,5.707652758354823e-10,1.903314808729246e-07,1.8976071559708911e-07
V9-PHASE-FIT-GN-DIAGNOSTIC,ordered_outgoing_channels,bottom,-3,0,s,-1.25,5.296657583006932e-05,-3.342580504143653e-05,-0.0004924362020247129,-0.0001736752134376343,0.0005631465942782539,0.9130801710515086,0.006515464387743185,1.9003697292379669e-07,1.3208823483228831e-05,1.3018786510305035e-05
V9-PHASE-FIT-GN-DIAGNOSTIC,ordered_outgoing_channels,bottom,-3,0,p,-1.25,2.4468453793470486e-05,2.9015935917876696e-05,-1.3274970028758873e-16,2.3198170478591657e-16,3.795562893994198e-05,0.9130801710515086,0.006515464387743185,6.979120180111104e-08,3.46080831114775e-30,6.979120180111104e-08
V9-PHASE-FIT-GN-DIAGNOSTIC,ordered_outgoing_channels,bottom,-3,1,s,-1.25,1.1007957423785989e-05,1.6767541931674002e-05,-4.909306828951654e-06,0.00011217325597379069,9.672440009210511e-05,0.9130801710515086,0.006515464387743185,1.217778387656343e-08,3.8159292558322023e-07,3.694151417066568e-07
V9-PHASE-FIT-GN-DIAGNOSTIC,ordered_outgoing_channels,bottom,-3,1,p,-1.25,-2.7969427256702653e-05,-1.063118988451923e-05,1.5732873796791848e-06,-7.9281985174855e-05,7.473756540109049e-05,0.9130801710515086,0.006515464387743185,2.7099704518186192e-08,1.903314808841085e-07,1.632317763659223e-07
V9-PHASE-FIT-GN-DIAGNOSTIC,ordered_outgoing_channels,bottom,-2,-1,s,-1.25,2.2729225228502964e-05,-7.6118175323633e-06,7.745485652971132e-07,2.4717345258705883e-06,2.4159591252689447e-05,0.9130801710515086,0.006515464387743185,2.3827970598374667e-08,2.7825122930511906e-10,2.354971936906955e-08
V9-PHASE-FIT-GN-DIAGNOSTIC,ordered_outgoing_channels,bottom,-2,-1,p,-1.25,1.7618314343606794e-05,-2.759762537525608e-07,-3.630225008417201e-05,0.0001883234131536643,0.00019615595059304397,0.9130801710515086,0.006515464387743185,1.2876233846349809e-08,1.5254830024257906e-06,1.5126067685794408e-06
V9-PHASE-FIT-GN-DIAGNOSTIC,ordered_outgoing_channels,bottom,-2,0,s,-1.25,-8.782008475062646e-05,8.014069689043257e-05,-0.00018404130862068258,1.7489532595230964e-05,0.00011482026088890324,0.9130801710515086,0.006515464387743185,7.940900999655556e-07,1.9200481909981673e-06,1.1259580910326116e-06
V9-PHASE-FIT-GN-DIAGNOSTIC,ordered_outgoing_channels,bottom,-2,0,p,-1.25,-3.677731455225467e-05,-2.0364392155287176e-05,-1.953215047833636e-16,3.0838854490696276e-16,4.203902155769088e-05,0.9130801710515086,0.006515464387743185,9.928468989858458e-08,7.486128714139298e-30,9.928468989858458e-08
V9-PHASE-FIT-GN-DIAGNOSTIC,ordered_outgoing_channels,bottom,-2,1,s,-1.25,-3.440902721047875e-06,-1.475088157208591e-05,7.745485660026084e-07,2.4717345262717786e-06,1.7731004901722434e-05,0.9130801710515086,0.006515464387743185,9.514820969961519e-09,2.7825122943269296e-10,9.236569740528826e-09
V9-PHASE-FIT-GN-DIAGNOSTIC,ordered_outgoing_channels,bottom,-2,1,p,-1.25,4.182506406729414e-05,1.646890733787675e-05,3.630225008297548e-05,-0.00018832341315286793,0.00020486677623833804,0.9130801710515086,0.006515464387743185,8.379643483822987e-08,1.5254830024097482e-06,1.4416865675715183e-06
V9-PHASE-FIT-GN-DIAGNOSTIC,ordered_outgoing_channels,bottom,-1,-1,s,-1.25,-5.0887482011704e-05,1.283851061670307e-05,-0.00033718347041335526,-1.6668060240140516e-05,0.00028781249225599706,0.9130801710515086,0.006515464387743185,8.34147253090809e-08,3.4515489579344382e-06,3.3681342326253573e-06
V9-PHASE-FIT-GN-DIAGNOSTIC,ordered_outgoing_channels,bottom,-1,-1,p,-1.25,-2.3126232838539175e-05,-1.134135085392977e-05,0.0002479992366175502,8.609260274623294e-06,0.000271858505609421,0.9130801710515086,0.006515464387743185,2.0092269186425535e-08,1.8648558637476027e-06,1.844763594561177e-06
V9-PHASE-FIT-GN-DIAGNOSTIC,ordered_outgoing_channels,bottom,-1,0,s,-1.25,-0.0004132437212374242,0.00023497009277075747,-0.0011348134234953988,-0.0008861976207941805,0.0013332966200951283,0.9130801710515086,0.006515464387743185,1.094994340081748e-05,0.00010045454435778903,8.950460095697154e-05
V9-PHASE-FIT-GN-DIAGNOSTIC,ordered_outgoing_channels,bottom,-1,0,p,-1.25,-7.343639084795955e-05,1.593815259379526e-05,-4.465027736885759e-16,-2.0865938982257457e-16,7.514604586282935e-05,0.9130801710515086,0.006515464387743185,2.736223725118067e-07,1.1769907587313279e-29,2.736223725118067e-07
V9-PHASE-FIT-GN-DIAGNOSTIC,ordered_outgoing_channels,bottom,-1,1,s,-1.25,-3.040251073515768e-05,-1.8064488561281328e-06,-0.00033718347041209904,-1.6668060241286416e-05,0.00030714072460888116,0.9130801710515086,0.006515464387743185,2.8091244766793508e-08,3.4515489579099395e-06,3.423457713143146e-06
V9-PHASE-FIT-GN-DIAGNOSTIC,ordered_outgoing_channels,bottom,-1,1,p,-1.25,-5.158494090841211e-05,-0.00010432505064522516,-0.000247999236616804,-8.609260275602887e-06,0.00021849505276940503,0.9130801710515086,0.006515464387743185,4.1019619338029605e-07,1.8648558637369045e-06,1.4546596703566083e-06
V9-PHASE-FIT-GN-DIAGNOSTIC,ordered_outgoing_channels,bottom,0,0,s,-1.25,0.07746578711309576,-0.12397933377174461,0.07718950242782177,-0.12447475436113979,0.0005672519614012966,0.9130801710515086,0.006515464387743185,0.03221086812710116,0.032331984498269135,0.0001211163711679758
V9-PHASE-FIT-GN-DIAGNOSTIC,ordered_outgoing_channels,bottom,0,0,p,-1.25,0.0021602169837023144,-0.0005104300290385641,2.4167599005431038e-15,5.725178855579965e-15,0.0022197018338541864,0.9130801710515086,0.006515464387743185,7.425917758503885e-06,5.820430999983165e-29,7.425917758503885e-06
V9-PHASE-FIT-GN-DIAGNOSTIC,ordered_boundary_outgoing_channels,top,-3,-1,s,8.75,-1.168200173188893e-05,-1.1669474769502422e-05,-7.855082196187339e-05,7.345092919286605e-05,0.00010824473331144927,0.9095181214967073,0.006388446672463406,8.633369208708454e-09,3.662159813318062e-07,3.575826121230977e-07
V9-PHASE-FIT-GN-DIAGNOSTIC,ordered_boundary_outgoing_channels,top,-3,-1,p,8.75,-3.807547429862434e-06,2.577574777370056e-05,5.531274235513715e-05,-5.254893240889601e-05,9.813238094517203e-05,0.9095181214967073,0.006388446672463406,2.1497042912788748e-08,1.843193233752179e-07,1.6282228046242915e-07
V9-PHASE-FIT-GN-DIAGNOSTIC,ordered_boundary_outgoing_channels,top,-3,0,s,8.75,1.914693741721915e-05,3.306060665492202e-06,0.0002384264874377627,-0.00046734237743567054,0.0005192239144572177,0.9095181214967073,0.006388446672463406,1.873219681748295e-08,1.365740342110789e-05,1.3638671224290407e-05
V9-PHASE-FIT-GN-DIAGNOSTIC,ordered_boundary_outgoing_channels,top,-3,0,p,8.75,1.8230143788085286e-05,-3.0385277483433745e-06,-8.953304260694988e-16,-3.7721080122444466e-15,1.848163394890825e-05,0.9095181214967073,0.006388446672463406,1.694774550551858e-08,7.457653301374714e-28,1.694774550551858e-08
V9-PHASE-FIT-GN-DIAGNOSTIC,ordered_boundary_outgoing_channels,top,-3,1,s,8.75,-8.384862177166535e-06,1.8609360453873757e-05,-7.855082196233748e-05,7.345092919581435e-05,8.905537364275791e-05,0.9095181214967073,0.006388446672463406,1.319214973135452e-08,3.6621598134782935e-07,3.530238316164748e-07
V9-PHASE-FIT-GN-DIAGNOSTIC,ordered_boundary_outgoing_channels,top,-3,1,p,8.75,-2.0202277705125145e-06,5.035399011576523e-05,-5.5312742353573465e-05,5.2548932408382856e-05,5.333769663431001e-05,0.9095181214967073,0.006388446672463406,8.041698302526655e-08,1.843193233680326e-07,1.0390234034276605e-07
V9-PHASE-FIT-GN-DIAGNOSTIC,ordered_boundary_outgoing_channels,top,-2,-1,s,8.75,1.5687811435902852e-05,1.3645426621056417e-06,-1.6954805776036832e-06,1.8854459868824524e-06,1.739109489079407e-05,0.9095181214967073,0.006388446672463406,1.059025746827271e-08,2.745931746845648e-10,1.0315664293588146e-08
V9-PHASE-FIT-GN-DIAGNOSTIC,ordered_boundary_outgoing_channels,top,-2,-1,p,8.75,-9.129245917311529e-06,-3.461411113352078e-05,0.00017343931198744156,-5.9854094867379096e-05,0.0001843050056680681,0.9095181214967073,0.006388446672463406,5.472933758621716e-08,1.437706929814518e-06,1.3829775922283008e-06
V9-PHASE-FIT-GN-DIAGNOSTIC,ordered_boundary_outgoing_channels,top,-2,0,s,8.75,-5.4113357973465786e-05,4.943042792785571e-06,-5.6207409492762594e-05,-0.00016425931836508344,0.00016921531867169535,0.9095181214967073,0.006388446672463406,1.69185215779845e-07,1.7270051732052553e-06,1.5578199574254102e-06
V9-PHASE-FIT-GN-DIAGNOSTIC,ordered_boundary_outgoing_channels,top,-2,0,p,8.75,-3.3503383544962596e-05,3.5349584458846767e-06,1.1404235867852477e-15,1.7310012154075433e-16,3.368935499902297e-05,0.9095181214967073,0.006388446672463406,6.503244300949386e-08,7.623760074136061e-29,6.503244300949386e-08
V9-PHASE-FIT-GN-DIAGNOSTIC,ordered_boundary_outgoing_channels,top,-2,1,s,8.75,1.0207320694746699e-05,2.593028972848893e-06,-1.6954805762582626e-06,1.885445986237883e-06,1.1923814481112103e-05,0.9095181214967073,0.006388446672463406,4.736871853530746e-09,2.745931743859139e-10,4.462278679144832e-09
V9-PHASE-FIT-GN-DIAGNOSTIC,ordered_boundary_outgoing_channels,top,-2,1,p,8.75,1.151954055494314e-05,-7.719902431977635e-05,-0.00017343931198806085,5.9854094869309646e-05,0.00023020281191480374,0.9095181214967073,0.006388446672463406,2.601932689572728e-07,1.4377069298335635e-06,1.1775136608762907e-06
V9-PHASE-FIT-GN-DIAGNOSTIC,ordered_boundary_outgoing_channels,top,-1,-1,s,8.75,-2.1524967211679278e-05,3.0745088045807425e-05,-0.00022030138827274493,-0.0002384248695454775,0.00033461101541871,0.9095181214967073,0.006388446672463406,4.462527649323131e-08,3.3385088803210597e-06,3.2938836038278284e-06
V9-PHASE-FIT-GN-DIAGNOSTIC,ordered_boundary_outgoing_channels,top,-1,-1,p,8.75,4.871177321711933e-05,7.920272291264895e-05,-0.00016206524324860404,-0.0001760155998907599,0.00033100353920279587,0.9095181214967073,0.006388446672463406,2.7391044039555867e-07,1.8136268113864188e-06,1.5397163709908601e-06
V9-PHASE-FIT-GN-DIAGNOSTIC,ordered_boundary_outgoing_channels,top,-1,0,s,8.75,-0.0002967037952126348,3.903229441752038e-05,0.0011543275989399616,-0.0012201900152203147,0.0019212321389946794,0.9095181214967073,0.006388446672463406,4.444442555532631e-06,0.00014001487940183894,0.0001355704368463063
V9-PHASE-FIT-GN-DIAGNOSTIC,ordered_boundary_outgoing_channels,top,-1,0,p,8.75,-0.0001541151767848519,9.640734011901948e-06,-1.2513260214317444e-15,1.783924663825131e-15,0.00015441642227203135,0.9095181214967073,0.006388446672463406,1.1833313506926322e-06,2.3563986760300565e-28,1.1833313506926322e-06
V9-PHASE-FIT-GN-DIAGNOSTIC,ordered_boundary_outgoing_channels,top,-1,1,s,8.75,-1.8310515761221206e-05,-0.00011434705570519142,-0.00022030138827282503,-0.00023842486954857905,0.0002370561462315486,0.9095181214967073,0.006388446672463406,4.2485792136096646e-07,3.338508880369034e-06,2.9136509590080674e-06
V9-PHASE-FIT-GN-DIAGNOSTIC,ordered_boundary_outgoing_channels,top,-1,1,p,8.75,-5.352303192493219e-05,0.0002704105755189513,0.00016206524324998136,0.0001760155998905761,0.00023534807374774876,0.9095181214967073,0.006388446672463406,2.407326229610012e-06,1.8136268113985115e-06,5.936994182115005e-07
V9-PHASE-FIT-GN-DIAGNOSTIC,ordered_boundary_outgoing_channels,top,0,0,s,8.75,-0.8758050694160221,-0.20803928187152415,-0.8767420008873494,-0.208758909616445,0.0011813994554017195,0.9095181214967073,0.006388446672463406,0.8103148624162444,0.812256818464021,0.001941956047776583
V9-PHASE-FIT-GN-DIAGNOSTIC,ordered_boundary_outgoing_channels,top,0,0,p,8.75,-0.004630703299949678,-0.0005520207531994667,1.109046864019619e-13,1.6235607409513206e-14,0.004663490105615406,0.9095181214967073,0.006388446672463406,2.174813996412296e-05,1.2563444413870592e-26,2.174813996412296e-05
V9-PHASE-FIT-GN-DIAGNOSTIC,ordered_boundary_outgoing_channels,bottom,-3,-1,s,-1.25,-1.1618277986554384e-05,-1.662118463731843e-05,-8.648303367237041e-05,6.939127777564956e-05,0.00011403015098753116,0.9095181214967073,0.006388446672463406,1.2764231313395588e-08,3.815929255738811e-07,3.6882869426048553e-07
V9-PHASE-FIT-GN-DIAGNOSTIC,ordered_boundary_outgoing_channels,bottom,-3,-1,p,-1.25,2.474011715136689e-06,-3.5026612597196427e-06,-5.9889780695573525e-05,5.0452604324837186e-05,8.246461840174984e-05,0.9095181214967073,0.006388446672463406,5.707652758354823e-10,1.903314808729246e-07,1.8976071559708911e-07
V9-PHASE-FIT-GN-DIAGNOSTIC,ordered_boundary_outgoing_channels,bottom,-3,0,s,-1.25,4.389817845322178e-05,4.3978333263510685e-05,6.074845422874771e-05,-0.0005144750722767751,0.0005587075603151028,0.9095181214967073,0.006388446672463406,1.9003697292379669e-07,1.3208823483228831e-05,1.3018786510305035e-05
V9-PHASE-FIT-GN-DIAGNOSTIC,ordered_boundary_outgoing_channels,bottom,-3,0,p,-1.25,-2.274980116900317e-05,3.000756807037929e-05,-2.5346697492730613e-16,-7.791468315616378e-17,3.765644160991275e-05,0.9095181214967073,0.006388446672463406,6.979120180111104e-08,3.46080831114775e-30,6.979120180111104e-08
V9-PHASE-FIT-GN-DIAGNOSTIC,ordered_boundary_outgoing_channels,bottom,-3,1,s,-1.25,-5.282275463997637e-06,1.909060234338976e-05,-8.648303367501951e-05,6.939127777451605e-05,9.551817147994589e-05,0.9095181214967073,0.006388446672463406,1.217778387656343e-08,3.8159292558322023e-07,3.694151417066568e-07
V9-PHASE-FIT-GN-DIAGNOSTIC,ordered_boundary_outgoing_channels,bottom,-3,1,p,-1.25,-1.0317516981066415e-05,-2.768878273280623e-05,5.9889780696845165e-05,-5.0452604326898695e-05,7.380552974406836e-05,0.9095181214967073,0.006388446672463406,2.7099704518186192e-08,1.903314808841085e-07,1.632317763659223e-07
V9-PHASE-FIT-GN-DIAGNOSTIC,ordered_boundary_outgoing_channels,bottom,-2,-1,s,-1.25,1.5941746152139805e-05,1.7604547829894448e-05,-1.935589521620524e-06,1.6853186586884327e-06,2.393785680042556e-05,0.9095181214967073,0.006388446672463406,2.3827970598374667e-08,2.7825122930511906e-10,2.354971936906955e-08
V9-PHASE-FIT-GN-DIAGNOSTIC,ordered_boundary_outgoing_channels,bottom,-2,-1,p,-1.25,7.252363363803356e-06,1.5881165201962396e-05,-0.0001853545253180435,4.1894719858193056e-05,0.0001943556497598,0.9095181214967073,0.006388446672463406,1.2876233846349809e-08,1.5254830024257906e-06,1.5126067685794408e-06
V9-PHASE-FIT-GN-DIAGNOSTIC,ordered_boundary_outgoing_channels,bottom,-2,0,s,-1.25,-8.041725920473656e-05,-8.646353920625511e-05,-1.910128656019509e-05,-0.00018261418318362527,0.00011403769043000277,0.9095181214967073,0.006388446672463406,7.940900999655556e-07,1.9200481909981673e-06,1.1259580910326116e-06
V9-PHASE-FIT-GN-DIAGNOSTIC,ordered_boundary_outgoing_channels,bottom,-2,0,p,-1.25,1.9878632727390022e-05,-3.671663390376406e-05,-3.081108181661143e-16,-1.9107978283180129e-16,4.175249985727461e-05,0.9095181214967073,0.006388446672463406,9.928468989858458e-08,7.486128714139298e-30,9.928468989858458e-08
V9-PHASE-FIT-GN-DIAGNOSTIC,ordered_boundary_outgoing_channels,bottom,-2,1,s,-1.25,1.2020801268925181e-05,-8.985356877242025e-06,-1.9355895217042767e-06,1.6853186594882002e-06,1.7568271409303183e-05,0.9095181214967073,0.006388446672463406,9.514820969961519e-09,2.7825122943269296e-10,9.236569740528826e-09
V9-PHASE-FIT-GN-DIAGNOSTIC,ordered_boundary_outgoing_channels,bottom,-2,1,p,-1.25,1.6745278305824755e-06,4.450660641416456e-05,0.00018535452531684516,-4.189471985896257e-05,0.0002029865282680327,0.9095181214967073,0.006388446672463406,8.379643483822987e-08,1.5254830024097482e-06,1.4416865675715183e-06
V9-PHASE-FIT-GN-DIAGNOSTIC,ordered_boundary_outgoing_channels,bottom,-1,-1,s,-1.25,-4.265263505480585e-05,-2.9442844852135635e-05,-0.00020705147255067278,-0.00026129824663100645,0.00028422509583784833,0.9095181214967073,0.006388446672463406,8.34147253090809e-08,3.4515489579344382e-06,3.3681342326253573e-06
V9-PHASE-FIT-GN-DIAGNOSTIC,ordered_boundary_outgoing_channels,bottom,-1,-1,p,-1.25,-6.626019613299502e-06,-2.45582755960503e-05,0.00015499807170421564,0.00018981004150854804,0.00026846996530798396,0.9095181214967073,0.006388446672463406,2.0092269186425535e-08,1.8648558637476027e-06,1.844763594561177e-06
V9-PHASE-FIT-GN-DIAGNOSTIC,ordered_boundary_outgoing_channels,bottom,-1,0,s,-1.25,-0.0003174080848611144,-0.0003488345922626,0.0006107069086373302,-0.0012913701554319347,0.0013227889963994834,0.9095181214967073,0.006388446672463406,1.094994340081748e-05,0.00010045454435778903,8.950460095697154e-05
V9-PHASE-FIT-GN-DIAGNOSTIC,ordered_boundary_outgoing_channels,bottom,-1,0,p,-1.25,-3.1415837125641244e-05,-6.761152243979156e-05,1.0475495179447351e-16,-4.776152653530708e-16,7.45538247769573e-05,0.9095181214967073,0.006388446672463406,2.736223725118067e-07,1.1769907587313279e-29,2.736223725118067e-07
V9-PHASE-FIT-GN-DIAGNOSTIC,ordered_boundary_outgoing_channels,bottom,-1,1,s,-1.25,-1.8443546142980198e-05,-2.3757785326939217e-05,-0.00020705147254900414,-0.0002612982466308191,0.0003033124142854034,0.9095181214967073,0.006388446672463406,2.8091244766793508e-08,3.4515489579099395e-06,3.423457713143146e-06
V9-PHASE-FIT-GN-DIAGNOSTIC,ordered_boundary_outgoing_channels,bottom,-1,1,p,-1.25,4.391948558476667e-05,-0.00010620853554739965,-0.0001549980717030024,-0.00018981004150863128,0.00021577165336604976,0.9095181214967073,0.006388446672463406,4.1019619338029605e-07,1.8648558637369045e-06,1.4546596703566083e-06
V9-PHASE-FIT-GN-DIAGNOSTIC,ordered_boundary_outgoing_channels,bottom,0,0,s,-1.25,0.07070757767610865,-0.09952107499766531,0.07050175899447489,-0.09994772920440079,0.0004737036434676601,0.9095181214967073,0.006388446672463406,0.03221086812710116,0.032331984498269135,0.0001211163711679758
V9-PHASE-FIT-GN-DIAGNOSTIC,ordered_boundary_outgoing_channels,bottom,0,0,p,-1.25,0.0018260394984597897,-0.0003186855492316067,1.7315585978917311e-15,4.892126973773713e-15,0.0018536398596332368,0.9095181214967073,0.006388446672463406,7.425917758503885e-06,5.820430999983165e-29,7.425917758503885e-06
V9-PHASE-FIT-GN-DIAGNOSTIC,ordered_scattered_channels,top,-3,-1,s,8.75,-9.038831828826938e-06,-1.3818296748525021e-05,-9.195140170810291e-05,5.5769259938579254e-05,0.00010824473331144926,0.2468359522790033,0.024101599798217955,8.633369208708454e-09,3.662159813318062e-07,3.575826121230977e-07
V9-PHASE-FIT-GN-DIAGNOSTIC,ordered_scattered_channels,top,-3,-1,p,8.75,-9.01570899331016e-06,2.4445931810265365e-05,6.49187356517443e-05,-4.008051303985588e-05,9.813238094517202e-05,0.2468359522790033,0.024101599798217955,2.1497042912788748e-08,1.843193233752179e-07,1.6282228046242915e-07
V9-PHASE-FIT-GN-DIAGNOSTIC,ordered_scattered_channels,top,-3,0,s,8.75,-1.9376687107993673e-05,-1.4419591906067453e-06,-0.00019219020094724982,0.00048817928501638765,0.0005192239144572176,0.2468359522790033,0.024101599798217955,1.873219681748295e-08,1.365740342110789e-05,1.3638671224290407e-05
V9-PHASE-FIT-GN-DIAGNOSTIC,ordered_scattered_channels,top,-3,0,p,8.75,-1.7851600433214645e-05,4.784470230293831e-06,1.2553482268998042e-15,3.668039838538298e-15,1.848163394890825e-05,0.2468359522790033,0.024101599798217955,1.694774550551858e-08,7.457653301374714e-28,1.694774550551858e-08
V9-PHASE-FIT-GN-DIAGNOSTIC,ordered_scattered_channels,top,-3,1,s,8.75,-1.2025075278013528e-05,1.6492779474371202e-05,-9.195140170914724e-05,5.5769259941376876e-05,8.905537364275792e-05,0.2468359522790033,0.024101599798217955,1.319214973135452e-08,3.6621598134782935e-07,3.530238316164748e-07
V9-PHASE-FIT-GN-DIAGNOSTIC,ordered_scattered_channels,top,-3,1,p,8.75,-1.2309881204450289e-05,4.8867908340308275e-05,-6.491873565010715e-05,4.00805130396873e-05,5.3337696634310006e-05,0.2468359522790033,0.024101599798217955,8.041698302526655e-08,1.843193233680326e-07,1.0390234034276605e-07
V9-PHASE-FIT-GN-DIAGNOSTIC,ordered_scattered_channels,top,-2,-1,s,8.75,-3.970179452526416e-06,-1.5238342411164266e-05,2.3445165024338254e-06,9.658174404606376e-07,1.739109489079407e-05,0.2468359522790033,0.024101599798217955,1.059025746827271e-08,2.745931746845648e-10,1.0315664293588146e-08
V9-PHASE-FIT-GN-DIAGNOSTIC,ordered_scattered_channels,top,-2,-1,p,8.75,-2.9555136610782227e-05,2.0198359351636388e-05,-0.00011450210530949539,-0.00014336308972242402,0.0001843050056680681,0.2468359522790033,0.024101599798217955,5.472933758621716e-08,1.437706929814518e-06,1.3829775922283008e-06
V9-PHASE-FIT-GN-DIAGNOSTIC,ordered_scattered_channels,top,-2,0,s,8.75,-4.943035891720553e-06,-5.4113358604011566e-05,0.0001642593255332033,-5.620738854478225e-05,0.00016921531867169533,0.2468359522790033,0.024101599798217955,1.69185215779845e-07,1.7270051732052553e-06,1.5578199574254102e-06
V9-PHASE-FIT-GN-DIAGNOSTIC,ordered_scattered_channels,top,-2,0,p,8.75,-3.5349541731686444e-06,-3.3503383995778684e-05,-1.731002669799771e-16,1.1404235647096274e-15,3.368935499902297e-05,0.2468359522790033,0.024101599798217955,6.503244300949386e-08,7.623760074136061e-29,6.503244300949386e-08
V9-PHASE-FIT-GN-DIAGNOSTIC,ordered_scattered_channels,top,-2,1,s,8.75,-9.765696980798647e-07,-1.0486157859017297e-05,2.344516501375749e-06,9.658174394089149e-07,1.1923814481112101e-05,0.2468359522790033,0.024101599798217955,4.736871853530746e-09,2.745931743859139e-10,4.462278679144832e-09
V9-PHASE-FIT-GN-DIAGNOSTIC,ordered_scattered_channels,top,-2,1,p,8.75,-7.659691369979934e-05,1.5010062697728692e-05,0.00011450210531154583,0.0001433630897223534,0.00023020281191480374,0.2468359522790033,0.024101599798217955,2.601932689572728e-07,1.4377069298335635e-06,1.1775136608762907e-06
V9-PHASE-FIT-GN-DIAGNOSTIC,ordered_scattered_channels,top,-1,-1,s,8.75,-2.7297904514263405e-05,2.5756728471150025e-05,-0.00016753172947578341,-0.00027805078620911914,0.00033461101541871005,0.2468359522790033,0.024101599798217955,4.462527649323131e-08,3.3385088803210597e-06,3.2938836038278284e-06
V9-PHASE-FIT-GN-DIAGNOSTIC,ordered_scattered_channels,top,-1,-1,p,8.75,3.168776745207699e-05,8.741735274328797e-05,-0.00012312018254764134,-0.00020515373533901306,0.0003310035392027959,0.2468359522790033,0.024101599798217955,2.7391044039555867e-07,1.8136268113864188e-06,1.5397163709908601e-06
V9-PHASE-FIT-GN-DIAGNOSTIC,ordered_scattered_channels,top,-1,0,s,8.75,0.00029141793288460857,-6.806063836463835e-05,-0.0010285581087378939,0.0013279322632823076,0.001921232138994679,0.2468359522790033,0.024101599798217955,4.444442555532631e-06,0.00014001487940183894,0.0001355704368463063
V9-PHASE-FIT-GN-DIAGNOSTIC,ordered_scattered_channels,top,-1,0,p,8.75,0.0001524167195292985,-2.4770447626991827e-05,1.0695710033665002e-15,-1.898478834981676e-15,0.00015441642227203133,0.2468359522790033,0.024101599798217955,1.1833313506926322e-06,2.3563986760300565e-28,1.1833313506926322e-06
V9-PHASE-FIT-GN-DIAGNOSTIC,ordered_scattered_channels,top,-1,1,s,8.75,5.1926954818372305e-06,-0.00011568733746403277,-0.00016753172947527734,-0.00027805078621216526,0.0002370561462315486,0.2468359522790033,0.024101599798217955,4.2485792136096646e-07,3.338508880369034e-06,2.9136509590080674e-06
V9-PHASE-FIT-GN-DIAGNOSTIC,ordered_scattered_channels,top,-1,1,p,8.75,-0.00010710331627278794,0.0002539989644512158,0.00012312018254903858,0.0002051537353391292,0.00023534807374774874,0.2468359522790033,0.024101599798217955,2.407326229610012e-06,1.8136268113985115e-06,5.936994182115005e-07
V9-PHASE-FIT-GN-DIAGNOSTIC,ordered_scattered_channels,top,0,0,s,8.75,-0.01821639216274811,0.2097992753713632,-0.01927337511042978,0.20927155222279603,0.0011813994554017153,0.2468359522790033,0.024101599798217955,0.8103148624162444,0.812256818464021,0.001941956047776583
V9-PHASE-FIT-GN-DIAGNOSTIC,ordered_scattered_channels,top,0,0,p,8.75,-0.004650984468769466,0.0003412966970173836,1.1185579377514874e-13,-3.735624544869974e-15,0.004663490105615407,0.2468359522790033,0.024101599798217955,2.174813996412296e-05,1.2563444413870592e-26,2.174813996412296e-05
V9-PHASE-FIT-GN-DIAGNOSTIC,ordered_scattered_channels,bottom,-3,-1,s,-1.25,-2.0411539599472965e-05,-2.25155421315289e-06,-4.909306826320045e-06,0.00011217325597253238,0.00011547015374971629,0.2468359522790033,0.024101599798217955,1.2764231313395588e-08,3.815929255738811e-07,3.6882869426048553e-07
V9-PHASE-FIT-GN-DIAGNOSTIC,ordered_scattered_channels,bottom,-3,-1,p,-1.25,-1.0149820898426493e-06,-4.222151754640185e-06,-1.5732873804033325e-06,7.928198517251764e-05,8.350600330962434e-05,0.2468359522790033,0.024101599798217955,5.707652758354823e-10,1.903314808729246e-07,1.8976071559708911e-07
V9-PHASE-FIT-GN-DIAGNOSTIC,ordered_scattered_channels,bottom,-3,0,s,-1.25,5.296657583006706e-05,-3.342580504151041e-05,-0.0004924362020247152,-0.0001736752134377082,0.000563146594278254,0.2468359522790033,0.024101599798217955,1.9003697292379669e-07,1.3208823483228831e-05,1.3018786510305035e-05
V9-PHASE-FIT-GN-DIAGNOSTIC,ordered_scattered_channels,bottom,-3,0,p,-1.25,2.4468453793470486e-05,2.9015935917876696e-05,-1.3274970028758873e-16,2.3198170478591657e-16,3.795562893994198e-05,0.2468359522790033,0.024101599798217955,6.979120180111104e-08,3.46080831114775e-30,6.979120180111104e-08
V9-PHASE-FIT-GN-DIAGNOSTIC,ordered_scattered_channels,bottom,-3,1,s,-1.25,1.1007957423784786e-05,1.6767541931673115e-05,-4.9093068289528565e-06,0.00011217325597378981,9.672440009210511e-05,0.2468359522790033,0.024101599798217955,1.217778387656343e-08,3.8159292558322023e-07,3.694151417066568e-07
V9-PHASE-FIT-GN-DIAGNOSTIC,ordered_scattered_channels,bottom,-3,1,p,-1.25,-2.7969427256693966e-05,-1.06311898845194e-05,1.5732873796878703e-06,-7.928198517485518e-05,7.473756540109049e-05,0.2468359522790033,0.024101599798217955,2.7099704518186192e-08,1.903314808841085e-07,1.632317763659223e-07
V9-PHASE-FIT-GN-DIAGNOSTIC,ordered_scattered_channels,bottom,-2,-1,s,-1.25,2.2729225228502964e-05,-7.6118175323633e-06,7.745485652971132e-07,2.471734525870588e-06,2.4159591252689447e-05,0.2468359522790033,0.024101599798217955,2.3827970598374667e-08,2.7825122930511906e-10,2.354971936906955e-08
V9-PHASE-FIT-GN-DIAGNOSTIC,ordered_scattered_channels,bottom,-2,-1,p,-1.25,1.7618314343599944e-05,-2.759762537568432e-07,-3.630225008417886e-05,0.00018832341315366003,0.00019615595059304397,0.2468359522790033,0.024101599798217955,1.2876233846349809e-08,1.5254830024257906e-06,1.5126067685794408e-06
V9-PHASE-FIT-GN-DIAGNOSTIC,ordered_scattered_channels,bottom,-2,0,s,-1.25,-8.782008475064222e-05,8.014069689047458e-05,-0.00018404130862069833,1.7489532595272983e-05,0.00011482026088890322,0.2468359522790033,0.024101599798217955,7.940900999655556e-07,1.9200481909981673e-06,1.1259580910326116e-06
V9-PHASE-FIT-GN-DIAGNOSTIC,ordered_scattered_channels,bottom,-2,0,p,-1.25,-3.677731455225467e-05,-2.0364392155287176e-05,-1.953215047833636e-16,3.0838854490696276e-16,4.203902155769088e-05,0.2468359522790033,0.024101599798217955,9.928468989858458e-08,7.486128714139298e-30,9.928468989858458e-08
V9-PHASE-FIT-GN-DIAGNOSTIC,ordered_scattered_channels,bottom,-2,1,s,-1.25,-3.4409027210478747e-06,-1.4750881572085911e-05,7.745485660026087e-07,2.4717345262717774e-06,1.7731004901722437e-05,0.2468359522790033,0.024101599798217955,9.514820969961519e-09,2.7825122943269296e-10,9.236569740528826e-09
V9-PHASE-FIT-GN-DIAGNOSTIC,ordered_scattered_channels,bottom,-2,1,p,-1.25,4.182506406728643e-05,1.64689073378884e-05,3.630225008296777e-05,-0.00018832341315285628,0.00020486677623833804,0.2468359522790033,0.024101599798217955,8.379643483822987e-08,1.5254830024097482e-06,1.4416865675715183e-06
V9-PHASE-FIT-GN-DIAGNOSTIC,ordered_scattered_channels,bottom,-1,-1,s,-1.25,-5.0887482011704085e-05,1.2838510616707397e-05,-0.00033718347041335536,-1.666806024013619e-05,0.00028781249225599706,0.2468359522790033,0.024101599798217955,8.34147253090809e-08,3.4515489579344382e-06,3.3681342326253573e-06
V9-PHASE-FIT-GN-DIAGNOSTIC,ordered_scattered_channels,bottom,-1,-1,p,-1.25,-2.312623283855664e-05,-1.134135085393786e-05,0.00024799923661753275,8.609260274615205e-06,0.000271858505609421,0.2468359522790033,0.024101599798217955,2.0092269186425535e-08,1.8648558637476027e-06,1.844763594561177e-06
V9-PHASE-FIT-GN-DIAGNOSTIC,ordered_scattered_channels,bottom,-1,0,s,-1.25,-0.0004132437212374385,0.000234970092770768,-0.0011348134234954131,-0.00088619762079417,0.0013332966200951283,0.2468359522790033,0.024101599798217955,1.094994340081748e-05,0.00010045454435778903,8.950460095697154e-05
V9-PHASE-FIT-GN-DIAGNOSTIC,ordered_scattered_channels,bottom,-1,0,p,-1.25,-7.343639084795955e-05,1.593815259379526e-05,-4.465027736885759e-16,-2.0865938982257457e-16,7.514604586282935e-05,0.2468359522790033,0.024101599798217955,2.736223725118067e-07,1.1769907587313279e-29,2.736223725118067e-07
V9-PHASE-FIT-GN-DIAGNOSTIC,ordered_scattered_channels,bottom,-1,1,s,-1.25,-3.0402510735156093e-05,-1.8064488561301438e-06,-0.00033718347041209747,-1.666806024128843e-05,0.00030714072460888116,0.2468359522790033,0.024101599798217955,2.8091244766793508e-08,3.4515489579099395e-06,3.423457713143146e-06
V9-PHASE-FIT-GN-DIAGNOSTIC,ordered_scattered_channels,bottom,-1,1,p,-1.25,-5.1584940908405876e-05,-0.00010432505064522092,-0.00024799923661679776,-8.609260275598644e-06,0.00021849505276940503,0.2468359522790033,0.024101599798217955,4.1019619338029605e-07,1.8648558637369045e-06,1.4546596703566083e-06
V9-PHASE-FIT-GN-DIAGNOSTIC,ordered_scattered_channels,bottom,0,0,s,-1.25,-0.04133126090170769,0.12306930600098062,-0.041607545586981674,0.12257388541158544,0.0005672519614012933,0.2468359522790033,0.024101599798217955,0.03221086812710116,0.032331984498269135,0.0001211163711679758
V9-PHASE-FIT-GN-DIAGNOSTIC,ordered_scattered_channels,bottom,0,0,p,-1.25,0.0021602169837025634,-0.0005104300290383225,2.6658179463359154e-15,5.966790876859179e-15,0.0022197018338541864,0.2468359522790033,0.024101599798217955,7.425917758503885e-06,5.820430999983165e-29,7.425917758503885e-06
