route,kind,side,m,n,polarization,reference_plane_nm,real,imag,reference_real,reference_imag,absolute_difference,vector_denominator,vector_relative,power,reference_power,power_absolute_difference
V9-PLAIN-FIT-GN-DIAGNOSTIC-ADAM500,ordered_total_channels,top,-3,-1,s,8.75,-0.001223861148916306,0.0012690252389723953,-9.195140170809825e-05,5.576925993858354e-05,0.001659279887929171,0.4382342339399896,0.1372442307619409,9.842354326421225e-05,3.662159813318062e-07,9.805732728288044e-05
V9-PLAIN-FIT-GN-DIAGNOSTIC-ADAM500,ordered_total_channels,top,-3,-1,p,8.75,0.00349460777858212,-0.0032411323004739863,6.491873565175626e-05,-4.0080513039853855e-05,0.0046914282981872215,0.4382342339399896,0.1372442307619409,0.0007193441516515252,1.843193233752179e-07,0.00071915983232815
V9-PLAIN-FIT-GN-DIAGNOSTIC-ADAM500,ordered_total_channels,top,-3,0,s,8.75,-0.009578856343419059,0.005846792700713434,-0.0001921902009470994,0.00048817928501632254,0.010808526218181574,0.4382342339399896,0.1372442307619409,0.0062487489887716845,1.365740342110789e-05,0.006235091585350577
V9-PLAIN-FIT-GN-DIAGNOSTIC-ADAM500,ordered_total_channels,top,-3,0,p,8.75,0.0009803714736364088,0.00039255942428528286,1.2553482268998042e-15,3.668039838538298e-15,0.0010560450406634535,0.4382342339399896,0.1372442307619409,5.5334512494331914e-05,7.457653301374714e-28,5.5334512494331914e-05
V9-PLAIN-FIT-GN-DIAGNOSTIC-ADAM500,ordered_total_channels,top,-3,1,s,8.75,0.0011949245993275051,0.0002707416074779787,-9.195140170915746e-05,5.576925994137385e-05,0.00130470799501249,0.4382342339399896,0.1372442307619409,4.753400121305725e-05,3.6621598134782935e-07,4.7167785231709425e-05
V9-PLAIN-FIT-GN-DIAGNOSTIC-ADAM500,ordered_total_channels,top,-3,1,p,8.75,0.0030743960777289006,0.0006498343696896379,-6.491873565012055e-05,4.0080513039672495e-05,0.0031979833119014965,0.4382342339399896,0.1372442307619409,0.00031266785496073554,1.843193233680326e-07,0.00031248353563736753
V9-PLAIN-FIT-GN-DIAGNOSTIC-ADAM500,ordered_total_channels,top,-2,-1,s,8.75,6.340399171313105e-05,-0.000232746517477485,2.344516502433825e-06,9.65817440460633e-07,0.0002415568566731314,0.4382342339399896,0.1372442307619409,2.4852168924150747e-06,2.745931746845648e-10,2.48494229924039e-06
V9-PLAIN-FIT-GN-DIAGNOSTIC-ADAM500,ordered_total_channels,top,-2,-1,p,8.75,0.0045964106073803175,-0.0018958748135224175,-0.00011450210530953003,-0.00014336308972240936,0.005026330264580641,0.4382342339399896,0.1372442307619409,0.0010557966585566325,1.437706929814518e-06,0.001054358951626818
V9-PLAIN-FIT-GN-DIAGNOSTIC-ADAM500,ordered_total_channels,top,-2,0,s,8.75,0.005865487899713527,0.004891027391104481,0.00016425932553326252,-5.6207388544626634e-05,0.007548452769940294,0.4382342339399896,0.1372442307619409,0.0033420088384562455,1.7270051732052553e-06,0.0033402818332830403
V9-PLAIN-FIT-GN-DIAGNOSTIC-ADAM500,ordered_total_channels,top,-2,0,p,8.75,0.00018426108131432652,-6.892549813953931e-05,-1.731002669799771e-16,1.1404235647096274e-15,0.00019673045107743102,0.4382342339399896,0.1372442307619409,2.2176236882346096e-06,7.623760074136061e-29,2.2176236882346096e-06
V9-PLAIN-FIT-GN-DIAGNOSTIC-ADAM500,ordered_total_channels,top,-2,1,s,8.75,-0.00017010244361908517,0.00013058215865594146,2.3445165013757525e-06,9.658174394089157e-07,0.00021572749005434712,0.4382342339399896,0.1372442307619409,1.963989532180027e-06,2.745931743859139e-10,1.9637149390056413e-06
V9-PLAIN-FIT-GN-DIAGNOSTIC-ADAM500,ordered_total_channels,top,-2,1,p,8.75,0.0031084074349907653,0.0021007341403407,0.0001145021053115565,0.0001433630897223461,0.003576977851885635,0.4382342339399896,0.1372442307619409,0.0006011259617530103,1.4377069298335635e-06,0.0005996882548231768
V9-PLAIN-FIT-GN-DIAGNOSTIC-ADAM500,ordered_total_channels,top,-1,-1,s,8.75,-0.0007854796136659268,-4.528813377893808e-05,-0.0001675317294758279,-0.0002780507862091289,0.0006603317650555346,0.4382342339399896,0.1372442307619409,1.961142404915248e-05,3.3385088803210597e-06,1.627291516883142e-05
V9-PLAIN-FIT-GN-DIAGNOSTIC-ADAM500,ordered_total_channels,top,-1,-1,p,8.75,-0.0016822034354846253,-0.00013304360882150418,-0.00012312018254765662,-0.00020515373533905003,0.001560749967142366,0.4382342339399896,0.1372442307619409,9.021174285395841e-05,1.8136268113864188e-06,8.839811604257198e-05
V9-PLAIN-FIT-GN-DIAGNOSTIC-ADAM500,ordered_total_channels,top,-1,0,s,8.75,0.006602673446703309,0.00968955636568897,-0.0010285581087383054,0.0013279322632824794,0.011320444014380045,0.4382342339399896,0.1372442307619409,0.006822880499528395,0.00014001487940183894,0.0066828656201265565
V9-PLAIN-FIT-GN-DIAGNOSTIC-ADAM500,ordered_total_channels,top,-1,0,p,8.75,0.0014530600390112091,-0.0005364634952486905,1.0695710033665002e-15,-1.898478834981676e-15,0.0015489275511464547,0.4382342339399896,0.1372442307619409,0.00011906431242059098,2.3563986760300565e-28,0.00011906431242059098
V9-PLAIN-FIT-GN-DIAGNOSTIC-ADAM500,ordered_total_channels,top,-1,1,s,8.75,-0.00028736878262586047,0.001185012847048624,-0.0001675317294752791,-0.00027805078621218255,0.0014679632537220157,0.4382342339399896,0.1372442307619409,4.710436061318797e-05,3.338508880369034e-06,4.376585173281893e-05
V9-PLAIN-FIT-GN-DIAGNOSTIC-ADAM500,ordered_total_channels,top,-1,1,p,8.75,0.0010157393536664985,-0.0028235597971490323,0.00012312018254904267,0.00020515373533914856,0.003157510830784821,0.4382342339399896,0.1372442307619409,0.000285261978470174,1.8136268113985115e-06,0.0002834483516587755
V9-PLAIN-FIT-GN-DIAGNOSTIC-ADAM500,ordered_total_channels,top,0,0,s,8.75,0.03154395647453834,-0.4418239617025167,0.026785429987131376,-0.4121567714282053,0.030046393346016616,0.4382342339399896,0.1372442307619409,0.8068274323967771,0.812256818464021,0.005429386067243858
V9-PLAIN-FIT-GN-DIAGNOSTIC-ADAM500,ordered_total_channels,top,0,0,p,8.75,0.011156245949471467,0.03554611275022942,1.1196540890151039e-13,-5.214558791588342e-15,0.0372557103721697,0.4382342339399896,0.1372442307619409,0.001387987955336816,1.2563444413870592e-26,0.001387987955336816
V9-PLAIN-FIT-GN-DIAGNOSTIC-ADAM500,ordered_total_channels,bottom,-3,-1,s,-1.25,-0.00014160671722091662,-0.001125069945421599,-4.909306826319978e-06,0.00011217325597253058,0.0012447718350784547,0.4382342339399896,0.1372442307619409,3.8920265729880666e-05,3.815929255738811e-07,3.8538672804306784e-05
V9-PLAIN-FIT-GN-DIAGNOSTIC-ADAM500,ordered_total_channels,bottom,-3,-1,p,-1.25,-0.0001761493354102718,-0.0024472657331105112,-1.5732873803997091e-06,7.928198517251047e-05,0.0025325718487945945,0.4382342339399896,0.1372442307619409,0.00018222042885592248,1.903314808729246e-07,0.00018203009737504956
V9-PLAIN-FIT-GN-DIAGNOSTIC-ADAM500,ordered_total_channels,bottom,-3,0,s,-1.25,0.0004784223253042239,0.0008058584238798913,-0.0004924362020247129,-0.0001736752134376343,0.0013791491676841245,0.4382342339399896,0.1372442307619409,4.2548970759314466e-05,1.3208823483228831e-05,2.9340147276085635e-05
V9-PLAIN-FIT-GN-DIAGNOSTIC-ADAM500,ordered_total_channels,bottom,-3,0,p,-1.25,-0.000663695320331908,-0.00019825175694082516,-1.3274970028758873e-16,2.3198170478591657e-16,0.0006926725325581446,0.4382342339399896,0.1372442307619409,2.324364453117245e-05,3.46080831114775e-30,2.324364453117245e-05
V9-PLAIN-FIT-GN-DIAGNOSTIC-ADAM500,ordered_total_channels,bottom,-3,1,s,-1.25,0.0007416936454405328,0.001578219522356012,-4.909306828951654e-06,0.00011217325597379069,0.0016452074712663936,0.4382342339399896,0.1372442307619409,9.204300560980414e-05,3.8159292558322023e-07,9.166141268422092e-05
V9-PLAIN-FIT-GN-DIAGNOSTIC-ADAM500,ordered_total_channels,bottom,-3,1,p,-1.25,-0.002200343404780832,-0.003510810298377063,1.5732873796791848e-06,-7.9281985174855e-05,0.004077232355841825,0.4382342339399896,0.1372442307619409,0.0005196280709757558,1.903314808841085e-07,0.0005194377394948717
V9-PLAIN-FIT-GN-DIAGNOSTIC-ADAM500,ordered_total_channels,bottom,-2,-1,s,-1.25,-0.0001220589354681245,-8.847195570355678e-05,7.745485652971132e-07,2.4717345258705883e-06,0.00015283592376249403,0.4382342339399896,0.1372442307619409,9.424760165485583e-07,2.7825122930511906e-10,9.421977653192532e-07
V9-PLAIN-FIT-GN-DIAGNOSTIC-ADAM500,ordered_total_channels,bottom,-2,-1,p,-1.25,-8.950060407663509e-05,0.0018049661456522902,-3.630225008417201e-05,0.0001883234131536643,0.0016175177864271328,0.4382342339399896,0.1372442307619409,0.00013544351916275704,1.5254830024257906e-06,0.00013391803616033125
V9-PLAIN-FIT-GN-DIAGNOSTIC-ADAM500,ordered_total_channels,bottom,-2,0,s,-1.25,-0.011143260471581996,-0.010363804906455292,-0.00018404130862068258,1.7489532595230964e-05,0.015095554275748864,0.4382342339399896,0.1372442307619409,0.013010064766267801,1.9200481909981673e-06,0.013008144718076802
V9-PLAIN-FIT-GN-DIAGNOSTIC-ADAM500,ordered_total_channels,bottom,-2,0,p,-1.25,0.0001848333345335641,-5.1046353465888624e-05,-1.953215047833636e-16,3.0838854490696276e-16,0.0001917526838327551,0.4382342339399896,0.1372442307619409,2.06566545745265e-06,7.486128714139298e-30,2.06566545745265e-06
V9-PLAIN-FIT-GN-DIAGNOSTIC-ADAM500,ordered_total_channels,bottom,-2,1,s,-1.25,0.00011897698944854008,-5.3816874965360304e-05,7.745485660026084e-07,2.4717345262717786e-06,0.00013092068052485527,0.4382342339399896,0.1372442307619409,7.071691729897097e-07,2.7825122943269296e-10,7.06890921760277e-07
V9-PLAIN-FIT-GN-DIAGNOSTIC-ADAM500,ordered_total_channels,bottom,-2,1,p,-1.25,-0.003517884327674099,0.002569871885962274,3.630225008297548e-05,-0.00018832341315286793,0.0044988758081958,0.4382342339399896,0.1372442307619409,0.0007871257570368264,1.5254830024097482e-06,0.0007856002740344167
V9-PLAIN-FIT-GN-DIAGNOSTIC-ADAM500,ordered_total_channels,bottom,-1,-1,s,-1.25,0.0005687300452797536,-4.995546099976418e-06,-0.00033718347041335526,-1.6668060240140516e-05,0.0009059887115752607,0.4382342339399896,0.1372442307619409,9.796419403411972e-06,3.4515489579344382e-06,6.344870445477535e-06
V9-PLAIN-FIT-GN-DIAGNOSTIC-ADAM500,ordered_total_channels,bottom,-1,-1,p,-1.25,-0.001551905684603488,0.00020033975855497757,0.0002479992366175502,8.609260274623294e-06,0.0018100879286395302,0.4382342339399896,0.1372442307619409,7.415321974282037e-05,1.8648558637476027e-06,7.228836387907277e-05
V9-PLAIN-FIT-GN-DIAGNOSTIC-ADAM500,ordered_total_channels,bottom,-1,0,s,-1.25,0.0035698685046154956,-0.007030325710385849,-0.0011348134234953988,-0.0008861976207941805,0.007738497401046446,0.4382342339399896,0.1372442307619409,0.0030124253828346407,0.00010045454435778903,0.0029119708384768516
V9-PLAIN-FIT-GN-DIAGNOSTIC-ADAM500,ordered_total_channels,bottom,-1,0,p,-1.25,0.0004908513159284696,0.0010202253811246525,-4.465027736885759e-16,-2.0865938982257457e-16,0.0011321637879037276,0.4382342339399896,0.1372442307619409,6.21094749115263e-05,1.1769907587313279e-29,6.21094749115263e-05
V9-PLAIN-FIT-GN-DIAGNOSTIC-ADAM500,ordered_total_channels,bottom,-1,1,s,-1.25,-0.0006432145511542748,0.00017141013173228623,-0.00033718347041209904,-1.6668060241286416e-05,0.0003592052737311524,0.4382342339399896,0.1372442307619409,1.3419289889416362e-05,3.4515489579099395e-06,9.967740931506422e-06
V9-PLAIN-FIT-GN-DIAGNOSTIC-ADAM500,ordered_total_channels,bottom,-1,1,p,-1.25,-0.0018254458672674384,0.0009070942100947113,-0.000247999236616804,-8.609260275602887e-06,0.0018239656570778068,0.4382342339399896,0.1372442307619409,0.0001258346159265156,1.8648558637369045e-06,0.0001239697600627787
V9-PLAIN-FIT-GN-DIAGNOSTIC-ADAM500,ordered_total_channels,bottom,0,0,s,-1.25,0.07467154978311587,-0.10112954631064192,0.07718950242782177,-0.12447475436113979,0.02348060528270113,0.4382342339399896,0.1372442307619409,0.023817769823854692,0.032331984498269135,0.008514214674414444
V9-PLAIN-FIT-GN-DIAGNOSTIC-ADAM500,ordered_total_channels,bottom,0,0,p,-1.25,0.004689784351697897,-0.00296026594062327,2.4167599005431038e-15,5.725178855579965e-15,0.005545922078848194,0.4382342339399896,0.1372442307619409,4.6356258949078395e-05,5.820430999983165e-29,4.6356258949078395e-05
V9-PLAIN-FIT-GN-DIAGNOSTIC-ADAM500,ordered_outgoing_channels,top,-3,-1,s,8.75,-0.001223861148916306,0.0012690252389723953,-9.195140170809825e-05,5.576925993858354e-05,0.001659279887929171,0.9130801710515086,0.06587057986526948,9.842354326421225e-05,3.662159813318062e-07,9.805732728288044e-05
V9-PLAIN-FIT-GN-DIAGNOSTIC-ADAM500,ordered_outgoing_channels,top,-3,-1,p,8.75,0.00349460777858212,-0.0032411323004739863,6.491873565175626e-05,-4.0080513039853855e-05,0.0046914282981872215,0.9130801710515086,0.06587057986526948,0.0007193441516515252,1.843193233752179e-07,0.00071915983232815
V9-PLAIN-FIT-GN-DIAGNOSTIC-ADAM500,ordered_outgoing_channels,top,-3,0,s,8.75,-0.009578856343419059,0.005846792700713434,-0.0001921902009470994,0.00048817928501632254,0.010808526218181574,0.9130801710515086,0.06587057986526948,0.0062487489887716845,1.365740342110789e-05,0.006235091585350577
V9-PLAIN-FIT-GN-DIAGNOSTIC-ADAM500,ordered_outgoing_channels,top,-3,0,p,8.75,0.0009803714736364088,0.00039255942428528286,1.2553482268998042e-15,3.668039838538298e-15,0.0010560450406634535,0.9130801710515086,0.06587057986526948,5.5334512494331914e-05,7.457653301374714e-28,5.5334512494331914e-05
V9-PLAIN-FIT-GN-DIAGNOSTIC-ADAM500,ordered_outgoing_channels,top,-3,1,s,8.75,0.0011949245993275051,0.0002707416074779787,-9.195140170915746e-05,5.576925994137385e-05,0.00130470799501249,0.9130801710515086,0.06587057986526948,4.753400121305725e-05,3.6621598134782935e-07,4.7167785231709425e-05
V9-PLAIN-FIT-GN-DIAGNOSTIC-ADAM500,ordered_outgoing_channels,top,-3,1,p,8.75,0.0030743960777289006,0.0006498343696896379,-6.491873565012055e-05,4.0080513039672495e-05,0.0031979833119014965,0.9130801710515086,0.06587057986526948,0.00031266785496073554,1.843193233680326e-07,0.00031248353563736753
V9-PLAIN-FIT-GN-DIAGNOSTIC-ADAM500,ordered_outgoing_channels,top,-2,-1,s,8.75,6.340399171313105e-05,-0.000232746517477485,2.344516502433825e-06,9.65817440460633e-07,0.0002415568566731314,0.9130801710515086,0.06587057986526948,2.4852168924150747e-06,2.745931746845648e-10,2.48494229924039e-06
V9-PLAIN-FIT-GN-DIAGNOSTIC-ADAM500,ordered_outgoing_channels,top,-2,-1,p,8.75,0.0045964106073803175,-0.0018958748135224175,-0.00011450210530953003,-0.00014336308972240936,0.005026330264580641,0.9130801710515086,0.06587057986526948,0.0010557966585566325,1.437706929814518e-06,0.001054358951626818
V9-PLAIN-FIT-GN-DIAGNOSTIC-ADAM500,ordered_outgoing_channels,top,-2,0,s,8.75,0.005865487899713527,0.004891027391104481,0.00016425932553326252,-5.6207388544626634e-05,0.007548452769940294,0.9130801710515086,0.06587057986526948,0.0033420088384562455,1.7270051732052553e-06,0.0033402818332830403
V9-PLAIN-FIT-GN-DIAGNOSTIC-ADAM500,ordered_outgoing_channels,top,-2,0,p,8.75,0.00018426108131432652,-6.892549813953931e-05,-1.731002669799771e-16,1.1404235647096274e-15,0.00019673045107743102,0.9130801710515086,0.06587057986526948,2.2176236882346096e-06,7.623760074136061e-29,2.2176236882346096e-06
V9-PLAIN-FIT-GN-DIAGNOSTIC-ADAM500,ordered_outgoing_channels,top,-2,1,s,8.75,-0.00017010244361908517,0.00013058215865594146,2.3445165013757525e-06,9.658174394089157e-07,0.00021572749005434712,0.9130801710515086,0.06587057986526948,1.963989532180027e-06,2.745931743859139e-10,1.9637149390056413e-06
V9-PLAIN-FIT-GN-DIAGNOSTIC-ADAM500,ordered_outgoing_channels,top,-2,1,p,8.75,0.0031084074349907653,0.0021007341403407,0.0001145021053115565,0.0001433630897223461,0.003576977851885635,0.9130801710515086,0.06587057986526948,0.0006011259617530103,1.4377069298335635e-06,0.0005996882548231768
V9-PLAIN-FIT-GN-DIAGNOSTIC-ADAM500,ordered_outgoing_channels,top,-1,-1,s,8.75,-0.0007854796136659268,-4.528813377893808e-05,-0.0001675317294758279,-0.0002780507862091289,0.0006603317650555346,0.9130801710515086,0.06587057986526948,1.961142404915248e-05,3.3385088803210597e-06,1.627291516883142e-05
V9-PLAIN-FIT-GN-DIAGNOSTIC-ADAM500,ordered_outgoing_channels,top,-1,-1,p,8.75,-0.0016822034354846253,-0.00013304360882150418,-0.00012312018254765662,-0.00020515373533905003,0.001560749967142366,0.9130801710515086,0.06587057986526948,9.021174285395841e-05,1.8136268113864188e-06,8.839811604257198e-05
V9-PLAIN-FIT-GN-DIAGNOSTIC-ADAM500,ordered_outgoing_channels,top,-1,0,s,8.75,0.006602673446703309,0.00968955636568897,-0.0010285581087383054,0.0013279322632824794,0.011320444014380045,0.9130801710515086,0.06587057986526948,0.006822880499528395,0.00014001487940183894,0.0066828656201265565
V9-PLAIN-FIT-GN-DIAGNOSTIC-ADAM500,ordered_outgoing_channels,top,-1,0,p,8.75,0.0014530600390112091,-0.0005364634952486905,1.0695710033665002e-15,-1.898478834981676e-15,0.0015489275511464547,0.9130801710515086,0.06587057986526948,0.00011906431242059098,2.3563986760300565e-28,0.00011906431242059098
V9-PLAIN-FIT-GN-DIAGNOSTIC-ADAM500,ordered_outgoing_channels,top,-1,1,s,8.75,-0.00028736878262586047,0.001185012847048624,-0.0001675317294752791,-0.00027805078621218255,0.0014679632537220157,0.9130801710515086,0.06587057986526948,4.710436061318797e-05,3.338508880369034e-06,4.376585173281893e-05
V9-PLAIN-FIT-GN-DIAGNOSTIC-ADAM500,ordered_outgoing_channels,top,-1,1,p,8.75,0.0010157393536664985,-0.0028235597971490323,0.00012312018254904267,0.00020515373533914856,0.003157510830784821,0.9130801710515086,0.06587057986526948,0.000285261978470174,1.8136268113985115e-06,0.0002834483516587755
V9-PLAIN-FIT-GN-DIAGNOSTIC-ADAM500,ordered_outgoing_channels,top,0,0,s,8.75,-0.8957050552998423,-0.06737867843213718,-0.9004635817872493,-0.03771148815782577,0.030046393346016612,0.9130801710515086,0.06587057986526948,0.8068274323967771,0.812256818464021,0.005429386067243858
V9-PLAIN-FIT-GN-DIAGNOSTIC-ADAM500,ordered_outgoing_channels,top,0,0,p,8.75,0.011156245949471467,0.03554611275022942,1.1196540890151039e-13,-5.214558791588342e-15,0.0372557103721697,0.9130801710515086,0.06587057986526948,0.001387987955336816,1.2563444413870592e-26,0.001387987955336816
V9-PLAIN-FIT-GN-DIAGNOSTIC-ADAM500,ordered_outgoing_channels,bottom,-3,-1,s,-1.25,-0.00014160671722091662,-0.001125069945421599,-4.909306826319978e-06,0.00011217325597253058,0.0012447718350784547,0.9130801710515086,0.06587057986526948,3.8920265729880666e-05,3.815929255738811e-07,3.8538672804306784e-05
V9-PLAIN-FIT-GN-DIAGNOSTIC-ADAM500,ordered_outgoing_channels,bottom,-3,-1,p,-1.25,-0.0001761493354102718,-0.0024472657331105112,-1.5732873803997091e-06,7.928198517251047e-05,0.0025325718487945945,0.9130801710515086,0.06587057986526948,0.00018222042885592248,1.903314808729246e-07,0.00018203009737504956
V9-PLAIN-FIT-GN-DIAGNOSTIC-ADAM500,ordered_outgoing_channels,bottom,-3,0,s,-1.25,0.0004784223253042239,0.0008058584238798913,-0.0004924362020247129,-0.0001736752134376343,0.0013791491676841245,0.9130801710515086,0.06587057986526948,4.2548970759314466e-05,1.3208823483228831e-05,2.9340147276085635e-05
V9-PLAIN-FIT-GN-DIAGNOSTIC-ADAM500,ordered_outgoing_channels,bottom,-3,0,p,-1.25,-0.000663695320331908,-0.00019825175694082516,-1.3274970028758873e-16,2.3198170478591657e-16,0.0006926725325581446,0.9130801710515086,0.06587057986526948,2.324364453117245e-05,3.46080831114775e-30,2.324364453117245e-05
V9-PLAIN-FIT-GN-DIAGNOSTIC-ADAM500,ordered_outgoing_channels,bottom,-3,1,s,-1.25,0.0007416936454405328,0.001578219522356012,-4.909306828951654e-06,0.00011217325597379069,0.0016452074712663936,0.9130801710515086,0.06587057986526948,9.204300560980414e-05,3.8159292558322023e-07,9.166141268422092e-05
V9-PLAIN-FIT-GN-DIAGNOSTIC-ADAM500,ordered_outgoing_channels,bottom,-3,1,p,-1.25,-0.002200343404780832,-0.003510810298377063,1.5732873796791848e-06,-7.9281985174855e-05,0.004077232355841825,0.9130801710515086,0.06587057986526948,0.0005196280709757558,1.903314808841085e-07,0.0005194377394948717
V9-PLAIN-FIT-GN-DIAGNOSTIC-ADAM500,ordered_outgoing_channels,bottom,-2,-1,s,-1.25,-0.0001220589354681245,-8.847195570355678e-05,7.745485652971132e-07,2.4717345258705883e-06,0.00015283592376249403,0.9130801710515086,0.06587057986526948,9.424760165485583e-07,2.7825122930511906e-10,9.421977653192532e-07
V9-PLAIN-FIT-GN-DIAGNOSTIC-ADAM500,ordered_outgoing_channels,bottom,-2,-1,p,-1.25,-8.950060407663509e-05,0.0018049661456522902,-3.630225008417201e-05,0.0001883234131536643,0.0016175177864271328,0.9130801710515086,0.06587057986526948,0.00013544351916275704,1.5254830024257906e-06,0.00013391803616033125
V9-PLAIN-FIT-GN-DIAGNOSTIC-ADAM500,ordered_outgoing_channels,bottom,-2,0,s,-1.25,-0.011143260471581996,-0.010363804906455292,-0.00018404130862068258,1.7489532595230964e-05,0.015095554275748864,0.9130801710515086,0.06587057986526948,0.013010064766267801,1.9200481909981673e-06,0.013008144718076802
V9-PLAIN-FIT-GN-DIAGNOSTIC-ADAM500,ordered_outgoing_channels,bottom,-2,0,p,-1.25,0.0001848333345335641,-5.1046353465888624e-05,-1.953215047833636e-16,3.0838854490696276e-16,0.0001917526838327551,0.9130801710515086,0.06587057986526948,2.06566545745265e-06,7.486128714139298e-30,2.06566545745265e-06
V9-PLAIN-FIT-GN-DIAGNOSTIC-ADAM500,ordered_outgoing_channels,bottom,-2,1,s,-1.25,0.00011897698944854008,-5.3816874965360304e-05,7.745485660026084e-07,2.4717345262717786e-06,0.00013092068052485527,0.9130801710515086,0.06587057986526948,7.071691729897097e-07,2.7825122943269296e-10,7.06890921760277e-07
V9-PLAIN-FIT-GN-DIAGNOSTIC-ADAM500,ordered_outgoing_channels,bottom,-2,1,p,-1.25,-0.003517884327674099,0.002569871885962274,3.630225008297548e-05,-0.00018832341315286793,0.0044988758081958,0.9130801710515086,0.06587057986526948,0.0007871257570368264,1.5254830024097482e-06,0.0007856002740344167
V9-PLAIN-FIT-GN-DIAGNOSTIC-ADAM500,ordered_outgoing_channels,bottom,-1,-1,s,-1.25,0.0005687300452797536,-4.995546099976418e-06,-0.00033718347041335526,-1.6668060240140516e-05,0.0009059887115752607,0.9130801710515086,0.06587057986526948,9.796419403411972e-06,3.4515489579344382e-06,6.344870445477535e-06
V9-PLAIN-FIT-GN-DIAGNOSTIC-ADAM500,ordered_outgoing_channels,bottom,-1,-1,p,-1.25,-0.001551905684603488,0.00020033975855497757,0.0002479992366175502,8.609260274623294e-06,0.0018100879286395302,0.9130801710515086,0.06587057986526948,7.415321974282037e-05,1.8648558637476027e-06,7.228836387907277e-05
V9-PLAIN-FIT-GN-DIAGNOSTIC-ADAM500,ordered_outgoing_channels,bottom,-1,0,s,-1.25,0.0035698685046154956,-0.007030325710385849,-0.0011348134234953988,-0.0008861976207941805,0.007738497401046446,0.9130801710515086,0.06587057986526948,0.0030124253828346407,0.00010045454435778903,0.0029119708384768516
V9-PLAIN-FIT-GN-DIAGNOSTIC-ADAM500,ordered_outgoing_channels,bottom,-1,0,p,-1.25,0.0004908513159284696,0.0010202253811246525,-4.465027736885759e-16,-2.0865938982257457e-16,0.0011321637879037276,0.9130801710515086,0.06587057986526948,6.21094749115263e-05,1.1769907587313279e-29,6.21094749115263e-05
V9-PLAIN-FIT-GN-DIAGNOSTIC-ADAM500,ordered_outgoing_channels,bottom,-1,1,s,-1.25,-0.0006432145511542748,0.00017141013173228623,-0.00033718347041209904,-1.6668060241286416e-05,0.0003592052737311524,0.9130801710515086,0.06587057986526948,1.3419289889416362e-05,3.4515489579099395e-06,9.967740931506422e-06
V9-PLAIN-FIT-GN-DIAGNOSTIC-ADAM500,ordered_outgoing_channels,bottom,-1,1,p,-1.25,-0.0018254458672674384,0.0009070942100947113,-0.000247999236616804,-8.609260275602887e-06,0.0018239656570778068,0.9130801710515086,0.06587057986526948,0.0001258346159265156,1.8648558637369045e-06,0.0001239697600627787
V9-PLAIN-FIT-GN-DIAGNOSTIC-ADAM500,ordered_outgoing_channels,bottom,0,0,s,-1.25,0.07467154978311587,-0.10112954631064192,0.07718950242782177,-0.12447475436113979,0.02348060528270113,0.9130801710515086,0.06587057986526948,0.023817769823854692,0.032331984498269135,0.008514214674414444
V9-PLAIN-FIT-GN-DIAGNOSTIC-ADAM500,ordered_outgoing_channels,bottom,0,0,p,-1.25,0.004689784351697897,-0.00296026594062327,2.4167599005431038e-15,5.725178855579965e-15,0.005545922078848194,0.9130801710515086,0.06587057986526948,4.6356258949078395e-05,5.820430999983165e-29,4.6356258949078395e-05
V9-PLAIN-FIT-GN-DIAGNOSTIC-ADAM500,ordered_boundary_outgoing_channels,top,-3,-1,s,8.75,-0.0009374133283836033,0.0014931568640784063,-7.855082196187339e-05,7.345092919286605e-05,0.001659279887929171,0.9095181214967073,0.06444790287726657,9.842354326421225e-05,3.662159813318062e-07,9.805732728288044e-05
V9-PLAIN-FIT-GN-DIAGNOSTIC-ADAM500,ordered_boundary_outgoing_channels,top,-3,-1,p,8.75,0.002755161997454099,-0.003889255003607657,5.531274235513715e-05,-5.254893240889601e-05,0.0046914282981872215,0.9095181214967073,0.06444790287726657,0.0007193441516515252,1.843193233752179e-07,0.00071915983232815
V9-PLAIN-FIT-GN-DIAGNOSTIC-ADAM500,ordered_boundary_outgoing_channels,top,-3,0,s,8.75,0.01009861791065785,-0.004894628691485793,0.0002384264874377627,-0.00046734237743567054,0.010808526218181576,0.9095181214967073,0.06444790287726657,0.0062487489887716845,1.365740342110789e-05,0.006235091585350577
V9-PLAIN-FIT-GN-DIAGNOSTIC-ADAM500,ordered_boundary_outgoing_channels,top,-3,0,p,8.75,-0.0009378892176712166,-0.0004853812350011998,-8.953304260694988e-16,-3.7721080122444466e-15,0.0010560450406634535,0.9095181214967073,0.06444790287726657,5.5334512494331914e-05,7.457653301374714e-28,5.5334512494331914e-05
V9-PLAIN-FIT-GN-DIAGNOSTIC-ADAM500,ordered_boundary_outgoing_channels,top,-3,1,s,8.75,0.0012250528579567216,1.978159017437318e-05,-7.855082196233748e-05,7.345092919581435e-05,0.00130470799501249,0.9095181214967073,0.06444790287726657,4.753400121305725e-05,3.6621598134782935e-07,4.7167785231709425e-05
V9-PLAIN-FIT-GN-DIAGNOSTIC-ADAM500,ordered_boundary_outgoing_channels,top,-3,1,p,8.75,0.00314231913336679,5.139539061336621e-06,-5.5312742353573465e-05,5.2548932408382856e-05,0.003197983311901497,0.9095181214967073,0.06444790287726657,0.00031266785496073554,1.843193233680326e-07,0.00031248353563736753
V9-PLAIN-FIT-GN-DIAGNOSTIC-ADAM500,ordered_boundary_outgoing_channels,top,-2,-1,s,8.75,0.00019805349847821997,0.00013771644529101727,-1.6954805776036832e-06,1.8854459868824524e-06,0.00024155685667313142,0.9095181214967073,0.06444790287726657,2.4852168924150747e-06,2.745931746845648e-10,2.48494229924039e-06
V9-PLAIN-FIT-GN-DIAGNOSTIC-ADAM500,ordered_boundary_outgoing_channels,top,-2,-1,p,8.75,0.0002463803351730855,0.00496594688963011,0.00017343931198744156,-5.9854094867379096e-05,0.005026330264580641,0.9095181214967073,0.06444790287726657,0.0010557966585566325,1.437706929814518e-06,0.001054358951626818
V9-PLAIN-FIT-GN-DIAGNOSTIC-ADAM500,ordered_boundary_outgoing_channels,top,-2,0,s,8.75,0.004891026643073605,-0.0058654885234705086,-5.6207409492762594e-05,-0.00016425931836508344,0.007548452769940294,0.9095181214967073,0.06444790287726657,0.0033420088384562455,1.7270051732052553e-06,0.0033402818332830403
V9-PLAIN-FIT-GN-DIAGNOSTIC-ADAM500,ordered_boundary_outgoing_channels,top,-2,0,p,8.75,-6.892552163851669e-05,-0.00018426107252419557,1.1404235867852477e-15,1.7310012154075433e-16,0.00019673045107743104,0.9095181214967073,0.06444790287726657,2.2176236882346096e-06,7.623760074136061e-29,2.2176236882346096e-06
V9-PLAIN-FIT-GN-DIAGNOSTIC-ADAM500,ordered_boundary_outgoing_channels,top,-2,1,s,8.75,-6.604640701258512e-05,-0.00020402062053909517,-1.6954805762582626e-06,1.885445986237883e-06,0.0002157274900543471,0.9095181214967073,0.06444790287726657,1.963989532180027e-06,2.745931743859139e-10,1.9637149390056413e-06
V9-PLAIN-FIT-GN-DIAGNOSTIC-ADAM500,ordered_boundary_outgoing_channels,top,-2,1,p,8.75,-0.0030207333652931814,0.0022249608190040965,-0.00017343931198806085,5.9854094869309646e-05,0.003576977851885635,0.9095181214967073,0.06444790287726657,0.0006011259617530103,1.4377069298335635e-06,0.0005996882548231768
V9-PLAIN-FIT-GN-DIAGNOSTIC-ADAM500,ordered_boundary_outgoing_channels,top,-1,-1,s,8.75,-0.000778408226419425,0.00011449834753618928,-0.00022030138827274493,-0.0002384248695454775,0.0006603317650555347,0.9095181214967073,0.06444790287726657,1.961142404915248e-05,3.3385088803210597e-06,1.627291516883142e-05
V9-PLAIN-FIT-GN-DIAGNOSTIC-ADAM500,ordered_boundary_outgoing_channels,top,-1,-1,p,8.75,-0.0016743503882127241,0.00020990421076392377,-0.00016206524324860404,-0.0001760155998907599,0.001560749967142366,0.9095181214967073,0.06444790287726657,9.021174285395841e-05,1.8136268113864188e-06,8.839811604257198e-05
V9-PLAIN-FIT-GN-DIAGNOSTIC-ADAM500,ordered_boundary_outgoing_channels,top,-1,0,s,8.75,-0.005616396843934344,-0.010292661740245278,0.0011543275989399616,-0.0012201900152203147,0.011320444014380046,0.9095181214967073,0.06444790287726657,0.006822880499528395,0.00014001487940183894,0.0066828656201265565
V9-PLAIN-FIT-GN-DIAGNOSTIC-ADAM500,ordered_boundary_outgoing_channels,top,-1,0,p,8.75,-0.0014988259252574766,0.0003907651525939429,-1.2513260214317444e-15,1.783924663825131e-15,0.0015489275511464547,0.9095181214967073,0.06444790287726657,0.00011906431242059098,2.3563986760300565e-28,0.00011906431242059098
V9-PLAIN-FIT-GN-DIAGNOSTIC-ADAM500,ordered_boundary_outgoing_channels,top,-1,1,s,8.75,-4.178102988045789e-05,0.0012186429380422646,-0.00022030138827282503,-0.00023842486954857905,0.0014679632537220157,0.9095181214967073,0.06444790287726657,4.710436061318797e-05,3.338508880369034e-06,4.376585173281893e-05
V9-PLAIN-FIT-GN-DIAGNOSTIC-ADAM500,ordered_boundary_outgoing_channels,top,-1,1,p,8.75,0.0004237315007798975,-0.0029706342719880443,0.00016206524324998136,0.0001760155998905761,0.0031575108307848212,0.9095181214967073,0.06444790287726657,0.000285261978470174,1.8136268113985115e-06,0.0002834483516587755
V9-PLAIN-FIT-GN-DIAGNOSTIC-ADAM500,ordered_boundary_outgoing_channels,top,0,0,s,8.75,-0.8664125894442872,-0.23697395901111176,-0.8767420008873494,-0.208758909616445,0.030046393346016588,0.9095181214967073,0.06444790287726657,0.8068274323967771,0.812256818464021,0.005429386067243858
V9-PLAIN-FIT-GN-DIAGNOSTIC-ADAM500,ordered_boundary_outgoing_channels,top,0,0,p,8.75,0.00417197659228543,0.03702137985881326,1.109046864019619e-13,1.6235607409513206e-14,0.03725571037216971,0.9095181214967073,0.06444790287726657,0.001387987955336816,1.2563444413870592e-26,0.001387987955336816
V9-PLAIN-FIT-GN-DIAGNOSTIC-ADAM500,ordered_boundary_outgoing_channels,bottom,-3,-1,s,-1.25,0.000743143074914843,-0.0008376768254552384,-8.648303367237041e-05,6.939127777564956e-05,0.0012292485606859352,0.9095181214967073,0.06444790287726657,3.8920265729880666e-05,3.815929255738811e-07,3.8538672804306784e-05
V9-PLAIN-FIT-GN-DIAGNOSTIC-ADAM500,ordered_boundary_outgoing_channels,bottom,-3,-1,p,-1.25,0.0017023582037146092,-0.0017242097704684022,-5.9889780695573525e-05,5.0452604324837186e-05,0.002500988705105349,0.9095181214967073,0.06444790287726657,0.00018222042885592248,1.903314808729246e-07,0.00018203009737504956
V9-PLAIN-FIT-GN-DIAGNOSTIC-ADAM500,ordered_boundary_outgoing_channels,bottom,-3,0,s,-1.25,-0.0006756759439960718,0.0006387220706088607,6.074845422874771e-05,-0.0005144750722767751,0.0013682779486129202,0.9095181214967073,0.06444790287726657,4.2548970759314466e-05,1.3208823483228831e-05,2.9340147276085635e-05
V9-PLAIN-FIT-GN-DIAGNOSTIC-ADAM500,ordered_boundary_outgoing_channels,bottom,-3,0,p,-1.25,4.7202356303640956e-05,-0.0006855894997827119,-2.5346697492730613e-16,-7.791468315616378e-17,0.0006872125032716169,0.9095181214967073,0.06444790287726657,2.324364453117245e-05,3.46080831114775e-30,2.324364453117245e-05
V9-PLAIN-FIT-GN-DIAGNOSTIC-ADAM500,ordered_boundary_outgoing_channels,bottom,-3,1,s,-1.25,-0.0006888798396753607,0.0015782773419964074,-8.648303367501951e-05,6.939127777451605e-05,0.0016246904525731793,0.9095181214967073,0.06444790287726657,9.204300560980414e-05,3.8159292558322023e-07,9.166141268422092e-05
V9-PLAIN-FIT-GN-DIAGNOSTIC-ADAM500,ordered_boundary_outgoing_channels,bottom,-3,1,p,-1.25,0.0011740614835142652,-0.0039196135446218855,5.9889780696845165e-05,-5.0452604326898695e-05,0.004026386092423758,0.9095181214967073,0.06444790287726657,0.0005196280709757558,1.903314808841085e-07,0.0005194377394948717
V9-PLAIN-FIT-GN-DIAGNOSTIC-ADAM500,ordered_boundary_outgoing_channels,bottom,-2,-1,s,-1.25,3.179073703000917e-05,-0.00014594446155042858,-1.935589521620524e-06,1.6853186586884327e-06,0.00015143321005400156,0.9095181214967073,0.06444790287726657,9.424760165485583e-07,2.7825122930511906e-10,9.421977653192532e-07
V9-PLAIN-FIT-GN-DIAGNOSTIC-ADAM500,ordered_boundary_outgoing_channels,bottom,-2,-1,p,-1.25,-0.001673803956761717,0.0006360975349029881,-0.0001853545253180435,4.1894719858193056e-05,0.0016026723605815862,0.9095181214967073,0.06444790287726657,0.00013544351916275704,1.5254830024257906e-06,0.00013391803616033125
V9-PLAIN-FIT-GN-DIAGNOSTIC-ADAM500,ordered_boundary_outgoing_channels,bottom,-2,0,s,-1.25,0.010187854833457183,-0.011164333771621234,-1.910128656019509e-05,-0.00018261418318362527,0.01499266882029462,0.9095181214967073,0.06444790287726657,0.013010064766267801,1.9200481909981673e-06,0.013008144718076802
V9-PLAIN-FIT-GN-DIAGNOSTIC-ADAM500,ordered_boundary_outgoing_channels,bottom,-2,0,p,-1.25,5.243535392560782e-05,0.00018308502297502866,-3.081108181661143e-16,-1.9107978283180129e-16,0.00019044577175451497,0.9095181214967073,0.06444790287726657,2.06566545745265e-06,7.486128714139298e-30,2.06566545745265e-06
V9-PLAIN-FIT-GN-DIAGNOSTIC-ADAM500,ordered_boundary_outgoing_channels,bottom,-2,1,s,-1.25,9.612950609273438e-05,8.659870198260124e-05,-1.9355895217042767e-06,1.6853186594882002e-06,0.00012971910285400115,0.9095181214967073,0.06444790287726657,7.071691729897097e-07,2.7825122943269296e-10,7.06890921760277e-07
V9-PLAIN-FIT-GN-DIAGNOSTIC-ADAM500,ordered_boundary_outgoing_channels,bottom,-2,1,p,-1.25,-0.003730562580024584,-0.0021716041269790333,0.00018535452531684516,-4.189471985896257e-05,0.004457585549900453,0.9095181214967073,0.06444790287726657,0.0007871257570368264,1.5254830024097482e-06,0.0007856002740344167
V9-PLAIN-FIT-GN-DIAGNOSTIC-ADAM500,ordered_boundary_outgoing_channels,bottom,-1,-1,s,-1.25,0.0003738283795965406,0.00041918672447945136,-0.00020705147255067278,-0.00026129824663100645,0.0008946961487218825,0.9095181214967073,0.06444790287726657,9.796419403411972e-06,3.4515489579344382e-06,6.344870445477535e-06
V9-PLAIN-FIT-GN-DIAGNOSTIC-ADAM500,ordered_boundary_outgoing_channels,bottom,-1,-1,p,-1.25,-0.001158755414262265,-0.0010223377404391374,0.00015499807170421564,0.00018981004150854804,0.0017875263542588046,0.9095181214967073,0.06444790287726657,7.415321974282037e-05,1.8648558637476027e-06,7.228836387907277e-05
V9-PLAIN-FIT-GN-DIAGNOSTIC-ADAM500,ordered_boundary_outgoing_channels,bottom,-1,0,s,-1.25,0.0075821351990827315,0.001924739263557094,0.0006107069086373302,-0.0012913701554319347,0.007677510807790011,0.9095181214967073,0.06444790287726657,0.0030124253828346407,0.00010045454435778903,0.0029119708384768516
V9-PLAIN-FIT-GN-DIAGNOSTIC-ADAM500,ordered_boundary_outgoing_channels,bottom,-1,0,p,-1.25,-0.0008806419958511426,0.0006972378689195758,1.0475495179447351e-16,-4.776152653530708e-16,0.001123241278939234,0.9095181214967073,0.06444790287726657,6.21094749115263e-05,1.1769907587313279e-29,6.21094749115263e-05
V9-PLAIN-FIT-GN-DIAGNOSTIC-ADAM500,ordered_boundary_outgoing_channels,bottom,-1,1,s,-1.25,-0.0005459097428980764,-0.000366212666377763,-0.00020705147254900414,-0.0002612982466308191,0.00035472801250366863,0.9095181214967073,0.06444790287726657,1.3419289889416362e-05,3.4515489579099395e-06,9.967740931506422e-06
V9-PLAIN-FIT-GN-DIAGNOSTIC-ADAM500,ordered_boundary_outgoing_channels,bottom,-1,1,p,-1.25,-0.0018617283634905328,-0.0007655749306589865,-0.0001549980717030024,-0.00018981004150863128,0.0018012311057949975,0.9095181214967073,0.06444790287726657,0.0001258346159265156,1.8648558637369045e-06,0.0001239697600627787
V9-PLAIN-FIT-GN-DIAGNOSTIC-ADAM500,ordered_boundary_outgoing_channels,bottom,0,0,s,-1.25,0.067248363413675,-0.08061121040288838,0.07050175899447489,-0.09994772920440079,0.01960830288848097,0.9095181214967073,0.06444790287726657,0.023817769823854692,0.032331984498269135,0.008514214674414444
V9-PLAIN-FIT-GN-DIAGNOSTIC-ADAM500,ordered_boundary_outgoing_channels,bottom,0,0,p,-1.25,0.004055877073925427,-0.002235834464426619,1.7315585978917311e-15,4.892126973773713e-15,0.0046313167232569594,0.9095181214967073,0.06444790287726657,4.6356258949078395e-05,5.820430999983165e-29,4.6356258949078395e-05
V9-PLAIN-FIT-GN-DIAGNOSTIC-ADAM500,ordered_scattered_channels,top,-3,-1,s,8.75,-0.0012238611489163106,0.001269025238972391,-9.195140170810291e-05,5.5769259938579254e-05,0.0016592798879291708,0.2468359522790033,0.24366434376893026,9.842354326421225e-05,3.662159813318062e-07,9.805732728288044e-05
V9-PLAIN-FIT-GN-DIAGNOSTIC-ADAM500,ordered_scattered_channels,top,-3,-1,p,8.75,0.003494607778582108,-0.0032411323004739884,6.49187356517443e-05,-4.008051303985588e-05,0.0046914282981872215,0.2468359522790033,0.24366434376893026,0.0007193441516515252,1.843193233752179e-07,0.00071915983232815
V9-PLAIN-FIT-GN-DIAGNOSTIC-ADAM500,ordered_scattered_channels,top,-3,0,s,8.75,-0.00957885634341921,0.005846792700713499,-0.00019219020094724982,0.00048817928501638765,0.010808526218181574,0.2468359522790033,0.24366434376893026,0.0062487489887716845,1.365740342110789e-05,0.006235091585350577
V9-PLAIN-FIT-GN-DIAGNOSTIC-ADAM500,ordered_scattered_channels,top,-3,0,p,8.75,0.0009803714736364088,0.00039255942428528286,1.2553482268998042e-15,3.668039838538298e-15,0.0010560450406634535,0.2468359522790033,0.24366434376893026,5.5334512494331914e-05,7.457653301374714e-28,5.5334512494331914e-05
V9-PLAIN-FIT-GN-DIAGNOSTIC-ADAM500,ordered_scattered_channels,top,-3,1,s,8.75,0.0011949245993275153,0.0002707416074779817,-9.195140170914724e-05,5.5769259941376876e-05,0.00130470799501249,0.2468359522790033,0.24366434376893026,4.753400121305725e-05,3.6621598134782935e-07,4.7167785231709425e-05
V9-PLAIN-FIT-GN-DIAGNOSTIC-ADAM500,ordered_scattered_channels,top,-3,1,p,8.75,0.003074396077728914,0.0006498343696896528,-6.491873565010715e-05,4.00805130396873e-05,0.0031979833119014965,0.2468359522790033,0.24366434376893026,0.00031266785496073554,1.843193233680326e-07,0.00031248353563736753
V9-PLAIN-FIT-GN-DIAGNOSTIC-ADAM500,ordered_scattered_channels,top,-2,-1,s,8.75,6.340399171313105e-05,-0.000232746517477485,2.3445165024338254e-06,9.658174404606376e-07,0.0002415568566731314,0.2468359522790033,0.24366434376893026,2.4852168924150747e-06,2.745931746845648e-10,2.48494229924039e-06
V9-PLAIN-FIT-GN-DIAGNOSTIC-ADAM500,ordered_scattered_channels,top,-2,-1,p,8.75,0.004596410607380352,-0.0018958748135224322,-0.00011450210530949539,-0.00014336308972242402,0.005026330264580641,0.2468359522790033,0.24366434376893026,0.0010557966585566325,1.437706929814518e-06,0.001054358951626818
V9-PLAIN-FIT-GN-DIAGNOSTIC-ADAM500,ordered_scattered_channels,top,-2,0,s,8.75,0.005865487899713468,0.004891027391104326,0.0001642593255332033,-5.620738854478225e-05,0.007548452769940294,0.2468359522790033,0.24366434376893026,0.0033420088384562455,1.7270051732052553e-06,0.0033402818332830403
V9-PLAIN-FIT-GN-DIAGNOSTIC-ADAM500,ordered_scattered_channels,top,-2,0,p,8.75,0.00018426108131432652,-6.892549813953931e-05,-1.731002669799771e-16,1.1404235647096274e-15,0.00019673045107743102,0.2468359522790033,0.24366434376893026,2.2176236882346096e-06,7.623760074136061e-29,2.2176236882346096e-06
V9-PLAIN-FIT-GN-DIAGNOSTIC-ADAM500,ordered_scattered_channels,top,-2,1,s,8.75,-0.00017010244361908517,0.00013058215865594146,2.344516501375749e-06,9.658174394089149e-07,0.00021572749005434712,0.2468359522790033,0.24366434376893026,1.963989532180027e-06,2.745931743859139e-10,1.9637149390056413e-06
V9-PLAIN-FIT-GN-DIAGNOSTIC-ADAM500,ordered_scattered_channels,top,-2,1,p,8.75,0.0031084074349907545,0.0021007341403407073,0.00011450210531154583,0.0001433630897223534,0.003576977851885635,0.2468359522790033,0.24366434376893026,0.0006011259617530103,1.4377069298335635e-06,0.0005996882548231768
V9-PLAIN-FIT-GN-DIAGNOSTIC-ADAM500,ordered_scattered_channels,top,-1,-1,s,8.75,-0.0007854796136658824,-4.5288133778928315e-05,-0.00016753172947578341,-0.00027805078620911914,0.0006603317650555347,0.2468359522790033,0.24366434376893026,1.961142404915248e-05,3.3385088803210597e-06,1.627291516883142e-05
V9-PLAIN-FIT-GN-DIAGNOSTIC-ADAM500,ordered_scattered_channels,top,-1,-1,p,8.75,-0.00168220343548461,-0.0001330436088214672,-0.00012312018254764134,-0.00020515373533901306,0.001560749967142366,0.2468359522790033,0.24366434376893026,9.021174285395841e-05,1.8136268113864188e-06,8.839811604257198e-05
V9-PLAIN-FIT-GN-DIAGNOSTIC-ADAM500,ordered_scattered_channels,top,-1,0,s,8.75,0.00660267344670372,0.009689556365688799,-0.0010285581087378939,0.0013279322632823076,0.011320444014380045,0.2468359522790033,0.24366434376893026,0.006822880499528395,0.00014001487940183894,0.0066828656201265565
V9-PLAIN-FIT-GN-DIAGNOSTIC-ADAM500,ordered_scattered_channels,top,-1,0,p,8.75,0.0014530600390112091,-0.0005364634952486905,1.0695710033665002e-15,-1.898478834981676e-15,0.0015489275511464547,0.2468359522790033,0.24366434376893026,0.00011906431242059098,2.3563986760300565e-28,0.00011906431242059098
V9-PLAIN-FIT-GN-DIAGNOSTIC-ADAM500,ordered_scattered_channels,top,-1,1,s,8.75,-0.00028736878262585874,0.0011850128470486413,-0.00016753172947527734,-0.00027805078621216526,0.0014679632537220157,0.2468359522790033,0.24366434376893026,4.710436061318797e-05,3.338508880369034e-06,4.376585173281893e-05
V9-PLAIN-FIT-GN-DIAGNOSTIC-ADAM500,ordered_scattered_channels,top,-1,1,p,8.75,0.0010157393536664944,-0.002823559797149052,0.00012312018254903858,0.0002051537353391292,0.003157510830784821,0.2468359522790033,0.24366434376893026,0.000285261978470174,1.8136268113985115e-06,0.0002834483516587755
V9-PLAIN-FIT-GN-DIAGNOSTIC-ADAM500,ordered_scattered_channels,top,0,0,s,8.75,-0.014514848623022821,0.17960436194848461,-0.01927337511042978,0.20927155222279603,0.030046393346016616,0.2468359522790033,0.24366434376893026,0.8068274323967771,0.812256818464021,0.005429386067243858
V9-PLAIN-FIT-GN-DIAGNOSTIC-ADAM500,ordered_scattered_channels,top,0,0,p,8.75,0.011156245949471358,0.035546112750230896,1.1185579377514874e-13,-3.735624544869974e-15,0.0372557103721697,0.2468359522790033,0.24366434376893026,0.001387987955336816,1.2563444413870592e-26,0.001387987955336816
V9-PLAIN-FIT-GN-DIAGNOSTIC-ADAM500,ordered_scattered_channels,bottom,-3,-1,s,-1.25,-0.00014160671722091668,-0.0011250699454215974,-4.909306826320045e-06,0.00011217325597253238,0.0012447718350784547,0.2468359522790033,0.24366434376893026,3.8920265729880666e-05,3.815929255738811e-07,3.8538672804306784e-05
V9-PLAIN-FIT-GN-DIAGNOSTIC-ADAM500,ordered_scattered_channels,bottom,-3,-1,p,-1.25,-0.00017614933541027544,-0.002447265733110504,-1.5732873804033325e-06,7.928198517251764e-05,0.0025325718487945945,0.2468359522790033,0.24366434376893026,0.00018222042885592248,1.903314808729246e-07,0.00018203009737504956
V9-PLAIN-FIT-GN-DIAGNOSTIC-ADAM500,ordered_scattered_channels,bottom,-3,0,s,-1.25,0.0004784223253042216,0.0008058584238798174,-0.0004924362020247152,-0.0001736752134377082,0.0013791491676841247,0.2468359522790033,0.24366434376893026,4.2548970759314466e-05,1.3208823483228831e-05,2.9340147276085635e-05
V9-PLAIN-FIT-GN-DIAGNOSTIC-ADAM500,ordered_scattered_channels,bottom,-3,0,p,-1.25,-0.000663695320331908,-0.00019825175694082516,-1.3274970028758873e-16,2.3198170478591657e-16,0.0006926725325581446,0.2468359522790033,0.24366434376893026,2.324364453117245e-05,3.46080831114775e-30,2.324364453117245e-05
V9-PLAIN-FIT-GN-DIAGNOSTIC-ADAM500,ordered_scattered_channels,bottom,-3,1,s,-1.25,0.0007416936454405316,0.0015782195223560112,-4.9093068289528565e-06,0.00011217325597378981,0.0016452074712663936,0.2468359522790033,0.24366434376893026,9.204300560980414e-05,3.8159292558322023e-07,9.166141268422092e-05
V9-PLAIN-FIT-GN-DIAGNOSTIC-ADAM500,ordered_scattered_channels,bottom,-3,1,p,-1.25,-0.0022003434047808234,-0.003510810298377063,1.5732873796878703e-06,-7.928198517485518e-05,0.004077232355841825,0.2468359522790033,0.24366434376893026,0.0005196280709757558,1.903314808841085e-07,0.0005194377394948717
V9-PLAIN-FIT-GN-DIAGNOSTIC-ADAM500,ordered_scattered_channels,bottom,-2,-1,s,-1.25,-0.0001220589354681245,-8.847195570355678e-05,7.745485652971132e-07,2.471734525870588e-06,0.00015283592376249403,0.2468359522790033,0.24366434376893026,9.424760165485583e-07,2.7825122930511906e-10,9.421977653192532e-07
V9-PLAIN-FIT-GN-DIAGNOSTIC-ADAM500,ordered_scattered_channels,bottom,-2,-1,p,-1.25,-8.950060407664195e-05,0.0018049661456522859,-3.630225008417886e-05,0.00018832341315366003,0.0016175177864271328,0.2468359522790033,0.24366434376893026,0.00013544351916275704,1.5254830024257906e-06,0.00013391803616033125
V9-PLAIN-FIT-GN-DIAGNOSTIC-ADAM500,ordered_scattered_channels,bottom,-2,0,s,-1.25,-0.011143260471582012,-0.01036380490645525,-0.00018404130862069833,1.7489532595272983e-05,0.015095554275748864,0.2468359522790033,0.24366434376893026,0.013010064766267801,1.9200481909981673e-06,0.013008144718076802
V9-PLAIN-FIT-GN-DIAGNOSTIC-ADAM500,ordered_scattered_channels,bottom,-2,0,p,-1.25,0.0001848333345335641,-5.1046353465888624e-05,-1.953215047833636e-16,3.0838854490696276e-16,0.0001917526838327551,0.2468359522790033,0.24366434376893026,2.06566545745265e-06,7.486128714139298e-30,2.06566545745265e-06
V9-PLAIN-FIT-GN-DIAGNOSTIC-ADAM500,ordered_scattered_channels,bottom,-2,1,s,-1.25,0.00011897698944854008,-5.3816874965360304e-05,7.745485660026087e-07,2.4717345262717774e-06,0.00013092068052485527,0.2468359522790033,0.24366434376893026,7.071691729897097e-07,2.7825122943269296e-10,7.06890921760277e-07
V9-PLAIN-FIT-GN-DIAGNOSTIC-ADAM500,ordered_scattered_channels,bottom,-2,1,p,-1.25,-0.003517884327674107,0.002569871885962286,3.630225008296777e-05,-0.00018832341315285628,0.0044988758081958,0.2468359522790033,0.24366434376893026,0.0007871257570368264,1.5254830024097482e-06,0.0007856002740344167
V9-PLAIN-FIT-GN-DIAGNOSTIC-ADAM500,ordered_scattered_channels,bottom,-1,-1,s,-1.25,0.0005687300452797535,-4.995546099972092e-06,-0.00033718347041335536,-1.666806024013619e-05,0.0009059887115752607,0.2468359522790033,0.24366434376893026,9.796419403411972e-06,3.4515489579344382e-06,6.344870445477535e-06
V9-PLAIN-FIT-GN-DIAGNOSTIC-ADAM500,ordered_scattered_channels,bottom,-1,-1,p,-1.25,-0.0015519056846035055,0.0002003397585549695,0.00024799923661753275,8.609260274615205e-06,0.0018100879286395302,0.2468359522790033,0.24366434376893026,7.415321974282037e-05,1.8648558637476027e-06,7.228836387907277e-05
V9-PLAIN-FIT-GN-DIAGNOSTIC-ADAM500,ordered_scattered_channels,bottom,-1,0,s,-1.25,0.0035698685046154813,-0.007030325710385838,-0.0011348134234954131,-0.00088619762079417,0.007738497401046446,0.2468359522790033,0.24366434376893026,0.0030124253828346407,0.00010045454435778903,0.0029119708384768516
V9-PLAIN-FIT-GN-DIAGNOSTIC-ADAM500,ordered_scattered_channels,bottom,-1,0,p,-1.25,0.0004908513159284696,0.0010202253811246525,-4.465027736885759e-16,-2.0865938982257457e-16,0.0011321637879037276,0.2468359522790033,0.24366434376893026,6.21094749115263e-05,1.1769907587313279e-29,6.21094749115263e-05
V9-PLAIN-FIT-GN-DIAGNOSTIC-ADAM500,ordered_scattered_channels,bottom,-1,1,s,-1.25,-0.0006432145511542732,0.00017141013173228422,-0.00033718347041209747,-1.666806024128843e-05,0.00035920527373115236,0.2468359522790033,0.24366434376893026,1.3419289889416362e-05,3.4515489579099395e-06,9.967740931506422e-06
V9-PLAIN-FIT-GN-DIAGNOSTIC-ADAM500,ordered_scattered_channels,bottom,-1,1,p,-1.25,-0.001825445867267432,0.0009070942100947155,-0.00024799923661679776,-8.609260275598644e-06,0.0018239656570778068,0.2468359522790033,0.24366434376893026,0.0001258346159265156,1.8648558637369045e-06,0.0001239697600627787
V9-PLAIN-FIT-GN-DIAGNOSTIC-ADAM500,ordered_scattered_channels,bottom,0,0,s,-1.25,-0.044125498231687585,0.14591909346208332,-0.041607545586981674,0.12257388541158544,0.02348060528270113,0.2468359522790033,0.24366434376893026,0.023817769823854692,0.032331984498269135,0.008514214674414444
V9-PLAIN-FIT-GN-DIAGNOSTIC-ADAM500,ordered_scattered_channels,bottom,0,0,p,-1.25,0.004689784351698146,-0.0029602659406230284,2.6658179463359154e-15,5.966790876859179e-15,0.005545922078848194,0.2468359522790033,0.24366434376893026,4.6356258949078395e-05,5.820430999983165e-29,4.6356258949078395e-05
V9-PLAIN-FIT-GN-DIAGNOSTIC-COMMON-WALL,ordered_total_channels,top,-3,-1,s,8.75,-0.0007550284787393916,0.0011274016418830269,-9.195140170809825e-05,5.576925993858354e-05,0.001260185372124389,0.4382342339399896,0.1108446799741822,5.829877811039692e-05,3.662159813318062e-07,5.793256212906511e-05
V9-PLAIN-FIT-GN-DIAGNOSTIC-COMMON-WALL,ordered_total_channels,top,-3,-1,p,8.75,0.002296519040021172,-0.002868276502818235,6.491873565175626e-05,-4.0080513039853855e-05,0.003602600793185416,0.4382342339399896,0.1108446799741822,0.00042751144440739754,1.843193233752179e-07,0.0004273271250840223
V9-PLAIN-FIT-GN-DIAGNOSTIC-COMMON-WALL,ordered_total_channels,top,-3,0,s,8.75,0.0007661198013880649,0.003558018223950357,-0.0001921902009470994,0.00048817928501632254,0.0032159398582018383,0.4382342339399896,0.1108446799741822,0.0006572493421645875,1.365740342110789e-05,0.0006435919387434796
V9-PLAIN-FIT-GN-DIAGNOSTIC-COMMON-WALL,ordered_total_channels,top,-3,0,p,8.75,0.0004918685998666837,0.0005546813209535055,1.2553482268998042e-15,3.668039838538298e-15,0.0007413542252825119,0.4382342339399896,0.1108446799741822,2.7269849402657537e-05,7.457653301374714e-28,2.7269849402657537e-05
V9-PLAIN-FIT-GN-DIAGNOSTIC-COMMON-WALL,ordered_total_channels,top,-3,1,s,8.75,0.0012447932831543143,0.00019030833661436576,-9.195140170915746e-05,5.576925994137385e-05,0.0013434980891920776,0.4382342339399896,0.1108446799741822,5.0212295127923476e-05,3.6621598134782935e-07,4.984607914657565e-05
V9-PLAIN-FIT-GN-DIAGNOSTIC-COMMON-WALL,ordered_total_channels,top,-3,1,p,8.75,0.003223087306564239,0.0003788056162478448,-6.491873565012055e-05,4.0080513039672495e-05,0.0033054074528235584,0.4382342339399896,0.1108446799741822,0.00033349052333476277,1.843193233680326e-07,0.00033330620401139476
V9-PLAIN-FIT-GN-DIAGNOSTIC-COMMON-WALL,ordered_total_channels,top,-2,-1,s,8.75,5.655235927461039e-05,-0.0002296805731252737,2.344516502433825e-06,9.65817440460633e-07,0.0002369308922428949,0.4382342339399896,0.1108446799741822,2.3895651363492454e-06,2.745931746845648e-10,2.3892905431745606e-06
V9-PLAIN-FIT-GN-DIAGNOSTIC-COMMON-WALL,ordered_total_channels,top,-2,-1,p,8.75,0.006794667403715559,-5.3100990991095096e-05,-0.00011450210530953003,-0.00014336308972240936,0.006909759080525845,0.4382342339399896,0.1108446799741822,0.001971838537117365,1.437706929814518e-06,0.0019704008301875504
V9-PLAIN-FIT-GN-DIAGNOSTIC-COMMON-WALL,ordered_total_channels,top,-2,0,s,8.75,0.004204834629446304,0.0013668833721482009,0.00016425932553326252,-5.6207388544626634e-05,0.004283857618987968,0.4382342339399896,0.1108446799741822,0.0011201323013854943,1.7270051732052553e-06,0.0011184052962122891
V9-PLAIN-FIT-GN-DIAGNOSTIC-COMMON-WALL,ordered_total_channels,top,-2,0,p,8.75,0.0006851366742072183,8.337775153212264e-05,-1.731002669799771e-16,1.1404235647096274e-15,0.0006901913588232814,0.4382342339399896,0.1108446799741822,2.729503853701092e-05,7.623760074136061e-29,2.729503853701092e-05
V9-PLAIN-FIT-GN-DIAGNOSTIC-COMMON-WALL,ordered_total_channels,top,-2,1,s,8.75,-0.00017066621159238867,0.00012977650261395126,2.3445165013757525e-06,9.658174394089157e-07,0.00021569632507455837,0.4382342339399896,0.1108446799741822,1.9632359477541945e-06,2.745931743859139e-10,1.9629613545798088e-06
V9-PLAIN-FIT-GN-DIAGNOSTIC-COMMON-WALL,ordered_total_channels,top,-2,1,p,8.75,0.003253761592962548,0.0013826538094675813,0.0001145021053115565,0.0001433630897223461,0.0033750246841843137,0.4382342339399896,0.1108446799741822,0.0005337933107531842,1.4377069298335635e-06,0.0005323556038233507
V9-PLAIN-FIT-GN-DIAGNOSTIC-COMMON-WALL,ordered_total_channels,top,-1,-1,s,8.75,-0.0005951338643486627,-0.00010974756405676991,-0.0001675317294758279,-0.0002780507862091289,0.00045953189261973133,0.4382342339399896,0.1108446799741822,1.1602471608100398e-05,3.3385088803210597e-06,8.263962727779338e-06
V9-PLAIN-FIT-GN-DIAGNOSTIC-COMMON-WALL,ordered_total_channels,top,-1,-1,p,8.75,-0.0011933192386182718,-0.0002890865223796734,-0.00012312018254765662,-0.00020515373533905003,0.0010734853200462698,0.4382342339399896,0.1108446799741822,4.776159924655799e-05,1.8136268113864188e-06,4.594797243517158e-05
V9-PLAIN-FIT-GN-DIAGNOSTIC-COMMON-WALL,ordered_total_channels,top,-1,0,s,8.75,-0.0007632609826482108,0.010048285502314371,-0.0010285581087383054,0.0013279322632824794,0.008724387839763066,0.4382342339399896,0.1108446799741822,0.005039668037923069,0.00014001487940183894,0.00489965315852123
V9-PLAIN-FIT-GN-DIAGNOSTIC-COMMON-WALL,ordered_total_channels,top,-1,0,p,8.75,0.0014912113085483283,-0.0003640197842664707,1.0695710033665002e-15,-1.898478834981676e-15,0.0015349988827602621,0.4382342339399896,0.1108446799741822,0.00011693257844410826,2.3563986760300565e-28,0.00011693257844410826
V9-PLAIN-FIT-GN-DIAGNOSTIC-COMMON-WALL,ordered_total_channels,top,-1,1,s,8.75,-0.0006754745272023281,0.0014214757541994704,-0.0001675317294752791,-0.00027805078621218255,0.0017738084302783047,0.4382342339399896,0.1108446799741822,7.846920986430361e-05,3.338508880369034e-06,7.513070098393458e-05
V9-PLAIN-FIT-GN-DIAGNOSTIC-COMMON-WALL,ordered_total_channels,top,-1,1,p,8.75,0.001892779415711077,-0.0033944822150943138,0.00012312018254904267,0.00020515373533914856,0.004011118644115212,0.4382342339399896,0.1108446799741822,0.00047854440850138204,1.8136268113985115e-06,0.00047673078168998355
V9-PLAIN-FIT-GN-DIAGNOSTIC-COMMON-WALL,ordered_total_channels,top,0,0,s,8.75,0.028314512097735802,-0.4183464651488199,0.026785429987131376,-0.4121567714282053,0.006375766656331342,0.4382342339399896,0.1108446799741822,0.8100105484790452,0.812256818464021,0.0022462699849757906
V9-PLAIN-FIT-GN-DIAGNOSTIC-COMMON-WALL,ordered_total_channels,top,0,0,p,8.75,-0.006067838691834053,0.040168067913124716,1.1196540890151039e-13,-5.214558791588342e-15,0.04062379039756501,0.4382342339399896,0.1108446799741822,0.0016502923462631547,1.2563444413870592e-26,0.0016502923462631547
V9-PLAIN-FIT-GN-DIAGNOSTIC-COMMON-WALL,ordered_total_channels,bottom,-3,-1,s,-1.25,-0.00023056417839819197,-0.0013260142625188707,-4.909306826319978e-06,0.00011217325597253058,0.001455782765184618,0.4382342339399896,0.1108446799741822,5.483055362781177e-05,3.815929255738811e-07,5.4448960702237887e-05
V9-PLAIN-FIT-GN-DIAGNOSTIC-COMMON-WALL,ordered_total_channels,bottom,-3,-1,p,-1.25,-0.00040023763993795556,-0.0030087243979054416,-1.5732873803997091e-06,7.928198517251047e-05,0.003113634000317043,0.4382342339399896,0.1108446799741822,0.00027885177849050686,1.903314808729246e-07,0.00027866144700963393
V9-PLAIN-FIT-GN-DIAGNOSTIC-COMMON-WALL,ordered_total_channels,bottom,-3,0,s,-1.25,-0.009996265078389556,0.0007420769873044426,-0.0004924362020247129,-0.0001736752134376343,0.009547846113359295,0.4382342339399896,0.1108446799741822,0.004867552033263434,1.3208823483228831e-05,0.004854343209780206
V9-PLAIN-FIT-GN-DIAGNOSTIC-COMMON-WALL,ordered_total_channels,bottom,-3,0,p,-1.25,-0.0009360147717617162,-0.0003085245495905497,-1.3274970028758873e-16,2.3198170478591657e-16,0.0009855511405584612,0.4382342339399896,0.1108446799741822,4.7055091490381205e-05,3.46080831114775e-30,4.7055091490381205e-05
V9-PLAIN-FIT-GN-DIAGNOSTIC-COMMON-WALL,ordered_total_channels,bottom,-3,1,s,-1.25,0.0005331273576187518,0.0011468296055351158,-4.909306828951654e-06,0.00011217325597379069,0.0011661891844711894,0.4382342339399896,0.1108446799741822,4.84127054681994e-05,3.8159292558322023e-07,4.803111254261618e-05
V9-PLAIN-FIT-GN-DIAGNOSTIC-COMMON-WALL,ordered_total_channels,bottom,-3,1,p,-1.25,-0.0016593917429522716,-0.0024945679769447344,1.5732873796791848e-06,-7.9281985174855e-05,0.002931281503715641,0.4382342339399896,0.1108446799741822,0.0002717035040458186,1.903314808841085e-07,0.0002715131725649345
V9-PLAIN-FIT-GN-DIAGNOSTIC-COMMON-WALL,ordered_total_channels,bottom,-2,-1,s,-1.25,-0.000103647058789211,-7.153382145757527e-05,7.745485652971132e-07,2.4717345258705883e-06,0.00012798708684440786,0.4382342339399896,0.1108446799741822,6.577355505338374e-07,2.7825122930511906e-10,6.574572993045322e-07
V9-PLAIN-FIT-GN-DIAGNOSTIC-COMMON-WALL,ordered_total_channels,bottom,-2,-1,p,-1.25,-3.651615130050449e-05,0.0010052420630096144,-3.630225008417201e-05,0.0001883234131536643,0.000816918677859797,0.4382342339399896,0.1108446799741822,4.196310380549489e-05,1.5254830024257906e-06,4.04376208030691e-05
V9-PLAIN-FIT-GN-DIAGNOSTIC-COMMON-WALL,ordered_total_channels,bottom,-2,0,s,-1.25,-0.006459384819415472,-0.0023157807768020796,-0.00018404130862068258,1.7489532595230964e-05,0.006695079276243808,0.4382342339399896,0.1108446799741822,0.0026452908447901356,1.9200481909981673e-06,0.0026433707965991373
V9-PLAIN-FIT-GN-DIAGNOSTIC-COMMON-WALL,ordered_total_channels,bottom,-2,0,p,-1.25,0.0013688040921139872,-0.00014740816122025383,-1.953215047833636e-16,3.0838854490696276e-16,0.0013767184928600905,0.4382342339399896,0.1108446799741822,0.00010647983686729646,7.486128714139298e-30,0.00010647983686729646
V9-PLAIN-FIT-GN-DIAGNOSTIC-COMMON-WALL,ordered_total_channels,bottom,-2,1,s,-1.25,0.0001275810522273819,-4.844366100006182e-05,7.745485660026084e-07,2.4717345262717786e-06,0.00013664650333040503,0.4382342339399896,0.1108446799741822,7.72360176380637e-07,2.7825122943269296e-10,7.720819251512043e-07
V9-PLAIN-FIT-GN-DIAGNOSTIC-COMMON-WALL,ordered_total_channels,bottom,-2,1,p,-1.25,-0.0031966957182142644,0.0022904315479884965,3.630225008297548e-05,-0.00018832341315286793,0.004073880462212534,0.4382342339399896,0.1108446799741822,0.0006413599596939422,1.5254830024097482e-06,0.0006398344766915325
V9-PLAIN-FIT-GN-DIAGNOSTIC-COMMON-WALL,ordered_total_channels,bottom,-1,-1,s,-1.25,-9.576824793680334e-05,0.00031420056847492116,-0.00033718347041335526,-1.6668060240140516e-05,0.0004095794905890533,0.4382342339399896,0.1108446799741822,3.267510718640679e-06,3.4515489579344382e-06,1.8403823929375925e-07
V9-PLAIN-FIT-GN-DIAGNOSTIC-COMMON-WALL,ordered_total_channels,bottom,-1,-1,p,-1.25,0.00015534508178028083,-0.0006600203171231063,0.0002479992366175502,8.609260274623294e-06,0.0006750187435765582,0.4382342339399896,0.1108446799741822,1.3923604464132387e-05,1.8648558637476027e-06,1.2058748600384785e-05
V9-PLAIN-FIT-GN-DIAGNOSTIC-COMMON-WALL,ordered_total_channels,bottom,-1,0,s,-1.25,-0.005801180598376652,-0.00224173303054756,-0.0011348134234953988,-0.0008861976207941805,0.004859265259059697,0.4382342339399896,0.1108446799741822,0.0018741972058737267,0.00010045454435778903,0.0017737426615159375
V9-PLAIN-FIT-GN-DIAGNOSTIC-COMMON-WALL,ordered_total_channels,bottom,-1,0,p,-1.25,0.0005396942783260328,0.0008239479535310914,-4.465027736885759e-16,-2.0865938982257457e-16,0.000984967077717198,0.4382342339399896,0.1108446799741822,4.7009189872687326e-05,1.1769907587313279e-29,4.7009189872687326e-05
V9-PLAIN-FIT-GN-DIAGNOSTIC-COMMON-WALL,ordered_total_channels,bottom,-1,1,s,-1.25,-0.0006293174420303838,-0.0003487326845050387,-0.00033718347041209904,-1.6668060241286416e-05,0.0004422772570016457,0.4382342339399896,0.1108446799741822,1.567696080867965e-05,3.4515489579099395e-06,1.2225411850769711e-05
V9-PLAIN-FIT-GN-DIAGNOSTIC-COMMON-WALL,ordered_total_channels,bottom,-1,1,p,-1.25,-0.0018469508220670832,-0.0004038667767838,-0.000247999236616804,-8.609260275602887e-06,0.0016470806528431417,0.4382342339399896,0.1108446799741822,0.00010824724704063877,1.8648558637369045e-06,0.00010638239117690186
V9-PLAIN-FIT-GN-DIAGNOSTIC-COMMON-WALL,ordered_total_channels,bottom,0,0,s,-1.25,0.07505615581479852,-0.11131739768558932,0.07718950242782177,-0.12447475436113979,0.013329186113898715,0.4382342339399896,0.1108446799741822,0.027166636710775693,0.032331984498269135,0.005165347787493443
V9-PLAIN-FIT-GN-DIAGNOSTIC-COMMON-WALL,ordered_total_channels,bottom,0,0,p,-1.25,0.008341034853911983,-0.0002845212446277219,2.4167599005431038e-15,5.725178855579965e-15,0.008345886098718456,0.4382342339399896,0.1108446799741822,0.00010497980461343847,5.820430999983165e-29,0.00010497980461343847
V9-PLAIN-FIT-GN-DIAGNOSTIC-COMMON-WALL,ordered_outgoing_channels,top,-3,-1,s,8.75,-0.0007550284787393916,0.0011274016418830269,-9.195140170809825e-05,5.576925993858354e-05,0.001260185372124389,0.9130801710515086,0.053200074818040025,5.829877811039692e-05,3.662159813318062e-07,5.793256212906511e-05
V9-PLAIN-FIT-GN-DIAGNOSTIC-COMMON-WALL,ordered_outgoing_channels,top,-3,-1,p,8.75,0.002296519040021172,-0.002868276502818235,6.491873565175626e-05,-4.0080513039853855e-05,0.003602600793185416,0.9130801710515086,0.053200074818040025,0.00042751144440739754,1.843193233752179e-07,0.0004273271250840223
V9-PLAIN-FIT-GN-DIAGNOSTIC-COMMON-WALL,ordered_outgoing_channels,top,-3,0,s,8.75,0.0007661198013880649,0.003558018223950357,-0.0001921902009470994,0.00048817928501632254,0.0032159398582018383,0.9130801710515086,0.053200074818040025,0.0006572493421645875,1.365740342110789e-05,0.0006435919387434796
V9-PLAIN-FIT-GN-DIAGNOSTIC-COMMON-WALL,ordered_outgoing_channels,top,-3,0,p,8.75,0.0004918685998666837,0.0005546813209535055,1.2553482268998042e-15,3.668039838538298e-15,0.0007413542252825119,0.9130801710515086,0.053200074818040025,2.7269849402657537e-05,7.457653301374714e-28,2.7269849402657537e-05
V9-PLAIN-FIT-GN-DIAGNOSTIC-COMMON-WALL,ordered_outgoing_channels,top,-3,1,s,8.75,0.0012447932831543143,0.00019030833661436576,-9.195140170915746e-05,5.576925994137385e-05,0.0013434980891920776,0.9130801710515086,0.053200074818040025,5.0212295127923476e-05,3.6621598134782935e-07,4.984607914657565e-05
V9-PLAIN-FIT-GN-DIAGNOSTIC-COMMON-WALL,ordered_outgoing_channels,top,-3,1,p,8.75,0.003223087306564239,0.0003788056162478448,-6.491873565012055e-05,4.0080513039672495e-05,0.0033054074528235584,0.9130801710515086,0.053200074818040025,0.00033349052333476277,1.843193233680326e-07,0.00033330620401139476
V9-PLAIN-FIT-GN-DIAGNOSTIC-COMMON-WALL,ordered_outgoing_channels,top,-2,-1,s,8.75,5.655235927461039e-05,-0.0002296805731252737,2.344516502433825e-06,9.65817440460633e-07,0.0002369308922428949,0.9130801710515086,0.053200074818040025,2.3895651363492454e-06,2.745931746845648e-10,2.3892905431745606e-06
V9-PLAIN-FIT-GN-DIAGNOSTIC-COMMON-WALL,ordered_outgoing_channels,top,-2,-1,p,8.75,0.006794667403715559,-5.3100990991095096e-05,-0.00011450210530953003,-0.00014336308972240936,0.006909759080525845,0.9130801710515086,0.053200074818040025,0.001971838537117365,1.437706929814518e-06,0.0019704008301875504
V9-PLAIN-FIT-GN-DIAGNOSTIC-COMMON-WALL,ordered_outgoing_channels,top,-2,0,s,8.75,0.004204834629446304,0.0013668833721482009,0.00016425932553326252,-5.6207388544626634e-05,0.004283857618987968,0.9130801710515086,0.053200074818040025,0.0011201323013854943,1.7270051732052553e-06,0.0011184052962122891
V9-PLAIN-FIT-GN-DIAGNOSTIC-COMMON-WALL,ordered_outgoing_channels,top,-2,0,p,8.75,0.0006851366742072183,8.337775153212264e-05,-1.731002669799771e-16,1.1404235647096274e-15,0.0006901913588232814,0.9130801710515086,0.053200074818040025,2.729503853701092e-05,7.623760074136061e-29,2.729503853701092e-05
V9-PLAIN-FIT-GN-DIAGNOSTIC-COMMON-WALL,ordered_outgoing_channels,top,-2,1,s,8.75,-0.00017066621159238867,0.00012977650261395126,2.3445165013757525e-06,9.658174394089157e-07,0.00021569632507455837,0.9130801710515086,0.053200074818040025,1.9632359477541945e-06,2.745931743859139e-10,1.9629613545798088e-06
V9-PLAIN-FIT-GN-DIAGNOSTIC-COMMON-WALL,ordered_outgoing_channels,top,-2,1,p,8.75,0.003253761592962548,0.0013826538094675813,0.0001145021053115565,0.0001433630897223461,0.0033750246841843137,0.9130801710515086,0.053200074818040025,0.0005337933107531842,1.4377069298335635e-06,0.0005323556038233507
V9-PLAIN-FIT-GN-DIAGNOSTIC-COMMON-WALL,ordered_outgoing_channels,top,-1,-1,s,8.75,-0.0005951338643486627,-0.00010974756405676991,-0.0001675317294758279,-0.0002780507862091289,0.00045953189261973133,0.9130801710515086,0.053200074818040025,1.1602471608100398e-05,3.3385088803210597e-06,8.263962727779338e-06
V9-PLAIN-FIT-GN-DIAGNOSTIC-COMMON-WALL,ordered_outgoing_channels,top,-1,-1,p,8.75,-0.0011933192386182718,-0.0002890865223796734,-0.00012312018254765662,-0.00020515373533905003,0.0010734853200462698,0.9130801710515086,0.053200074818040025,4.776159924655799e-05,1.8136268113864188e-06,4.594797243517158e-05
V9-PLAIN-FIT-GN-DIAGNOSTIC-COMMON-WALL,ordered_outgoing_channels,top,-1,0,s,8.75,-0.0007632609826482108,0.010048285502314371,-0.0010285581087383054,0.0013279322632824794,0.008724387839763066,0.9130801710515086,0.053200074818040025,0.005039668037923069,0.00014001487940183894,0.00489965315852123
V9-PLAIN-FIT-GN-DIAGNOSTIC-COMMON-WALL,ordered_outgoing_channels,top,-1,0,p,8.75,0.0014912113085483283,-0.0003640197842664707,1.0695710033665002e-15,-1.898478834981676e-15,0.0015349988827602621,0.9130801710515086,0.053200074818040025,0.00011693257844410826,2.3563986760300565e-28,0.00011693257844410826
V9-PLAIN-FIT-GN-DIAGNOSTIC-COMMON-WALL,ordered_outgoing_channels,top,-1,1,s,8.75,-0.0006754745272023281,0.0014214757541994704,-0.0001675317294752791,-0.00027805078621218255,0.0017738084302783047,0.9130801710515086,0.053200074818040025,7.846920986430361e-05,3.338508880369034e-06,7.513070098393458e-05
V9-PLAIN-FIT-GN-DIAGNOSTIC-COMMON-WALL,ordered_outgoing_channels,top,-1,1,p,8.75,0.001892779415711077,-0.0033944822150943138,0.00012312018254904267,0.00020515373533914856,0.004011118644115212,0.9130801710515086,0.053200074818040025,0.00047854440850138204,1.8136268113985115e-06,0.00047673078168998355
V9-PLAIN-FIT-GN-DIAGNOSTIC-COMMON-WALL,ordered_outgoing_channels,top,0,0,s,8.75,-0.8989344996766448,-0.04390118187844039,-0.9004635817872493,-0.03771148815782577,0.006375766656331342,0.9130801710515086,0.053200074818040025,0.8100105484790452,0.812256818464021,0.0022462699849757906
V9-PLAIN-FIT-GN-DIAGNOSTIC-COMMON-WALL,ordered_outgoing_channels,top,0,0,p,8.75,-0.006067838691834053,0.040168067913124716,1.1196540890151039e-13,-5.214558791588342e-15,0.04062379039756501,0.9130801710515086,0.053200074818040025,0.0016502923462631547,1.2563444413870592e-26,0.0016502923462631547
V9-PLAIN-FIT-GN-DIAGNOSTIC-COMMON-WALL,ordered_outgoing_channels,bottom,-3,-1,s,-1.25,-0.00023056417839819197,-0.0013260142625188707,-4.909306826319978e-06,0.00011217325597253058,0.001455782765184618,0.9130801710515086,0.053200074818040025,5.483055362781177e-05,3.815929255738811e-07,5.4448960702237887e-05
V9-PLAIN-FIT-GN-DIAGNOSTIC-COMMON-WALL,ordered_outgoing_channels,bottom,-3,-1,p,-1.25,-0.00040023763993795556,-0.0030087243979054416,-1.5732873803997091e-06,7.928198517251047e-05,0.003113634000317043,0.9130801710515086,0.053200074818040025,0.00027885177849050686,1.903314808729246e-07,0.00027866144700963393
V9-PLAIN-FIT-GN-DIAGNOSTIC-COMMON-WALL,ordered_outgoing_channels,bottom,-3,0,s,-1.25,-0.009996265078389556,0.0007420769873044426,-0.0004924362020247129,-0.0001736752134376343,0.009547846113359295,0.9130801710515086,0.053200074818040025,0.004867552033263434,1.3208823483228831e-05,0.004854343209780206
V9-PLAIN-FIT-GN-DIAGNOSTIC-COMMON-WALL,ordered_outgoing_channels,bottom,-3,0,p,-1.25,-0.0009360147717617162,-0.0003085245495905497,-1.3274970028758873e-16,2.3198170478591657e-16,0.0009855511405584612,0.9130801710515086,0.053200074818040025,4.7055091490381205e-05,3.46080831114775e-30,4.7055091490381205e-05
V9-PLAIN-FIT-GN-DIAGNOSTIC-COMMON-WALL,ordered_outgoing_channels,bottom,-3,1,s,-1.25,0.0005331273576187518,0.0011468296055351158,-4.909306828951654e-06,0.00011217325597379069,0.0011661891844711894,0.9130801710515086,0.053200074818040025,4.84127054681994e-05,3.8159292558322023e-07,4.803111254261618e-05
V9-PLAIN-FIT-GN-DIAGNOSTIC-COMMON-WALL,ordered_outgoing_channels,bottom,-3,1,p,-1.25,-0.0016593917429522716,-0.0024945679769447344,1.5732873796791848e-06,-7.9281985174855e-05,0.002931281503715641,0.9130801710515086,0.053200074818040025,0.0002717035040458186,1.903314808841085e-07,0.0002715131725649345
V9-PLAIN-FIT-GN-DIAGNOSTIC-COMMON-WALL,ordered_outgoing_channels,bottom,-2,-1,s,-1.25,-0.000103647058789211,-7.153382145757527e-05,7.745485652971132e-07,2.4717345258705883e-06,0.00012798708684440786,0.9130801710515086,0.053200074818040025,6.577355505338374e-07,2.7825122930511906e-10,6.574572993045322e-07
V9-PLAIN-FIT-GN-DIAGNOSTIC-COMMON-WALL,ordered_outgoing_channels,bottom,-2,-1,p,-1.25,-3.651615130050449e-05,0.0010052420630096144,-3.630225008417201e-05,0.0001883234131536643,0.000816918677859797,0.9130801710515086,0.053200074818040025,4.196310380549489e-05,1.5254830024257906e-06,4.04376208030691e-05
V9-PLAIN-FIT-GN-DIAGNOSTIC-COMMON-WALL,ordered_outgoing_channels,bottom,-2,0,s,-1.25,-0.006459384819415472,-0.0023157807768020796,-0.00018404130862068258,1.7489532595230964e-05,0.006695079276243808,0.9130801710515086,0.053200074818040025,0.0026452908447901356,1.9200481909981673e-06,0.0026433707965991373
V9-PLAIN-FIT-GN-DIAGNOSTIC-COMMON-WALL,ordered_outgoing_channels,bottom,-2,0,p,-1.25,0.0013688040921139872,-0.00014740816122025383,-1.953215047833636e-16,3.0838854490696276e-16,0.0013767184928600905,0.9130801710515086,0.053200074818040025,0.00010647983686729646,7.486128714139298e-30,0.00010647983686729646
V9-PLAIN-FIT-GN-DIAGNOSTIC-COMMON-WALL,ordered_outgoing_channels,bottom,-2,1,s,-1.25,0.0001275810522273819,-4.844366100006182e-05,7.745485660026084e-07,2.4717345262717786e-06,0.00013664650333040503,0.9130801710515086,0.053200074818040025,7.72360176380637e-07,2.7825122943269296e-10,7.720819251512043e-07
V9-PLAIN-FIT-GN-DIAGNOSTIC-COMMON-WALL,ordered_outgoing_channels,bottom,-2,1,p,-1.25,-0.0031966957182142644,0.0022904315479884965,3.630225008297548e-05,-0.00018832341315286793,0.004073880462212534,0.9130801710515086,0.053200074818040025,0.0006413599596939422,1.5254830024097482e-06,0.0006398344766915325
V9-PLAIN-FIT-GN-DIAGNOSTIC-COMMON-WALL,ordered_outgoing_channels,bottom,-1,-1,s,-1.25,-9.576824793680334e-05,0.00031420056847492116,-0.00033718347041335526,-1.6668060240140516e-05,0.0004095794905890533,0.9130801710515086,0.053200074818040025,3.267510718640679e-06,3.4515489579344382e-06,1.8403823929375925e-07
V9-PLAIN-FIT-GN-DIAGNOSTIC-COMMON-WALL,ordered_outgoing_channels,bottom,-1,-1,p,-1.25,0.00015534508178028083,-0.0006600203171231063,0.0002479992366175502,8.609260274623294e-06,0.0006750187435765582,0.9130801710515086,0.053200074818040025,1.3923604464132387e-05,1.8648558637476027e-06,1.2058748600384785e-05
V9-PLAIN-FIT-GN-DIAGNOSTIC-COMMON-WALL,ordered_outgoing_channels,bottom,-1,0,s,-1.25,-0.005801180598376652,-0.00224173303054756,-0.0011348134234953988,-0.0008861976207941805,0.004859265259059697,0.9130801710515086,0.053200074818040025,0.0018741972058737267,0.00010045454435778903,0.0017737426615159375
V9-PLAIN-FIT-GN-DIAGNOSTIC-COMMON-WALL,ordered_outgoing_channels,bottom,-1,0,p,-1.25,0.0005396942783260328,0.0008239479535310914,-4.465027736885759e-16,-2.0865938982257457e-16,0.000984967077717198,0.9130801710515086,0.053200074818040025,4.7009189872687326e-05,1.1769907587313279e-29,4.7009189872687326e-05
V9-PLAIN-FIT-GN-DIAGNOSTIC-COMMON-WALL,ordered_outgoing_channels,bottom,-1,1,s,-1.25,-0.0006293174420303838,-0.0003487326845050387,-0.00033718347041209904,-1.6668060241286416e-05,0.0004422772570016457,0.9130801710515086,0.053200074818040025,1.567696080867965e-05,3.4515489579099395e-06,1.2225411850769711e-05
V9-PLAIN-FIT-GN-DIAGNOSTIC-COMMON-WALL,ordered_outgoing_channels,bottom,-1,1,p,-1.25,-0.0018469508220670832,-0.0004038667767838,-0.000247999236616804,-8.609260275602887e-06,0.0016470806528431417,0.9130801710515086,0.053200074818040025,0.00010824724704063877,1.8648558637369045e-06,0.00010638239117690186
V9-PLAIN-FIT-GN-DIAGNOSTIC-COMMON-WALL,ordered_outgoing_channels,bottom,0,0,s,-1.25,0.07505615581479852,-0.11131739768558932,0.07718950242782177,-0.12447475436113979,0.013329186113898715,0.9130801710515086,0.053200074818040025,0.027166636710775693,0.032331984498269135,0.005165347787493443
V9-PLAIN-FIT-GN-DIAGNOSTIC-COMMON-WALL,ordered_outgoing_channels,bottom,0,0,p,-1.25,0.008341034853911983,-0.0002845212446277219,2.4167599005431038e-15,5.725178855579965e-15,0.008345886098718456,0.9130801710515086,0.053200074818040025,0.00010497980461343847,5.820430999983165e-29,0.00010497980461343847
V9-PLAIN-FIT-GN-DIAGNOSTIC-COMMON-WALL,ordered_boundary_outgoing_channels,top,-3,-1,s,8.75,-0.0005076185743728513,0.001258342500585488,-7.855082196187339e-05,7.345092919286605e-05,0.0012601853721243893,0.9095181214967073,0.05251530304147781,5.829877811039692e-05,3.662159813318062e-07,5.793256212906511e-05
V9-PLAIN-FIT-GN-DIAGNOSTIC-COMMON-WALL,ordered_boundary_outgoing_channels,top,-3,-1,p,8.75,0.001659078584788615,-0.003278485633229887,5.531274235513715e-05,-5.254893240889601e-05,0.0036026007931854154,0.9095181214967073,0.05251530304147781,0.00042751144440739754,1.843193233752179e-07,0.0004273271250840223
V9-PLAIN-FIT-GN-DIAGNOSTIC-COMMON-WALL,ordered_boundary_outgoing_channels,top,-3,0,s,8.75,-0.00041901035162886246,-0.0036153649272610915,0.0002384264874377627,-0.00046734237743567054,0.0032159398582018383,0.9095181214967073,0.05251530304147781,0.0006572493421645875,1.365740342110789e-05,0.0006435919387434796
V9-PLAIN-FIT-GN-DIAGNOSTIC-COMMON-WALL,ordered_boundary_outgoing_channels,top,-3,0,p,8.75,-0.00043601558080945423,-0.0005995802703899887,-8.953304260694988e-16,-3.7721080122444466e-15,0.0007413542252825119,0.9095181214967073,0.05251530304147781,2.7269849402657537e-05,7.457653301374714e-28,2.7269849402657537e-05
V9-PLAIN-FIT-GN-DIAGNOSTIC-COMMON-WALL,ordered_boundary_outgoing_channels,top,-3,1,s,8.75,0.0012573554230366345,-6.91731228974792e-05,-7.855082196233748e-05,7.345092919581435e-05,0.0013434980891920778,0.9095181214967073,0.05251530304147781,5.0212295127923476e-05,3.6621598134782935e-07,4.984607914657565e-05
V9-PLAIN-FIT-GN-DIAGNOSTIC-COMMON-WALL,ordered_boundary_outgoing_channels,top,-3,1,p,8.75,0.0032322310917197216,-0.00029063318867047437,-5.5312742353573465e-05,5.2548932408382856e-05,0.0033054074528235584,0.9095181214967073,0.05251530304147781,0.00033349052333476277,1.843193233680326e-07,0.00033330620401139476
V9-PLAIN-FIT-GN-DIAGNOSTIC-COMMON-WALL,ordered_boundary_outgoing_channels,top,-2,-1,s,8.75,0.00019746023261338658,0.00013023360375473785,-1.6954805776036832e-06,1.8854459868824524e-06,0.0002369308922428949,0.9095181214967073,0.05251530304147781,2.3895651363492454e-06,2.745931746845648e-10,2.3892905431745606e-06
V9-PLAIN-FIT-GN-DIAGNOSTIC-COMMON-WALL,ordered_boundary_outgoing_channels,top,-2,-1,p,8.75,-0.0022263744279919524,0.006419780506274532,0.00017343931198744156,-5.9854094867379096e-05,0.006909759080525846,0.9095181214967073,0.05251530304147781,0.001971838537117365,1.437706929814518e-06,0.0019704008301875504
V9-PLAIN-FIT-GN-DIAGNOSTIC-COMMON-WALL,ordered_boundary_outgoing_channels,top,-2,0,s,8.75,0.0013668828359019271,-0.00420483480376611,-5.6207409492762594e-05,-0.00016425931836508344,0.004283857618987968,0.9095181214967073,0.05251530304147781,0.0011201323013854943,1.7270051732052553e-06,0.0011184052962122891
V9-PLAIN-FIT-GN-DIAGNOSTIC-COMMON-WALL,ordered_boundary_outgoing_channels,top,-2,0,p,8.75,8.337766415603864e-05,-0.0006851366848404508,1.1404235867852477e-15,1.7310012154075433e-16,0.0006901913588232812,0.9095181214967073,0.05251530304147781,2.729503853701092e-05,7.623760074136061e-29,2.729503853701092e-05
V9-PLAIN-FIT-GN-DIAGNOSTIC-COMMON-WALL,ordered_boundary_outgoing_channels,top,-2,1,s,8.75,-6.509843313618175e-05,-0.00020428188958696497,-1.6954805762582626e-06,1.885445986237883e-06,0.00021569632507455834,0.9095181214967073,0.05251530304147781,1.9632359477541945e-06,2.745931743859139e-10,1.9629613545798088e-06
V9-PLAIN-FIT-GN-DIAGNOSTIC-COMMON-WALL,ordered_boundary_outgoing_channels,top,-2,1,p,8.75,-0.0023928500860545244,0.00260249198391508,-0.00017343931198806085,5.9854094869309646e-05,0.003375024684184314,0.9095181214967073,0.05251530304147781,0.0005337933107531842,1.4377069298335635e-06,0.0005323556038233507
V9-PLAIN-FIT-GN-DIAGNOSTIC-COMMON-WALL,ordered_boundary_outgoing_channels,top,-1,-1,s,8.75,-0.0006050314384994746,1.2876441209580828e-05,-0.00022030138827274493,-0.0002384248695454775,0.0004595318926197314,0.9095181214967073,0.05251530304147781,1.1602471608100398e-05,3.3385088803210597e-06,8.263962727779338e-06
V9-PLAIN-FIT-GN-DIAGNOSTIC-COMMON-WALL,ordered_boundary_outgoing_channels,top,-1,-1,p,8.75,-0.001227125081931332,-4.178344137439e-05,-0.00016206524324860404,-0.0001760155998907599,0.00107348532004627,0.9095181214967073,0.05251530304147781,4.776159924655799e-05,1.8136268113864188e-06,4.594797243517158e-05
V9-PLAIN-FIT-GN-DIAGNOSTIC-COMMON-WALL,ordered_boundary_outgoing_channels,top,-1,0,s,8.75,0.0017490613039252059,-0.009924283017869137,0.0011543275989399616,-0.0012201900152203147,0.008724387839763068,0.9095181214967073,0.05251530304147781,0.005039668037923069,0.00014001487940183894,0.00489965315852123
V9-PLAIN-FIT-GN-DIAGNOSTIC-COMMON-WALL,ordered_boundary_outgoing_channels,top,-1,0,p,8.75,-0.0015198102748769206,0.00021540264264480291,-1.2513260214317444e-15,1.783924663825131e-15,0.0015349988827602623,0.9095181214967073,0.05251530304147781,0.00011693257844410826,2.3563986760300565e-28,0.00011693257844410826
V9-PLAIN-FIT-GN-DIAGNOSTIC-COMMON-WALL,ordered_boundary_outgoing_channels,top,-1,1,s,8.75,-0.0003740465874995819,0.0015287080516096197,-0.00022030138827282503,-0.00023842486954857905,0.001773808430278305,0.9095181214967073,0.05251530304147781,7.846920986430361e-05,3.338508880369034e-06,7.513070098393458e-05
V9-PLAIN-FIT-GN-DIAGNOSTIC-COMMON-WALL,ordered_boundary_outgoing_channels,top,-1,1,p,8.75,0.001167189543302753,-0.0037071271889612682,0.00016206524324998136,0.0001760155998905761,0.004011118644115212,0.9095181214967073,0.05251530304147781,0.00047854440850138204,1.8136268113985115e-06,0.00047673078168998355
V9-PLAIN-FIT-GN-DIAGNOSTIC-COMMON-WALL,ordered_boundary_outgoing_channels,top,0,0,s,8.75,-0.8740604662380842,-0.21454335188694754,-0.8767420008873494,-0.208758909616445,0.006375766656331347,0.9095181214967073,0.05251530304147781,0.8100105484790452,0.812256818464021,0.0022462699849757906
V9-PLAIN-FIT-GN-DIAGNOSTIC-COMMON-WALL,ordered_boundary_outgoing_channels,top,0,0,p,8.75,-0.013617454877024095,0.038273453841216505,1.109046864019619e-13,1.6235607409513206e-14,0.040623790397565016,0.9095181214967073,0.05251530304147781,0.0016502923462631547,1.2563444413870592e-26,0.0016502923462631547
V9-PLAIN-FIT-GN-DIAGNOSTIC-COMMON-WALL,ordered_boundary_outgoing_channels,bottom,-3,-1,s,-1.25,0.0008344200431080395,-0.0010345615506698015,-8.648303367237041e-05,6.939127777564956e-05,0.0014376280201277162,0.9095181214967073,0.05251530304147781,5.483055362781177e-05,3.815929255738811e-07,5.4448960702237887e-05
V9-PLAIN-FIT-GN-DIAGNOSTIC-COMMON-WALL,ordered_boundary_outgoing_channels,bottom,-3,-1,p,-1.25,0.001973326309016419,-0.002256158634804371,-5.9889780695573525e-05,5.0452604324837186e-05,0.0030748045589827173,0.9095181214967073,0.05251530304147781,0.00027885177849050686,1.903314808729246e-07,0.00027866144700963393
V9-PLAIN-FIT-GN-DIAGNOSTIC-COMMON-WALL,ordered_boundary_outgoing_channels,bottom,-3,0,s,-1.25,-0.0028973377123479023,-0.009513340943953811,6.074845422874771e-05,-0.0005144750722767751,0.009472584691905681,0.9095181214967073,0.05251530304147781,0.004867552033263434,1.3208823483228831e-05,0.004854343209780206
V9-PLAIN-FIT-GN-DIAGNOSTIC-COMMON-WALL,ordered_boundary_outgoing_channels,bottom,-3,0,p,-1.25,9.456897380107887e-05,-0.0009731984825933277,-2.5346697492730613e-16,-7.791468315616378e-17,0.0009777824795564917,0.9095181214967073,0.05251530304147781,4.7055091490381205e-05,3.46080831114775e-30,4.7055091490381205e-05
V9-PLAIN-FIT-GN-DIAGNOSTIC-COMMON-WALL,ordered_boundary_outgoing_channels,bottom,-3,1,s,-1.25,-0.000504378943319265,0.0011425414446426024,-8.648303367501951e-05,6.939127777451605e-05,0.0011516458969433238,0.9095181214967073,0.05251530304147781,4.84127054681994e-05,3.8159292558322023e-07,4.803111254261618e-05
V9-PLAIN-FIT-GN-DIAGNOSTIC-COMMON-WALL,ordered_boundary_outgoing_channels,bottom,-3,1,p,-1.25,0.0007717356130230536,-0.002856288475671918,5.9889780696845165e-05,-5.0452604326898695e-05,0.0028947261400565434,0.9095181214967073,0.05251530304147781,0.0002717035040458186,1.903314808841085e-07,0.0002715131725649345
V9-PLAIN-FIT-GN-DIAGNOSTIC-COMMON-WALL,ordered_boundary_outgoing_channels,bottom,-2,-1,s,-1.25,2.3734500536293535e-05,-0.00012250179720406807,-1.935589521620524e-06,1.6853186586884327e-06,0.00012681243341995739,0.9095181214967073,0.05251530304147781,6.577355505338374e-07,2.7825122930511906e-10,6.574572993045322e-07
V9-PLAIN-FIT-GN-DIAGNOSTIC-COMMON-WALL,ordered_boundary_outgoing_channels,bottom,-2,-1,p,-1.25,-0.0009268963102843571,0.0003663608323116756,-0.0001853545253180435,4.1894719858193056e-05,0.000809421075202334,0.9095181214967073,0.05251530304147781,4.196310380549489e-05,1.5254830024257906e-06,4.04376208030691e-05
V9-PLAIN-FIT-GN-DIAGNOSTIC-COMMON-WALL,ordered_boundary_outgoing_channels,bottom,-2,0,s,-1.25,0.0022391145504230144,-0.006436862554710953,-1.910128656019509e-05,-0.00018261418318362527,0.006649448207118693,0.9095181214967073,0.05251530304147781,0.0026452908447901356,1.9200481909981673e-06,0.0026433707965991373
V9-PLAIN-FIT-GN-DIAGNOSTIC-COMMON-WALL,ordered_boundary_outgoing_channels,bottom,-2,0,p,-1.25,0.00015927666636938502,0.0013580268039403607,-3.081108181661143e-16,-1.9107978283180129e-16,0.0013673353124493027,0.9095181214967073,0.05251530304147781,0.00010647983686729646,7.486128714139298e-30,0.00010647983686729646
V9-PLAIN-FIT-GN-DIAGNOSTIC-COMMON-WALL,ordered_boundary_outgoing_channels,bottom,-2,1,s,-1.25,9.467206759407455e-05,9.654340047490016e-05,-1.9355895217042767e-06,1.6853186594882002e-06,0.00013539237459731358,0.9095181214967073,0.05251530304147781,7.72360176380637e-07,2.7825122943269296e-10,7.720819251512043e-07
V9-PLAIN-FIT-GN-DIAGNOSTIC-COMMON-WALL,ordered_boundary_outgoing_channels,bottom,-2,1,p,-1.25,-0.0033492882536466963,-0.001991140258724242,0.00018535452531684516,-4.189471985896257e-05,0.004036490771160675,0.9095181214967073,0.05251530304147781,0.0006413599596939422,1.5254830024097482e-06,0.0006398344766915325
V9-PLAIN-FIT-GN-DIAGNOSTIC-COMMON-WALL,ordered_boundary_outgoing_channels,bottom,-1,-1,s,-1.25,-0.0002957039270993601,0.00013334113301936688,-0.00020705147255067278,-0.00026129824663100645,0.00040447434735510555,0.9095181214967073,0.05251530304147781,3.267510718640679e-06,3.4515489579344382e-06,1.8403823929375925e-07
V9-PLAIN-FIT-GN-DIAGNOSTIC-COMMON-WALL,ordered_boundary_outgoing_channels,bottom,-1,-1,p,-1.25,0.0005913411216925859,-0.00031414140909919396,0.00015499807170421564,0.00018981004150854804,0.0006666050718699947,0.9095181214967073,0.05251530304147781,1.3923604464132387e-05,1.8648558637476027e-06,1.2058748600384785e-05
V9-PLAIN-FIT-GN-DIAGNOSTIC-COMMON-WALL,ordered_boundary_outgoing_channels,bottom,-1,0,s,-1.25,0.0009068035873683078,-0.0061032383651743,0.0006107069086373302,-0.0012913701554319347,0.0048209697065097505,0.9095181214967073,0.05251530304147781,0.0018741972058737267,0.00010045454435778903,0.0017737426615159375
V9-PLAIN-FIT-GN-DIAGNOSTIC-COMMON-WALL,ordered_boundary_outgoing_channels,bottom,-1,0,p,-1.25,-0.000680024094991196,0.0007017806584623379,1.0475495179447351e-16,-4.776152653530708e-16,0.0009772046164244418,0.9095181214967073,0.05251530304147781,4.7009189872687326e-05,1.1769907587313279e-29,4.7009189872687326e-05
V9-PLAIN-FIT-GN-DIAGNOSTIC-COMMON-WALL,ordered_boundary_outgoing_channels,bottom,-1,1,s,-1.25,-0.00015051738302343236,-0.0006943885088308593,-0.00020705147254900414,-0.0002612982466308191,0.0004367645572742652,0.9095181214967073,0.05251530304147781,1.567696080867965e-05,3.4515489579099395e-06,1.2225411850769711e-05
V9-PLAIN-FIT-GN-DIAGNOSTIC-COMMON-WALL,ordered_boundary_outgoing_channels,bottom,-1,1,p,-1.25,-0.0009019759958978349,-0.0016346947000596115,-0.0001549980717030024,-0.00018981004150863128,0.001626550858642423,0.9095181214967073,0.05251530304147781,0.00010824724704063877,1.8648558637369045e-06,0.00010638239117690186
V9-PLAIN-FIT-GN-DIAGNOSTIC-COMMON-WALL,ordered_boundary_outgoing_channels,bottom,0,0,s,-1.25,0.06807275036458191,-0.08908498673292786,0.07050175899447489,-0.09994772920440079,0.011131004308939796,0.9095181214967073,0.05251530304147781,0.027166636710775693,0.032331984498269135,0.005165347787493443
V9-PLAIN-FIT-GN-DIAGNOSTIC-COMMON-WALL,ordered_boundary_outgoing_channels,bottom,0,0,p,-1.25,0.006967320739894285,0.00017526731158101506,1.7315585978917311e-15,4.892126973773713e-15,0.006969524870681218,0.9095181214967073,0.05251530304147781,0.00010497980461343847,5.820430999983165e-29,0.00010497980461343847
V9-PLAIN-FIT-GN-DIAGNOSTIC-COMMON-WALL,ordered_scattered_channels,top,-3,-1,s,8.75,-0.0007550284787393963,0.0011274016418830225,-9.195140170810291e-05,5.5769259938579254e-05,0.0012601853721243888,0.2468359522790033,0.19679440116528388,5.829877811039692e-05,3.662159813318062e-07,5.793256212906511e-05
V9-PLAIN-FIT-GN-DIAGNOSTIC-COMMON-WALL,ordered_scattered_channels,top,-3,-1,p,8.75,0.00229651904002116,-0.002868276502818237,6.49187356517443e-05,-4.008051303985588e-05,0.003602600793185416,0.2468359522790033,0.19679440116528388,0.00042751144440739754,1.843193233752179e-07,0.0004273271250840223
V9-PLAIN-FIT-GN-DIAGNOSTIC-COMMON-WALL,ordered_scattered_channels,top,-3,0,s,8.75,0.0007661198013879144,0.003558018223950422,-0.00019219020094724982,0.00048817928501638765,0.0032159398582018383,0.2468359522790033,0.19679440116528388,0.0006572493421645875,1.365740342110789e-05,0.0006435919387434796
V9-PLAIN-FIT-GN-DIAGNOSTIC-COMMON-WALL,ordered_scattered_channels,top,-3,0,p,8.75,0.0004918685998666837,0.0005546813209535055,1.2553482268998042e-15,3.668039838538298e-15,0.0007413542252825119,0.2468359522790033,0.19679440116528388,2.7269849402657537e-05,7.457653301374714e-28,2.7269849402657537e-05
V9-PLAIN-FIT-GN-DIAGNOSTIC-COMMON-WALL,ordered_scattered_channels,top,-3,1,s,8.75,0.0012447932831543245,0.0001903083366143688,-9.195140170914724e-05,5.5769259941376876e-05,0.0013434980891920776,0.2468359522790033,0.19679440116528388,5.0212295127923476e-05,3.6621598134782935e-07,4.984607914657565e-05
V9-PLAIN-FIT-GN-DIAGNOSTIC-COMMON-WALL,ordered_scattered_channels,top,-3,1,p,8.75,0.0032230873065642526,0.0003788056162478596,-6.491873565010715e-05,4.00805130396873e-05,0.0033054074528235584,0.2468359522790033,0.19679440116528388,0.00033349052333476277,1.843193233680326e-07,0.00033330620401139476
V9-PLAIN-FIT-GN-DIAGNOSTIC-COMMON-WALL,ordered_scattered_channels,top,-2,-1,s,8.75,5.655235927461039e-05,-0.0002296805731252737,2.3445165024338254e-06,9.658174404606376e-07,0.0002369308922428949,0.2468359522790033,0.19679440116528388,2.3895651363492454e-06,2.745931746845648e-10,2.3892905431745606e-06
V9-PLAIN-FIT-GN-DIAGNOSTIC-COMMON-WALL,ordered_scattered_channels,top,-2,-1,p,8.75,0.006794667403715594,-5.3100990991109746e-05,-0.00011450210530949539,-0.00014336308972242402,0.006909759080525845,0.2468359522790033,0.19679440116528388,0.001971838537117365,1.437706929814518e-06,0.0019704008301875504
V9-PLAIN-FIT-GN-DIAGNOSTIC-COMMON-WALL,ordered_scattered_channels,top,-2,0,s,8.75,0.004204834629446245,0.0013668833721480452,0.0001642593255332033,-5.620738854478225e-05,0.004283857618987968,0.2468359522790033,0.19679440116528388,0.0011201323013854943,1.7270051732052553e-06,0.0011184052962122891
V9-PLAIN-FIT-GN-DIAGNOSTIC-COMMON-WALL,ordered_scattered_channels,top,-2,0,p,8.75,0.0006851366742072183,8.337775153212264e-05,-1.731002669799771e-16,1.1404235647096274e-15,0.0006901913588232814,0.2468359522790033,0.19679440116528388,2.729503853701092e-05,7.623760074136061e-29,2.729503853701092e-05
V9-PLAIN-FIT-GN-DIAGNOSTIC-COMMON-WALL,ordered_scattered_channels,top,-2,1,s,8.75,-0.00017066621159238867,0.00012977650261395126,2.344516501375749e-06,9.658174394089149e-07,0.00021569632507455837,0.2468359522790033,0.19679440116528388,1.9632359477541945e-06,2.745931743859139e-10,1.9629613545798088e-06
V9-PLAIN-FIT-GN-DIAGNOSTIC-COMMON-WALL,ordered_scattered_channels,top,-2,1,p,8.75,0.003253761592962537,0.0013826538094675886,0.00011450210531154583,0.0001433630897223534,0.003375024684184314,0.2468359522790033,0.19679440116528388,0.0005337933107531842,1.4377069298335635e-06,0.0005323556038233507
V9-PLAIN-FIT-GN-DIAGNOSTIC-COMMON-WALL,ordered_scattered_channels,top,-1,-1,s,8.75,-0.0005951338643486183,-0.00010974756405676015,-0.00016753172947578341,-0.00027805078620911914,0.00045953189261973133,0.2468359522790033,0.19679440116528388,1.1602471608100398e-05,3.3385088803210597e-06,8.263962727779338e-06
V9-PLAIN-FIT-GN-DIAGNOSTIC-COMMON-WALL,ordered_scattered_channels,top,-1,-1,p,8.75,-0.0011933192386182564,-0.00028908652237963643,-0.00012312018254764134,-0.00020515373533901306,0.0010734853200462698,0.2468359522790033,0.19679440116528388,4.776159924655799e-05,1.8136268113864188e-06,4.594797243517158e-05
V9-PLAIN-FIT-GN-DIAGNOSTIC-COMMON-WALL,ordered_scattered_channels,top,-1,0,s,8.75,-0.0007632609826477993,0.0100482855023142,-0.0010285581087378939,0.0013279322632823076,0.008724387839763066,0.2468359522790033,0.19679440116528388,0.005039668037923069,0.00014001487940183894,0.00489965315852123
V9-PLAIN-FIT-GN-DIAGNOSTIC-COMMON-WALL,ordered_scattered_channels,top,-1,0,p,8.75,0.0014912113085483283,-0.0003640197842664707,1.0695710033665002e-15,-1.898478834981676e-15,0.0015349988827602621,0.2468359522790033,0.19679440116528388,0.00011693257844410826,2.3563986760300565e-28,0.00011693257844410826
V9-PLAIN-FIT-GN-DIAGNOSTIC-COMMON-WALL,ordered_scattered_channels,top,-1,1,s,8.75,-0.0006754745272023264,0.0014214757541994878,-0.00016753172947527734,-0.00027805078621216526,0.0017738084302783047,0.2468359522790033,0.19679440116528388,7.846920986430361e-05,3.338508880369034e-06,7.513070098393458e-05
V9-PLAIN-FIT-GN-DIAGNOSTIC-COMMON-WALL,ordered_scattered_channels,top,-1,1,p,8.75,0.0018927794157110728,-0.0033944822150943333,0.00012312018254903858,0.0002051537353391292,0.004011118644115212,0.2468359522790033,0.19679440116528388,0.00047854440850138204,1.8136268113985115e-06,0.00047673078168998355
V9-PLAIN-FIT-GN-DIAGNOSTIC-COMMON-WALL,ordered_scattered_channels,top,0,0,s,8.75,-0.017744292999825353,0.20308185850218144,-0.01927337511042978,0.20927155222279603,0.0063757666563313145,0.2468359522790033,0.19679440116528388,0.8100105484790452,0.812256818464021,0.0022462699849757906
V9-PLAIN-FIT-GN-DIAGNOSTIC-COMMON-WALL,ordered_scattered_channels,top,0,0,p,8.75,-0.006067838691834162,0.040168067913126194,1.1185579377514874e-13,-3.735624544869974e-15,0.04062379039756501,0.2468359522790033,0.19679440116528388,0.0016502923462631547,1.2563444413870592e-26,0.0016502923462631547
V9-PLAIN-FIT-GN-DIAGNOSTIC-COMMON-WALL,ordered_scattered_channels,bottom,-3,-1,s,-1.25,-0.00023056417839819202,-0.001326014262518869,-4.909306826320045e-06,0.00011217325597253238,0.001455782765184618,0.2468359522790033,0.19679440116528388,5.483055362781177e-05,3.815929255738811e-07,5.4448960702237887e-05
V9-PLAIN-FIT-GN-DIAGNOSTIC-COMMON-WALL,ordered_scattered_channels,bottom,-3,-1,p,-1.25,-0.0004002376399379592,-0.0030087243979054342,-1.5732873804033325e-06,7.928198517251764e-05,0.003113634000317043,0.2468359522790033,0.19679440116528388,0.00027885177849050686,1.903314808729246e-07,0.00027866144700963393
V9-PLAIN-FIT-GN-DIAGNOSTIC-COMMON-WALL,ordered_scattered_channels,bottom,-3,0,s,-1.25,-0.009996265078389558,0.0007420769873043687,-0.0004924362020247152,-0.0001736752134377082,0.009547846113359295,0.2468359522790033,0.19679440116528388,0.004867552033263434,1.3208823483228831e-05,0.004854343209780206
V9-PLAIN-FIT-GN-DIAGNOSTIC-COMMON-WALL,ordered_scattered_channels,bottom,-3,0,p,-1.25,-0.0009360147717617162,-0.0003085245495905497,-1.3274970028758873e-16,2.3198170478591657e-16,0.0009855511405584612,0.2468359522790033,0.19679440116528388,4.7055091490381205e-05,3.46080831114775e-30,4.7055091490381205e-05
V9-PLAIN-FIT-GN-DIAGNOSTIC-COMMON-WALL,ordered_scattered_channels,bottom,-3,1,s,-1.25,0.0005331273576187506,0.001146829605535115,-4.9093068289528565e-06,0.00011217325597378981,0.0011661891844711894,0.2468359522790033,0.19679440116528388,4.84127054681994e-05,3.8159292558322023e-07,4.803111254261618e-05
V9-PLAIN-FIT-GN-DIAGNOSTIC-COMMON-WALL,ordered_scattered_channels,bottom,-3,1,p,-1.25,-0.001659391742952263,-0.0024945679769447344,1.5732873796878703e-06,-7.928198517485518e-05,0.0029312815037156404,0.2468359522790033,0.19679440116528388,0.0002717035040458186,1.903314808841085e-07,0.0002715131725649345
V9-PLAIN-FIT-GN-DIAGNOSTIC-COMMON-WALL,ordered_scattered_channels,bottom,-2,-1,s,-1.25,-0.000103647058789211,-7.153382145757527e-05,7.745485652971132e-07,2.471734525870588e-06,0.00012798708684440786,0.2468359522790033,0.19679440116528388,6.577355505338374e-07,2.7825122930511906e-10,6.574572993045322e-07
V9-PLAIN-FIT-GN-DIAGNOSTIC-COMMON-WALL,ordered_scattered_channels,bottom,-2,-1,p,-1.25,-3.651615130051134e-05,0.00100524206300961,-3.630225008417886e-05,0.00018832341315366003,0.0008169186778597969,0.2468359522790033,0.19679440116528388,4.196310380549489e-05,1.5254830024257906e-06,4.04376208030691e-05
V9-PLAIN-FIT-GN-DIAGNOSTIC-COMMON-WALL,ordered_scattered_channels,bottom,-2,0,s,-1.25,-0.006459384819415488,-0.0023157807768020375,-0.00018404130862069833,1.7489532595272983e-05,0.006695079276243807,0.2468359522790033,0.19679440116528388,0.0026452908447901356,1.9200481909981673e-06,0.0026433707965991373
V9-PLAIN-FIT-GN-DIAGNOSTIC-COMMON-WALL,ordered_scattered_channels,bottom,-2,0,p,-1.25,0.0013688040921139872,-0.00014740816122025383,-1.953215047833636e-16,3.0838854490696276e-16,0.0013767184928600905,0.2468359522790033,0.19679440116528388,0.00010647983686729646,7.486128714139298e-30,0.00010647983686729646
V9-PLAIN-FIT-GN-DIAGNOSTIC-COMMON-WALL,ordered_scattered_channels,bottom,-2,1,s,-1.25,0.0001275810522273819,-4.844366100006182e-05,7.745485660026087e-07,2.4717345262717774e-06,0.00013664650333040503,0.2468359522790033,0.19679440116528388,7.72360176380637e-07,2.7825122943269296e-10,7.720819251512043e-07
V9-PLAIN-FIT-GN-DIAGNOSTIC-COMMON-WALL,ordered_scattered_channels,bottom,-2,1,p,-1.25,-0.003196695718214272,0.002290431547988508,3.630225008296777e-05,-0.00018832341315285628,0.004073880462212534,0.2468359522790033,0.19679440116528388,0.0006413599596939422,1.5254830024097482e-06,0.0006398344766915325
V9-PLAIN-FIT-GN-DIAGNOSTIC-COMMON-WALL,ordered_scattered_channels,bottom,-1,-1,s,-1.25,-9.576824793680343e-05,0.0003142005684749255,-0.00033718347041335536,-1.666806024013619e-05,0.0004095794905890533,0.2468359522790033,0.19679440116528388,3.267510718640679e-06,3.4515489579344382e-06,1.8403823929375925e-07
V9-PLAIN-FIT-GN-DIAGNOSTIC-COMMON-WALL,ordered_scattered_channels,bottom,-1,-1,p,-1.25,0.00015534508178026337,-0.0006600203171231144,0.00024799923661753275,8.609260274615205e-06,0.0006750187435765583,0.2468359522790033,0.19679440116528388,1.3923604464132387e-05,1.8648558637476027e-06,1.2058748600384785e-05
V9-PLAIN-FIT-GN-DIAGNOSTIC-COMMON-WALL,ordered_scattered_channels,bottom,-1,0,s,-1.25,-0.0058011805983766655,-0.0022417330305475494,-0.0011348134234954131,-0.00088619762079417,0.004859265259059696,0.2468359522790033,0.19679440116528388,0.0018741972058737267,0.00010045454435778903,0.0017737426615159375
V9-PLAIN-FIT-GN-DIAGNOSTIC-COMMON-WALL,ordered_scattered_channels,bottom,-1,0,p,-1.25,0.0005396942783260328,0.0008239479535310914,-4.465027736885759e-16,-2.0865938982257457e-16,0.000984967077717198,0.2468359522790033,0.19679440116528388,4.7009189872687326e-05,1.1769907587313279e-29,4.7009189872687326e-05
V9-PLAIN-FIT-GN-DIAGNOSTIC-COMMON-WALL,ordered_scattered_channels,bottom,-1,1,s,-1.25,-0.0006293174420303821,-0.0003487326845050407,-0.00033718347041209747,-1.666806024128843e-05,0.00044227725700164564,0.2468359522790033,0.19679440116528388,1.567696080867965e-05,3.4515489579099395e-06,1.2225411850769711e-05
V9-PLAIN-FIT-GN-DIAGNOSTIC-COMMON-WALL,ordered_scattered_channels,bottom,-1,1,p,-1.25,-0.001846950822067077,-0.00040386677678379577,-0.00024799923661679776,-8.609260275598644e-06,0.0016470806528431415,0.2468359522790033,0.19679440116528388,0.00010824724704063877,1.8648558637369045e-06,0.00010638239117690186
V9-PLAIN-FIT-GN-DIAGNOSTIC-COMMON-WALL,ordered_scattered_channels,bottom,0,0,s,-1.25,-0.04374089220000493,0.1357312420871359,-0.041607545586981674,0.12257388541158544,0.013329186113898717,0.2468359522790033,0.19679440116528388,0.027166636710775693,0.032331984498269135,0.005165347787493443
V9-PLAIN-FIT-GN-DIAGNOSTIC-COMMON-WALL,ordered_scattered_channels,bottom,0,0,p,-1.25,0.008341034853912233,-0.0002845212446274803,2.6658179463359154e-15,5.966790876859179e-15,0.008345886098718456,0.2468359522790033,0.19679440116528388,0.00010497980461343847,5.820430999983165e-29,0.00010497980461343847
V9-PLAIN-FIT-GN-DIAGNOSTIC-V8-COMMON-WALL,ordered_total_channels,top,-3,-1,s,8.75,0.0004002836500633017,-2.938453337107128e-05,-9.195140170809825e-05,5.576925993858354e-05,0.0004995463088717764,0.4382342339399896,0.06999180041885324,5.100952636206782e-06,3.662159813318062e-07,4.734736654874976e-06
V9-PLAIN-FIT-GN-DIAGNOSTIC-V8-COMMON-WALL,ordered_total_channels,top,-3,-1,p,8.75,-0.0008892499826526781,-1.7123269719757949e-06,6.491873565175626e-05,-4.0080513039853855e-05,0.0009549398204561722,0.4382342339399896,0.06999180041885324,2.5039798739218228e-05,1.843193233752179e-07,2.485547941584301e-05
V9-PLAIN-FIT-GN-DIAGNOSTIC-V8-COMMON-WALL,ordered_total_channels,top,-3,0,s,8.75,0.0006758742476588337,-0.001366331512518067,-0.0001921902009470994,0.00048817928501632254,0.0020476196387769776,0.4382342339399896,0.06999180041885324,0.00011529361200090057,1.365740342110789e-05,0.00010163620857979268
V9-PLAIN-FIT-GN-DIAGNOSTIC-V8-COMMON-WALL,ordered_total_channels,top,-3,0,p,8.75,-7.323084109069337e-05,-0.0009743830890557357,1.2553482268998042e-15,3.668039838538298e-15,0.0009771310865651446,0.4382342339399896,0.06999180041885324,4.737365202686795e-05,7.457653301374714e-28,4.737365202686795e-05
V9-PLAIN-FIT-GN-DIAGNOSTIC-V8-COMMON-WALL,ordered_total_channels,top,-3,1,s,8.75,0.00027609654285494365,-0.000296660630133603,-9.195140170915746e-05,5.576925994137385e-05,0.0005095744468830045,0.4382342339399896,0.06999180041885324,5.200583190528714e-06,3.6621598134782935e-07,4.8343672091808845e-06
V9-PLAIN-FIT-GN-DIAGNOSTIC-V8-COMMON-WALL,ordered_total_channels,top,-3,1,p,8.75,0.0007911067241813954,-0.0006645900291134435,-6.491873565012055e-05,4.0080513039672495e-05,0.001108756132275319,0.4382342339399896,0.06999180041885324,3.380348542094262e-05,1.843193233680326e-07,3.361916609757459e-05
V9-PLAIN-FIT-GN-DIAGNOSTIC-V8-COMMON-WALL,ordered_total_channels,top,-2,-1,s,8.75,4.4492788158589324e-05,-5.318552261567758e-05,2.344516502433825e-06,9.65817440460633e-07,6.862102034709627e-05,0.4382342339399896,0.06999180041885324,2.0535283372517786e-07,2.745931746845648e-10,2.050782405504933e-07
V9-PLAIN-FIT-GN-DIAGNOSTIC-V8-COMMON-WALL,ordered_total_channels,top,-2,-1,p,8.75,0.003693726468783745,0.0004503279272129799,-0.00011450210530953003,-0.00014336308972240936,0.0038542280545045948,0.4382342339399896,0.06999180041885324,0.0005913513897770011,1.437706929814518e-06,0.0005899136828471865
V9-PLAIN-FIT-GN-DIAGNOSTIC-V8-COMMON-WALL,ordered_total_channels,top,-2,0,s,8.75,-0.00014866695520022324,0.00043099678039415924,0.00016425932553326252,-5.6207388544626634e-05,0.0005790429685308555,0.4382342339399896,0.06999180041885324,1.1910110311420801e-05,1.7270051732052553e-06,1.0183105138215546e-05
V9-PLAIN-FIT-GN-DIAGNOSTIC-V8-COMMON-WALL,ordered_total_channels,top,-2,0,p,8.75,-0.00016707436506982677,-0.0003646262175162739,-1.731002669799771e-16,1.1404235647096274e-15,0.00040108119123749076,0.4382342339399896,0.06999180041885324,9.21741770546138e-06,7.623760074136061e-29,9.21741770546138e-06
V9-PLAIN-FIT-GN-DIAGNOSTIC-V8-COMMON-WALL,ordered_total_channels,top,-2,1,s,8.75,-0.00015645871263100566,3.0493676005888617e-05,2.3445165013757525e-06,9.658174394089157e-07,0.00016152510645219727,0.4382342339399896,0.06999180041885324,1.0851737819379965e-06,2.745931743859139e-10,1.0848991887636106e-06
V9-PLAIN-FIT-GN-DIAGNOSTIC-V8-COMMON-WALL,ordered_total_channels,top,-2,1,p,8.75,-0.001829653895579327,-0.0004423973878377872,0.0001145021053115565,0.0001433630897223461,0.002030482182357557,0.4382342339399896,0.06999180041885324,0.0001513290580074996,1.4377069298335635e-06,0.00014989135107766602
V9-PLAIN-FIT-GN-DIAGNOSTIC-V8-COMMON-WALL,ordered_total_channels,top,-1,-1,s,8.75,-0.00045429857210003673,0.0003579523573494715,-0.0001675317294758279,-0.0002780507862091289,0.0006976641173552495,0.4382342339399896,0.06999180041885324,1.0597813403436625e-05,3.3385088803210597e-06,7.2593045231155655e-06
V9-PLAIN-FIT-GN-DIAGNOSTIC-V8-COMMON-WALL,ordered_total_channels,top,-1,-1,p,8.75,-0.0007904783043709368,0.0008291721254975325,-0.00012312018254765662,-0.00020515373533905003,0.0012309333244164096,0.4382342339399896,0.06999180041885324,4.157749818634323e-05,1.8136268113864188e-06,3.9763871374956815e-05
V9-PLAIN-FIT-GN-DIAGNOSTIC-V8-COMMON-WALL,ordered_total_channels,top,-1,0,s,8.75,-0.0008289306068974486,0.0016050091445886565,-0.0010285581087383054,0.0013279322632824794,0.0003415007139752107,0.4382342339399896,0.06999180041885324,0.00016194236224129492,0.00014001487940183894,2.192748283945598e-05
V9-PLAIN-FIT-GN-DIAGNOSTIC-V8-COMMON-WALL,ordered_total_channels,top,-1,0,p,8.75,0.0010146592980287217,9.643656349369354e-05,1.0695710033665002e-15,-1.898478834981676e-15,0.0010192318194860318,0.4382342339399896,0.06999180041885324,5.15543535839317e-05,2.3563986760300565e-28,5.15543535839317e-05
V9-PLAIN-FIT-GN-DIAGNOSTIC-V8-COMMON-WALL,ordered_total_channels,top,-1,1,s,8.75,-0.0003079188301297194,0.0005393912072823287,-0.0001675317294752791,-0.00027805078621218255,0.0008294093987642295,0.4382342339399896,0.06999180041885324,1.2221138019256204e-05,3.338508880369034e-06,8.88262913888717e-06
V9-PLAIN-FIT-GN-DIAGNOSTIC-V8-COMMON-WALL,ordered_total_channels,top,-1,1,p,8.75,0.0008445897596083678,-0.0014413464921516881,0.00012312018254904267,0.00020515373533914856,0.001797632150844421,0.4382342339399896,0.06999180041885324,8.841551542479028e-05,1.8136268113985115e-06,8.660188861339177e-05
V9-PLAIN-FIT-GN-DIAGNOSTIC-V8-COMMON-WALL,ordered_total_channels,top,0,0,s,8.75,0.026235861622364187,-0.4131498245925296,0.026785429987131376,-0.4121567714282053,0.0011349801649048247,0.4382342339399896,0.06999180041885324,0.8133227382656391,0.812256818464021,0.001065919801618076
V9-PLAIN-FIT-GN-DIAGNOSTIC-V8-COMMON-WALL,ordered_total_channels,top,0,0,p,8.75,-0.012548238394574269,0.024926873629285327,1.1196540890151039e-13,-5.214558791588342e-15,0.027907119445412097,0.4382342339399896,0.06999180041885324,0.0007788073157372568,1.2563444413870592e-26,0.0007788073157372568
V9-PLAIN-FIT-GN-DIAGNOSTIC-V8-COMMON-WALL,ordered_total_channels,bottom,-3,-1,s,-1.25,0.00016676420631436288,-5.617307088974154e-05,-4.909306826319978e-06,0.00011217325597253058,0.00024044184511453736,0.4382342339399896,0.06999180041885324,9.372850939570453e-07,3.815929255738811e-07,5.556921683831642e-07
V9-PLAIN-FIT-GN-DIAGNOSTIC-V8-COMMON-WALL,ordered_total_channels,bottom,-3,-1,p,-1.25,0.0002730558671152163,-0.0001384452316324316,-1.5732873803997091e-06,7.928198517251047e-05,0.00035046585202641806,0.4382342339399896,0.06999180041885324,2.8369613368137624e-06,1.903314808729246e-07,2.646629855940838e-06
V9-PLAIN-FIT-GN-DIAGNOSTIC-V8-COMMON-WALL,ordered_total_channels,bottom,-3,0,s,-1.25,-0.001049985423004468,-0.000289111910429121,-0.0004924362020247129,-0.0001736752134376343,0.0005693740113733996,0.4382342339399896,0.06999180041885324,5.745835024989082e-05,1.3208823483228831e-05,4.424952676666199e-05
V9-PLAIN-FIT-GN-DIAGNOSTIC-V8-COMMON-WALL,ordered_total_channels,bottom,-3,0,p,-1.25,0.0010041517340096144,-0.00013683447656354485,-1.3274970028758873e-16,2.3198170478591657e-16,0.0010134319803969405,0.4382342339399896,0.06999180041885324,4.975508842481088e-05,3.46080831114775e-30,4.975508842481088e-05
V9-PLAIN-FIT-GN-DIAGNOSTIC-V8-COMMON-WALL,ordered_total_channels,bottom,-3,1,s,-1.25,-0.00012989175753758722,-0.0004362023540267964,-4.909306828951654e-06,0.00011217325597379069,0.0005624379278006174,0.4382342339399896,0.06999180041885324,6.269944901005884e-06,3.8159292558322023e-07,5.8883519754226646e-06
V9-PLAIN-FIT-GN-DIAGNOSTIC-V8-COMMON-WALL,ordered_total_channels,bottom,-3,1,p,-1.25,0.00040394826856663047,0.0012931286478157812,1.5732873796791848e-06,-7.9281985174855e-05,0.0014301806078362823,0.4382342339399896,0.06999180041885324,5.555343268266011e-05,1.903314808841085e-07,5.5363101201776e-05
V9-PLAIN-FIT-GN-DIAGNOSTIC-V8-COMMON-WALL,ordered_total_channels,bottom,-2,-1,s,-1.25,-3.86497793070036e-05,7.67795136043194e-06,7.745485652971132e-07,2.4717345258705883e-06,3.976659806811663e-05,0.4382342339399896,0.06999180041885324,6.439570767449809e-08,2.7825122930511906e-10,6.411745644519298e-08
V9-PLAIN-FIT-GN-DIAGNOSTIC-V8-COMMON-WALL,ordered_total_channels,bottom,-2,-1,p,-1.25,-0.001853151533918354,-0.0003691626323061789,-3.630225008417201e-05,0.0001883234131536643,0.0019004557377248314,0.4382342339399896,0.06999180041885324,0.00014807330014877913,1.5254830024257906e-06,0.00014654781714635334
V9-PLAIN-FIT-GN-DIAGNOSTIC-V8-COMMON-WALL,ordered_total_channels,bottom,-2,0,s,-1.25,-0.001994285760583369,-0.00024536367388387634,-0.00018404130862068258,1.7489532595230964e-05,0.0018292284668728603,0.4382342339399896,0.06999180041885324,0.00022681752517901422,1.9200481909981673e-06,0.00022489747698801606
V9-PLAIN-FIT-GN-DIAGNOSTIC-V8-COMMON-WALL,ordered_total_channels,bottom,-2,0,p,-1.25,-0.0003820978127076908,-0.00020542391423997592,-1.953215047833636e-16,3.0838854490696276e-16,0.00043381761492319783,0.4382342339399896,0.06999180041885324,1.0572834873878982e-05,7.486128714139298e-30,1.0572834873878982e-05
V9-PLAIN-FIT-GN-DIAGNOSTIC-V8-COMMON-WALL,ordered_total_channels,bottom,-2,1,s,-1.25,6.173461453209467e-05,-3.302591396149815e-05,7.745485660026084e-07,2.4717345262717786e-06,7.054227591133965e-05,0.4382342339399896,0.06999180041885324,2.032898563705966e-07,2.7825122943269296e-10,2.030116051411639e-07
V9-PLAIN-FIT-GN-DIAGNOSTIC-V8-COMMON-WALL,ordered_total_channels,bottom,-2,1,p,-1.25,0.0002392484033942522,0.0013618055312081601,3.630225008297548e-05,-0.00018832341315286793,0.001563357567957401,0.4382342339399896,0.06999180041885324,7.928401400458443e-05,1.5254830024097482e-06,7.775853100217468e-05
V9-PLAIN-FIT-GN-DIAGNOSTIC-V8-COMMON-WALL,ordered_total_channels,bottom,-1,-1,s,-1.25,3.9437311883307404e-05,0.00029732105821726805,-0.00033718347041335526,-1.6668060240140516e-05,0.0004903390461378848,0.4382342339399896,0.06999180041885324,2.724252601691347e-06,3.4515489579344382e-06,7.272963562430914e-07
V9-PLAIN-FIT-GN-DIAGNOSTIC-V8-COMMON-WALL,ordered_total_channels,bottom,-1,-1,p,-1.25,-0.0001690637645442195,-0.0006401827577122287,0.0002479992366175502,8.609260274623294e-06,0.0007712798646026706,0.4382342339399896,0.06999180041885324,1.3277259087391456e-05,1.8648558637476027e-06,1.1412403223643853e-05
V9-PLAIN-FIT-GN-DIAGNOSTIC-V8-COMMON-WALL,ordered_total_channels,bottom,-1,0,s,-1.25,-0.003453218304647642,-0.0009056755853271907,-0.0011348134234953988,-0.0008861976207941805,0.0023184867012887725,0.4382342339399896,0.06999180041885324,0.0006175583275502769,0.00010045454435778903,0.0005171037831924878
V9-PLAIN-FIT-GN-DIAGNOSTIC-V8-COMMON-WALL,ordered_total_channels,bottom,-1,0,p,-1.25,0.0013195892685834635,-0.000597193388823748,-4.465027736885759e-16,-2.0865938982257457e-16,0.0014484321804683717,0.4382342339399896,0.06999180041885324,0.00010165662057351952,1.1769907587313279e-29,0.00010165662057351952
V9-PLAIN-FIT-GN-DIAGNOSTIC-V8-COMMON-WALL,ordered_total_channels,bottom,-1,1,s,-1.25,3.096395292186231e-05,0.0004974420120268784,-0.00033718347041209904,-1.6668060241286416e-05,0.0006323303659599249,0.4382342339399896,0.06999180041885324,7.522910795876718e-06,3.4515489579099395e-06,4.071361837966779e-06
V9-PLAIN-FIT-GN-DIAGNOSTIC-V8-COMMON-WALL,ordered_total_channels,bottom,-1,1,p,-1.25,-1.3509575940237209e-05,0.0015777687068696876,-0.000247999236616804,-8.609260275602887e-06,0.0016036148089888156,0.4382342339399896,0.06999180041885324,7.539456423273546e-05,1.8648558637369045e-06,7.352970836899856e-05
V9-PLAIN-FIT-GN-DIAGNOSTIC-V8-COMMON-WALL,ordered_total_channels,bottom,0,0,s,-1.25,0.07853858750686024,-0.12354248142295071,0.07718950242782177,-0.12447475436113979,0.0016398668792813444,0.4382342339399896,0.06999180041885324,0.03230013913091358,0.032331984498269135,3.184536735555826e-05
V9-PLAIN-FIT-GN-DIAGNOSTIC-V8-COMMON-WALL,ordered_total_channels,bottom,0,0,p,-1.25,0.008563133946448788,0.005055582580619548,2.4167599005431038e-15,5.725178855579965e-15,0.009944152966149913,0.4382342339399896,0.06999180041885324,0.00014903780506156193,5.820430999983165e-29,0.00014903780506156193
V9-PLAIN-FIT-GN-DIAGNOSTIC-V8-COMMON-WALL,ordered_outgoing_channels,top,-3,-1,s,8.75,0.0004002836500633017,-2.938453337107128e-05,-9.195140170809825e-05,5.576925993858354e-05,0.0004995463088717764,0.9130801710515086,0.03359267237543205,5.100952636206782e-06,3.662159813318062e-07,4.734736654874976e-06
V9-PLAIN-FIT-GN-DIAGNOSTIC-V8-COMMON-WALL,ordered_outgoing_channels,top,-3,-1,p,8.75,-0.0008892499826526781,-1.7123269719757949e-06,6.491873565175626e-05,-4.0080513039853855e-05,0.0009549398204561722,0.9130801710515086,0.03359267237543205,2.5039798739218228e-05,1.843193233752179e-07,2.485547941584301e-05
V9-PLAIN-FIT-GN-DIAGNOSTIC-V8-COMMON-WALL,ordered_outgoing_channels,top,-3,0,s,8.75,0.0006758742476588337,-0.001366331512518067,-0.0001921902009470994,0.00048817928501632254,0.0020476196387769776,0.9130801710515086,0.03359267237543205,0.00011529361200090057,1.365740342110789e-05,0.00010163620857979268
V9-PLAIN-FIT-GN-DIAGNOSTIC-V8-COMMON-WALL,ordered_outgoing_channels,top,-3,0,p,8.75,-7.323084109069337e-05,-0.0009743830890557357,1.2553482268998042e-15,3.668039838538298e-15,0.0009771310865651446,0.9130801710515086,0.03359267237543205,4.737365202686795e-05,7.457653301374714e-28,4.737365202686795e-05
V9-PLAIN-FIT-GN-DIAGNOSTIC-V8-COMMON-WALL,ordered_outgoing_channels,top,-3,1,s,8.75,0.00027609654285494365,-0.000296660630133603,-9.195140170915746e-05,5.576925994137385e-05,0.0005095744468830045,0.9130801710515086,0.03359267237543205,5.200583190528714e-06,3.6621598134782935e-07,4.8343672091808845e-06
V9-PLAIN-FIT-GN-DIAGNOSTIC-V8-COMMON-WALL,ordered_outgoing_channels,top,-3,1,p,8.75,0.0007911067241813954,-0.0006645900291134435,-6.491873565012055e-05,4.0080513039672495e-05,0.001108756132275319,0.9130801710515086,0.03359267237543205,3.380348542094262e-05,1.843193233680326e-07,3.361916609757459e-05
V9-PLAIN-FIT-GN-DIAGNOSTIC-V8-COMMON-WALL,ordered_outgoing_channels,top,-2,-1,s,8.75,4.4492788158589324e-05,-5.318552261567758e-05,2.344516502433825e-06,9.65817440460633e-07,6.862102034709627e-05,0.9130801710515086,0.03359267237543205,2.0535283372517786e-07,2.745931746845648e-10,2.050782405504933e-07
V9-PLAIN-FIT-GN-DIAGNOSTIC-V8-COMMON-WALL,ordered_outgoing_channels,top,-2,-1,p,8.75,0.003693726468783745,0.0004503279272129799,-0.00011450210530953003,-0.00014336308972240936,0.0038542280545045948,0.9130801710515086,0.03359267237543205,0.0005913513897770011,1.437706929814518e-06,0.0005899136828471865
V9-PLAIN-FIT-GN-DIAGNOSTIC-V8-COMMON-WALL,ordered_outgoing_channels,top,-2,0,s,8.75,-0.00014866695520022324,0.00043099678039415924,0.00016425932553326252,-5.6207388544626634e-05,0.0005790429685308555,0.9130801710515086,0.03359267237543205,1.1910110311420801e-05,1.7270051732052553e-06,1.0183105138215546e-05
V9-PLAIN-FIT-GN-DIAGNOSTIC-V8-COMMON-WALL,ordered_outgoing_channels,top,-2,0,p,8.75,-0.00016707436506982677,-0.0003646262175162739,-1.731002669799771e-16,1.1404235647096274e-15,0.00040108119123749076,0.9130801710515086,0.03359267237543205,9.21741770546138e-06,7.623760074136061e-29,9.21741770546138e-06
V9-PLAIN-FIT-GN-DIAGNOSTIC-V8-COMMON-WALL,ordered_outgoing_channels,top,-2,1,s,8.75,-0.00015645871263100566,3.0493676005888617e-05,2.3445165013757525e-06,9.658174394089157e-07,0.00016152510645219727,0.9130801710515086,0.03359267237543205,1.0851737819379965e-06,2.745931743859139e-10,1.0848991887636106e-06
V9-PLAIN-FIT-GN-DIAGNOSTIC-V8-COMMON-WALL,ordered_outgoing_channels,top,-2,1,p,8.75,-0.001829653895579327,-0.0004423973878377872,0.0001145021053115565,0.0001433630897223461,0.002030482182357557,0.9130801710515086,0.03359267237543205,0.0001513290580074996,1.4377069298335635e-06,0.00014989135107766602
V9-PLAIN-FIT-GN-DIAGNOSTIC-V8-COMMON-WALL,ordered_outgoing_channels,top,-1,-1,s,8.75,-0.00045429857210003673,0.0003579523573494715,-0.0001675317294758279,-0.0002780507862091289,0.0006976641173552495,0.9130801710515086,0.03359267237543205,1.0597813403436625e-05,3.3385088803210597e-06,7.2593045231155655e-06
V9-PLAIN-FIT-GN-DIAGNOSTIC-V8-COMMON-WALL,ordered_outgoing_channels,top,-1,-1,p,8.75,-0.0007904783043709368,0.0008291721254975325,-0.00012312018254765662,-0.00020515373533905003,0.0012309333244164096,0.9130801710515086,0.03359267237543205,4.157749818634323e-05,1.8136268113864188e-06,3.9763871374956815e-05
V9-PLAIN-FIT-GN-DIAGNOSTIC-V8-COMMON-WALL,ordered_outgoing_channels,top,-1,0,s,8.75,-0.0008289306068974486,0.0016050091445886565,-0.0010285581087383054,0.0013279322632824794,0.0003415007139752107,0.9130801710515086,0.03359267237543205,0.00016194236224129492,0.00014001487940183894,2.192748283945598e-05
V9-PLAIN-FIT-GN-DIAGNOSTIC-V8-COMMON-WALL,ordered_outgoing_channels,top,-1,0,p,8.75,0.0010146592980287217,9.643656349369354e-05,1.0695710033665002e-15,-1.898478834981676e-15,0.0010192318194860318,0.9130801710515086,0.03359267237543205,5.15543535839317e-05,2.3563986760300565e-28,5.15543535839317e-05
V9-PLAIN-FIT-GN-DIAGNOSTIC-V8-COMMON-WALL,ordered_outgoing_channels,top,-1,1,s,8.75,-0.0003079188301297194,0.0005393912072823287,-0.0001675317294752791,-0.00027805078621218255,0.0008294093987642295,0.9130801710515086,0.03359267237543205,1.2221138019256204e-05,3.338508880369034e-06,8.88262913888717e-06
V9-PLAIN-FIT-GN-DIAGNOSTIC-V8-COMMON-WALL,ordered_outgoing_channels,top,-1,1,p,8.75,0.0008445897596083678,-0.0014413464921516881,0.00012312018254904267,0.00020515373533914856,0.001797632150844421,0.9130801710515086,0.03359267237543205,8.841551542479028e-05,1.8136268113985115e-06,8.660188861339177e-05
V9-PLAIN-FIT-GN-DIAGNOSTIC-V8-COMMON-WALL,ordered_outgoing_channels,top,0,0,s,8.75,-0.9010131501520164,-0.038704541322150066,-0.9004635817872493,-0.03771148815782577,0.0011349801649048112,0.9130801710515086,0.03359267237543205,0.8133227382656391,0.812256818464021,0.001065919801618076
V9-PLAIN-FIT-GN-DIAGNOSTIC-V8-COMMON-WALL,ordered_outgoing_channels,top,0,0,p,8.75,-0.012548238394574269,0.024926873629285327,1.1196540890151039e-13,-5.214558791588342e-15,0.027907119445412097,0.9130801710515086,0.03359267237543205,0.0007788073157372568,1.2563444413870592e-26,0.0007788073157372568
V9-PLAIN-FIT-GN-DIAGNOSTIC-V8-COMMON-WALL,ordered_outgoing_channels,bottom,-3,-1,s,-1.25,0.00016676420631436288,-5.617307088974154e-05,-4.909306826319978e-06,0.00011217325597253058,0.00024044184511453736,0.9130801710515086,0.03359267237543205,9.372850939570453e-07,3.815929255738811e-07,5.556921683831642e-07
V9-PLAIN-FIT-GN-DIAGNOSTIC-V8-COMMON-WALL,ordered_outgoing_channels,bottom,-3,-1,p,-1.25,0.0002730558671152163,-0.0001384452316324316,-1.5732873803997091e-06,7.928198517251047e-05,0.00035046585202641806,0.9130801710515086,0.03359267237543205,2.8369613368137624e-06,1.903314808729246e-07,2.646629855940838e-06
V9-PLAIN-FIT-GN-DIAGNOSTIC-V8-COMMON-WALL,ordered_outgoing_channels,bottom,-3,0,s,-1.25,-0.001049985423004468,-0.000289111910429121,-0.0004924362020247129,-0.0001736752134376343,0.0005693740113733996,0.9130801710515086,0.03359267237543205,5.745835024989082e-05,1.3208823483228831e-05,4.424952676666199e-05
V9-PLAIN-FIT-GN-DIAGNOSTIC-V8-COMMON-WALL,ordered_outgoing_channels,bottom,-3,0,p,-1.25,0.0010041517340096144,-0.00013683447656354485,-1.3274970028758873e-16,2.3198170478591657e-16,0.0010134319803969405,0.9130801710515086,0.03359267237543205,4.975508842481088e-05,3.46080831114775e-30,4.975508842481088e-05
V9-PLAIN-FIT-GN-DIAGNOSTIC-V8-COMMON-WALL,ordered_outgoing_channels,bottom,-3,1,s,-1.25,-0.00012989175753758722,-0.0004362023540267964,-4.909306828951654e-06,0.00011217325597379069,0.0005624379278006174,0.9130801710515086,0.03359267237543205,6.269944901005884e-06,3.8159292558322023e-07,5.8883519754226646e-06
V9-PLAIN-FIT-GN-DIAGNOSTIC-V8-COMMON-WALL,ordered_outgoing_channels,bottom,-3,1,p,-1.25,0.00040394826856663047,0.0012931286478157812,1.5732873796791848e-06,-7.9281985174855e-05,0.0014301806078362823,0.9130801710515086,0.03359267237543205,5.555343268266011e-05,1.903314808841085e-07,5.5363101201776e-05
V9-PLAIN-FIT-GN-DIAGNOSTIC-V8-COMMON-WALL,ordered_outgoing_channels,bottom,-2,-1,s,-1.25,-3.86497793070036e-05,7.67795136043194e-06,7.745485652971132e-07,2.4717345258705883e-06,3.976659806811663e-05,0.9130801710515086,0.03359267237543205,6.439570767449809e-08,2.7825122930511906e-10,6.411745644519298e-08
V9-PLAIN-FIT-GN-DIAGNOSTIC-V8-COMMON-WALL,ordered_outgoing_channels,bottom,-2,-1,p,-1.25,-0.001853151533918354,-0.0003691626323061789,-3.630225008417201e-05,0.0001883234131536643,0.0019004557377248314,0.9130801710515086,0.03359267237543205,0.00014807330014877913,1.5254830024257906e-06,0.00014654781714635334
V9-PLAIN-FIT-GN-DIAGNOSTIC-V8-COMMON-WALL,ordered_outgoing_channels,bottom,-2,0,s,-1.25,-0.001994285760583369,-0.00024536367388387634,-0.00018404130862068258,1.7489532595230964e-05,0.0018292284668728603,0.9130801710515086,0.03359267237543205,0.00022681752517901422,1.9200481909981673e-06,0.00022489747698801606
V9-PLAIN-FIT-GN-DIAGNOSTIC-V8-COMMON-WALL,ordered_outgoing_channels,bottom,-2,0,p,-1.25,-0.0003820978127076908,-0.00020542391423997592,-1.953215047833636e-16,3.0838854490696276e-16,0.00043381761492319783,0.9130801710515086,0.03359267237543205,1.0572834873878982e-05,7.486128714139298e-30,1.0572834873878982e-05
V9-PLAIN-FIT-GN-DIAGNOSTIC-V8-COMMON-WALL,ordered_outgoing_channels,bottom,-2,1,s,-1.25,6.173461453209467e-05,-3.302591396149815e-05,7.745485660026084e-07,2.4717345262717786e-06,7.054227591133965e-05,0.9130801710515086,0.03359267237543205,2.032898563705966e-07,2.7825122943269296e-10,2.030116051411639e-07
V9-PLAIN-FIT-GN-DIAGNOSTIC-V8-COMMON-WALL,ordered_outgoing_channels,bottom,-2,1,p,-1.25,0.0002392484033942522,0.0013618055312081601,3.630225008297548e-05,-0.00018832341315286793,0.001563357567957401,0.9130801710515086,0.03359267237543205,7.928401400458443e-05,1.5254830024097482e-06,7.775853100217468e-05
V9-PLAIN-FIT-GN-DIAGNOSTIC-V8-COMMON-WALL,ordered_outgoing_channels,bottom,-1,-1,s,-1.25,3.9437311883307404e-05,0.00029732105821726805,-0.00033718347041335526,-1.6668060240140516e-05,0.0004903390461378848,0.9130801710515086,0.03359267237543205,2.724252601691347e-06,3.4515489579344382e-06,7.272963562430914e-07
V9-PLAIN-FIT-GN-DIAGNOSTIC-V8-COMMON-WALL,ordered_outgoing_channels,bottom,-1,-1,p,-1.25,-0.0001690637645442195,-0.0006401827577122287,0.0002479992366175502,8.609260274623294e-06,0.0007712798646026706,0.9130801710515086,0.03359267237543205,1.3277259087391456e-05,1.8648558637476027e-06,1.1412403223643853e-05
V9-PLAIN-FIT-GN-DIAGNOSTIC-V8-COMMON-WALL,ordered_outgoing_channels,bottom,-1,0,s,-1.25,-0.003453218304647642,-0.0009056755853271907,-0.0011348134234953988,-0.0008861976207941805,0.0023184867012887725,0.9130801710515086,0.03359267237543205,0.0006175583275502769,0.00010045454435778903,0.0005171037831924878
V9-PLAIN-FIT-GN-DIAGNOSTIC-V8-COMMON-WALL,ordered_outgoing_channels,bottom,-1,0,p,-1.25,0.0013195892685834635,-0.000597193388823748,-4.465027736885759e-16,-2.0865938982257457e-16,0.0014484321804683717,0.9130801710515086,0.03359267237543205,0.00010165662057351952,1.1769907587313279e-29,0.00010165662057351952
V9-PLAIN-FIT-GN-DIAGNOSTIC-V8-COMMON-WALL,ordered_outgoing_channels,bottom,-1,1,s,-1.25,3.096395292186231e-05,0.0004974420120268784,-0.00033718347041209904,-1.6668060241286416e-05,0.0006323303659599249,0.9130801710515086,0.03359267237543205,7.522910795876718e-06,3.4515489579099395e-06,4.071361837966779e-06
V9-PLAIN-FIT-GN-DIAGNOSTIC-V8-COMMON-WALL,ordered_outgoing_channels,bottom,-1,1,p,-1.25,-1.3509575940237209e-05,0.0015777687068696876,-0.000247999236616804,-8.609260275602887e-06,0.0016036148089888156,0.9130801710515086,0.03359267237543205,7.539456423273546e-05,1.8648558637369045e-06,7.352970836899856e-05
V9-PLAIN-FIT-GN-DIAGNOSTIC-V8-COMMON-WALL,ordered_outgoing_channels,bottom,0,0,s,-1.25,0.07853858750686024,-0.12354248142295071,0.07718950242782177,-0.12447475436113979,0.0016398668792813444,0.9130801710515086,0.03359267237543205,0.03230013913091358,0.032331984498269135,3.184536735555826e-05
V9-PLAIN-FIT-GN-DIAGNOSTIC-V8-COMMON-WALL,ordered_outgoing_channels,bottom,0,0,p,-1.25,0.008563133946448788,0.005055582580619548,2.4167599005431038e-15,5.725178855579965e-15,0.009944152966149913,0.9130801710515086,0.03359267237543205,0.00014903780506156193,5.820430999983165e-29,0.00014903780506156193
V9-PLAIN-FIT-GN-DIAGNOSTIC-V8-COMMON-WALL,ordered_boundary_outgoing_channels,top,-3,-1,s,8.75,0.00038573592129905707,-0.00011089747665751032,-7.855082196187339e-05,7.345092919286605e-05,0.0004995463088717764,0.9095181214967073,0.03316042687833047,5.100952636206782e-06,3.662159813318062e-07,4.734736654874976e-06
V9-PLAIN-FIT-GN-DIAGNOSTIC-V8-COMMON-WALL,ordered_boundary_outgoing_channels,top,-3,-1,p,8.75,-0.0008706781493202383,0.00018079829647353458,5.531274235513715e-05,-5.254893240889601e-05,0.0009549398204561722,0.9095181214967073,0.03316042687833047,2.5039798739218228e-05,1.843193233752179e-07,2.485547941584301e-05
V9-PLAIN-FIT-GN-DIAGNOSTIC-V8-COMMON-WALL,ordered_boundary_outgoing_channels,top,-3,0,s,8.75,-0.0008046372452388173,0.0012946917410421642,0.0002384264874377627,-0.00046734237743567054,0.0020476196387769776,0.9095181214967073,0.03316042687833047,0.00011529361200090057,1.365740342110789e-05,0.00010163620857979268
V9-PLAIN-FIT-GN-DIAGNOSTIC-V8-COMMON-WALL,ordered_boundary_outgoing_channels,top,-3,0,p,8.75,-2.1188938712814946e-05,0.0009769013200937302,-8.953304260694988e-16,-3.7721080122444466e-15,0.0009771310865651448,0.9095181214967073,0.03316042687833047,4.737365202686795e-05,7.457653301374714e-28,4.737365202686795e-05
V9-PLAIN-FIT-GN-DIAGNOSTIC-V8-COMMON-WALL,ordered_boundary_outgoing_channels,top,-3,1,s,8.75,0.00020934642888316307,-0.00034700274229692316,-7.855082196233748e-05,7.345092919581435e-05,0.0005095744468830044,0.9095181214967073,0.03316042687833047,5.200583190528714e-06,3.6621598134782935e-07,4.8343672091808845e-06
V9-PLAIN-FIT-GN-DIAGNOSTIC-V8-COMMON-WALL,ordered_boundary_outgoing_channels,top,-3,1,p,8.75,0.0006378980653725392,-0.0008127827594357534,-5.5312742353573465e-05,5.2548932408382856e-05,0.001108756132275319,0.9095181214967073,0.03316042687833047,3.380348542094262e-05,1.843193233680326e-07,3.361916609757459e-05
V9-PLAIN-FIT-GN-DIAGNOSTIC-V8-COMMON-WALL,ordered_boundary_outgoing_channels,top,-2,-1,s,8.75,3.5205478291187396e-05,5.974012313610168e-05,-1.6954805776036832e-06,1.8854459868824524e-06,6.862102034709626e-05,0.9095181214967073,0.03316042687833047,2.0535283372517786e-07,2.745931746845648e-10,2.050782405504933e-07
V9-PLAIN-FIT-GN-DIAGNOSTIC-V8-COMMON-WALL,ordered_boundary_outgoing_channels,top,-2,-1,p,8.75,-0.0016618058886314385,0.0033293860780527463,0.00017343931198744156,-5.9854094867379096e-05,0.0038542280545045948,0.9095181214967073,0.03316042687833047,0.0005913513897770011,1.437706929814518e-06,0.0005899136828471865
V9-PLAIN-FIT-GN-DIAGNOSTIC-V8-COMMON-WALL,ordered_boundary_outgoing_channels,top,-2,0,s,8.75,0.0004309967993537835,0.00014866690023482315,-5.6207409492762594e-05,-0.00016425931836508344,0.0005790429685308555,0.9095181214967073,0.03316042687833047,1.1910110311420801e-05,1.7270051732052553e-06,1.0183105138215546e-05
V9-PLAIN-FIT-GN-DIAGNOSTIC-V8-COMMON-WALL,ordered_boundary_outgoing_channels,top,-2,0,p,8.75,-0.00036462619620913,0.000167074411570928,1.1404235867852477e-15,1.7310012154075433e-16,0.00040108119123749076,0.9095181214967073,0.03316042687833047,9.21741770546138e-06,7.623760074136061e-29,9.21741770546138e-06
V9-PLAIN-FIT-GN-DIAGNOSTIC-V8-COMMON-WALL,ordered_boundary_outgoing_channels,top,-2,1,s,8.75,2.3686727227408284e-05,-0.00015763290261794355,-1.6954805762582626e-06,1.885445986237883e-06,0.00016152510645219727,0.9095181214967073,0.03316042687833047,1.0851737819379965e-06,2.745931743859139e-10,1.0848991887636106e-06
V9-PLAIN-FIT-GN-DIAGNOSTIC-V8-COMMON-WALL,ordered_boundary_outgoing_channels,top,-2,1,p,8.75,0.0010298164028720116,-0.0015756988934279466,-0.00017343931198806085,5.9854094869309646e-05,0.0020304821823575576,0.9095181214967073,0.03316042687833047,0.0001513290580074996,1.4377069298335635e-06,0.00014989135107766602
V9-PLAIN-FIT-GN-DIAGNOSTIC-V8-COMMON-WALL,ordered_boundary_outgoing_channels,top,-1,-1,s,8.75,-0.00037252135727347844,0.0004424306964026134,-0.00022030138827274493,-0.0002384248695454775,0.0006976641173552495,0.9095181214967073,0.03316042687833047,1.0597813403436625e-05,3.3385088803210597e-06,7.2593045231155655e-06
V9-PLAIN-FIT-GN-DIAGNOSTIC-V8-COMMON-WALL,ordered_boundary_outgoing_channels,top,-1,-1,p,8.75,-0.0006064580135281574,0.0009719007362949823,-0.00016206524324860404,-0.0001760155998907599,0.0012309333244164096,0.9095181214967073,0.03316042687833047,4.157749818634323e-05,1.8136268113864188e-06,3.9763871374956815e-05
V9-PLAIN-FIT-GN-DIAGNOSTIC-V8-COMMON-WALL,ordered_boundary_outgoing_channels,top,-1,0,s,8.75,0.000982955682740782,-0.0015155785796296365,0.0011543275989399616,-0.0012201900152203147,0.0003415007139752106,0.9095181214967073,0.03316042687833047,0.00016194236224129492,0.00014001487940183894,2.192748283945598e-05
V9-PLAIN-FIT-GN-DIAGNOSTIC-V8-COMMON-WALL,ordered_boundary_outgoing_channels,top,-1,0,p,8.75,-0.0010002308783878342,-0.00019588693620074143,-1.2513260214317444e-15,1.783924663825131e-15,0.001019231819486032,0.9095181214967073,0.03316042687833047,5.15543535839317e-05,2.3563986760300565e-28,5.15543535839317e-05
V9-PLAIN-FIT-GN-DIAGNOSTIC-V8-COMMON-WALL,ordered_boundary_outgoing_channels,top,-1,1,s,8.75,-0.0001924731183488748,0.0005905175519449046,-0.00022030138827282503,-0.00023842486954857905,0.0008294093987642295,0.9095181214967073,0.03316042687833047,1.2221138019256204e-05,3.338508880369034e-06,8.88262913888717e-06
V9-PLAIN-FIT-GN-DIAGNOSTIC-V8-COMMON-WALL,ordered_boundary_outgoing_channels,top,-1,1,p,8.75,0.0005356488905681028,-0.001582369058881795,0.00016206524324998136,0.0001760155998905761,0.0017976321508444207,0.9095181214967073,0.03316042687833047,8.841551542479028e-05,1.8136268113985115e-06,8.660188861339177e-05
V9-PLAIN-FIT-GN-DIAGNOSTIC-V8-COMMON-WALL,ordered_boundary_outgoing_channels,top,0,0,s,8.75,-0.8770920825718881,-0.20983854973652108,-0.8767420008873494,-0.208758909616445,0.0011349801649047939,0.9095181214967073,0.03316042687833047,0.8133227382656391,0.812256818464021,0.001065919801618076
V9-PLAIN-FIT-GN-DIAGNOSTIC-V8-COMMON-WALL,ordered_boundary_outgoing_channels,top,0,0,p,8.75,-0.017072043378238033,0.022076065107463946,1.109046864019619e-13,1.6235607409513206e-14,0.027907119445412097,0.9095181214967073,0.03316042687833047,0.0007788073157372568,1.2563444413870592e-26,0.0007788073157372568
V9-PLAIN-FIT-GN-DIAGNOSTIC-V8-COMMON-WALL,ordered_boundary_outgoing_channels,bottom,-3,-1,s,-1.25,0.0001502881475781325,8.724488373579989e-05,-8.648303367237041e-05,6.939127777564956e-05,0.00023744334801492926,0.9095181214967073,0.03316042687833047,9.372850939570453e-07,3.815929255738811e-07,5.556921683831642e-07
V9-PLAIN-FIT-GN-DIAGNOSTIC-V8-COMMON-WALL,ordered_boundary_outgoing_channels,bottom,-3,-1,p,-1.25,0.00028058052906014633,0.00011259682362869868,-5.9889780695573525e-05,5.0452604324837186e-05,0.00034609526985794283,0.9095181214967073,0.03316042687833047,2.8369613368137624e-06,1.903314808729246e-07,2.646629855940838e-06
V9-PLAIN-FIT-GN-DIAGNOSTIC-V8-COMMON-WALL,ordered_boundary_outgoing_channels,bottom,-3,0,s,-1.25,5.0935372568568145e-05,-0.0010792757198785198,6.074845422874771e-05,-0.0005144750722767751,0.0005648858894529227,0.9095181214967073,0.03316042687833047,5.745835024989082e-05,1.3208823483228831e-05,4.424952676666199e-05
V9-PLAIN-FIT-GN-DIAGNOSTIC-V8-COMMON-WALL,ordered_boundary_outgoing_channels,bottom,-3,0,p,-1.25,0.00035133495256399456,0.0009420618225991975,-2.5346697492730613e-16,-7.791468315616378e-17,0.0010054435471434442,0.9095181214967073,0.03316042687833047,4.975508842481088e-05,3.46080831114775e-30,4.975508842481088e-05
V9-PLAIN-FIT-GN-DIAGNOSTIC-V8-COMMON-WALL,ordered_boundary_outgoing_channels,bottom,-3,1,s,-1.25,0.00023929926742869098,-0.00038045490533968366,-8.648303367501951e-05,6.939127777451605e-05,0.0005554238887325992,0.9095181214967073,0.03316042687833047,6.269944901005884e-06,3.8159292558322023e-07,5.8883519754226646e-06
V9-PLAIN-FIT-GN-DIAGNOSTIC-V8-COMMON-WALL,ordered_boundary_outgoing_channels,bottom,-3,1,p,-1.25,-0.0006971121748279654,0.0011418841091903331,5.9889780696845165e-05,-5.0452604326898695e-05,0.0014123451416241926,0.9095181214967073,0.03316042687833047,5.555343268266011e-05,1.903314808841085e-07,5.5363101201776e-05
V9-PLAIN-FIT-GN-DIAGNOSTIC-V8-COMMON-WALL,ordered_boundary_outgoing_channels,bottom,-2,-1,s,-1.25,-2.232892622155704e-05,-3.2028177011846565e-05,-1.935589521620524e-06,1.6853186586884327e-06,3.940162397775198e-05,0.9095181214967073,0.03316042687833047,6.439570767449809e-08,2.7825122930511906e-10,6.411745644519298e-08
V9-PLAIN-FIT-GN-DIAGNOSTIC-V8-COMMON-WALL,ordered_boundary_outgoing_channels,bottom,-2,-1,p,-1.25,-0.00040141881201408803,-0.001828681713575313,-0.0001853545253180435,4.1894719858193056e-05,0.0018830135340199459,0.9095181214967073,0.03316042687833047,0.00014807330014877913,1.5254830024257906e-06,0.00014654781714635334
V9-PLAIN-FIT-GN-DIAGNOSTIC-V8-COMMON-WALL,ordered_boundary_outgoing_channels,bottom,-2,0,s,-1.25,0.00022491521501716752,-0.001982913335059644,-1.910128656019509e-05,-0.00018261418318362527,0.0018167611536158426,0.9095181214967073,0.03316042687833047,0.00022681752517901422,1.9200481909981673e-06,0.00022489747698801606
V9-PLAIN-FIT-GN-DIAGNOSTIC-V8-COMMON-WALL,ordered_boundary_outgoing_channels,bottom,-2,0,p,-1.25,0.00020041932102071844,-0.00038140948515557916,-3.081108181661143e-16,-1.9107978283180129e-16,0.00043086088196194773,0.9095181214967073,0.03316042687833047,1.0572834873878982e-05,7.486128714139298e-30,1.0572834873878982e-05
V9-PLAIN-FIT-GN-DIAGNOSTIC-V8-COMMON-WALL,ordered_boundary_outgoing_channels,bottom,-2,1,s,-1.25,5.450978918147439e-05,4.290677736026603e-05,-1.9355895217042767e-06,1.6853186594882002e-06,6.989484554933352e-05,0.9095181214967073,0.03316042687833047,2.032898563705966e-07,2.7825122943269296e-10,2.030116051411639e-07
V9-PLAIN-FIT-GN-DIAGNOSTIC-V8-COMMON-WALL,ordered_boundary_outgoing_channels,bottom,-2,1,p,-1.25,-0.0011409281592196538,0.0007583576170801367,0.00018535452531684516,-4.189471985896257e-05,0.0015490092194941358,0.9095181214967073,0.03316042687833047,7.928401400458443e-05,1.5254830024097482e-06,7.775853100217468e-05
V9-PLAIN-FIT-GN-DIAGNOSTIC-V8-COMMON-WALL,ordered_boundary_outgoing_channels,bottom,-1,-1,s,-1.25,-0.00019517727246783523,0.00022278342949038854,-0.00020705147255067278,-0.00026129824663100645,0.0004842272873187822,0.9095181214967073,0.03316042687833047,2.724252601691347e-06,3.4515489579344382e-06,7.272963562430914e-07
V9-PLAIN-FIT-GN-DIAGNOSTIC-V8-COMMON-WALL,ordered_boundary_outgoing_channels,bottom,-1,-1,p,-1.25,0.000365487697448766,-0.0005421938942146155,0.00015499807170421564,0.00018981004150854804,0.0007616663603312688,0.9095181214967073,0.03316042687833047,1.3277259087391456e-05,1.8648558637476027e-06,1.1412403223643853e-05
V9-PLAIN-FIT-GN-DIAGNOSTIC-V8-COMMON-WALL,ordered_boundary_outgoing_channels,bottom,-1,0,s,-1.25,0.0001247915576877065,-0.0035396749987458057,0.0006107069086373302,-0.0012913701554319347,0.00230021485882452,0.9095181214967073,0.03316042687833047,0.0006175583275502769,0.00010045454435778903,0.0005171037831924878
V9-PLAIN-FIT-GN-DIAGNOSTIC-V8-COMMON-WALL,ordered_boundary_outgoing_channels,bottom,-1,0,p,-1.25,0.0008653482624087816,0.0011472535739919197,1.0475495179447351e-16,-4.776152653530708e-16,0.0014370171809314062,0.9095181214967073,0.03316042687833047,0.00010165662057351952,1.1769907587313279e-29,0.00010165662057351952
V9-PLAIN-FIT-GN-DIAGNOSTIC-V8-COMMON-WALL,ordered_boundary_outgoing_channels,bottom,-1,1,s,-1.25,-0.00034933614266176565,0.0003467242431326976,-0.00020705147254900414,-0.0002612982466308191,0.0006244487772486412,0.9095181214967073,0.03316042687833047,7.522910795876718e-06,3.4515489579099395e-06,4.071361837966779e-06
V9-PLAIN-FIT-GN-DIAGNOSTIC-V8-COMMON-WALL,ordered_boundary_outgoing_channels,bottom,-1,1,p,-1.25,-0.0011807168630683462,0.0010167448747583129,-0.0001549980717030024,-0.00018981004150863128,0.0015836267883967846,0.9095181214967073,0.03316042687833047,7.539456423273546e-05,1.8648558637369045e-06,7.352970836899856e-05
V9-PLAIN-FIT-GN-DIAGNOSTIC-V8-COMMON-WALL,ordered_boundary_outgoing_channels,bottom,0,0,s,-1.25,0.07158028370758661,-0.09910385810094662,0.07050175899447489,-0.09994772920440079,0.0013694283464415651,0.9095181214967073,0.03316042687833047,0.03230013913091358,0.032331984498269135,3.184536735555826e-05
V9-PLAIN-FIT-GN-DIAGNOSTIC-V8-COMMON-WALL,ordered_boundary_outgoing_channels,bottom,0,0,p,-1.25,0.006888407973359225,0.004637865914640255,1.7315585978917311e-15,4.892126973773713e-15,0.008304213668346426,0.9095181214967073,0.03316042687833047,0.00014903780506156193,5.820430999983165e-29,0.00014903780506156193
V9-PLAIN-FIT-GN-DIAGNOSTIC-V8-COMMON-WALL,ordered_scattered_channels,top,-3,-1,s,8.75,0.00040028365006329706,-2.938453337107556e-05,-9.195140170810291e-05,5.5769259938579254e-05,0.0004995463088717764,0.2468359522790033,0.12426392004665003,5.100952636206782e-06,3.662159813318062e-07,4.734736654874976e-06
V9-PLAIN-FIT-GN-DIAGNOSTIC-V8-COMMON-WALL,ordered_scattered_channels,top,-3,-1,p,8.75,-0.0008892499826526901,-1.7123269719778229e-06,6.49187356517443e-05,-4.008051303985588e-05,0.0009549398204561722,0.2468359522790033,0.12426392004665003,2.5039798739218228e-05,1.843193233752179e-07,2.485547941584301e-05
V9-PLAIN-FIT-GN-DIAGNOSTIC-V8-COMMON-WALL,ordered_scattered_channels,top,-3,0,s,8.75,0.0006758742476586832,-0.001366331512518002,-0.00019219020094724982,0.00048817928501638765,0.0020476196387769776,0.2468359522790033,0.12426392004665003,0.00011529361200090057,1.365740342110789e-05,0.00010163620857979268
V9-PLAIN-FIT-GN-DIAGNOSTIC-V8-COMMON-WALL,ordered_scattered_channels,top,-3,0,p,8.75,-7.323084109069337e-05,-0.0009743830890557357,1.2553482268998042e-15,3.668039838538298e-15,0.0009771310865651446,0.2468359522790033,0.12426392004665003,4.737365202686795e-05,7.457653301374714e-28,4.737365202686795e-05
V9-PLAIN-FIT-GN-DIAGNOSTIC-V8-COMMON-WALL,ordered_scattered_channels,top,-3,1,s,8.75,0.0002760965428549539,-0.00029666063013359994,-9.195140170914724e-05,5.5769259941376876e-05,0.0005095744468830044,0.2468359522790033,0.12426392004665003,5.200583190528714e-06,3.6621598134782935e-07,4.8343672091808845e-06
V9-PLAIN-FIT-GN-DIAGNOSTIC-V8-COMMON-WALL,ordered_scattered_channels,top,-3,1,p,8.75,0.0007911067241814088,-0.0006645900291134286,-6.491873565010715e-05,4.00805130396873e-05,0.001108756132275319,0.2468359522790033,0.12426392004665003,3.380348542094262e-05,1.843193233680326e-07,3.361916609757459e-05
V9-PLAIN-FIT-GN-DIAGNOSTIC-V8-COMMON-WALL,ordered_scattered_channels,top,-2,-1,s,8.75,4.4492788158589324e-05,-5.3185522615677574e-05,2.3445165024338254e-06,9.658174404606376e-07,6.862102034709627e-05,0.2468359522790033,0.12426392004665003,2.0535283372517786e-07,2.745931746845648e-10,2.050782405504933e-07
V9-PLAIN-FIT-GN-DIAGNOSTIC-V8-COMMON-WALL,ordered_scattered_channels,top,-2,-1,p,8.75,0.0036937264687837796,0.00045032792721296525,-0.00011450210530949539,-0.00014336308972242402,0.0038542280545045948,0.2468359522790033,0.12426392004665003,0.0005913513897770011,1.437706929814518e-06,0.0005899136828471865
V9-PLAIN-FIT-GN-DIAGNOSTIC-V8-COMMON-WALL,ordered_scattered_channels,top,-2,0,s,8.75,-0.00014866695520028247,0.0004309967803940036,0.0001642593255332033,-5.620738854478225e-05,0.0005790429685308555,0.2468359522790033,0.12426392004665003,1.1910110311420801e-05,1.7270051732052553e-06,1.0183105138215546e-05
V9-PLAIN-FIT-GN-DIAGNOSTIC-V8-COMMON-WALL,ordered_scattered_channels,top,-2,0,p,8.75,-0.00016707436506982677,-0.0003646262175162739,-1.731002669799771e-16,1.1404235647096274e-15,0.00040108119123749076,0.2468359522790033,0.12426392004665003,9.21741770546138e-06,7.623760074136061e-29,9.21741770546138e-06
V9-PLAIN-FIT-GN-DIAGNOSTIC-V8-COMMON-WALL,ordered_scattered_channels,top,-2,1,s,8.75,-0.00015645871263100566,3.0493676005888617e-05,2.344516501375749e-06,9.658174394089149e-07,0.00016152510645219727,0.2468359522790033,0.12426392004665003,1.0851737819379965e-06,2.745931743859139e-10,1.0848991887636106e-06
V9-PLAIN-FIT-GN-DIAGNOSTIC-V8-COMMON-WALL,ordered_scattered_channels,top,-2,1,p,8.75,-0.0018296538955793376,-0.0004423973878377799,0.00011450210531154583,0.0001433630897223534,0.002030482182357557,0.2468359522790033,0.12426392004665003,0.0001513290580074996,1.4377069298335635e-06,0.00014989135107766602
V9-PLAIN-FIT-GN-DIAGNOSTIC-V8-COMMON-WALL,ordered_scattered_channels,top,-1,-1,s,8.75,-0.0004542985720999922,0.00035795235734948125,-0.00016753172947578341,-0.00027805078620911914,0.0006976641173552495,0.2468359522790033,0.12426392004665003,1.0597813403436625e-05,3.3385088803210597e-06,7.2593045231155655e-06
V9-PLAIN-FIT-GN-DIAGNOSTIC-V8-COMMON-WALL,ordered_scattered_channels,top,-1,-1,p,8.75,-0.0007904783043709215,0.0008291721254975695,-0.00012312018254764134,-0.00020515373533901306,0.0012309333244164096,0.2468359522790033,0.12426392004665003,4.157749818634323e-05,1.8136268113864188e-06,3.9763871374956815e-05
V9-PLAIN-FIT-GN-DIAGNOSTIC-V8-COMMON-WALL,ordered_scattered_channels,top,-1,0,s,8.75,-0.000828930606897037,0.0016050091445884848,-0.0010285581087378939,0.0013279322632823076,0.0003415007139752107,0.2468359522790033,0.12426392004665003,0.00016194236224129492,0.00014001487940183894,2.192748283945598e-05
V9-PLAIN-FIT-GN-DIAGNOSTIC-V8-COMMON-WALL,ordered_scattered_channels,top,-1,0,p,8.75,0.0010146592980287217,9.643656349369354e-05,1.0695710033665002e-15,-1.898478834981676e-15,0.0010192318194860318,0.2468359522790033,0.12426392004665003,5.15543535839317e-05,2.3563986760300565e-28,5.15543535839317e-05
V9-PLAIN-FIT-GN-DIAGNOSTIC-V8-COMMON-WALL,ordered_scattered_channels,top,-1,1,s,8.75,-0.00030791883012971764,0.0005393912072823461,-0.00016753172947527734,-0.00027805078621216526,0.0008294093987642296,0.2468359522790033,0.12426392004665003,1.2221138019256204e-05,3.338508880369034e-06,8.88262913888717e-06
V9-PLAIN-FIT-GN-DIAGNOSTIC-V8-COMMON-WALL,ordered_scattered_channels,top,-1,1,p,8.75,0.0008445897596083637,-0.0014413464921517074,0.00012312018254903858,0.0002051537353391292,0.0017976321508444207,0.2468359522790033,0.12426392004665003,8.841551542479028e-05,1.8136268113985115e-06,8.660188861339177e-05
V9-PLAIN-FIT-GN-DIAGNOSTIC-V8-COMMON-WALL,ordered_scattered_channels,top,0,0,s,8.75,-0.019822943475196968,0.20827849905847176,-0.01927337511042978,0.20927155222279603,0.0011349801649048004,0.2468359522790033,0.12426392004665003,0.8133227382656391,0.812256818464021,0.001065919801618076
V9-PLAIN-FIT-GN-DIAGNOSTIC-V8-COMMON-WALL,ordered_scattered_channels,top,0,0,p,8.75,-0.012548238394574378,0.024926873629286805,1.1185579377514874e-13,-3.735624544869974e-15,0.027907119445412097,0.2468359522790033,0.12426392004665003,0.0007788073157372568,1.2563444413870592e-26,0.0007788073157372568
V9-PLAIN-FIT-GN-DIAGNOSTIC-V8-COMMON-WALL,ordered_scattered_channels,bottom,-3,-1,s,-1.25,0.00016676420631436283,-5.6173070889739736e-05,-4.909306826320045e-06,0.00011217325597253238,0.00024044184511453736,0.2468359522790033,0.12426392004665003,9.372850939570453e-07,3.815929255738811e-07,5.556921683831642e-07
V9-PLAIN-FIT-GN-DIAGNOSTIC-V8-COMMON-WALL,ordered_scattered_channels,bottom,-3,-1,p,-1.25,0.00027305586711521266,-0.00013844523163242446,-1.5732873804033325e-06,7.928198517251764e-05,0.00035046585202641806,0.2468359522790033,0.12426392004665003,2.8369613368137624e-06,1.903314808729246e-07,2.646629855940838e-06
V9-PLAIN-FIT-GN-DIAGNOSTIC-V8-COMMON-WALL,ordered_scattered_channels,bottom,-3,0,s,-1.25,-0.0010499854230044702,-0.0002891119104291949,-0.0004924362020247152,-0.0001736752134377082,0.0005693740113733995,0.2468359522790033,0.12426392004665003,5.745835024989082e-05,1.3208823483228831e-05,4.424952676666199e-05
V9-PLAIN-FIT-GN-DIAGNOSTIC-V8-COMMON-WALL,ordered_scattered_channels,bottom,-3,0,p,-1.25,0.0010041517340096144,-0.00013683447656354485,-1.3274970028758873e-16,2.3198170478591657e-16,0.0010134319803969405,0.2468359522790033,0.12426392004665003,4.975508842481088e-05,3.46080831114775e-30,4.975508842481088e-05
V9-PLAIN-FIT-GN-DIAGNOSTIC-V8-COMMON-WALL,ordered_scattered_channels,bottom,-3,1,s,-1.25,-0.0001298917575375884,-0.00043620235402679725,-4.9093068289528565e-06,0.00011217325597378981,0.0005624379278006174,0.2468359522790033,0.12426392004665003,6.269944901005884e-06,3.8159292558322023e-07,5.8883519754226646e-06
V9-PLAIN-FIT-GN-DIAGNOSTIC-V8-COMMON-WALL,ordered_scattered_channels,bottom,-3,1,p,-1.25,0.00040394826856663914,0.001293128647815781,1.5732873796878703e-06,-7.928198517485518e-05,0.0014301806078362823,0.2468359522790033,0.12426392004665003,5.555343268266011e-05,1.903314808841085e-07,5.5363101201776e-05
V9-PLAIN-FIT-GN-DIAGNOSTIC-V8-COMMON-WALL,ordered_scattered_channels,bottom,-2,-1,s,-1.25,-3.86497793070036e-05,7.67795136043194e-06,7.745485652971132e-07,2.471734525870588e-06,3.976659806811663e-05,0.2468359522790033,0.12426392004665003,6.439570767449809e-08,2.7825122930511906e-10,6.411745644519298e-08
V9-PLAIN-FIT-GN-DIAGNOSTIC-V8-COMMON-WALL,ordered_scattered_channels,bottom,-2,-1,p,-1.25,-0.0018531515339183608,-0.0003691626323061832,-3.630225008417886e-05,0.00018832341315366003,0.0019004557377248316,0.2468359522790033,0.12426392004665003,0.00014807330014877913,1.5254830024257906e-06,0.00014654781714635334
V9-PLAIN-FIT-GN-DIAGNOSTIC-V8-COMMON-WALL,ordered_scattered_channels,bottom,-2,0,s,-1.25,-0.0019942857605833846,-0.00024536367388383433,-0.00018404130862069833,1.7489532595272983e-05,0.0018292284668728603,0.2468359522790033,0.12426392004665003,0.00022681752517901422,1.9200481909981673e-06,0.00022489747698801606
V9-PLAIN-FIT-GN-DIAGNOSTIC-V8-COMMON-WALL,ordered_scattered_channels,bottom,-2,0,p,-1.25,-0.0003820978127076908,-0.00020542391423997592,-1.953215047833636e-16,3.0838854490696276e-16,0.00043381761492319783,0.2468359522790033,0.12426392004665003,1.0572834873878982e-05,7.486128714139298e-30,1.0572834873878982e-05
V9-PLAIN-FIT-GN-DIAGNOSTIC-V8-COMMON-WALL,ordered_scattered_channels,bottom,-2,1,s,-1.25,6.173461453209467e-05,-3.302591396149815e-05,7.745485660026087e-07,2.4717345262717774e-06,7.054227591133965e-05,0.2468359522790033,0.12426392004665003,2.032898563705966e-07,2.7825122943269296e-10,2.030116051411639e-07
V9-PLAIN-FIT-GN-DIAGNOSTIC-V8-COMMON-WALL,ordered_scattered_channels,bottom,-2,1,p,-1.25,0.0002392484033942445,0.0013618055312081719,3.630225008296777e-05,-0.00018832341315285628,0.001563357567957401,0.2468359522790033,0.12426392004665003,7.928401400458443e-05,1.5254830024097482e-06,7.775853100217468e-05
V9-PLAIN-FIT-GN-DIAGNOSTIC-V8-COMMON-WALL,ordered_scattered_channels,bottom,-1,-1,s,-1.25,3.9437311883307316e-05,0.0002973210582172724,-0.00033718347041335536,-1.666806024013619e-05,0.0004903390461378849,0.2468359522790033,0.12426392004665003,2.724252601691347e-06,3.4515489579344382e-06,7.272963562430914e-07
V9-PLAIN-FIT-GN-DIAGNOSTIC-V8-COMMON-WALL,ordered_scattered_channels,bottom,-1,-1,p,-1.25,-0.00016906376454423695,-0.0006401827577122368,0.00024799923661753275,8.609260274615205e-06,0.0007712798646026707,0.2468359522790033,0.12426392004665003,1.3277259087391456e-05,1.8648558637476027e-06,1.1412403223643853e-05
V9-PLAIN-FIT-GN-DIAGNOSTIC-V8-COMMON-WALL,ordered_scattered_channels,bottom,-1,0,s,-1.25,-0.003453218304647656,-0.0009056755853271802,-0.0011348134234954131,-0.00088619762079417,0.0023184867012887725,0.2468359522790033,0.12426392004665003,0.0006175583275502769,0.00010045454435778903,0.0005171037831924878
V9-PLAIN-FIT-GN-DIAGNOSTIC-V8-COMMON-WALL,ordered_scattered_channels,bottom,-1,0,p,-1.25,0.0013195892685834635,-0.000597193388823748,-4.465027736885759e-16,-2.0865938982257457e-16,0.0014484321804683717,0.2468359522790033,0.12426392004665003,0.00010165662057351952,1.1769907587313279e-29,0.00010165662057351952
V9-PLAIN-FIT-GN-DIAGNOSTIC-V8-COMMON-WALL,ordered_scattered_channels,bottom,-1,1,s,-1.25,3.0963952921863896e-05,0.0004974420120268763,-0.00033718347041209747,-1.666806024128843e-05,0.0006323303659599249,0.2468359522790033,0.12426392004665003,7.522910795876718e-06,3.4515489579099395e-06,4.071361837966779e-06
V9-PLAIN-FIT-GN-DIAGNOSTIC-V8-COMMON-WALL,ordered_scattered_channels,bottom,-1,1,p,-1.25,-1.3509575940230973e-05,0.001577768706869692,-0.00024799923661679776,-8.609260275598644e-06,0.0016036148089888158,0.2468359522790033,0.12426392004665003,7.539456423273546e-05,1.8648558637369045e-06,7.352970836899856e-05
V9-PLAIN-FIT-GN-DIAGNOSTIC-V8-COMMON-WALL,ordered_scattered_channels,bottom,0,0,s,-1.25,-0.04025846050794322,0.12350615834977452,-0.041607545586981674,0.12257388541158544,0.0016398668792813329,0.2468359522790033,0.12426392004665003,0.03230013913091358,0.032331984498269135,3.184536735555826e-05
V9-PLAIN-FIT-GN-DIAGNOSTIC-V8-COMMON-WALL,ordered_scattered_channels,bottom,0,0,p,-1.25,0.008563133946449038,0.00505558258061979,2.6658179463359154e-15,5.966790876859179e-15,0.009944152966149915,0.2468359522790033,0.12426392004665003,0.00014903780506156193,5.820430999983165e-29,0.00014903780506156193
V9-PLAIN-FIT-GN-DIAGNOSTIC,ordered_total_channels,top,-3,-1,s,8.75,-0.0006808006089425133,0.0009420808050581159,-9.195140170809825e-05,5.576925993858354e-05,0.0010640918869499814,0.4382342339399896,0.10708988446297207,4.277979293096884e-05,3.662159813318062e-07,4.2413576949637034e-05
V9-PLAIN-FIT-GN-DIAGNOSTIC,ordered_total_channels,top,-3,-1,p,8.75,0.002084480837922217,-0.0023981778887762033,6.491873565175626e-05,-4.0080513039853855e-05,0.0031047148529908092,0.4382342339399896,0.10708988446297207,0.00031970136779314276,1.843193233752179e-07,0.00031951704846976754
V9-PLAIN-FIT-GN-DIAGNOSTIC,ordered_total_channels,top,-3,0,s,8.75,0.001468431311142558,0.002974041493159295,-0.0001921902009470994,0.00048817928501632254,0.0029895107834373826,0.4382342339399896,0.10708988446297207,0.0005458480852911503,1.365740342110789e-05,0.0005321906818700424
V9-PLAIN-FIT-GN-DIAGNOSTIC,ordered_total_channels,top,-3,0,p,8.75,0.0004582594273416594,0.0005668910240426912,1.2553482268998042e-15,3.668039838538298e-15,0.0007289493369791671,0.4382342339399896,0.10708988446297207,2.636488588228261e-05,7.457653301374714e-28,2.636488588228261e-05
V9-PLAIN-FIT-GN-DIAGNOSTIC,ordered_total_channels,top,-3,1,s,8.75,0.0011638822573221239,0.0002646522347031878,-9.195140170915746e-05,5.576925994137385e-05,0.0012730869083849858,0.4382342339399896,0.10708988446297207,4.511215263754009e-05,3.6621598134782935e-07,4.474593665619226e-05
V9-PLAIN-FIT-GN-DIAGNOSTIC,ordered_total_channels,top,-3,1,p,8.75,0.0030449156203121775,0.0005301566228134996,-6.491873565012055e-05,4.0080513039672495e-05,0.0031482128763624753,0.4382342339399896,0.10708988446297207,0.0003024837496600844,1.843193233680326e-07,0.0003022994303367164
V9-PLAIN-FIT-GN-DIAGNOSTIC,ordered_total_channels,top,-2,-1,s,8.75,6.032868336817812e-05,-0.0002181038440098581,2.344516502433825e-06,9.65817440460633e-07,0.00022661350395568165,0.4382342339399896,0.10708988446297207,2.187022902813419e-06,2.745931746845648e-10,2.1867483096387344e-06
V9-PLAIN-FIT-GN-DIAGNOSTIC,ordered_total_channels,top,-2,-1,p,8.75,0.006660470782417419,0.00018214398639605856,-0.00011450210530953003,-0.00014336308972240936,0.006782787958209989,0.4382342339399896,0.10708988446297207,0.0018960201334445254,1.437706929814518e-06,0.0018945824265147108
V9-PLAIN-FIT-GN-DIAGNOSTIC,ordered_total_channels,top,-2,0,s,8.75,0.0018293791040885296,-0.000569959578126642,0.00016425932553326252,-5.6207388544626634e-05,0.0017425742994880465,0.4382342339399896,0.10708988446297207,0.00021037109110337102,1.7270051732052553e-06,0.00020864408593016575
V9-PLAIN-FIT-GN-DIAGNOSTIC,ordered_total_channels,top,-2,0,p,8.75,-2.060154218694841e-05,-2.562921462156489e-05,-1.731002669799771e-16,1.1404235647096274e-15,3.2882825040591857e-05,0.4382342339399896,0.10708988446297207,6.195593564379883e-08,7.623760074136061e-29,6.195593564379883e-08
V9-PLAIN-FIT-GN-DIAGNOSTIC,ordered_total_channels,top,-2,1,s,8.75,-0.00016145040969524897,0.0001253469051285049,2.3445165013757525e-06,9.658174394089157e-07,0.00020566825915167445,0.4382342339399896,0.10708988446297207,1.7842549564960188e-06,2.745931743859139e-10,1.7839803633216328e-06
V9-PLAIN-FIT-GN-DIAGNOSTIC,ordered_total_channels,top,-2,1,p,8.75,0.0025262952225851795,0.0011601819252507891,0.0001145021053115565,0.0001433630897223461,0.00261737780704541,0.4382342339399896,0.10708988446297207,0.00033005490493482123,1.4377069298335635e-06,0.0003286171980049877
V9-PLAIN-FIT-GN-DIAGNOSTIC,ordered_total_channels,top,-1,-1,s,8.75,-0.0005385612604872187,1.3818738904680557e-05,-0.0001675317294758279,-0.0002780507862091289,0.0004720706859917202,0.4382342339399896,0.10708988446297207,9.195048397782153e-06,3.3385088803210597e-06,5.856539517461093e-06
V9-PLAIN-FIT-GN-DIAGNOSTIC,ordered_total_channels,top,-1,-1,p,8.75,-0.0010307734481693712,-5.241604749236471e-06,-0.00012312018254765662,-0.00020515373533905003,0.0009294080430848021,0.4382342339399896,0.10708988446297207,3.3661668893778096e-05,1.8136268113864188e-06,3.184804208239168e-05
V9-PLAIN-FIT-GN-DIAGNOSTIC,ordered_total_channels,top,-1,0,s,8.75,-0.0007503481999187504,0.00825436123500568,-0.0010285581087383054,0.0013279322632824794,0.0069320140690633265,0.4382342339399896,0.10708988446297207,0.0034092617274963546,0.00014001487940183894,0.0032692468480945156
V9-PLAIN-FIT-GN-DIAGNOSTIC,ordered_total_channels,top,-1,0,p,8.75,0.0014063385610660253,-0.0001417068901877236,1.0695710033665002e-15,-1.898478834981676e-15,0.0014134599361369912,0.4382342339399896,0.10708988446297207,9.914855864390884e-05,2.3563986760300565e-28,9.914855864390884e-05
V9-PLAIN-FIT-GN-DIAGNOSTIC,ordered_total_channels,top,-1,1,s,8.75,-0.0006895399429584911,0.0014697707783619157,-0.0001675317294752791,-0.00027805078621218255,0.0018241087677367772,0.4382342339399896,0.10708988446297207,8.350116591916389e-05,3.338508880369034e-06,8.016265703879485e-05
V9-PLAIN-FIT-GN-DIAGNOSTIC,ordered_total_channels,top,-1,1,p,8.75,0.001902530638267808,-0.0035108422676798892,0.00012312018254904267,0.00020515373533914856,0.004120064060712495,0.4382342339399896,0.10708988446297207,0.0005051726395431695,1.8136268113985115e-06,0.000503359012731771
V9-PLAIN-FIT-GN-DIAGNOSTIC,ordered_total_channels,top,0,0,s,8.75,0.02701658108036009,-0.416984558358917,0.026785429987131376,-0.4121567714282053,0.004833317440045897,0.4382342339399896,0.10708988446297207,0.8122280191981438,0.812256818464021,2.8799265877177405e-05
V9-PLAIN-FIT-GN-DIAGNOSTIC,ordered_total_channels,top,0,0,p,8.75,-0.005190442364274248,0.040344494430428,1.1196540890151039e-13,-5.214558791588342e-15,0.04067700729878332,0.4382342339399896,0.10708988446297207,0.001654618922783325,1.2563444413870592e-26,0.001654618922783325
V9-PLAIN-FIT-GN-DIAGNOSTIC,ordered_total_channels,bottom,-3,-1,s,-1.25,-0.00018464047639268094,-0.0011781493558101943,-4.909306826319978e-06,0.00011217325597253058,0.0013027800028368123,0.4382342339399896,0.10708988446297207,4.3045652631432754e-05,3.815929255738811e-07,4.266405970585887e-05
V9-PLAIN-FIT-GN-DIAGNOSTIC,ordered_total_channels,bottom,-3,-1,p,-1.25,-0.0002996060923081123,-0.002651885438473286,-1.5732873803997091e-06,7.928198517251047e-05,0.0027473803975418287,0.4382342339399896,0.10708988446297207,0.00021557998708937834,1.903314808729246e-07,0.0002153896556085054
V9-PLAIN-FIT-GN-DIAGNOSTIC,ordered_total_channels,bottom,-3,0,s,-1.25,-0.009181491497660258,-0.0005567972589520966,-0.0004924362020247129,-0.0001736752134376343,0.008697497595996868,0.4382342339399896,0.10708988446297207,0.004098915908902408,1.3208823483228831e-05,0.00408570708541918
V9-PLAIN-FIT-GN-DIAGNOSTIC,ordered_total_channels,bottom,-3,0,p,-1.25,-0.0012459084373453388,-0.0004715220003384672,-1.3274970028758873e-16,2.3198170478591657e-16,0.0013321489522765018,0.4382342339399896,0.10708988446297207,8.597137395837392e-05,3.46080831114775e-30,8.597137395837392e-05
V9-PLAIN-FIT-GN-DIAGNOSTIC,ordered_total_channels,bottom,-3,1,s,-1.25,0.0004031593342351292,0.0010557948914298619,-4.909306828951654e-06,0.00011217325597379069,0.0010280767513764118,0.4382342339399896,0.10708988446297207,3.866012198354773e-05,3.8159292558322023e-07,3.827852905796451e-05
V9-PLAIN-FIT-GN-DIAGNOSTIC,ordered_total_channels,bottom,-3,1,p,-1.25,-0.0013326784297793277,-0.0022982399315346824,1.5732873796791848e-06,-7.9281985174855e-05,0.0025892087618527753,0.4382342339399896,0.10708988446297207,0.0002136330697738265,1.903314808841085e-07,0.00021344273829294237
V9-PLAIN-FIT-GN-DIAGNOSTIC,ordered_total_channels,bottom,-2,-1,s,-1.25,-9.071357417303606e-05,-6.741651109564632e-05,7.745485652971132e-07,2.4717345258705883e-06,0.00011512794395036243,0.4382342339399896,0.10708988446297207,5.297590928399265e-07,2.7825122930511906e-10,5.294808416106213e-07
V9-PLAIN-FIT-GN-DIAGNOSTIC,ordered_total_channels,bottom,-2,-1,p,-1.25,0.00020538540995457082,0.0009230837597748397,-3.630225008417201e-05,0.0001883234131536643,0.0007734892966175245,0.4382342339399896,0.10708988446297207,3.708691453012892e-05,1.5254830024257906e-06,3.556143152770313e-05
V9-PLAIN-FIT-GN-DIAGNOSTIC,ordered_total_channels,bottom,-2,0,s,-1.25,-0.0028016064612062827,-0.0010552241772498084,-0.00018404130862068258,1.7489532595230964e-05,0.0028288446460207005,0.4382342339399896,0.10708988446297207,0.0005035076806338663,1.9200481909981673e-06,0.0005015876324428681
V9-PLAIN-FIT-GN-DIAGNOSTIC,ordered_total_channels,bottom,-2,0,p,-1.25,0.00021351019660905635,-0.0002481523322023361,-1.953215047833636e-16,3.0838854490696276e-16,0.0003273624658291371,0.4382342339399896,0.10708988446297207,6.020531756080143e-06,7.486128714139298e-30,6.020531756080143e-06
V9-PLAIN-FIT-GN-DIAGNOSTIC,ordered_total_channels,bottom,-2,1,s,-1.25,0.00012325069351143346,-5.058496923104614e-05,7.745485660026084e-07,2.4717345262717786e-06,0.00013347441662837857,0.4382342339399896,0.10708988446297207,7.361079320830674e-07,2.7825122943269296e-10,7.358296808536347e-07
V9-PLAIN-FIT-GN-DIAGNOSTIC,ordered_total_channels,bottom,-2,1,p,-1.25,-0.002486422095193822,0.0021510871966383903,3.630225008297548e-05,-0.00018832341315286793,0.003440491261935736,0.4382342339399896,0.10708988446297207,0.00044828895395543827,1.5254830024097482e-06,0.0004467634709530285
V9-PLAIN-FIT-GN-DIAGNOSTIC,ordered_total_channels,bottom,-1,-1,s,-1.25,-0.00025883955158156815,0.000411578761130207,-0.00033718347041335526,-1.6668060240140516e-05,0.00043535400495657323,0.4382342339399896,0.10708988446297207,7.159122407084208e-06,3.4515489579344382e-06,3.70757344914977e-06
V9-PLAIN-FIT-GN-DIAGNOSTIC,ordered_total_channels,bottom,-1,-1,p,-1.25,0.0005905201231493398,-0.0009071974550146336,0.0002479992366175502,8.609260274623294e-06,0.0009777640295487563,0.4382342339399896,0.10708988446297207,3.5485082694655394e-05,1.8648558637476027e-06,3.362022683090779e-05
V9-PLAIN-FIT-GN-DIAGNOSTIC,ordered_total_channels,bottom,-1,0,s,-1.25,-0.006585615999575314,-0.002859223747933465,-0.0011348134234953988,-0.0008861976207941805,0.005796902692108407,0.4382342339399896,0.10708988446297207,0.0024976413865455327,0.00010045454435778903,0.0023971868421877435
V9-PLAIN-FIT-GN-DIAGNOSTIC,ordered_total_channels,bottom,-1,0,p,-1.25,0.0007804846663323027,0.000603149151337374,-4.465027736885759e-16,-2.0865938982257457e-16,0.0009863798523590133,0.4382342339399896,0.10708988446297207,4.714414061870638e-05,1.1769907587313279e-29,4.714414061870638e-05
V9-PLAIN-FIT-GN-DIAGNOSTIC,ordered_total_channels,bottom,-1,1,s,-1.25,-0.00045831213973542934,-0.00035854216519437846,-0.00033718347041209904,-1.6668060241286416e-05,0.0003626983018564031,0.4382342339399896,0.10708988446297207,1.0254433716559607e-05,3.4515489579099395e-06,6.802884758649667e-06
V9-PLAIN-FIT-GN-DIAGNOSTIC,ordered_total_channels,bottom,-1,1,p,-1.25,-0.0014488110296951612,-0.00045279797669316776,-0.000247999236616804,-8.609260275602887e-06,0.0012803329950402526,0.4382342339399896,0.10708988446297207,6.977807147411449e-05,1.8648558637369045e-06,6.791321561037759e-05
V9-PLAIN-FIT-GN-DIAGNOSTIC,ordered_total_channels,bottom,0,0,s,-1.25,0.07371751029078409,-0.11359311202263772,0.07718950242782177,-0.12447475436113979,0.011422121929953833,0.4382342339399896,0.10708988446297207,0.027637892402232387,0.032331984498269135,0.004694092096036748
V9-PLAIN-FIT-GN-DIAGNOSTIC,ordered_total_channels,bottom,0,0,p,-1.25,0.00862998727365378,0.0028016998641029554,2.4167599005431038e-15,5.725178855579965e-15,0.009073378779256763,0.4382342339399896,0.10708988446297207,0.000124079186161722,5.820430999983165e-29,0.000124079186161722
V9-PLAIN-FIT-GN-DIAGNOSTIC,ordered_outgoing_channels,top,-3,-1,s,8.75,-0.0006808006089425133,0.0009420808050581159,-9.195140170809825e-05,5.576925993858354e-05,0.0010640918869499814,0.9130801710515086,0.051397954931281846,4.277979293096884e-05,3.662159813318062e-07,4.2413576949637034e-05
V9-PLAIN-FIT-GN-DIAGNOSTIC,ordered_outgoing_channels,top,-3,-1,p,8.75,0.002084480837922217,-0.0023981778887762033,6.491873565175626e-05,-4.0080513039853855e-05,0.0031047148529908092,0.9130801710515086,0.051397954931281846,0.00031970136779314276,1.843193233752179e-07,0.00031951704846976754
V9-PLAIN-FIT-GN-DIAGNOSTIC,ordered_outgoing_channels,top,-3,0,s,8.75,0.001468431311142558,0.002974041493159295,-0.0001921902009470994,0.00048817928501632254,0.0029895107834373826,0.9130801710515086,0.051397954931281846,0.0005458480852911503,1.365740342110789e-05,0.0005321906818700424
V9-PLAIN-FIT-GN-DIAGNOSTIC,ordered_outgoing_channels,top,-3,0,p,8.75,0.0004582594273416594,0.0005668910240426912,1.2553482268998042e-15,3.668039838538298e-15,0.0007289493369791671,0.9130801710515086,0.051397954931281846,2.636488588228261e-05,7.457653301374714e-28,2.636488588228261e-05
V9-PLAIN-FIT-GN-DIAGNOSTIC,ordered_outgoing_channels,top,-3,1,s,8.75,0.0011638822573221239,0.0002646522347031878,-9.195140170915746e-05,5.576925994137385e-05,0.0012730869083849858,0.9130801710515086,0.051397954931281846,4.511215263754009e-05,3.6621598134782935e-07,4.474593665619226e-05
V9-PLAIN-FIT-GN-DIAGNOSTIC,ordered_outgoing_channels,top,-3,1,p,8.75,0.0030449156203121775,0.0005301566228134996,-6.491873565012055e-05,4.0080513039672495e-05,0.0031482128763624753,0.9130801710515086,0.051397954931281846,0.0003024837496600844,1.843193233680326e-07,0.0003022994303367164
V9-PLAIN-FIT-GN-DIAGNOSTIC,ordered_outgoing_channels,top,-2,-1,s,8.75,6.032868336817812e-05,-0.0002181038440098581,2.344516502433825e-06,9.65817440460633e-07,0.00022661350395568165,0.9130801710515086,0.051397954931281846,2.187022902813419e-06,2.745931746845648e-10,2.1867483096387344e-06
V9-PLAIN-FIT-GN-DIAGNOSTIC,ordered_outgoing_channels,top,-2,-1,p,8.75,0.006660470782417419,0.00018214398639605856,-0.00011450210530953003,-0.00014336308972240936,0.006782787958209989,0.9130801710515086,0.051397954931281846,0.0018960201334445254,1.437706929814518e-06,0.0018945824265147108
V9-PLAIN-FIT-GN-DIAGNOSTIC,ordered_outgoing_channels,top,-2,0,s,8.75,0.0018293791040885296,-0.000569959578126642,0.00016425932553326252,-5.6207388544626634e-05,0.0017425742994880465,0.9130801710515086,0.051397954931281846,0.00021037109110337102,1.7270051732052553e-06,0.00020864408593016575
V9-PLAIN-FIT-GN-DIAGNOSTIC,ordered_outgoing_channels,top,-2,0,p,8.75,-2.060154218694841e-05,-2.562921462156489e-05,-1.731002669799771e-16,1.1404235647096274e-15,3.2882825040591857e-05,0.9130801710515086,0.051397954931281846,6.195593564379883e-08,7.623760074136061e-29,6.195593564379883e-08
V9-PLAIN-FIT-GN-DIAGNOSTIC,ordered_outgoing_channels,top,-2,1,s,8.75,-0.00016145040969524897,0.0001253469051285049,2.3445165013757525e-06,9.658174394089157e-07,0.00020566825915167445,0.9130801710515086,0.051397954931281846,1.7842549564960188e-06,2.745931743859139e-10,1.7839803633216328e-06
V9-PLAIN-FIT-GN-DIAGNOSTIC,ordered_outgoing_channels,top,-2,1,p,8.75,0.0025262952225851795,0.0011601819252507891,0.0001145021053115565,0.0001433630897223461,0.00261737780704541,0.9130801710515086,0.051397954931281846,0.00033005490493482123,1.4377069298335635e-06,0.0003286171980049877
V9-PLAIN-FIT-GN-DIAGNOSTIC,ordered_outgoing_channels,top,-1,-1,s,8.75,-0.0005385612604872187,1.3818738904680557e-05,-0.0001675317294758279,-0.0002780507862091289,0.0004720706859917202,0.9130801710515086,0.051397954931281846,9.195048397782153e-06,3.3385088803210597e-06,5.856539517461093e-06
V9-PLAIN-FIT-GN-DIAGNOSTIC,ordered_outgoing_channels,top,-1,-1,p,8.75,-0.0010307734481693712,-5.241604749236471e-06,-0.00012312018254765662,-0.00020515373533905003,0.0009294080430848021,0.9130801710515086,0.051397954931281846,3.3661668893778096e-05,1.8136268113864188e-06,3.184804208239168e-05
V9-PLAIN-FIT-GN-DIAGNOSTIC,ordered_outgoing_channels,top,-1,0,s,8.75,-0.0007503481999187504,0.00825436123500568,-0.0010285581087383054,0.0013279322632824794,0.0069320140690633265,0.9130801710515086,0.051397954931281846,0.0034092617274963546,0.00014001487940183894,0.0032692468480945156
V9-PLAIN-FIT-GN-DIAGNOSTIC,ordered_outgoing_channels,top,-1,0,p,8.75,0.0014063385610660253,-0.0001417068901877236,1.0695710033665002e-15,-1.898478834981676e-15,0.0014134599361369912,0.9130801710515086,0.051397954931281846,9.914855864390884e-05,2.3563986760300565e-28,9.914855864390884e-05
V9-PLAIN-FIT-GN-DIAGNOSTIC,ordered_outgoing_channels,top,-1,1,s,8.75,-0.0006895399429584911,0.0014697707783619157,-0.0001675317294752791,-0.00027805078621218255,0.0018241087677367772,0.9130801710515086,0.051397954931281846,8.350116591916389e-05,3.338508880369034e-06,8.016265703879485e-05
V9-PLAIN-FIT-GN-DIAGNOSTIC,ordered_outgoing_channels,top,-1,1,p,8.75,0.001902530638267808,-0.0035108422676798892,0.00012312018254904267,0.00020515373533914856,0.004120064060712495,0.9130801710515086,0.051397954931281846,0.0005051726395431695,1.8136268113985115e-06,0.000503359012731771
V9-PLAIN-FIT-GN-DIAGNOSTIC,ordered_outgoing_channels,top,0,0,s,8.75,-0.9002324306940206,-0.0425392750885375,-0.9004635817872493,-0.03771148815782577,0.004833317440045896,0.9130801710515086,0.051397954931281846,0.8122280191981438,0.812256818464021,2.8799265877177405e-05
V9-PLAIN-FIT-GN-DIAGNOSTIC,ordered_outgoing_channels,top,0,0,p,8.75,-0.005190442364274248,0.040344494430428,1.1196540890151039e-13,-5.214558791588342e-15,0.04067700729878332,0.9130801710515086,0.051397954931281846,0.001654618922783325,1.2563444413870592e-26,0.001654618922783325
V9-PLAIN-FIT-GN-DIAGNOSTIC,ordered_outgoing_channels,bottom,-3,-1,s,-1.25,-0.00018464047639268094,-0.0011781493558101943,-4.909306826319978e-06,0.00011217325597253058,0.0013027800028368123,0.9130801710515086,0.051397954931281846,4.3045652631432754e-05,3.815929255738811e-07,4.266405970585887e-05
V9-PLAIN-FIT-GN-DIAGNOSTIC,ordered_outgoing_channels,bottom,-3,-1,p,-1.25,-0.0002996060923081123,-0.002651885438473286,-1.5732873803997091e-06,7.928198517251047e-05,0.0027473803975418287,0.9130801710515086,0.051397954931281846,0.00021557998708937834,1.903314808729246e-07,0.0002153896556085054
V9-PLAIN-FIT-GN-DIAGNOSTIC,ordered_outgoing_channels,bottom,-3,0,s,-1.25,-0.009181491497660258,-0.0005567972589520966,-0.0004924362020247129,-0.0001736752134376343,0.008697497595996868,0.9130801710515086,0.051397954931281846,0.004098915908902408,1.3208823483228831e-05,0.00408570708541918
V9-PLAIN-FIT-GN-DIAGNOSTIC,ordered_outgoing_channels,bottom,-3,0,p,-1.25,-0.0012459084373453388,-0.0004715220003384672,-1.3274970028758873e-16,2.3198170478591657e-16,0.0013321489522765018,0.9130801710515086,0.051397954931281846,8.597137395837392e-05,3.46080831114775e-30,8.597137395837392e-05
V9-PLAIN-FIT-GN-DIAGNOSTIC,ordered_outgoing_channels,bottom,-3,1,s,-1.25,0.0004031593342351292,0.0010557948914298619,-4.909306828951654e-06,0.00011217325597379069,0.0010280767513764118,0.9130801710515086,0.051397954931281846,3.866012198354773e-05,3.8159292558322023e-07,3.827852905796451e-05
V9-PLAIN-FIT-GN-DIAGNOSTIC,ordered_outgoing_channels,bottom,-3,1,p,-1.25,-0.0013326784297793277,-0.0022982399315346824,1.5732873796791848e-06,-7.9281985174855e-05,0.0025892087618527753,0.9130801710515086,0.051397954931281846,0.0002136330697738265,1.903314808841085e-07,0.00021344273829294237
V9-PLAIN-FIT-GN-DIAGNOSTIC,ordered_outgoing_channels,bottom,-2,-1,s,-1.25,-9.071357417303606e-05,-6.741651109564632e-05,7.745485652971132e-07,2.4717345258705883e-06,0.00011512794395036243,0.9130801710515086,0.051397954931281846,5.297590928399265e-07,2.7825122930511906e-10,5.294808416106213e-07
V9-PLAIN-FIT-GN-DIAGNOSTIC,ordered_outgoing_channels,bottom,-2,-1,p,-1.25,0.00020538540995457082,0.0009230837597748397,-3.630225008417201e-05,0.0001883234131536643,0.0007734892966175245,0.9130801710515086,0.051397954931281846,3.708691453012892e-05,1.5254830024257906e-06,3.556143152770313e-05
V9-PLAIN-FIT-GN-DIAGNOSTIC,ordered_outgoing_channels,bottom,-2,0,s,-1.25,-0.0028016064612062827,-0.0010552241772498084,-0.00018404130862068258,1.7489532595230964e-05,0.0028288446460207005,0.9130801710515086,0.051397954931281846,0.0005035076806338663,1.9200481909981673e-06,0.0005015876324428681
V9-PLAIN-FIT-GN-DIAGNOSTIC,ordered_outgoing_channels,bottom,-2,0,p,-1.25,0.00021351019660905635,-0.0002481523322023361,-1.953215047833636e-16,3.0838854490696276e-16,0.0003273624658291371,0.9130801710515086,0.051397954931281846,6.020531756080143e-06,7.486128714139298e-30,6.020531756080143e-06
V9-PLAIN-FIT-GN-DIAGNOSTIC,ordered_outgoing_channels,bottom,-2,1,s,-1.25,0.00012325069351143346,-5.058496923104614e-05,7.745485660026084e-07,2.4717345262717786e-06,0.00013347441662837857,0.9130801710515086,0.051397954931281846,7.361079320830674e-07,2.7825122943269296e-10,7.358296808536347e-07
V9-PLAIN-FIT-GN-DIAGNOSTIC,ordered_outgoing_channels,bottom,-2,1,p,-1.25,-0.002486422095193822,0.0021510871966383903,3.630225008297548e-05,-0.00018832341315286793,0.003440491261935736,0.9130801710515086,0.051397954931281846,0.00044828895395543827,1.5254830024097482e-06,0.0004467634709530285
V9-PLAIN-FIT-GN-DIAGNOSTIC,ordered_outgoing_channels,bottom,-1,-1,s,-1.25,-0.00025883955158156815,0.000411578761130207,-0.00033718347041335526,-1.6668060240140516e-05,0.00043535400495657323,0.9130801710515086,0.051397954931281846,7.159122407084208e-06,3.4515489579344382e-06,3.70757344914977e-06
V9-PLAIN-FIT-GN-DIAGNOSTIC,ordered_outgoing_channels,bottom,-1,-1,p,-1.25,0.0005905201231493398,-0.0009071974550146336,0.0002479992366175502,8.609260274623294e-06,0.0009777640295487563,0.9130801710515086,0.051397954931281846,3.5485082694655394e-05,1.8648558637476027e-06,3.362022683090779e-05
V9-PLAIN-FIT-GN-DIAGNOSTIC,ordered_outgoing_channels,bottom,-1,0,s,-1.25,-0.006585615999575314,-0.002859223747933465,-0.0011348134234953988,-0.0008861976207941805,0.005796902692108407,0.9130801710515086,0.051397954931281846,0.0024976413865455327,0.00010045454435778903,0.0023971868421877435
V9-PLAIN-FIT-GN-DIAGNOSTIC,ordered_outgoing_channels,bottom,-1,0,p,-1.25,0.0007804846663323027,0.000603149151337374,-4.465027736885759e-16,-2.0865938982257457e-16,0.0009863798523590133,0.9130801710515086,0.051397954931281846,4.714414061870638e-05,1.1769907587313279e-29,4.714414061870638e-05
V9-PLAIN-FIT-GN-DIAGNOSTIC,ordered_outgoing_channels,bottom,-1,1,s,-1.25,-0.00045831213973542934,-0.00035854216519437846,-0.00033718347041209904,-1.6668060241286416e-05,0.0003626983018564031,0.9130801710515086,0.051397954931281846,1.0254433716559607e-05,3.4515489579099395e-06,6.802884758649667e-06
V9-PLAIN-FIT-GN-DIAGNOSTIC,ordered_outgoing_channels,bottom,-1,1,p,-1.25,-0.0014488110296951612,-0.00045279797669316776,-0.000247999236616804,-8.609260275602887e-06,0.0012803329950402526,0.9130801710515086,0.051397954931281846,6.977807147411449e-05,1.8648558637369045e-06,6.791321561037759e-05
V9-PLAIN-FIT-GN-DIAGNOSTIC,ordered_outgoing_channels,bottom,0,0,s,-1.25,0.07371751029078409,-0.11359311202263772,0.07718950242782177,-0.12447475436113979,0.011422121929953833,0.9130801710515086,0.051397954931281846,0.027637892402232387,0.032331984498269135,0.004694092096036748
V9-PLAIN-FIT-GN-DIAGNOSTIC,ordered_outgoing_channels,bottom,0,0,p,-1.25,0.00862998727365378,0.0028016998641029554,2.4167599005431038e-15,5.725178855579965e-15,0.009073378779256763,0.9130801710515086,0.051397954931281846,0.000124079186161722,5.820430999983165e-29,0.000124079186161722
V9-PLAIN-FIT-GN-DIAGNOSTIC,ordered_boundary_outgoing_channels,top,-3,-1,s,8.75,-0.0004729981248011193,0.001061733717242732,-7.855082196187339e-05,7.345092919286605e-05,0.0010640918869499816,0.9095181214967073,0.050808497758846695,4.277979293096884e-05,3.662159813318062e-07,4.2413576949637034e-05
V9-PLAIN-FIT-GN-DIAGNOSTIC,ordered_boundary_outgoing_channels,top,-3,-1,p,8.75,0.0015480168294182398,-0.0027748804380942063,5.531274235513715e-05,-5.254893240889601e-05,0.003104714852990809,0.9095181214967073,0.050808497758846695,0.00031970136779314276,1.843193233752179e-07,0.00031951704846976754
V9-PLAIN-FIT-GN-DIAGNOSTIC,ordered_boundary_outgoing_channels,top,-3,0,s,8.75,-0.001174424219354084,-0.0031019253813674456,0.0002384264874377627,-0.00046734237743567054,0.0029895107834373835,0.9095181214967073,0.050808497758846695,0.0005458480852911503,1.365740342110789e-05,0.0005321906818700424
V9-PLAIN-FIT-GN-DIAGNOSTIC,ordered_boundary_outgoing_channels,top,-3,0,p,8.75,-0.00040138457012162034,-0.0006084879314793011,-8.953304260694988e-16,-3.7721080122444466e-15,0.0007289493369791671,0.9095181214967073,0.050808497758846695,2.636488588228261e-05,7.457653301374714e-28,2.636488588228261e-05
V9-PLAIN-FIT-GN-DIAGNOSTIC,ordered_boundary_outgoing_channels,top,-3,1,s,8.75,0.0011934215558092396,2.0191690679277125e-05,-7.855082196233748e-05,7.345092919581435e-05,0.0012730869083849858,0.9095181214967073,0.050808497758846695,4.511215263754009e-05,3.6621598134782935e-07,4.474593665619226e-05
V9-PLAIN-FIT-GN-DIAGNOSTIC,ordered_boundary_outgoing_channels,top,-3,1,p,8.75,0.0030889081332651906,-0.00010594207748701578,-5.5312742353573465e-05,5.2548932408382856e-05,0.0031482128763624757,0.9095181214967073,0.050808497758846695,0.0003024837496600844,1.843193233680326e-07,0.0003022994303367164
V9-PLAIN-FIT-GN-DIAGNOSTIC,ordered_boundary_outgoing_channels,top,-2,-1,s,8.75,0.00018528736966742196,0.00012991315349317992,-1.6954805776036832e-06,1.8854459868824524e-06,0.00022661350395568165,0.9095181214967073,0.050808497758846695,2.187022902813419e-06,2.745931746845648e-10,2.1867483096387344e-06
V9-PLAIN-FIT-GN-DIAGNOSTIC,ordered_boundary_outgoing_channels,top,-2,-1,p,8.75,-0.002403064453413498,0.006214525622117656,0.00017343931198744156,-5.9854094867379096e-05,0.006782787958209989,0.9095181214967073,0.050808497758846695,0.0018960201334445254,1.437706929814518e-06,0.0018945824265147108
V9-PLAIN-FIT-GN-DIAGNOSTIC,ordered_boundary_outgoing_channels,top,-2,0,s,8.75,-0.0005699598114289653,-0.0018293790314010678,-5.6207409492762594e-05,-0.00016425931836508344,0.0017425742994880468,0.9095181214967073,0.050808497758846695,0.00021037109110337102,1.7270051732052553e-06,0.00020864408593016575
V9-PLAIN-FIT-GN-DIAGNOSTIC,ordered_boundary_outgoing_channels,top,-2,0,p,8.75,-2.5629211994231866e-05,2.060154545546455e-05,1.1404235867852477e-15,1.7310012154075433e-16,3.2882825040591857e-05,0.9095181214967073,0.050808497758846695,6.195593564379883e-08,7.623760074136061e-29,6.195593564379883e-08
V9-PLAIN-FIT-GN-DIAGNOSTIC,ordered_boundary_outgoing_channels,top,-2,1,s,8.75,-6.401238627535737e-05,-0.0001941146460713168,-1.6954805762582626e-06,1.885445986237883e-06,0.00020566825915167445,0.9095181214967073,0.050808497758846695,1.7842549564960188e-06,2.745931743859139e-10,1.7839803633216328e-06
V9-PLAIN-FIT-GN-DIAGNOSTIC,ordered_boundary_outgoing_channels,top,-2,1,p,8.75,-0.0019395133906043207,0.0019916017320242172,-0.00017343931198806085,5.9854094869309646e-05,0.00261737780704541,0.9095181214967073,0.050808497758846695,0.00033005490493482123,1.4377069298335635e-06,0.0003286171980049877
V9-PLAIN-FIT-GN-DIAGNOSTIC,ordered_boundary_outgoing_channels,top,-1,-1,s,8.75,-0.0005246384710021528,0.0001224486161090478,-0.00022030138827274493,-0.0002384248695454775,0.00047207068599172024,0.9095181214967073,0.050808497758846695,9.195048397782153e-06,3.3385088803210597e-06,5.856539517461093e-06
V9-PLAIN-FIT-GN-DIAGNOSTIC,ordered_boundary_outgoing_channels,top,-1,-1,p,8.75,-0.0010105348388367015,0.00020332416326793095,-0.00016206524324860404,-0.0001760155998907599,0.0009294080430848021,0.9095181214967073,0.050808497758846695,3.3661668893778096e-05,1.8136268113864188e-06,3.184804208239168e-05
V9-PLAIN-FIT-GN-DIAGNOSTIC,ordered_boundary_outgoing_channels,top,-1,0,s,8.75,0.0015595536533965404,-0.008140349760376597,0.0011543275989399616,-0.0012201900152203147,0.0069320140690633265,0.9095181214967073,0.050808497758846695,0.0034092617274963546,0.00014001487940183894,0.0032692468480945156
V9-PLAIN-FIT-GN-DIAGNOSTIC,ordered_boundary_outgoing_channels,top,-1,0,p,8.75,-0.0014134576751004418,2.528194531256078e-06,-1.2513260214317444e-15,1.783924663825131e-15,0.0014134599361369912,0.9095181214967073,0.050808497758846695,9.914855864390884e-05,2.3563986760300565e-28,9.914855864390884e-05
V9-PLAIN-FIT-GN-DIAGNOSTIC,ordered_boundary_outgoing_channels,top,-1,1,s,8.75,-0.0003780544756707461,0.0015788496721623336,-0.00022030138827282503,-0.00023842486954857905,0.0018241087677367772,0.9095181214967073,0.050808497758846695,8.350116591916389e-05,3.338508880369034e-06,8.016265703879485e-05
V9-PLAIN-FIT-GN-DIAGNOSTIC,ordered_boundary_outgoing_channels,top,-1,1,p,8.75,0.001153207316909939,-0.003823054948898951,0.00016206524324998136,0.0001760155998905761,0.004120064060712495,0.9095181214967073,0.050808497758846695,0.0005051726395431695,1.8136268113985115e-06,0.000503359012731771
V9-PLAIN-FIT-GN-DIAGNOSTIC,ordered_boundary_outgoing_channels,top,0,0,s,8.75,-0.8755943199197211,-0.21345399064586243,-0.8767420008873494,-0.208758909616445,0.00483331744004588,0.9095181214967073,0.050808497758846695,0.8122280191981438,0.812256818464021,2.8799265877177405e-05
V9-PLAIN-FIT-GN-DIAGNOSTIC,ordered_boundary_outgoing_channels,top,0,0,p,8.75,-0.01278981293336055,0.038613982026117585,1.109046864019619e-13,1.6235607409513206e-14,0.040677007298783326,0.9095181214967073,0.050808497758846695,0.001654618922783325,1.2563444413870592e-26,0.001654618922783325
V9-PLAIN-FIT-GN-DIAGNOSTIC,ordered_boundary_outgoing_channels,bottom,-3,-1,s,-1.25,0.0007545341448048692,-0.00090418876135679,-8.648303367237041e-05,6.939127777564956e-05,0.0012865333214071603,0.9095181214967073,0.050808497758846695,4.3045652631432754e-05,3.815929255738811e-07,4.266405970585887e-05
V9-PLAIN-FIT-GN-DIAGNOSTIC,ordered_boundary_outgoing_channels,bottom,-3,-1,p,-1.25,0.001773901483627247,-0.0019491026415080694,-5.9889780695573525e-05,5.0452604324837186e-05,0.0027131184239256095,0.9095181214967073,0.050808497758846695,0.00021557998708937834,1.903314808729246e-07,0.0002153896556085054
V9-PLAIN-FIT-GN-DIAGNOSTIC,ordered_boundary_outgoing_channels,bottom,-3,0,s,-1.25,-0.0014625795709657145,-0.009007887908467804,6.074845422874771e-05,-0.0005144750722767751,0.008628939093441174,0.9095181214967073,0.050808497758846695,0.004098915908902408,1.3208823483228831e-05,0.00408570708541918
V9-PLAIN-FIT-GN-DIAGNOSTIC,ordered_boundary_outgoing_channels,bottom,-3,0,p,-1.25,0.00018477546069150085,-0.001308668037853502,-2.5346697492730613e-16,-7.791468315616378e-17,0.001321648214984979,0.9095181214967073,0.050808497758846695,8.597137395837392e-05,3.46080831114775e-30,8.597137395837392e-05
V9-PLAIN-FIT-GN-DIAGNOSTIC,ordered_boundary_outgoing_channels,bottom,-3,1,s,-1.25,-0.0005214099252283287,0.0009867696110706533,-8.648303367501951e-05,6.939127777451605e-05,0.0010152558334712597,0.9095181214967073,0.050808497758846695,3.866012198354773e-05,3.8159292558322023e-07,3.827852905796451e-05
V9-PLAIN-FIT-GN-DIAGNOSTIC,ordered_boundary_outgoing_channels,bottom,-3,1,p,-1.25,0.000838689697922339,-0.0024858800936358692,5.9889780696845165e-05,-5.0452604326898695e-05,0.0025569193117406406,0.9095181214967073,0.050808497758846695,0.0002136330697738265,1.903314808841085e-07,0.00021344273829294237
V9-PLAIN-FIT-GN-DIAGNOSTIC,ordered_boundary_outgoing_channels,bottom,-2,-1,s,-1.25,2.5137554247328747e-05,-0.00010912672388184246,-1.935589521620524e-06,1.6853186586884327e-06,0.0001140713105278388,0.9095181214967073,0.050808497758846695,5.297590928399265e-07,2.7825122930511906e-10,5.294808416106213e-07
V9-PLAIN-FIT-GN-DIAGNOSTIC,ordered_boundary_outgoing_channels,bottom,-2,-1,p,-1.25,-0.0007561906308439,0.0005532656313847796,-0.0001853545253180435,4.1894719858193056e-05,0.0007663902847293008,0.9095181214967073,0.050808497758846695,3.708691453012892e-05,1.5254830024257906e-06,3.556143152770313e-05
V9-PLAIN-FIT-GN-DIAGNOSTIC,ordered_boundary_outgoing_channels,bottom,-2,0,s,-1.25,0.0010216234452645522,-0.002792316041520953,-1.910128656019509e-05,-0.00018261418318362527,0.002809564335771828,0.9095181214967073,0.050808497758846695,0.0005035076806338663,1.9200481909981673e-06,0.0005015876324428681
V9-PLAIN-FIT-GN-DIAGNOSTIC,ordered_boundary_outgoing_channels,bottom,-2,0,p,-1.25,0.00024845898351805797,0.0002097104890594121,-3.081108181661143e-16,-1.9107978283180129e-16,0.0003251312899623745,0.9095181214967073,0.050808497758846695,6.020531756080143e-06,7.486128714139298e-30,6.020531756080143e-06
V9-PLAIN-FIT-GN-DIAGNOSTIC,ordered_boundary_outgoing_channels,bottom,-2,1,s,-1.25,9.489460154378854e-05,9.176205353171036e-05,-1.9355895217042767e-06,1.6853186594882002e-06,0.00013224940100817263,0.9095181214967073,0.050808497758846695,7.361079320830674e-07,2.7825122943269296e-10,7.358296808536347e-07
V9-PLAIN-FIT-GN-DIAGNOSTIC,ordered_boundary_outgoing_channels,bottom,-2,1,p,-1.25,-0.0029405383383075754,-0.0014018556117952386,0.00018535452531684516,-4.189471985896257e-05,0.003408914757287749,0.9095181214967073,0.050808497758846695,0.00044828895395543827,1.5254830024097482e-06,0.0004467634709530285
V9-PLAIN-FIT-GN-DIAGNOSTIC,ordered_boundary_outgoing_channels,bottom,-1,-1,s,-1.25,-0.0004741573394524977,7.558778205119497e-05,-0.00020705147255067278,-0.00026129824663100645,0.00042992759908459056,0.9095181214967073,0.050808497758846695,7.159122407084208e-06,3.4515489579344382e-06,3.70757344914977e-06
V9-PLAIN-FIT-GN-DIAGNOSTIC,ordered_boundary_outgoing_channels,bottom,-1,-1,p,-1.25,0.0010581407692257685,-0.0001517626299919922,0.00015499807170421564,0.00018981004150854804,0.0009655768338162029,0.9095181214967073,0.050808497758846695,3.5485082694655394e-05,1.8648558637476027e-06,3.362022683090779e-05
V9-PLAIN-FIT-GN-DIAGNOSTIC,ordered_boundary_outgoing_channels,bottom,-1,0,s,-1.25,0.001333704970118314,-0.006996962027191019,0.0006107069086373302,-0.0012913701554319347,0.005751217680108152,0.9095181214967073,0.050808497758846695,0.0024976413865455327,0.00010045454435778903,0.0023971868421877435
V9-PLAIN-FIT-GN-DIAGNOSTIC,ordered_boundary_outgoing_channels,bottom,-1,0,p,-1.25,-0.00041387984988169966,0.0008867771288547905,1.0475495179447351e-16,-4.776152653530708e-16,0.0009786062570814565,0.9095181214967073,0.050808497758846695,4.714414061870638e-05,1.1769907587313279e-29,4.714414061870638e-05
V9-PLAIN-FIT-GN-DIAGNOSTIC,ordered_boundary_outgoing_channels,bottom,-1,1,s,-1.25,-3.194442415977901e-05,-0.0005737540751157793,-0.00020705147254900414,-0.0002612982466308191,0.0003581775022943363,0.9095181214967073,0.050808497758846695,1.0254433716559607e-05,3.4515489579099395e-06,6.802884758649667e-06
V9-PLAIN-FIT-GN-DIAGNOSTIC,ordered_boundary_outgoing_channels,bottom,-1,1,p,-1.25,-0.0006065299968536091,-0.0013708103499547424,-0.0001549980717030024,-0.00018981004150863128,0.0012643744730023707,0.9095181214967073,0.050808497758846695,6.977807147411449e-05,1.8648558637369045e-06,6.791321561037759e-05
V9-PLAIN-FIT-GN-DIAGNOSTIC,ordered_boundary_outgoing_channels,bottom,0,0,s,-1.25,0.06706935914111646,-0.0910482609437789,0.07050175899447489,-0.09994772920440079,0.009538443482830488,0.9095181214967073,0.050808497758846695,0.027637892402232387,0.032331984498269135,0.004694092096036748
V9-PLAIN-FIT-GN-DIAGNOSTIC,ordered_boundary_outgoing_channels,bottom,0,0,p,-1.25,0.007055588859096008,0.002762290479042974,1.7315585978917311e-15,4.892126973773713e-15,0.007577043146185701,0.9095181214967073,0.050808497758846695,0.000124079186161722,5.820430999983165e-29,0.000124079186161722
V9-PLAIN-FIT-GN-DIAGNOSTIC,ordered_scattered_channels,top,-3,-1,s,8.75,-0.000680800608942518,0.0009420808050581116,-9.195140170810291e-05,5.5769259938579254e-05,0.0010640918869499814,0.2468359522790033,0.19012811159415785,4.277979293096884e-05,3.662159813318062e-07,4.2413576949637034e-05
V9-PLAIN-FIT-GN-DIAGNOSTIC,ordered_scattered_channels,top,-3,-1,p,8.75,0.002084480837922205,-0.0023981778887762054,6.49187356517443e-05,-4.008051303985588e-05,0.0031047148529908092,0.2468359522790033,0.19012811159415785,0.00031970136779314276,1.843193233752179e-07,0.00031951704846976754
V9-PLAIN-FIT-GN-DIAGNOSTIC,ordered_scattered_channels,top,-3,0,s,8.75,0.0014684313111424075,0.00297404149315936,-0.00019219020094724982,0.00048817928501638765,0.0029895107834373826,0.2468359522790033,0.19012811159415785,0.0005458480852911503,1.365740342110789e-05,0.0005321906818700424
V9-PLAIN-FIT-GN-DIAGNOSTIC,ordered_scattered_channels,top,-3,0,p,8.75,0.0004582594273416594,0.0005668910240426912,1.2553482268998042e-15,3.668039838538298e-15,0.0007289493369791671,0.2468359522790033,0.19012811159415785,2.636488588228261e-05,7.457653301374714e-28,2.636488588228261e-05
V9-PLAIN-FIT-GN-DIAGNOSTIC,ordered_scattered_channels,top,-3,1,s,8.75,0.001163882257322134,0.00026465223470319084,-9.195140170914724e-05,5.5769259941376876e-05,0.0012730869083849858,0.2468359522790033,0.19012811159415785,4.511215263754009e-05,3.6621598134782935e-07,4.474593665619226e-05
V9-PLAIN-FIT-GN-DIAGNOSTIC,ordered_scattered_channels,top,-3,1,p,8.75,0.003044915620312191,0.0005301566228135145,-6.491873565010715e-05,4.00805130396873e-05,0.0031482128763624753,0.2468359522790033,0.19012811159415785,0.0003024837496600844,1.843193233680326e-07,0.0003022994303367164
V9-PLAIN-FIT-GN-DIAGNOSTIC,ordered_scattered_channels,top,-2,-1,s,8.75,6.032868336817812e-05,-0.0002181038440098581,2.3445165024338254e-06,9.658174404606376e-07,0.00022661350395568165,0.2468359522790033,0.19012811159415785,2.187022902813419e-06,2.745931746845648e-10,2.1867483096387344e-06
V9-PLAIN-FIT-GN-DIAGNOSTIC,ordered_scattered_channels,top,-2,-1,p,8.75,0.006660470782417454,0.0001821439863960439,-0.00011450210530949539,-0.00014336308972242402,0.006782787958209989,0.2468359522790033,0.19012811159415785,0.0018960201334445254,1.437706929814518e-06,0.0018945824265147108
V9-PLAIN-FIT-GN-DIAGNOSTIC,ordered_scattered_channels,top,-2,0,s,8.75,0.0018293791040884704,-0.0005699595781267976,0.0001642593255332033,-5.620738854478225e-05,0.0017425742994880468,0.2468359522790033,0.19012811159415785,0.00021037109110337102,1.7270051732052553e-06,0.00020864408593016575
V9-PLAIN-FIT-GN-DIAGNOSTIC,ordered_scattered_channels,top,-2,0,p,8.75,-2.060154218694841e-05,-2.562921462156489e-05,-1.731002669799771e-16,1.1404235647096274e-15,3.2882825040591857e-05,0.2468359522790033,0.19012811159415785,6.195593564379883e-08,7.623760074136061e-29,6.195593564379883e-08
V9-PLAIN-FIT-GN-DIAGNOSTIC,ordered_scattered_channels,top,-2,1,s,8.75,-0.00016145040969524897,0.0001253469051285049,2.344516501375749e-06,9.658174394089149e-07,0.00020566825915167445,0.2468359522790033,0.19012811159415785,1.7842549564960188e-06,2.745931743859139e-10,1.7839803633216328e-06
V9-PLAIN-FIT-GN-DIAGNOSTIC,ordered_scattered_channels,top,-2,1,p,8.75,0.0025262952225851686,0.0011601819252507965,0.00011450210531154583,0.0001433630897223534,0.00261737780704541,0.2468359522790033,0.19012811159415785,0.00033005490493482123,1.4377069298335635e-06,0.0003286171980049877
V9-PLAIN-FIT-GN-DIAGNOSTIC,ordered_scattered_channels,top,-1,-1,s,8.75,-0.0005385612604871743,1.381873890469032e-05,-0.00016753172947578341,-0.00027805078620911914,0.0004720706859917202,0.2468359522790033,0.19012811159415785,9.195048397782153e-06,3.3385088803210597e-06,5.856539517461093e-06
V9-PLAIN-FIT-GN-DIAGNOSTIC,ordered_scattered_channels,top,-1,-1,p,8.75,-0.0010307734481693558,-5.241604749199487e-06,-0.00012312018254764134,-0.00020515373533901306,0.0009294080430848021,0.2468359522790033,0.19012811159415785,3.3661668893778096e-05,1.8136268113864188e-06,3.184804208239168e-05
V9-PLAIN-FIT-GN-DIAGNOSTIC,ordered_scattered_channels,top,-1,0,s,8.75,-0.0007503481999183388,0.008254361235005508,-0.0010285581087378939,0.0013279322632823076,0.0069320140690633265,0.2468359522790033,0.19012811159415785,0.0034092617274963546,0.00014001487940183894,0.0032692468480945156
V9-PLAIN-FIT-GN-DIAGNOSTIC,ordered_scattered_channels,top,-1,0,p,8.75,0.0014063385610660253,-0.0001417068901877236,1.0695710033665002e-15,-1.898478834981676e-15,0.0014134599361369912,0.2468359522790033,0.19012811159415785,9.914855864390884e-05,2.3563986760300565e-28,9.914855864390884e-05
V9-PLAIN-FIT-GN-DIAGNOSTIC,ordered_scattered_channels,top,-1,1,s,8.75,-0.0006895399429584894,0.001469770778361933,-0.00016753172947527734,-0.00027805078621216526,0.0018241087677367772,0.2468359522790033,0.19012811159415785,8.350116591916389e-05,3.338508880369034e-06,8.016265703879485e-05
V9-PLAIN-FIT-GN-DIAGNOSTIC,ordered_scattered_channels,top,-1,1,p,8.75,0.0019025306382678038,-0.0035108422676799088,0.00012312018254903858,0.0002051537353391292,0.004120064060712495,0.2468359522790033,0.19012811159415785,0.0005051726395431695,1.8136268113985115e-06,0.000503359012731771
V9-PLAIN-FIT-GN-DIAGNOSTIC,ordered_scattered_channels,top,0,0,s,8.75,-0.019042224017201063,0.20444376529208427,-0.01927337511042978,0.20927155222279603,0.004833317440045924,0.2468359522790033,0.19012811159415785,0.8122280191981438,0.812256818464021,2.8799265877177405e-05
V9-PLAIN-FIT-GN-DIAGNOSTIC,ordered_scattered_channels,top,0,0,p,8.75,-0.005190442364274357,0.04034449443042948,1.1185579377514874e-13,-3.735624544869974e-15,0.04067700729878332,0.2468359522790033,0.19012811159415785,0.001654618922783325,1.2563444413870592e-26,0.001654618922783325
V9-PLAIN-FIT-GN-DIAGNOSTIC,ordered_scattered_channels,bottom,-3,-1,s,-1.25,-0.000184640476392681,-0.0011781493558101926,-4.909306826320045e-06,0.00011217325597253238,0.0013027800028368123,0.2468359522790033,0.19012811159415785,4.3045652631432754e-05,3.815929255738811e-07,4.266405970585887e-05
V9-PLAIN-FIT-GN-DIAGNOSTIC,ordered_scattered_channels,bottom,-3,-1,p,-1.25,-0.0002996060923081159,-0.0026518854384732786,-1.5732873804033325e-06,7.928198517251764e-05,0.0027473803975418287,0.2468359522790033,0.19012811159415785,0.00021557998708937834,1.903314808729246e-07,0.0002153896556085054
V9-PLAIN-FIT-GN-DIAGNOSTIC,ordered_scattered_channels,bottom,-3,0,s,-1.25,-0.00918149149766026,-0.0005567972589521704,-0.0004924362020247152,-0.0001736752134377082,0.008697497595996868,0.2468359522790033,0.19012811159415785,0.004098915908902408,1.3208823483228831e-05,0.00408570708541918
V9-PLAIN-FIT-GN-DIAGNOSTIC,ordered_scattered_channels,bottom,-3,0,p,-1.25,-0.0012459084373453388,-0.0004715220003384672,-1.3274970028758873e-16,2.3198170478591657e-16,0.0013321489522765018,0.2468359522790033,0.19012811159415785,8.597137395837392e-05,3.46080831114775e-30,8.597137395837392e-05
V9-PLAIN-FIT-GN-DIAGNOSTIC,ordered_scattered_channels,bottom,-3,1,s,-1.25,0.000403159334235128,0.001055794891429861,-4.9093068289528565e-06,0.00011217325597378981,0.0010280767513764118,0.2468359522790033,0.19012811159415785,3.866012198354773e-05,3.8159292558322023e-07,3.827852905796451e-05
V9-PLAIN-FIT-GN-DIAGNOSTIC,ordered_scattered_channels,bottom,-3,1,p,-1.25,-0.001332678429779319,-0.0022982399315346824,1.5732873796878703e-06,-7.928198517485518e-05,0.002589208761852775,0.2468359522790033,0.19012811159415785,0.0002136330697738265,1.903314808841085e-07,0.00021344273829294237
V9-PLAIN-FIT-GN-DIAGNOSTIC,ordered_scattered_channels,bottom,-2,-1,s,-1.25,-9.071357417303606e-05,-6.741651109564632e-05,7.745485652971132e-07,2.471734525870588e-06,0.00011512794395036243,0.2468359522790033,0.19012811159415785,5.297590928399265e-07,2.7825122930511906e-10,5.294808416106213e-07
V9-PLAIN-FIT-GN-DIAGNOSTIC,ordered_scattered_channels,bottom,-2,-1,p,-1.25,0.00020538540995456396,0.0009230837597748355,-3.630225008417886e-05,0.00018832341315366003,0.0007734892966175245,0.2468359522790033,0.19012811159415785,3.708691453012892e-05,1.5254830024257906e-06,3.556143152770313e-05
V9-PLAIN-FIT-GN-DIAGNOSTIC,ordered_scattered_channels,bottom,-2,0,s,-1.25,-0.0028016064612062983,-0.0010552241772497663,-0.00018404130862069833,1.7489532595272983e-05,0.0028288446460207005,0.2468359522790033,0.19012811159415785,0.0005035076806338663,1.9200481909981673e-06,0.0005015876324428681
V9-PLAIN-FIT-GN-DIAGNOSTIC,ordered_scattered_channels,bottom,-2,0,p,-1.25,0.00021351019660905635,-0.0002481523322023361,-1.953215047833636e-16,3.0838854490696276e-16,0.0003273624658291371,0.2468359522790033,0.19012811159415785,6.020531756080143e-06,7.486128714139298e-30,6.020531756080143e-06
V9-PLAIN-FIT-GN-DIAGNOSTIC,ordered_scattered_channels,bottom,-2,1,s,-1.25,0.00012325069351143346,-5.058496923104614e-05,7.745485660026087e-07,2.4717345262717774e-06,0.00013347441662837857,0.2468359522790033,0.19012811159415785,7.361079320830674e-07,2.7825122943269296e-10,7.358296808536347e-07
V9-PLAIN-FIT-GN-DIAGNOSTIC,ordered_scattered_channels,bottom,-2,1,p,-1.25,-0.0024864220951938297,0.002151087196638402,3.630225008296777e-05,-0.00018832341315285628,0.003440491261935736,0.2468359522790033,0.19012811159415785,0.00044828895395543827,1.5254830024097482e-06,0.0004467634709530285
V9-PLAIN-FIT-GN-DIAGNOSTIC,ordered_scattered_channels,bottom,-1,-1,s,-1.25,-0.00025883955158156825,0.00041157876113021133,-0.00033718347041335536,-1.666806024013619e-05,0.00043535400495657323,0.2468359522790033,0.19012811159415785,7.159122407084208e-06,3.4515489579344382e-06,3.70757344914977e-06
V9-PLAIN-FIT-GN-DIAGNOSTIC,ordered_scattered_channels,bottom,-1,-1,p,-1.25,0.0005905201231493223,-0.0009071974550146417,0.00024799923661753275,8.609260274615205e-06,0.0009777640295487563,0.2468359522790033,0.19012811159415785,3.5485082694655394e-05,1.8648558637476027e-06,3.362022683090779e-05
V9-PLAIN-FIT-GN-DIAGNOSTIC,ordered_scattered_channels,bottom,-1,0,s,-1.25,-0.006585615999575328,-0.0028592237479334545,-0.0011348134234954131,-0.00088619762079417,0.005796902692108406,0.2468359522790033,0.19012811159415785,0.0024976413865455327,0.00010045454435778903,0.0023971868421877435
V9-PLAIN-FIT-GN-DIAGNOSTIC,ordered_scattered_channels,bottom,-1,0,p,-1.25,0.0007804846663323027,0.000603149151337374,-4.465027736885759e-16,-2.0865938982257457e-16,0.0009863798523590133,0.2468359522790033,0.19012811159415785,4.714414061870638e-05,1.1769907587313279e-29,4.714414061870638e-05
V9-PLAIN-FIT-GN-DIAGNOSTIC,ordered_scattered_channels,bottom,-1,1,s,-1.25,-0.00045831213973542776,-0.00035854216519438047,-0.00033718347041209747,-1.666806024128843e-05,0.0003626983018564031,0.2468359522790033,0.19012811159415785,1.0254433716559607e-05,3.4515489579099395e-06,6.802884758649667e-06
V9-PLAIN-FIT-GN-DIAGNOSTIC,ordered_scattered_channels,bottom,-1,1,p,-1.25,-0.001448811029695155,-0.00045279797669316353,-0.00024799923661679776,-8.609260275598644e-06,0.0012803329950402524,0.2468359522790033,0.19012811159415785,6.977807147411449e-05,1.8648558637369045e-06,6.791321561037759e-05
V9-PLAIN-FIT-GN-DIAGNOSTIC,ordered_scattered_channels,bottom,0,0,s,-1.25,-0.04507953772401936,0.1334555277500875,-0.041607545586981674,0.12257388541158544,0.011422121929953835,0.2468359522790033,0.19012811159415785,0.027637892402232387,0.032331984498269135,0.004694092096036748
V9-PLAIN-FIT-GN-DIAGNOSTIC,ordered_scattered_channels,bottom,0,0,p,-1.25,0.00862998727365403,0.002801699864103197,2.6658179463359154e-15,5.966790876859179e-15,0.009073378779256763,0.2468359522790033,0.19012811159415785,0.000124079186161722,5.820430999983165e-29,0.000124079186161722
V9-PHASE-FIT-GN-DIAGNOSTIC-ADAM500,ordered_total_channels,top,-3,-1,s,8.75,-8.05828654568947e-06,-8.047278860404389e-06,-9.195140170809825e-05,5.576925993858354e-05,0.00010540685649394879,0.4382342339399896,0.05135039649380108,4.106800930336142e-09,3.662159813318062e-07,3.6210918040147005e-07
V9-PHASE-FIT-GN-DIAGNOSTIC-ADAM500,ordered_total_channels,top,-3,-1,p,8.75,-2.039492673455888e-05,1.1295281216759407e-05,6.491873565175626e-05,-4.0080513039853855e-05,9.95886199586279e-05,0.4382342339399896,0.05135039649380108,1.7211159834285163e-08,1.843193233752179e-07,1.6710816354093274e-07
V9-PHASE-FIT-GN-DIAGNOSTIC-ADAM500,ordered_total_channels,top,-3,0,s,8.75,-1.80091595168085e-05,5.866821685678573e-05,-0.0001921902009470994,0.00048817928501632254,0.0004634854829067325,0.4382342339399896,0.05135039649380108,1.8687228856701163e-07,1.365740342110789e-05,1.3470531132540879e-05
V9-PHASE-FIT-GN-DIAGNOSTIC-ADAM500,ordered_total_channels,top,-3,0,p,8.75,-7.017710949801362e-06,-5.430163626585982e-06,1.2553482268998042e-15,3.668039838538298e-15,8.873271327076324e-06,0.4382342339399896,0.05135039649380108,3.906598042957848e-09,7.457653301374714e-28,3.906598042957848e-09
V9-PHASE-FIT-GN-DIAGNOSTIC-ADAM500,ordered_total_channels,top,-3,1,s,8.75,-1.3938490990908015e-05,1.3445992176561312e-05,-9.195140170915746e-05,5.576925994137385e-05,8.875400403939857e-05,0.4382342339399896,0.05135039649380108,1.1876843741524564e-08,3.6621598134782935e-07,3.543391376063048e-07
V9-PHASE-FIT-GN-DIAGNOSTIC-ADAM500,ordered_total_channels,top,-3,1,p,8.75,-1.4173018799117571e-05,4.2533221592521575e-05,-6.491873565012055e-05,4.0080513039672495e-05,5.080495603745157e-05,0.4382342339399896,0.05135039649380108,6.36453409368398e-08,1.843193233680326e-07,1.206739824311928e-07
V9-PHASE-FIT-GN-DIAGNOSTIC-ADAM500,ordered_total_channels,top,-2,-1,s,8.75,-6.591647741946794e-06,-1.8858086766941513e-05,2.344516502433825e-06,9.65817440460633e-07,2.1744935259200086e-05,0.4382342339399896,0.05135039649380108,1.704375952017689e-08,2.745931746845648e-10,1.6769166345492324e-08
V9-PHASE-FIT-GN-DIAGNOSTIC-ADAM500,ordered_total_channels,top,-2,-1,p,8.75,-2.2698113556063934e-05,-3.5862109895591743e-06,-0.00011450210530953003,-0.00014336308972240936,0.00016722903076370554,0.4382342339399896,0.05135039649380108,2.2552569201853267e-08,1.437706929814518e-06,1.4151543606126647e-06
V9-PHASE-FIT-GN-DIAGNOSTIC-ADAM500,ordered_total_channels,top,-2,0,s,8.75,-0.00012435529598225174,-6.479260849452376e-05,0.00016425932553326252,-5.6207388544626634e-05,0.00028874228258800555,0.4382342339399896,0.05135039649380108,1.1266252362942082e-06,1.7270051732052553e-06,6.003799369110471e-07
V9-PHASE-FIT-GN-DIAGNOSTIC-ADAM500,ordered_total_channels,top,-2,0,p,8.75,9.205841694064099e-06,-1.7138564026795576e-05,-1.731002669799771e-16,1.1404235647096274e-15,1.9454508429642162e-05,0.4382342339399896,0.05135039649380108,2.168628694083533e-08,7.623760074136061e-29,2.168628694083533e-08
V9-PHASE-FIT-GN-DIAGNOSTIC-ADAM500,ordered_total_channels,top,-2,1,s,8.75,-1.0695582148109073e-06,-1.2063282303501259e-05,2.3445165013757525e-06,9.658174394089157e-07,1.3468977180113084e-05,0.4382342339399896,0.05135039649380108,6.2638311642703154e-09,2.745931743859139e-10,5.989237989884401e-09
V9-PHASE-FIT-GN-DIAGNOSTIC-ADAM500,ordered_total_channels,top,-2,1,p,8.75,-6.784071528427879e-05,2.3336223048880747e-06,0.0001145021053115565,0.0001433630897223461,0.00023051727679915192,0.4382342339399896,0.05135039649380108,1.9678991411179203e-07,1.4377069298335635e-06,1.2409170157217714e-06
V9-PHASE-FIT-GN-DIAGNOSTIC-ADAM500,ordered_total_channels,top,-1,-1,s,8.75,-6.828674362156369e-05,8.496372205343259e-06,-0.0001675317294758279,-0.0002780507862091289,0.00030324716192014345,0.4382342339399896,0.05135039649380108,1.5001770025075734e-07,3.3385088803210597e-06,3.1884911800703023e-06
V9-PHASE-FIT-GN-DIAGNOSTIC-ADAM500,ordered_total_channels,top,-1,-1,p,8.75,-4.058708866344246e-05,4.440259649931847e-05,-0.00012312018254765662,-0.00020515373533905003,0.0002628499084015865,0.4382342339399896,0.05135039649380108,1.1465020390511265e-07,1.8136268113864188e-06,1.6989766074813063e-06
V9-PHASE-FIT-GN-DIAGNOSTIC-ADAM500,ordered_total_channels,top,-1,0,s,8.75,0.00029263371973721654,-0.0005141720904666809,-0.0010285581087383054,0.0013279322632824794,0.0022669133855822777,0.4382342339399896,0.05135039649380108,1.7369873903821953e-05,0.00014001487940183894,0.00012264500549801697
V9-PHASE-FIT-GN-DIAGNOSTIC-ADAM500,ordered_total_channels,top,-1,0,p,8.75,0.00011066214761774894,1.6844952782517894e-05,1.0695710033665002e-15,-1.898478834981676e-15,0.0001119368721621475,0.4382342339399896,0.05135039649380108,6.218214991442816e-07,2.3563986760300565e-28,6.218214991442816e-07
V9-PHASE-FIT-GN-DIAGNOSTIC-ADAM500,ordered_total_channels,top,-1,1,s,8.75,1.7245184494046632e-05,-8.596868779094376e-05,-0.0001675317294752791,-0.00027805078621218255,0.00026652962400066163,0.4382342339399896,0.05135039649380108,2.4356338528444683e-07,3.338508880369034e-06,3.094945495084587e-06
V9-PHASE-FIT-GN-DIAGNOSTIC-ADAM500,ordered_total_channels,top,-1,1,p,8.75,-0.00014597157085997165,0.0001723556164079325,0.00012312018254904267,0.00020515373533914856,0.0002710831760883806,0.4382342339399896,0.05135039649380108,1.6161761398049382e-06,1.8136268113985115e-06,1.9745067159357328e-07
V9-PHASE-FIT-GN-DIAGNOSTIC-ADAM500,ordered_total_channels,top,0,0,s,8.75,0.028201191726267612,-0.41140660665447965,0.026785429987131376,-0.4121567714282053,0.001602226104437478,0.4382342339399896,0.05135039649380108,0.8096531221593901,0.812256818464021,0.0026036963046308648
V9-PHASE-FIT-GN-DIAGNOSTIC-ADAM500,ordered_total_channels,top,0,0,p,8.75,-0.019981915826522763,-0.009653218138923699,1.1196540890151039e-13,-5.214558791588342e-15,0.022191475402511214,0.4382342339399896,0.05135039649380108,0.0004924615805357781,1.2563444413870592e-26,0.0004924615805357781
V9-PHASE-FIT-GN-DIAGNOSTIC-ADAM500,ordered_total_channels,bottom,-3,-1,s,-1.25,-1.9477622760086755e-05,1.1026490808153021e-05,-4.909306826319978e-06,0.00011217325597253058,0.00010219052760585878,0.4382342339399896,0.05135039649380108,1.51633365129233e-08,3.815929255738811e-07,3.664295890609578e-07
V9-PHASE-FIT-GN-DIAGNOSTIC-ADAM500,ordered_total_channels,bottom,-3,-1,p,-1.25,-4.846912923805409e-07,2.2526642819385792e-05,-1.5732873803997091e-06,7.928198517251047e-05,5.676578130408528e-05,0.4382342339399896,0.05135039649380108,1.536683980784248e-08,1.903314808729246e-07,1.7496464106508212e-07
V9-PHASE-FIT-GN-DIAGNOSTIC-ADAM500,ordered_total_channels,bottom,-3,0,s,-1.25,1.8766491821659245e-05,-1.7663448872309978e-05,-0.0004924362020247129,-0.0001736752134376343,0.0005344790593452412,0.4382342339399896,0.05135039649380108,3.21760848019822e-08,1.3208823483228831e-05,1.3176647398426848e-05
V9-PHASE-FIT-GN-DIAGNOSTIC-ADAM500,ordered_total_channels,bottom,-3,0,p,-1.25,3.531210169018653e-05,4.984391707144125e-05,-1.3274970028758873e-16,2.3198170478591657e-16,6.108486387632403e-05,0.4382342339399896,0.05135039649380108,1.8076548604428202e-07,3.46080831114775e-30,1.8076548604428202e-07
V9-PHASE-FIT-GN-DIAGNOSTIC-ADAM500,ordered_total_channels,bottom,-3,1,s,-1.25,9.997851116591814e-06,1.427806841239009e-05,-4.909306828951654e-06,0.00011217325597379069,9.902368961867247e-05,0.4382342339399896,0.05135039649380108,9.196177472533925e-09,3.8159292558322023e-07,3.7239674811068633e-07
V9-PHASE-FIT-GN-DIAGNOSTIC-ADAM500,ordered_total_channels,bottom,-3,1,p,-1.25,-2.485861966145839e-05,-8.354829638623654e-06,1.5732873796791848e-06,-7.9281985174855e-05,7.569218653396195e-05,0.4382342339399896,0.05135039649380108,2.081727243673235e-08,1.903314808841085e-07,1.6951420844737615e-07
V9-PHASE-FIT-GN-DIAGNOSTIC-ADAM500,ordered_total_channels,bottom,-2,-1,s,-1.25,2.100744189036557e-05,-1.0038103276642068e-05,7.745485652971132e-07,2.4717345258705883e-06,2.378793841737393e-05,0.4382342339399896,0.05135039649380108,2.2480909850824798e-08,2.7825122930511906e-10,2.220265862151968e-08
V9-PHASE-FIT-GN-DIAGNOSTIC-ADAM500,ordered_total_channels,bottom,-2,-1,p,-1.25,3.2470331673741943e-06,-3.965923162297205e-05,-3.630225008417201e-05,0.0001883234131536643,0.00023138762310257865,0.4382342339399896,0.05135039649380108,6.566646791000577e-08,1.5254830024257906e-06,1.4598165345157849e-06
V9-PHASE-FIT-GN-DIAGNOSTIC-ADAM500,ordered_total_channels,bottom,-2,0,s,-1.25,-3.2671152112930595e-05,3.7717560490622324e-05,-0.00018404130862068258,1.7489532595230964e-05,0.0001527157404910118,0.4382342339399896,0.05135039649380108,1.3988774432159288e-07,1.9200481909981673e-06,1.7801604466765743e-06
V9-PHASE-FIT-GN-DIAGNOSTIC-ADAM500,ordered_total_channels,bottom,-2,0,p,-1.25,-5.662952435360559e-05,-4.375879935070394e-05,-1.953215047833636e-16,3.0838854490696276e-16,7.156630177070521e-05,0.4382342339399896,0.05135039649380108,2.8773602230856953e-07,7.486128714139298e-30,2.8773602230856953e-07
V9-PHASE-FIT-GN-DIAGNOSTIC-ADAM500,ordered_total_channels,bottom,-2,1,s,-1.25,-3.193247694242513e-06,-1.2818763890956634e-05,7.745485660026084e-07,2.4717345262717786e-06,1.5796922137241792e-05,0.4382342339399896,0.05135039649380108,7.2375683381461715e-09,2.7825122943269296e-10,6.959317108713478e-09
V9-PHASE-FIT-GN-DIAGNOSTIC-ADAM500,ordered_total_channels,bottom,-2,1,p,-1.25,3.476721495883581e-05,1.2102133063321064e-05,3.630225008297548e-05,-0.00018832341315286793,0.0002004314244545751,0.4382342339399896,0.05135039649380108,5.6203540773653276e-08,1.5254830024097482e-06,1.4692794616360948e-06
V9-PHASE-FIT-GN-DIAGNOSTIC-ADAM500,ordered_total_channels,bottom,-1,-1,s,-1.25,-5.260115355795978e-05,-3.0122076553067075e-05,-0.00033718347041335526,-1.6668060240140516e-05,0.00028490016781626017,0.4382342339399896,0.05135039649380108,1.1127222627697684e-07,3.4515489579344382e-06,3.3402767316574615e-06
V9-PHASE-FIT-GN-DIAGNOSTIC-ADAM500,ordered_total_channels,bottom,-1,-1,p,-1.25,-1.4402946655695867e-05,0.00011274746954465043,0.0002479992366175502,8.609260274623294e-06,0.0002823113040891813,0.4382342339399896,0.05135039649380108,3.9125968436689877e-07,1.8648558637476027e-06,1.473596179380704e-06
V9-PHASE-FIT-GN-DIAGNOSTIC-ADAM500,ordered_total_channels,bottom,-1,0,s,-1.25,-0.0002092331073691571,0.0001318136948268579,-0.0011348134234953988,-0.0008861976207941805,0.0013758800675686932,0.4382342339399896,0.05135039649380108,2.9631903008399007e-06,0.00010045454435778903,9.749135405694913e-05
V9-PHASE-FIT-GN-DIAGNOSTIC-ADAM500,ordered_total_channels,bottom,-1,0,p,-1.25,-0.00011230442501188222,-4.734601331234015e-05,-4.465027736885759e-16,-2.0865938982257457e-16,0.00012187669528544709,0.4382342339399896,0.05135039649380108,7.19748348795158e-07,1.1769907587313279e-29,7.19748348795158e-07
V9-PHASE-FIT-GN-DIAGNOSTIC-ADAM500,ordered_total_channels,bottom,-1,1,s,-1.25,-2.008418678759691e-05,4.038857812086407e-06,-0.00033718347041209904,-1.6668060241286416e-05,0.0003177746562116645,0.4382342339399896,0.05135039649380108,1.2710041414936282e-08,3.4515489579099395e-06,3.4388389164950032e-06
V9-PHASE-FIT-GN-DIAGNOSTIC-ADAM500,ordered_total_channels,bottom,-1,1,p,-1.25,-2.972978857305846e-05,-7.612542911753786e-05,-0.000247999236616804,-8.609260275602887e-06,0.00022847316035896645,0.4382342339399896,0.05135039649380108,2.0226891529041425e-07,1.8648558637369045e-06,1.6625869484464902e-06
V9-PHASE-FIT-GN-DIAGNOSTIC-ADAM500,ordered_total_channels,bottom,0,0,s,-1.25,0.07776115902130717,-0.12388458594193631,0.07718950242782177,-0.12447475436113979,0.0008216386212322725,0.4382342339399896,0.05135039649380108,0.03224457604346028,0.032331984498269135,8.74084548088544e-05
V9-PHASE-FIT-GN-DIAGNOSTIC-ADAM500,ordered_total_channels,bottom,0,0,p,-1.25,0.0011040520127084275,-0.0009759329704193876,2.4167599005431038e-15,5.725178855579965e-15,0.0014735589603144415,0.4382342339399896,0.05135039649380108,3.2726223246335395e-06,5.820430999983165e-29,3.2726223246335395e-06
V9-PHASE-FIT-GN-DIAGNOSTIC-ADAM500,ordered_outgoing_channels,top,-3,-1,s,8.75,-8.05828654568947e-06,-8.047278860404389e-06,-9.195140170809825e-05,5.576925993858354e-05,0.00010540685649394879,0.9130801710515086,0.024645701859958773,4.106800930336142e-09,3.662159813318062e-07,3.6210918040147005e-07
V9-PHASE-FIT-GN-DIAGNOSTIC-ADAM500,ordered_outgoing_channels,top,-3,-1,p,8.75,-2.039492673455888e-05,1.1295281216759407e-05,6.491873565175626e-05,-4.0080513039853855e-05,9.95886199586279e-05,0.9130801710515086,0.024645701859958773,1.7211159834285163e-08,1.843193233752179e-07,1.6710816354093274e-07
V9-PHASE-FIT-GN-DIAGNOSTIC-ADAM500,ordered_outgoing_channels,top,-3,0,s,8.75,-1.80091595168085e-05,5.866821685678573e-05,-0.0001921902009470994,0.00048817928501632254,0.0004634854829067325,0.9130801710515086,0.024645701859958773,1.8687228856701163e-07,1.365740342110789e-05,1.3470531132540879e-05
V9-PHASE-FIT-GN-DIAGNOSTIC-ADAM500,ordered_outgoing_channels,top,-3,0,p,8.75,-7.017710949801362e-06,-5.430163626585982e-06,1.2553482268998042e-15,3.668039838538298e-15,8.873271327076324e-06,0.9130801710515086,0.024645701859958773,3.906598042957848e-09,7.457653301374714e-28,3.906598042957848e-09
V9-PHASE-FIT-GN-DIAGNOSTIC-ADAM500,ordered_outgoing_channels,top,-3,1,s,8.75,-1.3938490990908015e-05,1.3445992176561312e-05,-9.195140170915746e-05,5.576925994137385e-05,8.875400403939857e-05,0.9130801710515086,0.024645701859958773,1.1876843741524564e-08,3.6621598134782935e-07,3.543391376063048e-07
V9-PHASE-FIT-GN-DIAGNOSTIC-ADAM500,ordered_outgoing_channels,top,-3,1,p,8.75,-1.4173018799117571e-05,4.2533221592521575e-05,-6.491873565012055e-05,4.0080513039672495e-05,5.080495603745157e-05,0.9130801710515086,0.024645701859958773,6.36453409368398e-08,1.843193233680326e-07,1.206739824311928e-07
V9-PHASE-FIT-GN-DIAGNOSTIC-ADAM500,ordered_outgoing_channels,top,-2,-1,s,8.75,-6.591647741946794e-06,-1.8858086766941513e-05,2.344516502433825e-06,9.65817440460633e-07,2.1744935259200086e-05,0.9130801710515086,0.024645701859958773,1.704375952017689e-08,2.745931746845648e-10,1.6769166345492324e-08
V9-PHASE-FIT-GN-DIAGNOSTIC-ADAM500,ordered_outgoing_channels,top,-2,-1,p,8.75,-2.2698113556063934e-05,-3.5862109895591743e-06,-0.00011450210530953003,-0.00014336308972240936,0.00016722903076370554,0.9130801710515086,0.024645701859958773,2.2552569201853267e-08,1.437706929814518e-06,1.4151543606126647e-06
V9-PHASE-FIT-GN-DIAGNOSTIC-ADAM500,ordered_outgoing_channels,top,-2,0,s,8.75,-0.00012435529598225174,-6.479260849452376e-05,0.00016425932553326252,-5.6207388544626634e-05,0.00028874228258800555,0.9130801710515086,0.024645701859958773,1.1266252362942082e-06,1.7270051732052553e-06,6.003799369110471e-07
V9-PHASE-FIT-GN-DIAGNOSTIC-ADAM500,ordered_outgoing_channels,top,-2,0,p,8.75,9.205841694064099e-06,-1.7138564026795576e-05,-1.731002669799771e-16,1.1404235647096274e-15,1.9454508429642162e-05,0.9130801710515086,0.024645701859958773,2.168628694083533e-08,7.623760074136061e-29,2.168628694083533e-08
V9-PHASE-FIT-GN-DIAGNOSTIC-ADAM500,ordered_outgoing_channels,top,-2,1,s,8.75,-1.0695582148109073e-06,-1.2063282303501259e-05,2.3445165013757525e-06,9.658174394089157e-07,1.3468977180113084e-05,0.9130801710515086,0.024645701859958773,6.2638311642703154e-09,2.745931743859139e-10,5.989237989884401e-09
V9-PHASE-FIT-GN-DIAGNOSTIC-ADAM500,ordered_outgoing_channels,top,-2,1,p,8.75,-6.784071528427879e-05,2.3336223048880747e-06,0.0001145021053115565,0.0001433630897223461,0.00023051727679915192,0.9130801710515086,0.024645701859958773,1.9678991411179203e-07,1.4377069298335635e-06,1.2409170157217714e-06
V9-PHASE-FIT-GN-DIAGNOSTIC-ADAM500,ordered_outgoing_channels,top,-1,-1,s,8.75,-6.828674362156369e-05,8.496372205343259e-06,-0.0001675317294758279,-0.0002780507862091289,0.00030324716192014345,0.9130801710515086,0.024645701859958773,1.5001770025075734e-07,3.3385088803210597e-06,3.1884911800703023e-06
V9-PHASE-FIT-GN-DIAGNOSTIC-ADAM500,ordered_outgoing_channels,top,-1,-1,p,8.75,-4.058708866344246e-05,4.440259649931847e-05,-0.00012312018254765662,-0.00020515373533905003,0.0002628499084015865,0.9130801710515086,0.024645701859958773,1.1465020390511265e-07,1.8136268113864188e-06,1.6989766074813063e-06
V9-PHASE-FIT-GN-DIAGNOSTIC-ADAM500,ordered_outgoing_channels,top,-1,0,s,8.75,0.00029263371973721654,-0.0005141720904666809,-0.0010285581087383054,0.0013279322632824794,0.0022669133855822777,0.9130801710515086,0.024645701859958773,1.7369873903821953e-05,0.00014001487940183894,0.00012264500549801697
V9-PHASE-FIT-GN-DIAGNOSTIC-ADAM500,ordered_outgoing_channels,top,-1,0,p,8.75,0.00011066214761774894,1.6844952782517894e-05,1.0695710033665002e-15,-1.898478834981676e-15,0.0001119368721621475,0.9130801710515086,0.024645701859958773,6.218214991442816e-07,2.3563986760300565e-28,6.218214991442816e-07
V9-PHASE-FIT-GN-DIAGNOSTIC-ADAM500,ordered_outgoing_channels,top,-1,1,s,8.75,1.7245184494046632e-05,-8.596868779094376e-05,-0.0001675317294752791,-0.00027805078621218255,0.00026652962400066163,0.9130801710515086,0.024645701859958773,2.4356338528444683e-07,3.338508880369034e-06,3.094945495084587e-06
V9-PHASE-FIT-GN-DIAGNOSTIC-ADAM500,ordered_outgoing_channels,top,-1,1,p,8.75,-0.00014597157085997165,0.0001723556164079325,0.00012312018254904267,0.00020515373533914856,0.0002710831760883806,0.9130801710515086,0.024645701859958773,1.6161761398049382e-06,1.8136268113985115e-06,1.9745067159357328e-07
V9-PHASE-FIT-GN-DIAGNOSTIC-ADAM500,ordered_outgoing_channels,top,0,0,s,8.75,-0.8990478200481131,-0.03696132338410013,-0.9004635817872493,-0.03771148815782577,0.0016022261044374075,0.9130801710515086,0.024645701859958773,0.8096531221593901,0.812256818464021,0.0026036963046308648
V9-PHASE-FIT-GN-DIAGNOSTIC-ADAM500,ordered_outgoing_channels,top,0,0,p,8.75,-0.019981915826522763,-0.009653218138923699,1.1196540890151039e-13,-5.214558791588342e-15,0.022191475402511214,0.9130801710515086,0.024645701859958773,0.0004924615805357781,1.2563444413870592e-26,0.0004924615805357781
V9-PHASE-FIT-GN-DIAGNOSTIC-ADAM500,ordered_outgoing_channels,bottom,-3,-1,s,-1.25,-1.9477622760086755e-05,1.1026490808153021e-05,-4.909306826319978e-06,0.00011217325597253058,0.00010219052760585878,0.9130801710515086,0.024645701859958773,1.51633365129233e-08,3.815929255738811e-07,3.664295890609578e-07
V9-PHASE-FIT-GN-DIAGNOSTIC-ADAM500,ordered_outgoing_channels,bottom,-3,-1,p,-1.25,-4.846912923805409e-07,2.2526642819385792e-05,-1.5732873803997091e-06,7.928198517251047e-05,5.676578130408528e-05,0.9130801710515086,0.024645701859958773,1.536683980784248e-08,1.903314808729246e-07,1.7496464106508212e-07
V9-PHASE-FIT-GN-DIAGNOSTIC-ADAM500,ordered_outgoing_channels,bottom,-3,0,s,-1.25,1.8766491821659245e-05,-1.7663448872309978e-05,-0.0004924362020247129,-0.0001736752134376343,0.0005344790593452412,0.9130801710515086,0.024645701859958773,3.21760848019822e-08,1.3208823483228831e-05,1.3176647398426848e-05
V9-PHASE-FIT-GN-DIAGNOSTIC-ADAM500,ordered_outgoing_channels,bottom,-3,0,p,-1.25,3.531210169018653e-05,4.984391707144125e-05,-1.3274970028758873e-16,2.3198170478591657e-16,6.108486387632403e-05,0.9130801710515086,0.024645701859958773,1.8076548604428202e-07,3.46080831114775e-30,1.8076548604428202e-07
V9-PHASE-FIT-GN-DIAGNOSTIC-ADAM500,ordered_outgoing_channels,bottom,-3,1,s,-1.25,9.997851116591814e-06,1.427806841239009e-05,-4.909306828951654e-06,0.00011217325597379069,9.902368961867247e-05,0.9130801710515086,0.024645701859958773,9.196177472533925e-09,3.8159292558322023e-07,3.7239674811068633e-07
V9-PHASE-FIT-GN-DIAGNOSTIC-ADAM500,ordered_outgoing_channels,bottom,-3,1,p,-1.25,-2.485861966145839e-05,-8.354829638623654e-06,1.5732873796791848e-06,-7.9281985174855e-05,7.569218653396195e-05,0.9130801710515086,0.024645701859958773,2.081727243673235e-08,1.903314808841085e-07,1.6951420844737615e-07
V9-PHASE-FIT-GN-DIAGNOSTIC-ADAM500,ordered_outgoing_channels,bottom,-2,-1,s,-1.25,2.100744189036557e-05,-1.0038103276642068e-05,7.745485652971132e-07,2.4717345258705883e-06,2.378793841737393e-05,0.9130801710515086,0.024645701859958773,2.2480909850824798e-08,2.7825122930511906e-10,2.220265862151968e-08
V9-PHASE-FIT-GN-DIAGNOSTIC-ADAM500,ordered_outgoing_channels,bottom,-2,-1,p,-1.25,3.2470331673741943e-06,-3.965923162297205e-05,-3.630225008417201e-05,0.0001883234131536643,0.00023138762310257865,0.9130801710515086,0.024645701859958773,6.566646791000577e-08,1.5254830024257906e-06,1.4598165345157849e-06
V9-PHASE-FIT-GN-DIAGNOSTIC-ADAM500,ordered_outgoing_channels,bottom,-2,0,s,-1.25,-3.2671152112930595e-05,3.7717560490622324e-05,-0.00018404130862068258,1.7489532595230964e-05,0.0001527157404910118,0.9130801710515086,0.024645701859958773,1.3988774432159288e-07,1.9200481909981673e-06,1.7801604466765743e-06
V9-PHASE-FIT-GN-DIAGNOSTIC-ADAM500,ordered_outgoing_channels,bottom,-2,0,p,-1.25,-5.662952435360559e-05,-4.375879935070394e-05,-1.953215047833636e-16,3.0838854490696276e-16,7.156630177070521e-05,0.9130801710515086,0.024645701859958773,2.8773602230856953e-07,7.486128714139298e-30,2.8773602230856953e-07
V9-PHASE-FIT-GN-DIAGNOSTIC-ADAM500,ordered_outgoing_channels,bottom,-2,1,s,-1.25,-3.193247694242513e-06,-1.2818763890956634e-05,7.745485660026084e-07,2.4717345262717786e-06,1.5796922137241792e-05,0.9130801710515086,0.024645701859958773,7.2375683381461715e-09,2.7825122943269296e-10,6.959317108713478e-09
V9-PHASE-FIT-GN-DIAGNOSTIC-ADAM500,ordered_outgoing_channels,bottom,-2,1,p,-1.25,3.476721495883581e-05,1.2102133063321064e-05,3.630225008297548e-05,-0.00018832341315286793,0.0002004314244545751,0.9130801710515086,0.024645701859958773,5.6203540773653276e-08,1.5254830024097482e-06,1.4692794616360948e-06
V9-PHASE-FIT-GN-DIAGNOSTIC-ADAM500,ordered_outgoing_channels,bottom,-1,-1,s,-1.25,-5.260115355795978e-05,-3.0122076553067075e-05,-0.00033718347041335526,-1.6668060240140516e-05,0.00028490016781626017,0.9130801710515086,0.024645701859958773,1.1127222627697684e-07,3.4515489579344382e-06,3.3402767316574615e-06
V9-PHASE-FIT-GN-DIAGNOSTIC-ADAM500,ordered_outgoing_channels,bottom,-1,-1,p,-1.25,-1.4402946655695867e-05,0.00011274746954465043,0.0002479992366175502,8.609260274623294e-06,0.0002823113040891813,0.9130801710515086,0.024645701859958773,3.9125968436689877e-07,1.8648558637476027e-06,1.473596179380704e-06
V9-PHASE-FIT-GN-DIAGNOSTIC-ADAM500,ordered_outgoing_channels,bottom,-1,0,s,-1.25,-0.0002092331073691571,0.0001318136948268579,-0.0011348134234953988,-0.0008861976207941805,0.0013758800675686932,0.9130801710515086,0.024645701859958773,2.9631903008399007e-06,0.00010045454435778903,9.749135405694913e-05
V9-PHASE-FIT-GN-DIAGNOSTIC-ADAM500,ordered_outgoing_channels,bottom,-1,0,p,-1.25,-0.00011230442501188222,-4.734601331234015e-05,-4.465027736885759e-16,-2.0865938982257457e-16,0.00012187669528544709,0.9130801710515086,0.024645701859958773,7.19748348795158e-07,1.1769907587313279e-29,7.19748348795158e-07
V9-PHASE-FIT-GN-DIAGNOSTIC-ADAM500,ordered_outgoing_channels,bottom,-1,1,s,-1.25,-2.008418678759691e-05,4.038857812086407e-06,-0.00033718347041209904,-1.6668060241286416e-05,0.0003177746562116645,0.9130801710515086,0.024645701859958773,1.2710041414936282e-08,3.4515489579099395e-06,3.4388389164950032e-06
V9-PHASE-FIT-GN-DIAGNOSTIC-ADAM500,ordered_outgoing_channels,bottom,-1,1,p,-1.25,-2.972978857305846e-05,-7.612542911753786e-05,-0.000247999236616804,-8.609260275602887e-06,0.00022847316035896645,0.9130801710515086,0.024645701859958773,2.0226891529041425e-07,1.8648558637369045e-06,1.6625869484464902e-06
V9-PHASE-FIT-GN-DIAGNOSTIC-ADAM500,ordered_outgoing_channels,bottom,0,0,s,-1.25,0.07776115902130717,-0.12388458594193631,0.07718950242782177,-0.12447475436113979,0.0008216386212322725,0.9130801710515086,0.024645701859958773,0.03224457604346028,0.032331984498269135,8.74084548088544e-05
V9-PHASE-FIT-GN-DIAGNOSTIC-ADAM500,ordered_outgoing_channels,bottom,0,0,p,-1.25,0.0011040520127084275,-0.0009759329704193876,2.4167599005431038e-15,5.725178855579965e-15,0.0014735589603144415,0.9130801710515086,0.024645701859958773,3.2726223246335395e-06,5.820430999983165e-29,3.2726223246335395e-06
V9-PHASE-FIT-GN-DIAGNOSTIC-ADAM500,ordered_boundary_outgoing_channels,top,-3,-1,s,8.75,-9.538108965329504e-06,-6.222471894275799e-06,-7.855082196187339e-05,7.345092919286605e-05,0.00010540685649394878,0.9095181214967073,0.024720068464064493,4.106800930336142e-09,3.662159813318062e-07,3.6210918040147005e-07
V9-PHASE-FIT-GN-DIAGNOSTIC-ADAM500,ordered_boundary_outgoing_channels,top,-3,-1,p,8.75,-1.7643130700738122e-05,1.5239959099366845e-05,5.531274235513715e-05,-5.254893240889601e-05,9.95886199586279e-05,0.9095181214967073,0.024720068464064493,1.7211159834285163e-08,1.843193233752179e-07,1.6710816354093274e-07
V9-PHASE-FIT-GN-DIAGNOSTIC-ADAM500,ordered_boundary_outgoing_channels,top,-3,0,s,8.75,2.358949564177049e-05,-5.665531917678677e-05,0.0002384264874377627,-0.00046734237743567054,0.00046348548290673253,0.9095181214967073,0.024720068464064493,1.8687228856701163e-07,1.365740342110789e-05,1.3470531132540879e-05
V9-PHASE-FIT-GN-DIAGNOSTIC-ADAM500,ordered_boundary_outgoing_channels,top,-3,0,p,8.75,6.460636830732829e-06,6.08236103234902e-06,-8.953304260694988e-16,-3.7721080122444466e-15,8.873271327076324e-06,0.9095181214967073,0.024720068464064493,3.906598042957848e-09,7.457653301374714e-28,3.906598042957848e-09
V9-PHASE-FIT-GN-DIAGNOSTIC-ADAM500,ordered_boundary_outgoing_channels,top,-3,1,s,8.75,-1.0882761540119893e-05,1.6020041759516708e-05,-7.855082196233748e-05,7.345092919581435e-05,8.875400403939857e-05,0.9095181214967073,0.024720068464064493,1.1876843741524564e-08,3.6621598134782935e-07,3.543391376063048e-07
V9-PHASE-FIT-GN-DIAGNOSTIC-ADAM500,ordered_boundary_outgoing_channels,top,-3,1,p,8.75,-5.143596226824628e-06,4.453642126141344e-05,-5.5312742353573465e-05,5.2548932408382856e-05,5.0804956037451574e-05,0.9095181214967073,0.024720068464064493,6.36453409368398e-08,1.843193233680326e-07,1.206739824311928e-07
V9-PHASE-FIT-GN-DIAGNOSTIC-ADAM500,ordered_boundary_outgoing_channels,top,-2,-1,s,8.75,1.9976629971571345e-05,1.0729138979601202e-07,-1.6954805776036832e-06,1.8854459868824524e-06,2.1744935259200086e-05,0.9095181214967073,0.024720068464064493,1.704375952017689e-08,2.745931746845648e-10,1.6769166345492324e-08
V9-PHASE-FIT-GN-DIAGNOSTIC-ADAM500,ordered_boundary_outgoing_channels,top,-2,-1,p,8.75,1.0983469644609399e-05,-2.0184862219781245e-05,0.00017343931198744156,-5.9854094867379096e-05,0.00016722903076370557,0.9095181214967073,0.024720068464064493,2.2552569201853267e-08,1.437706929814518e-06,1.4151543606126647e-06
V9-PHASE-FIT-GN-DIAGNOSTIC-ADAM500,ordered_boundary_outgoing_channels,top,-2,0,s,8.75,-6.479259263538284e-05,0.00012435530424530913,-5.6207409492762594e-05,-0.00016425931836508344,0.00028874228258800555,0.9095181214967073,0.024720068464064493,1.1266252362942082e-06,1.7270051732052553e-06,6.003799369110471e-07
V9-PHASE-FIT-GN-DIAGNOSTIC-ADAM500,ordered_boundary_outgoing_channels,top,-2,0,p,8.75,-1.7138565200824535e-05,-9.205839508367863e-06,1.1404235867852477e-15,1.7310012154075433e-16,1.9454508429642162e-05,0.9095181214967073,0.024720068464064493,2.168628694083533e-08,7.623760074136061e-29,2.168628694083533e-08
V9-PHASE-FIT-GN-DIAGNOSTIC-ADAM500,ordered_boundary_outgoing_channels,top,-2,1,s,8.75,1.1724453800052225e-05,3.033795938964435e-06,-1.6954805762582626e-06,1.885445986237883e-06,1.3468977180113084e-05,0.9095181214967073,0.024720068464064493,6.2638311642703154e-09,2.745931743859139e-10,5.989237989884401e-09
V9-PHASE-FIT-GN-DIAGNOSTIC-ADAM500,ordered_boundary_outgoing_channels,top,-2,1,p,8.75,2.052980922018454e-05,-6.470189623749272e-05,-0.00017343931198806085,5.9854094869309646e-05,0.00023051727679915192,0.9095181214967073,0.024720068464064493,1.9678991411179203e-07,1.4377069298335635e-06,1.2409170157217714e-06
V9-PHASE-FIT-GN-DIAGNOSTIC-ADAM500,ordered_boundary_outgoing_channels,top,-1,-1,s,8.75,-6.515749444399901e-05,2.213071650148583e-05,-0.00022030138827274493,-0.0002384248695454775,0.00030324716192014345,0.9095181214967073,0.024720068464064493,1.5001770025075734e-07,3.3385088803210597e-06,3.1884911800703023e-06
V9-PHASE-FIT-GN-DIAGNOSTIC-ADAM500,ordered_boundary_outgoing_channels,top,-1,-1,p,8.75,-3.0768731018564164e-05,5.169320587429916e-05,-0.00016206524324860404,-0.0001760155998907599,0.0002628499084015865,0.9095181214967073,0.024720068464064493,1.1465020390511265e-07,1.8136268113864188e-06,1.6989766074813063e-06
V9-PHASE-FIT-GN-DIAGNOSTIC-ADAM500,ordered_boundary_outgoing_channels,top,-1,0,s,8.75,-0.0003418447313325652,0.0004828556846535856,0.0011543275989399616,-0.0012201900152203147,0.002266913385582278,0.9095181214967073,0.024720068464064493,1.7369873903821953e-05,0.00014001487940183894,0.00012264500549801697
V9-PHASE-FIT-GN-DIAGNOSTIC-ADAM500,ordered_boundary_outgoing_channels,top,-1,0,p,8.75,-0.00010846545575787088,-2.7660590320075794e-05,-1.2513260214317444e-15,1.783924663825131e-15,0.00011193687216214751,0.9095181214967073,0.024720068464064493,6.218214991442816e-07,2.3563986760300565e-28,6.218214991442816e-07
V9-PHASE-FIT-GN-DIAGNOSTIC-ADAM500,ordered_boundary_outgoing_channels,top,-1,1,s,8.75,-4.969425199096877e-07,-8.767989916088165e-05,-0.00022030138827282503,-0.00023842486954857905,0.00026652962400066163,0.9095181214967073,0.024720068464064493,2.4356338528444683e-07,3.338508880369034e-06,3.094945495084587e-06
V9-PHASE-FIT-GN-DIAGNOSTIC-ADAM500,ordered_boundary_outgoing_channels,top,-1,1,p,8.75,-0.0001080992232817493,0.00019831468914976674,0.00016206524324998136,0.0001760155998905761,0.0002710831760883806,0.9095181214967073,0.024720068464064493,1.6161761398049382e-06,1.8136268113985115e-06,1.9745067159357328e-07
V9-PHASE-FIT-GN-DIAGNOSTIC-ADAM500,ordered_boundary_outgoing_channels,top,0,0,s,8.75,-0.8754953013169021,-0.20775249584925612,-0.8767420008873494,-0.208758909616445,0.0016022261044374604,0.9095181214967073,0.024720068464064493,0.8096531221593901,0.812256818464021,0.0026036963046308648
V9-PHASE-FIT-GN-DIAGNOSTIC-ADAM500,ordered_boundary_outgoing_channels,top,0,0,p,8.75,-0.017774026754750257,-0.013287044571962137,1.109046864019619e-13,1.6235607409513206e-14,0.022191475402511214,0.9095181214967073,0.024720068464064493,0.0004924615805357781,1.2563444413870592e-26,0.0004924615805357781
V9-PHASE-FIT-GN-DIAGNOSTIC-ADAM500,ordered_boundary_outgoing_channels,bottom,-3,-1,s,-1.25,-2.0868904889701832e-05,-7.28239324198921e-06,-8.648303367237041e-05,6.939127777564956e-05,0.00010091613212578908,0.9095181214967073,0.024720068464064493,1.51633365129233e-08,3.815929255738811e-07,3.664295890609578e-07
V9-PHASE-FIT-GN-DIAGNOSTIC-ADAM500,ordered_boundary_outgoing_channels,bottom,-3,-1,p,-1.25,-1.704119987243953e-05,1.4307291170443098e-05,-5.9889780695573525e-05,5.0452604324837186e-05,5.6057867793788416e-05,0.9095181214967073,0.024720068464064493,1.536683980784248e-08,1.903314808729246e-07,1.7496464106508212e-07
V9-PHASE-FIT-GN-DIAGNOSTIC-ADAM500,ordered_boundary_outgoing_channels,bottom,-3,0,s,-1.25,2.1186899793661228e-05,1.431308274847631e-05,6.074845422874771e-05,-0.0005144750722767751,0.0005302659988009128,0.9095181214967073,0.024720068464064493,3.21760848019822e-08,1.3208823483228831e-05,1.3176647398426848e-05
V9-PHASE-FIT-GN-DIAGNOSTIC-ADAM500,ordered_boundary_outgoing_channels,bottom,-3,0,p,-1.25,-4.054480166787295e-05,4.5043159188464455e-05,-2.5346697492730613e-16,-7.791468315616378e-17,6.0603359081415354e-05,0.9095181214967073,0.024720068464064493,1.8076548604428202e-07,3.46080831114775e-30,1.8076548604428202e-07
V9-PHASE-FIT-GN-DIAGNOSTIC-ADAM500,ordered_boundary_outgoing_channels,bottom,-3,1,s,-1.25,-4.091570674169869e-06,1.671971331893761e-05,-8.648303367501951e-05,6.939127777451605e-05,9.778878707509635e-05,0.9095181214967073,0.024720068464064493,9.196177472533925e-09,3.8159292558322023e-07,3.7239674811068633e-07
V9-PHASE-FIT-GN-DIAGNOSTIC-ADAM500,ordered_boundary_outgoing_channels,bottom,-3,1,p,-1.25,-9.982216121547618e-06,-2.3896920531232847e-05,5.9889780696845165e-05,-5.0452604326898695e-05,7.474824600781534e-05,0.9095181214967073,0.024720068464064493,2.081727243673235e-08,1.903314808841085e-07,1.6951420844737615e-07
V9-PHASE-FIT-GN-DIAGNOSTIC-ADAM500,ordered_boundary_outgoing_channels,bottom,-2,-1,s,-1.25,1.7459634609092967e-05,1.5077556345997847e-05,-1.935589521620524e-06,1.6853186586884327e-06,2.3569614959816408e-05,0.9095181214967073,0.024720068464064493,2.2480909850824798e-08,2.7825122930511906e-10,2.220265862151968e-08
V9-PHASE-FIT-GN-DIAGNOSTIC-ADAM500,ordered_boundary_outgoing_channels,bottom,-2,-1,p,-1.25,3.728619569122344e-05,-1.2814301033860765e-05,-0.0001853545253180435,4.1894719858193056e-05,0.0002292639692984779,0.9095181214967073,0.024720068464064493,6.566646791000577e-08,1.5254830024257906e-06,1.4598165345157849e-06
V9-PHASE-FIT-GN-DIAGNOSTIC-ADAM500,ordered_boundary_outgoing_channels,bottom,-2,0,s,-1.25,-3.776622995245215e-05,-3.209211877216883e-05,-1.910128656019509e-05,-0.00018261418318362527,0.00015167488910997366,0.9095181214967073,0.024720068464064493,1.3988774432159288e-07,1.9200481909981673e-06,1.7801604466765743e-06
V9-PHASE-FIT-GN-DIAGNOSTIC-ADAM500,ordered_boundary_outgoing_channels,bottom,-2,0,p,-1.25,4.292575068194379e-05,-5.665278334659937e-05,-3.081108181661143e-16,-1.9107978283180129e-16,7.107853355641158e-05,0.9095181214967073,0.024720068464064493,2.8773602230856953e-07,7.486128714139298e-30,2.8773602230856953e-07
V9-PHASE-FIT-GN-DIAGNOSTIC-ADAM500,ordered_boundary_outgoing_channels,bottom,-2,1,s,-1.25,1.0365583820680483e-05,-7.992715423163036e-06,-1.9355895217042767e-06,1.6853186594882002e-06,1.565193947421074e-05,0.9095181214967073,0.024720068464064493,7.2375683381461715e-09,2.7825122943269296e-10,6.959317108713478e-09
V9-PHASE-FIT-GN-DIAGNOSTIC-ADAM500,ordered_boundary_outgoing_channels,bottom,-2,1,p,-1.25,2.8329923684905562e-06,3.636527178202885e-05,0.00018535452531684516,-4.189471985896257e-05,0.00019859188372505393,0.9095181214967073,0.024720068464064493,5.6203540773653276e-08,1.5254830024097482e-06,1.4692794616360948e-06
V9-PHASE-FIT-GN-DIAGNOSTIC-ADAM500,ordered_boundary_outgoing_channels,bottom,-1,-1,s,-1.25,-1.1857862738112508e-05,-5.867358179619137e-05,-0.00020705147255067278,-0.00026129824663100645,0.0002813490716371376,0.9095181214967073,0.024720068464064493,1.1127222627697684e-07,3.4515489579344382e-06,3.3402767316574615e-06
V9-PHASE-FIT-GN-DIAGNOSTIC-ADAM500,ordered_boundary_outgoing_channels,bottom,-1,-1,p,-1.25,-9.311899727165809e-05,6.267560482204819e-05,0.00015499807170421564,0.00018981004150854804,0.0002787924764206741,0.9095181214967073,0.024720068464064493,3.9125968436689877e-07,1.8648558637476027e-06,1.473596179380704e-06
V9-PHASE-FIT-GN-DIAGNOSTIC-ADAM500,ordered_boundary_outgoing_channels,bottom,-1,0,s,-1.25,-0.00017314176248530385,-0.00017382514377245765,0.0006107069086373302,-0.0012913701554319347,0.0013650368465011119,0.9095181214967073,0.024720068464064493,2.9631903008399007e-06,0.00010045454435778903,9.749135405694913e-05
V9-PHASE-FIT-GN-DIAGNOSTIC-ADAM500,ordered_boundary_outgoing_channels,bottom,-1,0,p,-1.25,2.137664707346876e-05,-0.00011901161577563922,1.0475495179447351e-16,-4.776152653530708e-16,0.000120916192999589,0.9095181214967073,0.024720068464064493,7.19748348795158e-07,1.1769907587313279e-29,7.19748348795158e-07
V9-PHASE-FIT-GN-DIAGNOSTIC-ADAM500,ordered_boundary_outgoing_channels,bottom,-1,1,s,-1.25,-1.607033317580417e-05,-1.2289600224649258e-05,-0.00020705147254900414,-0.0002612982466308191,0.00031381380081398357,0.9095181214967073,0.024720068464064493,1.2710041414936282e-08,3.4515489579099395e-06,3.4388389164950032e-06
V9-PHASE-FIT-GN-DIAGNOSTIC-ADAM500,ordered_boundary_outgoing_channels,bottom,-1,1,p,-1.25,3.719643196567415e-05,-7.16233692099587e-05,-0.0001549980717030024,-0.00018981004150863128,0.00022562539030322525,0.9095181214967073,0.024720068464064493,2.0226891529041425e-07,1.8648558637369045e-06,1.6625869484464902e-06
V9-PHASE-FIT-GN-DIAGNOSTIC-ADAM500,ordered_boundary_outgoing_channels,bottom,0,0,s,-1.25,0.07094912042424023,-0.09942748569886084,0.07050175899447489,-0.09994772920440079,0.0006861381449082854,0.9095181214967073,0.024720068464064493,0.03224457604346028,0.032331984498269135,8.74084548088544e-05
V9-PHASE-FIT-GN-DIAGNOSTIC-ADAM500,ordered_boundary_outgoing_channels,bottom,0,0,p,-1.25,0.0009686178070795723,-0.0007589635535965555,1.7315585978917311e-15,4.892126973773713e-15,0.0012305470864146656,0.9095181214967073,0.024720068464064493,3.2726223246335395e-06,5.820430999983165e-29,3.2726223246335395e-06
V9-PHASE-FIT-GN-DIAGNOSTIC-ADAM500,ordered_scattered_channels,top,-3,-1,s,8.75,-8.058286545694133e-06,-8.047278860408668e-06,-9.195140170810291e-05,5.5769259938579254e-05,0.00010540685649394878,0.2468359522790033,0.09116784432009936,4.106800930336142e-09,3.662159813318062e-07,3.6210918040147005e-07
V9-PHASE-FIT-GN-DIAGNOSTIC-ADAM500,ordered_scattered_channels,top,-3,-1,p,8.75,-2.039492673457084e-05,1.129528121675738e-05,6.49187356517443e-05,-4.008051303985588e-05,9.95886199586279e-05,0.2468359522790033,0.09116784432009936,1.7211159834285163e-08,1.843193233752179e-07,1.6710816354093274e-07
V9-PHASE-FIT-GN-DIAGNOSTIC-ADAM500,ordered_scattered_channels,top,-3,0,s,8.75,-1.8009159516958937e-05,5.8668216856850864e-05,-0.00019219020094724982,0.00048817928501638765,0.0004634854829067324,0.2468359522790033,0.09116784432009936,1.8687228856701163e-07,1.365740342110789e-05,1.3470531132540879e-05
V9-PHASE-FIT-GN-DIAGNOSTIC-ADAM500,ordered_scattered_channels,top,-3,0,p,8.75,-7.017710949801362e-06,-5.430163626585982e-06,1.2553482268998042e-15,3.668039838538298e-15,8.873271327076324e-06,0.2468359522790033,0.09116784432009936,3.906598042957848e-09,7.457653301374714e-28,3.906598042957848e-09
V9-PHASE-FIT-GN-DIAGNOSTIC-ADAM500,ordered_scattered_channels,top,-3,1,s,8.75,-1.3938490990897792e-05,1.3445992176564336e-05,-9.195140170914724e-05,5.5769259941376876e-05,8.875400403939859e-05,0.2468359522790033,0.09116784432009936,1.1876843741524564e-08,3.6621598134782935e-07,3.543391376063048e-07
V9-PHASE-FIT-GN-DIAGNOSTIC-ADAM500,ordered_scattered_channels,top,-3,1,p,8.75,-1.4173018799104171e-05,4.253322159253638e-05,-6.491873565010715e-05,4.00805130396873e-05,5.080495603745156e-05,0.2468359522790033,0.09116784432009936,6.36453409368398e-08,1.843193233680326e-07,1.206739824311928e-07
V9-PHASE-FIT-GN-DIAGNOSTIC-ADAM500,ordered_scattered_channels,top,-2,-1,s,8.75,-6.591647741946794e-06,-1.885808676694151e-05,2.3445165024338254e-06,9.658174404606376e-07,2.1744935259200086e-05,0.2468359522790033,0.09116784432009936,1.704375952017689e-08,2.745931746845648e-10,1.6769166345492324e-08
V9-PHASE-FIT-GN-DIAGNOSTIC-ADAM500,ordered_scattered_channels,top,-2,-1,p,8.75,-2.2698113556029297e-05,-3.5862109895738263e-06,-0.00011450210530949539,-0.00014336308972242402,0.00016722903076370554,0.2468359522790033,0.09116784432009936,2.2552569201853267e-08,1.437706929814518e-06,1.4151543606126647e-06
V9-PHASE-FIT-GN-DIAGNOSTIC-ADAM500,ordered_scattered_channels,top,-2,0,s,8.75,-0.00012435529598231096,-6.479260849467937e-05,0.0001642593255332033,-5.620738854478225e-05,0.00028874228258800555,0.2468359522790033,0.09116784432009936,1.1266252362942082e-06,1.7270051732052553e-06,6.003799369110471e-07
V9-PHASE-FIT-GN-DIAGNOSTIC-ADAM500,ordered_scattered_channels,top,-2,0,p,8.75,9.205841694064099e-06,-1.7138564026795576e-05,-1.731002669799771e-16,1.1404235647096274e-15,1.9454508429642162e-05,0.2468359522790033,0.09116784432009936,2.168628694083533e-08,7.623760074136061e-29,2.168628694083533e-08
V9-PHASE-FIT-GN-DIAGNOSTIC-ADAM500,ordered_scattered_channels,top,-2,1,s,8.75,-1.0695582148109105e-06,-1.2063282303501259e-05,2.344516501375749e-06,9.658174394089149e-07,1.3468977180113082e-05,0.2468359522790033,0.09116784432009936,6.2638311642703154e-09,2.745931743859139e-10,5.989237989884401e-09
V9-PHASE-FIT-GN-DIAGNOSTIC-ADAM500,ordered_scattered_channels,top,-2,1,p,8.75,-6.784071528428945e-05,2.3336223048954036e-06,0.00011450210531154583,0.0001433630897223534,0.00023051727679915192,0.2468359522790033,0.09116784432009936,1.9678991411179203e-07,1.4377069298335635e-06,1.2409170157217714e-06
V9-PHASE-FIT-GN-DIAGNOSTIC-ADAM500,ordered_scattered_channels,top,-1,-1,s,8.75,-6.828674362151921e-05,8.496372205353022e-06,-0.00016753172947578341,-0.00027805078620911914,0.00030324716192014345,0.2468359522790033,0.09116784432009936,1.5001770025075734e-07,3.3385088803210597e-06,3.1884911800703023e-06
V9-PHASE-FIT-GN-DIAGNOSTIC-ADAM500,ordered_scattered_channels,top,-1,-1,p,8.75,-4.058708866342716e-05,4.4402596499355457e-05,-0.00012312018254764134,-0.00020515373533901306,0.00026284990840158654,0.2468359522790033,0.09116784432009936,1.1465020390511265e-07,1.8136268113864188e-06,1.6989766074813063e-06
V9-PHASE-FIT-GN-DIAGNOSTIC-ADAM500,ordered_scattered_channels,top,-1,0,s,8.75,0.00029263371973762805,-0.0005141720904668527,-0.0010285581087378939,0.0013279322632823076,0.0022669133855822777,0.2468359522790033,0.09116784432009936,1.7369873903821953e-05,0.00014001487940183894,0.00012264500549801697
V9-PHASE-FIT-GN-DIAGNOSTIC-ADAM500,ordered_scattered_channels,top,-1,0,p,8.75,0.00011066214761774894,1.6844952782517894e-05,1.0695710033665002e-15,-1.898478834981676e-15,0.0001119368721621475,0.2468359522790033,0.09116784432009936,6.218214991442816e-07,2.3563986760300565e-28,6.218214991442816e-07
V9-PHASE-FIT-GN-DIAGNOSTIC-ADAM500,ordered_scattered_channels,top,-1,1,s,8.75,1.724518449404839e-05,-8.596868779092647e-05,-0.00016753172947527734,-0.00027805078621216526,0.00026652962400066163,0.2468359522790033,0.09116784432009936,2.4356338528444683e-07,3.338508880369034e-06,3.094945495084587e-06
V9-PHASE-FIT-GN-DIAGNOSTIC-ADAM500,ordered_scattered_channels,top,-1,1,p,8.75,-0.00014597157085997575,0.00017235561640791314,0.00012312018254903858,0.0002051537353391292,0.0002710831760883806,0.2468359522790033,0.09116784432009936,1.6161761398049382e-06,1.8136268113985115e-06,1.9745067159357328e-07
V9-PHASE-FIT-GN-DIAGNOSTIC-ADAM500,ordered_scattered_channels,top,0,0,s,8.75,-0.017857613371293542,0.21002171699652167,-0.01927337511042978,0.20927155222279603,0.001602226104437478,0.2468359522790033,0.09116784432009936,0.8096531221593901,0.812256818464021,0.0026036963046308648
V9-PHASE-FIT-GN-DIAGNOSTIC-ADAM500,ordered_scattered_channels,top,0,0,p,8.75,-0.019981915826522874,-0.009653218138922219,1.1185579377514874e-13,-3.735624544869974e-15,0.022191475402511214,0.2468359522790033,0.09116784432009936,0.0004924615805357781,1.2563444413870592e-26,0.0004924615805357781
V9-PHASE-FIT-GN-DIAGNOSTIC-ADAM500,ordered_scattered_channels,bottom,-3,-1,s,-1.25,-1.9477622760086823e-05,1.1026490808154822e-05,-4.909306826320045e-06,0.00011217325597253238,0.00010219052760585878,0.2468359522790033,0.09116784432009936,1.51633365129233e-08,3.815929255738811e-07,3.664295890609578e-07
V9-PHASE-FIT-GN-DIAGNOSTIC-ADAM500,ordered_scattered_channels,bottom,-3,-1,p,-1.25,-4.846912923841643e-07,2.2526642819392958e-05,-1.5732873804033325e-06,7.928198517251764e-05,5.676578130408529e-05,0.2468359522790033,0.09116784432009936,1.536683980784248e-08,1.903314808729246e-07,1.7496464106508212e-07
V9-PHASE-FIT-GN-DIAGNOSTIC-ADAM500,ordered_scattered_channels,bottom,-3,0,s,-1.25,1.8766491821656988e-05,-1.7663448872383856e-05,-0.0004924362020247152,-0.0001736752134377082,0.0005344790593452412,0.2468359522790033,0.09116784432009936,3.21760848019822e-08,1.3208823483228831e-05,1.3176647398426848e-05
V9-PHASE-FIT-GN-DIAGNOSTIC-ADAM500,ordered_scattered_channels,bottom,-3,0,p,-1.25,3.531210169018653e-05,4.984391707144125e-05,-1.3274970028758873e-16,2.3198170478591657e-16,6.108486387632403e-05,0.2468359522790033,0.09116784432009936,1.8076548604428202e-07,3.46080831114775e-30,1.8076548604428202e-07
V9-PHASE-FIT-GN-DIAGNOSTIC-ADAM500,ordered_scattered_channels,bottom,-3,1,s,-1.25,9.997851116590611e-06,1.4278068412389204e-05,-4.9093068289528565e-06,0.00011217325597378981,9.902368961867249e-05,0.2468359522790033,0.09116784432009936,9.196177472533925e-09,3.8159292558322023e-07,3.7239674811068633e-07
V9-PHASE-FIT-GN-DIAGNOSTIC-ADAM500,ordered_scattered_channels,bottom,-3,1,p,-1.25,-2.4858619661449704e-05,-8.354829638623826e-06,1.5732873796878703e-06,-7.928198517485518e-05,7.569218653396195e-05,0.2468359522790033,0.09116784432009936,2.081727243673235e-08,1.903314808841085e-07,1.6951420844737615e-07
V9-PHASE-FIT-GN-DIAGNOSTIC-ADAM500,ordered_scattered_channels,bottom,-2,-1,s,-1.25,2.100744189036557e-05,-1.0038103276642068e-05,7.745485652971132e-07,2.471734525870588e-06,2.378793841737393e-05,0.2468359522790033,0.09116784432009936,2.2480909850824798e-08,2.7825122930511906e-10,2.220265862151968e-08
V9-PHASE-FIT-GN-DIAGNOSTIC-ADAM500,ordered_scattered_channels,bottom,-2,-1,p,-1.25,3.2470331673673427e-06,-3.9659231622976334e-05,-3.630225008417886e-05,0.00018832341315366003,0.00023138762310257865,0.2468359522790033,0.09116784432009936,6.566646791000577e-08,1.5254830024257906e-06,1.4598165345157849e-06
V9-PHASE-FIT-GN-DIAGNOSTIC-ADAM500,ordered_scattered_channels,bottom,-2,0,s,-1.25,-3.267115211294635e-05,3.771756049066434e-05,-0.00018404130862069833,1.7489532595272983e-05,0.0001527157404910118,0.2468359522790033,0.09116784432009936,1.3988774432159288e-07,1.9200481909981673e-06,1.7801604466765743e-06
V9-PHASE-FIT-GN-DIAGNOSTIC-ADAM500,ordered_scattered_channels,bottom,-2,0,p,-1.25,-5.662952435360559e-05,-4.375879935070394e-05,-1.953215047833636e-16,3.0838854490696276e-16,7.156630177070521e-05,0.2468359522790033,0.09116784432009936,2.8773602230856953e-07,7.486128714139298e-30,2.8773602230856953e-07
V9-PHASE-FIT-GN-DIAGNOSTIC-ADAM500,ordered_scattered_channels,bottom,-2,1,s,-1.25,-3.1932476942425125e-06,-1.2818763890956636e-05,7.745485660026087e-07,2.4717345262717774e-06,1.5796922137241792e-05,0.2468359522790033,0.09116784432009936,7.2375683381461715e-09,2.7825122943269296e-10,6.959317108713478e-09
V9-PHASE-FIT-GN-DIAGNOSTIC-ADAM500,ordered_scattered_channels,bottom,-2,1,p,-1.25,3.4767214958828096e-05,1.2102133063332712e-05,3.630225008296777e-05,-0.00018832341315285628,0.0002004314244545751,0.2468359522790033,0.09116784432009936,5.6203540773653276e-08,1.5254830024097482e-06,1.4692794616360948e-06
V9-PHASE-FIT-GN-DIAGNOSTIC-ADAM500,ordered_scattered_channels,bottom,-1,-1,s,-1.25,-5.2601153557959866e-05,-3.0122076553062748e-05,-0.00033718347041335536,-1.666806024013619e-05,0.0002849001678162602,0.2468359522790033,0.09116784432009936,1.1127222627697684e-07,3.4515489579344382e-06,3.3402767316574615e-06
V9-PHASE-FIT-GN-DIAGNOSTIC-ADAM500,ordered_scattered_channels,bottom,-1,-1,p,-1.25,-1.4402946655713334e-05,0.00011274746954464234,0.00024799923661753275,8.609260274615205e-06,0.0002823113040891813,0.2468359522790033,0.09116784432009936,3.9125968436689877e-07,1.8648558637476027e-06,1.473596179380704e-06
V9-PHASE-FIT-GN-DIAGNOSTIC-ADAM500,ordered_scattered_channels,bottom,-1,0,s,-1.25,-0.00020923310736917138,0.00013181369482686842,-0.0011348134234954131,-0.00088619762079417,0.0013758800675686932,0.2468359522790033,0.09116784432009936,2.9631903008399007e-06,0.00010045454435778903,9.749135405694913e-05
V9-PHASE-FIT-GN-DIAGNOSTIC-ADAM500,ordered_scattered_channels,bottom,-1,0,p,-1.25,-0.00011230442501188222,-4.734601331234015e-05,-4.465027736885759e-16,-2.0865938982257457e-16,0.00012187669528544709,0.2468359522790033,0.09116784432009936,7.19748348795158e-07,1.1769907587313279e-29,7.19748348795158e-07
V9-PHASE-FIT-GN-DIAGNOSTIC-ADAM500,ordered_scattered_channels,bottom,-1,1,s,-1.25,-2.0084186787595326e-05,4.038857812084396e-06,-0.00033718347041209747,-1.666806024128843e-05,0.0003177746562116645,0.2468359522790033,0.09116784432009936,1.2710041414936282e-08,3.4515489579099395e-06,3.4388389164950032e-06
V9-PHASE-FIT-GN-DIAGNOSTIC-ADAM500,ordered_scattered_channels,bottom,-1,1,p,-1.25,-2.9729788573052224e-05,-7.612542911753361e-05,-0.00024799923661679776,-8.609260275598644e-06,0.00022847316035896645,0.2468359522790033,0.09116784432009936,2.0226891529041425e-07,1.8648558637369045e-06,1.6625869484464902e-06
V9-PHASE-FIT-GN-DIAGNOSTIC-ADAM500,ordered_scattered_channels,bottom,0,0,s,-1.25,-0.04103588899349628,0.12316405383078892,-0.041607545586981674,0.12257388541158544,0.0008216386212322676,0.2468359522790033,0.09116784432009936,0.03224457604346028,0.032331984498269135,8.74084548088544e-05
V9-PHASE-FIT-GN-DIAGNOSTIC-ADAM500,ordered_scattered_channels,bottom,0,0,p,-1.25,0.0011040520127086767,-0.0009759329704191461,2.6658179463359154e-15,5.966790876859179e-15,0.0014735589603144415,0.2468359522790033,0.09116784432009936,3.2726223246335395e-06,5.820430999983165e-29,3.2726223246335395e-06
V9-PHASE-FIT-GN-DIAGNOSTIC-COMMON-WALL,ordered_total_channels,top,-3,-1,s,8.75,-9.038831828822276e-06,-1.3818296748520742e-05,-9.195140170809825e-05,5.576925993858354e-05,0.00010824473331144926,0.4382342339399896,0.013575254685500499,8.633369208708454e-09,3.662159813318062e-07,3.575826121230977e-07
V9-PHASE-FIT-GN-DIAGNOSTIC-COMMON-WALL,ordered_total_channels,top,-3,-1,p,8.75,-9.0157089932982e-06,2.4445931810267395e-05,6.491873565175626e-05,-4.0080513039853855e-05,9.813238094517203e-05,0.4382342339399896,0.013575254685500499,2.1497042912788748e-08,1.843193233752179e-07,1.6282228046242915e-07
V9-PHASE-FIT-GN-DIAGNOSTIC-COMMON-WALL,ordered_total_channels,top,-3,0,s,8.75,-1.9376687107843237e-05,-1.4419591906718783e-06,-0.0001921902009470994,0.00048817928501632254,0.0005192239144572176,0.4382342339399896,0.013575254685500499,1.873219681748295e-08,1.365740342110789e-05,1.3638671224290407e-05
V9-PHASE-FIT-GN-DIAGNOSTIC-COMMON-WALL,ordered_total_channels,top,-3,0,p,8.75,-1.7851600433214645e-05,4.784470230293831e-06,1.2553482268998042e-15,3.668039838538298e-15,1.848163394890825e-05,0.4382342339399896,0.013575254685500499,1.694774550551858e-08,7.457653301374714e-28,1.694774550551858e-08
V9-PHASE-FIT-GN-DIAGNOSTIC-COMMON-WALL,ordered_total_channels,top,-3,1,s,8.75,-1.2025075278023751e-05,1.649277947436818e-05,-9.195140170915746e-05,5.576925994137385e-05,8.905537364275792e-05,0.4382342339399896,0.013575254685500499,1.319214973135452e-08,3.6621598134782935e-07,3.530238316164748e-07
V9-PHASE-FIT-GN-DIAGNOSTIC-COMMON-WALL,ordered_total_channels,top,-3,1,p,8.75,-1.230988120446369e-05,4.886790834029347e-05,-6.491873565012055e-05,4.0080513039672495e-05,5.333769663431001e-05,0.4382342339399896,0.013575254685500499,8.041698302526655e-08,1.843193233680326e-07,1.0390234034276605e-07
V9-PHASE-FIT-GN-DIAGNOSTIC-COMMON-WALL,ordered_total_channels,top,-2,-1,s,8.75,-3.970179452526416e-06,-1.5238342411164271e-05,2.344516502433825e-06,9.65817440460633e-07,1.739109489079407e-05,0.4382342339399896,0.013575254685500499,1.059025746827271e-08,2.745931746845648e-10,1.0315664293588146e-08
V9-PHASE-FIT-GN-DIAGNOSTIC-COMMON-WALL,ordered_total_channels,top,-2,-1,p,8.75,-2.9555136610816864e-05,2.019835935165104e-05,-0.00011450210530953003,-0.00014336308972240936,0.00018430500566806807,0.4382342339399896,0.013575254685500499,5.472933758621716e-08,1.437706929814518e-06,1.3829775922283008e-06
V9-PHASE-FIT-GN-DIAGNOSTIC-COMMON-WALL,ordered_total_channels,top,-2,0,s,8.75,-4.943035891661341e-06,-5.411335860385595e-05,0.00016425932553326252,-5.6207388544626634e-05,0.00016921531867169535,0.4382342339399896,0.013575254685500499,1.69185215779845e-07,1.7270051732052553e-06,1.5578199574254102e-06
V9-PHASE-FIT-GN-DIAGNOSTIC-COMMON-WALL,ordered_total_channels,top,-2,0,p,8.75,-3.5349541731686444e-06,-3.3503383995778684e-05,-1.731002669799771e-16,1.1404235647096274e-15,3.368935499902297e-05,0.4382342339399896,0.013575254685500499,6.503244300949386e-08,7.623760074136061e-29,6.503244300949386e-08
V9-PHASE-FIT-GN-DIAGNOSTIC-COMMON-WALL,ordered_total_channels,top,-2,1,s,8.75,-9.765696980798615e-07,-1.0486157859017297e-05,2.3445165013757525e-06,9.658174394089157e-07,1.1923814481112103e-05,0.4382342339399896,0.013575254685500499,4.736871853530746e-09,2.745931743859139e-10,4.462278679144832e-09
V9-PHASE-FIT-GN-DIAGNOSTIC-COMMON-WALL,ordered_total_channels,top,-2,1,p,8.75,-7.659691369978868e-05,1.5010062697721364e-05,0.0001145021053115565,0.0001433630897223461,0.00023020281191480374,0.4382342339399896,0.013575254685500499,2.601932689572728e-07,1.4377069298335635e-06,1.1775136608762907e-06
V9-PHASE-FIT-GN-DIAGNOSTIC-COMMON-WALL,ordered_total_channels,top,-1,-1,s,8.75,-2.7297904514307888e-05,2.5756728471140264e-05,-0.0001675317294758279,-0.0002780507862091289,0.00033461101541871005,0.4382342339399896,0.013575254685500499,4.462527649323131e-08,3.3385088803210597e-06,3.2938836038278284e-06
V9-PHASE-FIT-GN-DIAGNOSTIC-COMMON-WALL,ordered_total_channels,top,-1,-1,p,8.75,3.168776745206169e-05,8.741735274325098e-05,-0.00012312018254765662,-0.00020515373533905003,0.0003310035392027959,0.4382342339399896,0.013575254685500499,2.7391044039555867e-07,1.8136268113864188e-06,1.5397163709908601e-06
V9-PHASE-FIT-GN-DIAGNOSTIC-COMMON-WALL,ordered_total_channels,top,-1,0,s,8.75,0.00029141793288419706,-6.806063836446664e-05,-0.0010285581087383054,0.0013279322632824794,0.001921232138994679,0.4382342339399896,0.013575254685500499,4.444442555532631e-06,0.00014001487940183894,0.0001355704368463063
V9-PHASE-FIT-GN-DIAGNOSTIC-COMMON-WALL,ordered_total_channels,top,-1,0,p,8.75,0.0001524167195292985,-2.4770447626991827e-05,1.0695710033665002e-15,-1.898478834981676e-15,0.00015441642227203133,0.4382342339399896,0.013575254685500499,1.1833313506926322e-06,2.3563986760300565e-28,1.1833313506926322e-06
V9-PHASE-FIT-GN-DIAGNOSTIC-COMMON-WALL,ordered_total_channels,top,-1,1,s,8.75,5.192695481835473e-06,-0.00011568733746405006,-0.0001675317294752791,-0.00027805078621218255,0.0002370561462315486,0.4382342339399896,0.013575254685500499,4.2485792136096646e-07,3.338508880369034e-06,2.9136509590080674e-06
V9-PHASE-FIT-GN-DIAGNOSTIC-COMMON-WALL,ordered_total_channels,top,-1,1,p,8.75,-0.00010710331627278386,0.00025399896445123515,0.00012312018254904267,0.00020515373533914856,0.00023534807374774876,0.4382342339399896,0.013575254685500499,2.407326229610012e-06,1.8136268113985115e-06,5.936994182115005e-07
V9-PHASE-FIT-GN-DIAGNOSTIC-COMMON-WALL,ordered_total_channels,top,0,0,s,8.75,0.027842412934813043,-0.4116290482796381,0.026785429987131376,-0.4121567714282053,0.0011813994554017277,0.4382342339399896,0.013575254685500499,0.8103148624162444,0.812256818464021,0.001941956047776583
V9-PHASE-FIT-GN-DIAGNOSTIC-COMMON-WALL,ordered_total_channels,top,0,0,p,8.75,-0.004650984468769357,0.0003412966970159046,1.1196540890151039e-13,-5.214558791588342e-15,0.004663490105615407,0.4382342339399896,0.013575254685500499,2.174813996412296e-05,1.2563444413870592e-26,2.174813996412296e-05
V9-PHASE-FIT-GN-DIAGNOSTIC-COMMON-WALL,ordered_total_channels,bottom,-3,-1,s,-1.25,-2.0411539599472897e-05,-2.2515542131546902e-06,-4.909306826319978e-06,0.00011217325597253058,0.00011547015374971629,0.4382342339399896,0.013575254685500499,1.2764231313395588e-08,3.815929255738811e-07,3.6882869426048553e-07
V9-PHASE-FIT-GN-DIAGNOSTIC-COMMON-WALL,ordered_total_channels,bottom,-3,-1,p,-1.25,-1.014982089839026e-06,-4.222151754647349e-06,-1.5732873803997091e-06,7.928198517251047e-05,8.350600330962434e-05,0.4382342339399896,0.013575254685500499,5.707652758354823e-10,1.903314808729246e-07,1.8976071559708911e-07
V9-PHASE-FIT-GN-DIAGNOSTIC-COMMON-WALL,ordered_total_channels,bottom,-3,0,s,-1.25,5.296657583006932e-05,-3.342580504143653e-05,-0.0004924362020247129,-0.0001736752134376343,0.0005631465942782539,0.4382342339399896,0.013575254685500499,1.9003697292379669e-07,1.3208823483228831e-05,1.3018786510305035e-05
V9-PHASE-FIT-GN-DIAGNOSTIC-COMMON-WALL,ordered_total_channels,bottom,-3,0,p,-1.25,2.4468453793470486e-05,2.9015935917876696e-05,-1.3274970028758873e-16,2.3198170478591657e-16,3.795562893994198e-05,0.4382342339399896,0.013575254685500499,6.979120180111104e-08,3.46080831114775e-30,6.979120180111104e-08
V9-PHASE-FIT-GN-DIAGNOSTIC-COMMON-WALL,ordered_total_channels,bottom,-3,1,s,-1.25,1.1007957423785989e-05,1.6767541931674002e-05,-4.909306828951654e-06,0.00011217325597379069,9.672440009210511e-05,0.4382342339399896,0.013575254685500499,1.217778387656343e-08,3.8159292558322023e-07,3.694151417066568e-07
V9-PHASE-FIT-GN-DIAGNOSTIC-COMMON-WALL,ordered_total_channels,bottom,-3,1,p,-1.25,-2.7969427256702653e-05,-1.063118988451923e-05,1.5732873796791848e-06,-7.9281985174855e-05,7.473756540109049e-05,0.4382342339399896,0.013575254685500499,2.7099704518186192e-08,1.903314808841085e-07,1.632317763659223e-07
V9-PHASE-FIT-GN-DIAGNOSTIC-COMMON-WALL,ordered_total_channels,bottom,-2,-1,s,-1.25,2.2729225228502964e-05,-7.6118175323633e-06,7.745485652971132e-07,2.4717345258705883e-06,2.4159591252689447e-05,0.4382342339399896,0.013575254685500499,2.3827970598374667e-08,2.7825122930511906e-10,2.354971936906955e-08
V9-PHASE-FIT-GN-DIAGNOSTIC-COMMON-WALL,ordered_total_channels,bottom,-2,-1,p,-1.25,1.7618314343606794e-05,-2.759762537525608e-07,-3.630225008417201e-05,0.0001883234131536643,0.00019615595059304397,0.4382342339399896,0.013575254685500499,1.2876233846349809e-08,1.5254830024257906e-06,1.5126067685794408e-06
V9-PHASE-FIT-GN-DIAGNOSTIC-COMMON-WALL,ordered_total_channels,bottom,-2,0,s,-1.25,-8.782008475062646e-05,8.014069689043257e-05,-0.00018404130862068258,1.7489532595230964e-05,0.00011482026088890324,0.4382342339399896,0.013575254685500499,7.940900999655556e-07,1.9200481909981673e-06,1.1259580910326116e-06
V9-PHASE-FIT-GN-DIAGNOSTIC-COMMON-WALL,ordered_total_channels,bottom,-2,0,p,-1.25,-3.677731455225467e-05,-2.0364392155287176e-05,-1.953215047833636e-16,3.0838854490696276e-16,4.203902155769088e-05,0.4382342339399896,0.013575254685500499,9.928468989858458e-08,7.486128714139298e-30,9.928468989858458e-08
V9-PHASE-FIT-GN-DIAGNOSTIC-COMMON-WALL,ordered_total_channels,bottom,-2,1,s,-1.25,-3.440902721047875e-06,-1.475088157208591e-05,7.745485660026084e-07,2.4717345262717786e-06,1.7731004901722434e-05,0.4382342339399896,0.013575254685500499,9.514820969961519e-09,2.7825122943269296e-10,9.236569740528826e-09
V9-PHASE-FIT-GN-DIAGNOSTIC-COMMON-WALL,ordered_total_channels,bottom,-2,1,p,-1.25,4.182506406729414e-05,1.646890733787675e-05,3.630225008297548e-05,-0.00018832341315286793,0.00020486677623833804,0.4382342339399896,0.013575254685500499,8.379643483822987e-08,1.5254830024097482e-06,1.4416865675715183e-06
V9-PHASE-FIT-GN-DIAGNOSTIC-COMMON-WALL,ordered_total_channels,bottom,-1,-1,s,-1.25,-5.0887482011704e-05,1.283851061670307e-05,-0.00033718347041335526,-1.6668060240140516e-05,0.00028781249225599706,0.4382342339399896,0.013575254685500499,8.34147253090809e-08,3.4515489579344382e-06,3.3681342326253573e-06
V9-PHASE-FIT-GN-DIAGNOSTIC-COMMON-WALL,ordered_total_channels,bottom,-1,-1,p,-1.25,-2.3126232838539175e-05,-1.134135085392977e-05,0.0002479992366175502,8.609260274623294e-06,0.000271858505609421,0.4382342339399896,0.013575254685500499,2.0092269186425535e-08,1.8648558637476027e-06,1.844763594561177e-06
V9-PHASE-FIT-GN-DIAGNOSTIC-COMMON-WALL,ordered_total_channels,bottom,-1,0,s,-1.25,-0.0004132437212374242,0.00023497009277075747,-0.0011348134234953988,-0.0008861976207941805,0.0013332966200951283,0.4382342339399896,0.013575254685500499,1.094994340081748e-05,0.00010045454435778903,8.950460095697154e-05
V9-PHASE-FIT-GN-DIAGNOSTIC-COMMON-WALL,ordered_total_channels,bottom,-1,0,p,-1.25,-7.343639084795955e-05,1.593815259379526e-05,-4.465027736885759e-16,-2.0865938982257457e-16,7.514604586282935e-05,0.4382342339399896,0.013575254685500499,2.736223725118067e-07,1.1769907587313279e-29,2.736223725118067e-07
V9-PHASE-FIT-GN-DIAGNOSTIC-COMMON-WALL,ordered_total_channels,bottom,-1,1,s,-1.25,-3.040251073515768e-05,-1.8064488561281328e-06,-0.00033718347041209904,-1.6668060241286416e-05,0.00030714072460888116,0.4382342339399896,0.013575254685500499,2.8091244766793508e-08,3.4515489579099395e-06,3.423457713143146e-06
V9-PHASE-FIT-GN-DIAGNOSTIC-COMMON-WALL,ordered_total_channels,bottom,-1,1,p,-1.25,-5.158494090841211e-05,-0.00010432505064522516,-0.000247999236616804,-8.609260275602887e-06,0.00021849505276940503,0.4382342339399896,0.013575254685500499,4.1019619338029605e-07,1.8648558637369045e-06,1.4546596703566083e-06
V9-PHASE-FIT-GN-DIAGNOSTIC-COMMON-WALL,ordered_total_channels,bottom,0,0,s,-1.25,0.07746578711309576,-0.12397933377174461,0.07718950242782177,-0.12447475436113979,0.0005672519614012966,0.4382342339399896,0.013575254685500499,0.03221086812710116,0.032331984498269135,0.0001211163711679758
V9-PHASE-FIT-GN-DIAGNOSTIC-COMMON-WALL,ordered_total_channels,bottom,0,0,p,-1.25,0.0021602169837023144,-0.0005104300290385641,2.4167599005431038e-15,5.725178855579965e-15,0.0022197018338541864,0.4382342339399896,0.013575254685500499,7.425917758503885e-06,5.820430999983165e-29,7.425917758503885e-06
V9-PHASE-FIT-GN-DIAGNOSTIC-COMMON-WALL,ordered_outgoing_channels,top,-3,-1,s,8.75,-9.038831828822276e-06,-1.3818296748520742e-05,-9.195140170809825e-05,5.576925993858354e-05,0.00010824473331144926,0.9130801710515086,0.006515464387743185,8.633369208708454e-09,3.662159813318062e-07,3.575826121230977e-07
V9-PHASE-FIT-GN-DIAGNOSTIC-COMMON-WALL,ordered_outgoing_channels,top,-3,-1,p,8.75,-9.0157089932982e-06,2.4445931810267395e-05,6.491873565175626e-05,-4.0080513039853855e-05,9.813238094517203e-05,0.9130801710515086,0.006515464387743185,2.1497042912788748e-08,1.843193233752179e-07,1.6282228046242915e-07
V9-PHASE-FIT-GN-DIAGNOSTIC-COMMON-WALL,ordered_outgoing_channels,top,-3,0,s,8.75,-1.9376687107843237e-05,-1.4419591906718783e-06,-0.0001921902009470994,0.00048817928501632254,0.0005192239144572176,0.9130801710515086,0.006515464387743185,1.873219681748295e-08,1.365740342110789e-05,1.3638671224290407e-05
V9-PHASE-FIT-GN-DIAGNOSTIC-COMMON-WALL,ordered_outgoing_channels,top,-3,0,p,8.75,-1.7851600433214645e-05,4.784470230293831e-06,1.2553482268998042e-15,3.668039838538298e-15,1.848163394890825e-05,0.9130801710515086,0.006515464387743185,1.694774550551858e-08,7.457653301374714e-28,1.694774550551858e-08
V9-PHASE-FIT-GN-DIAGNOSTIC-COMMON-WALL,ordered_outgoing_channels,top,-3,1,s,8.75,-1.2025075278023751e-05,1.649277947436818e-05,-9.195140170915746e-05,5.576925994137385e-05,8.905537364275792e-05,0.9130801710515086,0.006515464387743185,1.319214973135452e-08,3.6621598134782935e-07,3.530238316164748e-07
V9-PHASE-FIT-GN-DIAGNOSTIC-COMMON-WALL,ordered_outgoing_channels,top,-3,1,p,8.75,-1.230988120446369e-05,4.886790834029347e-05,-6.491873565012055e-05,4.0080513039672495e-05,5.333769663431001e-05,0.9130801710515086,0.006515464387743185,8.041698302526655e-08,1.843193233680326e-07,1.0390234034276605e-07
V9-PHASE-FIT-GN-DIAGNOSTIC-COMMON-WALL,ordered_outgoing_channels,top,-2,-1,s,8.75,-3.970179452526416e-06,-1.5238342411164271e-05,2.344516502433825e-06,9.65817440460633e-07,1.739109489079407e-05,0.9130801710515086,0.006515464387743185,1.059025746827271e-08,2.745931746845648e-10,1.0315664293588146e-08
V9-PHASE-FIT-GN-DIAGNOSTIC-COMMON-WALL,ordered_outgoing_channels,top,-2,-1,p,8.75,-2.9555136610816864e-05,2.019835935165104e-05,-0.00011450210530953003,-0.00014336308972240936,0.00018430500566806807,0.9130801710515086,0.006515464387743185,5.472933758621716e-08,1.437706929814518e-06,1.3829775922283008e-06
V9-PHASE-FIT-GN-DIAGNOSTIC-COMMON-WALL,ordered_outgoing_channels,top,-2,0,s,8.75,-4.943035891661341e-06,-5.411335860385595e-05,0.00016425932553326252,-5.6207388544626634e-05,0.00016921531867169535,0.9130801710515086,0.006515464387743185,1.69185215779845e-07,1.7270051732052553e-06,1.5578199574254102e-06
V9-PHASE-FIT-GN-DIAGNOSTIC-COMMON-WALL,ordered_outgoing_channels,top,-2,0,p,8.75,-3.5349541731686444e-06,-3.3503383995778684e-05,-1.731002669799771e-16,1.1404235647096274e-15,3.368935499902297e-05,0.9130801710515086,0.006515464387743185,6.503244300949386e-08,7.623760074136061e-29,6.503244300949386e-08
V9-PHASE-FIT-GN-DIAGNOSTIC-COMMON-WALL,ordered_outgoing_channels,top,-2,1,s,8.75,-9.765696980798615e-07,-1.0486157859017297e-05,2.3445165013757525e-06,9.658174394089157e-07,1.1923814481112103e-05,0.9130801710515086,0.006515464387743185,4.736871853530746e-09,2.745931743859139e-10,4.462278679144832e-09
V9-PHASE-FIT-GN-DIAGNOSTIC-COMMON-WALL,ordered_outgoing_channels,top,-2,1,p,8.75,-7.659691369978868e-05,1.5010062697721364e-05,0.0001145021053115565,0.0001433630897223461,0.00023020281191480374,0.9130801710515086,0.006515464387743185,2.601932689572728e-07,1.4377069298335635e-06,1.1775136608762907e-06
V9-PHASE-FIT-GN-DIAGNOSTIC-COMMON-WALL,ordered_outgoing_channels,top,-1,-1,s,8.75,-2.7297904514307888e-05,2.5756728471140264e-05,-0.0001675317294758279,-0.0002780507862091289,0.00033461101541871005,0.9130801710515086,0.006515464387743185,4.462527649323131e-08,3.3385088803210597e-06,3.2938836038278284e-06
V9-PHASE-FIT-GN-DIAGNOSTIC-COMMON-WALL,ordered_outgoing_channels,top,-1,-1,p,8.75,3.168776745206169e-05,8.741735274325098e-05,-0.00012312018254765662,-0.00020515373533905003,0.0003310035392027959,0.9130801710515086,0.006515464387743185,2.7391044039555867e-07,1.8136268113864188e-06,1.5397163709908601e-06
V9-PHASE-FIT-GN-DIAGNOSTIC-COMMON-WALL,ordered_outgoing_channels,top,-1,0,s,8.75,0.00029141793288419706,-6.806063836446664e-05,-0.0010285581087383054,0.0013279322632824794,0.001921232138994679,0.9130801710515086,0.006515464387743185,4.444442555532631e-06,0.00014001487940183894,0.0001355704368463063
V9-PHASE-FIT-GN-DIAGNOSTIC-COMMON-WALL,ordered_outgoing_channels,top,-1,0,p,8.75,0.0001524167195292985,-2.4770447626991827e-05,1.0695710033665002e-15,-1.898478834981676e-15,0.00015441642227203133,0.9130801710515086,0.006515464387743185,1.1833313506926322e-06,2.3563986760300565e-28,1.1833313506926322e-06
V9-PHASE-FIT-GN-DIAGNOSTIC-COMMON-WALL,ordered_outgoing_channels,top,-1,1,s,8.75,5.192695481835473e-06,-0.00011568733746405006,-0.0001675317294752791,-0.00027805078621218255,0.0002370561462315486,0.9130801710515086,0.006515464387743185,4.2485792136096646e-07,3.338508880369034e-06,2.9136509590080674e-06
V9-PHASE-FIT-GN-DIAGNOSTIC-COMMON-WALL,ordered_outgoing_channels,top,-1,1,p,8.75,-0.00010710331627278386,0.00025399896445123515,0.00012312018254904267,0.00020515373533914856,0.00023534807374774876,0.9130801710515086,0.006515464387743185,2.407326229610012e-06,1.8136268113985115e-06,5.936994182115005e-07
V9-PHASE-FIT-GN-DIAGNOSTIC-COMMON-WALL,ordered_outgoing_channels,top,0,0,s,8.75,-0.8994065988395676,-0.037183765009258574,-0.9004635817872493,-0.03771148815782577,0.001181399455401703,0.9130801710515086,0.006515464387743185,0.8103148624162444,0.812256818464021,0.001941956047776583
V9-PHASE-FIT-GN-DIAGNOSTIC-COMMON-WALL,ordered_outgoing_channels,top,0,0,p,8.75,-0.004650984468769357,0.0003412966970159046,1.1196540890151039e-13,-5.214558791588342e-15,0.004663490105615407,0.9130801710515086,0.006515464387743185,2.174813996412296e-05,1.2563444413870592e-26,2.174813996412296e-05
V9-PHASE-FIT-GN-DIAGNOSTIC-COMMON-WALL,ordered_outgoing_channels,bottom,-3,-1,s,-1.25,-2.0411539599472897e-05,-2.2515542131546902e-06,-4.909306826319978e-06,0.00011217325597253058,0.00011547015374971629,0.9130801710515086,0.006515464387743185,1.2764231313395588e-08,3.815929255738811e-07,3.6882869426048553e-07
V9-PHASE-FIT-GN-DIAGNOSTIC-COMMON-WALL,ordered_outgoing_channels,bottom,-3,-1,p,-1.25,-1.014982089839026e-06,-4.222151754647349e-06,-1.5732873803997091e-06,7.928198517251047e-05,8.350600330962434e-05,0.9130801710515086,0.006515464387743185,5.707652758354823e-10,1.903314808729246e-07,1.8976071559708911e-07
V9-PHASE-FIT-GN-DIAGNOSTIC-COMMON-WALL,ordered_outgoing_channels,bottom,-3,0,s,-1.25,5.296657583006932e-05,-3.342580504143653e-05,-0.0004924362020247129,-0.0001736752134376343,0.0005631465942782539,0.9130801710515086,0.006515464387743185,1.9003697292379669e-07,1.3208823483228831e-05,1.3018786510305035e-05
V9-PHASE-FIT-GN-DIAGNOSTIC-COMMON-WALL,ordered_outgoing_channels,bottom,-3,0,p,-1.25,2.4468453793470486e-05,2.9015935917876696e-05,-1.3274970028758873e-16,2.3198170478591657e-16,3.795562893994198e-05,0.9130801710515086,0.006515464387743185,6.979120180111104e-08,3.46080831114775e-30,6.979120180111104e-08
V9-PHASE-FIT-GN-DIAGNOSTIC-COMMON-WALL,ordered_outgoing_channels,bottom,-3,1,s,-1.25,1.1007957423785989e-05,1.6767541931674002e-05,-4.909306828951654e-06,0.00011217325597379069,9.672440009210511e-05,0.9130801710515086,0.006515464387743185,1.217778387656343e-08,3.8159292558322023e-07,3.694151417066568e-07
V9-PHASE-FIT-GN-DIAGNOSTIC-COMMON-WALL,ordered_outgoing_channels,bottom,-3,1,p,-1.25,-2.7969427256702653e-05,-1.063118988451923e-05,1.5732873796791848e-06,-7.9281985174855e-05,7.473756540109049e-05,0.9130801710515086,0.006515464387743185,2.7099704518186192e-08,1.903314808841085e-07,1.632317763659223e-07
V9-PHASE-FIT-GN-DIAGNOSTIC-COMMON-WALL,ordered_outgoing_channels,bottom,-2,-1,s,-1.25,2.2729225228502964e-05,-7.6118175323633e-06,7.745485652971132e-07,2.4717345258705883e-06,2.4159591252689447e-05,0.9130801710515086,0.006515464387743185,2.3827970598374667e-08,2.7825122930511906e-10,2.354971936906955e-08
V9-PHASE-FIT-GN-DIAGNOSTIC-COMMON-WALL,ordered_outgoing_channels,bottom,-2,-1,p,-1.25,1.7618314343606794e-05,-2.759762537525608e-07,-3.630225008417201e-05,0.0001883234131536643,0.00019615595059304397,0.9130801710515086,0.006515464387743185,1.2876233846349809e-08,1.5254830024257906e-06,1.5126067685794408e-06
V9-PHASE-FIT-GN-DIAGNOSTIC-COMMON-WALL,ordered_outgoing_channels,bottom,-2,0,s,-1.25,-8.782008475062646e-05,8.014069689043257e-05,-0.00018404130862068258,1.7489532595230964e-05,0.00011482026088890324,0.9130801710515086,0.006515464387743185,7.940900999655556e-07,1.9200481909981673e-06,1.1259580910326116e-06
V9-PHASE-FIT-GN-DIAGNOSTIC-COMMON-WALL,ordered_outgoing_channels,bottom,-2,0,p,-1.25,-3.677731455225467e-05,-2.0364392155287176e-05,-1.953215047833636e-16,3.0838854490696276e-16,4.203902155769088e-05,0.9130801710515086,0.006515464387743185,9.928468989858458e-08,7.486128714139298e-30,9.928468989858458e-08
V9-PHASE-FIT-GN-DIAGNOSTIC-COMMON-WALL,ordered_outgoing_channels,bottom,-2,1,s,-1.25,-3.440902721047875e-06,-1.475088157208591e-05,7.745485660026084e-07,2.4717345262717786e-06,1.7731004901722434e-05,0.9130801710515086,0.006515464387743185,9.514820969961519e-09,2.7825122943269296e-10,9.236569740528826e-09
V9-PHASE-FIT-GN-DIAGNOSTIC-COMMON-WALL,ordered_outgoing_channels,bottom,-2,1,p,-1.25,4.182506406729414e-05,1.646890733787675e-05,3.630225008297548e-05,-0.00018832341315286793,0.00020486677623833804,0.9130801710515086,0.006515464387743185,8.379643483822987e-08,1.5254830024097482e-06,1.4416865675715183e-06
V9-PHASE-FIT-GN-DIAGNOSTIC-COMMON-WALL,ordered_outgoing_channels,bottom,-1,-1,s,-1.25,-5.0887482011704e-05,1.283851061670307e-05,-0.00033718347041335526,-1.6668060240140516e-05,0.00028781249225599706,0.9130801710515086,0.006515464387743185,8.34147253090809e-08,3.4515489579344382e-06,3.3681342326253573e-06
V9-PHASE-FIT-GN-DIAGNOSTIC-COMMON-WALL,ordered_outgoing_channels,bottom,-1,-1,p,-1.25,-2.3126232838539175e-05,-1.134135085392977e-05,0.0002479992366175502,8.609260274623294e-06,0.000271858505609421,0.9130801710515086,0.006515464387743185,2.0092269186425535e-08,1.8648558637476027e-06,1.844763594561177e-06
V9-PHASE-FIT-GN-DIAGNOSTIC-COMMON-WALL,ordered_outgoing_channels,bottom,-1,0,s,-1.25,-0.0004132437212374242,0.00023497009277075747,-0.0011348134234953988,-0.0008861976207941805,0.0013332966200951283,0.9130801710515086,0.006515464387743185,1.094994340081748e-05,0.00010045454435778903,8.950460095697154e-05
V9-PHASE-FIT-GN-DIAGNOSTIC-COMMON-WALL,ordered_outgoing_channels,bottom,-1,0,p,-1.25,-7.343639084795955e-05,1.593815259379526e-05,-4.465027736885759e-16,-2.0865938982257457e-16,7.514604586282935e-05,0.9130801710515086,0.006515464387743185,2.736223725118067e-07,1.1769907587313279e-29,2.736223725118067e-07
V9-PHASE-FIT-GN-DIAGNOSTIC-COMMON-WALL,ordered_outgoing_channels,bottom,-1,1,s,-1.25,-3.040251073515768e-05,-1.8064488561281328e-06,-0.00033718347041209904,-1.6668060241286416e-05,0.00030714072460888116,0.9130801710515086,0.006515464387743185,2.8091244766793508e-08,3.4515489579099395e-06,3.423457713143146e-06
V9-PHASE-FIT-GN-DIAGNOSTIC-COMMON-WALL,ordered_outgoing_channels,bottom,-1,1,p,-1.25,-5.158494090841211e-05,-0.00010432505064522516,-0.000247999236616804,-8.609260275602887e-06,0.00021849505276940503,0.9130801710515086,0.006515464387743185,4.1019619338029605e-07,1.8648558637369045e-06,1.4546596703566083e-06
V9-PHASE-FIT-GN-DIAGNOSTIC-COMMON-WALL,ordered_outgoing_channels,bottom,0,0,s,-1.25,0.07746578711309576,-0.12397933377174461,0.07718950242782177,-0.12447475436113979,0.0005672519614012966,0.9130801710515086,0.006515464387743185,0.03221086812710116,0.032331984498269135,0.0001211163711679758
V9-PHASE-FIT-GN-DIAGNOSTIC-COMMON-WALL,ordered_outgoing_channels,bottom,0,0,p,-1.25,0.0021602169837023144,-0.0005104300290385641,2.4167599005431038e-15,5.725178855579965e-15,0.0022197018338541864,0.9130801710515086,0.006515464387743185,7.425917758503885e-06,5.820430999983165e-29,7.425917758503885e-06
V9-PHASE-FIT-GN-DIAGNOSTIC-COMMON-WALL,ordered_boundary_outgoing_channels,top,-3,-1,s,8.75,-1.168200173188893e-05,-1.1669474769502422e-05,-7.855082196187339e-05,7.345092919286605e-05,0.00010824473331144927,0.9095181214967073,0.006388446672463406,8.633369208708454e-09,3.662159813318062e-07,3.575826121230977e-07
V9-PHASE-FIT-GN-DIAGNOSTIC-COMMON-WALL,ordered_boundary_outgoing_channels,top,-3,-1,p,8.75,-3.807547429862434e-06,2.577574777370056e-05,5.531274235513715e-05,-5.254893240889601e-05,9.813238094517203e-05,0.9095181214967073,0.006388446672463406,2.1497042912788748e-08,1.843193233752179e-07,1.6282228046242915e-07
V9-PHASE-FIT-GN-DIAGNOSTIC-COMMON-WALL,ordered_boundary_outgoing_channels,top,-3,0,s,8.75,1.914693741721915e-05,3.306060665492202e-06,0.0002384264874377627,-0.00046734237743567054,0.0005192239144572177,0.9095181214967073,0.006388446672463406,1.873219681748295e-08,1.365740342110789e-05,1.3638671224290407e-05
V9-PHASE-FIT-GN-DIAGNOSTIC-COMMON-WALL,ordered_boundary_outgoing_channels,top,-3,0,p,8.75,1.8230143788085286e-05,-3.0385277483433745e-06,-8.953304260694988e-16,-3.7721080122444466e-15,1.848163394890825e-05,0.9095181214967073,0.006388446672463406,1.694774550551858e-08,7.457653301374714e-28,1.694774550551858e-08
V9-PHASE-FIT-GN-DIAGNOSTIC-COMMON-WALL,ordered_boundary_outgoing_channels,top,-3,1,s,8.75,-8.384862177166535e-06,1.8609360453873757e-05,-7.855082196233748e-05,7.345092919581435e-05,8.905537364275791e-05,0.9095181214967073,0.006388446672463406,1.319214973135452e-08,3.6621598134782935e-07,3.530238316164748e-07
V9-PHASE-FIT-GN-DIAGNOSTIC-COMMON-WALL,ordered_boundary_outgoing_channels,top,-3,1,p,8.75,-2.0202277705125145e-06,5.035399011576523e-05,-5.5312742353573465e-05,5.2548932408382856e-05,5.333769663431001e-05,0.9095181214967073,0.006388446672463406,8.041698302526655e-08,1.843193233680326e-07,1.0390234034276605e-07
V9-PHASE-FIT-GN-DIAGNOSTIC-COMMON-WALL,ordered_boundary_outgoing_channels,top,-2,-1,s,8.75,1.5687811435902852e-05,1.3645426621056417e-06,-1.6954805776036832e-06,1.8854459868824524e-06,1.739109489079407e-05,0.9095181214967073,0.006388446672463406,1.059025746827271e-08,2.745931746845648e-10,1.0315664293588146e-08
V9-PHASE-FIT-GN-DIAGNOSTIC-COMMON-WALL,ordered_boundary_outgoing_channels,top,-2,-1,p,8.75,-9.129245917311529e-06,-3.461411113352078e-05,0.00017343931198744156,-5.9854094867379096e-05,0.0001843050056680681,0.9095181214967073,0.006388446672463406,5.472933758621716e-08,1.437706929814518e-06,1.3829775922283008e-06
V9-PHASE-FIT-GN-DIAGNOSTIC-COMMON-WALL,ordered_boundary_outgoing_channels,top,-2,0,s,8.75,-5.4113357973465786e-05,4.943042792785571e-06,-5.6207409492762594e-05,-0.00016425931836508344,0.00016921531867169535,0.9095181214967073,0.006388446672463406,1.69185215779845e-07,1.7270051732052553e-06,1.5578199574254102e-06
V9-PHASE-FIT-GN-DIAGNOSTIC-COMMON-WALL,ordered_boundary_outgoing_channels,top,-2,0,p,8.75,-3.3503383544962596e-05,3.5349584458846767e-06,1.1404235867852477e-15,1.7310012154075433e-16,3.368935499902297e-05,0.9095181214967073,0.006388446672463406,6.503244300949386e-08,7.623760074136061e-29,6.503244300949386e-08
V9-PHASE-FIT-GN-DIAGNOSTIC-COMMON-WALL,ordered_boundary_outgoing_channels,top,-2,1,s,8.75,1.0207320694746699e-05,2.593028972848893e-06,-1.6954805762582626e-06,1.885445986237883e-06,1.1923814481112103e-05,0.9095181214967073,0.006388446672463406,4.736871853530746e-09,2.745931743859139e-10,4.462278679144832e-09
V9-PHASE-FIT-GN-DIAGNOSTIC-COMMON-WALL,ordered_boundary_outgoing_channels,top,-2,1,p,8.75,1.151954055494314e-05,-7.719902431977635e-05,-0.00017343931198806085,5.9854094869309646e-05,0.00023020281191480374,0.9095181214967073,0.006388446672463406,2.601932689572728e-07,1.4377069298335635e-06,1.1775136608762907e-06
V9-PHASE-FIT-GN-DIAGNOSTIC-COMMON-WALL,ordered_boundary_outgoing_channels,top,-1,-1,s,8.75,-2.1524967211679278e-05,3.0745088045807425e-05,-0.00022030138827274493,-0.0002384248695454775,0.00033461101541871,0.9095181214967073,0.006388446672463406,4.462527649323131e-08,3.3385088803210597e-06,3.2938836038278284e-06
V9-PHASE-FIT-GN-DIAGNOSTIC-COMMON-WALL,ordered_boundary_outgoing_channels,top,-1,-1,p,8.75,4.871177321711933e-05,7.920272291264895e-05,-0.00016206524324860404,-0.0001760155998907599,0.00033100353920279587,0.9095181214967073,0.006388446672463406,2.7391044039555867e-07,1.8136268113864188e-06,1.5397163709908601e-06
V9-PHASE-FIT-GN-DIAGNOSTIC-COMMON-WALL,ordered_boundary_outgoing_channels,top,-1,0,s,8.75,-0.0002967037952126348,3.903229441752038e-05,0.0011543275989399616,-0.0012201900152203147,0.0019212321389946794,0.9095181214967073,0.006388446672463406,4.444442555532631e-06,0.00014001487940183894,0.0001355704368463063
V9-PHASE-FIT-GN-DIAGNOSTIC-COMMON-WALL,ordered_boundary_outgoing_channels,top,-1,0,p,8.75,-0.0001541151767848519,9.640734011901948e-06,-1.2513260214317444e-15,1.783924663825131e-15,0.00015441642227203135,0.9095181214967073,0.006388446672463406,1.1833313506926322e-06,2.3563986760300565e-28,1.1833313506926322e-06
V9-PHASE-FIT-GN-DIAGNOSTIC-COMMON-WALL,ordered_boundary_outgoing_channels,top,-1,1,s,8.75,-1.8310515761221206e-05,-0.00011434705570519142,-0.00022030138827282503,-0.00023842486954857905,0.0002370561462315486,0.9095181214967073,0.006388446672463406,4.2485792136096646e-07,3.338508880369034e-06,2.9136509590080674e-06
V9-PHASE-FIT-GN-DIAGNOSTIC-COMMON-WALL,ordered_boundary_outgoing_channels,top,-1,1,p,8.75,-5.352303192493219e-05,0.0002704105755189513,0.00016206524324998136,0.0001760155998905761,0.00023534807374774876,0.9095181214967073,0.006388446672463406,2.407326229610012e-06,1.8136268113985115e-06,5.936994182115005e-07
V9-PHASE-FIT-GN-DIAGNOSTIC-COMMON-WALL,ordered_boundary_outgoing_channels,top,0,0,s,8.75,-0.8758050694160221,-0.20803928187152415,-0.8767420008873494,-0.208758909616445,0.0011813994554017195,0.9095181214967073,0.006388446672463406,0.8103148624162444,0.812256818464021,0.001941956047776583
V9-PHASE-FIT-GN-DIAGNOSTIC-COMMON-WALL,ordered_boundary_outgoing_channels,top,0,0,p,8.75,-0.004630703299949678,-0.0005520207531994667,1.109046864019619e-13,1.6235607409513206e-14,0.004663490105615406,0.9095181214967073,0.006388446672463406,2.174813996412296e-05,1.2563444413870592e-26,2.174813996412296e-05
V9-PHASE-FIT-GN-DIAGNOSTIC-COMMON-WALL,ordered_boundary_outgoing_channels,bottom,-3,-1,s,-1.25,-1.1618277986554384e-05,-1.662118463731843e-05,-8.648303367237041e-05,6.939127777564956e-05,0.00011403015098753116,0.9095181214967073,0.006388446672463406,1.2764231313395588e-08,3.815929255738811e-07,3.6882869426048553e-07
V9-PHASE-FIT-GN-DIAGNOSTIC-COMMON-WALL,ordered_boundary_outgoing_channels,bottom,-3,-1,p,-1.25,2.474011715136689e-06,-3.5026612597196427e-06,-5.9889780695573525e-05,5.0452604324837186e-05,8.246461840174984e-05,0.9095181214967073,0.006388446672463406,5.707652758354823e-10,1.903314808729246e-07,1.8976071559708911e-07
V9-PHASE-FIT-GN-DIAGNOSTIC-COMMON-WALL,ordered_boundary_outgoing_channels,bottom,-3,0,s,-1.25,4.389817845322178e-05,4.3978333263510685e-05,6.074845422874771e-05,-0.0005144750722767751,0.0005587075603151028,0.9095181214967073,0.006388446672463406,1.9003697292379669e-07,1.3208823483228831e-05,1.3018786510305035e-05
V9-PHASE-FIT-GN-DIAGNOSTIC-COMMON-WALL,ordered_boundary_outgoing_channels,bottom,-3,0,p,-1.25,-2.274980116900317e-05,3.000756807037929e-05,-2.5346697492730613e-16,-7.791468315616378e-17,3.765644160991275e-05,0.9095181214967073,0.006388446672463406,6.979120180111104e-08,3.46080831114775e-30,6.979120180111104e-08
V9-PHASE-FIT-GN-DIAGNOSTIC-COMMON-WALL,ordered_boundary_outgoing_channels,bottom,-3,1,s,-1.25,-5.282275463997637e-06,1.909060234338976e-05,-8.648303367501951e-05,6.939127777451605e-05,9.551817147994589e-05,0.9095181214967073,0.006388446672463406,1.217778387656343e-08,3.8159292558322023e-07,3.694151417066568e-07
V9-PHASE-FIT-GN-DIAGNOSTIC-COMMON-WALL,ordered_boundary_outgoing_channels,bottom,-3,1,p,-1.25,-1.0317516981066415e-05,-2.768878273280623e-05,5.9889780696845165e-05,-5.0452604326898695e-05,7.380552974406836e-05,0.9095181214967073,0.006388446672463406,2.7099704518186192e-08,1.903314808841085e-07,1.632317763659223e-07
V9-PHASE-FIT-GN-DIAGNOSTIC-COMMON-WALL,ordered_boundary_outgoing_channels,bottom,-2,-1,s,-1.25,1.5941746152139805e-05,1.7604547829894448e-05,-1.935589521620524e-06,1.6853186586884327e-06,2.393785680042556e-05,0.9095181214967073,0.006388446672463406,2.3827970598374667e-08,2.7825122930511906e-10,2.354971936906955e-08
V9-PHASE-FIT-GN-DIAGNOSTIC-COMMON-WALL,ordered_boundary_outgoing_channels,bottom,-2,-1,p,-1.25,7.252363363803356e-06,1.5881165201962396e-05,-0.0001853545253180435,4.1894719858193056e-05,0.0001943556497598,0.9095181214967073,0.006388446672463406,1.2876233846349809e-08,1.5254830024257906e-06,1.5126067685794408e-06
V9-PHASE-FIT-GN-DIAGNOSTIC-COMMON-WALL,ordered_boundary_outgoing_channels,bottom,-2,0,s,-1.25,-8.041725920473656e-05,-8.646353920625511e-05,-1.910128656019509e-05,-0.00018261418318362527,0.00011403769043000277,0.9095181214967073,0.006388446672463406,7.940900999655556e-07,1.9200481909981673e-06,1.1259580910326116e-06
V9-PHASE-FIT-GN-DIAGNOSTIC-COMMON-WALL,ordered_boundary_outgoing_channels,bottom,-2,0,p,-1.25,1.9878632727390022e-05,-3.671663390376406e-05,-3.081108181661143e-16,-1.9107978283180129e-16,4.175249985727461e-05,0.9095181214967073,0.006388446672463406,9.928468989858458e-08,7.486128714139298e-30,9.928468989858458e-08
V9-PHASE-FIT-GN-DIAGNOSTIC-COMMON-WALL,ordered_boundary_outgoing_channels,bottom,-2,1,s,-1.25,1.2020801268925181e-05,-8.985356877242025e-06,-1.9355895217042767e-06,1.6853186594882002e-06,1.7568271409303183e-05,0.9095181214967073,0.006388446672463406,9.514820969961519e-09,2.7825122943269296e-10,9.236569740528826e-09
V9-PHASE-FIT-GN-DIAGNOSTIC-COMMON-WALL,ordered_boundary_outgoing_channels,bottom,-2,1,p,-1.25,1.6745278305824755e-06,4.450660641416456e-05,0.00018535452531684516,-4.189471985896257e-05,0.0002029865282680327,0.9095181214967073,0.006388446672463406,8.379643483822987e-08,1.5254830024097482e-06,1.4416865675715183e-06
V9-PHASE-FIT-GN-DIAGNOSTIC-COMMON-WALL,ordered_boundary_outgoing_channels,bottom,-1,-1,s,-1.25,-4.265263505480585e-05,-2.9442844852135635e-05,-0.00020705147255067278,-0.00026129824663100645,0.00028422509583784833,0.9095181214967073,0.006388446672463406,8.34147253090809e-08,3.4515489579344382e-06,3.3681342326253573e-06
V9-PHASE-FIT-GN-DIAGNOSTIC-COMMON-WALL,ordered_boundary_outgoing_channels,bottom,-1,-1,p,-1.25,-6.626019613299502e-06,-2.45582755960503e-05,0.00015499807170421564,0.00018981004150854804,0.00026846996530798396,0.9095181214967073,0.006388446672463406,2.0092269186425535e-08,1.8648558637476027e-06,1.844763594561177e-06
V9-PHASE-FIT-GN-DIAGNOSTIC-COMMON-WALL,ordered_boundary_outgoing_channels,bottom,-1,0,s,-1.25,-0.0003174080848611144,-0.0003488345922626,0.0006107069086373302,-0.0012913701554319347,0.0013227889963994834,0.9095181214967073,0.006388446672463406,1.094994340081748e-05,0.00010045454435778903,8.950460095697154e-05
V9-PHASE-FIT-GN-DIAGNOSTIC-COMMON-WALL,ordered_boundary_outgoing_channels,bottom,-1,0,p,-1.25,-3.1415837125641244e-05,-6.761152243979156e-05,1.0475495179447351e-16,-4.776152653530708e-16,7.45538247769573e-05,0.9095181214967073,0.006388446672463406,2.736223725118067e-07,1.1769907587313279e-29,2.736223725118067e-07
V9-PHASE-FIT-GN-DIAGNOSTIC-COMMON-WALL,ordered_boundary_outgoing_channels,bottom,-1,1,s,-1.25,-1.8443546142980198e-05,-2.3757785326939217e-05,-0.00020705147254900414,-0.0002612982466308191,0.0003033124142854034,0.9095181214967073,0.006388446672463406,2.8091244766793508e-08,3.4515489579099395e-06,3.423457713143146e-06
V9-PHASE-FIT-GN-DIAGNOSTIC-COMMON-WALL,ordered_boundary_outgoing_channels,bottom,-1,1,p,-1.25,4.391948558476667e-05,-0.00010620853554739965,-0.0001549980717030024,-0.00018981004150863128,0.00021577165336604976,0.9095181214967073,0.006388446672463406,4.1019619338029605e-07,1.8648558637369045e-06,1.4546596703566083e-06
V9-PHASE-FIT-GN-DIAGNOSTIC-COMMON-WALL,ordered_boundary_outgoing_channels,bottom,0,0,s,-1.25,0.07070757767610865,-0.09952107499766531,0.07050175899447489,-0.09994772920440079,0.0004737036434676601,0.9095181214967073,0.006388446672463406,0.03221086812710116,0.032331984498269135,0.0001211163711679758
V9-PHASE-FIT-GN-DIAGNOSTIC-COMMON-WALL,ordered_boundary_outgoing_channels,bottom,0,0,p,-1.25,0.0018260394984597897,-0.0003186855492316067,1.7315585978917311e-15,4.892126973773713e-15,0.0018536398596332368,0.9095181214967073,0.006388446672463406,7.425917758503885e-06,5.820430999983165e-29,7.425917758503885e-06
V9-PHASE-FIT-GN-DIAGNOSTIC-COMMON-WALL,ordered_scattered_channels,top,-3,-1,s,8.75,-9.038831828826938e-06,-1.3818296748525021e-05,-9.195140170810291e-05,5.5769259938579254e-05,0.00010824473331144926,0.2468359522790033,0.024101599798217955,8.633369208708454e-09,3.662159813318062e-07,3.575826121230977e-07
V9-PHASE-FIT-GN-DIAGNOSTIC-COMMON-WALL,ordered_scattered_channels,top,-3,-1,p,8.75,-9.01570899331016e-06,2.4445931810265365e-05,6.49187356517443e-05,-4.008051303985588e-05,9.813238094517202e-05,0.2468359522790033,0.024101599798217955,2.1497042912788748e-08,1.843193233752179e-07,1.6282228046242915e-07
V9-PHASE-FIT-GN-DIAGNOSTIC-COMMON-WALL,ordered_scattered_channels,top,-3,0,s,8.75,-1.9376687107993673e-05,-1.4419591906067453e-06,-0.00019219020094724982,0.00048817928501638765,0.0005192239144572176,0.2468359522790033,0.024101599798217955,1.873219681748295e-08,1.365740342110789e-05,1.3638671224290407e-05
V9-PHASE-FIT-GN-DIAGNOSTIC-COMMON-WALL,ordered_scattered_channels,top,-3,0,p,8.75,-1.7851600433214645e-05,4.784470230293831e-06,1.2553482268998042e-15,3.668039838538298e-15,1.848163394890825e-05,0.2468359522790033,0.024101599798217955,1.694774550551858e-08,7.457653301374714e-28,1.694774550551858e-08
V9-PHASE-FIT-GN-DIAGNOSTIC-COMMON-WALL,ordered_scattered_channels,top,-3,1,s,8.75,-1.2025075278013528e-05,1.6492779474371202e-05,-9.195140170914724e-05,5.5769259941376876e-05,8.905537364275792e-05,0.2468359522790033,0.024101599798217955,1.319214973135452e-08,3.6621598134782935e-07,3.530238316164748e-07
V9-PHASE-FIT-GN-DIAGNOSTIC-COMMON-WALL,ordered_scattered_channels,top,-3,1,p,8.75,-1.2309881204450289e-05,4.8867908340308275e-05,-6.491873565010715e-05,4.00805130396873e-05,5.3337696634310006e-05,0.2468359522790033,0.024101599798217955,8.041698302526655e-08,1.843193233680326e-07,1.0390234034276605e-07
V9-PHASE-FIT-GN-DIAGNOSTIC-COMMON-WALL,ordered_scattered_channels,top,-2,-1,s,8.75,-3.970179452526416e-06,-1.5238342411164266e-05,2.3445165024338254e-06,9.658174404606376e-07,1.739109489079407e-05,0.2468359522790033,0.024101599798217955,1.059025746827271e-08,2.745931746845648e-10,1.0315664293588146e-08
V9-PHASE-FIT-GN-DIAGNOSTIC-COMMON-WALL,ordered_scattered_channels,top,-2,-1,p,8.75,-2.9555136610782227e-05,2.0198359351636388e-05,-0.00011450210530949539,-0.00014336308972242402,0.0001843050056680681,0.2468359522790033,0.024101599798217955,5.472933758621716e-08,1.437706929814518e-06,1.3829775922283008e-06
V9-PHASE-FIT-GN-DIAGNOSTIC-COMMON-WALL,ordered_scattered_channels,top,-2,0,s,8.75,-4.943035891720553e-06,-5.4113358604011566e-05,0.0001642593255332033,-5.620738854478225e-05,0.00016921531867169533,0.2468359522790033,0.024101599798217955,1.69185215779845e-07,1.7270051732052553e-06,1.5578199574254102e-06
V9-PHASE-FIT-GN-DIAGNOSTIC-COMMON-WALL,ordered_scattered_channels,top,-2,0,p,8.75,-3.5349541731686444e-06,-3.3503383995778684e-05,-1.731002669799771e-16,1.1404235647096274e-15,3.368935499902297e-05,0.2468359522790033,0.024101599798217955,6.503244300949386e-08,7.623760074136061e-29,6.503244300949386e-08
V9-PHASE-FIT-GN-DIAGNOSTIC-COMMON-WALL,ordered_scattered_channels,top,-2,1,s,8.75,-9.765696980798647e-07,-1.0486157859017297e-05,2.344516501375749e-06,9.658174394089149e-07,1.1923814481112101e-05,0.2468359522790033,0.024101599798217955,4.736871853530746e-09,2.745931743859139e-10,4.462278679144832e-09
V9-PHASE-FIT-GN-DIAGNOSTIC-COMMON-WALL,ordered_scattered_channels,top,-2,1,p,8.75,-7.659691369979934e-05,1.5010062697728692e-05,0.00011450210531154583,0.0001433630897223534,0.00023020281191480374,0.2468359522790033,0.024101599798217955,2.601932689572728e-07,1.4377069298335635e-06,1.1775136608762907e-06
V9-PHASE-FIT-GN-DIAGNOSTIC-COMMON-WALL,ordered_scattered_channels,top,-1,-1,s,8.75,-2.7297904514263405e-05,2.5756728471150025e-05,-0.00016753172947578341,-0.00027805078620911914,0.00033461101541871005,0.2468359522790033,0.024101599798217955,4.462527649323131e-08,3.3385088803210597e-06,3.2938836038278284e-06
V9-PHASE-FIT-GN-DIAGNOSTIC-COMMON-WALL,ordered_scattered_channels,top,-1,-1,p,8.75,3.168776745207699e-05,8.741735274328797e-05,-0.00012312018254764134,-0.00020515373533901306,0.0003310035392027959,0.2468359522790033,0.024101599798217955,2.7391044039555867e-07,1.8136268113864188e-06,1.5397163709908601e-06
V9-PHASE-FIT-GN-DIAGNOSTIC-COMMON-WALL,ordered_scattered_channels,top,-1,0,s,8.75,0.00029141793288460857,-6.806063836463835e-05,-0.0010285581087378939,0.0013279322632823076,0.001921232138994679,0.2468359522790033,0.024101599798217955,4.444442555532631e-06,0.00014001487940183894,0.0001355704368463063
V9-PHASE-FIT-GN-DIAGNOSTIC-COMMON-WALL,ordered_scattered_channels,top,-1,0,p,8.75,0.0001524167195292985,-2.4770447626991827e-05,1.0695710033665002e-15,-1.898478834981676e-15,0.00015441642227203133,0.2468359522790033,0.024101599798217955,1.1833313506926322e-06,2.3563986760300565e-28,1.1833313506926322e-06
V9-PHASE-FIT-GN-DIAGNOSTIC-COMMON-WALL,ordered_scattered_channels,top,-1,1,s,8.75,5.1926954818372305e-06,-0.00011568733746403277,-0.00016753172947527734,-0.00027805078621216526,0.0002370561462315486,0.2468359522790033,0.024101599798217955,4.2485792136096646e-07,3.338508880369034e-06,2.9136509590080674e-06
V9-PHASE-FIT-GN-DIAGNOSTIC-COMMON-WALL,ordered_scattered_channels,top,-1,1,p,8.75,-0.00010710331627278794,0.0002539989644512158,0.00012312018254903858,0.0002051537353391292,0.00023534807374774874,0.2468359522790033,0.024101599798217955,2.407326229610012e-06,1.8136268113985115e-06,5.936994182115005e-07
V9-PHASE-FIT-GN-DIAGNOSTIC-COMMON-WALL,ordered_scattered_channels,top,0,0,s,8.75,-0.01821639216274811,0.2097992753713632,-0.01927337511042978,0.20927155222279603,0.0011813994554017153,0.2468359522790033,0.024101599798217955,0.8103148624162444,0.812256818464021,0.001941956047776583
V9-PHASE-FIT-GN-DIAGNOSTIC-COMMON-WALL,ordered_scattered_channels,top,0,0,p,8.75,-0.004650984468769466,0.0003412966970173836,1.1185579377514874e-13,-3.735624544869974e-15,0.004663490105615407,0.2468359522790033,0.024101599798217955,2.174813996412296e-05,1.2563444413870592e-26,2.174813996412296e-05
V9-PHASE-FIT-GN-DIAGNOSTIC-COMMON-WALL,ordered_scattered_channels,bottom,-3,-1,s,-1.25,-2.0411539599472965e-05,-2.25155421315289e-06,-4.909306826320045e-06,0.00011217325597253238,0.00011547015374971629,0.2468359522790033,0.024101599798217955,1.2764231313395588e-08,3.815929255738811e-07,3.6882869426048553e-07
V9-PHASE-FIT-GN-DIAGNOSTIC-COMMON-WALL,ordered_scattered_channels,bottom,-3,-1,p,-1.25,-1.0149820898426493e-06,-4.222151754640185e-06,-1.5732873804033325e-06,7.928198517251764e-05,8.350600330962434e-05,0.2468359522790033,0.024101599798217955,5.707652758354823e-10,1.903314808729246e-07,1.8976071559708911e-07
V9-PHASE-FIT-GN-DIAGNOSTIC-COMMON-WALL,ordered_scattered_channels,bottom,-3,0,s,-1.25,5.296657583006706e-05,-3.342580504151041e-05,-0.0004924362020247152,-0.0001736752134377082,0.000563146594278254,0.2468359522790033,0.024101599798217955,1.9003697292379669e-07,1.3208823483228831e-05,1.3018786510305035e-05
V9-PHASE-FIT-GN-DIAGNOSTIC-COMMON-WALL,ordered_scattered_channels,bottom,-3,0,p,-1.25,2.4468453793470486e-05,2.9015935917876696e-05,-1.3274970028758873e-16,2.3198170478591657e-16,3.795562893994198e-05,0.2468359522790033,0.024101599798217955,6.979120180111104e-08,3.46080831114775e-30,6.979120180111104e-08
V9-PHASE-FIT-GN-DIAGNOSTIC-COMMON-WALL,ordered_scattered_channels,bottom,-3,1,s,-1.25,1.1007957423784786e-05,1.6767541931673115e-05,-4.9093068289528565e-06,0.00011217325597378981,9.672440009210511e-05,0.2468359522790033,0.024101599798217955,1.217778387656343e-08,3.8159292558322023e-07,3.694151417066568e-07
V9-PHASE-FIT-GN-DIAGNOSTIC-COMMON-WALL,ordered_scattered_channels,bottom,-3,1,p,-1.25,-2.7969427256693966e-05,-1.06311898845194e-05,1.5732873796878703e-06,-7.928198517485518e-05,7.473756540109049e-05,0.2468359522790033,0.024101599798217955,2.7099704518186192e-08,1.903314808841085e-07,1.632317763659223e-07
V9-PHASE-FIT-GN-DIAGNOSTIC-COMMON-WALL,ordered_scattered_channels,bottom,-2,-1,s,-1.25,2.2729225228502964e-05,-7.6118175323633e-06,7.745485652971132e-07,2.471734525870588e-06,2.4159591252689447e-05,0.2468359522790033,0.024101599798217955,2.3827970598374667e-08,2.7825122930511906e-10,2.354971936906955e-08
V9-PHASE-FIT-GN-DIAGNOSTIC-COMMON-WALL,ordered_scattered_channels,bottom,-2,-1,p,-1.25,1.7618314343599944e-05,-2.759762537568432e-07,-3.630225008417886e-05,0.00018832341315366003,0.00019615595059304397,0.2468359522790033,0.024101599798217955,1.2876233846349809e-08,1.5254830024257906e-06,1.5126067685794408e-06
V9-PHASE-FIT-GN-DIAGNOSTIC-COMMON-WALL,ordered_scattered_channels,bottom,-2,0,s,-1.25,-8.782008475064222e-05,8.014069689047458e-05,-0.00018404130862069833,1.7489532595272983e-05,0.00011482026088890322,0.2468359522790033,0.024101599798217955,7.940900999655556e-07,1.9200481909981673e-06,1.1259580910326116e-06
V9-PHASE-FIT-GN-DIAGNOSTIC-COMMON-WALL,ordered_scattered_channels,bottom,-2,0,p,-1.25,-3.677731455225467e-05,-2.0364392155287176e-05,-1.953215047833636e-16,3.0838854490696276e-16,4.203902155769088e-05,0.2468359522790033,0.024101599798217955,9.928468989858458e-08,7.486128714139298e-30,9.928468989858458e-08
V9-PHASE-FIT-GN-DIAGNOSTIC-COMMON-WALL,ordered_scattered_channels,bottom,-2,1,s,-1.25,-3.4409027210478747e-06,-1.4750881572085911e-05,7.745485660026087e-07,2.4717345262717774e-06,1.7731004901722437e-05,0.2468359522790033,0.024101599798217955,9.514820969961519e-09,2.7825122943269296e-10,9.236569740528826e-09
V9-PHASE-FIT-GN-DIAGNOSTIC-COMMON-WALL,ordered_scattered_channels,bottom,-2,1,p,-1.25,4.182506406728643e-05,1.64689073378884e-05,3.630225008296777e-05,-0.00018832341315285628,0.00020486677623833804,0.2468359522790033,0.024101599798217955,8.379643483822987e-08,1.5254830024097482e-06,1.4416865675715183e-06
V9-PHASE-FIT-GN-DIAGNOSTIC-COMMON-WALL,ordered_scattered_channels,bottom,-1,-1,s,-1.25,-5.0887482011704085e-05,1.2838510616707397e-05,-0.00033718347041335536,-1.666806024013619e-05,0.00028781249225599706,0.2468359522790033,0.024101599798217955,8.34147253090809e-08,3.4515489579344382e-06,3.3681342326253573e-06
V9-PHASE-FIT-GN-DIAGNOSTIC-COMMON-WALL,ordered_scattered_channels,bottom,-1,-1,p,-1.25,-2.312623283855664e-05,-1.134135085393786e-05,0.00024799923661753275,8.609260274615205e-06,0.000271858505609421,0.2468359522790033,0.024101599798217955,2.0092269186425535e-08,1.8648558637476027e-06,1.844763594561177e-06
V9-PHASE-FIT-GN-DIAGNOSTIC-COMMON-WALL,ordered_scattered_channels,bottom,-1,0,s,-1.25,-0.0004132437212374385,0.000234970092770768,-0.0011348134234954131,-0.00088619762079417,0.0013332966200951283,0.2468359522790033,0.024101599798217955,1.094994340081748e-05,0.00010045454435778903,8.950460095697154e-05
V9-PHASE-FIT-GN-DIAGNOSTIC-COMMON-WALL,ordered_scattered_channels,bottom,-1,0,p,-1.25,-7.343639084795955e-05,1.593815259379526e-05,-4.465027736885759e-16,-2.0865938982257457e-16,7.514604586282935e-05,0.2468359522790033,0.024101599798217955,2.736223725118067e-07,1.1769907587313279e-29,2.736223725118067e-07
V9-PHASE-FIT-GN-DIAGNOSTIC-COMMON-WALL,ordered_scattered_channels,bottom,-1,1,s,-1.25,-3.0402510735156093e-05,-1.8064488561301438e-06,-0.00033718347041209747,-1.666806024128843e-05,0.00030714072460888116,0.2468359522790033,0.024101599798217955,2.8091244766793508e-08,3.4515489579099395e-06,3.423457713143146e-06
V9-PHASE-FIT-GN-DIAGNOSTIC-COMMON-WALL,ordered_scattered_channels,bottom,-1,1,p,-1.25,-5.1584940908405876e-05,-0.00010432505064522092,-0.00024799923661679776,-8.609260275598644e-06,0.00021849505276940503,0.2468359522790033,0.024101599798217955,4.1019619338029605e-07,1.8648558637369045e-06,1.4546596703566083e-06
V9-PHASE-FIT-GN-DIAGNOSTIC-COMMON-WALL,ordered_scattered_channels,bottom,0,0,s,-1.25,-0.04133126090170769,0.12306930600098062,-0.041607545586981674,0.12257388541158544,0.0005672519614012933,0.2468359522790033,0.024101599798217955,0.03221086812710116,0.032331984498269135,0.0001211163711679758
V9-PHASE-FIT-GN-DIAGNOSTIC-COMMON-WALL,ordered_scattered_channels,bottom,0,0,p,-1.25,0.0021602169837025634,-0.0005104300290383225,2.6658179463359154e-15,5.966790876859179e-15,0.0022197018338541864,0.2468359522790033,0.024101599798217955,7.425917758503885e-06,5.820430999983165e-29,7.425917758503885e-06
V9-PHASE-FIT-GN-DIAGNOSTIC-V8-COMMON-WALL,ordered_total_channels,top,-3,-1,s,8.75,-2.246325923678464e-06,1.3529910303584236e-05,-9.195140170809825e-05,5.576925993858354e-05,9.915222276417313e-05,0.4382342339399896,0.021436454444185477,5.956354939123135e-09,3.662159813318062e-07,3.6025962639268304e-07
V9-PHASE-FIT-GN-DIAGNOSTIC-V8-COMMON-WALL,ordered_total_channels,top,-3,-1,p,8.75,-4.527603065025773e-06,-1.7993865165263194e-05,6.491873565175626e-05,-4.0080513039853855e-05,7.287395951574319e-05,0.4382342339399896,0.021436454444185477,1.090162489817975e-08,1.843193233752179e-07,1.7341769847703814e-07
V9-PHASE-FIT-GN-DIAGNOSTIC-V8-COMMON-WALL,ordered_total_channels,top,-3,0,s,8.75,-1.365081178874202e-05,-2.666726761564653e-05,-0.0001921902009470994,0.00048817928501632254,0.000544925028089243,0.4382342339399896,0.021436454444185477,4.4530725514591466e-08,1.365740342110789e-05,1.3612872695593299e-05
V9-PHASE-FIT-GN-DIAGNOSTIC-V8-COMMON-WALL,ordered_total_channels,top,-3,0,p,8.75,2.2754144715496554e-05,1.6403897393950954e-05,1.2553482268998042e-15,3.668039838538298e-15,2.8050649747689653e-05,0.4382342339399896,0.021436454444185477,3.904065148464191e-08,7.457653301374714e-28,3.904065148464191e-08
V9-PHASE-FIT-GN-DIAGNOSTIC-V8-COMMON-WALL,ordered_total_channels,top,-3,1,s,8.75,-5.521259605733008e-06,-1.5950484613055908e-06,-9.195140170915746e-05,5.576925994137385e-05,0.00010373443662803526,0.4382342339399896,0.021436454444185477,1.0458518653660466e-09,3.6621598134782935e-07,3.651701294824633e-07
V9-PHASE-FIT-GN-DIAGNOSTIC-V8-COMMON-WALL,ordered_total_channels,top,-3,1,p,8.75,4.033798339588707e-06,1.5239021229580666e-05,-6.491873565012055e-05,4.0080513039672495e-05,7.329087022919616e-05,0.4382342339399896,0.021436454444185477,7.868766486359182e-09,1.843193233680326e-07,1.7645055688167342e-07
V9-PHASE-FIT-GN-DIAGNOSTIC-V8-COMMON-WALL,ordered_total_channels,top,-2,-1,s,8.75,-8.364377638657702e-06,3.7335514546183303e-07,2.344516502433825e-06,9.65817440460633e-07,1.072527040666573e-05,0.4382342339399896,0.021436454444185477,2.9939194592028266e-09,2.745931746845648e-10,2.719326284518262e-09
V9-PHASE-FIT-GN-DIAGNOSTIC-V8-COMMON-WALL,ordered_total_channels,top,-2,-1,p,8.75,3.499814933611066e-05,-1.6512662133517835e-05,-0.00011450210530953003,-0.00014336308972240936,0.00019606467585619805,0.4382342339399896,0.021436454444185477,6.39567529898461e-08,1.437706929814518e-06,1.3737501768246719e-06
V9-PHASE-FIT-GN-DIAGNOSTIC-V8-COMMON-WALL,ordered_total_channels,top,-2,0,s,8.75,0.00010329739389904706,-4.73250631149851e-05,0.00016425932553326252,-5.6207388544626634e-05,6.160562323045533e-05,0.4382342339399896,0.021436454444185477,7.397268154297289e-07,1.7270051732052553e-06,9.872783577755264e-07
V9-PHASE-FIT-GN-DIAGNOSTIC-V8-COMMON-WALL,ordered_total_channels,top,-2,0,p,8.75,-3.2641147853642755e-05,2.4884621774231014e-05,-1.731002669799771e-16,1.1404235647096274e-15,4.10449623459669e-05,0.4382342339399896,0.021436454444185477,9.653046532948323e-08,7.623760074136061e-29,9.653046532948323e-08
V9-PHASE-FIT-GN-DIAGNOSTIC-V8-COMMON-WALL,ordered_total_channels,top,-2,1,s,8.75,2.1382028615862428e-06,-1.22633882184769e-05,2.3445165013757525e-06,9.658174394089157e-07,1.323081432326073e-05,0.4382342339399896,0.021436454444185477,6.618130403576801e-09,2.745931743859139e-10,6.343537229190887e-09
V9-PHASE-FIT-GN-DIAGNOSTIC-V8-COMMON-WALL,ordered_total_channels,top,-2,1,p,8.75,-1.9446989116968835e-05,1.9851005786732242e-05,0.0001145021053115565,0.0001433630897223461,0.00018220207127346309,0.4382342339399896,0.021436454444185477,3.298109792167353e-08,1.4377069298335635e-06,1.40472583191189e-06
V9-PHASE-FIT-GN-DIAGNOSTIC-V8-COMMON-WALL,ordered_total_channels,top,-1,-1,s,8.75,3.0013520388553286e-05,-2.6034701783568878e-05,-0.0001675317294758279,-0.0002780507862091289,0.000320212792613243,0.4382342339399896,0.021436454444185477,5.00120632303869e-08,3.3385088803210597e-06,3.288496817090673e-06
V9-PHASE-FIT-GN-DIAGNOSTIC-V8-COMMON-WALL,ordered_total_channels,top,-1,-1,p,8.75,7.806299980693804e-05,-0.00012281951449303387,-0.00012312018254765662,-0.00020515373533905003,0.00021737892442608747,0.4382342339399896,0.021436454444185477,6.709535406650952e-07,1.8136268113864188e-06,1.1426732707213236e-06
V9-PHASE-FIT-GN-DIAGNOSTIC-V8-COMMON-WALL,ordered_total_channels,top,-1,0,s,8.75,0.0005447223236699224,0.0008839238458344909,-0.0010285581087383054,0.0013279322632824794,0.0016347338602241308,0.4382342339399896,0.021436454444185477,5.350024798320472e-05,0.00014001487940183894,8.651463141863422e-05
V9-PHASE-FIT-GN-DIAGNOSTIC-V8-COMMON-WALL,ordered_total_channels,top,-1,0,p,8.75,-4.772674705632495e-05,-0.00013585386607225072,1.0695710033665002e-15,-1.898478834981676e-15,0.00014399345579206617,0.4382342339399896,0.021436454444185477,1.0289752016115014e-06,2.3563986760300565e-28,1.0289752016115014e-06
V9-PHASE-FIT-GN-DIAGNOSTIC-V8-COMMON-WALL,ordered_total_channels,top,-1,1,s,8.75,-7.812711644040932e-05,-0.00012119054296124276,-0.0001675317294752791,-0.00027805078621218255,0.0001805500505252181,0.4382342339399896,0.021436454444185477,6.586780960710446e-07,3.338508880369034e-06,2.6798307842979896e-06
V9-PHASE-FIT-GN-DIAGNOSTIC-V8-COMMON-WALL,ordered_total_channels,top,-1,1,p,8.75,0.00011316990034345105,0.0002893311479813246,0.00012312018254904267,0.00020515373533914856,8.476346450624876e-05,0.4382342339399896,0.021436454444185477,3.0578417715519874e-06,1.8136268113985115e-06,1.244214960153476e-06
V9-PHASE-FIT-GN-DIAGNOSTIC-V8-COMMON-WALL,ordered_total_channels,top,0,0,s,8.75,0.026710409515658236,-0.41242614255209165,0.026785429987131376,-0.4121567714282053,0.00027962273427576496,0.4382342339399896,0.021436454444185477,0.8124123198296915,0.812256818464021,0.00015550136567055173
V9-PHASE-FIT-GN-DIAGNOSTIC-V8-COMMON-WALL,ordered_total_channels,top,0,0,p,8.75,0.0007444770954021323,0.008635909736523981,1.1196540890151039e-13,-5.214558791588342e-15,0.008667939958426768,0.4382342339399896,0.021436454444185477,7.513318312295158e-05,1.2563444413870592e-26,7.513318312295158e-05
V9-PHASE-FIT-GN-DIAGNOSTIC-V8-COMMON-WALL,ordered_total_channels,bottom,-3,-1,s,-1.25,-5.305366475680678e-07,6.193097355678282e-06,-4.909306826319978e-06,0.00011217325597253058,0.00010607057861976382,0.4382342339399896,0.021436454444185477,1.1694506763046735e-09,3.815929255738811e-07,3.804234748975764e-07
V9-PHASE-FIT-GN-DIAGNOSTIC-V8-COMMON-WALL,ordered_total_channels,bottom,-3,-1,p,-1.25,1.231358760941151e-05,-9.061338402388383e-06,-1.5732873803997091e-06,7.928198517251047e-05,8.942811703956382e-05,0.4382342339399896,0.021436454444185477,7.074721151206804e-09,1.903314808729246e-07,1.832567597217178e-07
V9-PHASE-FIT-GN-DIAGNOSTIC-V8-COMMON-WALL,ordered_total_channels,bottom,-3,0,s,-1.25,0.00011141269652635922,5.501103964479389e-06,-0.0004924362020247129,-0.0001736752134376343,0.0006298711336449115,0.4382342339399896,0.021436454444185477,6.028026832010447e-07,1.3208823483228831e-05,1.2606020800027786e-05
V9-PHASE-FIT-GN-DIAGNOSTIC-V8-COMMON-WALL,ordered_total_channels,bottom,-3,0,p,-1.25,1.2614158835840412e-05,-6.489757720879328e-05,-1.3274970028758873e-16,2.3198170478591657e-16,6.611212090638565e-05,0.4382342339399896,0.021436454444185477,2.1174368744264052e-07,3.46080831114775e-30,2.1174368744264052e-07
V9-PHASE-FIT-GN-DIAGNOSTIC-V8-COMMON-WALL,ordered_total_channels,bottom,-3,1,s,-1.25,2.494420164048653e-06,3.165632702755595e-06,-4.909306828951654e-06,0.00011217325597379069,0.00010925876214101454,0.4382342339399896,0.021436454444185477,4.916618819781119e-10,3.8159292558322023e-07,3.8110126370124213e-07
V9-PHASE-FIT-GN-DIAGNOSTIC-V8-COMMON-WALL,ordered_total_channels,bottom,-3,1,p,-1.25,-1.1744064355761654e-05,-3.40272927911184e-06,1.5732873796791848e-06,-7.9281985174855e-05,7.703903771814082e-05,0.4382342339399896,0.021436454444185477,4.525186554435522e-09,1.903314808841085e-07,1.85806294329673e-07
V9-PHASE-FIT-GN-DIAGNOSTIC-V8-COMMON-WALL,ordered_total_channels,bottom,-2,-1,s,-1.25,2.5819160281875296e-06,-1.3587554024383701e-05,7.745485652971132e-07,2.4717345258705883e-06,1.6160672197846337e-05,0.4382342339399896,0.021436454444185477,7.93306716836798e-09,2.7825122930511906e-10,7.65481593906286e-09
V9-PHASE-FIT-GN-DIAGNOSTIC-V8-COMMON-WALL,ordered_total_channels,bottom,-2,-1,p,-1.25,-1.3963092005133728e-05,1.3337647022584178e-05,-3.630225008417201e-05,0.0001883234131536643,0.0001764059418845106,0.4382342339399896,0.021436454444185477,1.546323252374619e-08,1.5254830024257906e-06,1.5100197699020443e-06
V9-PHASE-FIT-GN-DIAGNOSTIC-V8-COMMON-WALL,ordered_total_channels,bottom,-2,0,s,-1.25,-0.00026114561672312814,5.1411981170390404e-05,-0.00018404130862068258,1.7489532595230964e-05,8.423661226148158e-05,0.4382342339399896,0.021436454444185477,3.979761225194507e-06,1.9200481909981673e-06,2.05971303419634e-06
V9-PHASE-FIT-GN-DIAGNOSTIC-V8-COMMON-WALL,ordered_total_channels,bottom,-2,0,p,-1.25,-1.4088040689857582e-06,8.496448223504823e-05,-1.953215047833636e-16,3.0838854490696276e-16,8.49761611884278e-05,0.4382342339399896,0.021436454444185477,4.0566851340955066e-07,7.486128714139298e-30,4.0566851340955066e-07
V9-PHASE-FIT-GN-DIAGNOSTIC-V8-COMMON-WALL,ordered_total_channels,bottom,-2,1,s,-1.25,2.4136942821358362e-06,-3.100979318228955e-06,7.745485660026084e-07,2.4717345262717786e-06,5.808781134748327e-06,0.4382342339399896,0.021436454444185477,6.404082893435912e-10,2.7825122943269296e-10,3.621570599108983e-10
V9-PHASE-FIT-GN-DIAGNOSTIC-V8-COMMON-WALL,ordered_total_channels,bottom,-2,1,p,-1.25,1.588180203623463e-05,9.531072021810772e-06,3.630225008297548e-05,-0.00018832341315286793,0.00019890548509824159,0.4382342339399896,0.021436454444185477,1.4227876950658116e-08,1.5254830024097482e-06,1.5112551254590902e-06
V9-PHASE-FIT-GN-DIAGNOSTIC-V8-COMMON-WALL,ordered_total_channels,bottom,-1,-1,s,-1.25,-4.556914481361628e-05,6.736479743540799e-05,-0.00033718347041335526,-1.6668060240140516e-05,0.0003034805365490669,0.4382342339399896,0.021436454444185477,2.0031924281419765e-07,3.4515489579344382e-06,3.2512297151202404e-06
V9-PHASE-FIT-GN-DIAGNOSTIC-V8-COMMON-WALL,ordered_total_channels,bottom,-1,-1,p,-1.25,6.928333379581073e-05,-8.106247182632822e-05,0.0002479992366175502,8.609260274623294e-06,0.00019995097764045628,0.4382342339399896,0.021436454444185477,3.443751583285065e-07,1.8648558637476027e-06,1.5204807054190961e-06
V9-PHASE-FIT-GN-DIAGNOSTIC-V8-COMMON-WALL,ordered_total_channels,bottom,-1,0,s,-1.25,-0.00154003413056894,9.740202879212404e-06,-0.0011348134234953988,-0.0008861976207941805,0.0009833150081890321,0.4382342339399896,0.021436454444185477,0.00011492576454211072,0.00010045454435778903,1.4471220184321694e-05
V9-PHASE-FIT-GN-DIAGNOSTIC-V8-COMMON-WALL,ordered_total_channels,bottom,-1,0,p,-1.25,-5.450311275550155e-05,0.0001605322534341542,-4.465027736885759e-16,-2.0865938982257457e-16,0.0001695322792057747,0.4382342339399896,0.021436454444185477,1.3926569129480152e-06,1.1769907587313279e-29,1.3926569129480152e-06
V9-PHASE-FIT-GN-DIAGNOSTIC-V8-COMMON-WALL,ordered_total_channels,bottom,-1,1,s,-1.25,-3.548185260389386e-05,-4.8740859651116084e-05,-0.00033718347041209904,-1.6668060241286416e-05,0.0003034015996168634,0.4382342339399896,0.021436454444185477,1.1007333290574929e-07,3.4515489579099395e-06,3.3414756250041904e-06
V9-PHASE-FIT-GN-DIAGNOSTIC-V8-COMMON-WALL,ordered_total_channels,bottom,-1,1,p,-1.25,-4.116064531848941e-05,-0.00014192807218847431,-0.000247999236616804,-8.609260275602887e-06,0.0002460815077573502,0.4382342339399896,0.021436454444185477,6.613478326359632e-07,1.8648558637369045e-06,1.2035080311009414e-06
V9-PHASE-FIT-GN-DIAGNOSTIC-V8-COMMON-WALL,ordered_total_channels,bottom,0,0,s,-1.25,0.07694017899413909,-0.12503518031203575,0.07718950242782177,-0.12447475436113979,0.0006133835839187146,0.4382342339399896,0.021436454444185477,0.032484816626014185,0.032331984498269135,0.00015283212774504923
V9-PHASE-FIT-GN-DIAGNOSTIC-V8-COMMON-WALL,ordered_total_channels,bottom,0,0,p,-1.25,8.9042525347206e-05,0.002749962570329353,2.4167599005431038e-15,5.725178855579965e-15,0.002751403770714272,0.4382342339399896,0.021436454444185477,1.1409576108917923e-05,5.820430999983165e-29,1.1409576108917923e-05
V9-PHASE-FIT-GN-DIAGNOSTIC-V8-COMMON-WALL,ordered_outgoing_channels,top,-3,-1,s,8.75,-2.246325923678464e-06,1.3529910303584236e-05,-9.195140170809825e-05,5.576925993858354e-05,9.915222276417313e-05,0.9130801710515086,0.010288459315591867,5.956354939123135e-09,3.662159813318062e-07,3.6025962639268304e-07
V9-PHASE-FIT-GN-DIAGNOSTIC-V8-COMMON-WALL,ordered_outgoing_channels,top,-3,-1,p,8.75,-4.527603065025773e-06,-1.7993865165263194e-05,6.491873565175626e-05,-4.0080513039853855e-05,7.287395951574319e-05,0.9130801710515086,0.010288459315591867,1.090162489817975e-08,1.843193233752179e-07,1.7341769847703814e-07
V9-PHASE-FIT-GN-DIAGNOSTIC-V8-COMMON-WALL,ordered_outgoing_channels,top,-3,0,s,8.75,-1.365081178874202e-05,-2.666726761564653e-05,-0.0001921902009470994,0.00048817928501632254,0.000544925028089243,0.9130801710515086,0.010288459315591867,4.4530725514591466e-08,1.365740342110789e-05,1.3612872695593299e-05
V9-PHASE-FIT-GN-DIAGNOSTIC-V8-COMMON-WALL,ordered_outgoing_channels,top,-3,0,p,8.75,2.2754144715496554e-05,1.6403897393950954e-05,1.2553482268998042e-15,3.668039838538298e-15,2.8050649747689653e-05,0.9130801710515086,0.010288459315591867,3.904065148464191e-08,7.457653301374714e-28,3.904065148464191e-08
V9-PHASE-FIT-GN-DIAGNOSTIC-V8-COMMON-WALL,ordered_outgoing_channels,top,-3,1,s,8.75,-5.521259605733008e-06,-1.5950484613055908e-06,-9.195140170915746e-05,5.576925994137385e-05,0.00010373443662803526,0.9130801710515086,0.010288459315591867,1.0458518653660466e-09,3.6621598134782935e-07,3.651701294824633e-07
V9-PHASE-FIT-GN-DIAGNOSTIC-V8-COMMON-WALL,ordered_outgoing_channels,top,-3,1,p,8.75,4.033798339588707e-06,1.5239021229580666e-05,-6.491873565012055e-05,4.0080513039672495e-05,7.329087022919616e-05,0.9130801710515086,0.010288459315591867,7.868766486359182e-09,1.843193233680326e-07,1.7645055688167342e-07
V9-PHASE-FIT-GN-DIAGNOSTIC-V8-COMMON-WALL,ordered_outgoing_channels,top,-2,-1,s,8.75,-8.364377638657702e-06,3.7335514546183303e-07,2.344516502433825e-06,9.65817440460633e-07,1.072527040666573e-05,0.9130801710515086,0.010288459315591867,2.9939194592028266e-09,2.745931746845648e-10,2.719326284518262e-09
V9-PHASE-FIT-GN-DIAGNOSTIC-V8-COMMON-WALL,ordered_outgoing_channels,top,-2,-1,p,8.75,3.499814933611066e-05,-1.6512662133517835e-05,-0.00011450210530953003,-0.00014336308972240936,0.00019606467585619805,0.9130801710515086,0.010288459315591867,6.39567529898461e-08,1.437706929814518e-06,1.3737501768246719e-06
V9-PHASE-FIT-GN-DIAGNOSTIC-V8-COMMON-WALL,ordered_outgoing_channels,top,-2,0,s,8.75,0.00010329739389904706,-4.73250631149851e-05,0.00016425932553326252,-5.6207388544626634e-05,6.160562323045533e-05,0.9130801710515086,0.010288459315591867,7.397268154297289e-07,1.7270051732052553e-06,9.872783577755264e-07
V9-PHASE-FIT-GN-DIAGNOSTIC-V8-COMMON-WALL,ordered_outgoing_channels,top,-2,0,p,8.75,-3.2641147853642755e-05,2.4884621774231014e-05,-1.731002669799771e-16,1.1404235647096274e-15,4.10449623459669e-05,0.9130801710515086,0.010288459315591867,9.653046532948323e-08,7.623760074136061e-29,9.653046532948323e-08
V9-PHASE-FIT-GN-DIAGNOSTIC-V8-COMMON-WALL,ordered_outgoing_channels,top,-2,1,s,8.75,2.1382028615862428e-06,-1.22633882184769e-05,2.3445165013757525e-06,9.658174394089157e-07,1.323081432326073e-05,0.9130801710515086,0.010288459315591867,6.618130403576801e-09,2.745931743859139e-10,6.343537229190887e-09
V9-PHASE-FIT-GN-DIAGNOSTIC-V8-COMMON-WALL,ordered_outgoing_channels,top,-2,1,p,8.75,-1.9446989116968835e-05,1.9851005786732242e-05,0.0001145021053115565,0.0001433630897223461,0.00018220207127346309,0.9130801710515086,0.010288459315591867,3.298109792167353e-08,1.4377069298335635e-06,1.40472583191189e-06
V9-PHASE-FIT-GN-DIAGNOSTIC-V8-COMMON-WALL,ordered_outgoing_channels,top,-1,-1,s,8.75,3.0013520388553286e-05,-2.6034701783568878e-05,-0.0001675317294758279,-0.0002780507862091289,0.000320212792613243,0.9130801710515086,0.010288459315591867,5.00120632303869e-08,3.3385088803210597e-06,3.288496817090673e-06
V9-PHASE-FIT-GN-DIAGNOSTIC-V8-COMMON-WALL,ordered_outgoing_channels,top,-1,-1,p,8.75,7.806299980693804e-05,-0.00012281951449303387,-0.00012312018254765662,-0.00020515373533905003,0.00021737892442608747,0.9130801710515086,0.010288459315591867,6.709535406650952e-07,1.8136268113864188e-06,1.1426732707213236e-06
V9-PHASE-FIT-GN-DIAGNOSTIC-V8-COMMON-WALL,ordered_outgoing_channels,top,-1,0,s,8.75,0.0005447223236699224,0.0008839238458344909,-0.0010285581087383054,0.0013279322632824794,0.0016347338602241308,0.9130801710515086,0.010288459315591867,5.350024798320472e-05,0.00014001487940183894,8.651463141863422e-05
V9-PHASE-FIT-GN-DIAGNOSTIC-V8-COMMON-WALL,ordered_outgoing_channels,top,-1,0,p,8.75,-4.772674705632495e-05,-0.00013585386607225072,1.0695710033665002e-15,-1.898478834981676e-15,0.00014399345579206617,0.9130801710515086,0.010288459315591867,1.0289752016115014e-06,2.3563986760300565e-28,1.0289752016115014e-06
V9-PHASE-FIT-GN-DIAGNOSTIC-V8-COMMON-WALL,ordered_outgoing_channels,top,-1,1,s,8.75,-7.812711644040932e-05,-0.00012119054296124276,-0.0001675317294752791,-0.00027805078621218255,0.0001805500505252181,0.9130801710515086,0.010288459315591867,6.586780960710446e-07,3.338508880369034e-06,2.6798307842979896e-06
V9-PHASE-FIT-GN-DIAGNOSTIC-V8-COMMON-WALL,ordered_outgoing_channels,top,-1,1,p,8.75,0.00011316990034345105,0.0002893311479813246,0.00012312018254904267,0.00020515373533914856,8.476346450624876e-05,0.9130801710515086,0.010288459315591867,3.0578417715519874e-06,1.8136268113985115e-06,1.244214960153476e-06
V9-PHASE-FIT-GN-DIAGNOSTIC-V8-COMMON-WALL,ordered_outgoing_channels,top,0,0,s,8.75,-0.9005386022587224,-0.03798085928171213,-0.9004635817872493,-0.03771148815782577,0.0002796227342757594,0.9130801710515086,0.010288459315591867,0.8124123198296915,0.812256818464021,0.00015550136567055173
V9-PHASE-FIT-GN-DIAGNOSTIC-V8-COMMON-WALL,ordered_outgoing_channels,top,0,0,p,8.75,0.0007444770954021323,0.008635909736523981,1.1196540890151039e-13,-5.214558791588342e-15,0.008667939958426768,0.9130801710515086,0.010288459315591867,7.513318312295158e-05,1.2563444413870592e-26,7.513318312295158e-05
V9-PHASE-FIT-GN-DIAGNOSTIC-V8-COMMON-WALL,ordered_outgoing_channels,bottom,-3,-1,s,-1.25,-5.305366475680678e-07,6.193097355678282e-06,-4.909306826319978e-06,0.00011217325597253058,0.00010607057861976382,0.9130801710515086,0.010288459315591867,1.1694506763046735e-09,3.815929255738811e-07,3.804234748975764e-07
V9-PHASE-FIT-GN-DIAGNOSTIC-V8-COMMON-WALL,ordered_outgoing_channels,bottom,-3,-1,p,-1.25,1.231358760941151e-05,-9.061338402388383e-06,-1.5732873803997091e-06,7.928198517251047e-05,8.942811703956382e-05,0.9130801710515086,0.010288459315591867,7.074721151206804e-09,1.903314808729246e-07,1.832567597217178e-07
V9-PHASE-FIT-GN-DIAGNOSTIC-V8-COMMON-WALL,ordered_outgoing_channels,bottom,-3,0,s,-1.25,0.00011141269652635922,5.501103964479389e-06,-0.0004924362020247129,-0.0001736752134376343,0.0006298711336449115,0.9130801710515086,0.010288459315591867,6.028026832010447e-07,1.3208823483228831e-05,1.2606020800027786e-05
V9-PHASE-FIT-GN-DIAGNOSTIC-V8-COMMON-WALL,ordered_outgoing_channels,bottom,-3,0,p,-1.25,1.2614158835840412e-05,-6.489757720879328e-05,-1.3274970028758873e-16,2.3198170478591657e-16,6.611212090638565e-05,0.9130801710515086,0.010288459315591867,2.1174368744264052e-07,3.46080831114775e-30,2.1174368744264052e-07
V9-PHASE-FIT-GN-DIAGNOSTIC-V8-COMMON-WALL,ordered_outgoing_channels,bottom,-3,1,s,-1.25,2.494420164048653e-06,3.165632702755595e-06,-4.909306828951654e-06,0.00011217325597379069,0.00010925876214101454,0.9130801710515086,0.010288459315591867,4.916618819781119e-10,3.8159292558322023e-07,3.8110126370124213e-07
V9-PHASE-FIT-GN-DIAGNOSTIC-V8-COMMON-WALL,ordered_outgoing_channels,bottom,-3,1,p,-1.25,-1.1744064355761654e-05,-3.40272927911184e-06,1.5732873796791848e-06,-7.9281985174855e-05,7.703903771814082e-05,0.9130801710515086,0.010288459315591867,4.525186554435522e-09,1.903314808841085e-07,1.85806294329673e-07
V9-PHASE-FIT-GN-DIAGNOSTIC-V8-COMMON-WALL,ordered_outgoing_channels,bottom,-2,-1,s,-1.25,2.5819160281875296e-06,-1.3587554024383701e-05,7.745485652971132e-07,2.4717345258705883e-06,1.6160672197846337e-05,0.9130801710515086,0.010288459315591867,7.93306716836798e-09,2.7825122930511906e-10,7.65481593906286e-09
V9-PHASE-FIT-GN-DIAGNOSTIC-V8-COMMON-WALL,ordered_outgoing_channels,bottom,-2,-1,p,-1.25,-1.3963092005133728e-05,1.3337647022584178e-05,-3.630225008417201e-05,0.0001883234131536643,0.0001764059418845106,0.9130801710515086,0.010288459315591867,1.546323252374619e-08,1.5254830024257906e-06,1.5100197699020443e-06
V9-PHASE-FIT-GN-DIAGNOSTIC-V8-COMMON-WALL,ordered_outgoing_channels,bottom,-2,0,s,-1.25,-0.00026114561672312814,5.1411981170390404e-05,-0.00018404130862068258,1.7489532595230964e-05,8.423661226148158e-05,0.9130801710515086,0.010288459315591867,3.979761225194507e-06,1.9200481909981673e-06,2.05971303419634e-06
V9-PHASE-FIT-GN-DIAGNOSTIC-V8-COMMON-WALL,ordered_outgoing_channels,bottom,-2,0,p,-1.25,-1.4088040689857582e-06,8.496448223504823e-05,-1.953215047833636e-16,3.0838854490696276e-16,8.49761611884278e-05,0.9130801710515086,0.010288459315591867,4.0566851340955066e-07,7.486128714139298e-30,4.0566851340955066e-07
V9-PHASE-FIT-GN-DIAGNOSTIC-V8-COMMON-WALL,ordered_outgoing_channels,bottom,-2,1,s,-1.25,2.4136942821358362e-06,-3.100979318228955e-06,7.745485660026084e-07,2.4717345262717786e-06,5.808781134748327e-06,0.9130801710515086,0.010288459315591867,6.404082893435912e-10,2.7825122943269296e-10,3.621570599108983e-10
V9-PHASE-FIT-GN-DIAGNOSTIC-V8-COMMON-WALL,ordered_outgoing_channels,bottom,-2,1,p,-1.25,1.588180203623463e-05,9.531072021810772e-06,3.630225008297548e-05,-0.00018832341315286793,0.00019890548509824159,0.9130801710515086,0.010288459315591867,1.4227876950658116e-08,1.5254830024097482e-06,1.5112551254590902e-06
V9-PHASE-FIT-GN-DIAGNOSTIC-V8-COMMON-WALL,ordered_outgoing_channels,bottom,-1,-1,s,-1.25,-4.556914481361628e-05,6.736479743540799e-05,-0.00033718347041335526,-1.6668060240140516e-05,0.0003034805365490669,0.9130801710515086,0.010288459315591867,2.0031924281419765e-07,3.4515489579344382e-06,3.2512297151202404e-06
V9-PHASE-FIT-GN-DIAGNOSTIC-V8-COMMON-WALL,ordered_outgoing_channels,bottom,-1,-1,p,-1.25,6.928333379581073e-05,-8.106247182632822e-05,0.0002479992366175502,8.609260274623294e-06,0.00019995097764045628,0.9130801710515086,0.010288459315591867,3.443751583285065e-07,1.8648558637476027e-06,1.5204807054190961e-06
V9-PHASE-FIT-GN-DIAGNOSTIC-V8-COMMON-WALL,ordered_outgoing_channels,bottom,-1,0,s,-1.25,-0.00154003413056894,9.740202879212404e-06,-0.0011348134234953988,-0.0008861976207941805,0.0009833150081890321,0.9130801710515086,0.010288459315591867,0.00011492576454211072,0.00010045454435778903,1.4471220184321694e-05
V9-PHASE-FIT-GN-DIAGNOSTIC-V8-COMMON-WALL,ordered_outgoing_channels,bottom,-1,0,p,-1.25,-5.450311275550155e-05,0.0001605322534341542,-4.465027736885759e-16,-2.0865938982257457e-16,0.0001695322792057747,0.9130801710515086,0.010288459315591867,1.3926569129480152e-06,1.1769907587313279e-29,1.3926569129480152e-06
V9-PHASE-FIT-GN-DIAGNOSTIC-V8-COMMON-WALL,ordered_outgoing_channels,bottom,-1,1,s,-1.25,-3.548185260389386e-05,-4.8740859651116084e-05,-0.00033718347041209904,-1.6668060241286416e-05,0.0003034015996168634,0.9130801710515086,0.010288459315591867,1.1007333290574929e-07,3.4515489579099395e-06,3.3414756250041904e-06
V9-PHASE-FIT-GN-DIAGNOSTIC-V8-COMMON-WALL,ordered_outgoing_channels,bottom,-1,1,p,-1.25,-4.116064531848941e-05,-0.00014192807218847431,-0.000247999236616804,-8.609260275602887e-06,0.0002460815077573502,0.9130801710515086,0.010288459315591867,6.613478326359632e-07,1.8648558637369045e-06,1.2035080311009414e-06
V9-PHASE-FIT-GN-DIAGNOSTIC-V8-COMMON-WALL,ordered_outgoing_channels,bottom,0,0,s,-1.25,0.07694017899413909,-0.12503518031203575,0.07718950242782177,-0.12447475436113979,0.0006133835839187146,0.9130801710515086,0.010288459315591867,0.032484816626014185,0.032331984498269135,0.00015283212774504923
V9-PHASE-FIT-GN-DIAGNOSTIC-V8-COMMON-WALL,ordered_outgoing_channels,bottom,0,0,p,-1.25,8.9042525347206e-05,0.002749962570329353,2.4167599005431038e-15,5.725178855579965e-15,0.002751403770714272,0.9130801710515086,0.010288459315591867,1.1409576108917923e-05,5.820430999983165e-29,1.1409576108917923e-05
V9-PHASE-FIT-GN-DIAGNOSTIC-V8-COMMON-WALL,ordered_boundary_outgoing_channels,top,-3,-1,s,8.75,5.778147441814649e-07,1.3702940673440548e-05,-7.855082196187339e-05,7.345092919286605e-05,9.915222276417313e-05,0.9095181214967073,0.010185187383782922,5.956354939123135e-09,3.662159813318062e-07,3.6025962639268304e-07
V9-PHASE-FIT-GN-DIAGNOSTIC-V8-COMMON-WALL,ordered_boundary_outgoing_channels,top,-3,-1,p,8.75,-8.123598786232046e-06,-1.668189185495555e-05,5.531274235513715e-05,-5.254893240889601e-05,7.287395951574319e-05,0.9095181214967073,0.010185187383782922,1.090162489817975e-08,1.843193233752179e-07,1.7341769847703814e-07
V9-PHASE-FIT-GN-DIAGNOSTIC-V8-COMMON-WALL,ordered_boundary_outgoing_channels,top,-3,0,s,8.75,1.1012284752036202e-05,2.786067854730461e-05,0.0002384264874377627,-0.00046734237743567054,0.000544925028089243,0.9095181214967073,0.010185187383782922,4.4530725514591466e-08,1.365740342110789e-05,1.3612872695593299e-05
V9-PHASE-FIT-GN-DIAGNOSTIC-V8-COMMON-WALL,ordered_boundary_outgoing_channels,top,-3,0,p,8.75,-2.1064025787966086e-05,-1.85241941538338e-05,-8.953304260694988e-16,-3.7721080122444466e-15,2.805064974768965e-05,0.9095181214967073,0.010185187383782922,3.904065148464191e-08,7.457653301374714e-28,3.904065148464191e-08
V9-PHASE-FIT-GN-DIAGNOSTIC-V8-COMMON-WALL,ordered_boundary_outgoing_channels,top,-3,1,s,8.75,-5.731071532237288e-06,-4.281428735733914e-07,-7.855082196233748e-05,7.345092919581435e-05,0.00010373443662803527,0.9095181214967073,0.010185187383782922,1.0458518653660466e-09,3.6621598134782935e-07,3.651701294824633e-07
V9-PHASE-FIT-GN-DIAGNOSTIC-V8-COMMON-WALL,ordered_boundary_outgoing_channels,top,-3,1,p,8.75,7.075007954441541e-06,1.4086999663685229e-05,-5.5312742353573465e-05,5.2548932408382856e-05,7.329087022919614e-05,0.9095181214967073,0.010185187383782922,7.868766486359182e-09,1.843193233680326e-07,1.7645055688167342e-07
V9-PHASE-FIT-GN-DIAGNOSTIC-V8-COMMON-WALL,ordered_boundary_outgoing_channels,top,-2,-1,s,8.75,2.4505259152374197e-06,-8.006068328803447e-06,-1.6954805776036832e-06,1.8854459868824524e-06,1.072527040666573e-05,0.9095181214967073,0.010185187383782922,2.9939194592028266e-09,2.745931746845648e-10,2.719326284518262e-09
V9-PHASE-FIT-GN-DIAGNOSTIC-V8-COMMON-WALL,ordered_boundary_outgoing_channels,top,-2,-1,p,8.75,3.832988522923419e-06,3.850774813815467e-05,0.00017343931198744156,-5.9854094867379096e-05,0.00019606467585619807,0.9095181214967073,0.010185187383782922,6.39567529898461e-08,1.437706929814518e-06,1.3737501768246719e-06
V9-PHASE-FIT-GN-DIAGNOSTIC-V8-COMMON-WALL,ordered_boundary_outgoing_channels,top,-2,0,s,8.75,-4.732507628859231e-05,-0.00010329738786363925,-5.6207409492762594e-05,-0.00016425931836508344,6.160562323045534e-05,0.9095181214967073,0.010185187383782922,7.397268154297289e-07,1.7270051732052553e-06,9.872783577755264e-07
V9-PHASE-FIT-GN-DIAGNOSTIC-V8-COMMON-WALL,ordered_boundary_outgoing_channels,top,-2,0,p,8.75,2.4884625936985136e-05,3.264114468008477e-05,1.1404235867852477e-15,1.7310012154075433e-16,4.104496234596691e-05,0.9095181214967073,0.010185187383782922,9.653046532948323e-08,7.623760074136061e-29,9.653046532948323e-08
V9-PHASE-FIT-GN-DIAGNOSTIC-V8-COMMON-WALL,ordered_boundary_outgoing_channels,top,-2,1,s,8.75,1.0838304110389332e-05,6.123215338781689e-06,-1.6954805762582626e-06,1.885445986237883e-06,1.323081432326073e-05,0.9095181214967073,0.010185187383782922,6.618130403576801e-09,2.745931743859139e-10,6.343537229190887e-09
V9-PHASE-FIT-GN-DIAGNOSTIC-V8-COMMON-WALL,ordered_boundary_outgoing_channels,top,-2,1,p,8.75,-1.2188483170166743e-05,-2.497376011879155e-05,-0.00017343931198806085,5.9854094869309646e-05,0.00018220207127346306,0.9095181214967073,0.010185187383782922,3.298109792167353e-08,1.4377069298335635e-06,1.40472583191189e-06
V9-PHASE-FIT-GN-DIAGNOSTIC-V8-COMMON-WALL,ordered_boundary_outgoing_channels,top,-1,-1,s,8.75,2.4128255263850486e-05,-3.156650758313216e-05,-0.00022030138827274493,-0.0002384248695454775,0.000320212792613243,0.9095181214967073,0.010185187383782922,5.00120632303869e-08,3.3385088803210597e-06,3.288496817090673e-06
V9-PHASE-FIT-GN-DIAGNOSTIC-V8-COMMON-WALL,ordered_boundary_outgoing_channels,top,-1,-1,p,8.75,5.161171698098204e-05,-0.00013606871701253592,-0.00016206524324860404,-0.0001760155998907599,0.0002173789244260875,0.9095181214967073,0.010185187383782922,6.709535406650952e-07,1.8136268113864188e-06,1.1426732707213236e-06
V9-PHASE-FIT-GN-DIAGNOSTIC-V8-COMMON-WALL,ordered_boundary_outgoing_channels,top,-1,0,s,8.75,-0.00045502982312892686,-0.0009332693261874914,0.0011543275989399616,-0.0012201900152203147,0.0016347338602241308,0.9095181214967073,0.010185187383782922,5.350024798320472e-05,0.00014001487940183894,8.651463141863422e-05
V9-PHASE-FIT-GN-DIAGNOSTIC-V8-COMMON-WALL,ordered_boundary_outgoing_channels,top,-1,0,p,8.75,3.411648939427849e-05,0.00013989346111511266,-1.2513260214317444e-15,1.783924663825131e-15,0.00014399345579206617,0.9095181214967073,0.010185187383782922,1.0289752016115014e-06,2.3563986760300565e-28,1.0289752016115014e-06
V9-PHASE-FIT-GN-DIAGNOSTIC-V8-COMMON-WALL,ordered_boundary_outgoing_channels,top,-1,1,s,8.75,-0.00010102164452190601,-0.00010288644888722596,-0.00022030138827282503,-0.00023842486954857905,0.0001805500505252181,0.9095181214967073,0.010185187383782922,6.586780960710446e-07,3.338508880369034e-06,2.6798307842979896e-06
V9-PHASE-FIT-GN-DIAGNOSTIC-V8-COMMON-WALL,ordered_boundary_outgoing_channels,top,-1,1,p,8.75,0.00016934409835063944,0.00026046595917652416,0.00016206524324998136,0.0001760155998905761,8.476346450624872e-05,0.9095181214967073,0.010185187383782922,3.0578417715519874e-06,1.8136268113985115e-06,1.244214960153476e-06
V9-PHASE-FIT-GN-DIAGNOSTIC-V8-COMMON-WALL,ordered_boundary_outgoing_channels,top,0,0,s,8.75,-0.8767642688340952,-0.2090376442789317,-0.8767420008873494,-0.208758909616445,0.00027962273427575667,0.9095181214967073,0.010185187383782922,0.8124123198296915,0.812256818464021,0.00015550136567055173
V9-PHASE-FIT-GN-DIAGNOSTIC-V8-COMMON-WALL,ordered_boundary_outgoing_channels,top,0,0,p,8.75,-0.0009162605429969734,0.00861937641249731,1.109046864019619e-13,1.6235607409513206e-14,0.00866793995842677,0.9095181214967073,0.010185187383782922,7.513318312295158e-05,1.2563444413870592e-26,7.513318312295158e-05
V9-PHASE-FIT-GN-DIAGNOSTIC-V8-COMMON-WALL,ordered_boundary_outgoing_channels,bottom,-3,-1,s,-1.25,-4.9436943318254705e-06,3.638430826808419e-06,-8.648303367237041e-05,6.939127777564956e-05,0.00010474779588120348,0.9095181214967073,0.010185187383782922,1.1694506763046735e-09,3.815929255738811e-07,3.804234748975764e-07
V9-PHASE-FIT-GN-DIAGNOSTIC-V8-COMMON-WALL,ordered_boundary_outgoing_channels,bottom,-3,-1,p,-1.25,1.4745290527598639e-05,3.2427462602939043e-06,-5.9889780695573525e-05,5.0452604324837186e-05,8.831287876047471e-05,0.9095181214967073,0.010185187383782922,7.074721151206804e-09,1.903314808729246e-07,1.832567597217178e-07
V9-PHASE-FIT-GN-DIAGNOSTIC-V8-COMMON-WALL,ordered_boundary_outgoing_channels,bottom,-3,0,s,-1.25,1.8962668096198707e-05,0.00010903245107862008,6.074845422874771e-05,-0.0005144750722767751,0.0006249061398350106,0.9095181214967073,0.010185187383782922,6.028026832010447e-07,1.3208823483228831e-05,1.2606020800027786e-05
V9-PHASE-FIT-GN-DIAGNOSTIC-V8-COMMON-WALL,ordered_boundary_outgoing_channels,bottom,-3,0,p,-1.25,6.556234453113502e-05,-1.938233620086234e-06,-2.5346697492730613e-16,-7.791468315616378e-17,6.55909884817893e-05,0.9095181214967073,0.010185187383782922,2.1174368744264052e-07,3.46080831114775e-30,2.1174368744264052e-07
V9-PHASE-FIT-GN-DIAGNOSTIC-V8-COMMON-WALL,ordered_boundary_outgoing_channels,bottom,-3,1,s,-1.25,-7.262992288550658e-07,3.913213922601266e-06,-8.648303367501951e-05,6.939127777451605e-05,0.00010789622027052384,0.9095181214967073,0.010185187383782922,4.916618819781119e-10,3.8159292558322023e-07,3.8110126370124213e-07
V9-PHASE-FIT-GN-DIAGNOSTIC-V8-COMMON-WALL,ordered_boundary_outgoing_channels,bottom,-3,1,p,-1.25,-5.12013234665199e-06,-1.093527806085357e-05,5.9889780696845165e-05,-5.0452604326898695e-05,7.607830090860417e-05,0.9095181214967073,0.010185187383782922,4.525186554435522e-09,1.903314808841085e-07,1.85806294329673e-07
V9-PHASE-FIT-GN-DIAGNOSTIC-V8-COMMON-WALL,ordered_boundary_outgoing_channels,bottom,-2,-1,s,-1.25,1.335852660637045e-05,-3.056558468089748e-06,-1.935589521620524e-06,1.6853186586884327e-06,1.601235107103063e-05,0.9095181214967073,0.010185187383782922,7.93306716836798e-09,2.7825122930511906e-10,7.65481593906286e-09
V9-PHASE-FIT-GN-DIAGNOSTIC-V8-COMMON-WALL,ordered_boundary_outgoing_channels,bottom,-2,-1,p,-1.25,-1.7654817618142868e-05,-7.3726133006517214e-06,-0.0001853545253180435,4.1894719858193056e-05,0.00017478690477039954,0.9095181214967073,0.010185187383782922,1.546323252374619e-08,1.5254830024257906e-06,1.5100197699020443e-06
V9-PHASE-FIT-GN-DIAGNOSTIC-V8-COMMON-WALL,ordered_boundary_outgoing_channels,bottom,-2,0,s,-1.25,-5.351653325095888e-05,-0.0002588703482639627,-1.910128656019509e-05,-0.00018261418318362527,8.366248811472083e-05,0.9095181214967073,0.010185187383782922,3.979761225194507e-06,1.9200481909981673e-06,2.05971303419634e-06
V9-PHASE-FIT-GN-DIAGNOSTIC-V8-COMMON-WALL,ordered_boundary_outgoing_channels,bottom,-2,0,p,-1.25,-8.439486612738947e-05,-5.99666697360517e-07,-3.081108181661143e-16,-1.9107978283180129e-16,8.439699656241138e-05,0.9095181214967073,0.010185187383782922,4.0566851340955066e-07,7.486128714139298e-30,4.0566851340955066e-07
V9-PHASE-FIT-GN-DIAGNOSTIC-V8-COMMON-WALL,ordered_boundary_outgoing_channels,bottom,-2,1,s,-1.25,3.7737817953404606e-06,9.583392982587008e-07,-1.9355895217042767e-06,1.6853186594882002e-06,5.7554686887817234e-06,0.9095181214967073,0.010185187383782922,6.404082893435912e-10,2.7825122943269296e-10,3.621570599108983e-10
V9-PHASE-FIT-GN-DIAGNOSTIC-V8-COMMON-WALL,ordered_boundary_outgoing_channels,bottom,-2,1,p,-1.25,-2.3388963390785336e-06,1.8202583589266867e-05,0.00018535452531684516,-4.189471985896257e-05,0.0001970799492963628,0.9095181214967073,0.010185187383782922,1.4227876950658116e-08,1.5254830024097482e-06,1.5112551254590902e-06
V9-PHASE-FIT-GN-DIAGNOSTIC-V8-COMMON-WALL,ordered_boundary_outgoing_channels,bottom,-1,-1,s,-1.25,-7.96922626689686e-05,9.992062474224646e-06,-0.00020705147255067278,-0.00026129824663100645,0.0002996978481005558,0.9095181214967073,0.010185187383782922,2.0031924281419765e-07,3.4515489579344382e-06,3.2512297151202404e-06
V9-PHASE-FIT-GN-DIAGNOSTIC-V8-COMMON-WALL,ordered_boundary_outgoing_channels,bottom,-1,-1,p,-1.25,0.00010529924161438255,-1.2919512945821168e-06,0.00015499807170421564,0.00018981004150854804,0.00019745871813020997,0.9095181214967073,0.010185187383782922,3.443751583285065e-07,1.8648558637476027e-06,1.5204807054190961e-06
V9-PHASE-FIT-GN-DIAGNOSTIC-V8-COMMON-WALL,ordered_boundary_outgoing_channels,bottom,-1,0,s,-1.25,-0.00034472785167957167,-0.0014885314949573156,0.0006107069086373302,-0.0012913701554319347,0.0009755655667484673,0.9095181214967073,0.010185187383782922,0.00011492576454211072,0.00010045454435778903,1.4471220184321694e-05
V9-PHASE-FIT-GN-DIAGNOSTIC-V8-COMMON-WALL,ordered_boundary_outgoing_channels,bottom,-1,0,p,-1.25,-0.00016725125551824593,-1.7803970492886834e-05,1.0475495179447351e-16,-4.776152653530708e-16,0.00016819620637148513,0.9095181214967073,0.010185187383782922,1.3926569129480152e-06,1.1769907587313279e-29,1.3926569129480152e-06
V9-PHASE-FIT-GN-DIAGNOSTIC-V8-COMMON-WALL,ordered_boundary_outgoing_channels,bottom,-1,1,s,-1.25,1.3112568831473328e-05,-5.807453639393148e-05,-0.00020705147254900414,-0.0002612982466308191,0.00029961989506611714,0.9095181214967073,0.010185187383782922,1.1007333290574929e-07,3.4515489579099395e-06,3.3414756250041904e-06
V9-PHASE-FIT-GN-DIAGNOSTIC-V8-COMMON-WALL,ordered_boundary_outgoing_channels,bottom,-1,1,p,-1.25,7.863393846136743e-05,-0.00012293691611632319,-0.0001549980717030024,-0.00018981004150863128,0.0002430142610489754,0.9095181214967073,0.010185187383782922,6.613478326359632e-07,1.8648558637369045e-06,1.2035080311009414e-06
V9-PHASE-FIT-GN-DIAGNOSTIC-V8-COMMON-WALL,ordered_boundary_outgoing_channels,bottom,0,0,s,-1.25,0.07032163014899526,-0.10042723997880086,0.07050175899447489,-0.09994772920440079,0.0005122274726521257,0.9095181214967073,0.010185187383782922,0.032484816626014185,0.032331984498269135,0.00015283212774504923
V9-PHASE-FIT-GN-DIAGNOSTIC-V8-COMMON-WALL,ordered_boundary_outgoing_channels,bottom,0,0,p,-1.25,-6.175331603292363e-05,0.0022968261971594525,1.7315585978917311e-15,4.892126973773713e-15,0.0022976562083951457,0.9095181214967073,0.010185187383782922,1.1409576108917923e-05,5.820430999983165e-29,1.1409576108917923e-05
V9-PHASE-FIT-GN-DIAGNOSTIC-V8-COMMON-WALL,ordered_scattered_channels,top,-3,-1,s,8.75,-2.2463259236831254e-06,1.3529910303579957e-05,-9.195140170810291e-05,5.5769259938579254e-05,9.915222276417313e-05,0.2468359522790033,0.038058427490006326,5.956354939123135e-09,3.662159813318062e-07,3.6025962639268304e-07
V9-PHASE-FIT-GN-DIAGNOSTIC-V8-COMMON-WALL,ordered_scattered_channels,top,-3,-1,p,8.75,-4.527603065037732e-06,-1.7993865165265223e-05,6.49187356517443e-05,-4.008051303985588e-05,7.28739595157432e-05,0.2468359522790033,0.038058427490006326,1.090162489817975e-08,1.843193233752179e-07,1.7341769847703814e-07
V9-PHASE-FIT-GN-DIAGNOSTIC-V8-COMMON-WALL,ordered_scattered_channels,top,-3,0,s,8.75,-1.3650811788892455e-05,-2.6667267615581395e-05,-0.00019219020094724982,0.00048817928501638765,0.000544925028089243,0.2468359522790033,0.038058427490006326,4.4530725514591466e-08,1.365740342110789e-05,1.3612872695593299e-05
V9-PHASE-FIT-GN-DIAGNOSTIC-V8-COMMON-WALL,ordered_scattered_channels,top,-3,0,p,8.75,2.2754144715496554e-05,1.6403897393950954e-05,1.2553482268998042e-15,3.668039838538298e-15,2.8050649747689653e-05,0.2468359522790033,0.038058427490006326,3.904065148464191e-08,7.457653301374714e-28,3.904065148464191e-08
V9-PHASE-FIT-GN-DIAGNOSTIC-V8-COMMON-WALL,ordered_scattered_channels,top,-3,1,s,8.75,-5.521259605722785e-06,-1.5950484613025673e-06,-9.195140170914724e-05,5.5769259941376876e-05,0.00010373443662803526,0.2468359522790033,0.038058427490006326,1.0458518653660466e-09,3.6621598134782935e-07,3.651701294824633e-07
V9-PHASE-FIT-GN-DIAGNOSTIC-V8-COMMON-WALL,ordered_scattered_channels,top,-3,1,p,8.75,4.033798339602106e-06,1.5239021229595475e-05,-6.491873565010715e-05,4.00805130396873e-05,7.329087022919614e-05,0.2468359522790033,0.038058427490006326,7.868766486359182e-09,1.843193233680326e-07,1.7645055688167342e-07
V9-PHASE-FIT-GN-DIAGNOSTIC-V8-COMMON-WALL,ordered_scattered_channels,top,-2,-1,s,8.75,-8.364377638657702e-06,3.7335514546183764e-07,2.3445165024338254e-06,9.658174404606376e-07,1.072527040666573e-05,0.2468359522790033,0.038058427490006326,2.9939194592028266e-09,2.745931746845648e-10,2.719326284518262e-09
V9-PHASE-FIT-GN-DIAGNOSTIC-V8-COMMON-WALL,ordered_scattered_channels,top,-2,-1,p,8.75,3.49981493361453e-05,-1.651266213353249e-05,-0.00011450210530949539,-0.00014336308972242402,0.00019606467585619807,0.2468359522790033,0.038058427490006326,6.39567529898461e-08,1.437706929814518e-06,1.3737501768246719e-06
V9-PHASE-FIT-GN-DIAGNOSTIC-V8-COMMON-WALL,ordered_scattered_channels,top,-2,0,s,8.75,0.00010329739389898785,-4.7325063115140716e-05,0.0001642593255332033,-5.620738854478225e-05,6.160562323045531e-05,0.2468359522790033,0.038058427490006326,7.397268154297289e-07,1.7270051732052553e-06,9.872783577755264e-07
V9-PHASE-FIT-GN-DIAGNOSTIC-V8-COMMON-WALL,ordered_scattered_channels,top,-2,0,p,8.75,-3.2641147853642755e-05,2.4884621774231014e-05,-1.731002669799771e-16,1.1404235647096274e-15,4.10449623459669e-05,0.2468359522790033,0.038058427490006326,9.653046532948323e-08,7.623760074136061e-29,9.653046532948323e-08
V9-PHASE-FIT-GN-DIAGNOSTIC-V8-COMMON-WALL,ordered_scattered_channels,top,-2,1,s,8.75,2.1382028615862394e-06,-1.22633882184769e-05,2.344516501375749e-06,9.658174394089149e-07,1.3230814323260728e-05,0.2468359522790033,0.038058427490006326,6.618130403576801e-09,2.745931743859139e-10,6.343537229190887e-09
V9-PHASE-FIT-GN-DIAGNOSTIC-V8-COMMON-WALL,ordered_scattered_channels,top,-2,1,p,8.75,-1.9446989116979497e-05,1.985100578673957e-05,0.00011450210531154583,0.0001433630897223534,0.00018220207127346306,0.2468359522790033,0.038058427490006326,3.298109792167353e-08,1.4377069298335635e-06,1.40472583191189e-06
V9-PHASE-FIT-GN-DIAGNOSTIC-V8-COMMON-WALL,ordered_scattered_channels,top,-1,-1,s,8.75,3.001352038859777e-05,-2.6034701783559116e-05,-0.00016753172947578341,-0.00027805078620911914,0.000320212792613243,0.2468359522790033,0.038058427490006326,5.00120632303869e-08,3.3385088803210597e-06,3.288496817090673e-06
V9-PHASE-FIT-GN-DIAGNOSTIC-V8-COMMON-WALL,ordered_scattered_channels,top,-1,-1,p,8.75,7.806299980695335e-05,-0.0001228195144929969,-0.00012312018254764134,-0.00020515373533901306,0.0002173789244260875,0.2468359522790033,0.038058427490006326,6.709535406650952e-07,1.8136268113864188e-06,1.1426732707213236e-06
V9-PHASE-FIT-GN-DIAGNOSTIC-V8-COMMON-WALL,ordered_scattered_channels,top,-1,0,s,8.75,0.000544722323670334,0.0008839238458343191,-0.0010285581087378939,0.0013279322632823076,0.0016347338602241308,0.2468359522790033,0.038058427490006326,5.350024798320472e-05,0.00014001487940183894,8.651463141863422e-05
V9-PHASE-FIT-GN-DIAGNOSTIC-V8-COMMON-WALL,ordered_scattered_channels,top,-1,0,p,8.75,-4.772674705632495e-05,-0.00013585386607225072,1.0695710033665002e-15,-1.898478834981676e-15,0.00014399345579206617,0.2468359522790033,0.038058427490006326,1.0289752016115014e-06,2.3563986760300565e-28,1.0289752016115014e-06
V9-PHASE-FIT-GN-DIAGNOSTIC-V8-COMMON-WALL,ordered_scattered_channels,top,-1,1,s,8.75,-7.812711644040756e-05,-0.00012119054296122547,-0.00016753172947527734,-0.00027805078621216526,0.0001805500505252181,0.2468359522790033,0.038058427490006326,6.586780960710446e-07,3.338508880369034e-06,2.6798307842979896e-06
V9-PHASE-FIT-GN-DIAGNOSTIC-V8-COMMON-WALL,ordered_scattered_channels,top,-1,1,p,8.75,0.00011316990034344697,0.00028933114798130525,0.00012312018254903858,0.0002051537353391292,8.476346450624876e-05,0.2468359522790033,0.038058427490006326,3.0578417715519874e-06,1.8136268113985115e-06,1.244214960153476e-06
V9-PHASE-FIT-GN-DIAGNOSTIC-V8-COMMON-WALL,ordered_scattered_channels,top,0,0,s,8.75,-0.01934839558190292,0.2090021810989097,-0.01927337511042978,0.20927155222279603,0.0002796227342757382,0.2468359522790033,0.038058427490006326,0.8124123198296915,0.812256818464021,0.00015550136567055173
V9-PHASE-FIT-GN-DIAGNOSTIC-V8-COMMON-WALL,ordered_scattered_channels,top,0,0,p,8.75,0.0007444770954020227,0.008635909736525461,1.1185579377514874e-13,-3.735624544869974e-15,0.008667939958426768,0.2468359522790033,0.038058427490006326,7.513318312295158e-05,1.2563444413870592e-26,7.513318312295158e-05
V9-PHASE-FIT-GN-DIAGNOSTIC-V8-COMMON-WALL,ordered_scattered_channels,bottom,-3,-1,s,-1.25,-5.305366475681344e-07,6.193097355680083e-06,-4.909306826320045e-06,0.00011217325597253238,0.00010607057861976383,0.2468359522790033,0.038058427490006326,1.1694506763046735e-09,3.815929255738811e-07,3.804234748975764e-07
V9-PHASE-FIT-GN-DIAGNOSTIC-V8-COMMON-WALL,ordered_scattered_channels,bottom,-3,-1,p,-1.25,1.2313587609407886e-05,-9.06133840238122e-06,-1.5732873804033325e-06,7.928198517251764e-05,8.942811703956382e-05,0.2468359522790033,0.038058427490006326,7.074721151206804e-09,1.903314808729246e-07,1.832567597217178e-07
V9-PHASE-FIT-GN-DIAGNOSTIC-V8-COMMON-WALL,ordered_scattered_channels,bottom,-3,0,s,-1.25,0.00011141269652635697,5.501103964405509e-06,-0.0004924362020247152,-0.0001736752134377082,0.0006298711336449115,0.2468359522790033,0.038058427490006326,6.028026832010447e-07,1.3208823483228831e-05,1.2606020800027786e-05
V9-PHASE-FIT-GN-DIAGNOSTIC-V8-COMMON-WALL,ordered_scattered_channels,bottom,-3,0,p,-1.25,1.2614158835840412e-05,-6.489757720879328e-05,-1.3274970028758873e-16,2.3198170478591657e-16,6.611212090638565e-05,0.2468359522790033,0.038058427490006326,2.1174368744264052e-07,3.46080831114775e-30,2.1174368744264052e-07
V9-PHASE-FIT-GN-DIAGNOSTIC-V8-COMMON-WALL,ordered_scattered_channels,bottom,-3,1,s,-1.25,2.4944201640474496e-06,3.165632702754709e-06,-4.9093068289528565e-06,0.00011217325597378981,0.00010925876214101455,0.2468359522790033,0.038058427490006326,4.916618819781119e-10,3.8159292558322023e-07,3.8110126370124213e-07
V9-PHASE-FIT-GN-DIAGNOSTIC-V8-COMMON-WALL,ordered_scattered_channels,bottom,-3,1,p,-1.25,-1.1744064355752969e-05,-3.402729279112011e-06,1.5732873796878703e-06,-7.928198517485518e-05,7.703903771814082e-05,0.2468359522790033,0.038058427490006326,4.525186554435522e-09,1.903314808841085e-07,1.85806294329673e-07
V9-PHASE-FIT-GN-DIAGNOSTIC-V8-COMMON-WALL,ordered_scattered_channels,bottom,-2,-1,s,-1.25,2.5819160281875296e-06,-1.3587554024383701e-05,7.745485652971132e-07,2.471734525870588e-06,1.6160672197846333e-05,0.2468359522790033,0.038058427490006326,7.93306716836798e-09,2.7825122930511906e-10,7.65481593906286e-09
V9-PHASE-FIT-GN-DIAGNOSTIC-V8-COMMON-WALL,ordered_scattered_channels,bottom,-2,-1,p,-1.25,-1.3963092005140579e-05,1.3337647022579895e-05,-3.630225008417886e-05,0.00018832341315366003,0.0001764059418845106,0.2468359522790033,0.038058427490006326,1.546323252374619e-08,1.5254830024257906e-06,1.5100197699020443e-06
V9-PHASE-FIT-GN-DIAGNOSTIC-V8-COMMON-WALL,ordered_scattered_channels,bottom,-2,0,s,-1.25,-0.0002611456167231439,5.1411981170432424e-05,-0.00018404130862069833,1.7489532595272983e-05,8.423661226148161e-05,0.2468359522790033,0.038058427490006326,3.979761225194507e-06,1.9200481909981673e-06,2.05971303419634e-06
V9-PHASE-FIT-GN-DIAGNOSTIC-V8-COMMON-WALL,ordered_scattered_channels,bottom,-2,0,p,-1.25,-1.4088040689857582e-06,8.496448223504823e-05,-1.953215047833636e-16,3.0838854490696276e-16,8.49761611884278e-05,0.2468359522790033,0.038058427490006326,4.0566851340955066e-07,7.486128714139298e-30,4.0566851340955066e-07
V9-PHASE-FIT-GN-DIAGNOSTIC-V8-COMMON-WALL,ordered_scattered_channels,bottom,-2,1,s,-1.25,2.4136942821358366e-06,-3.100979318228956e-06,7.745485660026087e-07,2.4717345262717774e-06,5.808781134748327e-06,0.2468359522790033,0.038058427490006326,6.404082893435912e-10,2.7825122943269296e-10,3.621570599108983e-10
V9-PHASE-FIT-GN-DIAGNOSTIC-V8-COMMON-WALL,ordered_scattered_channels,bottom,-2,1,p,-1.25,1.588180203622692e-05,9.531072021822421e-06,3.630225008296777e-05,-0.00018832341315285628,0.00019890548509824156,0.2468359522790033,0.038058427490006326,1.4227876950658116e-08,1.5254830024097482e-06,1.5112551254590902e-06
V9-PHASE-FIT-GN-DIAGNOSTIC-V8-COMMON-WALL,ordered_scattered_channels,bottom,-1,-1,s,-1.25,-4.556914481361637e-05,6.736479743541231e-05,-0.00033718347041335536,-1.666806024013619e-05,0.00030348053654906696,0.2468359522790033,0.038058427490006326,2.0031924281419765e-07,3.4515489579344382e-06,3.2512297151202404e-06
V9-PHASE-FIT-GN-DIAGNOSTIC-V8-COMMON-WALL,ordered_scattered_channels,bottom,-1,-1,p,-1.25,6.928333379579326e-05,-8.10624718263363e-05,0.00024799923661753275,8.609260274615205e-06,0.00019995097764045628,0.2468359522790033,0.038058427490006326,3.443751583285065e-07,1.8648558637476027e-06,1.5204807054190961e-06
V9-PHASE-FIT-GN-DIAGNOSTIC-V8-COMMON-WALL,ordered_scattered_channels,bottom,-1,0,s,-1.25,-0.0015400341305689543,9.740202879222931e-06,-0.0011348134234954131,-0.00088619762079417,0.0009833150081890321,0.2468359522790033,0.038058427490006326,0.00011492576454211072,0.00010045454435778903,1.4471220184321694e-05
V9-PHASE-FIT-GN-DIAGNOSTIC-V8-COMMON-WALL,ordered_scattered_channels,bottom,-1,0,p,-1.25,-5.450311275550155e-05,0.0001605322534341542,-4.465027736885759e-16,-2.0865938982257457e-16,0.0001695322792057747,0.2468359522790033,0.038058427490006326,1.3926569129480152e-06,1.1769907587313279e-29,1.3926569129480152e-06
V9-PHASE-FIT-GN-DIAGNOSTIC-V8-COMMON-WALL,ordered_scattered_channels,bottom,-1,1,s,-1.25,-3.5481852603892274e-05,-4.8740859651118096e-05,-0.00033718347041209747,-1.666806024128843e-05,0.0003034015996168634,0.2468359522790033,0.038058427490006326,1.1007333290574929e-07,3.4515489579099395e-06,3.3414756250041904e-06
V9-PHASE-FIT-GN-DIAGNOSTIC-V8-COMMON-WALL,ordered_scattered_channels,bottom,-1,1,p,-1.25,-4.116064531848318e-05,-0.00014192807218847006,-0.00024799923661679776,-8.609260275598644e-06,0.0002460815077573502,0.2468359522790033,0.038058427490006326,6.613478326359632e-07,1.8648558637369045e-06,1.2035080311009414e-06
V9-PHASE-FIT-GN-DIAGNOSTIC-V8-COMMON-WALL,ordered_scattered_channels,bottom,0,0,s,-1.25,-0.041856869020664364,0.12201345946068946,-0.041607545586981674,0.12257388541158544,0.0006133835839187301,0.2468359522790033,0.038058427490006326,0.032484816626014185,0.032331984498269135,0.00015283212774504923
V9-PHASE-FIT-GN-DIAGNOSTIC-V8-COMMON-WALL,ordered_scattered_channels,bottom,0,0,p,-1.25,8.904252534745505e-05,0.0027499625703295946,2.6658179463359154e-15,5.966790876859179e-15,0.002751403770714272,0.2468359522790033,0.038058427490006326,1.1409576108917923e-05,5.820430999983165e-29,1.1409576108917923e-05
V9-PHASE-FIT-GN-DIAGNOSTIC,ordered_total_channels,top,-3,-1,s,8.75,-9.038831828822276e-06,-1.3818296748520742e-05,-9.195140170809825e-05,5.576925993858354e-05,0.00010824473331144926,0.4382342339399896,0.013575254685500499,8.633369208708454e-09,3.662159813318062e-07,3.575826121230977e-07
V9-PHASE-FIT-GN-DIAGNOSTIC,ordered_total_channels,top,-3,-1,p,8.75,-9.0157089932982e-06,2.4445931810267395e-05,6.491873565175626e-05,-4.0080513039853855e-05,9.813238094517203e-05,0.4382342339399896,0.013575254685500499,2.1497042912788748e-08,1.843193233752179e-07,1.6282228046242915e-07
V9-PHASE-FIT-GN-DIAGNOSTIC,ordered_total_channels,top,-3,0,s,8.75,-1.9376687107843237e-05,-1.4419591906718783e-06,-0.0001921902009470994,0.00048817928501632254,0.0005192239144572176,0.4382342339399896,0.013575254685500499,1.873219681748295e-08,1.365740342110789e-05,1.3638671224290407e-05
V9-PHASE-FIT-GN-DIAGNOSTIC,ordered_total_channels,top,-3,0,p,8.75,-1.7851600433214645e-05,4.784470230293831e-06,1.2553482268998042e-15,3.668039838538298e-15,1.848163394890825e-05,0.4382342339399896,0.013575254685500499,1.694774550551858e-08,7.457653301374714e-28,1.694774550551858e-08
V9-PHASE-FIT-GN-DIAGNOSTIC,ordered_total_channels,top,-3,1,s,8.75,-1.2025075278023751e-05,1.649277947436818e-05,-9.195140170915746e-05,5.576925994137385e-05,8.905537364275792e-05,0.4382342339399896,0.013575254685500499,1.319214973135452e-08,3.6621598134782935e-07,3.530238316164748e-07
V9-PHASE-FIT-GN-DIAGNOSTIC,ordered_total_channels,top,-3,1,p,8.75,-1.230988120446369e-05,4.886790834029347e-05,-6.491873565012055e-05,4.0080513039672495e-05,5.333769663431001e-05,0.4382342339399896,0.013575254685500499,8.041698302526655e-08,1.843193233680326e-07,1.0390234034276605e-07
V9-PHASE-FIT-GN-DIAGNOSTIC,ordered_total_channels,top,-2,-1,s,8.75,-3.970179452526416e-06,-1.5238342411164271e-05,2.344516502433825e-06,9.65817440460633e-07,1.739109489079407e-05,0.4382342339399896,0.013575254685500499,1.059025746827271e-08,2.745931746845648e-10,1.0315664293588146e-08
V9-PHASE-FIT-GN-DIAGNOSTIC,ordered_total_channels,top,-2,-1,p,8.75,-2.9555136610816864e-05,2.019835935165104e-05,-0.00011450210530953003,-0.00014336308972240936,0.00018430500566806807,0.4382342339399896,0.013575254685500499,5.472933758621716e-08,1.437706929814518e-06,1.3829775922283008e-06
V9-PHASE-FIT-GN-DIAGNOSTIC,ordered_total_channels,top,-2,0,s,8.75,-4.943035891661341e-06,-5.411335860385595e-05,0.00016425932553326252,-5.6207388544626634e-05,0.00016921531867169535,0.4382342339399896,0.013575254685500499,1.69185215779845e-07,1.7270051732052553e-06,1.5578199574254102e-06
V9-PHASE-FIT-GN-DIAGNOSTIC,ordered_total_channels,top,-2,0,p,8.75,-3.5349541731686444e-06,-3.3503383995778684e-05,-1.731002669799771e-16,1.1404235647096274e-15,3.368935499902297e-05,0.4382342339399896,0.013575254685500499,6.503244300949386e-08,7.623760074136061e-29,6.503244300949386e-08
V9-PHASE-FIT-GN-DIAGNOSTIC,ordered_total_channels,top,-2,1,s,8.75,-9.765696980798615e-07,-1.0486157859017297e-05,2.3445165013757525e-06,9.658174394089157e-07,1.1923814481112103e-05,0.4382342339399896,0.013575254685500499,4.736871853530746e-09,2.745931743859139e-10,4.462278679144832e-09
V9-PHASE-FIT-GN-DIAGNOSTIC,ordered_total_channels,top,-2,1,p,8.75,-7.659691369978868e-05,1.5010062697721364e-05,0.0001145021053115565,0.0001433630897223461,0.00023020281191480374,0.4382342339399896,0.013575254685500499,2.601932689572728e-07,1.4377069298335635e-06,1.1775136608762907e-06
V9-PHASE-FIT-GN-DIAGNOSTIC,ordered_total_channels,top,-1,-1,s,8.75,-2.7297904514307888e-05,2.5756728471140264e-05,-0.0001675317294758279,-0.0002780507862091289,0.00033461101541871005,0.4382342339399896,0.013575254685500499,4.462527649323131e-08,3.3385088803210597e-06,3.2938836038278284e-06
V9-PHASE-FIT-GN-DIAGNOSTIC,ordered_total_channels,top,-1,-1,p,8.75,3.168776745206169e-05,8.741735274325098e-05,-0.00012312018254765662,-0.00020515373533905003,0.0003310035392027959,0.4382342339399896,0.013575254685500499,2.7391044039555867e-07,1.8136268113864188e-06,1.5397163709908601e-06
V9-PHASE-FIT-GN-DIAGNOSTIC,ordered_total_channels,top,-1,0,s,8.75,0.00029141793288419706,-6.806063836446664e-05,-0.0010285581087383054,0.0013279322632824794,0.001921232138994679,0.4382342339399896,0.013575254685500499,4.444442555532631e-06,0.00014001487940183894,0.0001355704368463063
V9-PHASE-FIT-GN-DIAGNOSTIC,ordered_total_channels,top,-1,0,p,8.75,0.0001524167195292985,-2.4770447626991827e-05,1.0695710033665002e-15,-1.898478834981676e-15,0.00015441642227203133,0.4382342339399896,0.013575254685500499,1.1833313506926322e-06,2.3563986760300565e-28,1.1833313506926322e-06
V9-PHASE-FIT-GN-DIAGNOSTIC,ordered_total_channels,top,-1,1,s,8.75,5.192695481835473e-06,-0.00011568733746405006,-0.0001675317294752791,-0.00027805078621218255,0.0002370561462315486,0.4382342339399896,0.013575254685500499,4.2485792136096646e-07,3.338508880369034e-06,2.9136509590080674e-06
V9-PHASE-FIT-GN-DIAGNOSTIC,ordered_total_channels,top,-1,1,p,8.75,-0.00010710331627278386,0.00025399896445123515,0.00012312018254904267,0.00020515373533914856,0.00023534807374774876,0.4382342339399896,0.013575254685500499,2.407326229610012e-06,1.8136268113985115e-06,5.936994182115005e-07
V9-PHASE-FIT-GN-DIAGNOSTIC,ordered_total_channels,top,0,0,s,8.75,0.027842412934813043,-0.4116290482796381,0.026785429987131376,-0.4121567714282053,0.0011813994554017277,0.4382342339399896,0.013575254685500499,0.8103148624162444,0.812256818464021,0.001941956047776583
V9-PHASE-FIT-GN-DIAGNOSTIC,ordered_total_channels,top,0,0,p,8.75,-0.004650984468769357,0.0003412966970159046,1.1196540890151039e-13,-5.214558791588342e-15,0.004663490105615407,0.4382342339399896,0.013575254685500499,2.174813996412296e-05,1.2563444413870592e-26,2.174813996412296e-05
V9-PHASE-FIT-GN-DIAGNOSTIC,ordered_total_channels,bottom,-3,-1,s,-1.25,-2.0411539599472897e-05,-2.2515542131546902e-06,-4.909306826319978e-06,0.00011217325597253058,0.00011547015374971629,0.4382342339399896,0.013575254685500499,1.2764231313395588e-08,3.815929255738811e-07,3.6882869426048553e-07
V9-PHASE-FIT-GN-DIAGNOSTIC,ordered_total_channels,bottom,-3,-1,p,-1.25,-1.014982089839026e-06,-4.222151754647349e-06,-1.5732873803997091e-06,7.928198517251047e-05,8.350600330962434e-05,0.4382342339399896,0.013575254685500499,5.707652758354823e-10,1.903314808729246e-07,1.8976071559708911e-07
V9-PHASE-FIT-GN-DIAGNOSTIC,ordered_total_channels,bottom,-3,0,s,-1.25,5.296657583006932e-05,-3.342580504143653e-05,-0.0004924362020247129,-0.0001736752134376343,0.0005631465942782539,0.4382342339399896,0.013575254685500499,1.9003697292379669e-07,1.3208823483228831e-05,1.3018786510305035e-05
V9-PHASE-FIT-GN-DIAGNOSTIC,ordered_total_channels,bottom,-3,0,p,-1.25,2.4468453793470486e-05,2.9015935917876696e-05,-1.3274970028758873e-16,2.3198170478591657e-16,3.795562893994198e-05,0.4382342339399896,0.013575254685500499,6.979120180111104e-08,3.46080831114775e-30,6.979120180111104e-08
V9-PHASE-FIT-GN-DIAGNOSTIC,ordered_total_channels,bottom,-3,1,s,-1.25,1.1007957423785989e-05,1.6767541931674002e-05,-4.909306828951654e-06,0.00011217325597379069,9.672440009210511e-05,0.4382342339399896,0.013575254685500499,1.217778387656343e-08,3.8159292558322023e-07,3.694151417066568e-07
V9-PHASE-FIT-GN-DIAGNOSTIC,ordered_total_channels,bottom,-3,1,p,-1.25,-2.7969427256702653e-05,-1.063118988451923e-05,1.5732873796791848e-06,-7.9281985174855e-05,7.473756540109049e-05,0.4382342339399896,0.013575254685500499,2.7099704518186192e-08,1.903314808841085e-07,1.632317763659223e-07
V9-PHASE-FIT-GN-DIAGNOSTIC,ordered_total_channels,bottom,-2,-1,s,-1.25,2.2729225228502964e-05,-7.6118175323633e-06,7.745485652971132e-07,2.4717345258705883e-06,2.4159591252689447e-05,0.4382342339399896,0.013575254685500499,2.3827970598374667e-08,2.7825122930511906e-10,2.354971936906955e-08
V9-PHASE-FIT-GN-DIAGNOSTIC,ordered_total_channels,bottom,-2,-1,p,-1.25,1.7618314343606794e-05,-2.759762537525608e-07,-3.630225008417201e-05,0.0001883234131536643,0.00019615595059304397,0.4382342339399896,0.013575254685500499,1.2876233846349809e-08,1.5254830024257906e-06,1.5126067685794408e-06
V9-PHASE-FIT-GN-DIAGNOSTIC,ordered_total_channels,bottom,-2,0,s,-1.25,-8.782008475062646e-05,8.014069689043257e-05,-0.00018404130862068258,1.7489532595230964e-05,0.00011482026088890324,0.4382342339399896,0.013575254685500499,7.940900999655556e-07,1.9200481909981673e-06,1.1259580910326116e-06
V9-PHASE-FIT-GN-DIAGNOSTIC,ordered_total_channels,bottom,-2,0,p,-1.25,-3.677731455225467e-05,-2.0364392155287176e-05,-1.953215047833636e-16,3.0838854490696276e-16,4.203902155769088e-05,0.4382342339399896,0.013575254685500499,9.928468989858458e-08,7.486128714139298e-30,9.928468989858458e-08
V9-PHASE-FIT-GN-DIAGNOSTIC,ordered_total_channels,bottom,-2,1,s,-1.25,-3.440902721047875e-06,-1.475088157208591e-05,7.745485660026084e-07,2.4717345262717786e-06,1.7731004901722434e-05,0.4382342339399896,0.013575254685500499,9.514820969961519e-09,2.7825122943269296e-10,9.236569740528826e-09
V9-PHASE-FIT-GN-DIAGNOSTIC,ordered_total_channels,bottom,-2,1,p,-1.25,4.182506406729414e-05,1.646890733787675e-05,3.630225008297548e-05,-0.00018832341315286793,0.00020486677623833804,0.4382342339399896,0.013575254685500499,8.379643483822987e-08,1.5254830024097482e-06,1.4416865675715183e-06
V9-PHASE-FIT-GN-DIAGNOSTIC,ordered_total_channels,bottom,-1,-1,s,-1.25,-5.0887482011704e-05,1.283851061670307e-05,-0.00033718347041335526,-1.6668060240140516e-05,0.00028781249225599706,0.4382342339399896,0.013575254685500499,8.34147253090809e-08,3.4515489579344382e-06,3.3681342326253573e-06
V9-PHASE-FIT-GN-DIAGNOSTIC,ordered_total_channels,bottom,-1,-1,p,-1.25,-2.3126232838539175e-05,-1.134135085392977e-05,0.0002479992366175502,8.609260274623294e-06,0.000271858505609421,0.4382342339399896,0.013575254685500499,2.0092269186425535e-08,1.8648558637476027e-06,1.844763594561177e-06
V9-PHASE-FIT-GN-DIAGNOSTIC,ordered_total_channels,bottom,-1,0,s,-1.25,-0.0004132437212374242,0.00023497009277075747,-0.0011348134234953988,-0.0008861976207941805,0.0013332966200951283,0.4382342339399896,0.013575254685500499,1.094994340081748e-05,0.00010045454435778903,8.950460095697154e-05
V9-PHASE-FIT-GN-DIAGNOSTIC,ordered_total_channels,bottom,-1,0,p,-1.25,-7.343639084795955e-05,1.593815259379526e-05,-4.465027736885759e-16,-2.0865938982257457e-16,7.514604586282935e-05,0.4382342339399896,0.013575254685500499,2.736223725118067e-07,1.1769907587313279e-29,2.736223725118067e-07
V9-PHASE-FIT-GN-DIAGNOSTIC,ordered_total_channels,bottom,-1,1,s,-1.25,-3.040251073515768e-05,-1.8064488561281328e-06,-0.00033718347041209904,-1.6668060241286416e-05,0.00030714072460888116,0.4382342339399896,0.013575254685500499,2.8091244766793508e-08,3.4515489579099395e-06,3.423457713143146e-06
V9-PHASE-FIT-GN-DIAGNOSTIC,ordered_total_channels,bottom,-1,1,p,-1.25,-5.158494090841211e-05,-0.00010432505064522516,-0.000247999236616804,-8.609260275602887e-06,0.00021849505276940503,0.4382342339399896,0.013575254685500499,4.1019619338029605e-07,1.8648558637369045e-06,1.4546596703566083e-06
V9-PHASE-FIT-GN-DIAGNOSTIC,ordered_total_channels,bottom,0,0,s,-1.25,0.07746578711309576,-0.12397933377174461,0.07718950242782177,-0.12447475436113979,0.0005672519614012966,0.4382342339399896,0.013575254685500499,0.03221086812710116,0.032331984498269135,0.0001211163711679758
V9-PHASE-FIT-GN-DIAGNOSTIC,ordered_total_channels,bottom,0,0,p,-1.25,0.0021602169837023144,-0.0005104300290385641,2.4167599005431038e-15,5.725178855579965e-15,0.0022197018338541864,0.4382342339399896,0.013575254685500499,7.425917758503885e-06,5.820430999983165e-29,7.425917758503885e-06
V9-PHASE-FIT-GN-DIAGNOSTIC,ordered_outgoing_channels,top,-3,-1,s,8.75,-9.038831828822276e-06,-1.3818296748520742e-05,-9.195140170809825e-05,5.576925993858354e-05,0.00010824473331144926,0.9130801710515086,0.006515464387743185,8.633369208708454e-09,3.662159813318062e-07,3.575826121230977e-07
V9-PHASE-FIT-GN-DIAGNOSTIC,ordered_outgoing_channels,top,-3,-1,p,8.75,-9.0157089932982e-06,2.4445931810267395e-05,6.491873565175626e-05,-4.0080513039853855e-05,9.813238094517203e-05,0.9130801710515086,0.006515464387743185,2.1497042912788748e-08,1.843193233752179e-07,1.6282228046242915e-07
V9-PHASE-FIT-GN-DIAGNOSTIC,ordered_outgoing_channels,top,-3,0,s,8.75,-1.9376687107843237e-05,-1.4419591906718783e-06,-0.0001921902009470994,0.00048817928501632254,0.0005192239144572176,0.9130801710515086,0.006515464387743185,1.873219681748295e-08,1.365740342110789e-05,1.3638671224290407e-05
V9-PHASE-FIT-GN-DIAGNOSTIC,ordered_outgoing_channels,top,-3,0,p,8.75,-1.7851600433214645e-05,4.784470230293831e-06,1.2553482268998042e-15,3.668039838538298e-15,1.848163394890825e-05,0.9130801710515086,0.006515464387743185,1.694774550551858e-08,7.457653301374714e-28,1.694774550551858e-08
V9-PHASE-FIT-GN-DIAGNOSTIC,ordered_outgoing_channels,top,-3,1,s,8.75,-1.2025075278023751e-05,1.649277947436818e-05,-9.195140170915746e-05,5.576925994137385e-05,8.905537364275792e-05,0.9130801710515086,0.006515464387743185,1.319214973135452e-08,3.6621598134782935e-07,3.530238316164748e-07
V9-PHASE-FIT-GN-DIAGNOSTIC,ordered_outgoing_channels,top,-3,1,p,8.75,-1.230988120446369e-05,4.886790834029347e-05,-6.491873565012055e-05,4.0080513039672495e-05,5.333769663431001e-05,0.9130801710515086,0.006515464387743185,8.041698302526655e-08,1.843193233680326e-07,1.0390234034276605e-07
V9-PHASE-FIT-GN-DIAGNOSTIC,ordered_outgoing_channels,top,-2,-1,s,8.75,-3.970179452526416e-06,-1.5238342411164271e-05,2.344516502433825e-06,9.65817440460633e-07,1.739109489079407e-05,0.9130801710515086,0.006515464387743185,1.059025746827271e-08,2.745931746845648e-10,1.0315664293588146e-08
V9-PHASE-FIT-GN-DIAGNOSTIC,ordered_outgoing_channels,top,-2,-1,p,8.75,-2.9555136610816864e-05,2.019835935165104e-05,-0.00011450210530953003,-0.00014336308972240936,0.00018430500566806807,0.9130801710515086,0.006515464387743185,5.472933758621716e-08,1.437706929814518e-06,1.3829775922283008e-06
V9-PHASE-FIT-GN-DIAGNOSTIC,ordered_outgoing_channels,top,-2,0,s,8.75,-4.943035891661341e-06,-5.411335860385595e-05,0.00016425932553326252,-5.6207388544626634e-05,0.00016921531867169535,0.9130801710515086,0.006515464387743185,1.69185215779845e-07,1.7270051732052553e-06,1.5578199574254102e-06
V9-PHASE-FIT-GN-DIAGNOSTIC,ordered_outgoing_channels,top,-2,0,p,8.75,-3.5349541731686444e-06,-3.3503383995778684e-05,-1.731002669799771e-16,1.1404235647096274e-15,3.368935499902297e-05,0.9130801710515086,0.006515464387743185,6.503244300949386e-08,7.623760074136061e-29,6.503244300949386e-08
V9-PHASE-FIT-GN-DIAGNOSTIC,ordered_outgoing_channels,top,-2,1,s,8.75,-9.765696980798615e-07,-1.0486157859017297e-05,2.3445165013757525e-06,9.658174394089157e-07,1.1923814481112103e-05,0.9130801710515086,0.006515464387743185,4.736871853530746e-09,2.745931743859139e-10,4.462278679144832e-09
V9-PHASE-FIT-GN-DIAGNOSTIC,ordered_outgoing_channels,top,-2,1,p,8.75,-7.659691369978868e-05,1.5010062697721364e-05,0.0001145021053115565,0.0001433630897223461,0.00023020281191480374,0.9130801710515086,0.006515464387743185,2.601932689572728e-07,1.4377069298335635e-06,1.1775136608762907e-06
V9-PHASE-FIT-GN-DIAGNOSTIC,ordered_outgoing_channels,top,-1,-1,s,8.75,-2.7297904514307888e-05,2.5756728471140264e-05,-0.0001675317294758279,-0.0002780507862091289,0.00033461101541871005,0.9130801710515086,0.006515464387743185,4.462527649323131e-08,3.3385088803210597e-06,3.2938836038278284e-06
V9-PHASE-FIT-GN-DIAGNOSTIC,ordered_outgoing_channels,top,-1,-1,p,8.75,3.168776745206169e-05,8.741735274325098e-05,-0.00012312018254765662,-0.00020515373533905003,0.0003310035392027959,0.9130801710515086,0.006515464387743185,2.7391044039555867e-07,1.8136268113864188e-06,1.5397163709908601e-06
V9-PHASE-FIT-GN-DIAGNOSTIC,ordered_outgoing_channels,top,-1,0,s,8.75,0.00029141793288419706,-6.806063836446664e-05,-0.0010285581087383054,0.0013279322632824794,0.001921232138994679,0.9130801710515086,0.006515464387743185,4.444442555532631e-06,0.00014001487940183894,0.0001355704368463063
V9-PHASE-FIT-GN-DIAGNOSTIC,ordered_outgoing_channels,top,-1,0,p,8.75,0.0001524167195292985,-2.4770447626991827e-05,1.0695710033665002e-15,-1.898478834981676e-15,0.00015441642227203133,0.9130801710515086,0.006515464387743185,1.1833313506926322e-06,2.3563986760300565e-28,1.1833313506926322e-06
V9-PHASE-FIT-GN-DIAGNOSTIC,ordered_outgoing_channels,top,-1,1,s,8.75,5.192695481835473e-06,-0.00011568733746405006,-0.0001675317294752791,-0.00027805078621218255,0.0002370561462315486,0.9130801710515086,0.006515464387743185,4.2485792136096646e-07,3.338508880369034e-06,2.9136509590080674e-06
V9-PHASE-FIT-GN-DIAGNOSTIC,ordered_outgoing_channels,top,-1,1,p,8.75,-0.00010710331627278386,0.00025399896445123515,0.00012312018254904267,0.00020515373533914856,0.00023534807374774876,0.9130801710515086,0.006515464387743185,2.407326229610012e-06,1.8136268113985115e-06,5.936994182115005e-07
V9-PHASE-FIT-GN-DIAGNOSTIC,ordered_outgoing_channels,top,0,0,s,8.75,-0.8994065988395676,-0.037183765009258574,-0.9004635817872493,-0.03771148815782577,0.001181399455401703,0.9130801710515086,0.006515464387743185,0.8103148624162444,0.812256818464021,0.001941956047776583
V9-PHASE-FIT-GN-DIAGNOSTIC,ordered_outgoing_channels,top,0,0,p,8.75,-0.004650984468769357,0.0003412966970159046,1.1196540890151039e-13,-5.214558791588342e-15,0.004663490105615407,0.9130801710515086,0.006515464387743185,2.174813996412296e-05,1.2563444413870592e-26,2.174813996412296e-05
V9-PHASE-FIT-GN-DIAGNOSTIC,ordered_outgoing_channels,bottom,-3,-1,s,-1.25,-2.0411539599472897e-05,-2.2515542131546902e-06,-4.909306826319978e-06,0.00011217325597253058,0.00011547015374971629,0.9130801710515086,0.006515464387743185,1.2764231313395588e-08,3.815929255738811e-07,3.6882869426048553e-07
V9-PHASE-FIT-GN-DIAGNOSTIC,ordered_outgoing_channels,bottom,-3,-1,p,-1.25,-1.014982089839026e-06,-4.222151754647349e-06,-1.5732873803997091e-06,7.928198517251047e-05,8.350600330962434e-05,0.9130801710515086,0.006515464387743185,5.707652758354823e-10,1.903314808729246e-07,1.8976071559708911e-07
V9-PHASE-FIT-GN-DIAGNOSTIC,ordered_outgoing_channels,bottom,-3,0,s,-1.25,5.296657583006932e-05,-3.342580504143653e-05,-0.0004924362020247129,-0.0001736752134376343,0.0005631465942782539,0.9130801710515086,0.006515464387743185,1.9003697292379669e-07,1.3208823483228831e-05,1.3018786510305035e-05
V9-PHASE-FIT-GN-DIAGNOSTIC,ordered_outgoing_channels,bottom,-3,0,p,-1.25,2.4468453793470486e-05,2.9015935917876696e-05,-1.3274970028758873e-16,2.3198170478591657e-16,3.795562893994198e-05,0.9130801710515086,0.006515464387743185,6.979120180111104e-08,3.46080831114775e-30,6.979120180111104e-08
V9-PHASE-FIT-GN-DIAGNOSTIC,ordered_outgoing_channels,bottom,-3,1,s,-1.25,1.1007957423785989e-05,1.6767541931674002e-05,-4.909306828951654e-06,0.00011217325597379069,9.672440009210511e-05,0.9130801710515086,0.006515464387743185,1.217778387656343e-08,3.8159292558322023e-07,3.694151417066568e-07
V9-PHASE-FIT-GN-DIAGNOSTIC,ordered_outgoing_channels,bottom,-3,1,p,-1.25,-2.7969427256702653e-05,-1.063118988451923e-05,1.5732873796791848e-06,-7.9281985174855e-05,7.473756540109049e-05,0.9130801710515086,0.006515464387743185,2.7099704518186192e-08,1.903314808841085e-07,1.632317763659223e-07
V9-PHASE-FIT-GN-DIAGNOSTIC,ordered_outgoing_channels,bottom,-2,-1,s,-1.25,2.2729225228502964e-05,-7.6118175323633e-06,7.745485652971132e-07,2.4717345258705883e-06,2.4159591252689447e-05,0.9130801710515086,0.006515464387743185,2.3827970598374667e-08,2.7825122930511906e-10,2.354971936906955e-08
V9-PHASE-FIT-GN-DIAGNOSTIC,ordered_outgoing_channels,bottom,-2,-1,p,-1.25,1.7618314343606794e-05,-2.759762537525608e-07,-3.630225008417201e-05,0.0001883234131536643,0.00019615595059304397,0.9130801710515086,0.006515464387743185,1.2876233846349809e-08,1.5254830024257906e-06,1.5126067685794408e-06
V9-PHASE-FIT-GN-DIAGNOSTIC,ordered_outgoing_channels,bottom,-2,0,s,-1.25,-8.782008475062646e-05,8.014069689043257e-05,-0.00018404130862068258,1.7489532595230964e-05,0.00011482026088890324,0.9130801710515086,0.006515464387743185,7.940900999655556e-07,1.9200481909981673e-06,1.1259580910326116e-06
V9-PHASE-FIT-GN-DIAGNOSTIC,ordered_outgoing_channels,bottom,-2,0,p,-1.25,-3.677731455225467e-05,-2.0364392155287176e-05,-1.953215047833636e-16,3.0838854490696276e-16,4.203902155769088e-05,0.9130801710515086,0.006515464387743185,9.928468989858458e-08,7.486128714139298e-30,9.928468989858458e-08
V9-PHASE-FIT-GN-DIAGNOSTIC,ordered_outgoing_channels,bottom,-2,1,s,-1.25,-3.440902721047875e-06,-1.475088157208591e-05,7.745485660026084e-07,2.4717345262717786e-06,1.7731004901722434e-05,0.9130801710515086,0.006515464387743185,9.514820969961519e-09,2.7825122943269296e-10,9.236569740528826e-09
V9-PHASE-FIT-GN-DIAGNOSTIC,ordered_outgoing_channels,bottom,-2,1,p,-1.25,4.182506406729414e-05,1.646890733787675e-05,3.630225008297548e-05,-0.00018832341315286793,0.00020486677623833804,0.9130801710515086,0.006515464387743185,8.379643483822987e-08,1.5254830024097482e-06,1.4416865675715183e-06
V9-PHASE-FIT-GN-DIAGNOSTIC,ordered_outgoing_channels,bottom,-1,-1,s,-1.25,-5.0887482011704e-05,1.283851061670307e-05,-0.00033718347041335526,-1.6668060240140516e-05,0.00028781249225599706,0.9130801710515086,0.006515464387743185,8.34147253090809e-08,3.4515489579344382e-06,3.3681342326253573e-06
V9-PHASE-FIT-GN-DIAGNOSTIC,ordered_outgoing_channels,bottom,-1,-1,p,-1.25,-2.3126232838539175e-05,-1.134135085392977e-05,0.0002479992366175502,8.609260274623294e-06,0.000271858505609421,0.9130801710515086,0.006515464387743185,2.0092269186425535e-08,1.8648558637476027e-06,1.844763594561177e-06
V9-PHASE-FIT-GN-DIAGNOSTIC,ordered_outgoing_channels,bottom,-1,0,s,-1.25,-0.0004132437212374242,0.00023497009277075747,-0.0011348134234953988,-0.0008861976207941805,0.0013332966200951283,0.9130801710515086,0.006515464387743185,1.094994340081748e-05,0.00010045454435778903,8.950460095697154e-05
V9-PHASE-FIT-GN-DIAGNOSTIC,ordered_outgoing_channels,bottom,-1,0,p,-1.25,-7.343639084795955e-05,1.593815259379526e-05,-4.465027736885759e-16,-2.0865938982257457e-16,7.514604586282935e-05,0.9130801710515086,0.006515464387743185,2.736223725118067e-07,1.1769907587313279e-29,2.736223725118067e-07
V9-PHASE-FIT-GN-DIAGNOSTIC,ordered_outgoing_channels,bottom,-1,1,s,-1.25,-3.040251073515768e-05,-1.8064488561281328e-06,-0.00033718347041209904,-1.6668060241286416e-05,0.00030714072460888116,0.9130801710515086,0.006515464387743185,2.8091244766793508e-08,3.4515489579099395e-06,3.423457713143146e-06
V9-PHASE-FIT-GN-DIAGNOSTIC,ordered_outgoing_channels,bottom,-1,1,p,-1.25,-5.158494090841211e-05,-0.00010432505064522516,-0.000247999236616804,-8.609260275602887e-06,0.00021849505276940503,0.9130801710515086,0.006515464387743185,4.1019619338029605e-07,1.8648558637369045e-06,1.4546596703566083e-06
V9-PHASE-FIT-GN-DIAGNOSTIC,ordered_outgoing_channels,bottom,0,0,s,-1.25,0.07746578711309576,-0.12397933377174461,0.07718950242782177,-0.12447475436113979,0.0005672519614012966,0.9130801710515086,0.006515464387743185,0.03221086812710116,0.032331984498269135,0.0001211163711679758
V9-PHASE-FIT-GN-DIAGNOSTIC,ordered_outgoing_channels,bottom,0,0,p,-1.25,0.0021602169837023144,-0.0005104300290385641,2.4167599005431038e-15,5.725178855579965e-15,0.0022197018338541864,0.9130801710515086,0.006515464387743185,7.425917758503885e-06,5.820430999983165e-29,7.425917758503885e-06
V9-PHASE-FIT-GN-DIAGNOSTIC,ordered_boundary_outgoing_channels,top,-3,-1,s,8.75,-1.168200173188893e-05,-1.1669474769502422e-05,-7.855082196187339e-05,7.345092919286605e-05,0.00010824473331144927,0.9095181214967073,0.006388446672463406,8.633369208708454e-09,3.662159813318062e-07,3.575826121230977e-07
V9-PHASE-FIT-GN-DIAGNOSTIC,ordered_boundary_outgoing_channels,top,-3,-1,p,8.75,-3.807547429862434e-06,2.577574777370056e-05,5.531274235513715e-05,-5.254893240889601e-05,9.813238094517203e-05,0.9095181214967073,0.006388446672463406,2.1497042912788748e-08,1.843193233752179e-07,1.6282228046242915e-07
V9-PHASE-FIT-GN-DIAGNOSTIC,ordered_boundary_outgoing_channels,top,-3,0,s,8.75,1.914693741721915e-05,3.306060665492202e-06,0.0002384264874377627,-0.00046734237743567054,0.0005192239144572177,0.9095181214967073,0.006388446672463406,1.873219681748295e-08,1.365740342110789e-05,1.3638671224290407e-05
V9-PHASE-FIT-GN-DIAGNOSTIC,ordered_boundary_outgoing_channels,top,-3,0,p,8.75,1.8230143788085286e-05,-3.0385277483433745e-06,-8.953304260694988e-16,-3.7721080122444466e-15,1.848163394890825e-05,0.9095181214967073,0.006388446672463406,1.694774550551858e-08,7.457653301374714e-28,1.694774550551858e-08
V9-PHASE-FIT-GN-DIAGNOSTIC,ordered_boundary_outgoing_channels,top,-3,1,s,8.75,-8.384862177166535e-06,1.8609360453873757e-05,-7.855082196233748e-05,7.345092919581435e-05,8.905537364275791e-05,0.9095181214967073,0.006388446672463406,1.319214973135452e-08,3.6621598134782935e-07,3.530238316164748e-07
V9-PHASE-FIT-GN-DIAGNOSTIC,ordered_boundary_outgoing_channels,top,-3,1,p,8.75,-2.0202277705125145e-06,5.035399011576523e-05,-5.5312742353573465e-05,5.2548932408382856e-05,5.333769663431001e-05,0.9095181214967073,0.006388446672463406,8.041698302526655e-08,1.843193233680326e-07,1.0390234034276605e-07
V9-PHASE-FIT-GN-DIAGNOSTIC,ordered_boundary_outgoing_channels,top,-2,-1,s,8.75,1.5687811435902852e-05,1.3645426621056417e-06,-1.6954805776036832e-06,1.8854459868824524e-06,1.739109489079407e-05,0.9095181214967073,0.006388446672463406,1.059025746827271e-08,2.745931746845648e-10,1.0315664293588146e-08
V9-PHASE-FIT-GN-DIAGNOSTIC,ordered_boundary_outgoing_channels,top,-2,-1,p,8.75,-9.129245917311529e-06,-3.461411113352078e-05,0.00017343931198744156,-5.9854094867379096e-05,0.0001843050056680681,0.9095181214967073,0.006388446672463406,5.472933758621716e-08,1.437706929814518e-06,1.3829775922283008e-06
V9-PHASE-FIT-GN-DIAGNOSTIC,ordered_boundary_outgoing_channels,top,-2,0,s,8.75,-5.4113357973465786e-05,4.943042792785571e-06,-5.6207409492762594e-05,-0.00016425931836508344,0.00016921531867169535,0.9095181214967073,0.006388446672463406,1.69185215779845e-07,1.7270051732052553e-06,1.5578199574254102e-06
V9-PHASE-FIT-GN-DIAGNOSTIC,ordered_boundary_outgoing_channels,top,-2,0,p,8.75,-3.3503383544962596e-05,3.5349584458846767e-06,1.1404235867852477e-15,1.7310012154075433e-16,3.368935499902297e-05,0.9095181214967073,0.006388446672463406,6.503244300949386e-08,7.623760074136061e-29,6.503244300949386e-08
V9-PHASE-FIT-GN-DIAGNOSTIC,ordered_boundary_outgoing_channels,top,-2,1,s,8.75,1.0207320694746699e-05,2.593028972848893e-06,-1.6954805762582626e-06,1.885445986237883e-06,1.1923814481112103e-05,0.9095181214967073,0.006388446672463406,4.736871853530746e-09,2.745931743859139e-10,4.462278679144832e-09
V9-PHASE-FIT-GN-DIAGNOSTIC,ordered_boundary_outgoing_channels,top,-2,1,p,8.75,1.151954055494314e-05,-7.719902431977635e-05,-0.00017343931198806085,5.9854094869309646e-05,0.00023020281191480374,0.9095181214967073,0.006388446672463406,2.601932689572728e-07,1.4377069298335635e-06,1.1775136608762907e-06
V9-PHASE-FIT-GN-DIAGNOSTIC,ordered_boundary_outgoing_channels,top,-1,-1,s,8.75,-2.1524967211679278e-05,3.0745088045807425e-05,-0.00022030138827274493,-0.0002384248695454775,0.00033461101541871,0.9095181214967073,0.006388446672463406,4.462527649323131e-08,3.3385088803210597e-06,3.2938836038278284e-06
V9-PHASE-FIT-GN-DIAGNOSTIC,ordered_boundary_outgoing_channels,top,-1,-1,p,8.75,4.871177321711933e-05,7.920272291264895e-05,-0.00016206524324860404,-0.0001760155998907599,0.00033100353920279587,0.9095181214967073,0.006388446672463406,2.7391044039555867e-07,1.8136268113864188e-06,1.5397163709908601e-06
V9-PHASE-FIT-GN-DIAGNOSTIC,ordered_boundary_outgoing_channels,top,-1,0,s,8.75,-0.0002967037952126348,3.903229441752038e-05,0.0011543275989399616,-0.0012201900152203147,0.0019212321389946794,0.9095181214967073,0.006388446672463406,4.444442555532631e-06,0.00014001487940183894,0.0001355704368463063
V9-PHASE-FIT-GN-DIAGNOSTIC,ordered_boundary_outgoing_channels,top,-1,0,p,8.75,-0.0001541151767848519,9.640734011901948e-06,-1.2513260214317444e-15,1.783924663825131e-15,0.00015441642227203135,0.9095181214967073,0.006388446672463406,1.1833313506926322e-06,2.3563986760300565e-28,1.1833313506926322e-06
V9-PHASE-FIT-GN-DIAGNOSTIC,ordered_boundary_outgoing_channels,top,-1,1,s,8.75,-1.8310515761221206e-05,-0.00011434705570519142,-0.00022030138827282503,-0.00023842486954857905,0.0002370561462315486,0.9095181214967073,0.006388446672463406,4.2485792136096646e-07,3.338508880369034e-06,2.9136509590080674e-06
V9-PHASE-FIT-GN-DIAGNOSTIC,ordered_boundary_outgoing_channels,top,-1,1,p,8.75,-5.352303192493219e-05,0.0002704105755189513,0.00016206524324998136,0.0001760155998905761,0.00023534807374774876,0.9095181214967073,0.006388446672463406,2.407326229610012e-06,1.8136268113985115e-06,5.936994182115005e-07
V9-PHASE-FIT-GN-DIAGNOSTIC,ordered_boundary_outgoing_channels,top,0,0,s,8.75,-0.8758050694160221,-0.20803928187152415,-0.8767420008873494,-0.208758909616445,0.0011813994554017195,0.9095181214967073,0.006388446672463406,0.8103148624162444,0.812256818464021,0.001941956047776583
V9-PHASE-FIT-GN-DIAGNOSTIC,ordered_boundary_outgoing_channels,top,0,0,p,8.75,-0.004630703299949678,-0.0005520207531994667,1.109046864019619e-13,1.6235607409513206e-14,0.004663490105615406,0.9095181214967073,0.006388446672463406,2.174813996412296e-05,1.2563444413870592e-26,2.174813996412296e-05
V9-PHASE-FIT-GN-DIAGNOSTIC,ordered_boundary_outgoing_channels,bottom,-3,-1,s,-1.25,-1.1618277986554384e-05,-1.662118463731843e-05,-8.648303367237041e-05,6.939127777564956e-05,0.00011403015098753116,0.9095181214967073,0.006388446672463406,1.2764231313395588e-08,3.815929255738811e-07,3.6882869426048553e-07
V9-PHASE-FIT-GN-DIAGNOSTIC,ordered_boundary_outgoing_channels,bottom,-3,-1,p,-1.25,2.474011715136689e-06,-3.5026612597196427e-06,-5.9889780695573525e-05,5.0452604324837186e-05,8.246461840174984e-05,0.9095181214967073,0.006388446672463406,5.707652758354823e-10,1.903314808729246e-07,1.8976071559708911e-07
V9-PHASE-FIT-GN-DIAGNOSTIC,ordered_boundary_outgoing_channels,bottom,-3,0,s,-1.25,4.389817845322178e-05,4.3978333263510685e-05,6.074845422874771e-05,-0.0005144750722767751,0.0005587075603151028,0.9095181214967073,0.006388446672463406,1.9003697292379669e-07,1.3208823483228831e-05,1.3018786510305035e-05
V9-PHASE-FIT-GN-DIAGNOSTIC,ordered_boundary_outgoing_channels,bottom,-3,0,p,-1.25,-2.274980116900317e-05,3.000756807037929e-05,-2.5346697492730613e-16,-7.791468315616378e-17,3.765644160991275e-05,0.9095181214967073,0.006388446672463406,6.979120180111104e-08,3.46080831114775e-30,6.979120180111104e-08
V9-PHASE-FIT-GN-DIAGNOSTIC,ordered_boundary_outgoing_channels,bottom,-3,1,s,-1.25,-5.282275463997637e-06,1.909060234338976e-05,-8.648303367501951e-05,6.939127777451605e-05,9.551817147994589e-05,0.9095181214967073,0.006388446672463406,1.217778387656343e-08,3.8159292558322023e-07,3.694151417066568e-07
V9-PHASE-FIT-GN-DIAGNOSTIC,ordered_boundary_outgoing_channels,bottom,-3,1,p,-1.25,-1.0317516981066415e-05,-2.768878273280623e-05,5.9889780696845165e-05,-5.0452604326898695e-05,7.380552974406836e-05,0.9095181214967073,0.006388446672463406,2.7099704518186192e-08,1.903314808841085e-07,1.632317763659223e-07
V9-PHASE-FIT-GN-DIAGNOSTIC,ordered_boundary_outgoing_channels,bottom,-2,-1,s,-1.25,1.5941746152139805e-05,1.7604547829894448e-05,-1.935589521620524e-06,1.6853186586884327e-06,2.393785680042556e-05,0.9095181214967073,0.006388446672463406,2.3827970598374667e-08,2.7825122930511906e-10,2.354971936906955e-08
V9-PHASE-FIT-GN-DIAGNOSTIC,ordered_boundary_outgoing_channels,bottom,-2,-1,p,-1.25,7.252363363803356e-06,1.5881165201962396e-05,-0.0001853545253180435,4.1894719858193056e-05,0.0001943556497598,0.9095181214967073,0.006388446672463406,1.2876233846349809e-08,1.5254830024257906e-06,1.5126067685794408e-06
V9-PHASE-FIT-GN-DIAGNOSTIC,ordered_boundary_outgoing_channels,bottom,-2,0,s,-1.25,-8.041725920473656e-05,-8.646353920625511e-05,-1.910128656019509e-05,-0.00018261418318362527,0.00011403769043000277,0.9095181214967073,0.006388446672463406,7.940900999655556e-07,1.9200481909981673e-06,1.1259580910326116e-06
V9-PHASE-FIT-GN-DIAGNOSTIC,ordered_boundary_outgoing_channels,bottom,-2,0,p,-1.25,1.9878632727390022e-05,-3.671663390376406e-05,-3.081108181661143e-16,-1.9107978283180129e-16,4.175249985727461e-05,0.9095181214967073,0.006388446672463406,9.928468989858458e-08,7.486128714139298e-30,9.928468989858458e-08
V9-PHASE-FIT-GN-DIAGNOSTIC,ordered_boundary_outgoing_channels,bottom,-2,1,s,-1.25,1.2020801268925181e-05,-8.985356877242025e-06,-1.9355895217042767e-06,1.6853186594882002e-06,1.7568271409303183e-05,0.9095181214967073,0.006388446672463406,9.514820969961519e-09,2.7825122943269296e-10,9.236569740528826e-09
V9-PHASE-FIT-GN-DIAGNOSTIC,ordered_boundary_outgoing_channels,bottom,-2,1,p,-1.25,1.6745278305824755e-06,4.450660641416456e-05,0.00018535452531684516,-4.189471985896257e-05,0.0002029865282680327,0.9095181214967073,0.006388446672463406,8.379643483822987e-08,1.5254830024097482e-06,1.4416865675715183e-06
V9-PHASE-FIT-GN-DIAGNOSTIC,ordered_boundary_outgoing_channels,bottom,-1,-1,s,-1.25,-4.265263505480585e-05,-2.9442844852135635e-05,-0.00020705147255067278,-0.00026129824663100645,0.00028422509583784833,0.9095181214967073,0.006388446672463406,8.34147253090809e-08,3.4515489579344382e-06,3.3681342326253573e-06
V9-PHASE-FIT-GN-DIAGNOSTIC,ordered_boundary_outgoing_channels,bottom,-1,-1,p,-1.25,-6.626019613299502e-06,-2.45582755960503e-05,0.00015499807170421564,0.00018981004150854804,0.00026846996530798396,0.9095181214967073,0.006388446672463406,2.0092269186425535e-08,1.8648558637476027e-06,1.844763594561177e-06
V9-PHASE-FIT-GN-DIAGNOSTIC,ordered_boundary_outgoing_channels,bottom,-1,0,s,-1.25,-0.0003174080848611144,-0.0003488345922626,0.0006107069086373302,-0.0012913701554319347,0.0013227889963994834,0.9095181214967073,0.006388446672463406,1.094994340081748e-05,0.00010045454435778903,8.950460095697154e-05
V9-PHASE-FIT-GN-DIAGNOSTIC,ordered_boundary_outgoing_channels,bottom,-1,0,p,-1.25,-3.1415837125641244e-05,-6.761152243979156e-05,1.0475495179447351e-16,-4.776152653530708e-16,7.45538247769573e-05,0.9095181214967073,0.006388446672463406,2.736223725118067e-07,1.1769907587313279e-29,2.736223725118067e-07
V9-PHASE-FIT-GN-DIAGNOSTIC,ordered_boundary_outgoing_channels,bottom,-1,1,s,-1.25,-1.8443546142980198e-05,-2.3757785326939217e-05,-0.00020705147254900414,-0.0002612982466308191,0.0003033124142854034,0.9095181214967073,0.006388446672463406,2.8091244766793508e-08,3.4515489579099395e-06,3.423457713143146e-06
V9-PHASE-FIT-GN-DIAGNOSTIC,ordered_boundary_outgoing_channels,bottom,-1,1,p,-1.25,4.391948558476667e-05,-0.00010620853554739965,-0.0001549980717030024,-0.00018981004150863128,0.00021577165336604976,0.9095181214967073,0.006388446672463406,4.1019619338029605e-07,1.8648558637369045e-06,1.4546596703566083e-06
V9-PHASE-FIT-GN-DIAGNOSTIC,ordered_boundary_outgoing_channels,bottom,0,0,s,-1.25,0.07070757767610865,-0.09952107499766531,0.07050175899447489,-0.09994772920440079,0.0004737036434676601,0.9095181214967073,0.006388446672463406,0.03221086812710116,0.032331984498269135,0.0001211163711679758
V9-PHASE-FIT-GN-DIAGNOSTIC,ordered_boundary_outgoing_channels,bottom,0,0,p,-1.25,0.0018260394984597897,-0.0003186855492316067,1.7315585978917311e-15,4.892126973773713e-15,0.0018536398596332368,0.9095181214967073,0.006388446672463406,7.425917758503885e-06,5.820430999983165e-29,7.425917758503885e-06
V9-PHASE-FIT-GN-DIAGNOSTIC,ordered_scattered_channels,top,-3,-1,s,8.75,-9.038831828826938e-06,-1.3818296748525021e-05,-9.195140170810291e-05,5.5769259938579254e-05,0.00010824473331144926,0.2468359522790033,0.024101599798217955,8.633369208708454e-09,3.662159813318062e-07,3.575826121230977e-07
V9-PHASE-FIT-GN-DIAGNOSTIC,ordered_scattered_channels,top,-3,-1,p,8.75,-9.01570899331016e-06,2.4445931810265365e-05,6.49187356517443e-05,-4.008051303985588e-05,9.813238094517202e-05,0.2468359522790033,0.024101599798217955,2.1497042912788748e-08,1.843193233752179e-07,1.6282228046242915e-07
V9-PHASE-FIT-GN-DIAGNOSTIC,ordered_scattered_channels,top,-3,0,s,8.75,-1.9376687107993673e-05,-1.4419591906067453e-06,-0.00019219020094724982,0.00048817928501638765,0.0005192239144572176,0.2468359522790033,0.024101599798217955,1.873219681748295e-08,1.365740342110789e-05,1.3638671224290407e-05
V9-PHASE-FIT-GN-DIAGNOSTIC,ordered_scattered_channels,top,-3,0,p,8.75,-1.7851600433214645e-05,4.784470230293831e-06,1.2553482268998042e-15,3.668039838538298e-15,1.848163394890825e-05,0.2468359522790033,0.024101599798217955,1.694774550551858e-08,7.457653301374714e-28,1.694774550551858e-08
V9-PHASE-FIT-GN-DIAGNOSTIC,ordered_scattered_channels,top,-3,1,s,8.75,-1.2025075278013528e-05,1.6492779474371202e-05,-9.195140170914724e-05,5.5769259941376876e-05,8.905537364275792e-05,0.2468359522790033,0.024101599798217955,1.319214973135452e-08,3.6621598134782935e-07,3.530238316164748e-07
V9-PHASE-FIT-GN-DIAGNOSTIC,ordered_scattered_channels,top,-3,1,p,8.75,-1.2309881204450289e-05,4.8867908340308275e-05,-6.491873565010715e-05,4.00805130396873e-05,5.3337696634310006e-05,0.2468359522790033,0.024101599798217955,8.041698302526655e-08,1.843193233680326e-07,1.0390234034276605e-07
V9-PHASE-FIT-GN-DIAGNOSTIC,ordered_scattered_channels,top,-2,-1,s,8.75,-3.970179452526416e-06,-1.5238342411164266e-05,2.3445165024338254e-06,9.658174404606376e-07,1.739109489079407e-05,0.2468359522790033,0.024101599798217955,1.059025746827271e-08,2.745931746845648e-10,1.0315664293588146e-08
V9-PHASE-FIT-GN-DIAGNOSTIC,ordered_scattered_channels,top,-2,-1,p,8.75,-2.9555136610782227e-05,2.0198359351636388e-05,-0.00011450210530949539,-0.00014336308972242402,0.0001843050056680681,0.2468359522790033,0.024101599798217955,5.472933758621716e-08,1.437706929814518e-06,1.3829775922283008e-06
V9-PHASE-FIT-GN-DIAGNOSTIC,ordered_scattered_channels,top,-2,0,s,8.75,-4.943035891720553e-06,-5.4113358604011566e-05,0.0001642593255332033,-5.620738854478225e-05,0.00016921531867169533,0.2468359522790033,0.024101599798217955,1.69185215779845e-07,1.7270051732052553e-06,1.5578199574254102e-06
V9-PHASE-FIT-GN-DIAGNOSTIC,ordered_scattered_channels,top,-2,0,p,8.75,-3.5349541731686444e-06,-3.3503383995778684e-05,-1.731002669799771e-16,1.1404235647096274e-15,3.368935499902297e-05,0.2468359522790033,0.024101599798217955,6.503244300949386e-08,7.623760074136061e-29,6.503244300949386e-08
V9-PHASE-FIT-GN-DIAGNOSTIC,ordered_scattered_channels,top,-2,1,s,8.75,-9.765696980798647e-07,-1.0486157859017297e-05,2.344516501375749e-06,9.658174394089149e-07,1.1923814481112101e-05,0.2468359522790033,0.024101599798217955,4.736871853530746e-09,2.745931743859139e-10,4.462278679144832e-09
V9-PHASE-FIT-GN-DIAGNOSTIC,ordered_scattered_channels,top,-2,1,p,8.75,-7.659691369979934e-05,1.5010062697728692e-05,0.00011450210531154583,0.0001433630897223534,0.00023020281191480374,0.2468359522790033,0.024101599798217955,2.601932689572728e-07,1.4377069298335635e-06,1.1775136608762907e-06
V9-PHASE-FIT-GN-DIAGNOSTIC,ordered_scattered_channels,top,-1,-1,s,8.75,-2.7297904514263405e-05,2.5756728471150025e-05,-0.00016753172947578341,-0.00027805078620911914,0.00033461101541871005,0.2468359522790033,0.024101599798217955,4.462527649323131e-08,3.3385088803210597e-06,3.2938836038278284e-06
V9-PHASE-FIT-GN-DIAGNOSTIC,ordered_scattered_channels,top,-1,-1,p,8.75,3.168776745207699e-05,8.741735274328797e-05,-0.00012312018254764134,-0.00020515373533901306,0.0003310035392027959,0.2468359522790033,0.024101599798217955,2.7391044039555867e-07,1.8136268113864188e-06,1.5397163709908601e-06
V9-PHASE-FIT-GN-DIAGNOSTIC,ordered_scattered_channels,top,-1,0,s,8.75,0.00029141793288460857,-6.806063836463835e-05,-0.0010285581087378939,0.0013279322632823076,0.001921232138994679,0.2468359522790033,0.024101599798217955,4.444442555532631e-06,0.00014001487940183894,0.0001355704368463063
V9-PHASE-FIT-GN-DIAGNOSTIC,ordered_scattered_channels,top,-1,0,p,8.75,0.0001524167195292985,-2.4770447626991827e-05,1.0695710033665002e-15,-1.898478834981676e-15,0.00015441642227203133,0.2468359522790033,0.024101599798217955,1.1833313506926322e-06,2.3563986760300565e-28,1.1833313506926322e-06
V9-PHASE-FIT-GN-DIAGNOSTIC,ordered_scattered_channels,top,-1,1,s,8.75,5.1926954818372305e-06,-0.00011568733746403277,-0.00016753172947527734,-0.00027805078621216526,0.0002370561462315486,0.2468359522790033,0.024101599798217955,4.2485792136096646e-07,3.338508880369034e-06,2.9136509590080674e-06
V9-PHASE-FIT-GN-DIAGNOSTIC,ordered_scattered_channels,top,-1,1,p,8.75,-0.00010710331627278794,0.0002539989644512158,0.00012312018254903858,0.0002051537353391292,0.00023534807374774874,0.2468359522790033,0.024101599798217955,2.407326229610012e-06,1.8136268113985115e-06,5.936994182115005e-07
V9-PHASE-FIT-GN-DIAGNOSTIC,ordered_scattered_channels,top,0,0,s,8.75,-0.01821639216274811,0.2097992753713632,-0.01927337511042978,0.20927155222279603,0.0011813994554017153,0.2468359522790033,0.024101599798217955,0.8103148624162444,0.812256818464021,0.001941956047776583
V9-PHASE-FIT-GN-DIAGNOSTIC,ordered_scattered_channels,top,0,0,p,8.75,-0.004650984468769466,0.0003412966970173836,1.1185579377514874e-13,-3.735624544869974e-15,0.004663490105615407,0.2468359522790033,0.024101599798217955,2.174813996412296e-05,1.2563444413870592e-26,2.174813996412296e-05
V9-PHASE-FIT-GN-DIAGNOSTIC,ordered_scattered_channels,bottom,-3,-1,s,-1.25,-2.0411539599472965e-05,-2.25155421315289e-06,-4.909306826320045e-06,0.00011217325597253238,0.00011547015374971629,0.2468359522790033,0.024101599798217955,1.2764231313395588e-08,3.815929255738811e-07,3.6882869426048553e-07
V9-PHASE-FIT-GN-DIAGNOSTIC,ordered_scattered_channels,bottom,-3,-1,p,-1.25,-1.0149820898426493e-06,-4.222151754640185e-06,-1.5732873804033325e-06,7.928198517251764e-05,8.350600330962434e-05,0.2468359522790033,0.024101599798217955,5.707652758354823e-10,1.903314808729246e-07,1.8976071559708911e-07
V9-PHASE-FIT-GN-DIAGNOSTIC,ordered_scattered_channels,bottom,-3,0,s,-1.25,5.296657583006706e-05,-3.342580504151041e-05,-0.0004924362020247152,-0.0001736752134377082,0.000563146594278254,0.2468359522790033,0.024101599798217955,1.9003697292379669e-07,1.3208823483228831e-05,1.3018786510305035e-05
V9-PHASE-FIT-GN-DIAGNOSTIC,ordered_scattered_channels,bottom,-3,0,p,-1.25,2.4468453793470486e-05,2.9015935917876696e-05,-1.3274970028758873e-16,2.3198170478591657e-16,3.795562893994198e-05,0.2468359522790033,0.024101599798217955,6.979120180111104e-08,3.46080831114775e-30,6.979120180111104e-08
V9-PHASE-FIT-GN-DIAGNOSTIC,ordered_scattered_channels,bottom,-3,1,s,-1.25,1.1007957423784786e-05,1.6767541931673115e-05,-4.9093068289528565e-06,0.00011217325597378981,9.672440009210511e-05,0.2468359522790033,0.024101599798217955,1.217778387656343e-08,3.8159292558322023e-07,3.694151417066568e-07
V9-PHASE-FIT-GN-DIAGNOSTIC,ordered_scattered_channels,bottom,-3,1,p,-1.25,-2.7969427256693966e-05,-1.06311898845194e-05,1.5732873796878703e-06,-7.928198517485518e-05,7.473756540109049e-05,0.2468359522790033,0.024101599798217955,2.7099704518186192e-08,1.903314808841085e-07,1.632317763659223e-07
V9-PHASE-FIT-GN-DIAGNOSTIC,ordered_scattered_channels,bottom,-2,-1,s,-1.25,2.2729225228502964e-05,-7.6118175323633e-06,7.745485652971132e-07,2.471734525870588e-06,2.4159591252689447e-05,0.2468359522790033,0.024101599798217955,2.3827970598374667e-08,2.7825122930511906e-10,2.354971936906955e-08
V9-PHASE-FIT-GN-DIAGNOSTIC,ordered_scattered_channels,bottom,-2,-1,p,-1.25,1.7618314343599944e-05,-2.759762537568432e-07,-3.630225008417886e-05,0.00018832341315366003,0.00019615595059304397,0.2468359522790033,0.024101599798217955,1.2876233846349809e-08,1.5254830024257906e-06,1.5126067685794408e-06
V9-PHASE-FIT-GN-DIAGNOSTIC,ordered_scattered_channels,bottom,-2,0,s,-1.25,-8.782008475064222e-05,8.014069689047458e-05,-0.00018404130862069833,1.7489532595272983e-05,0.00011482026088890322,0.2468359522790033,0.024101599798217955,7.940900999655556e-07,1.9200481909981673e-06,1.1259580910326116e-06
V9-PHASE-FIT-GN-DIAGNOSTIC,ordered_scattered_channels,bottom,-2,0,p,-1.25,-3.677731455225467e-05,-2.0364392155287176e-05,-1.953215047833636e-16,3.0838854490696276e-16,4.203902155769088e-05,0.2468359522790033,0.024101599798217955,9.928468989858458e-08,7.486128714139298e-30,9.928468989858458e-08
V9-PHASE-FIT-GN-DIAGNOSTIC,ordered_scattered_channels,bottom,-2,1,s,-1.25,-3.4409027210478747e-06,-1.4750881572085911e-05,7.745485660026087e-07,2.4717345262717774e-06,1.7731004901722437e-05,0.2468359522790033,0.024101599798217955,9.514820969961519e-09,2.7825122943269296e-10,9.236569740528826e-09
V9-PHASE-FIT-GN-DIAGNOSTIC,ordered_scattered_channels,bottom,-2,1,p,-1.25,4.182506406728643e-05,1.64689073378884e-05,3.630225008296777e-05,-0.00018832341315285628,0.00020486677623833804,0.2468359522790033,0.024101599798217955,8.379643483822987e-08,1.5254830024097482e-06,1.4416865675715183e-06
V9-PHASE-FIT-GN-DIAGNOSTIC,ordered_scattered_channels,bottom,-1,-1,s,-1.25,-5.0887482011704085e-05,1.2838510616707397e-05,-0.00033718347041335536,-1.666806024013619e-05,0.00028781249225599706,0.2468359522790033,0.024101599798217955,8.34147253090809e-08,3.4515489579344382e-06,3.3681342326253573e-06
V9-PHASE-FIT-GN-DIAGNOSTIC,ordered_scattered_channels,bottom,-1,-1,p,-1.25,-2.312623283855664e-05,-1.134135085393786e-05,0.00024799923661753275,8.609260274615205e-06,0.000271858505609421,0.2468359522790033,0.024101599798217955,2.0092269186425535e-08,1.8648558637476027e-06,1.844763594561177e-06
V9-PHASE-FIT-GN-DIAGNOSTIC,ordered_scattered_channels,bottom,-1,0,s,-1.25,-0.0004132437212374385,0.000234970092770768,-0.0011348134234954131,-0.00088619762079417,0.0013332966200951283,0.2468359522790033,0.024101599798217955,1.094994340081748e-05,0.00010045454435778903,8.950460095697154e-05
V9-PHASE-FIT-GN-DIAGNOSTIC,ordered_scattered_channels,bottom,-1,0,p,-1.25,-7.343639084795955e-05,1.593815259379526e-05,-4.465027736885759e-16,-2.0865938982257457e-16,7.514604586282935e-05,0.2468359522790033,0.024101599798217955,2.736223725118067e-07,1.1769907587313279e-29,2.736223725118067e-07
V9-PHASE-FIT-GN-DIAGNOSTIC,ordered_scattered_channels,bottom,-1,1,s,-1.25,-3.0402510735156093e-05,-1.8064488561301438e-06,-0.00033718347041209747,-1.666806024128843e-05,0.00030714072460888116,0.2468359522790033,0.024101599798217955,2.8091244766793508e-08,3.4515489579099395e-06,3.423457713143146e-06
V9-PHASE-FIT-GN-DIAGNOSTIC,ordered_scattered_channels,bottom,-1,1,p,-1.25,-5.1584940908405876e-05,-0.00010432505064522092,-0.00024799923661679776,-8.609260275598644e-06,0.00021849505276940503,0.2468359522790033,0.024101599798217955,4.1019619338029605e-07,1.8648558637369045e-06,1.4546596703566083e-06
V9-PHASE-FIT-GN-DIAGNOSTIC,ordered_scattered_channels,bottom,0,0,s,-1.25,-0.04133126090170769,0.12306930600098062,-0.041607545586981674,0.12257388541158544,0.0005672519614012933,0.2468359522790033,0.024101599798217955,0.03221086812710116,0.032331984498269135,0.0001211163711679758
V9-PHASE-FIT-GN-DIAGNOSTIC,ordered_scattered_channels,bottom,0,0,p,-1.25,0.0021602169837025634,-0.0005104300290383225,2.6658179463359154e-15,5.966790876859179e-15,0.0022197018338541864,0.2468359522790033,0.024101599798217955,7.425917758503885e-06,5.820430999983165e-29,7.425917758503885e-06
