role,family,side,m,n,polarization,old_real,old_imag,new_real,new_imag,absolute,denominator,relative
O3,total_projection,top,-8,-2,s,0.0,0.0,-3.924479624198818e+17,9.186291854132482e+16,4.030560742755864e+17,4.030560742755864e+17,1.0
O3,total_projection,top,-8,-2,p,0.0,0.0,-6.027525737092648e+17,1.9077194019907834e+17,6.322219533363764e+17,6.322219533363764e+17,1.0
O3,total_projection,top,-8,-1,s,-2981319862.46184,-78166063072.59729,-2981318372.5103865,-78166062129.61476,1763.284263535788,78222896444.00201,2.2541792028860544e-08
O3,total_projection,top,-8,-1,p,-43830250532.24361,1703522665.7307959,-43830252689.77654,1703521393.0866494,2504.909479777859,43863345015.92837,5.710712392929075e-08
O3,total_projection,top,-8,0,s,266694879294.37585,196830885856.01123,266694873635.83752,196830881675.9629,7035.045142456004,331464253887.1609,2.12241442627805e-08
O3,total_projection,top,-8,0,p,-11.384954520644763,-16.942038677513462,-11.385070417716205,-16.94188321213283,0.00019391136053491278,20.411938545613566,9.499899291857485e-06
O3,total_projection,top,-8,1,s,-2969905070.151203,-78163674431.84756,-2969909229.3237586,-78163675953.40884,4428.754349428436,78220077981.16751,5.6619150271043145e-08
O3,total_projection,top,-8,1,p,43829709338.31359,-1706285042.8575256,43829707113.355125,-1706282438.9235706,3425.041929159063,43862907169.998116,7.808515554805188e-08
O3,total_projection,top,-8,2,s,0.0,0.0,3.928273712239501e+17,-1.3995926659981914e+17,4.17015515166856e+17,4.17015515166856e+17,1.0
O3,total_projection,top,-8,2,p,0.0,0.0,-3.2060543375018854e+17,-1.8476860070338982e+17,3.7003686296913075e+17,3.7003686296913075e+17,1.0
O3,total_projection,top,-7,-2,s,-37732757735.2215,147156462953.20825,-37819474320.6322,146871180449.4179,298170879.11830676,151662310032.83063,0.0019660183143311027
O3,total_projection,top,-7,-2,p,144337663673.12366,-56231964007.803185,144946593613.74542,-56358918316.4121,622023366.9726629,155517981834.97714,0.00399968775078822
O3,total_projection,top,-7,-1,s,0.1281423149843777,0.011826175132004737,0.12814231532550188,0.011826175204405962,3.4872288287313816e-10,0.12868687344459676,2.7098558970217965e-09
O3,total_projection,top,-7,-1,p,0.0022301411230802397,-0.024368227548754527,0.0022301407949223574,-0.024368226614246518,9.904508124575564e-10,0.024470063266948235,4.047602172714283e-08
O3,total_projection,top,-7,0,s,7.084189012415918e-06,2.1606113550313435e-05,7.084188985830717e-06,2.1606113436911373e-05,1.1647661025632809e-13,2.2737851073389663e-05,5.122586557559164e-09
O3,total_projection,top,-7,0,p,3.692741212132463e-14,4.7228892184060386e-14,3.6927377026035703e-14,4.722873514811849e-14,1.6090980812485288e-19,1e-12,1.609098081248529e-07
O3,total_projection,top,-7,1,s,0.12814200332913242,0.011825194082086633,0.1281420034454343,0.011825193846672258,2.625758138110399e-10,0.12868647270214953,2.0404305774918795e-09
O3,total_projection,top,-7,1,p,-0.0022298985527223034,0.024368468786903914,-0.0022298991185380657,0.02436846884409918,5.686991956346705e-10,0.024470282464342116,2.3240401759292074e-08
O3,total_projection,top,-7,2,s,-17095907873.997166,-52022737347.717224,-17238834811.402496,-51926906187.24877,172080564.71547803,54713627295.52992,0.003145113442872338
O3,total_projection,top,-7,2,p,140665843756.9395,-251882444300.91263,140868949615.81396,-251615084580.96173,335757665.23096627,288364720024.0474,0.0011643507056028441
O3,total_projection,top,-6,-2,s,29949.931148516927,-69128.01033410053,29975.091132932095,-68953.75021940538,176.06706787283954,75187.27124818224,0.0023417137628478067
O3,total_projection,top,-6,-2,p,-177797.92940355247,-95817.37973512353,-178345.38236995527,-95834.33110223622,547.7153451111371,202463.06930030126,0.0027052605050590438
O3,total_projection,top,-6,-1,s,-1.5474059775217386e-09,-2.4973143523634296e-09,-1.5474059637014431e-09,-2.497314356106134e-09,1.4318114482098584e-17,2.937863885497861e-09,4.873648010984071e-09
O3,total_projection,top,-6,-1,p,7.630226249560541e-10,1.239495038957691e-09,7.630226024977681e-10,1.239495042625607e-09,2.275583920346749e-17,1.4555244596419265e-09,1.5634116659960252e-08
O3,total_projection,top,-6,0,s,0.0006124689704741027,5.010205266986999e-05,0.0006124689704838995,5.0102052673112185e-05,1.0319405758713502e-14,0.0006145148130742392,1.6792769741527485e-11
O3,total_projection,top,-6,0,p,2.9340099191457776e-16,4.884735761759754e-14,2.936039668047332e-16,4.884737755540395e-14,2.0395176429277933e-19,1e-12,2.0395176429277934e-07
O3,total_projection,top,-6,1,s,-1.5474706661395803e-09,-2.4970458438325233e-09,-1.5474706682079882e-09,-2.4970458457743835e-09,2.8370991763492874e-18,2.9376697269882438e-09,9.657651948702677e-10
O3,total_projection,top,-6,1,p,-7.630688290360466e-10,-1.2395075093173674e-09,-7.630688302113802e-10,-1.2395075123788507e-09,3.2793427401368677e-18,1.4555593127330026e-09,2.2529777463891e-09
O3,total_projection,top,-6,2,s,-45980.6885755133,11862.533664461644,-45996.745378098734,12091.26640356172,229.2956319808358,47559.42922932893,0.004821244402980216
O3,total_projection,top,-6,2,p,109855.18867573788,-62192.568840470354,110600.86495977959,-62246.68990872662,747.6377536022719,126914.15104094803,0.005890893548671743
O3,total_projection,top,-5,-2,s,0.21825824558985354,-0.010841077683319962,0.2184125146131494,-0.011186733207731591,0.0003785190524992596,0.21869881010078718,0.0017307778324208503
O3,total_projection,top,-5,-2,p,-0.5725028252458203,-0.9563802960920138,-0.570691212110325,-0.9558431633274447,0.0018895644364437221,1.113249573303205,0.0016973412626937335
O3,total_projection,top,-5,-1,s,-4.537343323258376e-09,1.4745444182456651e-09,-4.537343330959781e-09,1.474544416886895e-09,7.820351191287445e-18,4.770929232379948e-09,1.6391673006196137e-09
O3,total_projection,top,-5,-1,p,5.346971638009965e-09,-1.7467285806145908e-09,5.346971654999254e-09,-1.7467285735680004e-09,1.8392671541167098e-17,5.625048141045937e-09,3.269780289870926e-09
O3,total_projection,top,-5,0,s,4.109218763167518e-06,3.2073181595394296e-07,4.109218763171746e-06,3.2073181594423936e-07,1.0584862082840253e-17,4.12171660129146e-06,2.5680712932868044e-12
O3,total_projection,top,-5,0,p,2.0362101447292557e-14,1.3989112486581572e-14,2.0362013330890917e-14,1.3989062957904148e-14,1.0108209596584821e-19,1e-12,1.0108209596584821e-07
O3,total_projection,top,-5,1,s,-4.537335745545467e-09,1.4745185356388181e-09,-4.537335757231285e-09,1.4745185477515626e-09,1.6830832674425915e-17,4.770914034177621e-09,3.527800449526881e-09
O3,total_projection,top,-5,1,p,-5.346918315630079e-09,1.7466922920929479e-09,-5.34691833788893e-09,1.7466923224939749e-09,3.7678626243190575e-17,5.624986202784173e-09,6.698438873421763e-09
O3,total_projection,top,-5,2,s,-0.24550470956279005,0.26491477445959183,-0.2458423880665727,0.2649481080310216,0.0003393197590785721,0.36143599671240995,0.0009388100857828075
O3,total_projection,top,-5,2,p,-0.03214222075444997,-0.07601984990542796,-0.03126408004492039,-0.07402984763971633,0.002175141403051881,0.08036081783191858,0.027067188484833152
O3,total_projection,top,-4,-2,s,1.9468835185325318e-05,-8.933591201933356e-05,1.9443639320720238e-05,-8.92503292316844e-05,8.921460157955417e-08,9.134372653881775e-05,0.000976691065276839
O3,total_projection,top,-4,-2,p,-0.000853576938172019,-0.00010962752625004984,-0.0008562784168501633,-0.00011087890867386378,2.9772378170207666e-06,0.000863427391013355,0.0034481623446374035
O3,total_projection,top,-4,-1,s,-3.7847024321183585e-09,2.653506685602891e-09,-3.7847024315024415e-09,2.6535066786398e-09,6.990278156823773e-18,4.6222364920681544e-09,1.5123151246846032e-09
O3,total_projection,top,-4,-1,p,2.1326004117187154e-08,-1.4946600563120913e-08,2.1326004114668283e-08,-1.4946600512646018e-08,5.053770574646601e-17,2.6042260239531414e-08,1.940603668100636e-09
O3,total_projection,top,-4,0,s,-2.632160475842928e-07,-1.0803345381781143e-06,-2.6321604747034147e-07,-1.0803345381659035e-06,1.1460372039622149e-16,1.1119376790090553e-06,1.0306667591150868e-10
O3,total_projection,top,-4,0,p,8.832079207168808e-15,1.2242618126421977e-14,8.83194807512052e-15,1.2242615836086372e-14,1.311520481185881e-19,1e-12,1.311520481185881e-07
O3,total_projection,top,-4,1,s,-3.7846784354733665e-09,2.6534836400394213e-09,-3.784678432960922e-09,2.6534836474941988e-09,7.866771110672488e-18,4.6222036203999774e-09,1.7019525223754087e-09
O3,total_projection,top,-4,1,p,-2.13260021864356e-08,1.4946556844404265e-08,-2.132600216760287e-08,1.494655689923017e-08,5.797026563739178e-17,2.6042233613776816e-08,2.2260097385319686e-09
O3,total_projection,top,-4,2,s,3.415572165561552e-05,6.0309414556072516e-05,3.416036152095581e-05,6.028806811067004e-05,2.1844886854751053e-08,6.929344453668896e-05,0.000315251853920825
O3,total_projection,top,-4,2,p,-0.0007309607893208405,0.0006152017413547591,-0.0007324576468252982,0.0006157094427452991,1.580614782484305e-06,0.0009568658852099285,0.0016518665853966893
O3,total_projection,top,-3,-2,s,0.00026898907400658804,-0.00029316210946954467,0.00027056709079626394,-0.00029448044467365495,2.056245291519339e-06,0.0003999065927402889,0.005141813935672537
O3,total_projection,top,-3,-2,p,-0.0013615978835133135,-0.00020114058190668935,-0.0013739832644168405,-0.00022296853031917763,2.5096951847260308e-05,0.0013919572466172413,0.018029973196555683
O3,total_projection,top,-3,-1,s,-1.580609901951585e-08,7.529094467924248e-09,-1.5806099013484382e-08,7.529094455868522e-09,1.3480322815495667e-17,1.750771342435848e-08,7.699647857349833e-10
O3,total_projection,top,-3,-1,p,-3.688669753384287e-08,1.7582576356834797e-08,-3.688669751151636e-08,1.7582576313732444e-08,4.854159000588288e-17,4.086288588847259e-08,1.1879138966926574e-09
O3,total_projection,top,-3,0,s,1.0689263491864699e-07,-9.931945056540665e-08,1.0689263489558313e-07,-9.931945045797598e-08,1.09878527096441e-16,1.4591226348115767e-07,7.530451825978981e-10
O3,total_projection,top,-3,0,p,9.849525332414257e-15,1.4376160289511128e-15,9.8495183287374e-15,1.4376066855177382e-15,1.1676953230696764e-20,1e-12,1.1676953230696764e-08
O3,total_projection,top,-3,1,s,-1.5806154245862244e-08,7.529104347458938e-09,-1.5806154263791605e-08,7.529104318922616e-09,3.370138853695916e-17,1.7507767546320596e-08,1.9249392275625563e-09
O3,total_projection,top,-3,1,p,3.688674016701465e-08,-1.7582533920647617e-08,3.688674022416354e-08,-1.758253382581849e-08,1.1071837613640127e-16,4.086290616318149e-08,2.709508121969096e-09
O3,total_projection,top,-3,2,s,-0.001260156136397977,-1.4362880101068687e-05,-0.001260468100230446,-1.3916186496944077e-05,5.448454906985604e-07,0.0012605449186542967,0.0004322301273327204
O3,total_projection,top,-3,2,p,0.0009299049396722656,0.008758063849634004,0.0009162985071281517,0.008752497898054446,1.4700844314647075e-05,0.008800330812509994,0.0016704876927750587
O3,total_projection,top,-2,-2,s,24.811383442186134,20.193990545767296,24.878957866942194,20.227250025945178,0.07531597375600618,32.06406381226784,0.002348921652507128
O3,total_projection,top,-2,-2,p,-28.49456157540497,79.41171588907775,-28.27855115651098,79.1437460705124,0.344192278723249,84.04408960530868,0.004095377561226006
O3,total_projection,top,-2,-1,s,-5.676490618021347e-08,-1.3942021274141588e-08,-5.6764906126139547e-08,-1.3942021283519283e-08,5.488105188392161e-17,5.845198478220855e-08,9.38908269555051e-10
O3,total_projection,top,-2,-1,p,-4.699007024563738e-08,-1.1542857240180026e-08,-4.6990070150646333e-08,-1.1542857258794698e-08,9.679775017642771e-17,4.8387025600460015e-08,2.000489779547587e-09
O3,total_projection,top,-2,0,s,3.4366130816947175e-06,-1.7978152120520753e-06,3.436613081804981e-06,-1.797815211935659e-06,1.6034569627616224e-16,3.878459618237682e-06,4.1342623633921215e-11
O3,total_projection,top,-2,0,p,2.024739496295541e-14,-2.5471450731671472e-15,2.024714037313892e-14,-2.5472287573404754e-15,2.6799070044985175e-19,1e-12,2.679907004498518e-07
O3,total_projection,top,-2,1,s,-5.6764875890093345e-08,-1.3942001725133357e-08,-5.6764875808734706e-08,-1.3942001779156121e-08,9.76610840800397e-17,5.8451950687646576e-08,1.670792555785135e-09
O3,total_projection,top,-2,1,p,4.69900318419408e-08,1.1542824686137032e-08,4.699003170420574e-08,1.1542824775498543e-08,1.6418412583416717e-16,4.838698051501172e-08,3.393146753251739e-09
O3,total_projection,top,-2,2,s,-17.613259257187305,3.8074221445444327,-17.57105962804891,3.59844373955012,0.21319658171130532,17.935744584464782,0.011886686984602112
O3,total_projection,top,-2,2,p,-2.5891785042852753,89.51435893083847,-1.6438545388728507,89.59317038405543,0.948603523470812,89.60824982785546,0.010586118189934011
O3,total_projection,top,-1,-2,s,4572932.403427367,-25304664.96017603,4625274.309099862,-25351507.268776793,70241.5615179326,25769984.152755346,0.0027257122511820525
O3,total_projection,top,-1,-2,p,30331184.946907032,6671602.3671691725,30148817.273371696,6492127.85150847,255869.24418994747,30839891.488516744,0.008296697291727521
O3,total_projection,top,-1,-1,s,-1.6289149009087102e-07,-1.55672054837899e-07,-1.6289149011505543e-07,-1.5567205483422078e-07,2.4462505561882142e-17,2.2531628038872786e-07,1.0856963162927286e-10
O3,total_projection,top,-1,-1,p,-5.0496174735669344e-08,-4.8301982953238854e-08,-5.0496174786420884e-08,-4.830198294638123e-08,5.1212753433936445e-17,6.987807399043903e-08,7.328873065526042e-10
O3,total_projection,top,-1,0,s,-7.256917818170908e-05,1.5173237004001655e-05,-7.256917817183704e-05,1.517323700536634e-05,9.965919155831934e-15,7.413847005271183e-05,1.3442304850297354e-10
O3,total_projection,top,-1,0,p,-7.003378427627446e-15,1.6248396227992917e-14,-7.002694013956805e-15,1.6248483801171224e-14,6.899935754187696e-19,1e-12,6.899935754187695e-07
O3,total_projection,top,-1,1,s,-1.6289143053052302e-07,-1.5567208869692462e-07,-1.6289143052016918e-07,-1.5567208863603261e-07,6.176599624458349e-17,2.253162606586837e-07,2.7413022062419453e-10
O3,total_projection,top,-1,1,p,5.049630672744325e-08,4.83020607310575e-08,5.049630670393866e-08,4.830206061205291e-08,1.2130357707383788e-16,6.987822300336975e-08,1.7359281884999886e-09
O3,total_projection,top,-1,2,s,8237967.673338075,7944938.3217224935,8387081.502055002,7992627.382720746,156554.08156134436,11585561.212178316,0.013512861284335582
O3,total_projection,top,-1,2,p,22572975.75464938,-19214638.78172139,22483542.85332697,-18785116.67325977,438733.9575372078,29298298.716228772,0.014974724702843802
O3,total_projection,top,0,-2,s,1377061131410.699,17824746650036.195,4465013005240.571,17710140845444.965,3090077873700.8267,18264321227531.71,0.16918657064806936
O3,total_projection,top,0,-2,p,-65694763882534.69,-58918884500392.34,-65749577182356.79,-58013293383267.13,907248460595.8136,87684372090080.67,0.010346752094703617
O3,total_projection,top,0,-1,s,-16451.228125343037,-6574.282683996518,-16451.22006702548,-6574.270868423239,0.01430189685918387,17716.19821364336,8.072779885793941e-07
O3,total_projection,top,0,-1,p,2513.091216040254,-5941.849508553597,2513.1129061877064,-5941.853888283158,0.022127912859937884,6451.462168295874,3.4299066293343665e-06
O3,total_projection,top,0,0,s,-0.2210239208529077,0.09862599993490817,-0.22102392084948574,0.09862599993338172,3.746975727228901e-12,0.242030290357507,1.5481433012761256e-11
O3,total_projection,top,0,0,p,-2.903087580114425e-13,-1.2104661409959097e-13,-2.9335939520930556e-13,-1.196853516647835e-13,3.3405722158641815e-15,1e-12,0.0033405722158641816
O3,total_projection,top,0,1,s,-16451.89134378255,-6573.431471545998,-16451.8752316946,-6573.430751075561,0.01612818823398579,17716.494869991417,9.103487090611849e-07
O3,total_projection,top,0,1,p,-2512.4624744086373,5940.348560023235,-2512.4714152230986,5940.363944696345,0.017793997019878455,6449.840029625656,2.758827651251252e-06
O3,total_projection,top,0,2,s,51580167021852.41,44170659589377.414,51411114583904.96,44666194017270.08,523577211118.74646,68104123155267.32,0.007687892991810025
O3,total_projection,top,0,2,p,37950540242643.94,-26933541551716.1,36477956362617.04,-21216422058205.164,5903724128615.584,42199263800982.21,0.13990111667488786
O3,total_projection,top,1,-2,s,0.0,0.0,-7.60645643420007e+19,3.158781824779989e+18,7.613012446564714e+19,7.613012446564714e+19,1.0
O3,total_projection,top,1,-2,p,0.0,0.0,-1.4312461867320504e+20,-7.303021145396563e+19,1.6068001822056556e+20,1.6068001822056556e+20,1.0
O3,total_projection,top,1,-1,s,396519382124685.3,356336606727364.06,396519605005675.94,356336572452529.3,225500998.38560095,533107446975817.4,4.229935253480525e-07
O3,total_projection,top,1,-1,p,-241557900037091.78,268537066383921.16,-241557914493207.28,268536897934554.75,169068531.4152022,361195641732595.0,4.6808020884252303e-07
O3,total_projection,top,1,0,s,-1.0232451255273926e+17,-7.55878804250921e+16,-1.0232451581549312e+17,-7.558788283615312e+16,4056941950.077028,1.2721570095128632e+17,3.18902613414874e-08
O3,total_projection,top,1,0,p,-1747943.2995004067,435377.94419412024,-1748175.8805728736,435692.7677012051,391.41767446438035,1801651.2140933047,0.0002172549666675436
O3,total_projection,top,1,1,s,396573496585720.94,356366245303682.9,396573781383082.06,356366129162731.44,307568297.2843122,533167499098458.9,5.768699288767305e-07
O3,total_projection,top,1,1,p,241503896185854.06,-268528590547459.9,241503989615986.78,-268528381987931.03,228530669.23864394,361153248543460.94,6.32780322924723e-07
O3,total_projection,top,1,2,s,0.0,0.0,9.907492966112312e+19,-5.840668847339614e+19,1.1500949067700822e+20,1.1500949067700822e+20,1.0
O3,total_projection,top,1,2,p,0.0,0.0,-5.0046471382097795e+20,7.382030181987485e+19,5.0587979475433764e+20,5.0587979475433764e+20,1.0
O3,total_projection,top,2,-2,s,0.0,0.0,-6.1052102462263225e+26,2.0798876122289146e+27,2.1676412067059354e+27,2.1676412067059354e+27,1.0
O3,total_projection,top,2,-2,p,0.0,0.0,-5.237081217754848e+27,-2.04313703141659e+25,5.237121071949121e+27,5.237121071949121e+27,1.0
O3,total_projection,top,2,-1,s,0.0,0.0,2.3463022900631573e+22,9.61189389718776e+22,9.894121422701003e+22,9.894121422701003e+22,1.0
O3,total_projection,top,2,-1,p,0.0,0.0,-9.035110803733308e+22,2.2168049182528944e+22,9.303088265803382e+22,9.303088265803382e+22,1.0
O3,total_projection,top,2,0,s,0.0,0.0,1.5569055355496313e+27,1.1499254649423638e+27,1.9355318187898632e+27,1.9355318187898632e+27,1.0
O3,total_projection,top,2,0,p,0.0,0.0,504148785226644.6,-4260156174968511.5,4289883055838217.0,4289883055838217.0,1.0
O3,total_projection,top,2,1,s,0.0,0.0,2.345538164448717e+22,9.608425363052643e+22,9.890570622478704e+22,9.890570622478704e+22,1.0
O3,total_projection,top,2,1,p,0.0,0.0,9.033335305963517e+22,-2.2138464898728627e+22,9.300659279356994e+22,9.300659279356994e+22,1.0
O3,total_projection,top,2,2,s,0.0,0.0,-3.942736859063936e+26,-8.703993261742846e+26,9.555347855535465e+26,9.555347855535465e+26,1.0
O3,total_projection,top,2,2,p,0.0,0.0,-3.602850593268826e+27,7.71428821599351e+26,3.684512834040844e+27,3.684512834040844e+27,1.0
O3,total_projection,top,3,-2,s,0.0,0.0,2.144201495144299e+33,2.2485349815009616e+31,2.1443193891618266e+33,2.1443193891618266e+33,1.0
O3,total_projection,top,3,-2,p,0.0,0.0,-1.5549193878168024e+34,1.2214857505116965e+34,1.977321860828859e+34,1.977321860828859e+34,1.0
O3,total_projection,top,3,-1,s,0.0,0.0,-1.0893881847656053e+32,-1.696024802299051e+32,2.0157546346518555e+32,2.0157546346518555e+32,1.0
O3,total_projection,top,3,-1,p,0.0,0.0,2.0070047322928928e+32,-1.2913652283006653e+32,2.386564926481175e+32,2.386564926481175e+32,1.0
O3,total_projection,top,3,0,s,0.0,0.0,8.1854834944309035e+34,6.034446851712977e+34,1.016939963044768e+35,1.016939963044768e+35,1.0
O3,total_projection,top,3,0,p,0.0,0.0,-1.0583637837345171e+25,1.186188002906994e+25,1.5897093687090501e+25,1.5897093687090501e+25,1.0
O3,total_projection,top,3,1,s,0.0,0.0,-1.0893839210130556e+32,-1.6960300058365435e+32,2.015756708548848e+32,2.015756708548848e+32,1.0
O3,total_projection,top,3,1,p,0.0,0.0,-2.007054535197588e+32,1.2914242472798479e+32,2.386638743865424e+32,2.386638743865424e+32,1.0
O3,total_projection,top,3,2,s,0.0,0.0,-5.460235272435108e+33,-7.543041511073313e+32,5.512090708861951e+33,5.512090708861951e+33,1.0
O3,total_projection,top,3,2,p,0.0,0.0,-1.4920966169514337e+34,1.682773155921004e+34,2.2490170761037474e+34,2.2490170761037474e+34,1.0
O3,total_projection,top,4,-2,s,0.0,0.0,1.3840777826333365e+40,4.70339318828378e+39,1.4618106523127939e+40,1.4618106523127939e+40,1.0
O3,total_projection,top,4,-2,p,0.0,0.0,-1.4616545130108087e+41,8.680459186679125e+40,1.6999816564659997e+41,1.6999816564659997e+41,1.0
O3,total_projection,top,4,-1,s,0.0,0.0,1.0736194950537828e+40,4.694452689133659e+40,4.815656224303577e+40,4.815656224303577e+40,1.0
O3,total_projection,top,4,-1,p,0.0,0.0,-6.651340644297375e+40,1.5228085418681647e+40,6.823435954243938e+40,6.823435954243938e+40,1.0
O3,total_projection,top,4,0,s,0.0,0.0,-2.7872817099640197e+44,-2.058198248846748e+44,3.4648404526407518e+44,3.4648404526407518e+44,1.0
O3,total_projection,top,4,0,p,0.0,0.0,-1.2147333773251943e+33,1.2151604432149674e+33,1.7181944246045814e+33,1.7181944246045814e+33,1.0
O3,total_projection,top,4,1,s,0.0,0.0,1.0736097416779569e+40,4.694452545028427e+40,4.815653909382368e+40,4.815653909382368e+40,1.0
O3,total_projection,top,4,1,p,0.0,0.0,6.651299343160504e+40,-1.5228173473390983e+40,6.823397659940701e+40,6.823397659940701e+40,1.0
O3,total_projection,top,4,2,s,0.0,0.0,-1.5449595641369786e+40,1.3479730433045406e+40,2.050349087422439e+40,2.050349087422439e+40,1.0
O3,total_projection,top,4,2,p,0.0,0.0,-4.151903985129191e+40,8.367946277176018e+40,9.341350630365806e+40,9.341350630365806e+40,1.0
O3,total_projection,top,5,-2,s,0.0,0.0,1.9340970121348208e+47,-4.367052403050864e+47,4.776178173324481e+47,4.776178173324481e+47,1.0
O3,total_projection,top,5,-2,p,0.0,0.0,1.2055117008183156e+48,6.27338473712679e+47,1.3589746213266904e+48,1.3589746213266904e+48,1.0
O3,total_projection,top,5,-1,s,0.0,0.0,-9.941334576180155e+48,-1.4985672147576213e+49,1.7983339591694212e+49,1.7983339591694212e+49,1.0
O3,total_projection,top,5,-1,p,0.0,0.0,2.4628233921429675e+49,-1.634225478241792e+49,2.955704987751857e+49,2.955704987751857e+49,1.0
O3,total_projection,top,5,0,s,0.0,0.0,5.434567816377089e+52,4.0107439048482754e+52,6.754301889986798e+52,6.754301889986798e+52,1.0
O3,total_projection,top,5,0,p,0.0,0.0,2.2063353116921424e+40,-5.127458492412359e+40,5.582001979490091e+40,5.582001979490091e+40,1.0
O3,total_projection,top,5,1,s,0.0,0.0,-9.941327038153238e+48,-1.49856658837675e+49,1.7983330204926724e+49,1.7983330204926724e+49,1.0
O3,total_projection,top,5,1,p,0.0,0.0,-2.4628215554502824e+49,1.634223360880307e+49,2.955702286638063e+49,2.955702286638063e+49,1.0
O3,total_projection,top,5,2,s,0.0,0.0,2.6012515174655696e+47,3.2160351534852974e+47,4.1363500293822e+47,4.1363500293822e+47,1.0
O3,total_projection,top,5,2,p,0.0,0.0,1.1761200250479288e+48,-8.767930516488078e+47,1.466977971456412e+48,1.466977971456412e+48,1.0
O3,total_projection,top,6,-2,s,0.0,0.0,-7.720453601555648e+53,3.903154523074209e+53,8.651012602277738e+53,8.651012602277738e+53,1.0
O3,total_projection,top,6,-2,p,0.0,0.0,-1.4776916645810279e+54,-6.47434409964216e+54,6.640836105201174e+54,6.640836105201174e+54,1.0
O3,total_projection,top,6,-1,s,0.0,0.0,-8.325830820892338e+54,-1.0233843935436257e+55,1.319283974559633e+55,1.319283974559633e+55,1.0
O3,total_projection,top,6,-1,p,0.0,0.0,1.9095292560050126e+55,-1.552840149320927e+55,2.461222157563615e+55,2.461222157563615e+55,1.0
O3,total_projection,top,6,0,s,0.0,0.0,-3.633822528014325e+61,-2.684164961845997e+61,4.517677246938535e+61,4.517677246938535e+61,1.0
O3,total_projection,top,6,0,p,0.0,0.0,-7.513562996783817e+48,2.515845569852019e+48,7.923579231507882e+48,7.923579231507882e+48,1.0
O3,total_projection,top,6,1,s,0.0,0.0,-8.325783188119961e+54,-1.0234106328374256e+55,1.3193013228070795e+55,1.3193013228070795e+55,1.0
O3,total_projection,top,6,1,p,0.0,0.0,-1.909590991776025e+55,1.5528361872571383e+55,2.4612675556158923e+55,2.4612675556158923e+55,1.0
O3,total_projection,top,6,2,s,0.0,0.0,2.6413875604635313e+54,3.0628092859891543e+54,4.044468935090598e+54,4.044468935090598e+54,1.0
O3,total_projection,top,6,2,p,0.0,0.0,1.281233291957715e+55,-6.580315974161863e+54,1.440334798447535e+55,1.440334798447535e+55,1.0
O3,total_projection,top,7,-2,s,0.0,0.0,-1.2115088427217012e+61,6.2892418176390065e+60,1.365027216725098e+61,1.365027216725098e+61,1.0
O3,total_projection,top,7,-2,p,0.0,0.0,-4.1836426077642576e+61,-1.7577915329746164e+61,4.537917643908687e+61,4.537917643908687e+61,1.0
O3,total_projection,top,7,-1,s,0.0,0.0,5.00026784935726e+61,1.7311465590688298e+61,5.29145981505026e+61,5.29145981505026e+61,1.0
O3,total_projection,top,7,-1,p,0.0,0.0,-3.598940234948644e+61,1.0437517164623799e+62,1.1040567710790448e+62,1.1040567710790448e+62,1.0
O3,total_projection,top,7,0,s,0.0,0.0,-4.960538550648059e+67,-3.663641233670566e+67,6.166782775606477e+67,6.166782775606477e+67,1.0
O3,total_projection,top,7,0,p,0.0,0.0,-2.559592209865591e+56,7.710460770726278e+55,2.6732048806205836e+56,2.6732048806205836e+56,1.0
O3,total_projection,top,7,1,s,0.0,0.0,5.0007576878583586e+61,1.7312981392406222e+61,5.291972288250621e+61,5.291972288250621e+61,1.0
O3,total_projection,top,7,1,p,0.0,0.0,3.5979801319583585e+61,-1.0437775759115547e+62,1.1040499256263153e+62,1.1040499256263153e+62,1.0
O3,total_projection,top,7,2,s,0.0,0.0,1.3288722099877118e+61,7.680414326013427e+59,1.3310898643215446e+61,1.3310898643215446e+61,1.0
O3,total_projection,top,7,2,p,0.0,0.0,-3.945336595750879e+61,1.0722372928571149e+61,4.088443917429306e+61,4.088443917429306e+61,1.0
O3,total_projection,top,8,-2,s,0.0,0.0,-1.4167780898838033e+68,4.494153416244701e+68,4.712183685375467e+68,4.712183685375467e+68,1.0
O3,total_projection,top,8,-2,p,0.0,0.0,-2.1680682978372097e+69,-5.721260321290441e+67,2.1688230508856947e+69,2.1688230508856947e+69,1.0
O3,total_projection,top,8,-1,s,0.0,0.0,3.149416296137892e+68,1.158304655196205e+68,3.355665758180948e+68,3.355665758180948e+68,1.0
O3,total_projection,top,8,-1,p,0.0,0.0,-2.655693065134352e+68,7.25929960309495e+68,7.729821238793119e+68,7.729821238793119e+68,1.0
O3,total_projection,top,8,0,s,0.0,0.0,4.19539466518903e+74,3.098548169557634e+74,5.215585983929853e+74,5.215585983929853e+74,1.0
O3,total_projection,top,8,0,p,0.0,0.0,1.707862123744489e+63,-2.4700385342738418e+63,3.0029790865936288e+63,3.0029790865936288e+63,1.0
O3,total_projection,top,8,1,s,0.0,0.0,3.1491468265401864e+68,1.1572325147232518e+68,3.3550428951417044e+68,3.3550428951417044e+68,1.0
O3,total_projection,top,8,1,p,0.0,0.0,2.653459911054803e+68,-7.257860060617643e+68,7.727702256109748e+68,7.727702256109748e+68,1.0
O3,total_projection,top,8,2,s,0.0,0.0,-7.617154829681662e+67,-1.7311846053874182e+68,1.8913515312928525e+68,1.8913515312928525e+68,1.0
O3,total_projection,top,8,2,p,0.0,0.0,-1.1491266672205841e+69,3.894996182805858e+68,1.213343335564262e+69,1.213343335564262e+69,1.0
O3,total_projection,bottom,-8,-2,s,1.949791240332957e-12,-2.41134403127235e-13,1.949811340626029e-12,-2.4112647699130004e-13,2.160660575968516e-17,1.9646644094959603e-12,1.0997606336864621e-05
O3,total_projection,bottom,-8,-2,p,-7.702214702727882e-13,-2.9318480316896595e-13,-7.702095818404916e-13,-2.9321524715563397e-13,3.268288767405256e-17,1e-12,3.2682887674052566e-05
O3,total_projection,bottom,-8,-1,s,-1.903330820665296e-09,3.237481572425622e-09,-1.9033307130983116e-09,3.23748155485631e-09,1.0899237050616367e-16,3.755523215406631e-09,2.902188703268673e-08
O3,total_projection,bottom,-8,-1,p,-1.8151792154429116e-09,-1.0663025663499495e-09,-1.8151792373426366e-09,-1.066302702225121e-09,1.3762870397304617e-16,2.1052023932278794e-09,6.537552133503984e-08
O3,total_projection,bottom,-8,0,s,-8.274636104366184e-07,-8.420012475585646e-07,-8.274636210635344e-07,-8.420012632050656e-07,1.8914130648627667e-14,1.1805346972548086e-06,1.6021664329401076e-08
O3,total_projection,bottom,-8,0,p,9.48444416323265e-14,-6.082384367715332e-14,9.484446184687205e-14,-6.082384995548385e-14,2.1167080238364172e-20,1e-12,2.1167080238364173e-08
O3,total_projection,bottom,-8,1,s,-1.9032898188753e-09,3.237495925392467e-09,-1.9032897157906176e-09,3.2374959048816713e-09,1.0510539705907511e-16,3.755514808433049e-09,2.7986947840828587e-08
O3,total_projection,bottom,-8,1,p,1.8154195116982093e-09,1.0664001016849462e-09,1.8154195362784968e-09,1.0664002339591575e-09,1.3453868408604188e-16,2.105458988365667e-09,6.389993100291906e-08
O3,total_projection,bottom,-8,2,s,-1.1310659484885388e-13,4.600742745683036e-13,-1.1309769522904305e-13,4.600744220157771e-13,8.900841170070479e-18,1e-12,8.900841170070479e-06
O3,total_projection,bottom,-8,2,p,8.881201368344159e-13,-7.509158666403999e-13,8.881210824436409e-13,-7.50904271948064e-13,1.1633188177362846e-17,1.1630203277289337e-12,1.0002566507224632e-05
O3,total_projection,bottom,-7,-2,s,3.846128904452561e-13,3.4636986817831075e-13,3.8460937310928495e-13,3.4636881202727813e-13,3.672479725964689e-18,1e-12,3.672479725964689e-06
O3,total_projection,bottom,-7,-2,p,-3.066362358976425e-13,-1.6256219401036923e-12,-3.0663845095333924e-13,-1.6256144653773265e-12,7.79602501181224e-18,1.6542821795712708e-12,4.712633133624569e-06
O3,total_projection,bottom,-7,-1,s,9.143427300958762e-09,-8.393035120311882e-09,9.143427299358093e-09,-8.393035120437725e-09,1.6056077897441109e-18,1.2411498753637608e-08,1.2936453700029847e-10
O3,total_projection,bottom,-7,-1,p,1.6020745161472714e-09,1.7429858496929908e-09,1.6020745157365371e-09,1.742985854357894e-09,4.682950475388439e-18,2.367412605031953e-09,1.978088004361721e-09
O3,total_projection,bottom,-7,0,s,-1.5993857607557606e-05,1.1273035633724248e-05,-1.599385760756937e-05,1.1273035633747764e-05,2.6293588890104583e-17,1.956744269369279e-05,1.3437417092106697e-12
O3,total_projection,bottom,-7,0,p,5.728133531262658e-14,3.7867483898614125e-14,5.728134201536877e-14,3.7867479945653226e-14,7.781558504609086e-21,1e-12,7.781558504609085e-09
O3,total_projection,bottom,-7,1,s,9.143377825013264e-09,-8.392983306096277e-09,9.143377823575553e-09,-8.392983306241505e-09,1.4450271015651763e-18,1.2411427266978679e-08,1.1642714979362242e-10
O3,total_projection,bottom,-7,1,p,-1.6021634199907558e-09,-1.7429876959091145e-09,-1.602163419517007e-09,-1.7429877001852383e-09,4.302286833363726e-18,2.3674741278069873e-09,1.8172476661229547e-09
O3,total_projection,bottom,-7,2,s,-3.6856190078819067e-13,-1.8863348963048484e-13,-3.685638995570758e-13,-1.8863453989681565e-13,2.257905317294284e-18,1e-12,2.257905317294284e-06
O3,total_projection,bottom,-7,2,p,-8.924526478470649e-13,-8.501651256900866e-13,-8.924502155398767e-13,-8.501693510956707e-13,4.875466193877999e-18,1.2325807530379525e-12,3.955494341333333e-06
O3,total_projection,bottom,-6,-2,s,3.4368445264739996e-14,-3.856643620363716e-14,3.4368136409102746e-14,-3.857059002186164e-14,4.165284821797166e-18,1e-12,4.165284821797166e-06
O3,total_projection,bottom,-6,-2,p,2.2400538832001878e-13,4.601690521516611e-13,2.239918567950253e-13,4.601723144335233e-13,1.391921878545248e-17,1e-12,1.391921878545248e-05
O3,total_projection,bottom,-6,-1,s,-3.4076723052159815e-08,1.7398907147814283e-08,-3.407672305231017e-08,1.739890714809963e-08,3.225357403197185e-19,3.826153452139681e-08,8.429764889313271e-12
O3,total_projection,bottom,-6,-1,p,-1.687777072200507e-08,8.60009547135779e-09,-1.687777072211045e-08,8.600095471822913e-09,4.769122590082849e-19,1.8942565472305955e-08,2.5176751253969844e-11
O3,total_projection,bottom,-6,0,s,-0.0004291335883787103,-0.00042595703410520935,-0.00042913358837870334,-0.00042595703410520675,7.410741937918042e-18,0.0006046445497798576,1.225636109779901e-14
O3,total_projection,bottom,-6,0,p,-7.24835114065785e-15,-2.647168117036953e-14,-7.248219414823576e-15,-2.647155043178842e-14,1.8559168086235685e-19,1e-12,1.8559168086235685e-07
O3,total_projection,bottom,-6,1,s,-3.407668644106872e-08,1.7398901457512013e-08,-3.407668644111517e-08,1.7398901457707644e-08,2.010718318599588e-19,3.8261499326883465e-08,5.255200015611537e-12
O3,total_projection,bottom,-6,1,p,1.6877700441164006e-08,-8.600127951524872e-09,1.6877700441107863e-08,-8.600127951844164e-09,3.241896746294055e-19,1.8942517598457283e-08,1.7114392157450503e-11
O3,total_projection,bottom,-6,2,s,-5.252157215126967e-14,-1.1183734446157743e-13,-5.2522262982456714e-14,-1.1184100124026162e-13,3.721461819519595e-18,1e-12,3.7214618195195945e-06
O3,total_projection,bottom,-6,2,p,1.702898906336478e-13,1.9869555356609132e-13,1.7030199430590387e-13,1.986912278111874e-13,1.2853444579998138e-17,1e-12,1.285344457999814e-05
O3,total_projection,bottom,-5,-2,s,-2.8014232516618633e-14,-3.5981114720411313e-16,-2.8014404215520196e-14,-3.6023260446901207e-16,4.5508981413963165e-19,1e-12,4.550898141396317e-07
O3,total_projection,bottom,-5,-2,p,-1.8280701515462095e-14,2.1661124365365017e-14,-1.828365598726849e-14,2.1662062934167955e-14,3.0999701696342652e-18,1e-12,3.0999701696342655e-06
O3,total_projection,bottom,-5,-1,s,-2.8769223076714413e-09,-3.845659021451426e-08,-2.87692230763141e-09,-3.845659021452119e-08,4.062757565130599e-20,3.8564050784269986e-08,1.0535090278399308e-12
O3,total_projection,bottom,-5,-1,p,-3.4036386625257607e-09,-4.539490556597463e-08,-3.403638662440659e-09,-4.539490556598451e-08,8.567349088071583e-20,4.5522326472722285e-08,1.882010378622735e-12
O3,total_projection,bottom,-5,0,s,-3.771401164562549e-06,-7.476162153658957e-07,-3.7714011645627657e-06,-7.476162153659499e-07,2.2351400383409363e-19,3.844788258089578e-06,5.813428174199498e-14
O3,total_projection,bottom,-5,0,p,2.856187902186358e-15,-2.007970660161233e-14,2.856190204553791e-15,-2.0079706289036304e-14,2.32348866334171e-21,1e-12,2.32348866334171e-09
O3,total_projection,bottom,-5,1,s,-2.876977407310473e-09,-3.84566460144666e-08,-2.876977407314593e-09,-3.845664601445626e-08,1.112581306791186e-20,3.856411053924871e-08,2.88501741965202e-13
O3,total_projection,bottom,-5,1,p,3.403687260005282e-09,4.5394944083714264e-08,3.4036872600095883e-09,4.53949440837015e-08,1.3470607708098106e-20,4.55223685162178e-08,2.959118373486886e-13
O3,total_projection,bottom,-5,2,s,5.926836523559345e-14,-2.5597803939253766e-14,5.9268442578592e-14,-2.5597729411310758e-14,1.0740741926603516e-19,1e-12,1.0740741926603517e-07
O3,total_projection,bottom,-5,2,p,-4.6110726234266995e-14,-4.073570897758746e-14,-4.611107348894227e-14,-4.073519340246934e-14,6.216136355648815e-19,1e-12,6.216136355648815e-07
O3,total_projection,bottom,-4,-2,s,4.764289576400311e-16,-2.2762386016301282e-14,4.764468484651912e-16,-2.276239122585039e-14,1.8633867736390332e-20,1e-12,1.863386773639033e-08
O3,total_projection,bottom,-4,-2,p,1.132083997207647e-15,3.4339631773564606e-15,1.1317885194869508e-15,3.4331973548920408e-15,8.208478119833653e-19,1e-12,8.208478119833654e-07
O3,total_projection,bottom,-4,-1,s,-4.413408436064666e-09,1.462186542083893e-10,-4.4134084360627916e-09,1.462186542066071e-10,2.586248017622214e-21,4.4158299240740925e-09,5.856765459925399e-13
O3,total_projection,bottom,-4,-1,p,-2.4910297016959874e-08,7.974483995348676e-10,-2.4910297016941987e-08,7.974483995405909e-10,1.8781821605286162e-20,2.4923058027100097e-08,7.535921789719279e-13
O3,total_projection,bottom,-4,0,s,7.3363715888677e-08,-1.2010613641596956e-06,7.336371588858944e-08,-1.201061364159572e-06,1.5152751970786738e-19,1.2032998941601524e-06,1.2592664592032279e-13
O3,total_projection,bottom,-4,0,p,2.8690646323228247e-15,-4.4865775254937245e-15,2.8690640679991602e-15,-4.486577141805375e-15,6.82405999244403e-22,1e-12,6.82405999244403e-10
O3,total_projection,bottom,-4,1,s,-4.413419222553581e-09,1.4620031466156909e-10,-4.4134192225524234e-09,1.4620031466050458e-10,1.5723795599604762e-21,4.415840097422241e-09,3.560771054364847e-13
O3,total_projection,bottom,-4,1,p,2.4910272762949985e-08,-7.975130559614336e-10,2.491027276294416e-08,-7.975130559619447e-10,5.850645536525003e-21,2.4923035854379925e-08,2.347485102019312e-13
O3,total_projection,bottom,-4,2,s,3.0222549265041914e-14,1.2876875522363003e-14,3.02225394737859e-14,1.2876881716333973e-14,1.1585938486927573e-20,1e-12,1.1585938486927572e-08
O3,total_projection,bottom,-4,2,p,-1.0899751815161428e-15,3.155820208029032e-14,-1.0899670585080057e-15,3.1557744637338404e-14,4.575150680771677e-19,1e-12,4.575150680771677e-07
O3,total_projection,bottom,-3,-2,s,-1.1031188164361205e-14,5.855713725827346e-15,-1.1031167265656072e-14,5.855708242671018e-15,2.1606038035568733e-20,1e-12,2.1606038035568734e-08
O3,total_projection,bottom,-3,-2,p,9.744140168999941e-14,-9.942482063003064e-14,9.74411955727859e-14,-9.942469831191331e-14,2.396790093669602e-19,1e-12,2.396790093669602e-07
O3,total_projection,bottom,-3,-1,s,-8.577459314755662e-09,-2.2736428080390694e-09,-8.57745931476276e-09,-2.273642808026623e-09,1.4328703147034334e-20,8.873683559542881e-09,1.6147412797501719e-12
O3,total_projection,bottom,-3,-1,p,2.0027834322467758e-08,5.280705117526426e-09,2.0027834322505325e-08,5.280705117497834e-09,4.7210558636040376e-20,2.0712315036897498e-08,2.279347265235111e-12
O3,total_projection,bottom,-3,0,s,-3.9723706670330953e-08,-3.2512460045984566e-08,-3.9723706670302154e-08,-3.251246004606546e-08,8.586528863363335e-20,5.1332571822140475e-08,1.6727252421940492e-12
O3,total_projection,bottom,-3,0,p,1.3900267931058052e-14,9.651091509434736e-15,1.3900268053563316e-14,9.651091495878979e-15,1.2325298542480853e-22,1e-12,1.2325298542480853e-10
O3,total_projection,bottom,-3,1,s,-8.577445584962966e-09,-2.2736022560482135e-09,-8.577445584962695e-09,-2.273602256048398e-09,3.2819749321747425e-22,8.873659897793265e-09,3.698558396396189e-14
O3,total_projection,bottom,-3,1,p,-2.0027856466180107e-08,-5.280712598217681e-09,-2.002785646619444e-08,-5.280712598203859e-09,1.9911632139855926e-20,2.071233835604554e-08,9.613415828562928e-13
O3,total_projection,bottom,-3,2,s,7.47915774495936e-14,3.424326494892331e-14,7.479160634914191e-14,3.4243244179387927e-14,3.558872703956467e-20,1e-12,3.558872703956467e-08
O3,total_projection,bottom,-3,2,p,1.3946812961214116e-13,-3.3227224331546016e-14,1.3946816798435815e-13,-3.322752651215353e-14,3.046072004959622e-19,1e-12,3.0460720049596223e-07
O3,total_projection,bottom,-2,-2,s,-1.8674392141449165e-14,-2.9320075549919627e-14,-1.867423772961293e-14,-2.932019354261609e-14,1.9433294004675642e-19,1e-12,1.9433294004675642e-07
O3,total_projection,bottom,-2,-2,p,9.865694957686405e-14,1.3778580122986372e-13,9.865727300743475e-14,1.3778620827277956e-13,5.19895440832564e-19,1e-12,5.19895440832564e-07
O3,total_projection,bottom,-2,-1,s,-4.9415704875849725e-08,3.333546170651946e-08,-4.941570487585534e-08,3.3335461706536114e-08,1.757927112419954e-20,5.960842973578124e-08,2.949125015055917e-13
O3,total_projection,bottom,-2,-1,p,4.091537772357958e-08,-2.7612875970462718e-08,4.0915377723588606e-08,-2.7612875970495064e-08,3.3583213555422033e-20,4.936131130375159e-08,6.803549717057379e-13
O3,total_projection,bottom,-2,0,s,-1.958920072180103e-06,-3.3592284766874184e-06,-1.9589200721799674e-06,-3.359228476687554e-06,1.9166167708542177e-19,3.888673785209831e-06,4.9287157440253065e-14
O3,total_projection,bottom,-2,0,p,7.955843110448627e-15,2.5042348275325752e-15,7.955843219703692e-15,2.5042355774546502e-15,7.578388931046074e-22,1e-12,7.578388931046074e-10
O3,total_projection,bottom,-2,1,s,-4.941571833550013e-08,3.3335496716355443e-08,-4.941571833550894e-08,3.3335496716364437e-08,1.259326149408901e-20,5.960846047283137e-08,2.1126634363973934e-13
O3,total_projection,bottom,-2,1,p,-4.091538156222449e-08,2.7612856647556057e-08,-4.091538156223619e-08,2.761285664757645e-08,2.3510292239912623e-20,4.936130367629064e-08,4.762899374394998e-13
O3,total_projection,bottom,-2,2,s,3.573193797669045e-14,1.061730677544441e-13,3.573182355240568e-14,1.0617306830971769e-13,1.1442563206226255e-19,1e-12,1.1442563206226254e-07
O3,total_projection,bottom,-2,2,p,1.3673313386934472e-14,-3.275001811783176e-14,1.36734535838266e-14,-3.274957482520032e-14,4.649338938485207e-19,1e-12,4.649338938485207e-07
O3,total_projection,bottom,-1,-2,s,-2.7190280933247255e-14,-1.7915259731872849e-13,-2.7189843303628055e-14,-1.7915221789745512e-13,5.792065143675498e-19,1e-12,5.792065143675498e-07
O3,total_projection,bottom,-1,-2,p,4.789130685865676e-13,-4.774829942285549e-13,4.789112790402965e-13,-4.774821037502036e-13,1.9988565607986808e-18,1e-12,1.998856560798681e-06
O3,total_projection,bottom,-1,-1,s,5.716744885179008e-08,2.1528611623638316e-07,5.7167448851797814e-08,2.1528611623635958e-07,2.4812529135241868e-20,2.2274700683142356e-07,1.1139332235346337e-13
O3,total_projection,bottom,-1,-1,p,-1.7725890730776607e-08,-6.673360243543767e-08,-1.772589073078124e-08,-6.673360243539953e-08,3.8418567980576666e-20,6.904767118596802e-08,5.564064264687923e-13
O3,total_projection,bottom,-1,0,s,2.7890544331557183e-05,6.114103380278714e-05,2.7890544331560002e-05,6.114103380279795e-05,1.1179537584699853e-17,6.720199757139364e-05,1.6635722134335377e-13
O3,total_projection,bottom,-1,0,p,-3.353528607183968e-14,4.0150357948756696e-16,-3.353529595473944e-14,4.0148223739339823e-16,2.351928338964869e-20,1e-12,2.351928338964869e-08
O3,total_projection,bottom,-1,1,s,5.716755362364086e-08,2.152860702296177e-07,5.716755362364887e-08,2.1528607022955305e-07,6.513720822905136e-20,2.2274698925506673e-07,2.9242688508109525e-13
O3,total_projection,bottom,-1,1,p,1.772593709201075e-08,6.673375499394957e-08,1.772593709205055e-08,6.673375499386128e-08,9.685263429779322e-20,6.904783053342109e-08,1.4026890280196973e-12
O3,total_projection,bottom,-1,2,s,5.977009387847479e-14,1.006853112972672e-13,5.977055520053754e-14,1.006851056658313e-13,5.050765615325895e-19,1e-12,5.050765615325895e-07
O3,total_projection,bottom,-1,2,p,-2.4635244595878373e-13,-5.282629791062171e-13,-2.4635184155201366e-13,-5.282636663928451e-13,9.152433844167273e-19,1e-12,9.152433844167273e-07
O3,total_projection,bottom,0,-2,s,2.041918467128261e-12,-7.806574603696753e-13,2.0419195942206846e-12,-7.806550788194275e-13,2.634790108180639e-18,2.186059921719652e-12,1.205268932476469e-06
O3,total_projection,bottom,0,-2,p,3.226425859822955e-13,4.395222844559229e-12,3.2263930008786535e-13,4.395223919366962e-12,3.4572118634408802e-18,4.4070499678738235e-12,7.844730349424216e-07
O3,total_projection,bottom,0,-1,s,-1.1852285290995878e-09,2.8450316625110465e-09,-1.1852285293247968e-09,2.845031660037334e-09,2.483943222422212e-18,3.0820402030700716e-09,8.059412138582471e-10
O3,total_projection,bottom,0,-1,p,1.0363014795096831e-09,4.375747578307521e-10,1.0363014836658744e-09,4.375747567478904e-10,4.294940676254513e-18,1.1248966320471709e-09,3.818075860391064e-09
O3,total_projection,bottom,0,0,s,-5.0161418982952455e-05,-2.681582073954178e-05,-5.016141898095405e-05,-2.6815820735059254e-05,4.907814467711566e-15,5.6879312547512836e-05,8.628470084992562e-11
O3,total_projection,bottom,0,0,p,4.466717451562607e-14,-1.958531654611636e-13,4.466861162529411e-14,-1.9585249279627284e-13,1.5867458061180674e-18,1e-12,1.5867458061180674e-06
O3,total_projection,bottom,0,1,s,-1.185322592792116e-09,2.845262070734761e-09,-1.1853225930332313e-09,2.8452620684674912e-09,2.280054463960413e-18,3.082289066232259e-09,7.397276553128468e-10
O3,total_projection,bottom,0,1,p,-1.035913575358889e-09,-4.3762197621620086e-10,-1.0359135792646714e-09,-4.3762197550504277e-10,3.9699978633977124e-18,1.1245576628834464e-09,3.5302750534093142e-09
O3,total_projection,bottom,0,2,s,-1.3918997826779062e-12,3.7566681580928047e-13,-1.3918943899084264e-12,3.7566758677634093e-13,5.447600652645789e-18,1.441699042245957e-12,3.778597677473116e-06
O3,total_projection,bottom,0,2,p,7.047937302424437e-13,1.8004585057514897e-12,7.047938882110445e-13,1.8004488973522165e-12,9.609697740856125e-18,1.9334814860340542e-12,4.970152447938604e-06
O3,total_projection,bottom,1,-2,s,7.017576146503403e-14,6.818209535404835e-13,7.0172276549376e-14,6.81821214109037e-13,3.494643488929238e-18,1e-12,3.4946434889292385e-06
O3,total_projection,bottom,1,-2,p,-9.025581941399465e-13,1.1931428005519087e-12,-9.025576556433582e-13,1.1931360360619566e-12,6.7858899848026514e-18,1.496056122714009e-12,4.535852553774725e-06
O3,total_projection,bottom,1,-1,s,5.051694626872779e-09,-2.7025178857435273e-09,5.051694694733203e-09,-2.7025176774378096e-09,2.1908059953902012e-16,5.729155355343355e-09,3.823959832660017e-08
O3,total_projection,bottom,1,-1,p,-1.8277989749926655e-09,-3.4230967146436608e-09,-1.827799206750237e-09,-3.4230966131126317e-09,2.53021978872417e-16,3.880520630392263e-09,6.520310107121895e-08
O3,total_projection,bottom,1,0,s,-3.3412146055178393e-06,-1.3118990220724325e-06,-3.3412147855682583e-06,-1.3118994299477719e-06,4.458480076038604e-13,3.589539853184142e-06,1.2420756582723713e-07
O3,total_projection,bottom,1,0,p,1.736172821921439e-13,1.3639909354358109e-14,1.7361729577019086e-13,1.3639898870777968e-14,1.715426513797988e-20,1e-12,1.715426513797988e-08
O3,total_projection,bottom,1,1,s,5.051304407419168e-09,-2.703418829196314e-09,5.051304477997872e-09,-2.7034186185765237e-09,2.2213070344493225e-16,5.7292363502222134e-09,3.877143302637823e-08
O3,total_projection,bottom,1,1,p,1.8277460187548796e-09,3.4233773051980925e-09,1.8277462515127083e-09,3.4233772016335896e-09,2.5475834240735955e-16,3.880743205184206e-09,6.564679210596389e-08
O3,total_projection,bottom,1,2,s,-1.103789502993397e-12,-9.71268642743826e-13,-1.1037996942564143e-12,-9.71262243506735e-13,1.2033788980896894e-17,1.470280283042077e-12,8.184690442830694e-06
O3,total_projection,bottom,1,2,p,-1.7031192831440452e-12,-5.616192515876067e-13,-1.7031144967899317e-12,-5.616028987865412e-13,1.7038875795923427e-17,1.793320050939449e-12,9.501302228231617e-06
O3,total_projection,bottom,2,-2,s,3.9037766518216244e-12,5.589170941434152e-13,3.903795183900734e-12,5.589182668388325e-13,1.8569145663509073e-17,3.943603233954031e-12,4.708674925416071e-06
O3,total_projection,bottom,2,-2,p,4.6288530158958375e-12,-2.1215362849763355e-12,4.62884276472104e-12,-2.121516800409009e-12,2.2016697041649046e-17,5.091858096503476e-12,4.323902320995095e-06
O3,total_projection,bottom,2,-1,s,2.9416207576513572e-09,-3.5122973199994785e-10,2.941623927863308e-09,-3.5123216017815665e-10,3.99328101031302e-15,2.962518415693204e-09,1.3479345779454425e-06
O3,total_projection,bottom,2,-1,p,-3.327940179530957e-10,-2.7756436763909597e-09,-3.327915847135533e-10,-2.7756405788564284e-09,3.938956059915549e-15,2.795519783841747e-09,1.4090245694854046e-06
O3,total_projection,bottom,2,0,s,6.765902597682949e-06,-1.2485964006993602e-06,6.7659113148210714e-06,-1.2485753780825531e-06,2.2758271341722746e-11,6.8801523525847735e-06,3.3078150272606675e-06
O3,total_projection,bottom,2,0,p,9.41550021845389e-13,-1.941254052335025e-13,9.415499572555622e-13,-1.9412536540202293e-13,7.588407269296397e-20,1e-12,7.588407269296397e-08
O3,total_projection,bottom,2,1,s,2.9398921689499904e-09,-3.5130350555508494e-10,2.939895370751525e-09,-3.51305899314214e-10,3.997701318922973e-15,2.9608108054820416e-09,1.3502049207335685e-06
O3,total_projection,bottom,2,1,p,3.3148371532329784e-10,2.772927162006788e-09,3.314813016315493e-10,2.7729240461502733e-09,3.9413791595086354e-15,2.7926667576081734e-09,1.4113317132346632e-06
O3,total_projection,bottom,2,2,s,-5.508484416050029e-12,-2.4540256962980757e-13,-5.508470003999071e-12,-2.4538488431011277e-13,2.2813981360690373e-17,5.513932854724059e-12,4.13751526574077e-06
O3,total_projection,bottom,2,2,p,-1.89479003664035e-12,-1.4281832745502189e-11,-1.894765547717084e-12,-1.4281853038918793e-11,3.1804561311280255e-17,1.4406993534602894e-11,2.207577954060413e-06
O3,total_projection,bottom,3,-2,s,4.510727021064257e-12,5.185224484981684e-12,4.510619232221114e-12,5.185294520382034e-12,1.2854334680668312e-16,6.872624325626051e-12,1.8703677185930524e-05
O3,total_projection,bottom,3,-2,p,-1.4399536361927675e-11,1.72175027355864e-12,-1.4399597174984643e-11,1.7216710133595764e-12,9.990198723428636e-17,1.4502156732019838e-11,6.888767586803771e-06
O3,total_projection,bottom,3,-1,s,-2.0001334525068706e-07,5.034810863599231e-09,-2.000137051962762e-07,5.034814256178643e-09,3.599615767375492e-13,2.0007706420511347e-07,1.7991146469868557e-06
O3,total_projection,bottom,3,-1,p,6.047356360229577e-09,2.3681271675478602e-07,6.047356579194861e-09,2.3681232689615904e-07,3.898586884639599e-13,2.3688952845486697e-07,1.6457404892772083e-06
O3,total_projection,bottom,3,0,s,-2.0576658606261122e-05,-6.048945460411211e-05,-2.0576616580475493e-05,-6.048923070060526e-05,2.278134039863223e-10,6.3893224841535e-05,3.5655330365830572e-06
O3,total_projection,bottom,3,0,p,-5.351873344677308e-12,3.4581189984073304e-12,-5.35187336867751e-12,3.458119192935909e-12,1.9600351405512809e-19,6.371902141975445e-12,3.07605970223457e-08
O3,total_projection,bottom,3,1,s,-2.000164075407699e-07,5.037260787972931e-09,-2.0001676746498648e-07,5.037264270327521e-09,3.599410625033838e-13,2.000801871712229e-07,1.7989840353125844e-06
O3,total_projection,bottom,3,1,p,-6.055515172101881e-09,-2.3683816138709932e-07,-6.055515342158133e-09,-2.3683777153313808e-07,3.8985399833116754e-13,2.369151731967415e-07,1.6455425504022953e-06
O3,total_projection,bottom,3,2,s,-9.952082824662216e-12,-3.551843666197026e-12,-9.952043178452585e-12,-3.5517741075533544e-12,8.006389228293265e-17,1.0566847341419818e-11,7.576894952300392e-06
O3,total_projection,bottom,3,2,p,4.217425472703605e-11,2.1923689155158595e-11,4.217430099475178e-11,2.1923661279101018e-11,5.401644291294042e-17,4.753228995405833e-11,1.136415749486281e-06
O3,total_projection,bottom,4,-2,s,3.2015106264352538e-12,-4.352755900010701e-12,3.200989822337837e-12,-4.352194006739895e-12,7.661337713890285e-16,5.402585354717969e-12,0.00014180873065151658
O3,total_projection,bottom,4,-2,p,3.472043682573666e-11,1.7341110523823942e-11,3.471999296262414e-11,1.734073945740612e-11,5.785367309793771e-16,3.8809524040553644e-11,1.4907081322997947e-05
O3,total_projection,bottom,4,-1,s,2.78289926671162e-06,-4.678668843807857e-07,2.7829149567699996e-06,-4.67865097584123e-07,1.5791471567358368e-11,2.8219697741385484e-06,5.595903865476011e-06
O3,total_projection,bottom,4,-1,p,-6.629227434069179e-07,-3.943611785554603e-06,-6.629239314301839e-07,-3.9435939517020755e-06,1.787337951377596e-11,3.998925029900416e-06,4.469546035530717e-06
O3,total_projection,bottom,4,0,s,1.6906553490514398e-05,0.0010068646211559007,1.6893295851971857e-05,0.0010068233145975047,4.338198642574431e-08,0.0010069650293142499,4.308191959286584e-05
O3,total_projection,bottom,4,0,p,2.4652631426351894e-11,2.1398572724716346e-11,2.4652636257364795e-11,2.139857878645261e-11,7.751343895271994e-18,3.2644320310246266e-11,2.3744846949192058e-07
O3,total_projection,bottom,4,1,s,2.7828942160769913e-06,-4.6786922109965856e-07,2.7829099061443927e-06,-4.6786743400041534e-07,1.5791514770997652e-11,2.8219651807764613e-06,5.59592828379712e-06
O3,total_projection,bottom,4,1,p,6.630096933702283e-07,3.943608383401895e-06,6.630108815232011e-07,3.943590549523526e-06,1.787341392117604e-11,3.9989360899255985e-06,4.4695422780584076e-06
O3,total_projection,bottom,4,2,s,-4.31741272662798e-12,5.201194476083408e-12,-4.317373870266469e-12,5.201530141640854e-12,3.3790706308867945e-16,6.759854506574678e-12,4.998732779825791e-05
O3,total_projection,bottom,4,2,p,-1.7166079003622036e-10,-3.0809434648395105e-11,-1.7166061801208709e-10,-3.080958129648292e-11,2.2604858788626545e-16,1.7440354949357044e-10,1.2961237804084885e-06
O3,total_projection,bottom,5,-2,s,6.467784338650264e-11,-1.5978570568078924e-11,6.467808025899018e-11,-1.5975800669308273e-11,2.7800085926137287e-15,6.662192036420029e-11,4.172813658652181e-05
O3,total_projection,bottom,5,-2,p,-3.322601557229537e-10,-5.12930808507411e-10,-3.3226269162169435e-10,-5.129314775057452e-10,2.6226591837157542e-15,6.111441702740197e-10,4.2913919681829386e-06
O3,total_projection,bottom,5,-1,s,-8.545523718687966e-05,-8.947444582790234e-06,-8.545636414062509e-05,-8.947663785410754e-06,1.1480742716209886e-09,8.59235174987143e-05,1.336158370888584e-05
O3,total_projection,bottom,5,-1,p,-1.4711658180153598e-05,0.0001404832266594441,-1.4711443023672806e-05,0.0001404819394350515,1.3050819698773083e-09,0.00014125013933894809,9.239509256310144e-06
O3,total_projection,bottom,5,0,s,-0.00545423253609556,-0.0264214008847925,-0.005453782773017224,-0.02641970226820023,1.7571525699765135e-06,0.02697673839580322,6.513584200563972e-05
O3,total_projection,bottom,5,0,p,9.439341084796209e-11,3.559667656088647e-13,9.439344957727069e-11,3.5584849922927223e-13,1.2444635746484382e-16,9.43941203214011e-11,1.318369799317143e-06
O3,total_projection,bottom,5,1,s,-8.545526652441619e-05,-8.947332101259667e-06,-8.545639347838052e-05,-8.947551302980131e-06,1.1480743146606176e-09,8.592353496365974e-05,1.3361581493896647e-05
O3,total_projection,bottom,5,1,p,1.4711558261018337e-05,-0.00014048297945913656,1.4711343105365168e-05,-0.00014048169223494607,1.3050816341064635e-09,0.00014124988307661666,9.239523641931527e-06
O3,total_projection,bottom,5,2,s,-4.7793907625075765e-11,2.8271453990982987e-11,-4.779390230238236e-11,2.8271370132460644e-11,8.402727434854775e-17,5.552951887470535e-11,1.5132001150260931e-06
O3,total_projection,bottom,5,2,p,-1.5017332893186178e-10,5.398367851383182e-10,-1.5017315124669527e-10,5.398377639152135e-10,9.947744614277656e-16,5.603363157107886e-10,1.7753167759007208e-06
O3,total_projection,bottom,6,-2,s,1.6656428046372433e-10,7.780594754164082e-11,1.6654847723385353e-10,7.779252646851235e-11,2.0733240901242772e-14,1.8382076173074036e-10,0.00011279052869780133
O3,total_projection,bottom,6,-2,p,-5.011718296816411e-11,1.5543672283484044e-09,-5.0103973211548785e-11,1.554371038286814e-09,1.3748210811635222e-14,1.5551783604450043e-09,8.84027913537921e-06
O3,total_projection,bottom,6,-1,s,8.027664328573053e-06,-1.7776148335548293e-05,8.024210189986018e-06,-1.776845427500646e-05,8.43383904279797e-09,1.949630520114185e-05,0.0004325865314369423
O3,total_projection,bottom,6,-1,p,-3.317484430364053e-05,-1.4965906173133904e-05,-3.3180782339682204e-05,-1.4967926692479007e-05,6.272381561748022e-09,3.6400592661999227e-05,0.00017231536914771555
O3,total_projection,bottom,6,0,s,-0.10732454828848859,0.11641017273393572,-0.10736403072041867,0.11629702780868456,0.00011983587334852964,0.15827834270571875,0.0007571211026093202
O3,total_projection,bottom,6,0,p,-2.369140109937946e-10,-6.227154822329997e-10,-2.3691909756227233e-10,-6.227228390510058e-10,8.944045508254113e-15,6.662690095340368e-10,1.3424075531457239e-05
O3,total_projection,bottom,6,1,s,8.02755295400992e-06,-1.7776057306114126e-05,8.024098829596724e-06,-1.77683632472555e-05,8.433831702247235e-09,1.949617640753067e-05,0.00043258901263273095
O3,total_projection,bottom,6,1,p,3.3175448249718986e-05,1.4966134214460868e-05,3.318138628753185e-05,1.4968154734688473e-05,6.272383522802089e-09,3.6401236958707646e-05,0.00017231237306351081
O3,total_projection,bottom,6,2,s,-2.0975033681551453e-10,4.7504939100789184e-11,-2.0975063327375816e-10,4.7511958927140826e-11,7.026083510561044e-15,2.1506444243490577e-10,3.2669666035972687e-05
O3,total_projection,bottom,6,2,p,-5.26609619149399e-10,5.47401368599587e-10,-5.266109910338644e-10,5.474068962230054e-10,5.695321557319069e-15,7.595876815155528e-10,7.497911953963743e-06
O3,total_projection,bottom,7,-2,s,-4.489175463298426e-10,-7.200880088175052e-11,-4.4902973632307405e-10,-7.214618228040091e-11,1.7737035625043985e-13,4.547887154712683e-10,0.00039000606263205615
O3,total_projection,bottom,7,-2,p,-1.9999430852486646e-09,3.794129469279045e-09,-2.0000220324688322e-09,3.794242828035444e-09,1.3814076597702277e-13,4.289098596262292e-09,3.2207412088265975e-05
O3,total_projection,bottom,7,-1,s,-1.5895535997847389e-06,3.175138398020322e-06,-1.575103293100743e-06,3.1114062216806346e-06,6.53498405832375e-08,3.4873771032467605e-06,0.018738965889979767
O3,total_projection,bottom,7,-1,p,6.437704581686253e-06,3.2995777299520127e-06,6.479213902074354e-06,3.3017676674916086e-06,4.1567048313649656e-08,7.2719930224751e-06,0.005716046231780056
O3,total_projection,bottom,7,0,s,-0.003570196544501414,0.04942309369899256,-0.0035437735550658545,0.04949261450536291,7.437282359232597e-05,0.04961932306658408,0.0014988681625608881
O3,total_projection,bottom,7,0,p,2.5305845923431217e-10,-2.0427719550476906e-10,2.530557069406793e-10,-2.0429858102118315e-10,2.1561897702617706e-14,3.25230842667967e-10,6.629721070037188e-05
O3,total_projection,bottom,7,1,s,-1.5896706613115728e-06,3.174803237374545e-06,-1.5752203269249202e-06,3.1110708069035605e-06,6.535009454947243e-08,3.4871307179291434e-06,0.018740362732453296
O3,total_projection,bottom,7,1,p,-6.434693701810861e-06,-3.297481945774881e-06,-6.476202998570661e-06,-3.299671744498134e-06,4.156701740492789e-08,7.2683587487227804e-06,0.005718900076613883
O3,total_projection,bottom,7,2,s,-2.3251549058134156e-10,-2.7290793159858746e-10,-2.327059756169406e-10,-2.7279558836192966e-10,2.2114599614260344e-13,3.585658992675733e-10,0.0006167513324449664
O3,total_projection,bottom,7,2,p,-1.1724414765403805e-09,-2.440989669158635e-09,-1.1724389284374942e-09,-2.441016052254382e-09,2.6505859153982278e-14,2.707983088625043e-09,9.788044565463082e-06
O3,total_projection,bottom,8,-2,s,4.323506455310396e-10,-4.536535793421793e-10,4.3316820839663746e-10,-4.518074659594894e-10,2.0190452349938734e-12,6.259110823929289e-10,0.003225770068289628
O3,total_projection,bottom,8,-2,p,4.774757677062589e-09,-9.832929021506918e-10,4.7746163942005274e-09,-9.823055416879916e-10,9.974174303750036e-13,4.874616486350427e-09,0.00020461454417345545
O3,total_projection,bottom,8,-1,s,-7.268375338331816e-06,5.513136511993409e-06,-7.4448031169698995e-06,5.519951932866939e-06,1.765593697226293e-07,9.267953538489832e-06,0.019050523828089756
O3,total_projection,bottom,8,-1,p,1.273571324467653e-05,1.7244829596804524e-05,1.269698500406903e-05,1.7125858506775608e-05,1.2511593377032608e-07,2.1319203967025887e-05,0.005868696315483502
O3,total_projection,bottom,8,0,s,0.002755358851800338,-0.02829790238883767,0.002452931347363574,-0.029166895314022057,0.0009201147208149458,0.029269859146466706,0.031435570503113165
O3,total_projection,bottom,8,0,p,3.3456751886496643e-09,-8.339456734591829e-10,3.3460290614204207e-09,-8.342073113596602e-10,4.4009127331618437e-13,3.4484507127398435e-09,0.0001276199980734321
O3,total_projection,bottom,8,1,s,-7.269019607902229e-06,5.513198358879044e-06,-7.445448338613766e-06,5.52001381412344e-06,1.7656032241325442e-07,9.268508697254381e-06,0.01904948554081382
O3,total_projection,bottom,8,1,p,-1.2736129573360311e-05,-1.724888363855304e-05,-1.2697401665705286e-05,-1.7129912702534967e-05,1.2511568426201486e-07,2.1322708980256807e-05,0.005867719921416288
O3,total_projection,bottom,8,2,s,-1.3794700984124882e-09,1.202976146632178e-10,-1.378587449473406e-09,1.1906936857873584e-10,1.5125004442010858e-12,1.3837199392866061e-09,0.0010930683307063377
O3,total_projection,bottom,8,2,p,-8.197644986456586e-10,-7.99971210613311e-09,-8.196867191370978e-10,-7.998577961158191e-09,1.1368089004253007e-12,8.040468625537648e-09,0.00014138590091809295
O3,scattered_projection,top,-8,-2,s,0.0,0.0,-3.933324115605456e+17,9.116853886658197e+16,4.037599391508548e+17,4.037599391508548e+17,1.0
O3,scattered_projection,top,-8,-2,p,0.0,0.0,-6.018046646624308e+17,1.8843902288567744e+17,6.306172529796261e+17,6.306172529796261e+17,1.0
O3,scattered_projection,top,-8,-1,s,-2981323917.4377427,-78166032834.30289,-2981325521.300641,-78166037913.89137,5326.780958603374,78222872518.3361,6.809748590292093e-08
O3,scattered_projection,top,-8,-1,p,-43830272143.54362,1703519696.2861693,-43830278628.34558,1703515342.3544326,7810.850022737253,43863370699.93646,1.780722707374736e-07
O3,scattered_projection,top,-8,0,s,1042945537769.9926,-477704847174.8722,1042945512816.8087,-477704834588.64136,27947.71171810829,1147143082485.3877,2.4362882141569543e-08
O3,scattered_projection,top,-8,0,p,-11.385781462455748,-16.94299031594248,-11.385333901124584,-16.942186426861472,0.0009200808658585905,20.41233717541002,4.507474366859752e-05
O3,scattered_projection,top,-8,1,s,-2969875292.1210027,-78163713702.84004,-2969896229.3947716,-78163703056.38348,23488.645557378797,78220104571.01082,3.0028910963747207e-07
O3,scattered_projection,top,-8,1,p,43829676677.409805,-1706314537.4026523,43829680060.69619,-1706291956.6399524,22832.815657879288,43862880508.05924,5.205498451859323e-07
O3,scattered_projection,top,-8,2,s,0.0,0.0,3.943758939289057e+17,-1.4109905245084293e+17,4.1885712159965626e+17,4.1885712159965626e+17,1.0
O3,scattered_projection,top,-8,2,p,0.0,0.0,-3.241147926544979e+17,-1.8739329144773405e+17,3.743883605256493e+17,3.743883605256493e+17,1.0
O3,scattered_projection,top,-7,-2,s,-37413079496.60698,146719072497.0164,-38608664152.20446,146526765026.12576,1210952035.408709,151527957211.33176,0.007991608002210632
O3,scattered_projection,top,-7,-2,p,145236544853.60928,-55761261681.74075,145861917946.9799,-58196841945.51697,2514585995.1904874,157043215452.31735,0.01601206386374574
O3,scattered_projection,top,-7,-1,s,0.12814231392423453,0.011826176665954442,0.12814231484096103,0.011826175564198483,1.4332667824097778e-09,0.12868687299517081,1.1137630039884204e-08
O3,scattered_projection,top,-7,-1,p,0.0022301382528397222,-0.024368230272495524,0.0022301410472299775,-0.024368227287958268,4.0885302410791675e-09,0.0244700639608509,1.6708294051132495e-07
O3,scattered_projection,top,-7,0,s,1.862906733055949e-07,2.1680960600921567e-05,1.862902261450035e-07,2.168096049204287e-05,4.602251241566262e-13,2.168176081193317e-05,2.122637216361728e-08
O3,scattered_projection,top,-7,0,p,3.6927803578132414e-14,4.7228887936478594e-14,3.6927090849456814e-14,4.722873825333573e-14,7.282768761123975e-19,1e-12,7.282768761123975e-07
O3,scattered_projection,top,-7,1,s,0.12814200469042536,0.011825192714777603,0.12814200411805737,0.011825191856652853,1.0314956124400055e-09,0.12868647318906087,8.015571387402735e-09
O3,scattered_projection,top,-7,1,p,-0.0022299018062964075,0.024368466488781142,-0.002229902671474018,0.02436846843730328,2.131964076408153e-09,0.024470282383006803,8.712462091931881e-08
O3,scattered_projection,top,-7,2,s,-17328080402.089226,-51829038078.615036,-17245361121.871323,-51141019631.14235,692973205.3856732,53970421242.90524,0.012839870236824749
O3,scattered_projection,top,-7,2,p,141079952010.76135,-251590740053.79724,142411375060.86877,-251834412078.64178,1353537363.373908,289312237649.4341,0.004678465641035271
O3,scattered_projection,top,-6,-2,s,27249.30804410707,-67840.30751776989,27862.983667593457,-67572.33457619524,669.6321888003728,73091.49238411985,0.00916156131114734
O3,scattered_projection,top,-6,-2,p,-181850.56391511523,-104573.38475212139,-183072.41916300068,-102811.01564348713,2144.4988043488243,209965.74862543363,0.01021356491898344
O3,scattered_projection,top,-6,-1,s,-1.5474058338595126e-09,-2.4973143517134675e-09,-1.5474058168080923e-09,-2.4973144083985605e-09,5.919417793103698e-17,2.9378638525783613e-09,2.014871379389699e-08
O3,scattered_projection,top,-6,-1,p,7.630224124495606e-10,1.2394950437452543e-09,7.630223777664997e-10,1.239495133245641e-09,9.598559222165939e-17,1.4555244190023306e-09,6.594571067893962e-08
O3,scattered_projection,top,-6,0,s,-0.003515127590047039,0.007353090498469714,-0.003515127590018133,0.007353090498440785,4.0895392045104597e-14,0.008150095818600347,5.017780521275853e-12
O3,scattered_projection,top,-6,0,p,2.927979079026945e-16,4.8848424658793564e-14,2.917617418433653e-16,4.885063701824393e-14,2.442984740051771e-18,1e-12,2.4429847400517714e-06
O3,scattered_projection,top,-6,1,s,-1.5474707259018854e-09,-2.4970458165384028e-09,-1.5474707349279663e-09,-2.497045815856396e-09,9.051810290940282e-18,2.93766973670364e-09,3.0812892878480344e-09
O3,scattered_projection,top,-6,1,p,-7.630689250137013e-10,-1.2395074642135367e-09,-7.630689368271935e-10,-1.2395074723001236e-09,1.4316126800264993e-17,1.4555593344959957e-09,9.83548142695407e-09
O3,scattered_projection,top,-6,2,s,-45672.67209089399,11437.344257871762,-44915.75806783258,11915.706758698378,895.4046685739902,46469.44577211308,0.01926867544246319
O3,scattered_projection,top,-6,2,p,108596.6751616685,-63391.91167264561,109801.26542186041,-66063.47959799612,2930.5823439567134,128143.28396305711,0.022869574224440678
O3,scattered_projection,top,-5,-2,s,0.2209750209563299,-0.011326116885768938,0.219999179383224,-0.012461101904632102,0.0014968158767348833,0.22035180505266935,0.006792845996324417
O3,scattered_projection,top,-5,-2,p,-0.5679678175959526,-0.9384980605173339,-0.5630611118849359,-0.9441144470611141,0.007457852153514443,1.0992678949494585,0.006784380939149811
O3,scattered_projection,top,-5,-1,s,-4.537343311445431e-09,1.4745443605905995e-09,-4.5373433304168446e-09,1.474544386353637e-09,3.199450960012501e-17,4.7709292224267225e-09,6.706137967783784e-09
O3,scattered_projection,top,-5,-1,p,5.346971606628012e-09,-1.7467284653654413e-09,5.3469716628613515e-09,-1.74672851495476e-09,7.497525589155408e-17,5.625048130318383e-09,1.3328820332655609e-08
O3,scattered_projection,top,-5,0,s,-0.00017915699267630794,0.00020522934332594425,-0.00017915699267634223,0.00020522934332590516,5.199360587399083e-17,0.0002724267082846563,1.9085355544384865e-13
O3,scattered_projection,top,-5,0,p,2.0362265798461646e-14,1.3988928726740663e-14,2.036189875372994e-14,1.3989191065790388e-14,4.511580788183678e-19,1e-12,4.5115807881836786e-07
O3,scattered_projection,top,-5,1,s,-4.537335761863903e-09,1.4745185168165785e-09,-4.537335741009753e-09,1.474518577618796e-09,6.427911993024869e-17,4.770914027981166e-09,1.3473124762520337e-08
O3,scattered_projection,top,-5,1,p,-5.346918352495326e-09,1.7466922530542014e-09,-5.34691828681911e-09,1.7466923817997741e-09,1.4452953995313127e-16,5.624986172654824e-09,2.569420359746728e-08
O3,scattered_projection,top,-5,2,s,-0.24584208855944503,0.2634335113324168,-0.246332975846114,0.264683857058604,0.0013432552859407223,0.3615763808334578,0.00371499732046775
O3,scattered_projection,top,-5,2,p,-0.03951207990391318,-0.07265336619944225,-0.030906223204547143,-0.07216974741180644,0.008619434822642238,0.07850902543181408,0.10978909463254398
O3,scattered_projection,top,-4,-2,s,1.932348842890936e-05,-8.938362580827694e-05,1.957945548940821e-05,-8.914136584170539e-05,3.52433011313739e-07,9.12663036470004e-05,0.003861589625420556
O3,scattered_projection,top,-4,-2,p,-0.0008509842211432633,-0.00011316226102361722,-0.0008602568437927316,-0.00010592940973676713,1.1759917879693e-05,0.0008667542195682765,0.013567765364384985
O3,scattered_projection,top,-4,-1,s,-3.7847024358079315e-09,2.65350667999364e-09,-3.784702458647967e-09,2.6535066653855938e-09,2.711203156870568e-17,4.622236506686103e-09,5.865565625966544e-09
O3,scattered_projection,top,-4,-1,p,2.1326004149848268e-08,-1.4946600511953896e-08,2.1326004318185806e-08,-1.4946600412947673e-08,1.952940321206117e-16,2.6042260348971386e-08,7.499119872992338e-09
O3,scattered_projection,top,-4,0,s,-1.807886615459418e-06,5.3549952039690235e-06,-1.8078866152131204e-06,5.354995203590297e-06,4.517699693349797e-16,5.651940166344814e-06,7.993183863217458e-11
O3,scattered_projection,top,-4,0,p,8.832159886618271e-15,1.2242282003709785e-14,8.831919760251896e-15,1.2242733800084643e-14,5.116450294526066e-19,1e-12,5.116450294526066e-07
O3,scattered_projection,top,-4,1,s,-3.784678431318946e-09,2.6534836364677823e-09,-3.784678401043724e-09,2.653483640929864e-09,3.060227540111145e-17,4.6222035904976415e-09,6.62071126940921e-09
O3,scattered_projection,top,-4,1,p,-2.1326002154268588e-08,1.4946556812272193e-08,-2.1326001931522527e-08,1.494655684386252e-08,2.249750128898445e-16,2.6042233388673026e-08,8.63885249518179e-09
O3,scattered_projection,top,-4,2,s,3.4165077770666205e-05,6.020723839744217e-05,3.409996732176881e-05,6.015287582176038e-05,8.48213427763246e-08,6.914605007499578e-05,0.0012266983100889697
O3,scattered_projection,top,-4,2,p,-0.0007350853418930001,0.0006128016592126784,-0.0007359342934879872,0.0006189833829074416,6.239745719901351e-06,0.0009616338766116777,0.0064886916649475055
O3,scattered_projection,top,-3,-2,s,0.000268180263086373,-0.00028846543859084253,0.0002663830345215427,-0.00029642294087098026,8.157933136073086e-06,0.0003985304015448584,0.020470039686934227
O3,scattered_projection,top,-3,-2,p,-0.0012935097498145125,-0.00017755342375429026,-0.0013928199340779747,-0.0001737891664590933,9.938149893932597e-05,0.001403620334400838,0.07080368993211321
O3,scattered_projection,top,-3,-1,s,-1.5806099023748807e-08,7.5290944592367e-09,-1.5806099055289117e-08,7.529094416547584e-09,5.307684793797578e-17,1.7507713445190364e-08,3.031626494467032e-09
O3,scattered_projection,top,-3,-1,p,-3.688669755458724e-08,1.758257633561603e-08,-3.688669766602642e-08,1.7582576180272394e-08,1.911814186932157e-16,4.086288597052246e-08,4.678607840648591e-09
O3,scattered_projection,top,-3,0,s,-1.6129982697047876e-06,6.884661479027893e-07,-1.6129982693682974e-06,6.884661481790117e-07,4.353440871430647e-16,1.7537813587142406e-06,2.482316766453892e-10
O3,scattered_projection,top,-3,0,p,9.84955491144103e-15,1.4376024804572803e-15,9.8495077876137e-15,1.437611513815523e-15,4.7981836807015217e-20,1e-12,4.798183680701522e-08
O3,scattered_projection,top,-3,1,s,-1.5806154272283746e-08,7.529104313060417e-09,-1.5806154404086758e-08,7.529104325439228e-09,1.3238303842149265e-16,1.7507767675782624e-08,7.561388800275756e-09
O3,scattered_projection,top,-3,1,p,3.688674025758038e-08,-1.758253379569958e-08,3.688674069068626e-08,-1.758253382811481e-08,4.3431722244560645e-16,4.086290658529727e-08,1.062864242265812e-08
O3,scattered_projection,top,-3,2,s,-0.0012599001875199958,-1.5035500308721006e-05,-0.0012589399415497166,-1.3185235622297552e-05,2.084598698374149e-06,0.001259008986015437,0.0016557456869085356
O3,scattered_projection,top,-3,2,p,0.0009503602365771085,0.008752483702946758,0.0009070587021500659,0.008790106046885153,5.736256311528624e-05,0.008836782208735999,0.006491340598909171
O3,scattered_projection,top,-2,-2,s,24.689224126872066,20.35112934070944,24.925717842691586,20.169827037819285,0.2979929573922813,32.06420641009254,0.009293632706234232
O3,scattered_projection,top,-2,-2,p,-28.07021121720645,79.97331228069947,-28.644433122574043,78.7401588188959,1.3602934451661939,83.78852045321345,0.016234842646801074
O3,scattered_projection,top,-2,-1,s,-5.676490624309342e-08,-1.3942021270746364e-08,-5.6764906179382615e-08,-1.394202147781553e-08,2.1664880970774089e-16,5.845198488025861e-08,3.7064405965264524e-09
O3,scattered_projection,top,-2,-1,p,-4.69900703604393e-08,-1.1542857231288822e-08,-4.6990070256044555e-08,-1.154285759916011e-08,3.8239710685548347e-16,4.8387025784010447e-08,7.902885136243424e-09
O3,scattered_projection,top,-2,0,s,-7.382644468318777e-05,0.00012875287182197897,-7.382644468258269e-05,0.0001287528718218019,6.304584016949294e-16,0.00014841713491653107,4.247881499999953e-12
O3,scattered_projection,top,-2,0,p,2.024776978753926e-14,-2.547778410862475e-15,2.0247001088978767e-14,-2.5469934101599883e-15,1.0986917583241377e-18,1e-12,1.0986917583241376e-06
O3,scattered_projection,top,-2,1,s,-5.6764875865585876e-08,-1.394200166489517e-08,-5.676487591077423e-08,-1.3942002049096704e-08,3.8684984920019167e-16,5.8451950851127396e-08,6.618253857522538e-09
O3,scattered_projection,top,-2,1,p,4.699003180089142e-08,1.1542824578195036e-08,4.699003186997903e-08,1.1542825225074399e-08,6.505582276872978e-16,4.838698078324642e-08,1.344490226826775e-08
O3,scattered_projection,top,-2,2,s,-17.4963467295111,3.9093752064767604,-18.158029442461114,3.3845983224990728,0.8445204500627694,18.47077526900125,0.04572198176652031
O3,scattered_projection,top,-2,2,p,-2.7555053962833678,90.0097147503552,-0.7836438157359494,86.82215883610529,3.7481663249259043,86.82569528999947,0.04316886046701909
O3,scattered_projection,top,-1,-2,s,4659693.987978719,-25315846.97225213,4588403.41038839,-25587156.562527947,280519.5897415977,25995307.784517203,0.01079116246927744
O3,scattered_projection,top,-1,-2,p,30327034.503676154,6392445.306607008,29359291.938208647,6715261.782096813,1020164.7660379629,30117482.695521772,0.033872843104169964
O3,scattered_projection,top,-1,-1,s,-1.6289149014183067e-07,-1.5567205488365926e-07,-1.6289149017161478e-07,-1.5567205479158017e-07,9.677630837946202e-17,2.2531628040015664e-07,4.295131634855212e-10
O3,scattered_projection,top,-1,-1,p,-5.049617483069e-08,-4.830198303641346e-08,-5.0496174896230884e-08,-4.8301982844051284e-08,2.0322109513321948e-16,6.987807399905756e-08,2.908224046586635e-09
O3,scattered_projection,top,-1,0,s,0.0001267108338495047,-0.0005582668995504106,0.00012671083387199187,-0.0005582668995828784,3.9494727582466606e-14,0.0005724662143658918,6.899049514426637e-11
O3,scattered_projection,top,-1,0,p,-7.004050539471397e-15,1.6250330269965548e-14,-7.00244559575588e-15,1.624776896296137e-14,3.0226044894479913e-18,1e-12,3.0226044894479912e-06
O3,scattered_projection,top,-1,1,s,-1.628914305438987e-07,-1.5567208867374824e-07,-1.628914303099786e-07,-1.556720886017193e-07,2.447586022249751e-16,2.2531626048302014e-07,1.0862891195703123e-09
O3,scattered_projection,top,-1,1,p,5.049630674900935e-08,4.830206068298281e-08,5.0496306285413644e-08,4.830206055404677e-08,4.811917286678108e-16,6.987822266083409e-08,6.886147219332655e-09
O3,scattered_projection,top,-1,2,s,8119712.162120318,8180205.931883255,8555783.784353888,7735831.376622638,622597.1450950353,11534492.760938914,0.0539769852041899
O3,scattered_projection,top,-1,2,p,21863990.039028786,-19523652.558720246,23228669.57355333,-18438850.82990204,1743314.3786469193,29657415.768820815,0.05878173581393716
O3,scattered_projection,top,0,-2,s,1363613333836.7275,16568470575288.586,6072338551312.708,14335595548322.428,5211316921829.197,15568641405300.604,0.3347316433182742
O3,scattered_projection,top,0,-2,p,-70643847662449.36,-60296268266892.2,-73225963048862.19,-63304921265022.16,3964758849149.116,96796460270011.84,0.04095975036782852
O3,scattered_projection,top,0,-1,s,-16451.216950764236,-6574.281397622765,-16451.16051937697,-6574.288812597692,0.05691645914925514,17716.14957674931,3.212687886986027e-06
O3,scattered_projection,top,0,-1,p,2513.05970189762,-5941.8528707365485,2513.0829771051226,-5941.937781170676,0.08804270048139412,6451.527776048015,1.3646798640201478e-05
O3,scattered_projection,top,0,0,s,-0.04582540417806091,0.9604302166569197,-0.045825404177350926,0.9604302166420591,1.4877618872258227e-11,0.9615228383700152,1.5472975033519683e-11
O3,scattered_projection,top,0,0,p,-2.921044796225519e-13,-1.2987979651394367e-13,-2.9273695787608995e-13,-1.166235727833678e-13,1.3271303490474522e-14,1e-12,0.013271303490474522
O3,scattered_projection,top,0,1,s,-16451.874873731827,-6573.4502961759745,-16451.84341426281,-6573.506131447244,0.06408803093085946,17716.493292624167,3.6174219058091456e-06
O3,scattered_projection,top,0,1,p,-2512.425330291139,5940.338607773454,-2512.386764338963,5940.39799422518,0.07081019217469456,6449.8384152953895,1.0978599402858312e-05
O3,scattered_projection,top,0,2,s,54858797322532.88,42266518765968.56,59288190905643.4,38592669912665.84,5754710497584.94,70742375927388.81,0.08134743033640365
O3,scattered_projection,top,0,2,p,40387838770146.53,-24177225503156.1,45454586921797.57,-8868600981137.05,16125319270898.861,46311678393185.836,0.3481912085758372
O3,scattered_projection,top,1,-2,s,0.0,0.0,-7.70909919606953e+19,4.718298336475583e+18,7.723524700987222e+19,7.723524700987222e+19,1.0
O3,scattered_projection,top,1,-2,p,0.0,0.0,-1.410620202193274e+20,-7.162932594572185e+19,1.5820636486499647e+20,1.5820636486499647e+20,1.0
O3,scattered_projection,top,1,-1,s,396519035627669.2,356336902865119.1,396519261660901.44,356336079067373.0,854244548.476613,533106861814041.56,1.6023889573842903e-06
O3,scattered_projection,top,1,-1,p,-241557713884072.56,268537313363643.34,-241558302739908.9,268537127567980.2,617471638.5744109,361196072106338.3,1.7095192507869341e-06
O3,scattered_projection,top,1,0,s,-4.892604202826102e+17,2.6064641877494528e+17,-4.8926043454287334e+17,2.606464259204765e+17,15950351789.478025,5.5435758509665914e+17,2.8772677091983657e-08
O3,scattered_projection,top,1,0,p,-1748673.0534186878,434538.1488625282,-1747956.301064966,435945.4581507315,1579.3205403682282,1801499.2847389558,0.0008766700901560879
O3,scattered_projection,top,1,1,s,396573127825544.0,356366174397674.3,396573173404267.2,356364985677831.3,1189593327.6331654,533166282580858.5,2.2311863418571578e-06
O3,scattered_projection,top,1,1,p,241503936125009.34,-268528871304919.8,241504807534249.53,-268528895581306.6,871747329.7001309,361154177359574.75,2.413781659881497e-06
O3,scattered_projection,top,1,2,s,0.0,0.0,1.124388002227795e+20,-5.126555003824458e+19,1.2357443269650029e+20,1.2357443269650029e+20,1.0
O3,scattered_projection,top,1,2,p,0.0,0.0,-5.100395840383178e+20,9.21397599204438e+19,5.1829539130130924e+20,5.1829539130130924e+20,1.0
O3,scattered_projection,top,2,-2,s,0.0,0.0,-6.053583156910231e+26,2.0785301128107605e+27,2.1648894013869126e+27,2.1648894013869126e+27,1.0
O3,scattered_projection,top,2,-2,p,0.0,0.0,-5.243123049416363e+27,-2.282664653596942e+25,5.243172738630038e+27,5.243172738630038e+27,1.0
O3,scattered_projection,top,2,-1,s,0.0,0.0,2.3462743385061586e+22,9.611960704897254e+22,9.894179696368032e+22,9.894179696368032e+22,1.0
O3,scattered_projection,top,2,-1,p,0.0,0.0,-9.035074801466908e+22,2.216822142483777e+22,9.303057404934607e+22,9.303057404934607e+22,1.0
O3,scattered_projection,top,2,0,s,0.0,0.0,5.897465698963589e+27,-2.621875434194526e+27,6.45401676964701e+27,6.45401676964701e+27,1.0
O3,scattered_projection,top,2,0,p,0.0,0.0,502902000164060.06,-4261590965860107.0,4291161612205895.0,4291161612205895.0,1.0
O3,scattered_projection,top,2,1,s,0.0,0.0,2.345582208871495e+22,9.608309651354996e+22,9.890468656989721e+22,9.890468656989721e+22,1.0
O3,scattered_projection,top,2,1,p,0.0,0.0,9.033403915976646e+22,-2.213824855213601e+22,9.300720767700948e+22,9.300720767700948e+22,1.0
O3,scattered_projection,top,2,2,s,0.0,0.0,-3.0878142256057778e+26,-8.805746875585663e+26,9.331440120835587e+26,9.331440120835587e+26,1.0
O3,scattered_projection,top,2,2,p,0.0,0.0,-3.585110273531839e+27,8.601611012041895e+26,3.686854051004507e+27,3.686854051004507e+27,1.0
O3,scattered_projection,top,3,-2,s,0.0,0.0,2.5207865974611096e+33,3.3692204922968625e+32,2.5432030074684738e+33,2.5432030074684738e+33,1.0
O3,scattered_projection,top,3,-2,p,0.0,0.0,-1.5254388729591852e+34,1.1874415036818988e+34,1.933127279772679e+34,1.933127279772679e+34,1.0
O3,scattered_projection,top,3,-1,s,0.0,0.0,-1.0893889206790125e+32,-1.6960240416327726e+32,2.015754392354026e+32,2.015754392354026e+32,1.0
O3,scattered_projection,top,3,-1,p,0.0,0.0,2.007005027650795e+32,-1.2913649502336002e+32,2.3865650244037764e+32,2.3865650244037764e+32,1.0
O3,scattered_projection,top,3,0,s,0.0,0.0,3.2769197905672542e+35,-1.5327974732123431e+35,3.617688683081711e+35,3.617688683081711e+35,1.0
O3,scattered_projection,top,3,0,p,0.0,0.0,-1.0583664769600405e+25,1.1861849035632772e+25,1.589708849127484e+25,1.589708849127484e+25,1.0
O3,scattered_projection,top,3,1,s,0.0,0.0,-1.0893840109440977e+32,-1.696029872045436e+32,2.0157566445806667e+32,2.0157566445806667e+32,1.0
O3,scattered_projection,top,3,1,p,0.0,0.0,-2.0070546432794655e+32,1.2914242331395285e+32,2.3866388271059534e+32,2.3866388271059534e+32,1.0
O3,scattered_projection,top,3,2,s,0.0,0.0,-5.719756077010269e+33,-9.808930993718653e+32,5.803254332948991e+33,5.803254332948991e+33,1.0
O3,scattered_projection,top,3,2,p,0.0,0.0,-1.4727317074532006e+34,1.658139898118071e+34,2.2177390747941984e+34,2.2177390747941984e+34,1.0
O3,scattered_projection,top,4,-2,s,0.0,0.0,1.4986348287165066e+40,7.306237087631444e+39,1.667248437890696e+40,1.667248437890696e+40,1.0
O3,scattered_projection,top,4,-2,p,0.0,0.0,-1.4411168902492469e+41,8.59561533269523e+40,1.6779940169256605e+41,1.6779940169256605e+41,1.0
O3,scattered_projection,top,4,-1,s,0.0,0.0,1.0736189159138837e+40,4.694452689662287e+40,4.815656095703428e+40,4.815656095703428e+40,1.0
O3,scattered_projection,top,4,-1,p,0.0,0.0,-6.651340652147558e+40,1.522808750337154e+40,6.823436008420838e+40,6.823436008420838e+40,1.0
O3,scattered_projection,top,4,0,s,0.0,0.0,-1.2075692636703831e+45,6.013118670179029e+44,1.3489994395766026e+45,1.3489994395766026e+45,1.0
O3,scattered_projection,top,4,0,p,0.0,0.0,-1.2147675328338786e+33,1.2151211373119462e+33,1.718190774381467e+33,1.718190774381467e+33,1.0
O3,scattered_projection,top,4,1,s,0.0,0.0,1.0736095296804963e+40,4.694452141583843e+40,4.815653468828702e+40,4.815653468828702e+40,1.0
O3,scattered_projection,top,4,1,p,0.0,0.0,6.651299497707892e+40,-1.5228174428032687e+40,6.823397831895421e+40,6.823397831895421e+40,1.0
O3,scattered_projection,top,4,2,s,0.0,0.0,-1.5501464742343624e+40,1.400092932037383e+40,2.088830847608839e+40,2.088830847608839e+40,1.0
O3,scattered_projection,top,4,2,p,0.0,0.0,-4.195438028746332e+40,8.350606933742137e+40,9.345284180532615e+40,9.345284180532615e+40,1.0
O3,scattered_projection,top,5,-2,s,0.0,0.0,2.0044524349426526e+47,-4.243519907388253e+47,4.693110990414347e+47,4.693110990414347e+47,1.0
O3,scattered_projection,top,5,-2,p,0.0,0.0,1.2131099915061088e+48,6.226568336684841e+47,1.3635752212496433e+48,1.3635752212496433e+48,1.0
O3,scattered_projection,top,5,-1,s,0.0,0.0,-9.941334812225582e+48,-1.4985672152314163e+49,1.7983339726130195e+49,1.7983339726130195e+49,1.0
O3,scattered_projection,top,5,-1,p,0.0,0.0,2.4628233924008154e+49,-1.6342254708822738e+49,2.95570498389759e+49,2.95570498389759e+49,1.0
O3,scattered_projection,top,5,0,s,0.0,0.0,2.3973786956866564e+53,-1.2099214439404696e+53,2.685392803863011e+53,2.685392803863011e+53,1.0
O3,scattered_projection,top,5,0,p,0.0,0.0,2.2095021416063405e+40,-5.12381412831747e+40,5.579907789140312e+40,5.579907789140312e+40,1.0
O3,scattered_projection,top,5,1,s,0.0,0.0,-9.941326832438592e+48,-1.4985665929820432e+49,1.798333012958235e+49,1.798333012958235e+49,1.0
O3,scattered_projection,top,5,1,p,0.0,0.0,-2.462821553550886e+49,1.6342233684181233e+49,2.9557022892231007e+49,2.9557022892231007e+49,1.0
O3,scattered_projection,top,5,2,s,0.0,0.0,2.587116740851472e+47,3.383790014670477e+47,4.259484463427185e+47,4.259484463427185e+47,1.0
O3,scattered_projection,top,5,2,p,0.0,0.0,1.1660881475084668e+48,-8.775641966610643e+47,1.4594110068863764e+48,1.4594110068863764e+48,1.0
O3,scattered_projection,top,6,-2,s,0.0,0.0,-8.196782596388269e+53,4.571706325698946e+53,9.38550710728458e+53,9.38550710728458e+53,1.0
O3,scattered_projection,top,6,-2,p,0.0,0.0,-1.469253798169735e+54,-6.471424343460444e+54,6.636116315780535e+54,6.636116315780535e+54,1.0
O3,scattered_projection,top,6,-1,s,0.0,0.0,-8.325831590422974e+54,-1.0233849834458829e+55,1.319284480718007e+55,1.319284480718007e+55,1.0
O3,scattered_projection,top,6,-1,p,0.0,0.0,1.9095289329267096e+55,-1.5528400970602613e+55,2.4612218739322024e+55,2.4612218739322024e+55,1.0
O3,scattered_projection,top,6,0,s,0.0,0.0,-1.6098917368253917e+62,8.147583512114834e+61,1.804323301176242e+62,1.804323301176242e+62,1.0
O3,scattered_projection,top,6,0,p,0.0,0.0,-7.549949434499821e+48,2.4739723304466905e+48,7.944952835311233e+48,7.944952835311233e+48,1.0
O3,scattered_projection,top,6,1,s,0.0,0.0,-8.325789355219881e+54,-1.02341073634309e+55,1.3193017922891004e+55,1.3193017922891004e+55,1.0
O3,scattered_projection,top,6,1,p,0.0,0.0,-1.90959091320248e+55,1.5528358624840942e+55,2.4612672897518063e+55,2.4612672897518063e+55,1.0
O3,scattered_projection,top,6,2,s,0.0,0.0,2.789787071890191e+54,2.948735653384795e+54,4.059304603011247e+54,4.059304603011247e+54,1.0
O3,scattered_projection,top,6,2,p,0.0,0.0,1.2856984207142437e+55,-6.527678256696566e+54,1.441917564653608e+55,1.441917564653608e+55,1.0
O3,scattered_projection,top,7,-2,s,0.0,0.0,-1.0700909733162216e+61,7.472141388195845e+60,1.305152734519892e+61,1.305152734519892e+61,1.0
O3,scattered_projection,top,7,-2,p,0.0,0.0,-4.126165505950653e+61,-1.8328239562746823e+61,4.514918098613903e+61,4.514918098613903e+61,1.0
O3,scattered_projection,top,7,-1,s,0.0,0.0,5.000251418085328e+61,1.7311558949247333e+61,5.291447342324875e+61,5.291447342324875e+61,1.0
O3,scattered_projection,top,7,-1,p,0.0,0.0,-3.5989377637011106e+61,1.0437521779144951e+62,1.1040571267698024e+62,1.1040571267698024e+62,1.0
O3,scattered_projection,top,7,0,s,0.0,0.0,-2.174324235860652e+68,1.0919964321735549e+68,2.433134211368288e+68,2.433134211368288e+68,1.0
O3,scattered_projection,top,7,0,p,0.0,0.0,-2.560189096233248e+56,7.703591847209843e+55,2.6735784039290105e+56,2.6735784039290105e+56,1.0
O3,scattered_projection,top,7,1,s,0.0,0.0,5.0007825058537175e+61,1.731262765946571e+61,5.291984168117433e+61,5.291984168117433e+61,1.0
O3,scattered_projection,top,7,1,p,0.0,0.0,3.597989624617616e+61,-1.0437768910358723e+62,1.1040495874955397e+62,1.1040495874955397e+62,1.0
O3,scattered_projection,top,7,2,s,0.0,0.0,1.5366140485923192e+61,1.7279556197812067e+60,1.546299143300097e+61,1.546299143300097e+61,1.0
O3,scattered_projection,top,7,2,p,0.0,0.0,-4.003680255190114e+61,1.1812160544257647e+61,4.174293587307e+61,4.174293587307e+61,1.0
O3,scattered_projection,top,8,-2,s,0.0,0.0,-1.6362890930041399e+68,4.432569694197177e+68,4.7249461467618405e+68,4.7249461467618405e+68,1.0
O3,scattered_projection,top,8,-2,p,0.0,0.0,-2.1713098967002372e+69,-4.6155473504652406e+67,2.171800404098598e+69,2.171800404098598e+69,1.0
O3,scattered_projection,top,8,-1,s,0.0,0.0,3.1494311709513164e+68,1.1583492414491242e+68,3.355695109172694e+68,3.355695109172694e+68,1.0
O3,scattered_projection,top,8,-1,p,0.0,0.0,-2.6556819810743283e+68,7.2592964534665e+68,7.7298144728003765e+68,7.7298144728003765e+68,1.0
O3,scattered_projection,top,8,0,s,0.0,0.0,1.6687384430141647e+75,-7.756571090089797e+74,1.8401988865200162e+75,1.8401988865200162e+75,1.0
O3,scattered_projection,top,8,0,p,0.0,0.0,1.708253130976376e+63,-2.4695885660863035e+63,3.002831404730342e+63,3.002831404730342e+63,1.0
O3,scattered_projection,top,8,1,s,0.0,0.0,3.1492086993456785e+68,1.15717713013951e+68,3.3550818682339798e+68,3.3550818682339798e+68,1.0
O3,scattered_projection,top,8,1,p,0.0,0.0,2.653473529494611e+68,-7.257844609661447e+68,7.727692420750215e+68,7.727692420750215e+68,1.0
O3,scattered_projection,top,8,2,s,0.0,0.0,-6.881865953912678e+67,-1.5230353208014365e+68,1.671298111793632e+68,1.671298111793632e+68,1.0
O3,scattered_projection,top,8,2,p,0.0,0.0,-1.1593013156879242e+69,3.934494743086356e+68,1.2242475359948633e+69,1.2242475359948633e+69,1.0
O3,scattered_projection,bottom,-8,-2,s,1.947500815344343e-12,-2.479428644464763e-13,1.9578120850193965e-12,-2.417648904429133e-13,1.202038456541137e-14,1.9726830517087308e-12,0.0060934190898022655
O3,scattered_projection,bottom,-8,-2,p,-7.791913707565601e-13,-2.8796089221064786e-13,-7.693532138092337e-13,-3.049055732172579e-13,1.9593660876314e-14,1e-12,0.019593660876314
O3,scattered_projection,bottom,-8,-1,s,-1.9033307293204625e-09,3.2374815323243997e-09,-1.9033290210379976e-09,3.2374815573531976e-09,1.7084658090149455e-15,3.755522360008997e-09,4.549209524639477e-07
O3,scattered_projection,bottom,-8,-1,p,-1.8151794654796166e-09,-1.0663027297037853e-09,-1.8151793454173246e-09,-1.0663039744381321e-09,1.2505113147236528e-15,2.1052031308004993e-09,5.940098114181259e-07
O3,scattered_projection,bottom,-8,0,s,0.008241425023867448,0.0001742556392973045,0.008241424818987151,0.00017425563492785867,2.0492688465797321e-10,0.008243266832592615,2.4859911588415856e-08
O3,scattered_projection,bottom,-8,0,p,9.484446398350769e-14,-6.082489496679924e-14,9.484463053908985e-14,-6.083178440782291e-14,6.891454010629128e-18,1e-12,6.8914540106291285e-06
O3,scattered_projection,bottom,-8,1,s,-1.9032894034445403e-09,3.237495193257498e-09,-1.903290868285199e-09,3.2374961218655654e-09,1.7343791680117212e-15,3.755515579569921e-09,4.6182185408756605e-07
O3,scattered_projection,bottom,-8,1,p,1.8154205414669294e-09,1.0664005156340344e-09,1.815419617457102e-09,1.0663990472533262e-09,1.7349167316235452e-15,2.1054584573035137e-09,8.24009006497081e-07
O3,scattered_projection,bottom,-8,2,s,-1.1005155112144603e-13,4.624048572322489e-13,-1.0873277754802266e-13,4.5392160297302527e-13,8.585148022288022e-15,1e-12,0.008585148022288023
O3,scattered_projection,bottom,-8,2,p,8.831170037470633e-13,-7.444941915690256e-13,8.947769746552084e-13,-7.430956079006086e-13,1.1743549627619072e-14,1.1631065801784042e-12,0.010096709818130146
O3,scattered_projection,bottom,-7,-2,s,3.8702111461765824e-13,3.479489293465088e-13,3.8448221248111016e-13,3.4658757558870213e-13,2.8808519769093924e-15,1e-12,0.0028808519769093926
O3,scattered_projection,bottom,-7,-2,p,-3.013492601173458e-13,-1.6308443319459618e-12,-3.0565595812488273e-13,-1.6250778384045942e-12,7.197228320038e-15,1.6535729634978277e-12,0.004352531444886227
O3,scattered_projection,bottom,-7,-1,s,9.143427492316184e-09,-8.393034970901967e-09,9.143427317831685e-09,-8.39303512392412e-09,2.320789085153876e-16,1.2411498769604527e-08,1.869870132717118e-08
O3,scattered_projection,bottom,-7,-1,p,1.6020747646876418e-09,1.7429854730527668e-09,1.6020745203255013e-09,1.742985851903862e-09,4.508225904196594e-16,2.367412606330636e-09,1.9042839816520642e-07
O3,scattered_projection,bottom,-7,0,s,-2.113256196964271e-05,2.4523531196635774e-06,-2.1132562282822462e-05,2.4523525817886057e-06,6.224074571410986e-13,2.12743794697466e-05,2.9256197955207016e-08
O3,scattered_projection,bottom,-7,0,p,5.728136567562835e-14,3.7867536015297214e-14,5.728187742838476e-14,3.7868398957241346e-14,1.0032744802069168e-18,1e-12,1.0032744802069168e-06
O3,scattered_projection,bottom,-7,1,s,9.143377913044886e-09,-8.392983209453446e-09,9.143377962115236e-09,-8.39298322490383e-09,5.144524939142495e-17,1.2411427314036515e-08,4.1449905872827155e-09
O3,scattered_projection,bottom,-7,1,p,-1.60216366084543e-09,-1.7429875147748514e-09,-1.602163570382584e-09,-1.7429873935082925e-09,1.512914564425508e-16,2.3674740041212495e-09,6.390416797784718e-08
O3,scattered_projection,bottom,-7,2,s,-3.6791394779404896e-13,-1.8996731488893877e-13,-3.7009950575227065e-13,-1.895518714470092e-13,2.224692527561611e-15,1e-12,0.002224692527561611
O3,scattered_projection,bottom,-7,2,p,-8.890282054317955e-13,-8.478167054004781e-13,-8.914351584031435e-13,-8.544267755482979e-13,7.034660614797308e-15,1.2347881423187943e-12,0.005697058769601562
O3,scattered_projection,bottom,-6,-2,s,3.1054227214069915e-14,-3.860253398392055e-14,3.259798439512847e-14,-3.9634977132114086e-14,1.8571820288602944e-15,1e-12,0.0018571820288602943
O3,scattered_projection,bottom,-6,-2,p,2.2388554977263827e-13,4.714308935596051e-13,2.2066778079746103e-13,4.658904444138639e-13,6.407075301114968e-15,1e-12,0.006407075301114968
O3,scattered_projection,bottom,-6,-1,s,-3.4076722880621e-08,1.7398907267172855e-08,-3.4076722872921324e-08,1.739890724315099e-08,2.522568058928601e-17,3.826153440485172e-08,6.592961046038784e-10
O3,scattered_projection,bottom,-6,-1,p,-1.6877770459842726e-08,8.600095632354397e-09,-1.6877770458460954e-08,8.600095610770308e-09,2.162827258130755e-17,1.8942565300478393e-08,1.141781603400957e-09
O3,scattered_projection,bottom,-6,0,s,-0.011396188318889135,0.005389882855031947,-0.011396188318838698,0.0053898828550051564,5.711054607533904e-14,0.012606504090711039,4.5302445201616446e-12
O3,scattered_projection,bottom,-6,0,p,-7.248517912373541e-15,-2.6471592730587378e-14,-7.245093548218705e-15,-2.6473208092743836e-14,3.7862467908791995e-18,1e-12,3.7862467908791994e-06
O3,scattered_projection,bottom,-6,1,s,-3.407668641131567e-08,1.7398901394370213e-08,-3.4076686427566304e-08,1.7398901427042782e-08,3.6490817682797225e-17,3.8261499300872056e-08,9.53721583042239e-10
O3,scattered_projection,bottom,-6,1,p,1.687770039279406e-08,-8.600127866050184e-09,1.687770042848813e-08,-8.600127881036723e-09,3.871256972663392e-17,1.8942517555065737e-08,2.0436866226517572e-09
O3,scattered_projection,bottom,-6,2,s,-5.1780968991903615e-14,-1.110737365385013e-13,-5.257673279701065e-14,-1.1065644751494089e-13,8.985377914714707e-16,1e-12,0.0008985377914714708
O3,scattered_projection,bottom,-6,2,p,1.6778168505106665e-13,2.0146563048828353e-13,1.6598738852705155e-13,1.985735279545705e-13,3.403491895333678e-15,1e-12,0.003403491895333678
O3,scattered_projection,bottom,-5,-2,s,-2.7825839037661745e-14,-4.425806920225873e-16,-2.7483112418951738e-14,-1.1578276673517593e-16,4.735593090042166e-16,1e-12,0.0004735593090042166
O3,scattered_projection,bottom,-5,-2,p,-1.845170144633336e-14,2.0363894589338186e-14,-1.6774127196099233e-14,1.8090524323328765e-14,2.8253261283300264e-15,1e-12,0.0028253261283300267
O3,scattered_projection,bottom,-5,-1,s,-2.87692228825988e-09,-3.845659022861298e-08,-2.8769223327600513e-09,-3.845659020663953e-08,4.962960588778238e-17,3.856405077828491e-08,1.2869396467999776e-09
O3,scattered_projection,bottom,-5,-1,p,-3.4036386051924104e-09,-4.539490558730777e-08,-3.403638700045137e-09,-4.539490553402836e-08,1.087921627240833e-16,4.552232644366722e-08,2.389863858533482e-09
O3,scattered_projection,bottom,-5,0,s,0.0001451059110776404,-0.00037933569278284266,0.00014510591107774794,-0.00037933569278280954,1.125375872534779e-16,0.0004061419619403015,2.7708928847401323e-13
O3,scattered_projection,bottom,-5,0,p,2.8561740075725512e-15,-2.0079671268193343e-14,2.8559497176925344e-15,-2.0079094741054638e-14,6.186190200293159e-19,1e-12,6.186190200293159e-07
O3,scattered_projection,bottom,-5,1,s,-2.8769773816341268e-09,-3.845664601364203e-08,-2.8769773775133537e-09,-3.845664600915386e-08,6.092982560664665e-18,3.856411053173784e-08,1.5799619067189964e-10
O3,scattered_projection,bottom,-5,1,p,3.4036872067089416e-09,4.53949440801843e-08,3.4036871985628988e-09,4.5394944043865155e-08,3.722147631451845e-17,4.5522368471898625e-08,8.176524544740155e-10
O3,scattered_projection,bottom,-5,2,s,5.916698556182138e-14,-2.573601004050509e-14,5.922196461083822e-14,-2.5676428676652813e-14,8.107178762858074e-17,1e-12,8.107178762858075e-05
O3,scattered_projection,bottom,-5,2,p,-4.482916179960762e-14,-4.13437201171912e-14,-4.565602074124176e-14,-4.152818115225723e-14,8.47184503409946e-16,1e-12,0.0008471845034099461
O3,scattered_projection,bottom,-4,-2,s,4.861594401458354e-16,-2.2770604799242323e-14,4.630604387221861e-16,-2.2741376756601326e-14,3.7253756097790795e-17,1e-12,3.725375609779079e-05
O3,scattered_projection,bottom,-4,-2,p,7.909179724681946e-16,3.1261249354906753e-15,1.8377964776720764e-15,3.881320933897861e-15,1.2908429806402249e-15,1e-12,0.0012908429806402248
O3,scattered_projection,bottom,-4,-1,s,-4.413408441359876e-09,1.4621866736558653e-10,-4.413408438577003e-09,1.4621865167153098e-10,1.5938875795819486e-17,4.415829926502983e-09,3.6094858862560228e-09
O3,scattered_projection,bottom,-4,-1,p,-2.4910297061924357e-08,7.974484969443698e-10,-2.4910297019891763e-08,7.974483956154411e-10,1.0970091490131002e-16,2.4923058029922772e-08,4.401583255538002e-09
O3,scattered_projection,bottom,-4,0,s,-8.552595895872945e-07,8.54831209519033e-06,-8.552595895395091e-07,8.548312095310258e-06,1.2909751282495278e-16,8.590989968817736e-06,1.5027082244715828e-11
O3,scattered_projection,bottom,-4,0,p,2.8690696799595397e-15,-4.486630519328488e-15,2.869134640746205e-15,-4.487318066857377e-15,6.906095194000712e-19,1e-12,6.906095194000713e-07
O3,scattered_projection,bottom,-4,1,s,-4.413419219200031e-09,1.4620031999682934e-10,-4.4134192163065506e-09,1.4620032048671762e-10,2.9346581690546214e-18,4.415840091372687e-09,6.645752808821407e-10
O3,scattered_projection,bottom,-4,1,p,2.4910272737514165e-08,-7.97513065248859e-10,2.4910272730985516e-08,-7.975130961114664e-10,3.15455826691111e-17,2.4923035823722394e-08,1.2657199103764555e-09
O3,scattered_projection,bottom,-4,2,s,3.022947496889438e-14,1.2876939044377272e-14,3.021357272158415e-14,1.285010782629828e-14,3.118967350130855e-17,1e-12,3.1189673501308545e-05
O3,scattered_projection,bottom,-4,2,p,-1.0980237604118337e-15,3.1778522128296733e-14,-2.816370789629585e-16,3.0963562426711004e-14,1.153536531218586e-15,1e-12,0.001153536531218586
O3,scattered_projection,bottom,-3,-2,s,-1.1058708555147989e-14,5.846042416298548e-15,-1.10625503553318e-14,5.863330890651518e-15,1.771018842659875e-17,1e-12,1.7710188426598748e-05
O3,scattered_projection,bottom,-3,-2,p,9.758295884368869e-14,-1.0008381309817666e-13,9.691220371280608e-14,-1.0009601552354438e-13,6.708661153987439e-16,1e-12,0.0006708661153987439
O3,scattered_projection,bottom,-3,-1,s,-8.577459323635287e-09,-2.273642823690894e-09,-8.57745932269239e-09,-2.2736428424427155e-09,1.8775512190917402e-17,8.873683576026002e-09,2.115864514443938e-09
O3,scattered_projection,bottom,-3,-1,p,2.0027834326897913e-08,5.280705188353379e-09,2.0027834358502872e-08,5.280705245138299e-09,6.49876960005459e-17,2.0712315104247986e-08,3.137635540665238e-09
O3,scattered_projection,bottom,-3,0,s,-4.98535718656323e-07,2.7290135076080168e-06,-4.98535718629239e-07,2.7290135078502534e-06,2.4374599998845615e-16,2.774176019790078e-06,8.786248538292116e-11
O3,scattered_projection,bottom,-3,0,p,1.3900268752242025e-14,9.65108656683717e-15,1.3900279577558754e-14,9.65102213447682e-15,6.533541568391443e-20,1e-12,6.533541568391443e-08
O3,scattered_projection,bottom,-3,1,s,-8.577445576887258e-09,-2.273602257271996e-09,-8.577445591125045e-09,-2.2736022471360137e-09,1.7477205292227705e-17,8.873659901466384e-09,1.9695599658196923e-09
O3,scattered_projection,bottom,-3,1,p,-2.0027856442926915e-08,-5.280712628664535e-09,-2.0027856484237525e-08,-5.280712536289811e-09,1.0119118641994773e-16,2.0712338357707065e-08,4.885551050410224e-09
O3,scattered_projection,bottom,-3,2,s,7.477134477450563e-14,3.4208934885770154e-14,7.48453915318359e-14,3.424543370237419e-14,8.25535334472316e-17,1e-12,8.25535334472316e-05
O3,scattered_projection,bottom,-3,2,p,1.3871958452835767e-13,-3.29952701161489e-14,1.396839344637233e-13,-3.396449976770087e-14,1.3672515918027824e-15,1e-12,0.0013672515918027824
O3,scattered_projection,bottom,-2,-2,s,-1.870740544856779e-14,-2.928045510900036e-14,-1.8403184516064897e-14,-2.972458217619203e-14,5.383300359307541e-16,1e-12,0.0005383300359307541
O3,scattered_projection,bottom,-2,-2,p,9.875451156388056e-14,1.3726787934436852e-13,1.0001671653962337e-13,1.3922464933414076e-13,2.328542504156436e-15,1e-12,0.002328542504156436
O3,scattered_projection,bottom,-2,-1,s,-4.9415704876953277e-08,3.333546171401148e-08,-4.941570489231684e-08,3.333546165866519e-08,5.743910030635294e-17,5.960842972265653e-08,9.636070027947902e-10
O3,scattered_projection,bottom,-2,-1,p,4.091537772127799e-08,-2.761287598305837e-08,4.091537776098499e-08,-2.7612875887431062e-08,1.0354336055655096e-16,4.936131128828302e-08,2.0976622754576057e-09
O3,scattered_projection,bottom,-2,0,s,-0.00012896143820911475,0.00018174855654351038,-0.0001289614382085093,0.0001817485565433235,6.336339647569158e-16,0.000222853293335299,2.8432784423946897e-12
O3,scattered_projection,bottom,-2,0,p,7.955907231762394e-15,2.504141369670083e-15,7.956752440960742e-15,2.502910372616753e-15,1.4932288285051779e-18,1e-12,1.493228828505178e-06
O3,scattered_projection,bottom,-2,1,s,-4.941571834702842e-08,3.333549676159157e-08,-4.9415718346070134e-08,3.333549670019942e-08,6.139962590951353e-17,5.96084604725465e-08,1.0300488457975186e-09
O3,scattered_projection,bottom,-2,1,p,-4.0915381595137126e-08,2.7612856720815775e-08,-4.091538158592965e-08,2.761285661561336e-08,1.0560457244682533e-16,4.936130367804981e-08,2.1394202457781927e-09
O3,scattered_projection,bottom,-2,2,s,3.574732176317222e-14,1.0651073450168459e-13,3.62368512761343e-14,1.0603525050565453e-13,6.824398688101409e-16,1e-12,0.0006824398688101409
O3,scattered_projection,bottom,-2,2,p,1.5510003727705238e-14,-3.289418573058e-14,1.315731092347645e-14,-3.5645032732896086e-14,3.619713063382418e-15,1e-12,0.003619713063382418
O3,scattered_projection,bottom,-1,-2,s,-2.679845945572927e-14,-1.7893544281706286e-13,-2.7153904761099335e-14,-1.7975711860675739e-13,8.952611174845767e-16,1e-12,0.0008952611174845767
O3,scattered_projection,bottom,-1,-2,p,4.783448932866636e-13,-4.76492405087432e-13,4.797415163601756e-13,-4.754507580447383e-13,1.7422929062067923e-15,1e-12,0.0017422929062067924
O3,scattered_projection,bottom,-1,-1,s,5.716744886150927e-08,2.1528611620905134e-07,5.716744885969185e-08,2.152861161462123e-07,6.286532112482755e-17,2.227470067463217e-07,2.822274563555529e-10
O3,scattered_projection,bottom,-1,-1,p,-1.772589075267651e-08,-6.673360238013935e-08,-1.772589074611808e-08,-6.673360230567175e-08,7.47558483677777e-17,6.904767106452522e-08,1.082670091767732e-09
O3,scattered_projection,bottom,-1,0,s,0.0009261108897326264,4.49578265961707e-05,0.0009261108897854255,4.4957826594843744e-05,5.2815799894267213e-14,0.0009272014809906661,5.696259224892124e-11
O3,scattered_projection,bottom,-1,0,p,-3.3535601382592167e-14,4.015092619866854e-16,-3.35397609390925e-14,4.015627048987091e-16,4.159899809405581e-18,1e-12,4.159899809405582e-06
O3,scattered_projection,bottom,-1,1,s,5.716755360188036e-08,2.1528607020146134e-07,5.716755354049641e-08,2.1528607035699278e-07,1.6720652328920778e-16,2.2274698935689695e-07,7.506567149210744e-10
O3,scattered_projection,bottom,-1,1,p,1.772593704439857e-08,6.673375493891481e-08,1.7725936981348135e-08,6.673375523152705e-08,2.9932805143777604e-16,6.904783073470223e-08,4.335082626822323e-09
O3,scattered_projection,bottom,-1,2,s,5.775534646056056e-14,1.0118762510320296e-13,5.896942732059822e-14,9.88387925282405e-14,2.6440512097753634e-15,1e-12,0.0026440512097753634
O3,scattered_projection,bottom,-1,2,p,-2.457553499888484e-13,-5.223004864592728e-13,-2.5055987542567255e-13,-5.267410989681096e-13,6.542362274188766e-15,1e-12,0.006542362274188766
O3,scattered_projection,bottom,0,-2,s,2.0465222634421823e-12,-8.075781428889313e-13,2.092891431820974e-12,-8.1274065041963e-13,4.665566696710349e-14,2.2451596625260686e-12,0.02078055638796324
O3,scattered_projection,bottom,0,-2,p,3.575200556650039e-13,4.4176105672098744e-12,3.526617604757745e-13,4.49917262560125e-12,8.170662397372599e-14,4.5129729261609266e-12,0.018104833623106126
O3,scattered_projection,bottom,0,-1,s,-1.1852271680702228e-09,2.845029134359731e-09,-1.1852218536434268e-09,2.8450271908665525e-09,5.6586480633776856e-15,3.0820335103830372e-09,1.836011206339682e-06
O3,scattered_projection,bottom,0,-1,p,1.0363030534776683e-09,4.375782934417135e-10,1.036301231480701e-09,4.375841071622226e-10,6.092537985679165e-15,1.1249000369852322e-09,5.416070571041459e-06
O3,scattered_projection,bottom,0,0,s,-1.3041946236675372,0.02486252598780665,-1.3041946236473574,0.02486252598742444,2.018347698707077e-11,1.3044315856146491,1.5473005414508036e-11
O3,scattered_projection,bottom,0,0,p,4.745441237447559e-14,-1.9606683874690665e-13,8.352190145105201e-14,-1.988310366161474e-13,3.617325749983369e-14,1e-12,0.036173257499833696
O3,scattered_projection,bottom,0,1,s,-1.1853189675917019e-09,2.8452635018974246e-09,-1.1853132240286862e-09,2.8452625936906598e-09,5.814925248255129e-15,3.08228594814183e-09,1.88656255327663e-06
O3,scattered_projection,bottom,0,1,p,-1.0359101136015591e-09,-4.376247558368935e-10,-1.0359073085599375e-09,-4.376326485236923e-10,8.376321591422855e-15,1.1245560399472118e-09,7.448558625692012e-06
O3,scattered_projection,bottom,0,2,s,-1.3894012297669563e-12,3.907921043256175e-13,-1.3375516105728116e-12,3.866225857490562e-13,5.201699621987133e-14,1.392307916646748e-12,0.03736026750831793
O3,scattered_projection,bottom,0,2,p,7.429793360959378e-13,1.8105024171081844e-12,7.502807592974758e-13,1.7188744065477532e-12,9.191845897332298e-14,1.875486721695701e-12,0.0490104557446378
O3,scattered_projection,bottom,1,-2,s,7.117357733104684e-14,6.83562566648032e-13,1.0529372681819505e-13,6.854916101976629e-13,3.417463694089102e-14,1e-12,0.03417463694089102
O3,scattered_projection,bottom,1,-2,p,-9.039855976151448e-13,1.1942780414998156e-12,-9.184583636145055e-13,1.2402785947898676e-12,4.822356123994957e-14,1.5433265235805947e-12,0.031246505845093944
O3,scattered_projection,bottom,1,-1,s,5.051701462415566e-09,-2.7025214307673654e-09,5.051709522311619e-09,-2.7025139755879435e-09,1.0979144984903422e-14,5.729166683389657e-09,1.9163598463167105e-06
O3,scattered_projection,bottom,1,-1,p,-1.8277953674623324e-09,-3.4230918802033277e-09,-1.8278024944763697e-09,-3.4230853987454526e-09,9.633463825420538e-15,3.880512286531039e-09,2.4825237273072304e-06
O3,scattered_projection,bottom,1,0,s,-0.07888674545827055,-0.0016777738149034768,-0.07888674770049735,-0.0016777738629513712,2.2427415348117485e-09,0.0789045872424229,2.842346197086426e-08
O3,scattered_projection,bottom,1,0,p,1.7361766100339229e-13,1.3622094501657603e-14,1.7362240984264894e-13,1.3399392687486313e-14,2.2275243996299905e-16,1e-12,0.00022275243996299905
O3,scattered_projection,bottom,1,1,s,5.051309727753318e-09,-2.7034182354827722e-09,5.051306800291432e-09,-2.7034246598463043e-09,7.0599206713984354e-15,5.7292412483797165e-09,1.2322610211945688e-06
O3,scattered_projection,bottom,1,1,p,1.8277458230387442e-09,3.4233726878383832e-09,1.8277429928940725e-09,3.423375320644288e-09,3.865408878144886e-15,3.880740011140886e-09,9.960494305333553e-07
O3,scattered_projection,bottom,1,2,s,-1.1606184345150419e-12,-9.81325791781221e-13,-1.0720082407398825e-12,-9.267341748664966e-13,1.040769478714443e-13,1.4170525392799323e-12,0.07344607555929468
O3,scattered_projection,bottom,1,2,p,-1.7174043915857084e-12,-4.855601183948736e-13,-1.6374644251764105e-12,-6.033059187537935e-13,1.423182059038207e-13,1.7450695617429327e-12,0.08155446007646638
O3,scattered_projection,bottom,2,-2,s,3.909289415064087e-12,6.405346947164091e-13,4.05146453803377e-12,5.832993038365635e-13,1.5326335361270533e-13,4.0932386909147386e-12,0.037443053089692827
O3,scattered_projection,bottom,2,-2,p,4.535423613935073e-12,-2.1064433839158236e-12,4.6116784256307e-12,-1.9580338760712608e-12,1.668537632940917e-13,5.010137179885426e-12,0.033303232487120714
O3,scattered_projection,bottom,2,-1,s,2.9416060788522117e-09,-3.512014248142286e-10,2.9415094586060962e-09,-3.511528582914474e-10,1.0813962777109676e-13,2.962395352574565e-09,3.6504117411983695e-05
O3,scattered_projection,bottom,2,-1,p,-3.3280989740767033e-10,-2.7756525422018226e-09,-3.328379210448314e-10,-2.77570219874935e-09,5.701839134958669e-14,2.7955864819081207e-09,2.039586030286887e-05
O3,scattered_projection,bottom,2,0,s,0.3371760178508112,0.007167283113058791,0.3371761039616602,0.007167284964472055,8.613074972251252e-08,0.33725227212952363,2.5538967959697994e-07
O3,scattered_projection,bottom,2,0,p,9.41548940066015e-13,-1.94074542033047e-13,9.415361103481403e-13,-1.9347431025638005e-13,6.003688760932691e-16,1e-12,0.0006003688760932691
O3,scattered_projection,bottom,2,1,s,2.9398879690436912e-09,-3.5134559274561995e-10,2.939992910710241e-09,-3.514373037803984e-10,1.39368817453527e-13,2.9609232501898644e-09,4.706937859486571e-05
O3,scattered_projection,bottom,2,1,p,3.314600499855717e-10,2.772928144646467e-09,3.314060668212428e-10,2.7728664405477197e-09,8.198522935971417e-14,2.7926006299221716e-09,2.935802150914757e-05
O3,scattered_projection,bottom,2,2,s,-5.496954360485563e-12,-3.4638688085628946e-13,-5.298400373907275e-12,-1.1598638111506556e-13,3.0415140286892724e-13,5.299669740920176e-12,0.057390633329562485
O3,scattered_projection,bottom,2,2,p,-1.993439480309755e-12,-1.4291932083922968e-11,-1.7497040131036445e-12,-1.451293964061031e-11,3.290156806097386e-13,1.4618032738555113e-11,0.022507521120948004
O3,scattered_projection,bottom,3,-2,s,4.495052520064673e-12,5.1380100778202096e-12,4.710066059311586e-12,5.693070079756701e-12,5.952498868619978e-13,7.388894992899815e-12,0.08056006851281407
O3,scattered_projection,bottom,3,-2,p,-1.4367061125107245e-11,1.7113433606125392e-12,-1.484476307664598e-11,1.9374945944198455e-12,5.285295971433237e-13,1.4970667189713287e-11,0.03530434485287933
O3,scattered_projection,bottom,3,-1,s,-2.000133130258932e-07,5.0347377164929375e-09,-2.0001385547568985e-07,5.0347370062226736e-09,5.424502616624399e-13,2.0007721249300724e-07,2.7112046139757105e-06
O3,scattered_projection,bottom,3,-1,p,6.047385649706612e-09,2.3681273010583657e-07,6.0473989096882595e-09,2.36812251169669e-07,4.791196924688918e-13,2.3688945383368021e-07,2.0225454730681305e-06
O3,scattered_projection,bottom,3,0,s,0.12405777677659943,0.0025780088647523467,0.12405798054949013,0.0025780134205046945,2.0382381083601012e-07,0.12408476413812444,1.6426175465758592e-06
O3,scattered_projection,bottom,3,0,p,-5.3518736394637066e-12,3.4581328570116186e-12,-5.351876828800942e-12,3.4582818615040733e-12,1.4903862131565022e-16,6.371993332095108e-12,2.3389638618257372e-05
O3,scattered_projection,bottom,3,1,s,-2.000165192031926e-07,5.0372396894795325e-09,-2.0001681475034419e-07,5.037103002126783e-09,3.2562486270465996e-13,2.0008023038153357e-07,1.6274714502463585e-06
O3,scattered_projection,bottom,3,1,p,-6.0555235403883045e-09,-2.3683811043884438e-07,-6.055585466439452e-09,-2.3683774737263722e-07,3.6830952552371554e-13,2.3691515083651043e-07,1.5546052003144251e-06
O3,scattered_projection,bottom,3,2,s,-9.87250404960942e-12,-3.1593351412543557e-12,-1.0185446620399944e-11,-4.052347310388699e-12,9.462577803299726e-13,1.0961972522362532e-11,0.0863218529693992
O3,scattered_projection,bottom,3,2,p,4.25457660224367e-11,2.183568467141468e-11,4.171887157134928e-11,2.2132966216487427e-11,8.787097076281827e-13,4.722639557204116e-11,0.018606325911274795
O3,scattered_projection,bottom,4,-2,s,3.2585782218047296e-12,-4.055280871786169e-12,3.5899984211306447e-12,-3.353049175617269e-12,7.765105946640261e-13,4.9123342147932245e-12,0.15807364904562218
O3,scattered_projection,bottom,4,-2,p,3.442313092929715e-11,1.737125735006261e-11,3.402290390494053e-11,1.768143369495182e-11,5.063507045064555e-13,3.8343070920751705e-11,0.013205794224280892
O3,scattered_projection,bottom,4,-1,s,2.782898872264189e-06,-4.6786707988944496e-07,2.782913893258448e-06,-4.678654190676762e-07,1.5112531140611483e-11,2.821968778645551e-06,5.355314791209343e-06
O3,scattered_projection,bottom,4,-1,p,-6.629226588046863e-07,-3.943611948784347e-06,-6.629237934054975e-07,-3.943594373506947e-06,1.7611862328582276e-11,3.998925422987879e-06,4.404148731391747e-06
O3,scattered_projection,bottom,4,0,s,-10.621310150711205,-0.22487776204865403,-10.621396500617195,-0.22487963948010214,8.637031326400645e-05,10.623776846092724,8.129906577976761e-06
O3,scattered_projection,bottom,4,0,p,2.4652650735055693e-11,2.1397665049775682e-11,2.465283154216645e-11,2.138939872327579e-11,8.268303635818458e-15,3.263845095573178e-11,0.0002533301487571494
O3,scattered_projection,bottom,4,1,s,2.7828948630182842e-06,-4.678690324119181e-07,2.7829101396725375e-06,-4.67867577539247e-07,1.5345775303417075e-11,2.8219654348706444e-06,5.43797422668308e-06
O3,scattered_projection,bottom,4,1,p,6.630097699902979e-07,3.9436081589114625e-06,6.63010806898884e-07,3.943590445219984e-06,1.7744014348415652e-11,3.998935974693151e-06,4.43718390609572e-06
O3,scattered_projection,bottom,4,2,s,-5.13464612206775e-12,5.475027099136646e-12,-4.7443648451936805e-12,5.7961933992997384e-12,5.05437698869904e-13,7.490317463659034e-12,0.06747880865158908
O3,scattered_projection,bottom,4,2,p,-1.7139985084354674e-10,-3.022178341367357e-11,-1.7131472839854388e-10,-3.048240474486773e-11,2.7417021887265664e-13,1.7400549751458082e-10,0.0015756411308193439
O3,scattered_projection,bottom,5,-2,s,5.946996763061701e-11,-1.679246027435968e-11,6.709809744438033e-11,-1.613096298735612e-11,7.656758002989116e-12,6.900987355121738e-11,0.11095163067218873
O3,scattered_projection,bottom,5,-2,p,-3.317129943820685e-10,-5.164936400793513e-10,-3.3214480635387764e-10,-5.109357588469782e-10,5.5746305144074296e-12,6.094058762896796e-10,0.009147648113188758
O3,scattered_projection,bottom,5,-1,s,-8.545523921614762e-05,-8.947441231969672e-06,-8.545636603229508e-05,-8.947665218730116e-06,1.1488623499020914e-09,8.59235195293586e-05,1.3370755250656891e-05
O3,scattered_projection,bottom,5,-1,p,-1.4711659333696991e-05,0.00014048322595029206,-1.471144247075037e-05,0.00014048193882416684,1.3052674821039808e-09,0.00014125013867379797,9.240822659426593e-06
O3,scattered_projection,bottom,5,0,s,95.97631503911742,2.0149815351752713,95.97921409342322,2.015044883201367,0.0028997463406974294,96.00036429031137,3.0205576428110284e-05
O3,scattered_projection,bottom,5,0,p,9.439326969290792e-11,3.6260188277730985e-13,9.439235346822599e-11,4.0737206658224637e-13,4.4779558121932915e-14,9.439323251839162e-11,0.00047439373488144973
O3,scattered_projection,bottom,5,1,s,-8.545526210702128e-05,-8.947336536554821e-06,-8.545639184569356e-05,-8.947551953220507e-06,1.150092956027387e-09,8.59235334075613e-05,1.3385075199039458e-05
O3,scattered_projection,bottom,5,1,p,1.4711556691931346e-05,-0.00014048298100631165,1.4711342944008757e-05,-0.00014048169286798691,1.3057520890554873e-09,0.00014124988368940928,9.244270189465585e-06
O3,scattered_projection,bottom,5,2,s,-4.9595833138087606e-11,2.6867563567604543e-11,-4.7194553888764796e-11,2.979214362351153e-11,3.7840864864108514e-12,5.5811268919846846e-11,0.06780147736553623
O3,scattered_projection,bottom,5,2,p,-1.512996167942547e-10,5.410446581133254e-10,-1.4927898028144542e-10,5.394226454709216e-10,2.5911188565976747e-12,5.596972435171677e-10,0.004629500835692783
O3,scattered_projection,bottom,6,-2,s,1.6281484385230053e-10,6.409256113985094e-11,1.661129822737299e-10,8.352804757886062e-11,1.9713341933011705e-11,1.859313249891177e-10,0.10602485586635549
O3,scattered_projection,bottom,6,-2,p,-4.2859258250911e-11,1.5541165984187253e-09,-5.490286578949776e-11,1.5554878796167096e-09,1.2121422963804575e-11,1.5564565102521774e-09,0.007787832736708242
O3,scattered_projection,bottom,6,-1,s,8.027662614280855e-06,-1.777616684327063e-05,8.024215677087966e-06,-1.7768458787423203e-05,8.443666322090148e-09,1.949631157200718e-05,0.0004330904484627529
O3,scattered_projection,bottom,6,-1,p,-3.317483949697495e-05,-1.496590580085227e-05,-3.318078269138416e-05,-1.496792429126367e-05,6.276612408503673e-09,3.640059199521156e-05,0.00017243160246760138
O3,scattered_projection,bottom,6,0,s,-4502.394202375458,-95.64635932950527,-4502.621648149113,-95.65130936227187,0.22749963247846614,4503.637516426444,5.051464103154178e-05
O3,scattered_projection,bottom,6,0,p,-2.3690714216639475e-10,-6.230383433097545e-10,-2.368784049437271e-10,-6.246355472724771e-10,1.5974624648184016e-12,6.680426226260352e-10,0.002391258298069176
O3,scattered_projection,bottom,6,1,s,8.027549930964527e-06,-1.7776056940753477e-05,8.024097703339952e-06,-1.77683686588967e-05,8.427784612881047e-09,1.949618087603847e-05,0.0004322787455895584
O3,scattered_projection,bottom,6,1,p,3.317544908359636e-05,1.4966136246426574e-05,3.318138590011729e-05,1.4968156267924088e-05,6.271066675899659e-09,3.640123723602671e-05,0.00017227619586768098
O3,scattered_projection,bottom,6,2,s,-2.258528101440152e-10,6.219628421064913e-11,-2.0373373425691682e-10,4.2661661210692156e-11,2.951025269037297e-11,2.0815247250879311e-10,0.14177228996944224
O3,scattered_projection,bottom,6,2,p,-5.16751735058708e-10,5.589839130279132e-10,-5.273622565622474e-10,5.457727222459139e-10,1.6944578143331056e-11,7.589326808051826e-10,0.022326852660177796
O3,scattered_projection,bottom,7,-2,s,-4.2067426087226047e-10,-6.334906011764289e-11,-4.3586986779483596e-10,-3.691907044816607e-11,3.0486895933729883e-11,4.374306338315189e-10,0.06969538385249954
O3,scattered_projection,bottom,7,-2,p,-2.0048600938346594e-09,3.808983744625535e-09,-2.0203045210685135e-09,3.801417542342534e-09,1.719819029924664e-11,4.304928070140014e-09,0.003995000617672872
O3,scattered_projection,bottom,7,-1,s,-1.5895586487781191e-06,3.1751506805294912e-06,-1.575144320291908e-06,3.111407563834422e-06,6.535256530320462e-08,3.48739683116704e-06,0.018739641189997498
O3,scattered_projection,bottom,7,-1,p,6.437701101449177e-06,3.2995767296921584e-06,6.479212894559936e-06,3.3017567286837047e-06,4.156899521125827e-08,7.271987158159719e-06,0.005716318567011593
O3,scattered_projection,bottom,7,0,s,-566.1214464461657,-11.99229747550918,-565.8779834121699,-11.98704988868847,0.24351958050612366,566.0049306107305,0.00043024286068208133
O3,scattered_projection,bottom,7,0,p,2.530599022540563e-10,-2.0434502057761784e-10,2.530660894173008e-10,-2.0478658004967342e-10,4.4160281741744446e-13,3.255456787939391e-10,0.0013565003198735934
O3,scattered_projection,bottom,7,1,s,-1.5896585618174316e-06,3.1748177304659497e-06,-1.5751681083701783e-06,3.1110408430627194e-06,6.540232876550598e-08,3.487080397242209e-06,0.01875561252250738
O3,scattered_projection,bottom,7,1,p,-6.434689714521208e-06,-3.2974849685918713e-06,-6.4762105429068575e-06,-3.2996860975373935e-06,4.1579131285602175e-08,7.268371986789028e-06,0.005720556317312362
O3,scattered_projection,bottom,7,2,s,-2.1178571377204099e-10,-2.572538984144828e-10,-1.9009371990574842e-10,-2.421558963087203e-10,2.6429004246866412e-11,3.078556487457796e-10,0.08584869030189828
O3,scattered_projection,bottom,7,2,p,-1.1632881333073454e-09,-2.451949414761009e-09,-1.1545410567867102e-09,-2.4646930227320596e-09,1.545674259919192e-11,2.721704750355973e-09,0.005679066620716418
O3,scattered_projection,bottom,8,-2,s,4.855285079087071e-10,-4.365331686648106e-10,3.050700499249196e-10,-5.413677476123321e-10,2.0869965021770047e-10,6.214070916203344e-10,0.33585012632139577
O3,scattered_projection,bottom,8,-2,p,4.76682985926359e-09,-9.571917460951167e-10,4.817735466790142e-09,-1.0470642158725822e-09,1.0328814889206196e-10,4.930204711787178e-09,0.02095007305581444
O3,scattered_projection,bottom,8,-1,s,-7.268274446130886e-06,5.513451861060799e-06,-7.444906545629689e-06,5.5199104342765e-06,1.7675013929651555e-07,9.2680119052359e-06,0.01907098751099594
O3,scattered_projection,bottom,8,-1,p,1.273563521665613e-05,1.724485403821436e-05,1.2696996328025243e-05,1.7125833378371357e-05,1.2513545134810583e-07,2.1319190525384047e-05,0.005869615509046238
O3,scattered_projection,bottom,8,0,s,485.17095621654556,10.291910653128738,483.44954494004133,10.25443125922331,1.7218192378537973,483.5582859006587,0.003560727399483595
O3,scattered_projection,bottom,8,0,p,3.3456732347990957e-09,-8.338538408215021e-10,3.3460120304357135e-09,-8.334068406005577e-10,5.608847305067065e-13,3.4482406339726827e-09,0.00016265823358751995
O3,scattered_projection,bottom,8,1,s,-7.268795354673502e-06,5.512983639743482e-06,-7.445294703423437e-06,5.520040956872612e-06,1.7664038562631278e-07,9.26840144719553e-06,0.019058344271412772
O3,scattered_projection,bottom,8,1,p,-1.273618319260628e-05,-1.7248938847781224e-05,-1.26973959875425e-05,-1.7129950873756525e-05,1.2515025065560997e-07,2.1322736264414386e-05,0.005869333518159854
O3,scattered_projection,bottom,8,2,s,-1.3640043859097306e-09,3.037452347661879e-10,-1.506367997486525e-09,2.2907338906342493e-10,1.6075845993864728e-10,1.5236860442455222e-09,0.10550628887478551
O3,scattered_projection,bottom,8,2,p,-7.280901889492313e-10,-8.00510286898236e-09,-7.652773885550778e-10,-7.933737292455859e-09,8.047318390299398e-11,7.970560639449303e-09,0.010096301570645096
O3,outgoing_origin,top,-8,-2,s,0.0,0.0,-3.924479624198818e+17,9.186291854132482e+16,4.0305607427558637e+17,4.0305607427558637e+17,1.0
O3,outgoing_origin,top,-8,-2,p,0.0,0.0,-6.027525737092648e+17,1.9077194019907834e+17,6.322219533363764e+17,6.322219533363764e+17,1.0
O3,outgoing_origin,top,-8,-1,s,-2981319862.46184,-78166063072.59729,-2981318372.5103865,-78166062129.61476,1763.2842606194672,78222896444.00201,2.254179199157835e-08
O3,outgoing_origin,top,-8,-1,p,-43830250532.24361,1703522665.7307959,-43830252689.77654,1703521393.0866494,2504.909478167622,43863345015.92837,5.710712389258044e-08
O3,outgoing_origin,top,-8,0,s,266694879294.37585,196830885856.01123,266694873635.83752,196830881675.9629,7035.045142456004,331464253887.1608,2.1224144262780502e-08
O3,outgoing_origin,top,-8,0,p,-11.384954520644763,-16.942038677513462,-11.385070417716205,-16.94188321213283,0.00019391136053422604,20.41193854561357,9.499899291823837e-06
O3,outgoing_origin,top,-8,1,s,-2969905070.151203,-78163674431.84756,-2969909229.3237586,-78163675953.40884,4428.754347741129,78220077981.16751,5.661915024947186e-08
O3,outgoing_origin,top,-8,1,p,43829709338.31359,-1706285042.8575256,43829707113.355125,-1706282438.9235706,3425.041928984552,43862907169.99811,7.808515554407334e-08
O3,outgoing_origin,top,-8,2,s,0.0,0.0,3.928273712239501e+17,-1.3995926659981914e+17,4.1701551516685606e+17,4.1701551516685606e+17,1.0
O3,outgoing_origin,top,-8,2,p,0.0,0.0,-3.2060543375018854e+17,-1.8476860070338982e+17,3.7003686296913075e+17,3.7003686296913075e+17,1.0
O3,outgoing_origin,top,-7,-2,s,-37732757735.2215,147156462953.20825,-37819474320.6322,146871180449.4179,298170879.11830014,151662310032.83063,0.001966018314331059
O3,outgoing_origin,top,-7,-2,p,144337663673.12366,-56231964007.803185,144946593613.74542,-56358918316.4121,622023366.9726521,155517981834.9771,0.0039996877507881504
O3,outgoing_origin,top,-7,-1,s,0.1281423149843777,0.011826175132004737,0.12814231532550188,0.011826175204405962,3.487228795110002e-10,0.12868687344459676,2.709855870895294e-09
O3,outgoing_origin,top,-7,-1,p,0.0022301411230802397,-0.024368227548754527,0.0022301407949223574,-0.024368226614246518,9.90450814008809e-10,0.024470063266948235,4.0476021790536725e-08
O3,outgoing_origin,top,-7,0,s,7.084189012415918e-06,2.1606113550313435e-05,7.084188985830717e-06,2.1606113436911373e-05,1.1647660952506183e-13,2.2737851073389663e-05,5.122586525398417e-09
O3,outgoing_origin,top,-7,0,p,3.692741212132463e-14,4.7228892184060386e-14,3.6927377026035703e-14,4.722873514811849e-14,1.609098081270607e-19,1e-12,1.609098081270607e-07
O3,outgoing_origin,top,-7,1,s,0.12814200332913242,0.011825194082086633,0.1281420034454343,0.011825193846672258,2.6257581113754693e-10,0.1286864727021495,2.040430556716635e-09
O3,outgoing_origin,top,-7,1,p,-0.0022298985527223034,0.024368468786903914,-0.0022298991185380657,0.02436846884409918,5.686991958017611e-10,0.024470282464342116,2.324040176612038e-08
O3,outgoing_origin,top,-7,2,s,-17095907873.997166,-52022737347.717224,-17238834811.402496,-51926906187.24877,172080564.71547735,54713627295.52993,0.003145113442872325
O3,outgoing_origin,top,-7,2,p,140665843756.9395,-251882444300.91263,140868949615.81396,-251615084580.96173,335757665.2309675,288364720024.0475,0.0011643507056028485
O3,outgoing_origin,top,-6,-2,s,29949.931148516927,-69128.01033410053,29975.091132932095,-68953.75021940538,176.06706787283665,75187.27124818225,0.0023417137628477676
O3,outgoing_origin,top,-6,-2,p,-177797.92940355247,-95817.37973512353,-178345.38236995527,-95834.33110223622,547.715345111148,202463.06930030126,0.0027052605050590975
O3,outgoing_origin,top,-6,-1,s,-1.5474059775217386e-09,-2.4973143523634296e-09,-1.5474059637014431e-09,-2.497314356106134e-09,1.4318114490106566e-17,2.9378638854978604e-09,4.873648013709856e-09
O3,outgoing_origin,top,-6,-1,p,7.630226249560541e-10,1.239495038957691e-09,7.630226024977681e-10,1.239495042625607e-09,2.2755839173570974e-17,1.4555244596419265e-09,1.5634116639420225e-08
O3,outgoing_origin,top,-6,0,s,0.0006124689704741027,5.010205266986999e-05,0.0006124689704838995,5.0102052673112185e-05,1.0319405758713502e-14,0.0006145148130742392,1.6792769741527485e-11
O3,outgoing_origin,top,-6,0,p,2.9340099191457776e-16,4.884735761759754e-14,2.936039668047332e-16,4.884737755540395e-14,2.0395176429267367e-19,1e-12,2.0395176429267367e-07
O3,outgoing_origin,top,-6,1,s,-1.5474706661395803e-09,-2.4970458438325233e-09,-1.5474706682079882e-09,-2.4970458457743835e-09,2.8370993297044267e-18,2.9376697269882438e-09,9.657652470732563e-10
O3,outgoing_origin,top,-6,1,p,-7.630688290360466e-10,-1.2395075093173674e-09,-7.630688302113802e-10,-1.2395075123788507e-09,3.2793428093076856e-18,1.4555593127330026e-09,2.2529777939109133e-09
O3,outgoing_origin,top,-6,2,s,-45980.6885755133,11862.533664461644,-45996.745378098734,12091.26640356172,229.29563198083665,47559.42922932894,0.004821244402980233
O3,outgoing_origin,top,-6,2,p,109855.18867573788,-62192.568840470354,110600.86495977959,-62246.68990872662,747.6377536022693,126914.15104094803,0.005890893548671722
O3,outgoing_origin,top,-5,-2,s,0.21825824558985354,-0.010841077683319962,0.2184125146131494,-0.011186733207731591,0.0003785190524992549,0.21869881010078715,0.001730777832420829
O3,outgoing_origin,top,-5,-2,p,-0.5725028252458203,-0.9563802960920138,-0.570691212110325,-0.9558431633274447,0.001889564436443669,1.113249573303205,0.0016973412626936858
O3,outgoing_origin,top,-5,-1,s,-4.537343323258376e-09,1.4745444182456651e-09,-4.537343330959781e-09,1.474544416886895e-09,7.820351057401593e-18,4.770929232379947e-09,1.639167272556768e-09
O3,outgoing_origin,top,-5,-1,p,5.346971638009965e-09,-1.7467285806145908e-09,5.346971654999254e-09,-1.7467285735680004e-09,1.839267170623186e-17,5.625048141045937e-09,3.2697803192155214e-09
O3,outgoing_origin,top,-5,0,s,4.109218763167518e-06,3.2073181595394296e-07,4.109218763171746e-06,3.2073181594423936e-07,1.0584862082840253e-17,4.12171660129146e-06,2.5680712932868044e-12
O3,outgoing_origin,top,-5,0,p,2.0362101447292557e-14,1.3989112486581572e-14,2.0362013330890917e-14,1.3989062957904148e-14,1.0108209596731786e-19,1e-12,1.0108209596731786e-07
O3,outgoing_origin,top,-5,1,s,-4.537335745545467e-09,1.4745185356388181e-09,-4.537335757231285e-09,1.4745185477515626e-09,1.6830832367961813e-17,4.770914034177621e-09,3.5278003852909506e-09
O3,outgoing_origin,top,-5,1,p,-5.346918315630079e-09,1.7466922920929479e-09,-5.34691833788893e-09,1.7466923224939749e-09,3.7678626115853966e-17,5.624986202784173e-09,6.698438850784088e-09
O3,outgoing_origin,top,-5,2,s,-0.24550470956279005,0.26491477445959183,-0.2458423880665727,0.2649481080310216,0.00033931975907857445,0.36143599671240995,0.000938810085782814
O3,outgoing_origin,top,-5,2,p,-0.03214222075444997,-0.07601984990542796,-0.03126408004492039,-0.07402984763971633,0.0021751414030518794,0.08036081783191858,0.02706718848483313
O3,outgoing_origin,top,-4,-2,s,1.9468835185325318e-05,-8.933591201933356e-05,1.9443639320720238e-05,-8.92503292316844e-05,8.92146015795584e-08,9.134372653881774e-05,0.0009766910652768853
O3,outgoing_origin,top,-4,-2,p,-0.000853576938172019,-0.00010962752625004984,-0.0008562784168501633,-0.00011087890867386378,2.977237817020736e-06,0.000863427391013355,0.0034481623446373684
O3,outgoing_origin,top,-4,-1,s,-3.7847024321183585e-09,2.653506685602891e-09,-3.7847024315024415e-09,2.6535066786398e-09,6.990278258290037e-18,4.6222364920681544e-09,1.512315146636371e-09
O3,outgoing_origin,top,-4,-1,p,2.1326004117187154e-08,-1.4946600563120913e-08,2.1326004114668283e-08,-1.4946600512646018e-08,5.053770623641123e-17,2.6042260239531414e-08,1.9406036869141037e-09
O3,outgoing_origin,top,-4,0,s,-2.632160475842928e-07,-1.0803345381781143e-06,-2.6321604747034147e-07,-1.0803345381659035e-06,1.1460372039622149e-16,1.1119376790090553e-06,1.0306667591150869e-10
O3,outgoing_origin,top,-4,0,p,8.832079207168808e-15,1.2242618126421977e-14,8.83194807512052e-15,1.2242615836086372e-14,1.3115204811784001e-19,1e-12,1.3115204811784002e-07
O3,outgoing_origin,top,-4,1,s,-3.7846784354733665e-09,2.6534836400394213e-09,-3.784678432960922e-09,2.6534836474941988e-09,7.866770928394287e-18,4.6222036203999774e-09,1.7019524829400625e-09
O3,outgoing_origin,top,-4,1,p,-2.13260021864356e-08,1.4946556844404265e-08,-2.132600216760287e-08,1.494655689923017e-08,5.797026515456059e-17,2.6042233613776816e-08,2.226009719991655e-09
O3,outgoing_origin,top,-4,2,s,3.415572165561552e-05,6.0309414556072516e-05,3.416036152095581e-05,6.028806811067004e-05,2.1844886854750564e-08,6.929344453668896e-05,0.0003152518539208179
O3,outgoing_origin,top,-4,2,p,-0.0007309607893208405,0.0006152017413547591,-0.0007324576468252982,0.0006157094427452991,1.5806147824842695e-06,0.0009568658852099286,0.001651866585396652
O3,outgoing_origin,top,-3,-2,s,0.00026898907400658804,-0.00029316210946954467,0.00027056709079626394,-0.00029448044467365495,2.0562452915193544e-06,0.0003999065927402889,0.005141813935672575
O3,outgoing_origin,top,-3,-2,p,-0.0013615978835133135,-0.00020114058190668935,-0.0013739832644168405,-0.00022296853031917763,2.509695184726027e-05,0.0013919572466172413,0.018029973196555655
O3,outgoing_origin,top,-3,-1,s,-1.580609901951585e-08,7.529094467924248e-09,-1.5806099013484382e-08,7.529094455868522e-09,1.3480323179021561e-17,1.750771342435848e-08,7.699648064987396e-10
O3,outgoing_origin,top,-3,-1,p,-3.688669753384287e-08,1.7582576356834797e-08,-3.688669751151636e-08,1.7582576313732444e-08,4.8541590237449726e-17,4.086288588847259e-08,1.187913902359581e-09
O3,outgoing_origin,top,-3,0,s,1.0689263491864699e-07,-9.931945056540665e-08,1.0689263489558313e-07,-9.931945045797598e-08,1.0987852709644101e-16,1.4591226348115767e-07,7.530451825978983e-10
O3,outgoing_origin,top,-3,0,p,9.849525332414257e-15,1.4376160289511128e-15,9.8495183287374e-15,1.4376066855177382e-15,1.1676953230506637e-20,1e-12,1.1676953230506637e-08
O3,outgoing_origin,top,-3,1,s,-1.5806154245862244e-08,7.529104347458938e-09,-1.5806154263791605e-08,7.529104318922616e-09,3.370138949455463e-17,1.7507767546320596e-08,1.9249392822580205e-09
O3,outgoing_origin,top,-3,1,p,3.688674016701465e-08,-1.7582533920647617e-08,3.688674022416354e-08,-1.758253382581849e-08,1.1071837642584416e-16,4.086290616318149e-08,2.709508129052363e-09
O3,outgoing_origin,top,-3,2,s,-0.001260156136397977,-1.4362880101068687e-05,-0.001260468100230446,-1.3916186496944077e-05,5.448454906985454e-07,0.0012605449186542965,0.00043223012733270864
O3,outgoing_origin,top,-3,2,p,0.0009299049396722656,0.008758063849634004,0.0009162985071281517,0.008752497898054446,1.4700844314647302e-05,0.008800330812509992,0.0016704876927750847
O3,outgoing_origin,top,-2,-2,s,24.811383442186134,20.193990545767296,24.878957866942194,20.227250025945178,0.07531597375600604,32.06406381226784,0.0023489216525071238
O3,outgoing_origin,top,-2,-2,p,-28.49456157540497,79.41171588907775,-28.27855115651098,79.1437460705124,0.3441922787232489,84.0440896053087,0.004095377561226005
O3,outgoing_origin,top,-2,-1,s,-5.676490618021347e-08,-1.3942021274141588e-08,-5.6764906126139547e-08,-1.3942021283519283e-08,5.4881054723778066e-17,5.8451984782208544e-08,9.389083181394828e-10
O3,outgoing_origin,top,-2,-1,p,-4.699007024563738e-08,-1.1542857240180026e-08,-4.6990070150646333e-08,-1.1542857258794698e-08,9.679775216279595e-17,4.8387025600460015e-08,2.0004898205992576e-09
O3,outgoing_origin,top,-2,0,s,3.4366130816947175e-06,-1.7978152120520753e-06,3.436613081804981e-06,-1.797815211935659e-06,1.6034569627616224e-16,3.878459618237683e-06,4.134262363392121e-11
O3,outgoing_origin,top,-2,0,p,2.024739496295541e-14,-2.5471450731671472e-15,2.024714037313892e-14,-2.5472287573404754e-15,2.6799070044874737e-19,1e-12,2.6799070044874737e-07
O3,outgoing_origin,top,-2,1,s,-5.6764875890093345e-08,-1.3942001725133357e-08,-5.6764875808734706e-08,-1.3942001779156121e-08,9.766108353635826e-17,5.845195068764657e-08,1.6707925464837956e-09
O3,outgoing_origin,top,-2,1,p,4.69900318419408e-08,1.1542824686137032e-08,4.699003170420574e-08,1.1542824775498543e-08,1.6418412468758355e-16,4.838698051501172e-08,3.393146729555621e-09
O3,outgoing_origin,top,-2,2,s,-17.613259257187305,3.8074221445444327,-17.57105962804891,3.59844373955012,0.2131965817113049,17.935744584464782,0.011886686984602088
O3,outgoing_origin,top,-2,2,p,-2.5891785042852753,89.51435893083847,-1.6438545388728507,89.59317038405543,0.948603523470812,89.60824982785547,0.01058611818993401
O3,outgoing_origin,top,-1,-2,s,4572932.403427367,-25304664.96017603,4625274.309099862,-25351507.268776793,70241.56151793372,25769984.152755346,0.0027257122511820963
O3,outgoing_origin,top,-1,-2,p,30331184.946907032,6671602.3671691725,30148817.273371696,6492127.85150847,255869.24418994653,30839891.488516744,0.00829669729172749
O3,outgoing_origin,top,-1,-1,s,-1.6289149009087102e-07,-1.55672054837899e-07,-1.6289149011505543e-07,-1.5567205483422078e-07,2.4462516606827962e-17,2.253162803887279e-07,1.0856968064901435e-10
O3,outgoing_origin,top,-1,-1,p,-5.0496174735669344e-08,-4.8301982953238854e-08,-5.0496174786420884e-08,-4.830198294638123e-08,5.121275144122962e-17,6.987807399043903e-08,7.328872780356931e-10
O3,outgoing_origin,top,-1,0,s,-7.256917818170908e-05,1.5173237004001655e-05,-7.256917817183704e-05,1.517323700536634e-05,9.965919155831935e-15,7.413847005271182e-05,1.344230485029736e-10
O3,outgoing_origin,top,-1,0,p,-7.003378427627446e-15,1.6248396227992917e-14,-7.002694013956805e-15,1.6248483801171224e-14,6.899935754182532e-19,1e-12,6.899935754182533e-07
O3,outgoing_origin,top,-1,1,s,-1.6289143053052302e-07,-1.5567208869692462e-07,-1.6289143052016918e-07,-1.5567208863603261e-07,6.176599844473012e-17,2.253162606586837e-07,2.741302303888987e-10
O3,outgoing_origin,top,-1,1,p,5.049630672744325e-08,4.83020607310575e-08,5.049630670393866e-08,4.830206061205291e-08,1.2130357842987952e-16,6.987822300336975e-08,1.7359282079057717e-09
O3,outgoing_origin,top,-1,2,s,8237967.673338075,7944938.3217224935,8387081.502055002,7992627.382720746,156554.08156134465,11585561.212178316,0.013512861284335605
O3,outgoing_origin,top,-1,2,p,22572975.75464938,-19214638.78172139,22483542.85332697,-18785116.67325977,438733.9575372088,29298298.71622877,0.014974724702843837
O3,outgoing_origin,top,0,-2,s,1377061131410.699,17824746650036.195,4465013005240.571,17710140845444.965,3090077873700.8267,18264321227531.71,0.16918657064806936
O3,outgoing_origin,top,0,-2,p,-65694763882534.69,-58918884500392.34,-65749577182356.79,-58013293383267.13,907248460595.8146,87684372090080.67,0.01034675209470363
O3,outgoing_origin,top,0,-1,s,-16451.228125343037,-6574.282683996518,-16451.22006702548,-6574.270868423239,0.014301896859669594,17716.19821364336,8.072779886068112e-07
O3,outgoing_origin,top,0,-1,p,2513.091216040254,-5941.849508553597,2513.1129061877064,-5941.853888283158,0.02212791285982782,6451.462168295874,3.429906629317306e-06
O3,outgoing_origin,top,0,0,s,0.2940642899140824,0.955763173979332,0.29406428991750433,0.9557631739778055,3.7469503792326086e-12,0.9999785254378292,3.7470308450794476e-12
O3,outgoing_origin,top,0,0,p,-2.903087580114425e-13,-1.2104661409959097e-13,-2.9335939520930556e-13,-1.196853516647835e-13,3.3405722158642044e-15,1e-12,0.0033405722158642045
O3,outgoing_origin,top,0,1,s,-16451.89134378255,-6573.431471545998,-16451.8752316946,-6573.430751075561,0.01612818823477982,17716.494869991413,9.103487091060036e-07
O3,outgoing_origin,top,0,1,p,-2512.4624744086373,5940.348560023235,-2512.4714152230986,5940.363944696345,0.017793997019606905,6449.840029625656,2.7588276512091504e-06
O3,outgoing_origin,top,0,2,s,51580167021852.41,44170659589377.414,51411114583904.96,44666194017270.08,523577211118.74677,68104123155267.32,0.007687892991810029
O3,outgoing_origin,top,0,2,p,37950540242643.94,-26933541551716.1,36477956362617.04,-21216422058205.164,5903724128615.583,42199263800982.21,0.13990111667488783
O3,outgoing_origin,top,1,-2,s,0.0,0.0,-7.60645643420007e+19,3.158781824779989e+18,7.613012446564714e+19,7.613012446564714e+19,1.0
O3,outgoing_origin,top,1,-2,p,0.0,0.0,-1.4312461867320504e+20,-7.303021145396563e+19,1.606800182205656e+20,1.606800182205656e+20,1.0
O3,outgoing_origin,top,1,-1,s,396519382124685.3,356336606727364.06,396519605005675.94,356336572452529.3,225500998.39938882,533107446975817.4,4.229935253739157e-07
O3,outgoing_origin,top,1,-1,p,-241557900037091.78,268537066383921.16,-241557914493207.28,268536897934554.75,169068531.4244387,361195641732595.0,4.68080208868095e-07
O3,outgoing_origin,top,1,0,s,-1.0232451255273926e+17,-7.55878804250921e+16,-1.0232451581549312e+17,-7.558788283615312e+16,4056941950.0770283,1.2721570095128632e+17,3.1890261341487404e-08
O3,outgoing_origin,top,1,0,p,-1747943.2995004067,435377.94419412024,-1748175.8805728736,435692.7677012051,391.4176744643385,1801651.2140933047,0.00021725496666752037
O3,outgoing_origin,top,1,1,s,396573496585720.94,356366245303682.9,396573781383082.06,356366129162731.44,307568297.30089444,533167499098458.9,5.768699289078318e-07
O3,outgoing_origin,top,1,1,p,241503896185854.06,-268528590547459.9,241503989615986.78,-268528381987931.03,228530669.24245685,361153248543460.9,6.327803229352806e-07
O3,outgoing_origin,top,1,2,s,0.0,0.0,9.907492966112312e+19,-5.840668847339614e+19,1.150094906770082e+20,1.150094906770082e+20,1.0
O3,outgoing_origin,top,1,2,p,0.0,0.0,-5.0046471382097795e+20,7.382030181987485e+19,5.058797947543377e+20,5.058797947543377e+20,1.0
O3,outgoing_origin,top,2,-2,s,0.0,0.0,-6.1052102462263225e+26,2.0798876122289146e+27,2.1676412067059357e+27,2.1676412067059357e+27,1.0
O3,outgoing_origin,top,2,-2,p,0.0,0.0,-5.237081217754848e+27,-2.04313703141659e+25,5.237121071949122e+27,5.237121071949122e+27,1.0
O3,outgoing_origin,top,2,-1,s,0.0,0.0,2.3463022900631573e+22,9.61189389718776e+22,9.894121422701005e+22,9.894121422701005e+22,1.0
O3,outgoing_origin,top,2,-1,p,0.0,0.0,-9.035110803733308e+22,2.2168049182528944e+22,9.30308826580338e+22,9.30308826580338e+22,1.0
O3,outgoing_origin,top,2,0,s,0.0,0.0,1.5569055355496313e+27,1.1499254649423638e+27,1.9355318187898632e+27,1.9355318187898632e+27,1.0
O3,outgoing_origin,top,2,0,p,0.0,0.0,504148785226644.6,-4260156174968511.5,4289883055838216.5,4289883055838216.5,1.0
O3,outgoing_origin,top,2,1,s,0.0,0.0,2.345538164448717e+22,9.608425363052643e+22,9.890570622478704e+22,9.890570622478704e+22,1.0
O3,outgoing_origin,top,2,1,p,0.0,0.0,9.033335305963517e+22,-2.2138464898728627e+22,9.300659279356994e+22,9.300659279356994e+22,1.0
O3,outgoing_origin,top,2,2,s,0.0,0.0,-3.942736859063936e+26,-8.703993261742846e+26,9.555347855535465e+26,9.555347855535465e+26,1.0
O3,outgoing_origin,top,2,2,p,0.0,0.0,-3.602850593268826e+27,7.71428821599351e+26,3.6845128340408445e+27,3.6845128340408445e+27,1.0
O3,outgoing_origin,top,3,-2,s,0.0,0.0,2.144201495144299e+33,2.2485349815009616e+31,2.144319389161827e+33,2.144319389161827e+33,1.0
O3,outgoing_origin,top,3,-2,p,0.0,0.0,-1.5549193878168024e+34,1.2214857505116965e+34,1.9773218608288593e+34,1.9773218608288593e+34,1.0
O3,outgoing_origin,top,3,-1,s,0.0,0.0,-1.0893881847656053e+32,-1.696024802299051e+32,2.0157546346518555e+32,2.0157546346518555e+32,1.0
O3,outgoing_origin,top,3,-1,p,0.0,0.0,2.0070047322928928e+32,-1.2913652283006653e+32,2.386564926481175e+32,2.386564926481175e+32,1.0
O3,outgoing_origin,top,3,0,s,0.0,0.0,8.1854834944309035e+34,6.034446851712977e+34,1.0169399630447681e+35,1.0169399630447681e+35,1.0
O3,outgoing_origin,top,3,0,p,0.0,0.0,-1.0583637837345171e+25,1.186188002906994e+25,1.5897093687090501e+25,1.5897093687090501e+25,1.0
O3,outgoing_origin,top,3,1,s,0.0,0.0,-1.0893839210130556e+32,-1.6960300058365435e+32,2.015756708548848e+32,2.015756708548848e+32,1.0
O3,outgoing_origin,top,3,1,p,0.0,0.0,-2.007054535197588e+32,1.2914242472798479e+32,2.3866387438654235e+32,2.3866387438654235e+32,1.0
O3,outgoing_origin,top,3,2,s,0.0,0.0,-5.460235272435108e+33,-7.543041511073313e+32,5.512090708861951e+33,5.512090708861951e+33,1.0
O3,outgoing_origin,top,3,2,p,0.0,0.0,-1.4920966169514337e+34,1.682773155921004e+34,2.2490170761037474e+34,2.2490170761037474e+34,1.0
O3,outgoing_origin,top,4,-2,s,0.0,0.0,1.3840777826333365e+40,4.70339318828378e+39,1.4618106523127939e+40,1.4618106523127939e+40,1.0
O3,outgoing_origin,top,4,-2,p,0.0,0.0,-1.4616545130108087e+41,8.680459186679125e+40,1.6999816564659997e+41,1.6999816564659997e+41,1.0
O3,outgoing_origin,top,4,-1,s,0.0,0.0,1.0736194950537828e+40,4.694452689133659e+40,4.815656224303576e+40,4.815656224303576e+40,1.0
O3,outgoing_origin,top,4,-1,p,0.0,0.0,-6.651340644297375e+40,1.5228085418681647e+40,6.823435954243937e+40,6.823435954243937e+40,1.0
O3,outgoing_origin,top,4,0,s,0.0,0.0,-2.7872817099640197e+44,-2.058198248846748e+44,3.4648404526407518e+44,3.4648404526407518e+44,1.0
O3,outgoing_origin,top,4,0,p,0.0,0.0,-1.2147333773251943e+33,1.2151604432149674e+33,1.7181944246045817e+33,1.7181944246045817e+33,1.0
O3,outgoing_origin,top,4,1,s,0.0,0.0,1.0736097416779569e+40,4.694452545028427e+40,4.815653909382368e+40,4.815653909382368e+40,1.0
O3,outgoing_origin,top,4,1,p,0.0,0.0,6.651299343160504e+40,-1.5228173473390983e+40,6.8233976599407e+40,6.8233976599407e+40,1.0
O3,outgoing_origin,top,4,2,s,0.0,0.0,-1.5449595641369786e+40,1.3479730433045406e+40,2.0503490874224388e+40,2.0503490874224388e+40,1.0
O3,outgoing_origin,top,4,2,p,0.0,0.0,-4.151903985129191e+40,8.367946277176018e+40,9.341350630365806e+40,9.341350630365806e+40,1.0
O3,outgoing_origin,top,5,-2,s,0.0,0.0,1.9340970121348208e+47,-4.367052403050864e+47,4.77617817332448e+47,4.77617817332448e+47,1.0
O3,outgoing_origin,top,5,-2,p,0.0,0.0,1.2055117008183156e+48,6.27338473712679e+47,1.3589746213266903e+48,1.3589746213266903e+48,1.0
O3,outgoing_origin,top,5,-1,s,0.0,0.0,-9.941334576180155e+48,-1.4985672147576213e+49,1.798333959169421e+49,1.798333959169421e+49,1.0
O3,outgoing_origin,top,5,-1,p,0.0,0.0,2.4628233921429675e+49,-1.634225478241792e+49,2.955704987751857e+49,2.955704987751857e+49,1.0
O3,outgoing_origin,top,5,0,s,0.0,0.0,5.434567816377089e+52,4.0107439048482754e+52,6.754301889986797e+52,6.754301889986797e+52,1.0
O3,outgoing_origin,top,5,0,p,0.0,0.0,2.2063353116921424e+40,-5.127458492412359e+40,5.582001979490091e+40,5.582001979490091e+40,1.0
O3,outgoing_origin,top,5,1,s,0.0,0.0,-9.941327038153238e+48,-1.49856658837675e+49,1.7983330204926722e+49,1.7983330204926722e+49,1.0
O3,outgoing_origin,top,5,1,p,0.0,0.0,-2.4628215554502824e+49,1.634223360880307e+49,2.955702286638063e+49,2.955702286638063e+49,1.0
O3,outgoing_origin,top,5,2,s,0.0,0.0,2.6012515174655696e+47,3.2160351534852974e+47,4.136350029382201e+47,4.136350029382201e+47,1.0
O3,outgoing_origin,top,5,2,p,0.0,0.0,1.1761200250479288e+48,-8.767930516488078e+47,1.466977971456412e+48,1.466977971456412e+48,1.0
O3,outgoing_origin,top,6,-2,s,0.0,0.0,-7.720453601555648e+53,3.903154523074209e+53,8.651012602277738e+53,8.651012602277738e+53,1.0
O3,outgoing_origin,top,6,-2,p,0.0,0.0,-1.4776916645810279e+54,-6.47434409964216e+54,6.640836105201174e+54,6.640836105201174e+54,1.0
O3,outgoing_origin,top,6,-1,s,0.0,0.0,-8.325830820892338e+54,-1.0233843935436257e+55,1.319283974559633e+55,1.319283974559633e+55,1.0
O3,outgoing_origin,top,6,-1,p,0.0,0.0,1.9095292560050126e+55,-1.552840149320927e+55,2.461222157563615e+55,2.461222157563615e+55,1.0
O3,outgoing_origin,top,6,0,s,0.0,0.0,-3.633822528014325e+61,-2.684164961845997e+61,4.517677246938536e+61,4.517677246938536e+61,1.0
O3,outgoing_origin,top,6,0,p,0.0,0.0,-7.513562996783817e+48,2.515845569852019e+48,7.923579231507882e+48,7.923579231507882e+48,1.0
O3,outgoing_origin,top,6,1,s,0.0,0.0,-8.325783188119961e+54,-1.0234106328374256e+55,1.3193013228070793e+55,1.3193013228070793e+55,1.0
O3,outgoing_origin,top,6,1,p,0.0,0.0,-1.909590991776025e+55,1.5528361872571383e+55,2.4612675556158923e+55,2.4612675556158923e+55,1.0
O3,outgoing_origin,top,6,2,s,0.0,0.0,2.6413875604635313e+54,3.0628092859891543e+54,4.044468935090599e+54,4.044468935090599e+54,1.0
O3,outgoing_origin,top,6,2,p,0.0,0.0,1.281233291957715e+55,-6.580315974161863e+54,1.440334798447535e+55,1.440334798447535e+55,1.0
O3,outgoing_origin,top,7,-2,s,0.0,0.0,-1.2115088427217012e+61,6.2892418176390065e+60,1.365027216725098e+61,1.365027216725098e+61,1.0
O3,outgoing_origin,top,7,-2,p,0.0,0.0,-4.1836426077642576e+61,-1.7577915329746164e+61,4.537917643908687e+61,4.537917643908687e+61,1.0
O3,outgoing_origin,top,7,-1,s,0.0,0.0,5.00026784935726e+61,1.7311465590688298e+61,5.29145981505026e+61,5.29145981505026e+61,1.0
O3,outgoing_origin,top,7,-1,p,0.0,0.0,-3.598940234948644e+61,1.0437517164623799e+62,1.1040567710790448e+62,1.1040567710790448e+62,1.0
O3,outgoing_origin,top,7,0,s,0.0,0.0,-4.960538550648059e+67,-3.663641233670566e+67,6.166782775606477e+67,6.166782775606477e+67,1.0
O3,outgoing_origin,top,7,0,p,0.0,0.0,-2.559592209865591e+56,7.710460770726278e+55,2.6732048806205836e+56,2.6732048806205836e+56,1.0
O3,outgoing_origin,top,7,1,s,0.0,0.0,5.0007576878583586e+61,1.7312981392406222e+61,5.291972288250621e+61,5.291972288250621e+61,1.0
O3,outgoing_origin,top,7,1,p,0.0,0.0,3.5979801319583585e+61,-1.0437775759115547e+62,1.1040499256263153e+62,1.1040499256263153e+62,1.0
O3,outgoing_origin,top,7,2,s,0.0,0.0,1.3288722099877118e+61,7.680414326013427e+59,1.331089864321545e+61,1.331089864321545e+61,1.0
O3,outgoing_origin,top,7,2,p,0.0,0.0,-3.945336595750879e+61,1.0722372928571149e+61,4.0884439174293054e+61,4.0884439174293054e+61,1.0
O3,outgoing_origin,top,8,-2,s,0.0,0.0,-1.4167780898838033e+68,4.494153416244701e+68,4.712183685375466e+68,4.712183685375466e+68,1.0
O3,outgoing_origin,top,8,-2,p,0.0,0.0,-2.1680682978372097e+69,-5.721260321290441e+67,2.1688230508856947e+69,2.1688230508856947e+69,1.0
O3,outgoing_origin,top,8,-1,s,0.0,0.0,3.149416296137892e+68,1.158304655196205e+68,3.3556657581809476e+68,3.3556657581809476e+68,1.0
O3,outgoing_origin,top,8,-1,p,0.0,0.0,-2.655693065134352e+68,7.25929960309495e+68,7.729821238793119e+68,7.729821238793119e+68,1.0
O3,outgoing_origin,top,8,0,s,0.0,0.0,4.19539466518903e+74,3.098548169557634e+74,5.215585983929853e+74,5.215585983929853e+74,1.0
O3,outgoing_origin,top,8,0,p,0.0,0.0,1.707862123744489e+63,-2.4700385342738418e+63,3.0029790865936284e+63,3.0029790865936284e+63,1.0
O3,outgoing_origin,top,8,1,s,0.0,0.0,3.1491468265401864e+68,1.1572325147232518e+68,3.3550428951417044e+68,3.3550428951417044e+68,1.0
O3,outgoing_origin,top,8,1,p,0.0,0.0,2.653459911054803e+68,-7.257860060617643e+68,7.727702256109748e+68,7.727702256109748e+68,1.0
O3,outgoing_origin,top,8,2,s,0.0,0.0,-7.617154829681662e+67,-1.7311846053874182e+68,1.8913515312928525e+68,1.8913515312928525e+68,1.0
O3,outgoing_origin,top,8,2,p,0.0,0.0,-1.1491266672205841e+69,3.894996182805858e+68,1.213343335564262e+69,1.213343335564262e+69,1.0
O3,outgoing_origin,bottom,-8,-2,s,1.949791240332957e-12,-2.41134403127235e-13,1.949811340626029e-12,-2.4112647699130004e-13,2.1606605759565446e-17,1.96466440949596e-12,1.0997606336803689e-05
O3,outgoing_origin,bottom,-8,-2,p,-7.702214702727882e-13,-2.9318480316896595e-13,-7.702095818404916e-13,-2.9321524715563397e-13,3.268288767401951e-17,1e-12,3.268288767401951e-05
O3,outgoing_origin,bottom,-8,-1,s,-1.903330820665296e-09,3.237481572425622e-09,-1.9033307130983116e-09,3.23748155485631e-09,1.0899237042103491e-16,3.755523215406631e-09,2.9021887010019113e-08
O3,outgoing_origin,bottom,-8,-1,p,-1.8151792154429116e-09,-1.0663025663499495e-09,-1.8151792373426366e-09,-1.066302702225121e-09,1.376287040172642e-16,2.10520239322788e-09,6.5375521356044e-08
O3,outgoing_origin,bottom,-8,0,s,-8.274636104366184e-07,-8.420012475585646e-07,-8.274636210635344e-07,-8.420012632050656e-07,1.8914130648627667e-14,1.1805346972548086e-06,1.6021664329401076e-08
O3,outgoing_origin,bottom,-8,0,p,9.48444416323265e-14,-6.082384367715332e-14,9.484446184687205e-14,-6.082384995548385e-14,2.116708024164784e-20,1e-12,2.1167080241647842e-08
O3,outgoing_origin,bottom,-8,1,s,-1.9032898188753e-09,3.237495925392467e-09,-1.9032897157906176e-09,3.2374959048816713e-09,1.0510539690405855e-16,3.755514808433049e-09,2.798694779955154e-08
O3,outgoing_origin,bottom,-8,1,p,1.8154195116982093e-09,1.0664001016849462e-09,1.8154195362784968e-09,1.0664002339591575e-09,1.3453868401720677e-16,2.105458988365667e-09,6.389993097022541e-08
O3,outgoing_origin,bottom,-8,2,s,-1.1310659484885388e-13,4.600742745683036e-13,-1.1309769522904305e-13,4.600744220157771e-13,8.900841170071795e-18,1e-12,8.900841170071795e-06
O3,outgoing_origin,bottom,-8,2,p,8.881201368344159e-13,-7.509158666403999e-13,8.881210824436409e-13,-7.50904271948064e-13,1.1633188177344361e-17,1.1630203277289337e-12,1.0002566507208738e-05
O3,outgoing_origin,bottom,-7,-2,s,3.846128904452561e-13,3.4636986817831075e-13,3.8460937310928495e-13,3.4636881202727813e-13,3.6724797259740145e-18,1e-12,3.6724797259740146e-06
O3,outgoing_origin,bottom,-7,-2,p,-3.066362358976425e-13,-1.6256219401036923e-12,-3.0663845095333924e-13,-1.6256144653773265e-12,7.79602501177174e-18,1.6542821795712706e-12,4.712633133600088e-06
O3,outgoing_origin,bottom,-7,-1,s,9.143427300958762e-09,-8.393035120311882e-09,9.143427299358093e-09,-8.393035120437725e-09,1.6056080816012043e-18,1.241149875363761e-08,1.2936456051535488e-10
O3,outgoing_origin,bottom,-7,-1,p,1.6020745161472714e-09,1.7429858496929908e-09,1.6020745157365371e-09,1.742985854357894e-09,4.6829504673021545e-18,2.367412605031953e-09,1.9780880009460576e-09
O3,outgoing_origin,bottom,-7,0,s,-1.5993857607557606e-05,1.1273035633724248e-05,-1.599385760756937e-05,1.1273035633747764e-05,2.6293588890104583e-17,1.956744269369279e-05,1.3437417092106697e-12
O3,outgoing_origin,bottom,-7,0,p,5.728133531262658e-14,3.7867483898614125e-14,5.728134201536877e-14,3.7867479945653226e-14,7.781558508030905e-21,1e-12,7.781558508030904e-09
O3,outgoing_origin,bottom,-7,1,s,9.143377825013264e-09,-8.392983306096277e-09,9.143377823575553e-09,-8.392983306241505e-09,1.445027419044906e-18,1.2411427266978679e-08,1.1642717537325342e-10
O3,outgoing_origin,bottom,-7,1,p,-1.6021634199907558e-09,-1.7429876959091145e-09,-1.602163419517007e-09,-1.7429877001852383e-09,4.302286923292452e-18,2.3674741278069873e-09,1.8172477041080484e-09
O3,outgoing_origin,bottom,-7,2,s,-3.6856190078819067e-13,-1.8863348963048484e-13,-3.685638995570758e-13,-1.8863453989681565e-13,2.2579053172802698e-18,1e-12,2.2579053172802698e-06
O3,outgoing_origin,bottom,-7,2,p,-8.924526478470649e-13,-8.501651256900866e-13,-8.924502155398767e-13,-8.501693510956707e-13,4.875466193890308e-18,1.2325807530379527e-12,3.955494341343319e-06
O3,outgoing_origin,bottom,-6,-2,s,3.4368445264739996e-14,-3.856643620363716e-14,3.4368136409102746e-14,-3.857059002186164e-14,4.1652848217982445e-18,1e-12,4.165284821798244e-06
O3,outgoing_origin,bottom,-6,-2,p,2.2400538832001878e-13,4.601690521516611e-13,2.239918567950253e-13,4.601723144335233e-13,1.391921878546705e-17,1e-12,1.391921878546705e-05
O3,outgoing_origin,bottom,-6,-1,s,-3.4076723052159815e-08,1.7398907147814283e-08,-3.407672305231017e-08,1.739890714809963e-08,3.225365563262198e-19,3.8261534521396814e-08,8.429786216385263e-12
O3,outgoing_origin,bottom,-6,-1,p,-1.687777072200507e-08,8.60009547135779e-09,-1.687777072211045e-08,8.600095471822913e-09,4.769117915684783e-19,1.8942565472305955e-08,2.5176726577280345e-11
O3,outgoing_origin,bottom,-6,0,s,-0.0004291335883787103,-0.00042595703410520935,-0.00042913358837870334,-0.00042595703410520675,7.410741937918042e-18,0.0006046445497798576,1.2256361097799009e-14
O3,outgoing_origin,bottom,-6,0,p,-7.24835114065785e-15,-2.647168117036953e-14,-7.248219414823576e-15,-2.647155043178842e-14,1.8559168086260488e-19,1e-12,1.855916808626049e-07
O3,outgoing_origin,bottom,-6,1,s,-3.407668644106872e-08,1.7398901457512013e-08,-3.407668644111517e-08,1.7398901457707644e-08,2.0107140565958507e-19,3.8261499326883465e-08,5.255188876466934e-12
O3,outgoing_origin,bottom,-6,1,p,1.6877700441164006e-08,-8.600127951524872e-09,1.6877700441107863e-08,-8.600127951844164e-09,3.241900207488162e-19,1.894251759845728e-08,1.7114410429541792e-11
O3,outgoing_origin,bottom,-6,2,s,-5.252157215126967e-14,-1.1183734446157743e-13,-5.2522262982456714e-14,-1.1184100124026162e-13,3.721461819522755e-18,1e-12,3.721461819522755e-06
O3,outgoing_origin,bottom,-6,2,p,1.702898906336478e-13,1.9869555356609132e-13,1.7030199430590387e-13,1.986912278111874e-13,1.2853444580006075e-17,1e-12,1.2853444580006075e-05
O3,outgoing_origin,bottom,-5,-2,s,-2.8014232516618633e-14,-3.5981114720411313e-16,-2.8014404215520196e-14,-3.6023260446901207e-16,4.5508981413980325e-19,1e-12,4.5508981413980326e-07
O3,outgoing_origin,bottom,-5,-2,p,-1.8280701515462095e-14,2.1661124365365017e-14,-1.828365598726849e-14,2.1662062934167955e-14,3.0999701696342652e-18,1e-12,3.099970169634265e-06
O3,outgoing_origin,bottom,-5,-1,s,-2.8769223076714413e-09,-3.845659021451426e-08,-2.87692230763141e-09,-3.845659021452119e-08,4.0627685286927756e-20,3.8564050784269986e-08,1.0535118707887273e-12
O3,outgoing_origin,bottom,-5,-1,p,-3.4036386625257607e-09,-4.539490556597463e-08,-3.403638662440659e-09,-4.539490556598451e-08,8.567316168555315e-20,4.5522326472722285e-08,1.882003147112657e-12
O3,outgoing_origin,bottom,-5,0,s,-3.771401164562549e-06,-7.476162153658957e-07,-3.7714011645627657e-06,-7.476162153659499e-07,2.2351400383409363e-19,3.844788258089578e-06,5.813428174199498e-14
O3,outgoing_origin,bottom,-5,0,p,2.856187902186358e-15,-2.007970660161233e-14,2.856190204553791e-15,-2.0079706289036304e-14,2.3234886635143058e-21,1e-12,2.323488663514306e-09
O3,outgoing_origin,bottom,-5,1,s,-2.876977407310473e-09,-3.84566460144666e-08,-2.876977407314593e-09,-3.845664601445626e-08,1.1127205690676519e-20,3.8564110539248705e-08,2.8853785385123254e-13
O3,outgoing_origin,bottom,-5,1,p,3.403687260005282e-09,4.5394944083714264e-08,3.4036872600095883e-09,4.53949440837015e-08,1.3471851086617629e-20,4.552236851621779e-08,2.9593915092133553e-13
O3,outgoing_origin,bottom,-5,2,s,5.926836523559345e-14,-2.5597803939253766e-14,5.9268442578592e-14,-2.5597729411310758e-14,1.0740741926341384e-19,1e-12,1.0740741926341384e-07
O3,outgoing_origin,bottom,-5,2,p,-4.6110726234266995e-14,-4.073570897758746e-14,-4.611107348894227e-14,-4.073519340246934e-14,6.216136355660782e-19,1e-12,6.216136355660782e-07
O3,outgoing_origin,bottom,-4,-2,s,4.764289576400311e-16,-2.2762386016301282e-14,4.764468484651912e-16,-2.276239122585039e-14,1.863386773601621e-20,1e-12,1.863386773601621e-08
O3,outgoing_origin,bottom,-4,-2,p,1.132083997207647e-15,3.4339631773564606e-15,1.1317885194869508e-15,3.4331973548920408e-15,8.208478119833654e-19,1e-12,8.208478119833654e-07
O3,outgoing_origin,bottom,-4,-1,s,-4.413408436064666e-09,1.462186542083893e-10,-4.4134084360627916e-09,1.462186542066071e-10,2.586430631140482e-21,4.415829924074093e-09,5.857179002841243e-13
O3,outgoing_origin,bottom,-4,-1,p,-2.4910297016959874e-08,7.974483995348676e-10,-2.4910297016941987e-08,7.974483995405909e-10,1.8780278041661795e-20,2.4923058027100097e-08,7.535302458165868e-13
O3,outgoing_origin,bottom,-4,0,s,7.3363715888677e-08,-1.2010613641596956e-06,7.336371588858944e-08,-1.201061364159572e-06,1.5152751970786738e-19,1.2032998941601521e-06,1.259266459203228e-13
O3,outgoing_origin,bottom,-4,0,p,2.8690646323228247e-15,-4.4865775254937245e-15,2.8690640679991602e-15,-4.486577141805375e-15,6.824059990238618e-22,1e-12,6.824059990238618e-10
O3,outgoing_origin,bottom,-4,1,s,-4.413419222553581e-09,1.4620031466156909e-10,-4.4134192225524234e-09,1.4620031466050458e-10,1.572367584537293e-21,4.415840097422241e-09,3.560743935123844e-13
O3,outgoing_origin,bottom,-4,1,p,2.4910272762949985e-08,-7.975130559614336e-10,2.491027276294416e-08,-7.975130559619447e-10,5.849032979458583e-21,2.4923035854379925e-08,2.3468380873153885e-13
O3,outgoing_origin,bottom,-4,2,s,3.0222549265041914e-14,1.2876875522363003e-14,3.02225394737859e-14,1.2876881716333973e-14,1.1585938488584901e-20,1e-12,1.1585938488584901e-08
O3,outgoing_origin,bottom,-4,2,p,-1.0899751815161428e-15,3.155820208029032e-14,-1.0899670585080057e-15,3.1557744637338404e-14,4.575150680796316e-19,1e-12,4.575150680796316e-07
O3,outgoing_origin,bottom,-3,-2,s,-1.1031188164361205e-14,5.855713725827346e-15,-1.1031167265656072e-14,5.855708242671018e-15,2.1606038034873328e-20,1e-12,2.160603803487333e-08
O3,outgoing_origin,bottom,-3,-2,p,9.744140168999941e-14,-9.942482063003064e-14,9.74411955727859e-14,-9.942469831191331e-14,2.396790093681549e-19,1e-12,2.396790093681549e-07
O3,outgoing_origin,bottom,-3,-1,s,-8.577459314755662e-09,-2.2736428080390694e-09,-8.57745931476276e-09,-2.273642808026623e-09,1.4328691155896435e-20,8.873683559542881e-09,1.6147399284356004e-12
O3,outgoing_origin,bottom,-3,-1,p,2.0027834322467758e-08,5.280705117526426e-09,2.0027834322505325e-08,5.280705117497834e-09,4.7209859919287517e-20,2.0712315036897498e-08,2.2793135308721672e-12
O3,outgoing_origin,bottom,-3,0,s,-3.9723706670330953e-08,-3.2512460045984566e-08,-3.9723706670302154e-08,-3.251246004606546e-08,8.586528863363336e-20,5.133257182214048e-08,1.6727252421940492e-12
O3,outgoing_origin,bottom,-3,0,p,1.3900267931058052e-14,9.651091509434736e-15,1.3900268053563316e-14,9.651091495878979e-15,1.2325298525551167e-22,1e-12,1.2325298525551167e-10
O3,outgoing_origin,bottom,-3,1,s,-8.577445584962966e-09,-2.2736022560482135e-09,-8.577445584962695e-09,-2.273602256048398e-09,3.280821886642367e-22,8.873659897793267e-09,3.697258993956094e-14
O3,outgoing_origin,bottom,-3,1,p,-2.0027856466180107e-08,-5.280712598217681e-09,-2.002785646619444e-08,-5.280712598203859e-09,1.9912278282792526e-20,2.071233835604554e-08,9.61372778896329e-13
O3,outgoing_origin,bottom,-3,2,s,7.47915774495936e-14,3.424326494892331e-14,7.479160634914191e-14,3.4243244179387927e-14,3.5588727040880745e-20,1e-12,3.5588727040880746e-08
O3,outgoing_origin,bottom,-3,2,p,1.3946812961214116e-13,-3.3227224331546016e-14,1.3946816798435815e-13,-3.322752651215353e-14,3.0460720049963285e-19,1e-12,3.0460720049963285e-07
O3,outgoing_origin,bottom,-2,-2,s,-1.8674392141449165e-14,-2.9320075549919627e-14,-1.867423772961293e-14,-2.932019354261609e-14,1.9433294004895576e-19,1e-12,1.9433294004895577e-07
O3,outgoing_origin,bottom,-2,-2,p,9.865694957686405e-14,1.3778580122986372e-13,9.865727300743475e-14,1.3778620827277956e-13,5.198954408323779e-19,1e-12,5.198954408323779e-07
O3,outgoing_origin,bottom,-2,-1,s,-4.9415704875849725e-08,3.333546170651946e-08,-4.941570487585534e-08,3.3335461706536114e-08,1.7578118572121223e-20,5.960842973578124e-08,2.948931661182408e-13
O3,outgoing_origin,bottom,-2,-1,p,4.091537772357958e-08,-2.7612875970462718e-08,4.0915377723588606e-08,-2.7612875970495064e-08,3.3581847497799866e-20,4.936131130375159e-08,6.803272970434146e-13
O3,outgoing_origin,bottom,-2,0,s,-1.958920072180103e-06,-3.3592284766874184e-06,-1.9589200721799674e-06,-3.359228476687554e-06,1.9166167708542177e-19,3.88867378520983e-06,4.928715744025308e-14
O3,outgoing_origin,bottom,-2,0,p,7.955843110448627e-15,2.5042348275325752e-15,7.955843219703692e-15,2.5042355774546502e-15,7.578388929565701e-22,1e-12,7.578388929565701e-10
O3,outgoing_origin,bottom,-2,1,s,-4.941571833550013e-08,3.3335496716355443e-08,-4.941571833550894e-08,3.3335496716364437e-08,1.2592469073392284e-20,5.960846047283137e-08,2.1125304987757131e-13
O3,outgoing_origin,bottom,-2,1,p,-4.091538156222449e-08,2.7612856647556057e-08,-4.091538156223619e-08,2.761285664757645e-08,2.3509599949842638e-20,4.936130367629064e-08,4.762759124843543e-13
O3,outgoing_origin,bottom,-2,2,s,3.573193797669045e-14,1.061730677544441e-13,3.573182355240568e-14,1.0617306830971769e-13,1.1442563206254101e-19,1e-12,1.1442563206254102e-07
O3,outgoing_origin,bottom,-2,2,p,1.3673313386934472e-14,-3.275001811783176e-14,1.36734535838266e-14,-3.274957482520032e-14,4.649338938495895e-19,1e-12,4.649338938495895e-07
O3,outgoing_origin,bottom,-1,-2,s,-2.7190280933247255e-14,-1.7915259731872849e-13,-2.7189843303628055e-14,-1.7915221789745512e-13,5.792065143687327e-19,1e-12,5.792065143687327e-07
O3,outgoing_origin,bottom,-1,-2,p,4.789130685865676e-13,-4.774829942285549e-13,4.789112790402965e-13,-4.774821037502036e-13,1.998856560731341e-18,1e-12,1.998856560731341e-06
O3,outgoing_origin,bottom,-1,-1,s,5.716744885179008e-08,2.1528611623638316e-07,5.7167448851797814e-08,2.1528611623635958e-07,2.4820850263193914e-20,2.2274700683142356e-07,1.1143067920988273e-13
O3,outgoing_origin,bottom,-1,-1,p,-1.7725890730776607e-08,-6.673360243543767e-08,-1.772589073078124e-08,-6.673360243539953e-08,3.8423198734420905e-20,6.904767118596802e-08,5.564734925083082e-13
O3,outgoing_origin,bottom,-1,0,s,2.7890544331557183e-05,6.114103380278714e-05,2.7890544331560002e-05,6.114103380279795e-05,1.1176258962745338e-17,6.720199757139364e-05,1.663084337764212e-13
O3,outgoing_origin,bottom,-1,0,p,-3.353528607183968e-14,4.0150357948756696e-16,-3.353529595473944e-14,4.0148223739339823e-16,2.351928339095203e-20,1e-12,2.3519283390952032e-08
O3,outgoing_origin,bottom,-1,1,s,5.716755362364086e-08,2.152860702296177e-07,5.716755362364887e-08,2.1528607022955305e-07,6.513406335008167e-20,2.2274698925506673e-07,2.9241276646615816e-13
O3,outgoing_origin,bottom,-1,1,p,1.772593709201075e-08,6.673375499394957e-08,1.772593709205055e-08,6.673375499386128e-08,9.684629464400337e-20,6.90478305334211e-08,1.4025972126253412e-12
O3,outgoing_origin,bottom,-1,2,s,5.977009387847479e-14,1.006853112972672e-13,5.977055520053754e-14,1.006851056658313e-13,5.050765615359576e-19,1e-12,5.050765615359576e-07
O3,outgoing_origin,bottom,-1,2,p,-2.4635244595878373e-13,-5.282629791062171e-13,-2.4635184155201366e-13,-5.282636663928451e-13,9.15243384416527e-19,1e-12,9.15243384416527e-07
O3,outgoing_origin,bottom,0,-2,s,2.041918467128261e-12,-7.806574603696753e-13,2.0419195942206846e-12,-7.806550788194275e-13,2.6347901080702134e-18,2.186059921719652e-12,1.2052689324259556e-06
O3,outgoing_origin,bottom,0,-2,p,3.226425859822955e-13,4.395222844559229e-12,3.2263930008786535e-13,4.395223919366962e-12,3.457211863421485e-18,4.407049967873823e-12,7.844730349380209e-07
O3,outgoing_origin,bottom,0,-1,s,-1.1852285290995878e-09,2.8450316625110465e-09,-1.1852285293247968e-09,2.845031660037334e-09,2.48394303429955e-18,3.0820402030700716e-09,8.059411528198928e-10
O3,outgoing_origin,bottom,0,-1,p,1.0363014795096831e-09,4.375747578307521e-10,1.0363014836658744e-09,4.375747567478904e-10,4.29494072374043e-18,1.1248966320471709e-09,3.818075902604647e-09
O3,outgoing_origin,bottom,0,0,s,-5.0161418982952455e-05,-2.681582073954178e-05,-5.016141898095405e-05,-2.6815820735059254e-05,4.907814467711567e-15,5.6879312547512836e-05,8.628470084992563e-11
O3,outgoing_origin,bottom,0,0,p,4.466717451562607e-14,-1.958531654611636e-13,4.466861162529411e-14,-1.9585249279627284e-13,1.586745806116897e-18,1e-12,1.586745806116897e-06
O3,outgoing_origin,bottom,0,1,s,-1.185322592792116e-09,2.845262070734761e-09,-1.1853225930332313e-09,2.8452620684674912e-09,2.28005458805956e-18,3.0822890662322584e-09,7.39727695574855e-10
O3,outgoing_origin,bottom,0,1,p,-1.035913575358889e-09,-4.3762197621620086e-10,-1.0359135792646714e-09,-4.3762197550504277e-10,3.969997780366647e-18,1.1245576628834462e-09,3.5302749795748928e-09
O3,outgoing_origin,bottom,0,2,s,-1.3918997826779062e-12,3.7566681580928047e-13,-1.3918943899084264e-12,3.7566758677634093e-13,5.4476006526906364e-18,1.441699042245957e-12,3.778597677504223e-06
O3,outgoing_origin,bottom,0,2,p,7.047937302424437e-13,1.8004585057514897e-12,7.047938882110445e-13,1.8004488973522165e-12,9.609697740943947e-18,1.9334814860340542e-12,4.970152447984026e-06
O3,outgoing_origin,bottom,1,-2,s,7.017576146503403e-14,6.818209535404835e-13,7.0172276549376e-14,6.81821214109037e-13,3.494643488923003e-18,1e-12,3.4946434889230035e-06
O3,outgoing_origin,bottom,1,-2,p,-9.025581941399465e-13,1.1931428005519087e-12,-9.025576556433582e-13,1.1931360360619566e-12,6.785889984895264e-18,1.4960561227140088e-12,4.53585255383663e-06
O3,outgoing_origin,bottom,1,-1,s,5.051694626872779e-09,-2.7025178857435273e-09,5.051694694733203e-09,-2.7025176774378096e-09,2.19080599535141e-16,5.729155355343355e-09,3.823959832592308e-08
O3,outgoing_origin,bottom,1,-1,p,-1.8277989749926655e-09,-3.4230967146436608e-09,-1.827799206750237e-09,-3.4230966131126317e-09,2.5302197883983105e-16,3.880520630392263e-09,6.520310106282164e-08
O3,outgoing_origin,bottom,1,0,s,-3.3412146055178393e-06,-1.3118990220724325e-06,-3.3412147855682583e-06,-1.3118994299477719e-06,4.4584800760386043e-13,3.5895398531841417e-06,1.2420756582723713e-07
O3,outgoing_origin,bottom,1,0,p,1.736172821921439e-13,1.3639909354358109e-14,1.7361729577019086e-13,1.3639898870777968e-14,1.7154265128518577e-20,1e-12,1.7154265128518576e-08
O3,outgoing_origin,bottom,1,1,s,5.051304407419168e-09,-2.703418829196314e-09,5.051304477997872e-09,-2.7034186185765237e-09,2.221307037153396e-16,5.729236350222214e-09,3.8771433073576034e-08
O3,outgoing_origin,bottom,1,1,p,1.8277460187548796e-09,3.4233773051980925e-09,1.8277462515127083e-09,3.4233772016335896e-09,2.547583424372051e-16,3.880743205184206e-09,6.564679211365458e-08
O3,outgoing_origin,bottom,1,2,s,-1.103789502993397e-12,-9.71268642743826e-13,-1.1037996942564143e-12,-9.71262243506735e-13,1.2033788980878749e-17,1.470280283042077e-12,8.184690442818353e-06
O3,outgoing_origin,bottom,1,2,p,-1.7031192831440452e-12,-5.616192515876067e-13,-1.7031144967899317e-12,-5.616028987865412e-13,1.703887579591279e-17,1.793320050939449e-12,9.501302228225686e-06
O3,outgoing_origin,bottom,2,-2,s,3.9037766518216244e-12,5.589170941434152e-13,3.903795183900734e-12,5.589182668388325e-13,1.8569145663356718e-17,3.943603233954031e-12,4.708674925377437e-06
O3,outgoing_origin,bottom,2,-2,p,4.6288530158958375e-12,-2.1215362849763355e-12,4.62884276472104e-12,-2.121516800409009e-12,2.2016697041493875e-17,5.091858096503476e-12,4.323902320964621e-06
O3,outgoing_origin,bottom,2,-1,s,2.9416207576513572e-09,-3.5122973199994785e-10,2.941623927863308e-09,-3.5123216017815665e-10,3.993281010253652e-15,2.962518415693204e-09,1.3479345779254028e-06
O3,outgoing_origin,bottom,2,-1,p,-3.327940179530957e-10,-2.7756436763909597e-09,-3.327915847135533e-10,-2.7756405788564284e-09,3.9389560600364765e-15,2.7955197838417466e-09,1.4090245695286623e-06
O3,outgoing_origin,bottom,2,0,s,6.765902597682949e-06,-1.2485964006993602e-06,6.7659113148210714e-06,-1.2485753780825531e-06,2.275827134172275e-11,6.880152352584773e-06,3.307815027260668e-06
O3,outgoing_origin,bottom,2,0,p,9.41550021845389e-13,-1.941254052335025e-13,9.415499572555622e-13,-1.9412536540202293e-13,7.588407272090335e-20,1e-12,7.588407272090335e-08
O3,outgoing_origin,bottom,2,1,s,2.9398921689499904e-09,-3.5130350555508494e-10,2.939895370751525e-09,-3.51305899314214e-10,3.9977013189022725e-15,2.960810805482041e-09,1.350204920726577e-06
O3,outgoing_origin,bottom,2,1,p,3.3148371532329784e-10,2.772927162006788e-09,3.314813016315493e-10,2.7729240461502733e-09,3.941379159369806e-15,2.7926667576081734e-09,1.4113317131849512e-06
O3,outgoing_origin,bottom,2,2,s,-5.508484416050029e-12,-2.4540256962980757e-13,-5.508470003999071e-12,-2.4538488431011277e-13,2.28139813605628e-17,5.513932854724059e-12,4.137515265717632e-06
O3,outgoing_origin,bottom,2,2,p,-1.89479003664035e-12,-1.4281832745502189e-11,-1.894765547717084e-12,-1.4281853038918793e-11,3.1804561311124757e-17,1.4406993534602892e-11,2.20757795404962e-06
O3,outgoing_origin,bottom,3,-2,s,4.510727021064257e-12,5.185224484981684e-12,4.510619232221114e-12,5.185294520382034e-12,1.2854334680652648e-16,6.872624325626052e-12,1.870367718590773e-05
O3,outgoing_origin,bottom,3,-2,p,-1.4399536361927675e-11,1.72175027355864e-12,-1.4399597174984643e-11,1.7216710133595764e-12,9.990198723440929e-17,1.4502156732019838e-11,6.888767586812248e-06
O3,outgoing_origin,bottom,3,-1,s,-2.0001334525068706e-07,5.034810863599231e-09,-2.000137051962762e-07,5.034814256178643e-09,3.5996157673706885e-13,2.0007706420511347e-07,1.799114646984455e-06
O3,outgoing_origin,bottom,3,-1,p,6.047356360229577e-09,2.3681271675478602e-07,6.047356579194861e-09,2.3681232689615904e-07,3.898586884748683e-13,2.3688952845486694e-07,1.645740489323257e-06
O3,outgoing_origin,bottom,3,0,s,-2.0576658606261122e-05,-6.048945460411211e-05,-2.0576616580475493e-05,-6.048923070060526e-05,2.2781340398632227e-10,6.3893224841535e-05,3.5655330365830564e-06
O3,outgoing_origin,bottom,3,0,p,-5.351873344677308e-12,3.4581189984073304e-12,-5.35187336867751e-12,3.458119192935909e-12,1.9600351403561093e-19,6.371902141975444e-12,3.0760597019282706e-08
O3,outgoing_origin,bottom,3,1,s,-2.000164075407699e-07,5.037260787972931e-09,-2.0001676746498648e-07,5.037264270327521e-09,3.599410625007107e-13,2.000801871712229e-07,1.7989840352992244e-06
O3,outgoing_origin,bottom,3,1,p,-6.055515172101881e-09,-2.3683816138709932e-07,-6.055515342158133e-09,-2.3683777153313808e-07,3.898539983246664e-13,2.369151731967415e-07,1.6455425503748546e-06
O3,outgoing_origin,bottom,3,2,s,-9.952082824662216e-12,-3.551843666197026e-12,-9.952043178452585e-12,-3.5517741075533544e-12,8.006389228319493e-17,1.0566847341419817e-11,7.5768949523252155e-06
O3,outgoing_origin,bottom,3,2,p,4.217425472703605e-11,2.1923689155158595e-11,4.217430099475178e-11,2.1923661279101018e-11,5.401644291486308e-17,4.7532289954058324e-11,1.1364157495267307e-06
O3,outgoing_origin,bottom,4,-2,s,3.2015106264352538e-12,-4.352755900010701e-12,3.200989822337837e-12,-4.352194006739895e-12,7.661337713893592e-16,5.4025853547179685e-12,0.00014180873065157778
O3,outgoing_origin,bottom,4,-2,p,3.472043682573666e-11,1.7341110523823942e-11,3.471999296262414e-11,1.734073945740612e-11,5.785367309794189e-16,3.8809524040553644e-11,1.4907081322999024e-05
O3,outgoing_origin,bottom,4,-1,s,2.78289926671162e-06,-4.678668843807857e-07,2.7829149567699996e-06,-4.67865097584123e-07,1.5791471567544675e-11,2.8219697741385484e-06,5.595903865542031e-06
O3,outgoing_origin,bottom,4,-1,p,-6.629227434069179e-07,-3.943611785554603e-06,-6.629239314301839e-07,-3.9435939517020755e-06,1.7873379513986727e-11,3.9989250299004155e-06,4.469546035583424e-06
O3,outgoing_origin,bottom,4,0,s,1.6906553490514398e-05,0.0010068646211559007,1.6893295851971857e-05,0.0010068233145975047,4.338198642574431e-08,0.00100696502931425,4.3081919592865834e-05
O3,outgoing_origin,bottom,4,0,p,2.4652631426351894e-11,2.1398572724716346e-11,2.4652636257364795e-11,2.139857878645261e-11,7.75134389461716e-18,3.2644320310246266e-11,2.374484694718609e-07
O3,outgoing_origin,bottom,4,1,s,2.7828942160769913e-06,-4.6786922109965856e-07,2.7829099061443927e-06,-4.6786743400041534e-07,1.5791514771020474e-11,2.8219651807764613e-06,5.595928283805207e-06
O3,outgoing_origin,bottom,4,1,p,6.630096933702283e-07,3.943608383401895e-06,6.630108815232011e-07,3.943590549523526e-06,1.7873413920877465e-11,3.998936089925599e-06,4.469542277983743e-06
O3,outgoing_origin,bottom,4,2,s,-4.31741272662798e-12,5.201194476083408e-12,-4.317373870266469e-12,5.201530141640854e-12,3.379070630885617e-16,6.759854506574679e-12,4.998732779824049e-05
O3,outgoing_origin,bottom,4,2,p,-1.7166079003622036e-10,-3.0809434648395105e-11,-1.7166061801208709e-10,-3.080958129648292e-11,2.2604858789418147e-16,1.744035494935704e-10,1.2961237804538778e-06
O3,outgoing_origin,bottom,5,-2,s,6.467784338650264e-11,-1.5978570568078924e-11,6.467808025899018e-11,-1.5975800669308273e-11,2.7800085926135536e-15,6.66219203642003e-11,4.172813658651918e-05
O3,outgoing_origin,bottom,5,-2,p,-3.322601557229537e-10,-5.12930808507411e-10,-3.3226269162169435e-10,-5.129314775057452e-10,2.622659183729318e-15,6.111441702740197e-10,4.2913919682051325e-06
O3,outgoing_origin,bottom,5,-1,s,-8.545523718687966e-05,-8.947444582790234e-06,-8.545636414062509e-05,-8.947663785410754e-06,1.1480742716257196e-09,8.59235174987143e-05,1.3361583708940903e-05
O3,outgoing_origin,bottom,5,-1,p,-1.4711658180153598e-05,0.0001404832266594441,-1.4711443023672806e-05,0.0001404819394350515,1.305081969877497e-09,0.00014125013933894809,9.239509256311478e-06
O3,outgoing_origin,bottom,5,0,s,-0.00545423253609556,-0.0264214008847925,-0.005453782773017224,-0.02641970226820023,1.7571525699765132e-06,0.02697673839580322,6.513584200563972e-05
O3,outgoing_origin,bottom,5,0,p,9.439341084796209e-11,3.559667656088647e-13,9.439344957727069e-11,3.5584849922927223e-13,1.2444635746553286e-16,9.43941203214011e-11,1.3183697993244426e-06
O3,outgoing_origin,bottom,5,1,s,-8.545526652441619e-05,-8.947332101259667e-06,-8.545639347838052e-05,-8.947551302980131e-06,1.1480743146642667e-09,8.592353496365975e-05,1.3361581493939115e-05
O3,outgoing_origin,bottom,5,1,p,1.4711558261018337e-05,-0.00014048297945913656,1.4711343105365168e-05,-0.00014048169223494607,1.3050816341054966e-09,0.00014124988307661666,9.239523641924681e-06
O3,outgoing_origin,bottom,5,2,s,-4.7793907625075765e-11,2.8271453990982987e-11,-4.779390230238236e-11,2.8271370132460644e-11,8.402727434976015e-17,5.552951887470536e-11,1.5132001150479265e-06
O3,outgoing_origin,bottom,5,2,p,-1.5017332893186178e-10,5.398367851383182e-10,-1.5017315124669527e-10,5.398377639152135e-10,9.947744614634983e-16,5.603363157107886e-10,1.7753167759644907e-06
O3,outgoing_origin,bottom,6,-2,s,1.6656428046372433e-10,7.780594754164082e-11,1.6654847723385353e-10,7.779252646851235e-11,2.0733240901248566e-14,1.8382076173074039e-10,0.00011279052869783284
O3,outgoing_origin,bottom,6,-2,p,-5.011718296816411e-11,1.5543672283484044e-09,-5.0103973211548785e-11,1.554371038286814e-09,1.3748210811631906e-14,1.5551783604450043e-09,8.84027913537708e-06
O3,outgoing_origin,bottom,6,-1,s,8.027664328573053e-06,-1.7776148335548293e-05,8.024210189986018e-06,-1.776845427500646e-05,8.433839042798238e-09,1.949630520114185e-05,0.00043258653143695607
O3,outgoing_origin,bottom,6,-1,p,-3.317484430364053e-05,-1.4965906173133904e-05,-3.3180782339682204e-05,-1.4967926692479007e-05,6.272381561749236e-09,3.6400592661999227e-05,0.0001723153691477489
O3,outgoing_origin,bottom,6,0,s,-0.10732454828848859,0.11641017273393572,-0.10736403072041867,0.11629702780868456,0.00011983587334852965,0.15827834270571875,0.0007571211026093203
O3,outgoing_origin,bottom,6,0,p,-2.369140109937946e-10,-6.227154822329997e-10,-2.3691909756227233e-10,-6.227228390510058e-10,8.94404550823821e-15,6.662690095340367e-10,1.3424075531433371e-05
O3,outgoing_origin,bottom,6,1,s,8.02755295400992e-06,-1.7776057306114126e-05,8.024098829596724e-06,-1.77683632472555e-05,8.43383170224712e-09,1.9496176407530674e-05,0.0004325890126327249
O3,outgoing_origin,bottom,6,1,p,3.3175448249718986e-05,1.4966134214460868e-05,3.318138628753185e-05,1.4968154734688473e-05,6.272383522803589e-09,3.6401236958707646e-05,0.00017231237306355201
O3,outgoing_origin,bottom,6,2,s,-2.0975033681551453e-10,4.7504939100789184e-11,-2.0975063327375816e-10,4.7511958927140826e-11,7.0260835105639095e-15,2.150644424349058e-10,3.266966603598601e-05
O3,outgoing_origin,bottom,6,2,p,-5.26609619149399e-10,5.47401368599587e-10,-5.266109910338644e-10,5.474068962230054e-10,5.695321557299574e-15,7.595876815155528e-10,7.497911953938079e-06
O3,outgoing_origin,bottom,7,-2,s,-4.489175463298426e-10,-7.200880088175052e-11,-4.4902973632307405e-10,-7.214618228040091e-11,1.7737035625044293e-13,4.547887154712683e-10,0.000390006062632063
O3,outgoing_origin,bottom,7,-2,p,-1.9999430852486646e-09,3.794129469279045e-09,-2.0000220324688322e-09,3.794242828035444e-09,1.3814076597691582e-13,4.289098596262292e-09,3.220741208824104e-05
O3,outgoing_origin,bottom,7,-1,s,-1.5895535997847389e-06,3.175138398020322e-06,-1.575103293100743e-06,3.1114062216806346e-06,6.53498405832375e-08,3.487377103246761e-06,0.018738965889979763
O3,outgoing_origin,bottom,7,-1,p,6.437704581686253e-06,3.2995777299520127e-06,6.479213902074354e-06,3.3017676674916086e-06,4.156704831365006e-08,7.271993022475101e-06,0.0057160462317801105
O3,outgoing_origin,bottom,7,0,s,-0.003570196544501414,0.04942309369899256,-0.0035437735550658545,0.04949261450536291,7.437282359232597e-05,0.04961932306658408,0.0014988681625608881
O3,outgoing_origin,bottom,7,0,p,2.5305845923431217e-10,-2.0427719550476906e-10,2.530557069406793e-10,-2.0429858102118315e-10,2.1561897702630132e-14,3.25230842667967e-10,6.629721070041009e-05
O3,outgoing_origin,bottom,7,1,s,-1.5896706613115728e-06,3.174803237374545e-06,-1.5752203269249202e-06,3.1110708069035605e-06,6.53500945494723e-08,3.4871307179291434e-06,0.018740362732453258
O3,outgoing_origin,bottom,7,1,p,-6.434693701810861e-06,-3.297481945774881e-06,-6.476202998570661e-06,-3.299671744498134e-06,4.156701740492762e-08,7.26835874872278e-06,0.005718900076613846
O3,outgoing_origin,bottom,7,2,s,-2.3251549058134156e-10,-2.7290793159858746e-10,-2.327059756169406e-10,-2.7279558836192966e-10,2.2114599614262111e-13,3.5856589926757326e-10,0.0006167513324450158
O3,outgoing_origin,bottom,7,2,p,-1.1724414765403805e-09,-2.440989669158635e-09,-1.1724389284374942e-09,-2.441016052254382e-09,2.6505859154088304e-14,2.707983088625043e-09,9.788044565502234e-06
O3,outgoing_origin,bottom,8,-2,s,4.323506455310396e-10,-4.536535793421793e-10,4.3316820839663746e-10,-4.518074659594894e-10,2.0190452349938496e-12,6.25911082392929e-10,0.00322577006828959
O3,outgoing_origin,bottom,8,-2,p,4.774757677062589e-09,-9.832929021506918e-10,4.7746163942005274e-09,-9.823055416879916e-10,9.9741743037503e-13,4.874616486350427e-09,0.00020461454417346087
O3,outgoing_origin,bottom,8,-1,s,-7.268375338331816e-06,5.513136511993409e-06,-7.4448031169698995e-06,5.519951932866939e-06,1.765593697226291e-07,9.267953538489832e-06,0.019050523828089732
O3,outgoing_origin,bottom,8,-1,p,1.273571324467653e-05,1.7244829596804524e-05,1.269698500406903e-05,1.7125858506775608e-05,1.2511593377032772e-07,2.1319203967025887e-05,0.005868696315483579
O3,outgoing_origin,bottom,8,0,s,0.002755358851800338,-0.02829790238883767,0.002452931347363574,-0.029166895314022057,0.0009201147208149457,0.02926985914646671,0.03143557050311316
O3,outgoing_origin,bottom,8,0,p,3.3456751886496643e-09,-8.339456734591829e-10,3.3460290614204207e-09,-8.342073113596602e-10,4.4009127331609693e-13,3.4484507127398435e-09,0.00012761999807340673
O3,outgoing_origin,bottom,8,1,s,-7.269019607902229e-06,5.513198358879044e-06,-7.445448338613766e-06,5.52001381412344e-06,1.765603224132544e-07,9.268508697254381e-06,0.019049485540813812
O3,outgoing_origin,bottom,8,1,p,-1.2736129573360311e-05,-1.724888363855304e-05,-1.2697401665705286e-05,-1.7129912702534967e-05,1.251156842620161e-07,2.1322708980256807e-05,0.005867719921416346
O3,outgoing_origin,bottom,8,2,s,-1.3794700984124882e-09,1.202976146632178e-10,-1.378587449473406e-09,1.1906936857873584e-10,1.5125004442010254e-12,1.3837199392866063e-09,0.0010930683307062942
O3,outgoing_origin,bottom,8,2,p,-8.197644986456586e-10,-7.99971210613311e-09,-8.196867191370978e-10,-7.998577961158191e-09,1.1368089004254076e-12,8.040468625537646e-09,0.00014138590091810623
O3,outgoing_boundary,top,-8,-2,s,0.0,0.0,-1.901348240817504e-15,4.450612954846647e-16,1.9527428631538522e-15,1e-12,0.0019527428631538524
O3,outgoing_boundary,top,-8,-2,p,0.0,0.0,-2.920240784545538e-15,9.242598449441808e-16,3.063015262890373e-15,1e-12,0.0030630152628903728
O3,outgoing_boundary,top,-8,-1,s,-3.112617999991833e-12,-8.160851774802724e-11,-3.112616444422512e-12,-8.16085167635155e-11,1.840939778841497e-18,8.166785407656478e-11,2.2541791989729395e-08
O3,outgoing_boundary,top,-8,-1,p,-4.5760546685573655e-11,1.778546267212418e-12,-4.5760548938124925e-11,1.7785449385206773e-12,2.6152263701467992e-18,4.579509865932012e-11,5.71071238344096e-08
O3,outgoing_boundary,top,-8,0,s,9.344002205048993e-05,6.896226265485335e-05,9.344002006794739e-05,6.8962261190319e-05,2.4648196288577084e-12,0.00011613281542604652,2.1224144268054086e-08
O3,outgoing_boundary,top,-8,0,p,-3.98886699387522e-15,-5.935863754848238e-15,-3.9889075999226246e-15,-5.935809285528718e-15,6.793936896032747e-20,1e-12,6.793936896032746e-08
O3,outgoing_boundary,top,-8,1,s,-3.1007004971235168e-12,-8.16060239108893e-11,-3.1007048394671626e-12,-8.160602549946055e-11,4.623797891930147e-18,8.166491148786057e-11,5.661915022852221e-08
O3,outgoing_boundary,top,-8,1,p,4.575998165731578e-11,-1.7814303001790533e-12,4.575997933436954e-11,-1.781427581567139e-12,3.575881706102036e-18,4.5794641530536023e-11,7.808515552453065e-08
O3,outgoing_boundary,top,-8,2,s,0.0,0.0,1.9031864164006252e-15,-6.780804866326724e-16,2.020374144044577e-15,1e-12,0.0020203741440445767
O3,outgoing_boundary,top,-8,2,p,0.0,0.0,-1.5532825643906866e-15,-8.951746156088703e-16,1.7927700123748714e-15,1e-12,0.0017927700123748715
O3,outgoing_boundary,top,-7,-2,s,-7.034367658462361e-16,2.743379296566769e-15,-7.050533885912414e-16,2.7380608885344964e-15,5.558680877457378e-18,1e-12,5.558680877457378e-06
O3,outgoing_boundary,top,-7,-2,p,2.6908295448876986e-15,-1.0483100963995529e-15,2.7021815831103935e-15,-1.0506768549832952e-15,1.1596133752386785e-17,1e-12,1.1596133752386784e-05
O3,outgoing_boundary,top,-7,-1,s,3.1134281334932278e-09,2.873363601406014e-10,3.1134281417814e-09,2.8733636189970814e-10,8.472795095887722e-18,3.126659076219559e-09,2.709855756366048e-09
O3,outgoing_boundary,top,-7,-1,p,5.4184943631654345e-11,-5.920661353972456e-10,5.418493565851929e-11,-5.920661126918377e-10,2.4064630294548368e-17,5.945404015290649e-10,4.0476021869427044e-08
O3,outgoing_boundary,top,-7,0,s,-1.939157799952426e-05,-1.1873355860961929e-05,-1.9391577905819263e-05,-1.187335579177975e-05,1.1647660936885578e-13,2.2737851073389663e-05,5.122586518528549e-09
O3,outgoing_boundary,top,-7,0,p,-5.872486643457817e-14,-1.2066154530450353e-14,-5.872473798438151e-14,-1.2066057615470459e-14,1.6090980812241446e-19,1e-12,1.6090980812241447e-07
O3,outgoing_boundary,top,-7,1,s,3.1134205613168647e-09,2.8731252392056936e-10,3.11342056414261e-09,2.873125182007902e-10,6.37971082076335e-18,3.1266493395232165e-09,2.0404305465659265e-09
O3,outgoing_boundary,top,-7,1,p,-5.417904998616462e-11,5.920719966745393e-10,-5.417906373358843e-11,5.920719980641922e-10,1.3817481569906278e-17,5.945457272899816e-10,2.3240401765038656e-08
O3,outgoing_boundary,top,-7,2,s,-3.1871219772691693e-16,-9.69839161164391e-16,-3.213767276641726e-16,-9.680526190287682e-16,3.2080293933951716e-18,1e-12,3.2080293933951716e-06
O3,outgoing_boundary,top,-7,2,p,2.622377269420979e-15,-4.6957440332299785e-15,2.626163691009712e-15,-4.690759752514544e-15,6.259396352514459e-18,1e-12,6.259396352514459e-06
O3,outgoing_boundary,top,-6,-2,s,9.363335297450584e-16,-2.161169372958188e-15,9.371201137575211e-16,-2.1557214276030824e-15,5.504436665170813e-18,1e-12,5.504436665170813e-06
O3,outgoing_boundary,top,-6,-2,p,-5.558549099637403e-15,-2.9955669992501298e-15,-5.575664283170195e-15,-2.99609695483914e-15,1.7123386355726345e-17,1e-12,1.7123386355726344e-05
O3,outgoing_boundary,top,-6,-1,s,1.85274069249545e-09,2.279999157930078e-09,1.8527406792640773e-09,2.2799991634017484e-09,1.4318114313601974e-17,2.937863885497861e-09,4.873647953630628e-09
O3,outgoing_boundary,top,-6,-1,p,-9.146104811776983e-10,-1.1322716747828034e-09,-9.146104593690981e-10,-1.13227168127997e-09,2.275583918693519e-17,1.4555244596419267e-09,1.563411664860194e-08
O3,outgoing_boundary,top,-6,0,s,-0.0005604576196758905,-0.0002520232370686811,-0.0005604576196840391,-0.00025202323707501265,1.0319366430990755e-14,0.000614514813074239,1.6792705743521403e-11
O3,outgoing_boundary,top,-6,0,p,1.6057706480784307e-14,-4.6133507269017587e-14,1.605752185747154e-14,-4.6133593932473214e-14,2.0395176429244487e-19,1e-12,2.0395176429244486e-07
O3,outgoing_boundary,top,-6,1,s,1.8527706717739441e-09,2.2797245988447996e-09,1.8527706740727343e-09,2.2797246005075372e-09,2.8370993373380804e-18,2.937669726988244e-09,9.657652496717967e-10
O3,outgoing_boundary,top,-6,1,p,9.146578968753014e-10,1.1322781615770205e-09,9.146578984308197e-10,1.1322781644639656e-09,3.279342825363395e-18,1.4555593127330026e-09,2.2529778049415252e-09
O3,outgoing_boundary,top,-6,2,s,-1.4375078266632534e-15,3.7086188821889726e-16,-1.4380098152176407e-15,3.7801282729477674e-16,7.168536962008073e-18,1e-12,7.168536962008072e-06
O3,outgoing_boundary,top,-6,2,p,3.4344351599171052e-15,-1.944344620277825e-15,3.4577474574853926e-15,-1.9460366231950494e-15,2.3373619569597484e-17,1e-12,2.3373619569597485e-05
O3,outgoing_boundary,top,-5,-2,s,1.6319061442516134e-15,-8.105820347774915e-17,1.6330596061348234e-15,-8.364265279629564e-17,2.8301682982030843e-18,1e-12,2.830168298203084e-06
O3,outgoing_boundary,top,-5,-2,p,-4.280575405502547e-15,-7.150808333567445e-15,-4.2670300633834814e-15,-7.146792218362219e-15,1.4128180154010364e-17,1e-12,1.4128180154010365e-05
O3,outgoing_boundary,top,-5,-1,s,2.03771766339313e-09,-4.313869770727027e-09,2.0377176696627494e-09,-4.3138697754014e-09,7.820351085800405e-18,4.770929232379947e-09,1.6391672785092379e-09
O3,outgoing_boundary,top,-5,-1,p,-2.394717883893138e-09,5.089842108413699e-09,-2.3947179006713745e-09,5.089842115949025e-09,1.8392671398680388e-17,5.625048141045938e-09,3.2697802645401716e-09
O3,outgoing_boundary,top,-5,0,s,4.0365941962805e-06,8.333396881750452e-07,4.036594196285912e-06,8.333396881659483e-07,1.0584914649892882e-17,4.12171660129146e-06,2.5680840469663305e-12
O3,outgoing_boundary,top,-5,0,p,1.844777031014776e-14,1.6431378946883824e-14,1.844768909787806e-14,1.6431318762522268e-14,1.0108209596879081e-19,1e-12,1.0108209596879082e-07
O3,outgoing_boundary,top,-5,1,s,2.0377313081972244e-09,-4.313846508087638e-09,2.0377313073925745e-09,-4.3138465248992255e-09,1.683083272410505e-17,4.770914034177621e-09,3.5278004599397984e-09
O3,outgoing_boundary,top,-5,1,p,2.394707738139326e-09,-5.089778412286035e-09,2.394707731271721e-09,-5.0897784493335035e-09,3.7678626661677365e-17,5.624986202784173e-09,6.6984389478195965e-09
O3,outgoing_boundary,top,-5,2,s,-1.8356266123897133e-15,1.9807547108943494e-15,-1.8381514179182066e-15,1.9810039443649067e-15,2.5370771134429604e-18,1e-12,2.5370771134429607e-06
O3,outgoing_boundary,top,-5,2,p,-2.403258002799464e-16,-5.6839667069843125e-16,-2.3375998547865026e-16,-5.535175218455991e-16,1.626342505715375e-17,1e-12,1.626342505715375e-05
O3,outgoing_boundary,top,-4,-2,s,2.319936123427534e-16,-1.0645403663862429e-15,2.316933745735088e-16,-1.0635205488228348e-15,1.0630948126655867e-18,1e-12,1.0630948126655867e-06
O3,outgoing_boundary,top,-4,-2,p,-1.0171353109417409e-14,-1.306338339446172e-15,-1.0203544341776396e-14,-1.3212500034547948e-15,3.5477220357524224e-17,1e-12,3.5477220357524226e-05
O3,outgoing_boundary,top,-4,-1,s,-4.544492973079155e-09,8.4418827749267e-10,-4.544492969629931e-09,8.441882714126334e-10,6.990278373537071e-18,4.622236492068154e-09,1.512315171569547e-09
O3,outgoing_boundary,top,-4,-1,p,2.5605043628437607e-08,-4.751953365256909e-09,2.5605043605204952e-08,-4.751953320375918e-09,5.0537704789435686e-17,2.604226023953141e-08,1.9406036313515092e-09
O3,outgoing_boundary,top,-4,0,s,-4.1330142269222846e-07,1.0322728980686243e-06,-4.133014227778898e-07,1.0322728979924917e-06,1.1460382647431167e-16,1.1119376790090553e-06,1.0306677131082125e-10
O3,outgoing_boundary,top,-4,0,p,-7.755376087384483e-17,-1.509573804506669e-14,-7.744835209807757e-17,-1.5095660007577516e-14,1.3115204811732107e-19,1e-12,1.3115204811732108e-07
O3,outgoing_boundary,top,-4,1,s,-4.544461578017367e-09,8.441772644521341e-10,-4.5444615788241514e-09,8.441772722774255e-10,7.866771126701684e-18,4.622203620399977e-09,1.7019525258432778e-09
O3,outgoing_boundary,top,-4,1,p,-2.5605023733870736e-08,4.751914387568472e-09,-2.560502373948116e-08,4.751914445266607e-09,5.797026514200971e-17,2.6042233613776823e-08,2.226009719509711e-09
O3,outgoing_boundary,top,-4,2,s,4.070047937450577e-16,7.186561911873365e-16,4.0706008308881306e-16,7.184018236849945e-16,2.603070067835234e-19,1e-12,2.603070067835234e-07
O3,outgoing_boundary,top,-4,2,p,-8.710240360104959e-15,7.330837871801417e-15,-8.728077142650802e-15,7.33688771908101e-15,1.8834847057889483e-17,1e-12,1.8834847057889484e-05
O3,outgoing_boundary,top,-3,-2,s,4.044164293427994e-16,-4.4075981140918905e-16,4.067889268796625e-16,-4.427418860265028e-16,3.0914987224679528e-18,1e-12,3.091498722467953e-06
O3,outgoing_boundary,top,-3,-2,p,-2.047118665636511e-15,-3.0240840164624647e-16,-2.0657396878455104e-15,-3.352260206869408e-16,3.7732460661984393e-17,1e-12,3.773246066198439e-05
O3,outgoing_boundary,top,-3,-1,s,-7.977506574599055e-09,1.5584589137153926e-08,-7.977506577135108e-09,1.5584589123914308e-08,1.348032080059901e-17,1.7507713424358476e-08,7.699646706487579e-10
O3,outgoing_boundary,top,-3,-1,p,-1.8609861619699364e-08,3.6379231668532746e-08,-1.8609861628160896e-08,3.637923162073433e-08,4.854158869101503e-17,4.0862885888472585e-08,1.1879138645151004e-09
O3,outgoing_boundary,top,-3,0,s,-7.454608222757502e-08,1.254323334909505e-07,-7.454608223574281e-08,1.25432333381376e-07,1.0987850741861346e-16,1.459122634811577e-07,7.530450477372148e-10
O3,outgoing_boundary,top,-3,0,p,-9.855182348663797e-15,1.3983096921472217e-15,-9.85517299437785e-15,1.3983166813225066e-15,1.1676953230607779e-20,1e-12,1.1676953230607778e-08
O3,outgoing_boundary,top,-3,1,s,-7.977544430421002e-09,1.5584630543569935e-08,-7.97754446200123e-09,1.5584630531802484e-08,3.370138963172182e-17,1.7507767546320596e-08,1.924939290092668e-09
O3,outgoing_boundary,top,-3,1,p,1.860992126588455e-08,-3.637922387430982e-08,1.8609921368897275e-08,-3.637922383372735e-08,1.1071837622970456e-16,4.086290616318148e-08,2.709508124252421e-09
O3,outgoing_boundary,top,-3,2,s,-1.8946042584763346e-15,-2.1594128709520304e-17,-1.8950732860741174e-15,-2.0922539229324848e-17,8.191576877446297e-19,1e-12,8.191576877446297e-07
O3,outgoing_boundary,top,-3,2,p,1.3980821961611658e-15,1.3167467575052838e-14,1.3776253620465972e-15,1.3159099345703698e-14,2.2102247044831812e-17,1e-12,2.2102247044831812e-05
O3,outgoing_boundary,top,-2,-2,s,1.7465162354559546e-15,1.4214899555685182e-15,1.7512729162034454e-15,1.4238311479590534e-15,5.301621784232586e-18,1e-12,5.301621784232586e-06
O3,outgoing_boundary,top,-2,-2,p,-2.0057815207929122e-15,5.5899281637747145e-15,-1.9905761734367246e-15,5.57106530432042e-15,2.422829038572028e-17,1e-12,2.422829038572028e-05
O3,outgoing_boundary,top,-2,-1,s,-2.7071990070711858e-08,5.180484421816489e-08,-2.7071990066928787e-08,5.180484416341438e-08,5.4881058556054304e-17,5.8451984782208544e-08,9.389083837022905e-10
O3,outgoing_boundary,top,-2,-1,p,-2.2411817070800894e-08,4.2883734801694566e-08,-2.2411817066234466e-08,4.2883734705004584e-08,9.679775266185589e-17,4.838702560046001e-08,2.0004898309131787e-09
O3,outgoing_boundary,top,-2,0,s,-3.8283157350029335e-06,6.216491318179893e-07,-3.8283157350708326e-06,6.216491316727291e-07,1.6034589850944627e-16,3.878459618237682e-06,4.134267577660257e-11
O3,outgoing_boundary,top,-2,0,p,-2.0016799488242342e-14,-3.971484490360371e-15,-2.001658430766088e-14,-3.971324752034068e-15,2.679907004512932e-19,1e-12,2.6799070045129323e-07
O3,outgoing_boundary,top,-2,1,s,-2.707196386457459e-08,5.180481946147955e-08,-2.707196389764523e-08,5.18048193695882e-08,9.766108369162664e-17,5.845195068764658e-08,1.6707925491401374e-09
O3,outgoing_boundary,top,-2,1,p,2.241177630039911e-08,-4.288370526554782e-08,2.2411776354350407e-08,-4.288370511048111e-08,1.6418412102533486e-16,4.8386980515011724e-08,3.3931466538689654e-09
O3,outgoing_boundary,top,-2,2,s,-1.2398278122480255e-15,2.6801103639287726e-16,-1.2368573072944357e-15,2.5330068466933393e-16,1.5007276485413846e-17,1e-12,1.5007276485413847e-05
O3,outgoing_boundary,top,-2,2,p,-1.822567574583161e-16,6.301070697787988e-15,-1.1571376693118526e-16,6.3066183724230614e-15,6.677384429662907e-17,1e-12,6.677384429662908e-05
O3,outgoing_boundary,top,-1,-2,s,4.896323590082013e-16,-2.70941743837652e-15,4.952367039860978e-16,-2.7144329312896437e-15,7.520894347939402e-18,1e-12,7.520894347939402e-06
O3,outgoing_boundary,top,-1,-2,p,3.2476162617093054e-15,7.143408467952496e-16,3.2280898164609522e-15,6.951241773297353e-16,2.7396394824570694e-17,1e-12,2.7396394824570695e-05
O3,outgoing_boundary,top,-1,-1,s,-1.2303781145105438e-07,-1.8875678306967662e-07,-1.2303781147543972e-07,-1.8875678307161836e-07,2.4462523342664402e-17,2.253162803887279e-07,1.0856971054404203e-10
O3,outgoing_boundary,top,-1,-1,p,-3.813157224896416e-08,-5.8557052674910594e-08,-3.813157229994068e-08,-5.855705267982387e-08,5.121275153669154e-17,6.987807399043903e-08,7.328872794018143e-10
O3,outgoing_boundary,top,-1,0,s,7.049481647068569e-05,2.2956341039298678e-05,7.049481646280232e-05,2.29563410332018e-05,9.965914201272519e-15,7.413847005271183e-05,1.3442298167451848e-10
O3,outgoing_boundary,top,-1,0,p,1.4161074888235085e-14,-1.0607622136568102e-14,1.4160524842743044e-14,-1.0608038719201927e-14,6.89993575417968e-19,1e-12,6.89993575417968e-07
O3,outgoing_boundary,top,-1,1,s,-1.2303774573240707e-07,-1.8875680243273595e-07,-1.2303774573623222e-07,-1.8875680237108852e-07,6.176598735579712e-17,2.2531626065868373e-07,2.7413018117392877e-10
O3,outgoing_boundary,top,-1,1,p,3.8131682991584035e-08,5.8557158539397546e-08,3.813168299587658e-08,5.855715841816993e-08,1.2130358697074303e-16,6.987822300336975e-08,1.7359283301307388e-09
O3,outgoing_boundary,top,-1,2,s,8.82054487030401e-16,8.506792905410222e-16,8.980203814006508e-16,8.557854468047709e-16,1.6762536050126602e-17,1e-12,1.6762536050126603e-05
O3,outgoing_boundary,top,-1,2,p,2.4169304055971175e-15,-2.0573470334119594e-15,2.4073546588804986e-15,-2.0113573041400774e-15,4.697605904800699e-17,1e-12,4.697605904800699e-05
O3,outgoing_boundary,top,0,-2,s,5.802707297280483e-17,7.51105271211762e-16,1.8814824525197128e-16,7.462759726175088e-16,1.302107583889172e-16,1e-12,0.0001302107583889172
O3,outgoing_boundary,top,0,-2,p,-2.768268431073812e-15,-2.4827441080107474e-15,-2.7705781726503522e-15,-2.4445839997640525e-15,3.822994595274589e-17,1e-12,3.8229945952745886e-05
O3,outgoing_boundary,top,0,-1,s,-1.0816752807814752e-10,-4.3226189643519045e-11,-1.0816747509436515e-10,-4.322611195561972e-11,9.40355831388075e-17,1.1648476047573724e-10,8.072779885948625e-07
O3,outgoing_boundary,top,0,-1,p,1.6523682159341027e-11,-3.906791448369126e-11,1.65238247729876e-11,-3.906794328060032e-11,1.4549197283739558e-16,4.2418639503225494e-11,3.4299066292857514e-06
O3,outgoing_boundary,top,0,0,s,-0.6870709868997815,0.7265607409558271,-0.6870709868967679,0.7265607409580539,3.747031466887814e-12,0.9999785254378292,3.747111934476012e-12
O3,outgoing_boundary,top,0,0,p,-3.7592129318431665e-14,-3.1227918530767925e-13,-4.027905941334561e-14,-3.142640856564246e-13,3.340572215864172e-15,1e-12,0.003340572215864172
O3,outgoing_boundary,top,0,1,s,-1.0817188876773443e-10,-4.322059288527457e-11,-1.0817178283006749e-10,-4.3220588148150656e-11,1.0604352700072672e-16,1.1648671100390527e-10,9.103487091945755e-07
O3,outgoing_boundary,top,0,1,p,-1.6519548156239637e-11,3.9058045682950985e-11,-1.651960694247687e-11,3.9058146837834254e-11,1.1699629095416975e-16,4.240797387213579e-11,2.7588276513026785e-06
O3,outgoing_boundary,top,0,2,s,2.173502720725501e-15,1.8612783621479618e-15,2.1663791312716636e-15,1.8821593613657726e-15,2.206267560929629e-17,1e-12,2.206267560929629e-05
O3,outgoing_boundary,top,0,2,p,1.5991728455521178e-15,-1.1349347864001143e-15,1.537120602325007e-15,-8.94024849668146e-16,2.487731466732644e-16,1e-12,0.0002487731466732644
O3,outgoing_boundary,top,1,-2,s,0.0,0.0,-6.825885253970827e-16,2.8346290371600994e-17,6.831768491259017e-16,1e-12,0.0006831768491259017
O3,outgoing_boundary,top,1,-2,p,0.0,0.0,-1.2843723388581646e-15,-6.553588359707992e-16,1.4419110613033639e-15,1e-12,0.001441911061303364
O3,outgoing_boundary,top,1,-1,s,4.1013830253191096e-11,3.685754028719491e-11,4.1013853306800905e-11,3.685753674199052e-11,2.3324609308232863e-17,5.5141764369296025e-11,4.2299352541610814e-07
O3,outgoing_boundary,top,1,-1,p,-2.498544877012662e-11,2.7776028496626652e-11,-2.4985450265389383e-11,2.7776011073131026e-11,1.748753872241712e-17,3.736013270986793e-11,4.680802088745829e-07
O3,outgoing_boundary,top,1,0,s,-0.0002785151109166858,-0.00020574118923558093,-0.00027851511979751236,-0.00020574119579820128,1.1042511783376737e-11,0.00034626595501766625,3.189026129586825e-08
O3,outgoing_boundary,top,1,0,p,-4.757693047259973e-15,1.1850468024991131e-15,-4.758326105181084e-15,1.1859037145117623e-15,1.0653921948762522e-18,1e-12,1.0653921948762523e-06
O3,outgoing_boundary,top,1,1,s,4.1019427561719287e-11,3.686060594197217e-11,4.101945701962513e-11,3.686059392897739e-11,3.181320889889309e-17,5.514797583757575e-11,5.768699288726526e-07
O3,outgoing_boundary,top,1,1,p,2.4979862902480468e-11,-2.777515180173216e-11,2.4979872566390422e-11,-2.777513022945726e-11,2.3637982148584416e-17,3.7355747786604607e-11,6.327803229536944e-07
O3,outgoing_boundary,top,1,2,s,0.0,0.0,8.890790439177442e-16,-5.241302004850691e-16,1.0320726783488693e-15,1e-12,0.0010320726783488692
O3,outgoing_boundary,top,1,2,p,0.0,0.0,-4.491072472122293e-15,6.624489524062473e-16,4.53966634945772e-15,1e-12,0.00453966634945772
O3,outgoing_boundary,top,2,-2,s,0.0,0.0,-8.464629275275916e-16,2.8836808007781014e-15,3.0053476418635524e-15,1e-12,0.0030053476418635526
O3,outgoing_boundary,top,2,-2,p,0.0,0.0,-7.261003176787566e-15,-2.832727593651504e-17,7.261058433030347e-15,1e-12,0.007261058433030347
O3,outgoing_boundary,top,2,-1,s,0.0,0.0,3.0701395867124096e-12,1.2577175618850556e-11,1.2946470701674165e-11,1.2946470701674165e-11,1.0
O3,outgoing_boundary,top,2,-1,p,0.0,0.0,-1.1822454193712582e-11,2.9006921079055754e-12,1.2173103050056624e-11,1.2173103050056624e-11,1.0
O3,outgoing_boundary,top,2,0,s,0.0,0.0,0.00026501671656902284,0.00019574050195058694,0.0003294665448340598,0.0003294665448340598,1.0
O3,outgoing_boundary,top,2,0,p,0.0,0.0,8.581628921748263e-17,-7.25164485437345e-16,7.302245999928158e-16,1e-12,0.0007302245999928158
O3,outgoing_boundary,top,2,1,s,0.0,0.0,3.069139727355817e-12,1.2572637037440484e-11,1.294182447498242e-11,1.294182447498242e-11,1.0
O3,outgoing_boundary,top,2,1,p,0.0,0.0,1.1820130952580252e-11,-2.8968210005369916e-12,1.2169924718144226e-11,1.2169924718144226e-11,1.0
O3,outgoing_boundary,top,2,2,s,0.0,0.0,-5.466446608054262e-16,-1.206773775247012e-15,1.3248106769689795e-15,1e-12,0.0013248106769689794
O3,outgoing_boundary,top,2,2,p,0.0,0.0,-4.9952079250798625e-15,1.0695551379475629e-15,5.108429348428996e-15,1e-12,0.005108429348428996
O3,outgoing_boundary,top,3,-2,s,0.0,0.0,3.811670227381355e-16,3.9971401305435235e-18,3.811879803355262e-16,1e-12,0.0003811879803355262
O3,outgoing_boundary,top,3,-2,p,0.0,0.0,-2.764124523717156e-15,2.171391484867272e-15,3.515014276381917e-15,1e-12,0.0035150142763819173
O3,outgoing_boundary,top,3,-1,s,0.0,0.0,-8.620200065481559e-11,-1.342044398524692e-10,1.5950428393309017e-10,1.5950428393309017e-10,1.0
O3,outgoing_boundary,top,3,-1,p,0.0,0.0,1.588119144917609e-10,-1.0218420560484734e-10,1.8884606445364986e-10,1.8884606445364986e-10,1.0
O3,outgoing_boundary,top,3,0,s,0.0,0.0,1.8818251776698196e-05,1.3873064464169892e-05,2.3379232612688945e-05,2.3379232612688945e-05,1.0
O3,outgoing_boundary,top,3,0,p,0.0,0.0,-2.4331557405504003e-15,2.7270208911165318e-15,3.654707895079902e-15,1e-12,0.0036547078950799022
O3,outgoing_boundary,top,3,1,s,0.0,0.0,-8.620166326911119e-11,-1.3420485160224637e-10,1.5950444803811023e-10,1.5950444803811023e-10,1.0
O3,outgoing_boundary,top,3,1,p,0.0,0.0,-1.588158553367996e-10,1.021888757069774e-10,1.8885190553609814e-10,1.8885190553609814e-10,1.0
O3,outgoing_boundary,top,3,2,s,0.0,0.0,-9.706464746699465e-16,-1.3408994824772712e-16,9.79864629941439e-16,1e-12,0.000979864629941439
O3,outgoing_boundary,top,3,2,p,0.0,0.0,-2.652446733242986e-15,2.991405589626733e-15,3.997997132858083e-15,1e-12,0.003997997132858083
O3,outgoing_boundary,top,4,-2,s,0.0,0.0,2.8055838864254143e-16,9.533975840191482e-17,2.9631516830873644e-16,1e-12,0.0002963151683087364
O3,outgoing_boundary,top,4,-2,p,0.0,0.0,-2.962835182154264e-15,1.7595655913633068e-15,3.4459343271340494e-15,1e-12,0.0034459343271340493
O3,outgoing_boundary,top,4,-1,s,0.0,0.0,1.1320604748022274e-10,4.94998867353002e-10,5.077789754084441e-10,5.077789754084441e-10,1.0
O3,outgoing_boundary,top,4,-1,p,0.0,0.0,-7.013397095101594e-10,1.605700500859295e-10,7.19486017320971e-10,7.19486017320971e-10,1.0
O3,outgoing_boundary,top,4,0,s,0.0,0.0,-0.0003348643598611848,-0.0002472721851557569,0.00041626634869629324,0.00041626634869629324,1.0
O3,outgoing_boundary,top,4,0,p,0.0,0.0,-1.4593821404771718e-15,1.4598952179507768e-15,2.0642408481907527e-15,1e-12,0.0020642408481907526
O3,outgoing_boundary,top,4,1,s,0.0,0.0,1.1320501905149923e-10,4.94998852158062e-10,5.077787313153725e-10,5.077787313153725e-10,1.0
O3,outgoing_boundary,top,4,1,p,0.0,0.0,7.013353545794943e-10,-1.605709785643757e-10,7.19481979440949e-10,7.19481979440949e-10,1.0
O3,outgoing_boundary,top,4,2,s,0.0,0.0,-3.13169802500169e-16,2.732398061065414e-16,4.156143847837021e-16,1e-12,0.0004156143847837021
O3,outgoing_boundary,top,4,2,p,0.0,0.0,-8.416084027085198e-16,1.6962179100260858e-15,1.8935310670287002e-15,1e-12,0.0018935310670287002
O3,outgoing_boundary,top,5,-2,s,0.0,0.0,4.1337976325055734e-16,-9.33381871307138e-16,1.0208254240318966e-15,1e-12,0.0010208254240318966
O3,outgoing_boundary,top,5,-2,p,0.0,0.0,2.5765726246068695e-15,1.3408274151412426e-15,2.9045730576227338e-15,1e-12,0.002904573057622734
O3,outgoing_boundary,top,5,-1,s,0.0,0.0,-2.2257811720952226e-09,-3.355165914764246e-09,4.026318435202236e-09,4.026318435202236e-09,1.0
O3,outgoing_boundary,top,5,-1,p,0.0,0.0,5.514054370086184e-09,-3.658893353357525e-09,6.617574795006886e-09,6.617574795006886e-09,1.0
O3,outgoing_boundary,top,5,0,s,0.0,0.0,0.0007223229040147457,0.0005330786701895909,0.0008977322798448312,0.0008977322798448312,1.0
O3,outgoing_boundary,top,5,0,p,0.0,0.0,2.9324991120161714e-16,-6.815041846185654e-16,7.419187718829953e-16,1e-12,0.0007419187718829953
O3,outgoing_boundary,top,5,1,s,0.0,0.0,-2.225779484394416e-09,-3.3551645123501747e-09,4.026316333583969e-09,4.026316333583969e-09,1.0
O3,outgoing_boundary,top,5,1,p,0.0,0.0,-5.514050257885788e-09,3.6588886127633004e-09,6.617568747440353e-09,6.617568747440353e-09,1.0
O3,outgoing_boundary,top,5,2,s,0.0,0.0,5.559724924336492e-16,6.873718546753796e-16,8.840732316628275e-16,1e-12,0.0008840732316628275
O3,outgoing_boundary,top,5,2,p,0.0,0.0,2.5137530044157977e-15,-1.8739934027934504e-15,3.1354115265659823e-15,1e-12,0.0031354115265659825
O3,outgoing_boundary,top,6,-2,s,0.0,0.0,-1.6471469007209948e-16,8.327320138834044e-17,1.8456802321911263e-16,1e-12,0.00018456802321911264
O3,outgoing_boundary,top,6,-2,p,0.0,0.0,-3.15263243735504e-16,-1.3812913551838509e-15,1.4168121684811545e-15,1e-12,0.0014168121684811545
O3,outgoing_boundary,top,6,-1,s,0.0,0.0,-5.349777799496953e-11,-6.575775110867026e-11,8.477083272723509e-11,8.477083272723509e-11,1.0
O3,outgoing_boundary,top,6,-1,p,0.0,0.0,1.2269715108348402e-10,-9.97780273910763e-11,1.5814627922925556e-10,1.5814627922925556e-10,1.0
O3,outgoing_boundary,top,6,0,s,0.0,0.0,-0.008535540188172238,-0.006304875300566684,0.010611639781843294,0.010611639781843294,1.0
O3,outgoing_boundary,top,6,0,p,0.0,0.0,-1.7648720712416498e-15,5.909507358478883e-16,1.8611813990172885e-15,1e-12,0.0018611813990172886
O3,outgoing_boundary,top,6,1,s,0.0,0.0,-5.3497471929720703e-11,-6.575943711928547e-11,8.477194744204307e-11,8.477194744204307e-11,1.0
O3,outgoing_boundary,top,6,1,p,0.0,0.0,-1.2270111792672528e-10,9.977777280794396e-11,1.5814919628939575e-10,1.5814919628939575e-10,1.0
O3,outgoing_boundary,top,6,2,s,0.0,0.0,5.635359731899472e-16,6.534456501234574e-16,8.628812263251582e-16,1e-12,0.0008628812263251583
O3,outgoing_boundary,top,6,2,p,0.0,0.0,2.7334915211762597e-15,-1.403900291612606e-15,3.0729321380617017e-15,1e-12,0.003072932138061702
O3,outgoing_boundary,top,7,-2,s,0.0,0.0,-2.4794757867285124e-16,1.2871571592233502e-16,2.793666717687151e-16,1e-12,0.0002793666717687151
O3,outgoing_boundary,top,7,-2,p,0.0,0.0,-8.56224913965409e-16,-3.597498747376567e-16,9.287308951837618e-16,1e-12,0.0009287308951837619
O3,outgoing_boundary,top,7,-1,s,0.0,0.0,1.1346344125174028e-11,3.928226483473416e-12,1.200710157832993e-11,1.200710157832993e-11,1.0
O3,outgoing_boundary,top,7,-1,p,0.0,0.0,-8.166525398616584e-12,2.3684263549492683e-11,2.5052674048254362e-11,2.5052674048254362e-11,1.0
O3,outgoing_boundary,top,7,0,s,0.0,0.0,-0.0002822804214405889,-0.0002084802246547482,0.0003509219862031599,0.0003509219862031599,1.0
O3,outgoing_boundary,top,7,0,p,0.0,0.0,-1.456540979048565e-15,4.387652859944806e-16,1.521192492698268e-15,1e-12,0.001521192492698268
O3,outgoing_boundary,top,7,1,s,0.0,0.0,1.134745564087012e-11,3.928570441205987e-12,1.2008264455491997e-11,1.2008264455491997e-11,1.0
O3,outgoing_boundary,top,7,1,p,0.0,0.0,8.164346783540036e-12,-2.368485033847692e-11,2.5052518714850826e-11,2.5052518714850826e-11,1.0
O3,outgoing_boundary,top,7,2,s,0.0,0.0,2.719671827502971e-16,1.5718747302422776e-17,2.724210482137732e-16,1e-12,0.0002724210482137732
O3,outgoing_boundary,top,7,2,p,0.0,0.0,-8.074531703525777e-16,2.1944424270927553e-16,8.367415359420591e-16,1e-12,0.0008367415359420591
O3,outgoing_boundary,top,8,-2,s,0.0,0.0,-2.6999038593945505e-16,8.564349095930344e-16,8.979841662687405e-16,1e-12,0.0008979841662687405
O3,outgoing_boundary,top,8,-2,p,0.0,0.0,-4.131611016967192e-15,-1.0902803291741924e-16,4.133049323137399e-15,1e-12,0.004133049323137399
O3,outgoing_boundary,top,8,-1,s,0.0,0.0,2.930644353800306e-12,1.0778438537623997e-12,3.122566845009886e-12,3.122566845009886e-12,1.0
O3,outgoing_boundary,top,8,-1,p,0.0,0.0,-2.4712172526403465e-12,6.755037566943342e-12,7.1928747549615466e-12,7.1928747549615466e-12,1.0
O3,outgoing_boundary,top,8,0,s,0.0,0.0,7.235153105680622e-05,5.343590341593244e-05,8.99452045422148e-05,8.99452045422148e-05,1.0
O3,outgoing_boundary,top,8,0,p,0.0,0.0,2.9452876153017406e-16,-4.2596962618764707e-16,5.178777015888422e-16,1e-12,0.0005178777015888422
O3,outgoing_boundary,top,8,1,s,0.0,0.0,2.9303936027147777e-12,1.07684618875781e-12,3.121987248704568e-12,3.121987248704568e-12,1.0
O3,outgoing_boundary,top,8,1,p,0.0,0.0,2.4691392230059592e-12,-6.753698021250907e-12,7.190902965889255e-12,7.190902965889255e-12,1.0
O3,outgoing_boundary,top,8,2,s,0.0,0.0,-1.4515742351683347e-16,-3.299057227651835e-16,3.60428166928257e-16,1e-12,0.000360428166928257
O3,outgoing_boundary,top,8,2,p,0.0,0.0,-2.189850016678692e-15,7.422556363182503e-16,2.3122254486087374e-15,1e-12,0.0023122254486087376
O3,outgoing_boundary,bottom,-8,-2,s,6.368725788057696e-15,-7.875266846792974e-16,6.36879144235306e-15,-7.875007940211362e-16,7.05748728634227e-20,1e-12,7.057487286342271e-08
O3,outgoing_boundary,bottom,-8,-2,p,-2.515802085058499e-15,-9.576871878365996e-16,-2.51576325157591e-15,-9.577866281089733e-16,1.0675395608487281e-19,1e-12,1.0675395608487281e-07
O3,outgoing_boundary,bottom,-8,-1,s,-4.62697784392285e-11,7.869830901178935e-11,-4.6269775824387364e-11,7.869830858476536e-11,2.64947988182294e-18,9.129247465668797e-11,2.902188698232251e-08
O3,outgoing_boundary,bottom,-8,-1,p,-4.4124277867909925e-11,-2.5921707694613894e-11,-4.4124278400183976e-11,-2.5921710997597342e-11,3.345596408235538e-18,5.117506272961374e-11,6.537552139236605e-08
O3,outgoing_boundary,bottom,-8,0,s,-5.351259979249152e-08,-5.445648302020792e-08,-5.3512600479730274e-08,-5.4456484032135845e-08,1.2232314667620884e-15,7.634858913722962e-08,1.6021664323926686e-08
O3,outgoing_boundary,bottom,-8,0,p,6.133998538238849e-15,-3.933443912085501e-15,6.133999845585789e-15,-3.933444318078565e-15,1.36893622530938e-21,1e-12,1.36893622530938e-09
O3,outgoing_boundary,bottom,-8,1,s,-4.626878174139299e-11,7.869865794111119e-11,-4.626877923550968e-11,7.869865744258034e-11,2.554992006920755e-18,9.129227029277416e-11,2.7986947840456806e-08
O3,outgoing_boundary,bottom,-8,1,p,4.4130119135342766e-11,2.592407881423794e-11,4.413011973278043e-11,2.5924082029687803e-11,3.2704815545001422e-18,5.118130026397843e-11,6.389993098322901e-08
O3,outgoing_boundary,bottom,-8,2,s,-3.694710239861278e-16,1.5027604612582614e-15,-3.6944195466476635e-16,1.5027609433498198e-15,2.907331863901206e-20,1e-12,2.9073318639012062e-08
O3,outgoing_boundary,bottom,-8,2,p,2.900956931663883e-15,-2.452711313064114e-15,2.9009600197409398e-15,-2.4526734406172204e-15,3.7998137502115834e-20,1e-12,3.799813750211584e-08
O3,outgoing_boundary,bottom,-7,-2,s,4.032617013527426e-15,3.631793867144247e-15,4.032580134254318e-15,3.631782792572976e-15,3.8506193187487585e-20,1e-12,3.8506193187487586e-08
O3,outgoing_boundary,bottom,-7,-2,p,-3.2147510371832785e-15,-1.7044819776160638e-14,-3.2147742637992527e-15,-1.704474140363678e-14,8.174183864909659e-20,1e-12,8.17418386490966e-08
O3,outgoing_boundary,bottom,-7,-1,s,2.3692400415720755e-09,-2.174496127686813e-09,2.3692400411573396e-09,-2.174496127719448e-09,4.160179848812484e-19,3.2158563061943715e-09,1.2936460627295938e-10
O3,outgoing_boundary,bottom,-7,-1,p,4.1507096446270153e-10,4.5164160894923473e-10,4.1507096435619525e-10,4.5164161015791766e-10,1.2133663950264038e-18,6.134036594915443e-10,1.97808796255336e-09
O3,outgoing_boundary,bottom,-7,0,s,-1.2744625279040755e-06,-1.9525028233990927e-05,-1.2744625279180022e-06,-1.952502823401323e-05,2.629495563172237e-17,1.9566578195333007e-05,1.3438709297670763e-12
O3,outgoing_boundary,bottom,-7,0,p,-6.218504369139179e-14,2.911531267333087e-14,-6.218504381535882e-14,2.911532045355802e-14,7.781214713709263e-21,1e-12,7.781214713709264e-09
O3,outgoing_boundary,bottom,-7,1,s,2.3692272212763104e-09,-2.174482703358103e-09,2.369227220903798e-09,-2.1744827033957577e-09,3.7441082790366225e-19,3.215837783788053e-09,1.1642714996109974e-10
O3,outgoing_boundary,bottom,-7,1,p,-4.1509399968020566e-10,-4.5164208890660135e-10,-4.1509399955737916e-10,-4.5164209001454924e-10,1.1147353400461869e-18,6.134196002258583e-10,1.8172476713097308e-09
O3,outgoing_boundary,bottom,-7,2,s,-3.864355304862516e-15,-1.9779140322895977e-15,-3.864376261860411e-15,-1.977925044832236e-15,2.3674286813178358e-20,1e-12,2.367428681317836e-08
O3,outgoing_boundary,bottom,-7,2,p,-9.357241975169717e-15,-8.914229915466259e-15,-9.357216471357464e-15,-8.914274218599693e-15,5.1119585987269606e-20,1e-12,5.111958598726961e-08
O3,outgoing_boundary,bottom,-6,-2,s,1.0851218585274671e-15,-1.217599437612631e-15,1.0851121108167832e-15,-1.2177305832297522e-15,1.31507379084516e-19,1e-12,1.31507379084516e-07
O3,outgoing_boundary,bottom,-6,-2,p,7.071958521236697e-15,1.45287601916432e-14,7.071531297868071e-15,1.452886317761657e-14,4.394609395740959e-19,1e-12,4.394609395740959e-07
O3,outgoing_boundary,bottom,-6,-1,s,2.1749594873423892e-08,-3.1476921498768306e-08,2.1749594873420948e-08,-3.1476921499090814e-08,3.225212384480013e-19,3.826018118380863e-08,8.429684033605399e-12
O3,outgoing_boundary,bottom,-6,-1,p,1.0780533672017606e-08,-1.5574835388070116e-08,1.0780533671889815e-08,-1.5574835388529572e-08,4.768964471422858e-19,1.8941895460342486e-08,2.5176807048731493e-11
O3,outgoing_boundary,bottom,-6,0,s,0.00016723476922076656,0.000581041140242549,0.00016723476922076176,0.0005810411402425434,7.402856294654403e-18,0.0006046290389078881,1.2243633398795767e-14
O3,outgoing_boundary,bottom,-6,0,p,-6.5665945458728376e-15,2.6648258606823722e-14,-6.566645885799733e-15,2.66480802624469e-14,1.8558691990094362e-19,1e-12,1.8558691990094363e-07
O3,outgoing_boundary,bottom,-6,1,s,2.174956534034979e-08,-3.1476899127984755e-08,2.1749565340297915e-08,-3.147689912817901e-08,2.0106210346920544e-19,3.8260145990540144e-08,5.2551316327678994e-12
O3,outgoing_boundary,bottom,-6,1,p,-1.0780456396318983e-08,1.5574830655181445e-08,-1.0780456396118147e-08,1.5574830655435915e-08,3.241765103815364e-19,1.894184758818714e-08,1.7114302544790048e-11
O3,outgoing_boundary,bottom,-6,2,s,-1.6581280775163372e-15,-3.531000606667032e-15,-1.6581498854766757e-15,-3.5311160599584957e-15,1.174948919905558e-19,1e-12,1.174948919905558e-07
O3,outgoing_boundary,bottom,-6,2,p,5.376263571596582e-15,6.273409742198999e-15,5.37664571536345e-15,6.273273178776033e-15,4.058120587757582e-19,1e-12,4.0581205877575825e-07
O3,outgoing_boundary,bottom,-5,-2,s,-2.292505079538251e-15,-2.9530418686056107e-17,-2.292519128991334e-15,-2.9564908587238857e-17,3.724164893672538e-20,1e-12,3.724164893672538e-08
O3,outgoing_boundary,bottom,-5,-2,p,-1.496042379001307e-15,1.7725523468001375e-15,-1.4962841570108845e-15,1.7726291442415993e-15,2.536817946372335e-19,1e-12,2.536817946372335e-07
O3,outgoing_boundary,bottom,-5,-1,s,-1.305055401351964e-08,3.6287612856665336e-08,-1.3050554013559023e-08,3.628761285665535e-08,4.062834043800592e-20,3.856303679555489e-08,1.0535565612583991e-12
O3,outgoing_boundary,bottom,-5,-1,p,-1.539812951658106e-08,4.283772683846375e-08,-1.5398129516662792e-08,4.283772683843807e-08,8.567012790707751e-20,4.552112952571102e-08,1.8819859875992256e-12
O3,outgoing_boundary,bottom,-5,0,s,6.037903768253022e-07,3.7969986557637418e-06,6.037903768253264e-07,3.796998655763964e-06,2.2366424337278593e-19,3.844705659867895e-06,5.817460767086943e-14
O3,outgoing_boundary,bottom,-5,0,p,-1.982690894640597e-14,4.2694770236946386e-15,-1.9826909449946508e-14,4.269474755476275e-15,2.3234387483132565e-21,1e-12,2.3234387483132567e-09
O3,outgoing_boundary,bottom,-5,1,s,-1.3050526449723878e-08,3.628768627000662e-08,-1.30505264497159e-08,3.6287686269998865e-08,1.1125997802804741e-20,3.8563096548962434e-08,2.8851411837943016e-13
O3,outgoing_boundary,bottom,-5,1,p,1.5398100844534358e-08,-4.2837781820668215e-08,1.5398100844525226e-08,-4.283778182065831e-08,1.3473301453358457e-20,4.552117156810106e-08,2.9597879380591045e-13
O3,outgoing_boundary,bottom,-5,2,s,4.8502235087461e-15,-2.0945796164712913e-15,4.850229837775817e-15,-2.0945735173428035e-15,8.789538410171697e-21,1e-12,8.789538410171697e-09
O3,outgoing_boundary,bottom,-5,2,p,-3.773283134163073e-15,-3.3336918801076073e-15,-3.77331155285022e-15,-3.3336496897902057e-15,5.086889679979195e-20,1e-12,5.086889679979195e-08
O3,outgoing_boundary,bottom,-4,-2,s,6.888826622001089e-17,-3.283688987135754e-15,6.889084717933473e-17,-3.2836897385383022e-15,2.688113989597757e-21,1e-12,2.688113989597757e-09
O3,outgoing_boundary,bottom,-4,-2,p,1.632900048642313e-16,4.953899945555871e-16,1.6324738471499406e-16,4.952795152646495e-16,1.184151630791611e-19,1e-12,1.184151630791611e-07
O3,outgoing_boundary,bottom,-4,-1,s,3.3076992361664294e-09,2.9253620268007136e-09,3.3076992361638428e-09,2.925362026800721e-09,2.5866044888352905e-21,4.4157238619241685e-09,5.857713411699091e-13
O3,outgoing_boundary,bottom,-4,-1,p,1.865029280072982e-08,1.6531653319331256e-08,1.8650292800720755e-08,1.6531653319314812e-08,1.8777837998764885e-20,2.4922459409589353e-08,7.534504396279519e-13
O3,outgoing_boundary,bottom,-4,0,s,-1.203178847389492e-06,1.5258966329315587e-08,-1.2031788473893624e-06,1.5258966329393806e-08,1.5137113475223517e-19,1.203275602203683e-06,1.2579922211919992e-13
O3,outgoing_boundary,bottom,-4,0,p,-4.685532265522552e-15,-2.5309192142905015e-15,-4.685531841337662e-15,-2.5309186797567567e-15,6.823922227555187e-22,1e-12,6.823922227555188e-10
O3,outgoing_boundary,bottom,-4,1,s,3.307694477153344e-09,2.9253827636608797e-09,3.3076944771517718e-09,2.925382763660858e-09,1.57220385963793e-21,4.415734035027967e-09,3.5604586851616675e-13
O3,outgoing_boundary,bottom,-4,1,p,-1.8650319588375427e-08,-1.653158967262308e-08,-1.8650319588371542e-08,-1.6531589672618706e-08,5.849948549146611e-21,2.492243723740174e-08,2.3472618241234625e-13
O3,outgoing_boundary,bottom,-4,2,s,4.35980250183432e-15,1.8578235677652032e-15,4.359801089308594e-15,1.8578244612365535e-15,1.6713826550288246e-21,1e-12,1.6713826550288246e-09
O3,outgoing_boundary,bottom,-4,2,p,-1.5745956095014204e-16,4.552565462366632e-15,-1.5745838593658888e-16,4.5524994718938884e-15,6.600093294642095e-20,1e-12,6.600093294642095e-08
O3,outgoing_boundary,bottom,-3,-2,s,-1.3572586328580268e-15,7.203993066547999e-16,-1.357256061547738e-15,7.203986321474949e-16,2.6583071127812103e-21,1e-12,2.65830711278121e-09
O3,outgoing_boundary,bottom,-3,-2,p,1.1989286658404526e-14,-1.2232234812643427e-14,1.1989261298022125e-14,-1.2232219764320742e-14,2.94889981370918e-20,1e-12,2.94889981370918e-08
O3,outgoing_boundary,bottom,-3,-1,s,5.2820553805706954e-09,7.130097188443424e-09,5.2820553805840106e-09,7.13009718843813e-09,1.432894128019021e-20,8.873465780636664e-09,1.614807746422855e-12
O3,outgoing_boundary,bottom,-3,-1,p,-1.2350816111252985e-08,-1.6626372986972864e-08,-1.235081611130018e-08,-1.6626372986973976e-08,4.7208709070165155e-20,2.0711806713011058e-08,2.279313906522161e-12
O3,outgoing_boundary,bottom,-3,0,s,-2.6502841091705837e-08,4.396048602623869e-08,-2.650284109179001e-08,4.3960486026221745e-08,8.586300409581376e-20,5.1331519728119396e-08,1.6727150209187752e-12
O3,outgoing_boundary,bottom,-3,0,p,7.565923500980374e-15,-1.5136250502369892e-14,7.56592347006139e-15,-1.513625062167912e-14,1.2325045927629317e-22,1e-12,1.2325045927629316e-10
O3,outgoing_boundary,bottom,-3,1,s,5.2820699654441285e-09,7.13005693719912e-09,5.282069965443801e-09,7.130056937199095e-09,3.2856567715152383e-22,8.873442119467755e-09,3.7027984487628775e-14
O3,outgoing_boundary,bottom,-3,1,p,1.2350828741945862e-08,1.6626392652768577e-08,1.2350828741965687e-08,1.6626392652766724e-08,1.9912260070869382e-20,2.07118300315868e-08,9.613954942900736e-13
O3,outgoing_boundary,bottom,-3,2,s,9.201821886660042e-15,4.21354440361775e-15,9.201825442441172e-15,4.213541848388979e-15,4.378672575229043e-21,1e-12,4.378672575229043e-09
O3,outgoing_boundary,bottom,-3,2,p,1.715969710348589e-14,-4.0873572648026956e-15,1.715970182628787e-14,-4.0873944434977055e-15,3.7477462843766266e-20,1e-12,3.7477462843766266e-08
O3,outgoing_boundary,bottom,-2,-2,s,-1.0674519041961258e-15,-1.6760936910812137e-15,-1.067443077145815e-15,-1.676100435750867e-15,1.1108887699650349e-20,1e-12,1.110888769965035e-08
O3,outgoing_boundary,bottom,-2,-2,p,5.639388187319971e-15,7.876600097043148e-15,5.6394066752094746e-15,7.876623365932135e-15,2.971940869225424e-20,1e-12,2.971940869225424e-08
O3,outgoing_boundary,bottom,-2,-1,s,5.354549820213766e-08,-2.618857851616542e-08,5.3545498202145525e-08,-2.6188578516181142e-08,1.7581863689626952e-20,5.960672799620992e-08,2.949644156066559e-13
O3,outgoing_boundary,bottom,-2,-1,p,-4.4336389791569854e-08,2.169526390964304e-08,-4.433638979158326e-08,2.1695263909673827e-08,3.358014720766258e-20,4.935990210547022e-08,6.803122732275662e-13
O3,outgoing_boundary,bottom,-2,0,s,-1.736081081242857e-06,3.4795288371605506e-06,-1.7360810812430447e-06,3.4795288371605117e-06,1.9182830258637461e-19,3.8885856618160806e-06,4.933112428768904e-14
O3,outgoing_boundary,bottom,-2,0,p,-2.2657350653706697e-15,-8.026825234344874e-15,-2.2657344980069573e-15,-8.026825736731355e-15,7.578217192903729e-22,1e-12,7.578217192903729e-10
O3,outgoing_boundary,bottom,-2,1,s,5.3545516368641894e-08,-2.6188611330013144e-08,5.3545516368651866e-08,-2.6188611330020834e-08,1.2592795956133771e-20,5.960675873238253e-08,2.1126456502477948e-13
O3,outgoing_boundary,bottom,-2,1,p,4.433639092402084e-08,-2.169524424227637e-08,4.433639092403525e-08,-2.169524424229495e-08,2.3512139327536812e-20,4.935989447822703e-08,4.76340956075345e-13
O3,outgoing_boundary,bottom,-2,2,s,2.0423891645789295e-15,6.0693656690597246e-15,2.0423826236048137e-15,6.0693657005874594e-15,6.541050097799851e-21,1e-12,6.541050097799851e-09
O3,outgoing_boundary,bottom,-2,2,p,7.816853269492724e-16,-1.8721031172489486e-15,7.816933403637142e-16,-1.8720777765165956e-15,2.6577575645682487e-20,1e-12,2.6577575645682487e-08
O3,outgoing_boundary,bottom,-1,-2,s,-5.54679738363481e-16,-3.655292685025008e-15,-5.54670809522043e-16,-3.655284943416735e-15,1.1817643930840808e-20,1e-12,1.1817643930840808e-08
O3,outgoing_boundary,bottom,-1,-2,p,9.771574981438109e-15,-9.74192743407064e-15,9.771538468599772e-15,-9.741909266375738e-15,4.0782992797247835e-20,1e-12,4.078299279724784e-08
O3,outgoing_boundary,bottom,-1,-1,s,-2.2115083481882802e-07,-2.6528689989744905e-08,-2.21150834818809e-07,-2.6528689989728997e-08,2.4804909413545637e-20,2.2273630852114636e-07,1.11364463109932e-13
O3,outgoing_boundary,bottom,-1,-1,p,6.855349963141342e-08,8.21831074205178e-09,6.85534996313797e-08,8.218310742033369e-09,3.842116721697395e-20,6.904435489713984e-08,5.564707972753548e-13
O3,outgoing_boundary,bottom,-1,0,s,-2.5466661268080074e-05,-6.218755292179732e-05,-2.5466661268082466e-05,-6.218755292180825e-05,1.1195414898303983e-17,6.720001915584513e-05,1.6659838849659307e-13
O3,outgoing_boundary,bottom,-1,0,p,3.352418923027652e-14,9.160393013604422e-16,3.35241982669695e-14,9.16061014543121e-16,2.3518590987774362e-20,1e-12,2.3518590987774362e-08
O3,outgoing_boundary,bottom,-1,1,s,-2.2115083083483116e-07,-2.6528575636637288e-08,-2.2115083083477406e-07,-2.6528575636605928e-08,6.514083992799738e-20,2.2273629094563368e-07,2.9245723564597383e-13
O3,outgoing_boundary,bottom,-1,1,p,-6.855365851007925e-08,-8.218324105848238e-09,-6.855365851001197e-08,-8.218324105778603e-09,9.683240735567267e-20,6.904451423693962e-08,1.4024634458774454e-12
O3,outgoing_boundary,bottom,-1,2,s,1.2194494371727176e-15,2.054327987027378e-15,1.2194588497021138e-15,2.054323791722497e-15,1.0305158546983929e-20,1e-12,1.030515854698393e-08
O3,outgoing_boundary,bottom,-1,2,p,-5.026109354262506e-15,-1.077835569938795e-14,-5.026097022116297e-15,-1.0778369721911154e-14,1.867385838872505e-20,1e-12,1.867385838872505e-08
O3,outgoing_boundary,bottom,0,-2,s,1.3400143630626077e-14,-5.122798964642755e-15,1.340015102685588e-14,-5.122783335630153e-15,1.7290756206734845e-20,1e-12,1.7290756206734846e-08
O3,outgoing_boundary,bottom,0,-2,p,2.1167979915113348e-15,2.8843599483814346e-14,2.1167764277649215e-15,2.8843606536816363e-14,2.2687882158244355e-20,1e-12,2.2687882158244356e-08
O3,outgoing_boundary,bottom,0,-1,s,-9.604618636664546e-11,2.3052580308160203e-10,-9.604618638488639e-11,2.3052580288115952e-10,2.0127079098323105e-19,2.497338897968867e-10,8.059410404688301e-10
O3,outgoing_boundary,bottom,0,-1,p,8.396890046626723e-11,3.545926832020057e-11,8.396890080304151e-11,3.545926823247018e-11,3.4801370546856595e-19,9.11489769863233e-11,3.818075824600693e-09
O3,outgoing_boundary,bottom,0,0,s,-4.892499387658325e-05,-2.8751028898349008e-05,-4.892499387477153e-05,-2.8751028893800072e-05,4.896440899377011e-15,5.674748177759572e-05,8.62847257005536e-11
O3,outgoing_boundary,bottom,0,0,p,5.241102600861285e-14,-1.934421427972492e-13,5.241243154326567e-14,-1.934414143899851e-13,1.5830681610900394e-18,1e-12,1.5830681610900393e-06
O3,outgoing_boundary,bottom,0,1,s,-9.605380892655253e-11,2.3054447248976083e-10,-9.605380894608295e-11,2.3054447230604606e-10,1.8474997891216134e-19,2.4975405486983363e-10,7.39727645296686e-10
O3,outgoing_boundary,bottom,0,1,p,-8.39374689321436e-11,-3.546309319602403e-11,-8.393746924862644e-11,-3.5463093138411565e-11,3.216839852842089e-19,9.112151073598243e-11,3.530274933832731e-09
O3,outgoing_boundary,bottom,0,2,s,-9.134359790575591e-15,2.4651356160947848e-15,-9.134324400730423e-15,2.4651406762096992e-15,3.5749767887455563e-20,1e-12,3.5749767887455564e-08
O3,outgoing_boundary,bottom,0,2,p,4.6249743091337375e-15,1.1815558296435906e-14,4.624975346974219e-15,1.181549524153148e-14,6.306344491970545e-20,1e-12,6.306344491970546e-08
O3,outgoing_boundary,bottom,1,-2,s,1.4126175374587495e-16,1.3726889369893731e-15,1.412547376764601e-16,1.3726894614772942e-15,7.035646211491915e-21,1e-12,7.035646211491915e-09
O3,outgoing_boundary,bottom,1,-2,p,-1.8171257777743757e-15,2.402086181556076e-15,-1.8171246934321778e-15,2.402072562856172e-15,1.3661800213924613e-20,1e-12,1.3661800213924614e-08
O3,outgoing_boundary,bottom,1,-1,s,6.042952154329429e-11,-3.232648991289396e-11,6.042952235499421e-11,-3.232648742110455e-11,2.6206623657929886e-18,6.853268534823057e-11,3.823959841171832e-08
O3,outgoing_boundary,bottom,1,-1,p,-2.1863433730069328e-11,-4.094786156180908e-11,-2.186343650240049e-11,-4.0947860347344193e-11,3.0266722715592045e-18,4.641914607917838e-11,6.520310103069385e-08
O3,outgoing_boundary,bottom,1,0,s,-8.743198032069331e-08,-3.433200488084684e-08,-8.743198503197611e-08,-3.433201555424481e-08,1.1666945184117004e-14,9.393103480026504e-08,1.2420756578404142e-07
O3,outgoing_boundary,bottom,1,0,p,4.543205732389607e-15,3.5704576009586734e-16,4.5432060877068246e-15,3.5704548577080396e-16,4.48892598992265e-22,1e-12,4.4889259899226503e-10
O3,outgoing_boundary,bottom,1,1,s,6.04248539301857e-11,-3.233726718042286e-11,6.042485477440138e-11,-3.233726466095162e-11,2.6571479901208087e-18,6.853365421644995e-11,3.877143310830521e-08
O3,outgoing_boundary,bottom,1,1,p,2.1862800191647373e-11,4.095121799852512e-11,2.186280297594422e-11,4.095121675973588e-11,3.0474428151782853e-18,4.6421808539390496e-11,6.564679212341384e-08
O3,outgoing_boundary,bottom,1,2,s,-2.2221921569795525e-15,-1.955455460255962e-15,-2.2222126748951606e-15,-1.955442577200301e-15,2.4227215772049656e-20,1e-12,2.4227215772049658e-08
O3,outgoing_boundary,bottom,1,2,p,-3.428814745663793e-15,-1.130740553477184e-15,-3.4288051099573896e-15,-1.1307076307967458e-15,3.430378587159819e-20,1e-12,3.430378587159819e-08
O3,outgoing_boundary,bottom,2,-2,s,2.3522593248047098e-15,3.3681135545642723e-16,2.3522704915039785e-15,3.3681206221799546e-16,1.1189043054313722e-20,1e-12,1.1189043054313722e-08
O3,outgoing_boundary,bottom,2,-2,p,2.789182466539913e-15,-1.2783198054274731e-15,2.7891762894334464e-15,-1.278308064865041e-15,1.3266403073927112e-20,1e-12,1.3266403073927112e-08
O3,outgoing_boundary,bottom,2,-1,s,7.277890527757558e-12,-8.688654832481861e-13,7.277898371286748e-12,-8.688714906922875e-13,9.879794268641143e-18,7.329579958641294e-12,1.3479345780235665e-06
O3,outgoing_boundary,bottom,2,-1,p,-8.232600085230535e-13,-6.867245182854075e-12,-8.232539885538787e-13,-6.867237519136216e-12,9.74538866759204e-18,6.916407902509944e-12,1.4090245695392642e-06
O3,outgoing_boundary,bottom,2,0,s,2.9059197186595345e-08,-5.362139836168073e-09,2.9059234624576817e-08,-5.362049544773291e-09,9.774527317673907e-14,2.954980020722319e-08,3.307815027217886e-06
O3,outgoing_boundary,bottom,2,0,p,4.043909518502192e-15,-8.336863202651084e-16,4.0439092410902105e-15,-8.336861491962993e-16,3.2591708298073317e-22,1e-12,3.2591708298073315e-10
O3,outgoing_boundary,bottom,2,1,s,7.273613821629174e-12,-8.690480734568996e-13,7.273621743312965e-12,-8.690539957433837e-13,9.890730573542554e-18,7.325355152640224e-12,1.35020492077817e-06
O3,outgoing_boundary,bottom,2,1,p,8.200182878379354e-13,6.860524191980772e-12,8.200123162327513e-13,6.860516482933167e-12,9.751383668503416e-18,6.909349217644964e-12,1.411331713209765e-06
O3,outgoing_boundary,bottom,2,2,s,-3.319196032290983e-15,-1.4791194160488117e-16,-3.3191873482856844e-15,-1.4790128501120642e-16,1.3746815513883355e-20,1e-12,1.3746815513883354e-08
O3,outgoing_boundary,bottom,2,2,p,-1.1416178934104033e-15,-8.605689897799747e-15,-1.1416031371857696e-15,-8.605702125634854e-15,1.9164188394683553e-20,1e-12,1.9164188394683554e-08
O3,outgoing_boundary,bottom,3,-2,s,8.018709378474628e-16,9.217963896616944e-16,8.018517758749197e-16,9.2180883978662e-16,2.2851407011500894e-20,1e-12,2.2851407011500896e-08
O3,outgoing_boundary,bottom,3,-2,p,-2.559837603612588e-15,3.060512171879298e-16,-2.5598484143181468e-15,3.0603712682709594e-16,1.775977542391633e-20,1e-12,1.775977542391633e-08
O3,outgoing_boundary,bottom,3,-1,s,-1.1543157442011627e-10,2.9042364050585294e-12,-1.1543178215164434e-10,2.904238360372621e-12,2.077407302534175e-16,1.1546831137224852e-10,1.7991146469934918e-06
O3,outgoing_boundary,bottom,3,-1,p,3.4883291439862356e-12,1.366692048894188e-10,3.4883292731806424e-12,1.36668979894529e-10,2.249949268939812e-16,1.367134905798594e-10,1.6457404893963508e-06
O3,outgoing_boundary,bottom,3,0,s,-1.8369243607523458e-08,-5.400265215249861e-08,-1.836920609135917e-08,-5.400245226048957e-08,2.0338209818267898e-13,5.704114815265627e-08,3.565533036578752e-06
O3,outgoing_boundary,bottom,3,0,p,-4.777965613583103e-15,3.0871975380991026e-15,-4.777965635011777e-15,3.0871977117656413e-15,1.7498358412076777e-22,1e-12,1.7498358412076778e-10
O3,outgoing_boundary,bottom,3,1,s,-1.1543334174421466e-10,2.90565028121306e-12,-1.1543354946340887e-10,2.9056522883382833e-12,2.0772889109292096e-16,1.1547011369589097e-10,1.7989840352977243e-06
O3,outgoing_boundary,bottom,3,1,p,-3.4930375664095303e-12,-1.3668388953389933e-10,-3.493037667377563e-12,-1.3668366454170188e-10,2.2499222011327705e-16,1.3672829065227943e-10,1.645542550410917e-06
O3,outgoing_boundary,bottom,3,2,s,-1.7691947553065549e-15,-6.314375159195575e-16,-1.7691877074549388e-15,-6.314251502643735e-16,1.4233117737629424e-20,1e-12,1.4233117737629424e-08
O3,outgoing_boundary,bottom,3,2,p,7.497359069036864e-15,3.89749923424991e-15,7.497367294194666e-15,3.8974942787567846e-15,9.602610737510379e-21,1e-12,9.60261073751038e-09
O3,outgoing_boundary,bottom,4,-2,s,1.6640392658423256e-16,-2.2623734608034653e-16,1.663768569830426e-16,-2.2620814136169025e-16,3.9820583877893513e-20,1e-12,3.982058387789351e-08
O3,outgoing_boundary,bottom,4,-2,p,1.8046215468146825e-15,9.013390309085305e-16,1.8045984767599582e-15,9.01319744134139e-16,3.0070036438382584e-20,1e-12,3.0070036438382586e-08
O3,outgoing_boundary,bottom,4,-1,s,3.981008419874741e-10,-6.692522136841519e-11,3.9810308648367007e-10,-6.692496573930339e-11,2.25900628959727e-15,4.0368925983611633e-10,5.595903865548335e-06
O3,outgoing_boundary,bottom,4,-1,p,-9.482665363461037e-11,-5.641437297857168e-10,-9.482682361105628e-11,-5.641411786139363e-10,2.55682800475826e-15,5.720554132984703e-10,4.46954603578628e-06
O3,outgoing_boundary,bottom,4,0,s,3.479080922159626e-09,2.073318657943125e-07,3.476351025923227e-09,2.0732335998888321e-07,8.933143873383626e-12,2.0735250327289397e-07,4.308191959287239e-05
O3,outgoing_boundary,bottom,4,0,p,5.0763787586609694e-15,4.406413220282095e-15,5.076379753441048e-15,4.406414468515354e-15,1.5961433751642494e-21,1e-12,1.5961433751642494e-09
O3,outgoing_boundary,bottom,4,1,s,3.981001194861226e-10,-6.692555564906187e-11,3.9810236398360864e-10,-6.692529997666522e-11,2.2590124699216736e-15,4.0368860274511616e-10,5.5959282837320655e-06
O3,outgoing_boundary,bottom,4,1,p,9.483909203178253e-11,5.641432432315377e-10,9.483926202678331e-11,5.641406920560607e-10,2.556832926730144e-15,5.720569954604838e-10,4.46954227816407e-06
O3,outgoing_boundary,bottom,4,2,s,-2.244044945819947e-16,2.70335255496967e-16,-2.2440247514860986e-16,2.7035270207571363e-16,1.7563064116416633e-20,1e-12,1.7563064116416632e-08
O3,outgoing_boundary,bottom,4,2,p,-8.922229376438338e-15,-1.6014364764838045e-15,-8.922220435236267e-15,-1.6014440985828048e-15,1.1749105823174827e-20,1e-12,1.1749105823174827e-08
O3,outgoing_boundary,bottom,5,-2,s,9.769671612107683e-16,-2.4134962312409186e-16,9.769707388398002e-16,-2.413077835031418e-16,4.1992300612570063e-20,1e-12,4.1992300612570065e-08
O3,outgoing_boundary,bottom,5,-2,p,-5.01875665722651e-15,-7.74791217046406e-15,-5.0187949621387766e-15,-7.747922276072221e-15,3.961552246296062e-20,1e-12,3.9615522462960616e-08
O3,outgoing_boundary,bottom,5,-1,s,-3.140653335814547e-09,-3.2886585885599276e-10,-3.1406947536169123e-09,-3.288739153845801e-10,4.219409918036163e-14,3.1578666196685986e-09,1.3361583708937548e-05
O3,outgoing_boundary,bottom,5,-1,p,-5.4073115322495e-10,5.1630435873013006e-09,-5.407232453463305e-10,5.16299627922048e-09,4.7964456164469115e-14,5.191234169954423e-09,9.239509256214158e-06
O3,outgoing_boundary,bottom,5,0,s,-2.7442103465810493e-07,-1.3294142907167374e-06,-2.743984053156237e-07,-1.3293288233931545e-06,8.841238907268791e-11,1.3573538984154377e-06,6.513584200546351e-05
O3,outgoing_boundary,bottom,5,0,p,4.749471850225079e-15,1.7955661482581132e-17,4.749473798974263e-15,1.7949710843492602e-17,6.26160753653925e-21,1e-12,6.26160753653925e-09
O3,outgoing_boundary,bottom,5,1,s,-3.1406544140674802e-09,-3.2886172493746367e-10,-3.1406958318778914e-09,-3.2886978143297215e-10,4.2194100762263717e-14,3.157867261541392e-09,1.33615814939822e-05
O3,outgoing_boundary,bottom,5,1,p,5.40727480907172e-10,-5.16303450221344e-09,5.407195730589694e-10,-5.162987194140046e-09,4.796444382486074e-14,5.191224751784802e-09,9.239523641963299e-06
O3,outgoing_boundary,bottom,5,2,s,-7.219352332352738e-16,4.2703697627838226e-16,-7.219351528247853e-16,4.270357095879113e-16,1.2692401647732214e-21,1e-12,1.2692401647732215e-09
O3,outgoing_boundary,bottom,5,2,p,-2.2684515542513526e-15,8.154268092137916e-15,-2.268448870424328e-15,8.15428287668091e-15,1.5026165147117276e-20,1e-12,1.5026165147117276e-08
O3,outgoing_boundary,bottom,6,-2,s,7.281016124211604e-16,3.401194831658238e-16,7.28032532041194e-16,3.400608149632882e-16,9.063143430983167e-20,1e-12,9.063143430983167e-08
O3,outgoing_boundary,bottom,6,-2,p,-2.1912933101212892e-16,6.794620172878351e-15,-2.190715871902984e-16,6.794636827740438e-15,6.009769871426646e-20,1e-12,6.009769871426646e-08
O3,outgoing_boundary,bottom,6,-1,s,7.75759603018403e-11,-1.717774818263246e-10,7.754258096066858e-11,-1.7170313127813624e-10,8.149959774727294e-14,1.8840068246362254e-10,0.00043258653143684515
O3,outgoing_boundary,bottom,6,-1,p,-3.20580765240021e-10,-1.4462420420422723e-10,-3.206381467255899e-10,-1.446437297652177e-10,6.06125599037379e-14,3.517536491580638e-10,0.0001723153691477443
O3,outgoing_boundary,bottom,6,0,s,-1.36791297256758e-06,1.4836897334884689e-06,-1.3684161823079134e-06,1.4822476452860472e-06,1.5273632267179532e-09,2.0173301489736866e-06,0.0007571211026093061
O3,outgoing_boundary,bottom,6,0,p,-3.0195118982209665e-15,-7.936819821393744e-15,-3.0195767280925283e-15,-7.936913587955687e-15,1.139959665307065e-19,1e-12,1.1399596653070651e-07
O3,outgoing_boundary,bottom,6,1,s,7.757488403725731e-11,-1.7177660218081366e-10,7.754150483305326e-11,-1.7170225164888966e-10,8.149952681259536e-14,1.8839943787886696e-10,0.00043258901263280934
O3,outgoing_boundary,bottom,6,1,p,3.205866013973723e-10,1.4462640790713185e-10,3.2064398290005685e-10,1.446459334766504e-10,6.061257885422362e-14,3.517598752577439e-10,0.00017231237306361663
O3,outgoing_boundary,bottom,6,2,s,-9.168854321708756e-16,2.0765188278418368e-16,-9.168867283147791e-16,2.07682568615211e-16,3.071319284697804e-20,1e-12,3.0713192846978036e-08
O3,outgoing_boundary,bottom,6,2,p,-2.301992332599108e-15,2.3928438989770795e-15,-2.3019983297154814e-15,2.3928680618900355e-15,2.4896019105851534e-20,1e-12,2.4896019105851533e-08
O3,outgoing_boundary,bottom,7,-2,s,-5.66154926117532e-16,-9.081831384780575e-17,-5.662964141299075e-16,-9.099157434997211e-17,2.236918846470094e-19,1e-12,2.2369188464700942e-07
O3,outgoing_boundary,bottom,7,-2,p,-2.5222754157754006e-15,4.78497594115286e-15,-2.522374981608479e-15,4.785118903667266e-15,1.742172082255208e-19,1e-12,1.7421720822552082e-07
O3,outgoing_boundary,bottom,7,-1,s,-4.103807453767416e-12,8.197219473891646e-12,-4.066499924360101e-12,8.032682495371157e-12,1.6871357103425188e-13,9.00335546928271e-12,0.01873896588997981
O3,outgoing_boundary,bottom,7,-1,p,1.662014884802373e-11,8.518635111335104e-12,1.672731334792439e-11,8.524289649254038e-12,1.0731357713744807e-13,1.877409187854446e-11,0.005716046231780134
O3,outgoing_boundary,bottom,7,0,s,-1.1810769902784796e-08,1.6348246038833327e-07,-1.1723369196469784e-08,1.6371242313998781e-07,2.4601168795992326e-10,1.641316388624788e-07,0.0014988681625609638
O3,outgoing_boundary,bottom,7,0,p,8.370760801374892e-16,-6.757053619622136e-16,8.370669765788552e-16,-6.757761014038716e-16,7.132281111874639e-20,1e-12,7.13228111187464e-08
O3,outgoing_boundary,bottom,7,1,s,-4.104109665012389e-12,8.196354188029401e-12,-4.066802064080398e-12,8.0318165534191e-12,1.687142266984435e-13,9.002719376731992e-12,0.018740362732453306
O3,outgoing_boundary,bottom,7,1,p,-1.6612375704007e-11,-8.513224372356871e-12,-1.6719540142909126e-11,-8.518878551893446e-12,1.0731349734045128e-13,1.876470928024892e-11,0.005718900076613803
O3,outgoing_boundary,bottom,7,2,s,-2.932361896837702e-16,-3.441817980119491e-16,-2.9347642221620033e-16,-3.4404011719725046e-16,2.7889984383548013e-19,1e-12,2.7889984383548016e-07
O3,outgoing_boundary,bottom,7,2,p,-1.4786116726319467e-15,-3.0784816533978704e-15,-1.4786084588445034e-15,-3.078514926604315e-15,3.34280525432588e-20,1e-12,3.34280525432588e-08
O3,outgoing_boundary,bottom,8,-2,s,1.5695303518786514e-16,-1.646843981794773e-16,1.5724982274778668e-16,-1.6401421995243665e-16,7.329540993292343e-19,1e-12,7.329540993292343e-07
O3,outgoing_boundary,bottom,8,-2,p,1.7333354911311405e-15,-3.569441882736162e-16,1.7332842003421474e-15,-3.5658575685655965e-16,3.620826228482801e-19,1e-12,3.620826228482801e-07
O3,outgoing_boundary,bottom,8,-1,s,-5.071214908572547e-12,3.8465152357080385e-12,-5.194309669750013e-12,3.851269582943069e-12,1.231865416633192e-13,6.466307319155267e-12,0.019050523828089846
O3,outgoing_boundary,bottom,8,-1,p,8.885704785280203e-12,1.2031880761464022e-11,8.858684405594837e-12,1.1948873732847273e-11,8.729414481007878e-14,1.4874537736731745e-11,0.005868696315483561
O3,outgoing_boundary,bottom,8,0,s,2.4066523678005852e-09,-2.4714920383717745e-08,2.1425221043450553e-09,-2.5473886715392497e-08,8.03613519478684e-10,2.556382806537897e-08,0.03143557050311318
O3,outgoing_boundary,bottom,8,0,p,2.922064228567182e-15,-7.283352336064255e-16,2.9223732969340578e-15,-7.285637419004201e-16,3.8436869777274067e-19,1e-12,3.8436869777274067e-07
O3,outgoing_boundary,bottom,8,1,s,-5.0716644196391745e-12,3.846558383685188e-12,-5.194759845084213e-12,3.851312754896592e-12,1.231872063613383e-13,6.466694656787851e-12,0.019049485540813843
O3,outgoing_boundary,bottom,8,1,p,-8.885995241638703e-12,-1.2034709292865886e-11,-8.858975094255585e-12,-1.195170237170497e-11,8.729397072661915e-14,1.4876983205692574e-11,0.005867719921416374
O3,outgoing_boundary,bottom,8,2,s,-5.007757145862803e-16,4.366729536856476e-17,-5.004552924223102e-16,4.3221419317122317e-17,5.49068134581844e-19,1e-12,5.49068134581844e-07
O3,outgoing_boundary,bottom,8,2,p,-2.975726898036371e-16,-2.9040585492362793e-15,-2.975444568750098e-16,-2.903646831581719e-15,4.126845348878001e-19,1e-12,4.126845348878001e-07
E3,total_projection,top,-8,-2,s,0.0,0.0,-3694030782249036.5,2.120546401244801e+16,2.152481283085711e+16,2.152481283085711e+16,1.0
E3,total_projection,top,-8,-2,p,0.0,0.0,1.3012681029305522e+17,-2.57496189482055e+17,2.885087075892566e+17,2.885087075892566e+17,1.0
E3,total_projection,top,-8,-1,s,3514348946933.1167,-39788530264064.836,3514388572570.065,-39788806509874.64,279073356.9097852,39943711025883.08,6.986665728904076e-06
E3,total_projection,top,-8,-1,p,-18046964764006.344,63624335038026.695,-18046780801716.82,63624281321965.43,191644303.8654733,66134223145371.67,2.897808347188324e-06
E3,total_projection,top,-8,0,s,262884235.46541083,1535125097.6493435,264006303.71060047,1533999312.8048697,1589474.3354046107,1556551708.130747,0.001021151001346046
E3,total_projection,top,-8,0,p,0.8075343794921944,0.6835035059693766,0.8065032190399787,0.6824790394587018,0.001453555471837223,1.0565155378044944,0.001375801320307889
E3,total_projection,top,-8,1,s,3514348722822.124,-39788530534901.13,3514388318532.8237,-39788806692045.3,278981340.9187455,39943711184996.18,6.984362059565903e-06
E3,total_projection,top,-8,1,p,18046964888370.203,-63624335001138.28,18046781006325.957,-63624281240192.19,191579867.21240282,66134223122535.875,2.896834016745562e-06
E3,total_projection,top,-8,2,s,0.0,0.0,2.4806240662628476e+16,1.642934436104708e+16,2.9753536461168984e+16,2.9753536461168984e+16,1.0
E3,total_projection,top,-8,2,p,0.0,0.0,-1.804053235252874e+17,2.2596079416699174e+17,2.891441876587548e+17,2.891441876587548e+17,1.0
E3,total_projection,top,-7,-2,s,3948017066.0661144,2979989143.2695217,3892870204.4538183,2228373085.6143093,753636433.8796586,4485541777.46842,0.16801458358169633
E3,total_projection,top,-7,-2,p,17623359726.338055,20995365942.216217,19332088238.701748,20813525781.33473,1718376842.5680232,28406557185.256294,0.0604922599863634
E3,total_projection,top,-7,-1,s,0.11974368867127955,0.6780351128106522,0.11974262919862867,0.6780363049311279,1.5948772763062572e-06,0.6885285237752011,2.316356143913322e-06
E3,total_projection,top,-7,-1,p,0.07563988942738582,-2.7173646088752834,0.07563957764492889,-2.717362083519367,2.544529584398608e-06,2.718414618606775,9.360343955561549e-07
E3,total_projection,top,-7,0,s,2.8296049854797116e-08,1.6306370461193423e-06,2.8401378272585237e-08,1.6306287219672583e-06,1.056568365117409e-10,1.6308760428654153e-06,6.478532625085597e-05
E3,total_projection,top,-7,0,p,3.079116556741074e-16,-7.45210688221778e-16,3.0861067157909224e-16,-7.452644949978956e-16,7.010837357819698e-19,1e-12,7.010837357819698e-07
E3,total_projection,top,-7,1,s,0.11974366314900883,0.6780351047667409,0.11974260269053232,0.6780362984937649,1.5967330360366967e-06,0.6885285128258877,2.3190514354784204e-06
E3,total_projection,top,-7,1,p,-0.07563981627576528,2.7173646317651428,-0.0756395014079395,2.717362108705822,2.542630543997609e-06,2.7184146416621937,9.353358038282563e-07
E3,total_projection,top,-7,2,s,-426093218.63422775,-827067565.3483441,96831921.9270662,-2051379073.4250083,1331311147.4933293,2053663196.3372512,0.6482616769233382
E3,total_projection,top,-7,2,p,-18249455766.046814,-13833058745.76979,-20760540001.39536,-14626981778.696617,2633601681.960983,25395838578.47304,0.10370209567300422
E3,total_projection,top,-6,-2,s,4065.5647409779613,3159.692723090183,3109.7001038089375,3585.4330040907516,1046.3899805792832,4746.110466735108,0.22047316174229384
E3,total_projection,top,-6,-2,p,5414.749936012244,-957.6534492547171,3877.6900782017556,-4361.142984952551,3734.473728130519,5835.756033093328,0.6399297206656883
E3,total_projection,top,-6,-1,s,-6.868167993704699e-09,-2.1025140373828045e-08,-6.868170081378943e-09,-2.1025142282826816e-08,2.8288973217018794e-15,2.211850737007045e-08,1.2789729769603656e-07
E3,total_projection,top,-6,-1,p,3.150996604574692e-08,3.3438900664488566e-08,3.15099663603588e-08,3.3438903883898857e-08,3.234746245268022e-15,4.594603653186605e-08,7.04031618271263e-08
E3,total_projection,top,-6,0,s,3.401119349735681e-05,3.0427037464532912e-05,3.401115266394566e-05,3.0427121897265e-05,9.378834529952307e-11,4.563516464834154e-05,2.0551770991130085e-06
E3,total_projection,top,-6,0,p,-7.187547279067155e-15,-1.3731412488071484e-14,-7.187564693909721e-15,-1.3731344539009122e-14,7.014521949103452e-20,1e-12,7.014521949103453e-08
E3,total_projection,top,-6,1,s,-6.86816962029325e-09,-2.102514189186424e-08,-6.868171754013873e-09,-2.102514377935112e-08,2.848748922838413e-15,2.2118509311999785e-08,1.2879479727383362e-07
E3,total_projection,top,-6,1,p,-3.15099650030908e-08,-3.3438901741385735e-08,-3.1509965370093835e-08,-3.3438904940028015e-08,3.219627875725171e-15,4.594603662137511e-08,7.007411547283121e-08
E3,total_projection,top,-6,2,s,4041.7058105026017,511.3490155361397,2838.4802340203782,757.5349201060881,1228.1527948549003,2937.827291401678,0.4180479902441548
E3,total_projection,top,-6,2,p,-14152.89194292502,-11464.164230069024,-13540.045769132303,-7510.410874441779,4000.968136572206,15483.510936900937,0.2584018671783888
E3,total_projection,top,-5,-2,s,-0.053292377219000944,-0.04527577632051872,-0.053091517344435124,-0.0444790852355551,0.0008216211864789707,0.0692610874685507,0.011862666563704233
E3,total_projection,top,-5,-2,p,-0.03333274543728466,-0.08778755615103466,-0.035333862982335214,-0.08582292584740375,0.0028043258831765647,0.09281194144216251,0.030215140849350005
E3,total_projection,top,-5,-1,s,-3.342641315225093e-07,3.524475258513019e-07,-3.3426413135604594e-07,3.524475265980454e-07,7.650724924107559e-16,4.857486680540585e-07,1.5750377566153446e-09
E3,total_projection,top,-5,-1,p,1.4963040249948546e-07,6.057938650160932e-07,1.4963040237327935e-07,6.057938640226449e-07,1.0014326870365055e-15,6.239995697128935e-07,1.6048611820313778e-09
E3,total_projection,top,-5,0,s,2.75813378621249e-05,8.28881401656517e-07,2.7581337199118612e-05,8.288821934720465e-07,1.032738675348382e-12,2.7593789290022113e-05,3.7426489870378883e-08
E3,total_projection,top,-5,0,p,1.402804723305009e-15,4.250620167237587e-17,1.403063719236998e-15,4.217871493941429e-17,4.1752419457168117e-19,1e-12,4.175241945716812e-07
E3,total_projection,top,-5,1,s,-3.3426413512581695e-07,3.5244751803779726e-07,-3.342641349934997e-07,3.524475187435617e-07,7.180607802496995e-16,4.857486648581196e-07,1.4782557981079266e-09
E3,total_projection,top,-5,1,p,-1.4963040210319852e-07,-6.05793860474053e-07,-1.496304020392768e-07,-6.057938595823374e-07,8.940037154511037e-16,6.239995653220443e-07,1.4326992599581555e-09
E3,total_projection,top,-5,2,s,-0.005783057189072321,0.04122543313612427,-0.005939135046005368,0.04160491103879374,0.00041032155200432127,0.042026681377913135,0.009763358384513398
E3,total_projection,top,-5,2,p,-0.1100170914676289,-0.2362625431048648,-0.1097436631679612,-0.23341664123841516,0.002859006902496172,0.25792828463072043,0.011084503223791266
E3,total_projection,top,-4,-2,s,-0.0014326047868273707,-0.0007056473562213004,-0.001432444042750585,-0.0007053419272068447,3.451456809711944e-07,0.0015966850565742468,0.00021616390755965277
E3,total_projection,top,-4,-2,p,5.354865835475049e-05,-0.0007944800521585338,4.269779575758947e-05,-0.0007856404769832252,1.3995688921321455e-05,0.0007867998861444926,0.01778811762404247
E3,total_projection,top,-4,-1,s,-5.177994465302384e-07,-1.3974049712775107e-06,-5.177994464850757e-07,-1.3974049712463033e-06,5.489599021240654e-17,1.490253978503038e-06,3.683666744345795e-11
E3,total_projection,top,-4,-1,p,4.017274841891262e-06,6.524270720600099e-06,4.01727484162057e-06,6.5242707202256945e-06,4.620097649890049e-16,7.661893080950156e-06,6.029968835478852e-11
E3,total_projection,top,-4,0,s,1.5507143340870124e-05,1.0904326127658764e-05,1.550714333699353e-05,1.0904326142491946e-05,1.5331381519843032e-14,1.895721031945091e-05,8.087361622038017e-10
E3,total_projection,top,-4,0,p,-2.5410720305516076e-15,6.986878583948942e-16,-2.5409806516704165e-15,6.981546320244027e-16,5.409995028788883e-19,1e-12,5.409995028788882e-07
E3,total_projection,top,-4,1,s,-5.177994504712774e-07,-1.3974049664658221e-06,-5.177994504232826e-07,-1.3974049664529633e-06,4.96875506287788e-17,1.490253975376701e-06,3.3341666219155006e-11
E3,total_projection,top,-4,1,p,-4.017274840709583e-06,-6.524270714260131e-06,-4.017274840407435e-06,-6.524270714038196e-06,3.7489814538028053e-16,7.661893075045296e-06,4.8930224124546956e-11
E3,total_projection,top,-4,2,s,-0.0013923049539498373,-0.0007180767901399963,-0.0013922984186020865,-0.0007180131064474842,6.401814947495501e-08,0.0015665368516164047,4.086603478807343e-05
E3,total_projection,top,-4,2,p,-0.00040446180726462586,0.000620822868123271,-0.00040123048429946813,0.0006231563371694395,3.9857904980796915e-06,0.00074115431732239,0.005377814585873804
E3,total_projection,top,-3,-2,s,0.008952228380275989,-0.0048527670273623294,0.008952509527708263,-0.004854375153997379,1.6325180406449868e-06,0.010183927777604,0.00016030337962874615
E3,total_projection,top,-3,-2,p,0.0038165121341614473,0.0029360873112045417,0.003800321121955819,0.002949661771056638,2.1128531338428888e-05,0.004810711505964218,0.004391976386909541
E3,total_projection,top,-3,-1,s,-1.2660828888927133e-07,-4.786573830328098e-06,-1.2660828884235256e-07,-4.786573830293362e-06,5.837797215913258e-17,4.7882479772514765e-06,1.2191927493413233e-11
E3,total_projection,top,-3,-1,p,-6.734425812051666e-07,-1.1305333594541284e-05,-6.734425810412848e-07,-1.1305333594416396e-05,2.0604488541570006e-16,1.1325373838907017e-05,1.8193208307866763e-11
E3,total_projection,top,-3,0,s,-6.004996398522717e-06,3.2067328091838333e-06,-6.004996399075874e-06,3.206732809592417e-06,6.8769436633095275e-16,6.807577914723465e-06,1.0101894902203084e-10
E3,total_projection,top,-3,0,p,2.0952073842582507e-15,-8.132575413148543e-16,2.0952511197305504e-15,-8.132814120139793e-16,4.9825714385243604e-20,1e-12,4.982571438524361e-08
E3,total_projection,top,-3,1,s,-1.2660828643722403e-07,-4.786573832328679e-06,-1.266082865244555e-07,-4.7865738323208976e-06,8.757787458606919e-17,4.788247979217015e-06,1.8290171053419444e-11
E3,total_projection,top,-3,1,p,6.734425822355038e-07,1.1305333594422742e-05,6.734425825428891e-07,1.1305333594387846e-05,3.093598198171061e-16,1.1325373838967809e-05,2.7315638690236918e-11
E3,total_projection,top,-3,2,s,0.00919708543180739,-0.004799063517902713,0.009196268928995015,-0.004805293899263701,6.283655683275928e-06,0.010376040269423594,0.000605592838897588
E3,total_projection,top,-3,2,p,-0.004329012569182496,-0.004196313697376854,-0.004223499492452708,-0.004221959204381179,0.00010858499615736505,0.005971841214081904,0.01818283378019431
E3,total_projection,top,-2,-2,s,-4.311038552035349,7.135975213386385,-4.2392021372521365,6.550779813843715,0.5895880987051986,7.802791226858846,0.075561178245512
E3,total_projection,top,-2,-2,p,7.919874303430829,6.930713686684022,4.561907434833389,6.917076720212622,3.3579945588777593,8.285948937647127,0.40526372828834906
E3,total_projection,top,-2,-1,s,-2.255466465611856e-06,-5.380507318498633e-06,-2.2554664656745055e-06,-5.380507318455326e-06,7.616067073544332e-17,5.834122725974624e-06,1.3054348410663617e-11
E3,total_projection,top,-2,-1,p,-1.891722742934166e-06,-4.426776039725328e-06,-1.891722743033232e-06,-4.426776039641792e-06,1.2958544809675605e-16,4.814037914438964e-06,2.691824418500829e-11
E3,total_projection,top,-2,0,s,-9.544328371194965e-06,4.016903564820755e-05,-9.544328370490018e-06,4.016903564742532e-05,1.0530117678716274e-15,4.128735434594795e-05,2.5504462190733053e-11
E3,total_projection,top,-2,0,p,-3.322606531245132e-15,9.966521030419768e-16,-3.3221047108041696e-15,9.956445422076114e-16,1.1256120956684092e-18,1e-12,1.1256120956684092e-06
E3,total_projection,top,-2,1,s,-2.2554664648786516e-06,-5.380507321289689e-06,-2.255466464983298e-06,-5.380507321279685e-06,1.0512350699213598e-16,5.834122728312162e-06,1.8018734244651154e-11
E3,total_projection,top,-2,1,p,1.891722740549849e-06,4.426776035177183e-06,1.8917227407224451e-06,4.42677603517724e-06,1.725961224544946e-16,4.814037909425513e-06,3.585267206071742e-11
E3,total_projection,top,-2,2,s,-2.919099113455736,0.02252008274944782,-2.9340885352227444,-0.05532345508640228,0.07927357155894195,2.9346100622072853,0.02701332370519981
E3,total_projection,top,-2,2,p,6.02820888820375,-0.4760461900642332,6.637293253307193,-0.6771786373440838,0.6414343498459101,6.671748843989285,0.0961418609790432
E3,total_projection,top,-1,-2,s,515913.0566167154,-1931163.7877798881,255990.48955716763,-2044514.72895949,283563.3557657383,2060478.4899813964,0.1376201484968176
E3,total_projection,top,-1,-2,p,-3079810.5644809306,-1585392.7144676365,-3266849.316312785,-828557.411750522,779604.4959630007,3370283.643858486,0.23131717634022833
E3,total_projection,top,-1,-1,s,4.025772315764956e-05,-3.1253680551053785e-05,4.0257723157778564e-05,-3.1253680551074506e-05,1.3065806749034113e-16,5.0965447332844565e-05,2.563659779870878e-12
E3,total_projection,top,-1,-1,p,1.2482313430090311e-05,-9.688127738533507e-06,1.2482313430312081e-05,-9.68812773856729e-06,2.2432833790268154e-16,1.5800885027470656e-05,1.4197200822148578e-11
E3,total_projection,top,-1,0,s,6.533500906607018e-05,3.597859048801533e-05,6.533500906563622e-05,3.5978590488298835e-05,5.183667536348245e-16,7.45863418001679e-05,6.949888426270258e-12
E3,total_projection,top,-1,0,p,2.5844548429220847e-15,-5.4525997686718765e-15,2.583679285594454e-15,-5.449628947090554e-15,3.070385975164893e-18,1e-12,3.0703859751648935e-06
E3,total_projection,top,-1,1,s,4.025772315503046e-05,-3.1253680562915024e-05,4.0257723155006876e-05,-3.125368056283005e-05,8.818753609440454e-17,5.096544733786409e-05,1.7303396850376864e-12
E3,total_projection,top,-1,1,p,-1.2482313426510958e-05,9.688127734988396e-06,-1.248231342645745e-05,9.688127734833374e-06,1.639977251731331e-16,1.580088502213618e-05,1.0379021487934452e-11
E3,total_projection,top,-1,2,s,86728.41180609283,1832910.884037567,294650.6795112431,1855551.2994381425,209151.27974067672,1878800.0552967356,0.11132173386467333
E3,total_projection,top,-1,2,p,-3215890.470639852,-4750823.758481533,-3289121.4011353743,-4254182.8302041525,502010.93695402535,5377396.316453767,0.09335576316329361
E3,total_projection,top,0,-2,s,-4244278877646.3564,-779356630945.9021,-6080345606660.223,3275339580859.7397,4451033857815.811,6906406595790.515,0.6444789770310853
E3,total_projection,top,0,-2,p,-5282349989063.211,2669235485015.965,101782798143.20703,8548477235502.99,7972099436844.782,8549083154579.25,0.9325092869841357
E3,total_projection,top,0,-1,s,-67461.14158699644,5480.366840473066,-67461.20440878202,5480.379731289976,0.06413072512039374,67683.44452140867,9.475097724984846e-07
E3,total_projection,top,0,-1,p,-26676.833878395977,-3139.4449225638105,-26676.844027257936,-3139.345036045916,0.1004007761729878,26860.928772289193,3.7377998737171463e-06
E3,total_projection,top,0,0,s,-0.2857895047500138,-1.0105909561064363,-0.28578950475001347,-1.010590956106436,6.546139416680338e-16,1.0502236531279316,6.233090825162485e-16
E3,total_projection,top,0,0,p,4.214226900760671e-14,-1.1561380460258363e-13,3.819779281295875e-14,-1.2956200783293864e-13,1.4495215272821263e-14,1e-12,0.014495215272821263
E3,total_projection,top,0,1,s,-67461.27266759958,5480.490542657045,-67461.27704888151,5480.561289107955,0.07088198605992348,67683.53162409314,1.0472560216507938e-06
E3,total_projection,top,0,1,p,26676.640332106545,3139.42858040212,26676.57228776902,3139.3969751496656,0.07502615445241793,26860.664965561537,2.7931607258647583e-06
E3,total_projection,top,0,2,s,571725848285.5938,-4570171816739.678,-2243262135948.8438,-1200281178423.2324,4390936149114.114,2544189442211.179,1.7258683949642952
E3,total_projection,top,0,2,p,-3268805153815.63,3935537694569.9585,-7049465426756.181,-3114394872667.751,7999683825126.453,7706777421590.03,1.0380063400709958
E3,total_projection,top,1,-2,s,0.0,0.0,-3.8451378805627716e+19,1.77007274685404e+19,4.232994548743734e+19,4.232994548743734e+19,1.0
E3,total_projection,top,1,-2,p,0.0,0.0,-2.3775325292677652e+19,7.810264835367092e+19,8.16412259378178e+19,8.16412259378178e+19,1.0
E3,total_projection,top,1,-1,s,-2153569533510131.8,2219310140884267.2,-2153569716740589.2,2219310064451926.0,198532877.25684187,3092442349832855.5,6.419937861333855e-08
E3,total_projection,top,1,-1,p,3730837949691170.5,5899832719206552.0,3730837873400541.0,5899832968153826.0,260374740.37803832,6980485677208618.0,3.7300375993631137e-08
E3,total_projection,top,1,0,s,379981480413039.06,-351348469611566.3,379981480281910.06,-351348469670280.44,143673.83468691184,517524562216016.56,2.7761742181222674e-10
E3,total_projection,top,1,0,p,48625.77534669437,-106473.27559146809,47582.600134458255,-107507.84790287727,1469.201957172123,117567.17737644269,0.012496701800263785
E3,total_projection,top,1,1,s,-2153565393101850.5,2219317814926677.0,-2153565319099783.2,2219318023545445.0,221355136.09186867,3092444999230061.0,7.1579328378348e-08
E3,total_projection,top,1,1,p,-3730838492635512.5,-5899834734680960.0,-3730838504017779.5,-5899834782820719.0,49467083.99781137,6980487547989956.0,7.086479799259224e-09
E3,total_projection,top,1,2,s,0.0,0.0,5.063827080803259e+19,1.237641365125145e+19,5.212878365446991e+19,5.212878365446991e+19,1.0
E3,total_projection,top,1,2,p,0.0,0.0,-8.93214293423538e+19,5.428460714263724e+19,1.045233768703995e+20,1.045233768703995e+20,1.0
E3,total_projection,top,2,-2,s,0.0,0.0,7.63460685383295e+25,1.9230975688122355e+26,2.069100402903992e+26,2.069100402903992e+26,1.0
E3,total_projection,top,2,-2,p,0.0,0.0,1.0305955657215755e+26,-6.749935202065955e+25,1.2319673179130466e+26,1.2319673179130466e+26,1.0
E3,total_projection,top,2,-1,s,0.0,0.0,6.497248225337938e+25,4.215176519456257e+25,7.744801326814804e+25,7.744801326814804e+25,1.0
E3,total_projection,top,2,-1,p,0.0,0.0,-1.8090444990312609e+25,-1.719421903789677e+26,1.7289124047291897e+26,1.7289124047291897e+26,1.0
E3,total_projection,top,2,0,s,0.0,0.0,5.002673830709673e+23,-2.3607578830957348e+23,5.531719736127821e+23,5.531719736127821e+23,1.0
E3,total_projection,top,2,0,p,0.0,0.0,54315126693520.445,283033454576561.25,288197969106785.25,288197969106785.25,1.0
E3,total_projection,top,2,1,s,0.0,0.0,6.4972484842531365e+25,4.2151763143005185e+25,7.744801432365442e+25,7.744801432365442e+25,1.0
E3,total_projection,top,2,1,p,0.0,0.0,1.8090449324249751e+25,1.7194218950439245e+26,1.7289124005662535e+26,1.7289124005662535e+26,1.0
E3,total_projection,top,2,2,s,0.0,0.0,1.931657357655209e+26,-5.206518693649478e+25,2.0005945407445057e+26,2.0005945407445057e+26,1.0
E3,total_projection,top,2,2,p,0.0,0.0,4.3063531843470396e+26,2.305834014451326e+26,4.884828374726855e+26,4.884828374726855e+26,1.0
E3,total_projection,top,3,-2,s,0.0,0.0,3.555863013733797e+32,-1.9021342192684013e+32,4.032651281793631e+32,4.032651281793631e+32,1.0
E3,total_projection,top,3,-2,p,0.0,0.0,-1.5262717044936652e+33,-3.0441017689668976e+33,3.405298943670789e+33,3.405298943670789e+33,1.0
E3,total_projection,top,3,-1,s,0.0,0.0,-1.72662124248913e+34,-2.5053637898597437e+33,1.744703239009463e+34,1.744703239009463e+34,1.0
E3,total_projection,top,3,-1,p,0.0,0.0,3.29746529748444e+34,6.544332610611627e+34,7.328135281668109e+34,7.328135281668109e+34,1.0
E3,total_projection,top,3,0,s,0.0,0.0,5.108632646427049e+31,-4.507873687220984e+31,6.8131529188826775e+31,6.8131529188826775e+31,1.0
E3,total_projection,top,3,0,p,0.0,0.0,-1.3584242338910702e+24,-6.080026209657335e+23,1.488282092321124e+24,1.488282092321124e+24,1.0
E3,total_projection,top,3,1,s,0.0,0.0,-1.726621294309353e+34,-2.5053640413138438e+33,1.7447032939034617e+34,1.7447032939034617e+34,1.0
E3,total_projection,top,3,1,p,0.0,0.0,-3.297465191929938e+34,-6.544332665115121e+34,7.32813528284531e+34,7.32813528284531e+34,1.0
E3,total_projection,top,3,2,s,0.0,0.0,1.0580294061202088e+33,6.761322765887437e+32,1.255619799007709e+33,1.255619799007709e+33,1.0
E3,total_projection,top,3,2,p,0.0,0.0,7.555108250410384e+32,-2.001854785865886e+33,2.139677356623737e+33,2.139677356623737e+33,1.0
E3,total_projection,top,4,-2,s,0.0,0.0,-3.091023957712987e+38,-2.817200962658045e+39,2.8341075411975766e+39,2.8341075411975766e+39,1.0
E3,total_projection,top,4,-2,p,0.0,0.0,-2.456200705235463e+40,4.4966198599602644e+39,2.4970217872595895e+40,2.4970217872595895e+40,1.0
E3,total_projection,top,4,-1,s,0.0,0.0,-2.996096925409961e+41,3.9944452418981305e+41,4.99321435319711e+41,4.99321435319711e+41,1.0
E3,total_projection,top,4,-1,p,0.0,0.0,2.3861948437610735e+42,2.014504279424748e+42,3.1228437879939745e+42,3.1228437879939745e+42,1.0
E3,total_projection,top,4,0,s,0.0,0.0,-1.2096778872755672e+41,8.806818457429348e+39,1.212879464785224e+41,1.212879464785224e+41,1.0
E3,total_projection,top,4,0,p,0.0,0.0,-4.0039234647812565e+31,2.956080393914245e+32,2.9830731346050596e+32,2.9830731346050596e+32,1.0
E3,total_projection,top,4,1,s,0.0,0.0,-2.9960967669419916e+41,3.994445421689762e+41,4.993214401939752e+41,4.993214401939752e+41,1.0
E3,total_projection,top,4,1,p,0.0,0.0,-2.3861948565921376e+42,-2.014504297860308e+42,3.1228438096908445e+42,3.1228438096908445e+42,1.0
E3,total_projection,top,4,2,s,0.0,0.0,-6.290500599664693e+39,1.9861331658717478e+39,6.596599332001118e+39,6.596599332001118e+39,1.0
E3,total_projection,top,4,2,p,0.0,0.0,-4.841755900656259e+40,-2.82293837725891e+40,5.604603579499702e+40,5.604603579499702e+40,1.0
E3,total_projection,top,5,-2,s,0.0,0.0,-9.628982895757795e+45,-2.4688900994618956e+46,2.6500172526398637e+46,2.6500172526398637e+46,1.0
E3,total_projection,top,5,-2,p,0.0,0.0,1.0547009102060795e+46,1.4362766882240564e+47,1.4401439737872594e+47,1.4401439737872594e+47,1.0
E3,total_projection,top,5,-1,s,0.0,0.0,3.112608659565982e+48,-7.055861751298392e+48,7.711907528040048e+48,7.711907528040048e+48,1.0
E3,total_projection,top,5,-1,p,0.0,0.0,-1.4852955905690856e+50,-2.0267135172979803e+50,2.5127018670272682e+50,2.5127018670272682e+50,1.0
E3,total_projection,top,5,0,s,0.0,0.0,2.2955590690801431e+49,1.469657844527509e+49,2.725708278524563e+49,2.725708278524563e+49,1.0
E3,total_projection,top,5,0,p,0.0,0.0,9.772190100392195e+39,3.578261174321469e+39,1.0406711891364135e+40,1.0406711891364135e+40,1.0
E3,total_projection,top,5,1,s,0.0,0.0,3.11260941917204e+48,-7.055862011026164e+48,7.711908072258167e+48,7.711908072258167e+48,1.0
E3,total_projection,top,5,1,p,0.0,0.0,1.4852955968346372e+50,2.0267135231191673e+50,2.512701875426225e+50,2.512701875426225e+50,1.0
E3,total_projection,top,5,2,s,0.0,0.0,1.2032975975922737e+46,2.7646909307960466e+45,1.2346498563558806e+46,1.2346498563558806e+46,1.0
E3,total_projection,top,5,2,p,0.0,0.0,-8.900642499159003e+46,4.5799770537927355e+44,8.900760333635366e+46,8.900760333635366e+46,1.0
E3,total_projection,top,6,-2,s,0.0,0.0,1.5344070497160282e+53,-1.266648281264581e+53,1.9896740593998715e+53,1.9896740593998715e+53,1.0
E3,total_projection,top,6,-2,p,0.0,0.0,3.841143277146346e+54,3.236690250983057e+53,3.8547559343458636e+54,3.8547559343458636e+54,1.0
E3,total_projection,top,6,-1,s,0.0,0.0,-3.684286262644668e+56,-5.139736169040367e+56,6.323832157201357e+56,6.323832157201357e+56,1.0
E3,total_projection,top,6,-1,p,0.0,0.0,-1.7358294801521283e+56,3.5074123269106654e+57,3.511705037557474e+57,3.511705037557474e+57,1.0
E3,total_projection,top,6,0,s,0.0,0.0,-1.3431130588632376e+58,-1.6177381240318293e+58,2.1026243903357978e+58,2.1026243903357978e+58,1.0
E3,total_projection,top,6,0,p,0.0,0.0,-1.1708381586150991e+49,1.1441552550454041e+49,1.6370562731064592e+49,1.6370562731064592e+49,1.0
E3,total_projection,top,6,1,s,0.0,0.0,-3.6842864139707523e+56,-5.13973594051842e+56,6.323832059631741e+56,6.323832059631741e+56,1.0
E3,total_projection,top,6,1,p,0.0,0.0,1.7358287690940829e+56,-3.5074123789997954e+57,3.5117050860681835e+57,3.5117050860681835e+57,1.0
E3,total_projection,top,6,2,s,0.0,0.0,1.3682360745510147e+52,-5.911021500940192e+52,6.067309547095814e+52,6.067309547095814e+52,1.0
E3,total_projection,top,6,2,p,0.0,0.0,2.293864650318567e+54,3.7622759530976355e+54,4.406419791762678e+54,4.406419791762678e+54,1.0
E3,total_projection,top,7,-2,s,0.0,0.0,-1.1657846546702111e+60,5.397864979683171e+60,5.522318371839362e+60,5.522318371839362e+60,1.0
E3,total_projection,top,7,-2,p,0.0,0.0,8.084564371551284e+60,1.4574048164959773e+61,1.6666225157255128e+61,1.6666225157255128e+61,1.0
E3,total_projection,top,7,-1,s,0.0,0.0,1.011624751696784e+65,1.2941438834405734e+64,1.0198689730333236e+65,1.0198689730333236e+65,1.0
E3,total_projection,top,7,-1,p,0.0,0.0,-2.1350674320368416e+65,-9.269580437979284e+65,9.512288601357331e+65,9.512288601357331e+65,1.0
E3,total_projection,top,7,0,s,0.0,0.0,2.196507409750399e+65,-1.712165845516139e+64,2.2031704246185604e+65,2.2031704246185604e+65,1.0
E3,total_projection,top,7,0,p,0.0,0.0,-7.39279366679482e+54,8.263733622812673e+55,8.296735946792731e+55,8.296735946792731e+55,1.0
E3,total_projection,top,7,1,s,0.0,0.0,1.0116247642248054e+65,1.2941440213544865e+64,1.0198689872101066e+65,1.0198689872101066e+65,1.0
E3,total_projection,top,7,1,p,0.0,0.0,2.135067363940953e+65,9.269580321407635e+65,9.512288472475667e+65,9.512288472475667e+65,1.0
E3,total_projection,top,7,2,s,0.0,0.0,5.407772463364799e+60,-4.674881529951818e+59,5.427941431953502e+60,5.427941431953502e+60,1.0
E3,total_projection,top,7,2,p,0.0,0.0,-5.307707144290417e+60,-3.0093186238454773e+61,3.055767682779362e+61,3.055767682779362e+61,1.0
E3,total_projection,top,8,-2,s,0.0,0.0,-2.607920499815192e+68,-6.204931211761658e+67,2.680720247766123e+68,2.680720247766123e+68,1.0
E3,total_projection,top,8,-2,p,0.0,0.0,4.330583920503686e+68,-1.376655547263471e+69,1.4431632155569021e+69,1.4431632155569021e+69,1.0
E3,total_projection,top,8,-1,s,0.0,0.0,-2.7603001915186613e+72,-1.8531359505255042e+73,1.873580909009014e+73,1.873580909009014e+73,1.0
E3,total_projection,top,8,-1,p,0.0,0.0,1.174509960615955e+73,5.139846397654484e+73,5.2723329408401236e+73,5.2723329408401236e+73,1.0
E3,total_projection,top,8,0,s,0.0,0.0,1.3617487297056967e+71,-2.563651760648858e+72,2.5672658502590924e+72,2.5672658502590924e+72,1.0
E3,total_projection,top,8,0,p,0.0,0.0,4.459967839669481e+62,3.0341909657469945e+63,3.06679440913954e+63,3.06679440913954e+63,1.0
E3,total_projection,top,8,1,s,0.0,0.0,-2.760300203621798e+72,-1.8531359483431376e+73,1.8735809070287743e+73,1.8735809070287743e+73,1.0
E3,total_projection,top,8,1,p,0.0,0.0,-1.1745099573917159e+73,-5.1398463940251635e+73,5.272332936583744e+73,5.272332936583744e+73,1.0
E3,total_projection,top,8,2,s,0.0,0.0,-2.150429202294842e+68,-1.5091304651535958e+68,2.627131613554437e+68,2.627131613554437e+68,1.0
E3,total_projection,top,8,2,p,0.0,0.0,-2.2771355573472837e+68,1.3352859319020997e+69,1.354563392167754e+69,1.354563392167754e+69,1.0
E3,total_projection,bottom,-8,-2,s,-2.7268934438241954e-14,7.437771623955864e-14,7.410942615392032e-15,8.280384975464168e-14,3.568884417390362e-14,1e-12,0.035688844173903625
E3,total_projection,bottom,-8,-2,p,-8.123649855482679e-13,8.422805741035621e-13,-7.996404025610421e-13,7.885507028525411e-13,5.521606719832637e-14,1.1230480775003455e-12,0.049166254147574
E3,total_projection,bottom,-8,-1,s,-2.345706792096501e-07,-1.2394581005391564e-06,-2.3457232660130287e-07,-1.239466610225061e-06,8.66767866580697e-12,1.2614680551920257e-06,6.871104369335409e-06
E3,total_projection,bottom,-8,-1,p,3.3505334540242317e-07,-1.1559349004050744e-06,3.3504581417027626e-07,-1.1559325068550293e-06,7.902438830469206e-12,1.2035097249283762e-06,6.566161175755767e-06
E3,total_projection,bottom,-8,0,s,3.8110802444720796e-06,8.57685961960317e-06,3.822111905569436e-06,8.57555410393034e-06,1.1108641579370973e-08,9.388752185894146e-06,0.0011831861529012155
E3,total_projection,bottom,-8,0,p,-4.001833140796633e-16,1.7653926481366136e-14,-3.989825747370496e-16,1.7663943040515887e-14,1.00882720110729e-17,1e-12,1.00882720110729e-05
E3,total_projection,bottom,-8,1,s,-2.3457070110614312e-07,-1.239458095663812e-06,-2.3457234795174814e-07,-1.2394666046102865e-06,8.666848940213004e-12,1.2614680536453345e-06,6.8704466317382576e-06
E3,total_projection,bottom,-8,1,p,-3.350532027669037e-07,1.1559347877341784e-06,-3.350456722398753e-07,1.1559323948684658e-06,7.90155957031898e-12,1.2035095778567852e-06,6.565431398053442e-06
E3,total_projection,bottom,-8,2,s,-1.0738948316192607e-14,-8.782831001106572e-14,1.0307118641274318e-14,-9.672426980790985e-14,2.2848961356815507e-14,1e-12,0.022848961356815505
E3,total_projection,bottom,-8,2,p,1.268413683636403e-13,-4.2432859835734453e-13,1.418222691779486e-13,-3.91775861470518e-13,3.5834453644936455e-14,1e-12,0.035834453644936454
E3,total_projection,bottom,-7,-2,s,3.188189149007298e-14,8.780915006283286e-15,4.145961221046783e-14,1.2286141668008074e-14,1.0198987604068709e-14,1e-12,0.010198987604068708
E3,total_projection,bottom,-7,-2,p,-1.1087008934305889e-13,-1.5112208516275618e-13,-1.02632375678275e-13,-1.7192618226759727e-13,2.237566496823333e-14,1e-12,0.022375664968233334
E3,total_projection,bottom,-7,-1,s,-7.510146545497413e-10,6.715516356869462e-08,-7.511006165503671e-10,6.715525616947669e-08,1.2635018952703729e-13,6.715945639538947e-08,1.8813462214937058e-06
E3,total_projection,bottom,-7,-1,p,-7.3062638300138125e-09,2.2657814363138164e-07,-7.306218964124897e-09,2.265779659522462e-07,1.832561681320974e-13,2.2669573328717277e-07,8.08379432090823e-07
E3,total_projection,bottom,-7,0,s,-7.905527230079557e-08,1.6531779541060364e-06,-7.89709706997153e-08,1.6532852961671356e-06,1.36488380552097e-10,1.655170288742433e-06,8.246183578838785e-05
E3,total_projection,bottom,-7,0,p,-8.402630839982884e-15,-4.160668247860043e-15,-8.40319305291459e-15,-4.161377203229136e-15,9.04821029786172e-19,1e-12,9.048210297861721e-07
E3,total_projection,bottom,-7,1,s,-7.510156527577002e-10,6.715515227203033e-08,-7.51101790588906e-10,6.715524461498727e-08,1.2628122450483975e-13,6.715944485475295e-08,1.8803196598475556e-06
E3,total_projection,bottom,-7,1,p,7.306289073747049e-09,-2.2657814721843734e-07,7.306244837495782e-09,-2.2657796993186838e-07,1.8272212087451522e-13,2.2669573809860671e-07,8.06023626236131e-07
E3,total_projection,bottom,-7,2,s,3.0798118850128346e-14,1.2957048757850564e-14,3.6395365296715e-14,1.1668722980222278e-14,5.743600882123378e-15,1e-12,0.005743600882123378
E3,total_projection,bottom,-7,2,p,-1.5473502386993442e-13,7.186881300398717e-14,-1.524020252321878e-13,8.293644925947918e-14,1.131085562314402e-14,1e-12,0.01131085562314402
E3,total_projection,bottom,-6,-2,s,-3.7408581473291664e-14,5.3695319693993564e-14,-3.8308978825446006e-14,5.6016551521725277e-14,2.4897454869607184e-15,1e-12,0.0024897454869607185
E3,total_projection,bottom,-6,-2,p,-1.1141434406072458e-13,-1.9120324650269568e-13,-1.0383622268478784e-13,-1.879581318616787e-13,8.243706243054286e-15,1e-12,0.008243706243054287
E3,total_projection,bottom,-6,-1,s,-1.5882295303864127e-08,-2.6512751575089407e-08,-1.5882296801349107e-08,-2.6512753944334227e-08,2.8028168472649512e-15,3.090588088695992e-08,9.068878695017364e-08
E3,total_projection,bottom,-6,-1,p,-3.01792472649144e-08,-3.375185384676847e-08,-3.017924757576368e-08,-3.375185709974761e-08,3.267797513519883e-15,4.527664786532922e-08,7.217401613387136e-08
E3,total_projection,bottom,-6,0,s,4.149531820897793e-05,1.3030435138044484e-05,4.149521960430458e-05,1.3030506121401824e-05,1.2149699019075253e-10,4.349307231950111e-05,2.7934791384299746e-06
E3,total_projection,bottom,-6,0,p,-7.933750806302544e-14,7.248221338343191e-14,-7.933745544888545e-14,7.248216141846416e-14,7.395002096291649e-20,1e-12,7.39500209629165e-08
E3,total_projection,bottom,-6,1,s,-1.5882300865417204e-08,-2.6512748252145416e-08,-1.588230237326831e-08,-2.6512750570079038e-08,2.7652181161954196e-15,3.09058808557069e-08,8.947223116227118e-08
E3,total_projection,bottom,-6,1,p,3.0179252318486105e-08,3.3751855154870955e-08,3.0179252597936243e-08,3.375185836354303e-08,3.2208180475282796e-15,4.527665215497621e-08,7.11364002025554e-08
E3,total_projection,bottom,-6,2,s,1.6788211237846833e-14,-1.3574023052004971e-14,1.629518966635139e-14,-1.3970138550422441e-14,6.324379479809516e-16,1e-12,0.0006324379479809516
E3,total_projection,bottom,-6,2,p,-4.272372950454279e-15,2.756629002553908e-14,-3.3808834711437446e-15,2.5960345466972727e-14,1.8367937872581788e-15,1e-12,0.001836793787258179
E3,total_projection,bottom,-5,-2,s,-3.320649111502497e-14,-4.080782028600382e-14,-3.33582609982713e-14,-4.086258582156892e-14,1.6134857094606692e-16,1e-12,0.00016134857094606691
E3,total_projection,bottom,-5,-2,p,-1.517764090847546e-14,5.166474975859312e-15,-1.5519516495391385e-14,6.163455026821986e-15,1.0539678073578171e-15,1e-12,0.0010539678073578172
E3,total_projection,bottom,-5,-1,s,-3.8398765975293756e-07,6.15715832623873e-07,-3.839876587222111e-07,6.157158323411805e-07,1.068790035442528e-15,7.256393789249298e-07,1.4728942040411212e-09
E3,total_projection,bottom,-5,-1,p,-1.0463062902881312e-06,7.1770826875839e-07,-1.0463062883969707e-06,7.177082682493991e-07,1.958458601234442e-15,1.268803376198454e-06,1.54354775371288e-09
E3,total_projection,bottom,-5,0,s,-1.3102816388849034e-05,2.3960536387237843e-05,-1.3102816059277068e-05,2.3960535082565317e-05,1.345655261164725e-12,2.7309174834221782e-05,4.927484148947818e-08
E3,total_projection,bottom,-5,0,p,5.241205254353067e-16,-1.6777326286550555e-15,5.242461576183218e-16,-1.6782555826815506e-15,5.378330217052027e-19,1e-12,5.378330217052027e-07
E3,total_projection,bottom,-5,1,s,-3.839876622975852e-07,6.15715835973931e-07,-3.839876613584344e-07,6.157158356857433e-07,9.823728218880233e-16,7.256393831578554e-07,1.3538030662185244e-09
E3,total_projection,bottom,-5,1,p,1.0463062913982974e-06,-7.177082667754682e-07,1.0463062897079225e-06,-7.177082662834026e-07,1.7605386131677178e-15,1.2688033761674368e-06,1.3875582665027441e-09
E3,total_projection,bottom,-5,2,s,-4.670800300598356e-15,7.185972406911035e-15,-4.876118411819595e-15,6.971015116612049e-15,2.9725773908872434e-16,1e-12,0.00029725773908872435
E3,total_projection,bottom,-5,2,p,-2.211073282469531e-15,-1.1314993744291089e-14,-5.466444094953492e-16,-1.2680386024662682e-14,2.1528166555674087e-15,1e-12,0.0021528166555674086
E3,total_projection,bottom,-4,-2,s,-1.0882195062789213e-13,-7.67074713535153e-14,-1.0882378163962024e-13,-7.667279436322053e-14,3.4725297116823266e-17,1e-12,3.472529711682327e-05
E3,total_projection,bottom,-4,-2,p,-4.0208706255965257e-14,4.7255983762643747e-14,-3.900618128422082e-14,4.7394411147586063e-14,1.2104662112471094e-15,1e-12,0.0012104662112471093
E3,total_projection,bottom,-4,-1,s,9.141953144324032e-07,1.135487787754805e-06,9.14195314404604e-07,1.1354877877617994e-06,2.8665598477679906e-17,1.4577673302127187e-06,1.9664042322513152e-11
E3,total_projection,bottom,-4,-1,p,5.665842873262161e-06,4.777704939007494e-06,5.665842873092027e-06,4.777704938947249e-06,1.8048584521054311e-16,7.411358846136695e-06,2.435259835038545e-11
E3,total_projection,bottom,-4,0,s,2.0437976401326996e-05,-4.950541084394573e-06,2.043797640141788e-05,-4.950541063364812e-06,2.102995740362708e-14,2.1028997508321107e-05,1.0000456462703747e-09
E3,total_projection,bottom,-4,0,p,-2.060824954468792e-15,-9.668347421146522e-16,-2.0607970114830376e-15,-9.661367194721875e-16,6.985817202348835e-19,1e-12,6.985817202348834e-07
E3,total_projection,bottom,-4,1,s,9.141953123459753e-07,1.1354877949820176e-06,9.141953123117214e-07,1.1354877949614958e-06,3.9930880225607616e-17,1.4577673345082354e-06,2.739180614105195e-11
E3,total_projection,bottom,-4,1,p,-5.6658428777767525e-06,-4.777704938209279e-06,-5.665842877525649e-06,-4.777704937969342e-06,3.4730740303117855e-16,7.411358848895712e-06,4.686150139429926e-11
E3,total_projection,bottom,-4,2,s,-1.2416326734001121e-13,-2.1973168663976554e-14,-1.241518984114555e-13,-2.200866223851341e-14,3.726991239470043e-17,1e-12,3.7269912394700426e-05
E3,total_projection,bottom,-4,2,p,4.678505004343275e-14,-6.438911156685126e-14,4.799226222439334e-14,-6.390110565945335e-14,1.3021178961656614e-15,1e-12,0.0013021178961656614
E3,total_projection,bottom,-3,-2,s,8.594680549405965e-14,-1.2266342977210408e-14,8.598772622760537e-14,-1.2301802159161948e-14,5.414665288448044e-17,1e-12,5.4146652884480446e-05
E3,total_projection,bottom,-3,-2,p,-2.906103838629168e-14,-4.702957596957675e-14,-2.837415037731362e-14,-4.630626066339782e-14,9.974969518903617e-16,1e-12,0.0009974969518903617
E3,total_projection,bottom,-3,-1,s,4.503556667553785e-06,1.0609423353078734e-06,4.503556667561913e-06,1.0609423353827075e-06,7.527412087731476e-17,4.626837072660834e-06,1.6269023459264706e-11
E3,total_projection,bottom,-3,-1,p,-1.0710897166085856e-05,-2.1575825685116064e-06,-1.0710897166094253e-05,-2.1575825687784997e-06,2.670252627594054e-16,1.0926045974813703e-05,2.4439331792575434e-11
E3,total_projection,bottom,-3,0,s,6.169450977857433e-06,7.526484172606765e-06,6.169450978046028e-06,7.526484171884429e-06,7.465506574414644e-16,9.73191087917167e-06,7.671162084305964e-11
E3,total_projection,bottom,-3,0,p,5.611692406069864e-16,2.7777940666672636e-15,5.611667870258494e-16,2.777857153582847e-15,6.313460998737175e-20,1e-12,6.313460998737175e-08
E3,total_projection,bottom,-3,1,s,4.503556668659504e-06,1.0609423383197208e-06,4.503556668697817e-06,1.0609423383027623e-06,4.1898117305381045e-17,4.6268370744360466e-06,9.055455515577649e-12
E3,total_projection,bottom,-3,1,p,1.071089716481777e-05,2.157582571645344e-06,1.0710897164959995e-05,2.157582571575617e-06,1.583978217917786e-16,1.0926045974254131e-05,1.4497268468851713e-11
E3,total_projection,bottom,-3,2,s,8.240866466041532e-14,-4.188033195613654e-14,8.241956707631448e-14,-4.195986112175143e-14,8.027297712081029e-17,1e-12,8.02729771208103e-05
E3,total_projection,bottom,-3,2,p,3.058803787132082e-14,3.893837675284368e-14,2.928529100222778e-14,3.8855754886663425e-14,1.305364231815328e-15,1e-12,0.001305364231815328
E3,total_projection,bottom,-2,-2,s,6.102821560833532e-14,1.2122294289336795e-14,6.164969540507573e-14,1.3558869034119526e-14,1.5652425163865413e-15,1e-12,0.0015652425163865413
E3,total_projection,bottom,-2,-2,p,-8.372526360951976e-15,3.720520223165924e-14,-1.6167983236291394e-14,4.044899643976313e-14,8.44342044196574e-15,1e-12,0.00844342044196574
E3,total_projection,bottom,-2,-1,s,2.980466850415531e-06,2.8294708341803e-07,2.9804668503125216e-06,2.8294708328082513e-07,1.7156961378786852e-16,2.993867348054848e-06,5.730701926367558e-11
E3,total_projection,bottom,-2,-1,p,-2.450066400895408e-06,-2.25821751888935e-07,-2.4500664007263665e-06,-2.2582175163834644e-07,3.022742309004835e-16,2.460451347107124e-06,1.228531632035246e-10
E3,total_projection,bottom,-2,0,s,4.1641692072418074e-05,3.9398385190969986e-05,4.164169207300303e-05,3.939838519094672e-05,5.8541790277818375e-16,5.732593893131637e-05,1.0212094449592662e-11
E3,total_projection,bottom,-2,0,p,1.6527949344558e-15,-2.1021989717143998e-15,1.6521359398357838e-15,-2.1009003908373354e-15,1.456223267046395e-18,1e-12,1.4562232670463951e-06
E3,total_projection,bottom,-2,1,s,2.980466848311963e-06,2.829470758425423e-07,2.980466848296563e-06,2.829470758785929e-07,3.9202256413392835e-17,2.9938673453483362e-06,1.309418617838983e-11
E3,total_projection,bottom,-2,1,p,2.4500663990910063e-06,2.258217562256469e-07,2.45006639905558e-06,2.2582175629755636e-07,8.016229810948826e-17,2.460451345871015e-06,3.2580322404672586e-11
E3,total_projection,bottom,-2,2,s,1.0348108983498664e-14,9.592312215453817e-15,1.0378673746285077e-14,9.811725799102232e-15,2.2153222206629368e-16,1e-12,0.0002215322220662937
E3,total_projection,bottom,-2,2,p,2.198493331065235e-14,-2.3168182938708944e-14,2.335300896375395e-14,-2.3017534291667062e-14,1.3763451629096946e-15,1e-12,0.0013763451629096946
E3,total_projection,bottom,-1,-2,s,-3.288612867216662e-14,4.472909256496327e-14,-3.566940861484692e-14,4.235041210538275e-14,3.661252240438597e-15,1e-12,0.0036612522404385972
E3,total_projection,bottom,-1,-2,p,-7.463969658572161e-14,-1.2682573111894378e-13,-6.84248522824128e-14,-1.3429173746459715e-13,9.714192733712176e-15,1e-12,0.009714192733712176
E3,total_projection,bottom,-1,-1,s,-3.0087377429615737e-05,-3.2251584199141563e-05,-3.008737742966147e-05,-3.225158419921462e-05,8.618675831825939e-17,4.4106858468427924e-05,1.9540443665910286e-12
E3,total_projection,bottom,-1,-1,p,9.329453427023763e-06,9.994406397821362e-06,9.329453427120315e-06,9.9944063979552e-06,1.6503007507957965e-16,1.3672119824529583e-05,1.2070555056392496e-11
E3,total_projection,bottom,-1,0,s,-2.350866066929308e-05,-5.982065002427223e-07,-2.35086606691296e-05,-5.982065004806241e-07,2.886576707601052e-16,2.3516270483932994e-05,1.2274806541170063e-11
E3,total_projection,bottom,-1,0,p,-3.5920606841711795e-15,4.8504641556138525e-15,-3.588157070605404e-15,4.849836361835852e-15,3.9537733747141506e-18,1e-12,3.953773374714151e-06
E3,total_projection,bottom,-1,1,s,-3.0087377424553635e-05,-3.225158419156463e-05,-3.0087377424585073e-05,-3.225158419156357e-05,3.145737101125191e-17,4.4106858459370526e-05,7.132081519754843e-13
E3,total_projection,bottom,-1,1,p,-9.329453426998883e-06,-9.99440639890903e-06,-9.329453427064524e-06,-9.994406398903223e-06,6.589811594944174e-17,1.3672119825184523e-05,4.819890170071148e-12
E3,total_projection,bottom,-1,2,s,-3.477532694348955e-14,-5.077603865640095e-14,-3.430203004750189e-14,-4.865937632877751e-14,2.1689327700350237e-15,1e-12,0.0021689327700350237
E3,total_projection,bottom,-1,2,p,-3.106937036823913e-14,1.9377379291687063e-14,-2.511737031374503e-14,1.822259203367957e-14,6.0629892181954464e-15,1e-12,0.0060629892181954465
E3,total_projection,bottom,0,-2,s,9.773715629630951e-14,-6.645379010866782e-14,4.118817561829034e-14,-5.153817313443788e-14,5.848301330681348e-14,1e-12,0.05848301330681348
E3,total_projection,bottom,0,-2,p,3.80377031077393e-14,3.4389282720518315e-14,3.342888824483067e-14,-7.161797889485989e-14,1.0610740167222928e-13,1e-12,0.10610740167222929
E3,total_projection,bottom,0,-1,s,-4.967644842042024e-09,3.728703646505423e-11,-4.967650804386203e-09,3.72861692519731e-11,6.025081462880638e-15,4.967790733589367e-09,1.2128291600816586e-06
E3,total_projection,bottom,0,-1,p,1.868201247135116e-09,4.6066994927136163e-10,1.8682060756936258e-09,4.606628692612133e-10,8.569802855557442e-15,1.924163252007103e-09,4.453781583562748e-06
E3,total_projection,bottom,0,0,s,1.3356855438573645,-0.21784599214382983,1.3356855438573656,-0.2178459921438299,1.0054238815234367e-15,1.3533339382290965,7.429237183241581e-16
E3,total_projection,bottom,0,0,p,1.0267043448244957e-13,-2.0813724607779914e-14,6.603922718264068e-14,-1.2656769823575478e-14,3.7528406035870056e-14,1e-12,0.03752840603587006
E3,total_projection,bottom,0,1,s,-4.9676180143302325e-09,3.7282386363095473e-11,-4.967622850010051e-09,3.728564429955474e-11,5.830776044154464e-15,4.967762776060549e-09,1.17372272127259e-06
E3,total_projection,bottom,0,1,p,-1.8682058516854194e-09,-4.606722509316891e-10,-1.868205375995802e-09,-4.606648767652096e-10,7.389493343895369e-15,1.924163053274e-09,3.8403675464623465e-06
E3,total_projection,bottom,0,2,s,-6.854013676274546e-14,3.622558382534729e-14,-1.0784074501755057e-13,3.4646810995058534e-14,3.933230647759312e-14,1e-12,0.03933230647759312
E3,total_projection,bottom,0,2,p,1.1757136425486963e-14,-2.896463877547629e-14,-1.9812822540597325e-14,4.6288942965457736e-14,8.160737634527706e-14,1e-12,0.08160737634527705
E3,total_projection,bottom,1,-2,s,4.668868996049968e-13,5.686027674832884e-13,4.608332901839424e-13,5.419833185939766e-13,2.7299107058535134e-14,1e-12,0.027299107058535135
E3,total_projection,bottom,1,-2,p,-1.5152471471035083e-12,1.4773438997778124e-12,-1.4759468439887228e-12,1.4699238982249123e-12,3.9994627738723495e-14,2.083049532021021e-12,0.019200036832499046
E3,total_projection,bottom,1,-1,s,-1.7195924008121914e-08,3.576858453568508e-08,-1.7195925613902034e-08,3.576858981353562e-08,5.516723317622076e-15,3.9687427164882034e-08,1.390043072004331e-07
E3,total_projection,bottom,1,-1,p,-5.8930358792350334e-08,-2.6085052881736905e-08,-5.893036320886525e-08,-2.6085054754333783e-08,4.797105692051956e-15,6.444546368415212e-08,7.443666967100462e-08
E3,total_projection,bottom,1,0,s,6.466115718268729e-05,-1.3723165310444052e-05,6.466115716759267e-05,-1.372316531450407e-05,1.5631101468551498e-14,6.61013654359827e-05,2.364716880726129e-10
E3,total_projection,bottom,1,0,p,-3.9921987218732913e-14,3.414063748843709e-14,-3.989823447151417e-14,3.433549669503415e-14,1.9630156238826216e-16,1e-12,0.00019630156238826217
E3,total_projection,bottom,1,1,s,-1.7195927447319443e-08,3.576861570905168e-08,-1.7195920148146044e-08,3.57686195127594e-08,8.230803408761634e-15,3.968745156330861e-08,2.0739057522078546e-07
E3,total_projection,bottom,1,1,p,5.893050202650603e-08,2.608479410077073e-08,5.893050435713775e-08,2.6084788362093648e-08,6.193888833387237e-15,6.444548492859564e-08,9.611051635735145e-08
E3,total_projection,bottom,1,2,s,1.6756494304573807e-13,1.0215596133941545e-13,1.3405143731047945e-13,1.3658298381386854e-13,4.8045550711004557e-14,1e-12,0.04804555071100456
E3,total_projection,bottom,1,2,p,2.821568749344041e-13,-7.201281296731369e-13,3.37594715116756e-13,-6.74187165036176e-13,7.199948858053428e-14,1e-12,0.07199948858053427
E3,total_projection,bottom,2,-2,s,-5.744955048084321e-13,8.453635625232627e-13,-5.731435887386681e-13,9.148116982597679e-13,6.946129306553196e-14,1.079524903179709e-12,0.06434431745014474
E3,total_projection,bottom,2,-2,p,-7.2659981083921396e-12,-4.086899470612045e-13,-7.346807181949744e-12,-4.2410267162662055e-13,8.226577932389374e-14,7.35903790211935e-12,0.011178876969800872
E3,total_projection,bottom,2,-1,s,1.7069121992682465e-06,1.310639111728821e-06,1.7069121903910498e-06,1.3106391036103131e-06,1.2029745913026713e-14,2.152051134526784e-06,5.58989780494781e-09
E3,total_projection,bottom,2,-1,p,2.8932260708379886e-07,4.860591240793763e-06,2.8932260997161274e-07,4.860591234752267e-06,6.696203838534287e-15,4.869194463562875e-06,1.3752179931697692e-09
E3,total_projection,bottom,2,0,s,1.5132150490024793e-05,3.2434703348900806e-08,1.5132150420415539e-05,3.243482424477469e-08,1.3950362192174697e-13,1.5132185181390887e-05,9.219000445045068e-09
E3,total_projection,bottom,2,0,p,1.2595419528983736e-13,6.108180627277796e-13,1.2589382551507563e-13,6.103223522542968e-13,4.993729900839141e-16,1e-12,0.0004993729900839141
E3,total_projection,bottom,2,1,s,1.7069119435840503e-06,1.3106391424276209e-06,1.7069119894998078e-06,1.3106390799310031e-06,7.75505255486169e-14,2.15205096076756e-06,3.6035636219765625e-08
E3,total_projection,bottom,2,1,p,-2.8932143397627065e-07,-4.860590880586585e-06,-2.893214685818807e-07,-4.86059090816556e-06,4.425096718713461e-14,4.869194069733109e-06,9.087944853584384e-09
E3,total_projection,bottom,2,2,s,-1.986459364097159e-13,-2.2372796018778713e-12,-2.92361352651145e-13,-2.2720461679537532e-12,9.995645731023574e-14,2.2907791141525065e-12,0.0436342625496721
E3,total_projection,bottom,2,2,p,-7.335734428635358e-12,-2.7862305227953216e-12,-7.37793357629956e-12,-2.6984283014024618e-12,9.74166215032421e-14,7.855916188077505e-12,0.012400415072030171
E3,total_projection,bottom,3,-2,s,-1.2257795338125912e-12,-7.300941199672187e-12,-1.1645184662168716e-12,-7.2512787330043625e-12,7.88624054825877e-14,7.344191345674584e-12,0.010738065196113701
E3,total_projection,bottom,3,-2,p,2.971044042420716e-11,9.713310775874091e-13,2.9653186509845895e-11,9.888775004270232e-13,5.988228172133351e-14,2.966967052224472e-11,0.0020182995182382287
E3,total_projection,bottom,3,-1,s,-1.1867921482996373e-05,-1.9837118112298842e-06,-1.1867921621396998e-05,-1.9837116270656193e-06,2.3037189332412885e-13,1.2032567283459407e-05,1.9145697497225718e-08
E3,total_projection,bottom,3,-1,p,-2.2461262134774022e-05,-4.5579979563918226e-05,-2.2461262205931877e-05,-4.557997962336945e-05,9.272480169324908e-14,5.081380562751031e-05,1.8247954576157232e-09
E3,total_projection,bottom,3,0,s,1.105538321570819e-05,-5.331277931329113e-06,1.105538255806355e-05,-5.331277878619747e-06,6.597535521682601e-13,1.2273712043395675e-05,5.37533836410367e-08
E3,total_projection,bottom,3,0,p,-1.063459215387722e-12,4.871212982261285e-12,-1.0634728374198816e-12,4.8711004407530396e-12,1.133629165042897e-16,4.9858393455700465e-12,2.273697739679748e-05
E3,total_projection,bottom,3,1,s,-1.186792125857665e-05,-1.983711416618117e-06,-1.1867921135458936e-05,-1.98371113656834e-06,3.0591804286928616e-13,1.2032566723306304e-05,2.5424171741906297e-08
E3,total_projection,bottom,3,1,p,2.2461273925546902e-05,4.55799731186535e-05,2.246127406127508e-05,4.557997307350017e-05,1.4304181537992334e-13,5.081380499270557e-05,2.8150187808304716e-09
E3,total_projection,bottom,3,2,s,1.2953554044322385e-14,-2.7776030669188533e-12,-3.6566105828167724e-13,-1.8367539039061218e-12,1.0141726540429517e-12,1.872798150644659e-12,0.541528009141749
E3,total_projection,bottom,3,2,p,-1.168768650342816e-11,-6.588821038518354e-12,-1.0829929331898841e-11,-6.240257600929931e-12,9.258746326222765e-13,1.2499127339934043e-11,0.07407514200324662
E3,total_projection,bottom,4,-2,s,-1.0291432721712343e-11,-1.1337645557383034e-11,-1.0740812237770715e-11,-1.0306164519167331e-11,1.1251200298863239e-12,1.4885633161649147e-11,0.0755842910857864
E3,total_projection,bottom,4,-2,p,-1.7119335346128715e-11,-6.074582614179845e-11,-1.788939519656116e-11,-6.124008093489046e-11,9.150300398033175e-13,6.379951389635095e-11,0.014342272909631889
E3,total_projection,bottom,4,-1,s,-6.61416694207169e-06,1.0047324887349835e-05,-6.614166626252927e-06,1.0047324988025344e-05,3.314770716496176e-13,1.202896253110951e-05,2.7556580278003686e-08
E3,total_projection,bottom,4,-1,p,-4.3470338528118456e-05,-4.715115372187343e-05,-4.34703385921351e-05,-4.715115374989499e-05,6.988088415609932e-14,6.413190810556869e-05,1.0896429908348766e-09
E3,total_projection,bottom,4,0,s,-0.0006085103405703853,-0.00013118814913254577,-0.0006085104386811897,-0.00013118813376615982,9.930687674227871e-11,0.0006224911890340472,1.5953137729769075e-07
E3,total_projection,bottom,4,0,p,2.3402931161205727e-11,-1.1534096189731534e-11,2.340354518745486e-11,-1.152900546516966e-11,5.1276217488707535e-15,2.6089152810261078e-11,0.0001965422866032667
E3,total_projection,bottom,4,1,s,-6.614168655661308e-06,1.0047320594814035e-05,-6.6141671519936485e-06,1.0047321081377773e-05,1.580430542837514e-12,1.2028959557119227e-05,1.3138547314361457e-07
E3,total_projection,bottom,4,1,p,4.347034220042952e-05,4.715117580078801e-05,4.347034235043653e-05,4.715117531278553e-05,5.10537485630471e-13,6.413192650654736e-05,7.960738331762872e-09
E3,total_projection,bottom,4,2,s,-1.0102835160052708e-11,-5.646394460761256e-12,-1.1476598032772617e-11,-5.913380379739507e-12,1.399466295198395e-12,1.291047520122046e-11,0.10839773698384858
E3,total_projection,bottom,4,2,p,1.8498279983431634e-11,1.2417412843867747e-11,1.818549335583926e-11,1.3636065769437603e-11,1.2581535786224908e-12,2.273003427766227e-11,0.05535203173269868
E3,total_projection,bottom,5,-2,s,2.4216417989503435e-11,-6.6862892310700365e-12,2.4643608548175875e-11,-9.994945808147184e-12,3.3361205191741415e-12,2.659335225170994e-11,0.125449416365311
E3,total_projection,bottom,5,-2,p,-4.519679374293196e-11,1.0393972023818247e-10,-4.329128533454693e-11,1.0409087465846866e-10,1.9114941677122883e-12,1.12734402792946e-10,0.01695573064083233
E3,total_projection,bottom,5,-1,s,2.6810285855361638e-05,-2.659028056686699e-05,2.681021815605057e-05,-2.6590246224716927e-05,7.591165911874282e-11,3.776015084538323e-05,2.0103642972608567e-06
E3,total_projection,bottom,5,-1,p,0.00045375999834715747,0.0005878090800706216,0.00045376000162454755,0.0005878090939962147,1.4306062712751301e-11,0.0007425750265521729,1.9265477832152984e-08
E3,total_projection,bottom,5,0,s,0.0044659185102738225,0.0019569599058874006,0.004465943804739468,0.001956956362356417,2.554146832310938e-08,0.004875892971677915,5.238316031846763e-06
E3,total_projection,bottom,5,0,p,-8.950435584337092e-11,3.127104396074485e-11,-8.950616003031992e-11,3.125632640033821e-11,1.482773330182998e-14,9.480670136344645e-11,0.0001563996330279132
E3,total_projection,bottom,5,1,s,2.6810293598109555e-05,-2.6590265509862348e-05,2.6810227903558502e-05,-2.6590233488865694e-05,7.308295467831607e-11,3.776014879781516e-05,1.9354519779473095e-06
E3,total_projection,bottom,5,1,p,-0.0004537600934857844,-0.0005878089854067101,-0.0004537600975780648,-0.000587809000112006,1.5264091370197113e-11,0.0007425750108687547,2.0555622188712384e-08
E3,total_projection,bottom,5,2,s,6.682003664553183e-12,1.2781027871493705e-11,1.8100288648341446e-11,9.745579047929839e-12,1.1814871202492214e-11,2.0557158367165617e-11,0.5747327033955826
E3,total_projection,bottom,5,2,p,1.4332432955092523e-10,-3.6067127136015014e-11,1.4101166193839704e-10,-4.458102733011748e-11,8.822410555011301e-12,1.4789103015544066e-10,0.05965480493129651
E3,total_projection,bottom,6,-2,s,6.280494296218202e-11,1.3520446344034076e-11,8.75059871575929e-11,-1.0022465549494334e-11,3.41234565185018e-11,8.807807675077615e-11,0.3874228159529051
E3,total_projection,bottom,6,-2,p,-3.1497324890217887e-10,-2.3867731811880796e-10,-3.0082076041652517e-10,-2.2315854781475838e-10,2.100297983826133e-11,3.745568946907375e-10,0.0560742043090756
E3,total_projection,bottom,6,-1,s,-0.0003479311328630645,-0.00013676801975261743,-0.00034793009642715417,-0.00013676731763351897,1.2518668558257069e-09,0.0003738457585321474,3.34861858735802e-06
E3,total_projection,bottom,6,-1,p,-0.00046263659724291994,-0.0009549795316210527,-0.000462636885148291,-0.0009549794847488811,2.9169590870745224e-10,0.001061140284689518,2.7488911024879274e-07
E3,total_projection,bottom,6,0,s,-0.17353140380677987,-0.1258699660258202,-0.173540735910933,-0.12586873758025446,9.412611031627953e-06,0.21438126345498376,4.390594065886935e-05
E3,total_projection,bottom,6,0,p,1.5964801491688234e-09,-6.079399638148719e-11,1.5964792954002962e-09,-6.080137960909871e-11,7.432426969805153e-15,1.597636675969914e-09,4.652138425210461e-06
E3,total_projection,bottom,6,1,s,-0.00034793121488566774,-0.000136767911663441,-0.00034793018342267374,-0.00013676721191143432,1.2464223918067447e-09,0.0003738458008197532,3.334054813705658e-06
E3,total_projection,bottom,6,1,p,0.00046263708454322985,0.0009549792948388607,0.00046263737207886984,0.0009549792498808095,2.9102915770445805e-10,0.0010611402856111703,2.742607755550794e-07
E3,total_projection,bottom,6,2,s,-1.0496721557101577e-10,-5.103477087167148e-11,-8.113751813616015e-11,-5.848014849673546e-11,2.496573908011873e-11,1.0001612178791952e-10,0.24961714805396729
E3,total_projection,bottom,6,2,p,3.260644643108307e-10,1.0744868901381341e-10,3.207719608352096e-10,9.43654221660178e-11,1.41132017788342e-11,3.343642979724899e-10,0.04220905720022589
E3,total_projection,bottom,7,-2,s,-3.2422892711154494e-11,-9.598386385274512e-11,2.979226389874875e-11,-1.1728020169480888e-10,6.575910368517886e-11,1.2100506062883379e-10,0.5434409382834473
E3,total_projection,bottom,7,-2,p,-2.5190709099302043e-09,7.155906009545671e-10,-2.5092224806854242e-09,7.542964268950399e-10,3.9939110159386605e-11,2.620145140484347e-09,0.015243090751836616
E3,total_projection,bottom,7,-1,s,0.01551005307331405,-0.003004024445098689,0.015509960623109205,-0.003004068039467123,1.022130585351709e-07,0.015798205699260468,6.469915665166685e-06
E3,total_projection,bottom,7,-1,p,0.03642482344030544,0.02253329605711643,0.036424835050767934,0.02253328044400599,1.9456928251567988e-08,0.042831265870201356,4.54269278674404e-07
E3,total_projection,bottom,7,0,s,0.21816439054136857,-0.008915928729389937,0.21820389401531207,-0.00892129707782243,3.9866572695650906e-05,0.21838619211158086,0.0001825507936659371
E3,total_projection,bottom,7,0,p,-1.4163961222586775e-09,-8.417347275839056e-10,-1.4163744129428468e-09,-8.415554404558542e-10,1.8059670173838488e-13,1.6475230004464402e-09,0.00010961710500517894
E3,total_projection,bottom,7,1,s,0.015510052721727135,-0.0030040248957878897,0.015509960262731303,-0.003004068422871155,1.0219233282268725e-07,0.01579820541836305,6.468603877241902e-06
E3,total_projection,bottom,7,1,p,-0.036424824385331005,-0.022533296671753238,-0.036424835977562964,-0.022533281057188694,1.9447222619459e-08,0.04283126698096408,4.5404266532909526e-07
E3,total_projection,bottom,7,2,s,2.3811889308972636e-11,1.6689640243936013e-10,2.233527733988407e-12,1.358291052863929e-10,3.7825951946402085e-11,1.3584746773142483e-10,0.27844429180811314
E3,total_projection,bottom,7,2,p,1.1462797535515951e-09,1.0090930908508074e-09,1.1258185689991474e-09,1.0228023819553874e-09,2.462934704533283e-11,1.5210496911136408e-09,0.016192335588523992
E3,total_projection,bottom,8,-2,s,-6.011280601934805e-10,-8.1029833302608e-10,-5.948078988070014e-10,-7.85842698487998e-10,2.5259107280570487e-11,9.85568456907027e-10,0.025628972907513908
E3,total_projection,bottom,8,-2,p,-1.0582734528383284e-09,6.616707553593403e-09,-1.0684529001576876e-09,6.624490167244525e-09,1.281367328170318e-11,6.7101014579345045e-09,0.0019096094689524216
E3,total_projection,bottom,8,-1,s,-0.01775307190174001,-0.16723736051646687,-0.017751857852375284,-0.1672320845699833,5.413827403734777e-06,0.16817163425153775,3.219227444526825e-05
E3,total_projection,bottom,8,-1,p,-0.08240213398627709,-0.48811805088392585,-0.08240363809818729,-0.4881180878675029,1.5045665234185126e-06,0.4950248754105639,3.0393755913188297e-06
E3,total_projection,bottom,8,0,s,0.022156288878550513,-0.38914274670548943,0.02134682371156844,-0.3890298361258688,0.0008173020589400119,0.38961506680144325,0.002097716768629299
E3,total_projection,bottom,8,0,p,3.3434948967237836e-09,-3.4565556436067e-10,3.3434376265751085e-09,-3.4614322238968186e-10,4.910093921596307e-13,3.3613078248212417e-09,0.00014607688963617698
E3,total_projection,bottom,8,1,s,-0.01775307096894082,-0.16723736161388114,-0.01775185703656829,-0.16723208561335196,5.4138538389132315e-06,0.16817163520296233,3.2192431454801404e-05
E3,total_projection,bottom,8,1,p,0.08240213336434349,0.48811804403643494,0.08240363749018612,0.48811808104483695,1.5045810620528e-06,0.49502486858188044,3.0394050027487303e-06
E3,total_projection,bottom,8,2,s,-1.202364270744525e-09,-5.275934057449525e-10,-1.3745227189168457e-09,-4.3323161290133543e-10,1.963228953172893e-10,1.4411808822058564e-09,0.13622363281477862
E3,total_projection,bottom,8,2,p,1.8838538397545321e-10,-5.710118529264848e-09,2.4030963406548567e-10,-5.628286614615347e-09,9.691537547064113e-11,5.633414500681002e-09,0.017203664928069008
E3,scattered_projection,top,-8,-2,s,0.0,0.0,3754707653572715.5,2.2848684564150744e+16,2.315513368296236e+16,2.315513368296236e+16,1.0
E3,scattered_projection,top,-8,-2,p,0.0,0.0,1.2825340923652475e+17,-2.479707290814135e+17,2.791745322588708e+17,2.791745322588708e+17,1.0
E3,scattered_projection,top,-8,-1,s,3514348967926.546,-39788530290017.1,3514388565931.681,-39788806504215.664,279038143.4467621,39943711019661.984,6.9857841528396724e-06
E3,scattered_projection,top,-8,-1,p,-18046964739671.266,63624335057107.305,-18046780808174.824,63624281315084.26,191622024.89365852,66134223140513.92,2.89747147231961e-06
E3,scattered_projection,top,-8,0,s,263915743.89953396,1534228750.6027093,264006301.98311588,1533999312.886066,246662.58800340473,1556551707.9177687,0.0001584673266867378
E3,scattered_projection,top,-8,0,p,0.8069268562979705,0.6828043728375608,0.8067138003007208,0.6827213747929318,0.00022865155450219027,1.0568328302975747,0.0002163554612869174
E3,scattered_projection,top,-8,1,s,3514348726620.736,-39788530546753.43,3514388325981.5327,-39788806746194.51,279023727.7139522,39943711239590.75,6.985423213188915e-06
E3,scattered_projection,top,-8,1,p,18046964878540.887,-63624335001668.37,18046780961543.156,-63624281258294.9,191608486.8840386,66134223127731.164,2.8972667678271103e-06
E3,scattered_projection,top,-8,2,s,0.0,0.0,2.4123587639930428e+16,1.7259653296610104e+16,2.9662149492924276e+16,2.9662149492924276e+16,1.0
E3,scattered_projection,top,-8,2,p,0.0,0.0,-1.7906099467486902e+17,2.289725500113471e+17,2.906738180033632e+17,2.906738180033632e+17,1.0
E3,scattered_projection,top,-7,-2,s,4327988385.151981,3461083571.264038,4272018894.701476,3355963454.3001246,119091657.35598795,5432553372.336479,0.021921856849566115
E3,scattered_projection,top,-7,-2,p,16455439109.165504,21643886542.87201,16690918533.10812,21508209054.529068,271770012.95837444,27224801527.50757,0.009982442394806137
E3,scattered_projection,top,-7,-1,s,0.11974368734093624,0.678035112562128,0.11974262789394316,0.678036304816496,1.594960315864627e-06,0.6885285234354169,2.3164767494403335e-06
E3,scattered_projection,top,-7,-1,p,0.07563988966795275,-2.7173646121266692,0.07563957752473412,-2.7173620867726114,2.544571969219451e-06,2.7184146218554157,9.360499861800659e-07
E3,scattered_projection,top,-7,0,s,2.838676926507731e-08,1.6306360621352697e-06,2.840137859471186e-08,1.6306287220634814e-06,1.634959223432058e-11,1.630876042967234e-06,1.0025036730917913e-05
E3,scattered_projection,top,-7,0,p,3.083557458099408e-16,-7.452155069122154e-16,3.0845673997962864e-16,-7.452628247317345e-16,1.1152936095474323e-19,1e-12,1.1152936095474323e-07
E3,scattered_projection,top,-7,1,s,0.11974366301914123,0.6780351038559412,0.11974260353281319,0.6780362964056719,1.5952072402504018e-06,0.688528510916096,2.316835417792588e-06
E3,scattered_projection,top,-7,1,p,-0.07563981826584196,2.717364631915957,-0.07563950552909368,2.717362106696543,2.544511222300358e-06,2.7184146397683637,9.360276335611465e-07
E3,scattered_projection,top,-7,2,s,-345383977.8680881,-1956389950.1322021,-348366150.4212696,-2166997716.4628806,210628878.81754157,2194820739.3576984,0.09596632428358631
E3,scattered_projection,top,-7,2,p,-20710710619.00416,-13877322940.242416,-21124965919.53094,-13830839944.13412,416855038.28277755,25249877596.962715,0.016509190457735946
E3,scattered_projection,top,-6,-2,s,1737.0201353786244,5079.424639313292,1625.9057202097854,5202.857003322958,166.07817961227752,5450.989855800289,0.03046752681727284
E3,scattered_projection,top,-6,-2,p,-1170.3719228822574,-8966.944457628964,-1612.6396299514183,-9360.893286190432,592.2806802869447,9498.78569563157,0.062353304860781396
E3,scattered_projection,top,-6,-1,s,-6.86816787501178e-09,-2.1025140477886717e-08,-6.868169996190967e-09,-2.1025142395108332e-08,2.859220149405257e-15,2.211850745034935e-08,1.292682228140171e-07
E3,scattered_projection,top,-6,-1,p,3.1509965860381724e-08,3.343890082354048e-08,3.1509966221273704e-08,3.343890405774917e-08,3.2542816219070383e-15,4.594603656300687e-08,7.082834266769379e-08
E3,scattered_projection,top,-6,0,s,3.4011153819251116e-05,3.04271076677293e-05,3.4011152665275085e-05,3.0427121896937116e-05,1.4275924338730476e-11,4.563516464911372e-05,3.128272780102203e-07
E3,scattered_projection,top,-6,0,p,-7.187567240583725e-15,-1.373137717000618e-14,-7.187557774797828e-15,-1.3731356781047185e-14,2.2479118122089903e-20,1e-12,2.2479118122089903e-08
E3,scattered_projection,top,-6,1,s,-6.8681697185267134e-09,-2.1025141789530428e-08,-6.8681718450158464e-09,-2.1025143700666353e-08,2.8590901620765655e-15,2.2118509265462227e-08,1.2926233534829577e-07
E3,scattered_projection,top,-6,1,p,-3.1509965151234286e-08,-3.343890158023333e-08,-3.1509965518417695e-08,-3.3438904808055934e-08,3.248640088357219e-15,4.5946036627048675e-08,7.070555649286902e-08
E3,scattered_projection,top,-6,2,s,5131.937074208067,-381.0923981685268,4973.569491918506,-267.9140812021108,194.65256882864776,4980.780204531102,0.03908073852597811
E3,scattered_projection,top,-6,2,p,-17406.789092653184,-15280.203560501011,-17063.538538656725,-14747.209487590153,633.9586931157118,22553.14911783036,0.02810954203351179
E3,scattered_projection,top,-5,-2,s,-0.05225612908775513,-0.04616337594171468,-0.05217588127844047,-0.04606099403885336,0.0001300836843470613,0.06959840342298954,0.001869061328267373
E3,scattered_projection,top,-5,-2,p,-0.026095956699235805,-0.07914856903780554,-0.0262600780439758,-0.0787362331902606,0.00044379800244014864,0.0829999163606012,0.005346969272981254
E3,scattered_projection,top,-5,-1,s,-3.3426413155102106e-07,3.524475258925612e-07,-3.3426413140426874e-07,3.524475266531146e-07,7.745822584568463e-16,4.857486681271995e-07,1.5946153006311735e-09
E3,scattered_projection,top,-5,-1,p,1.4963040255830766e-07,6.057938649227456e-07,1.4963040247133042e-07,6.057938639161638e-07,1.010332565761818e-15,6.239995696330309e-07,1.6191238182359428e-09
E3,scattered_projection,top,-5,0,s,2.7581337282073302e-05,8.288820508427341e-07,2.7581337199102153e-05,8.288821934819234e-07,1.6501560535760175e-13,2.759378929000596e-05,5.9801719736030535e-09
E3,scattered_projection,top,-5,0,p,1.4029801705769661e-15,4.231003535995242e-17,1.4030029052826893e-15,4.2246710577235184e-17,6.728220381724181e-20,1e-12,6.728220381724181e-08
E3,scattered_projection,top,-5,1,s,-3.342641351115911e-07,3.524475180083729e-07,-3.342641349724259e-07,3.524475187651723e-07,7.694882984976913e-16,4.857486648592981e-07,1.5841284890007496e-09
E3,scattered_projection,top,-5,1,p,-1.4963040207034802e-07,-6.057938605354816e-07,-1.4963040199893486e-07,-6.057938595396654e-07,9.98373539597621e-16,6.239995652709437e-07,1.5999587101701301e-09
E3,scattered_projection,top,-5,2,s,-0.00646525897475441,0.04183972534100736,-0.0064635357395782965,0.04190449783963731,6.479541741696511e-05,0.042400049922717946,0.0015281920076760977
E3,scattered_projection,top,-5,2,p,-0.10640679628449033,-0.23119580248405072,-0.10618398842817697,-0.2307992168359924,0.00045488846663858517,0.2540537696839444,0.0017905204366953074
E3,scattered_projection,top,-4,-2,s,-0.001432581092130966,-0.0007055097242014489,-0.00143253809497754,-0.0007054759262477491,5.4690555647551914e-08,0.001596828630779458,3.424948337809793e-05
E3,scattered_projection,top,-4,-2,p,4.823611625829786e-05,-0.0007925906702080351,4.7230959095668065e-05,-0.0007906119131162711,2.2194189667101307e-06,0.0007920214395194531,0.002802220818740373
E3,scattered_projection,top,-4,-1,s,-5.177994465193359e-07,-1.397404971277306e-06,-5.177994464787457e-07,-1.3974049712549246e-06,4.6351748649383716e-17,1.4902539785089225e-06,3.1103254423625887e-11
E3,scattered_projection,top,-4,-1,p,4.017274841803439e-06,6.524270720596182e-06,4.017274841570951e-06,6.524270720309138e-06,3.6938383308729013e-16,7.661893080995194e-06,4.821051784232302e-11
E3,scattered_projection,top,-4,0,s,1.5507143337754144e-05,1.090432614049195e-05,1.5507143337042176e-05,1.0904326142349289e-05,1.989121550981436e-15,1.8957210319408643e-05,1.0492691263465844e-10
E3,scattered_projection,top,-4,0,p,-2.5409913318369475e-15,6.98351655420992e-16,-2.5410086236525073e-15,6.982711675058463e-16,8.232442754036935e-20,1e-12,8.232442754036934e-08
E3,scattered_projection,top,-4,1,s,-5.177994504856752e-07,-1.3974049664642547e-06,-5.177994504458591e-07,-1.3974049664447005e-06,4.4358585361552977e-17,1.4902539753767975e-06,2.9765788982604324e-11
E3,scattered_projection,top,-4,1,p,-4.017274840823736e-06,-6.524270714241777e-06,-4.0172748405965e-06,-6.5242707139788435e-06,3.475200974863191e-16,7.661893075093885e-06,4.535694952674091e-11
E3,scattered_projection,top,-4,2,s,-0.0013924361054015975,-0.0007179875224014021,-0.0013924311984430957,-0.0007179786758776878,1.0116285067497608e-08,0.001566639084605243,6.457316919325218e-06
E3,scattered_projection,top,-4,2,p,-0.00040064677190972494,0.0006273508107114674,-0.00040002680615611424,0.0006274810277798302,6.334935047363085e-07,0.0007441464142674434,0.0008513022337948582
E3,scattered_projection,top,-3,-2,s,0.008953298534401551,-0.004856606447888226,0.008953235736269376,-0.00485685158767008,2.530555631715734e-07,0.010185746781354052,2.4844085426786275e-05
E3,scattered_projection,top,-3,-2,p,0.0037718392430543973,0.0029340854431992467,0.003770418128821428,0.0029370781740195575,3.3130051955868708e-06,0.004779380824588823,0.0006931871129712484
E3,scattered_projection,top,-3,-1,s,-1.2660828887119946e-07,-4.786573830308322e-06,-1.2660828886240215e-07,-4.786573830304826e-06,9.466394673178284e-18,4.788247977263467e-06,1.977005935809621e-12
E3,scattered_projection,top,-3,-1,p,-6.734425811399019e-07,-1.1305333594467e-05,-6.734425811082704e-07,-1.130533359445365e-05,3.433297986625057e-17,1.1325373838948192e-05,3.0315096308943683e-12
E3,scattered_projection,top,-3,0,s,-6.004996398800141e-06,3.2067328092936613e-06,-6.004996398855177e-06,3.2067328093835654e-06,1.054120514500072e-16,6.807577914430408e-06,1.5484516339733596e-11
E3,scattered_projection,top,-3,0,p,2.09523691309409e-15,-8.132710668190346e-16,2.0952408843746253e-15,-8.132767237712694e-16,6.911742014808943e-21,1e-12,6.911742014808943e-09
E3,scattered_projection,top,-3,1,s,-1.2660828643850596e-07,-4.786573832335544e-06,-1.2660828645088588e-07,-4.7865738323273215e-06,1.4861562817581498e-17,4.788247979221491e-06,3.103757967856502e-12
E3,scattered_projection,top,-3,1,p,6.734425822353739e-07,1.1305333594447177e-05,6.73442582277802e-07,1.1305333594416545e-05,5.233037853990102e-17,1.1325373838980694e-05,4.620631449690923e-12
E3,scattered_projection,top,-3,2,s,0.009198786379665848,-0.004801377276696606,0.009198269052390391,-0.004802225842287535,9.938264798450474e-07,0.010376392754734039,9.577764675413162e-05
E3,scattered_projection,top,-3,2,p,-0.004290420224403702,-0.004164595718157623,-0.004276796153419544,-0.004175088567010265,1.719637133891228e-05,0.005976817705124027,0.002877178489845782
E3,scattered_projection,top,-2,-2,s,-4.252578455586637,7.03631364723062,-4.279770111219681,6.946939768150404,0.093418822503343,8.159436521427132,0.01144917571918355
E3,scattered_projection,top,-2,-2,p,7.2878784055923544,6.750137823947008,6.800575532303286,6.964138082820743,0.5322219472304834,9.733809470456894,0.05467766231153706
E3,scattered_projection,top,-2,-1,s,-2.255466465594462e-06,-5.380507318464117e-06,-2.255466465600719e-06,-5.380507318453859e-06,1.2016053992346239e-17,5.834122725944744e-06,2.059616253684555e-12
E3,scattered_projection,top,-2,-1,p,-1.891722742903738e-06,-4.426776039666728e-06,-1.8917227429126991e-06,-4.426776039648298e-06,2.049288315239802e-17,4.814037914397581e-06,4.256901070743323e-12
E3,scattered_projection,top,-2,0,s,-9.544328371574507e-06,4.0169035647960564e-05,-9.544328371523212e-06,4.0169035647801776e-05,1.668676891395728e-16,4.128735434655305e-05,4.04161738577236e-12
E3,scattered_projection,top,-2,0,p,-3.3222376266763682e-15,9.960287683423752e-16,-3.322232581390884e-15,9.958606039767147e-16,1.6824003323706253e-19,1e-12,1.6824003323706254e-07
E3,scattered_projection,top,-2,1,s,-2.2554664648980647e-06,-5.380507321258915e-06,-2.2554664649125634e-06,-5.380507321250745e-06,1.664235463769699e-17,5.834122728258126e-06,2.852589054578535e-12
E3,scattered_projection,top,-2,1,p,1.891722740578772e-06,4.426776035125729e-06,1.8917227406038086e-06,4.426776035114648e-06,2.7379140692028656e-17,4.8140379093213365e-06,5.687354609114089e-12
E3,scattered_projection,top,-2,2,s,-2.9247581067688238,-0.06340406151485611,-2.931937146591773,-0.07368348429099604,0.012538147606010821,2.932862882478819,0.004275054139392202
E3,scattered_projection,top,-2,2,p,6.513560990851494,-0.6201940464718166,6.588690968153765,-0.6884936596034972,0.10153497251379416,6.624565811669865,0.015327038088281906
E3,scattered_projection,top,-1,-2,s,411117.45907765406,-1790393.09602616,365899.07457788935,-1790071.8577102777,45219.52554841938,1827084.9428921689,0.024749547482362536
E3,scattered_projection,top,-1,-2,p,-2672923.3728254475,-1233289.8364769674,-2651163.4991719113,-1111259.8031942376,123954.91569277114,2874641.934143581,0.043120123664967
E3,scattered_projection,top,-1,-1,s,4.0257723157682836e-05,-3.1253680551019165e-05,4.0257723157700305e-05,-3.125368055103023e-05,2.0679012658511338e-17,5.096544733275559e-05,4.0574573050437834e-13
E3,scattered_projection,top,-1,-1,p,1.248231343015398e-05,-9.688127738471879e-06,1.2482313430183956e-05,-9.688127738490918e-06,3.551192661174561e-17,1.5800885027322612e-05,2.2474644015407373e-12
E3,scattered_projection,top,-1,0,s,6.53350090659704e-05,3.597859048762165e-05,6.533500906592538e-05,3.597859048769122e-05,8.286847436842199e-17,7.45863418001281e-05,1.1110408738169227e-12
E3,scattered_projection,top,-1,0,p,2.5838137429589133e-15,-5.450754965238365e-15,2.583901505201839e-15,-5.450268397282798e-15,4.944194440631629e-19,1e-12,4.944194440631629e-07
E3,scattered_projection,top,-1,1,s,4.0257723155031555e-05,-3.125368056292145e-05,4.025772315503379e-05,-3.125368056290741e-05,1.421737613396288e-17,5.0965447337932787e-05,2.7896107807497074e-13
E3,scattered_projection,top,-1,1,p,-1.248231342650717e-05,9.688127734996682e-06,-1.2482313426509462e-05,9.68812773497069e-06,2.6092918777830992e-17,1.5800885022261468e-05,1.6513580562778184e-12
E3,scattered_projection,top,-1,2,s,256663.89121695978,1739687.1396807816,288119.46723676194,1729949.171674096,32928.42668025281,1753777.9118168545,0.01877571068627502
E3,scattered_projection,top,-1,2,p,-2968801.3977047135,-4341991.639019542,-2947947.2432092885,-4265588.490525247,79198.08621147652,5185136.268146354,0.01527406072199318
E3,scattered_projection,top,0,-2,s,-4826525796293.397,-2035213983375.245,-4787719301141.403,-1456643157861.9722,579870799576.1572,5004404599537.095,0.1158720858880585
E3,scattered_projection,top,0,-2,p,-10634727498377.328,2446791972747.2026,-9279147336781.496,3020709535771.053,1472066215786.3071,9758445644527.479,0.15085048064102705
E3,scattered_projection,top,0,-1,s,-67461.13217338182,5480.375557481495,-67461.14044214685,5480.381460402091,0.010159574137480405,67683.38090481724,1.5010441265881438e-07
E3,scattered_projection,top,0,-1,p,-26676.856714385533,-3139.4470072161275,-26676.851765101095,-3139.4318899120694,0.015906863249124114,26860.946608200054,5.921929513931612e-07
E3,scattered_projection,top,0,0,s,-0.10635768201537286,-0.1279630413175305,-0.10635768201537278,-0.12796304131753045,1.0007415106216804e-16,0.16639259739217716,6.014339137113137e-16
E3,scattered_projection,top,0,0,p,4.0303205202329594e-14,-1.246601879412628e-13,3.883525352149297e-14,-1.2642632873567224e-13,2.296548593639664e-15,1e-12,0.0022965485936396637
E3,scattered_projection,top,0,1,s,-67461.26101984,5480.483202741626,-67461.25710666673,5480.493727286458,0.011228489169202202,67683.50627668914,1.6589697825789802e-07
E3,scattered_projection,top,0,1,p,26676.663586354916,3139.4127383308837,26676.651703260526,3139.4125354338034,0.011884826440125952,26860.74565541157,4.424607787361087e-07
E3,scattered_projection,top,0,2,s,3723071383551.8696,-4567555142836.3545,3488153596835.7275,-3772027112858.777,829488524933.0555,5137645769733.424,0.16145303940954556
E3,scattered_projection,top,0,2,p,-4406881096997.86,6730540091668.873,-5209592141368.042,6021572114321.097,1070971808059.6075,7962360266112.876,0.1345043143322178
E3,scattered_projection,top,1,-2,s,0.0,0.0,-3.499735494753174e+19,2.023099068887401e+19,4.042409971263221e+19,4.042409971263221e+19,1.0
E3,scattered_projection,top,1,-2,p,0.0,0.0,-2.0026906049097167e+19,7.383055819035181e+19,7.649855089214625e+19,7.649855089214625e+19,1.0
E3,scattered_projection,top,1,-1,s,-2153569205114148.0,2219309500304345.2,-2153569236615572.2,2219309501082342.5,31511029.965704005,3092441611169293.5,1.0189692782522501e-08
E3,scattered_projection,top,1,-1,p,3730837475166646.0,5899832517792337.0,3730837480080617.5,5899832558742045.0,41243492.83448331,6980485120961652.0,5.908399218649361e-09
E3,scattered_projection,top,1,0,s,379981480231346.9,-351348469878007.56,379981480208599.3,-351348469878097.06,22747.738567633623,517524562303276.75,4.3954896491083116e-11
E3,scattered_projection,top,1,0,p,48012.56607645909,-107178.95221687843,47795.15220294131,-107263.2445778924,233.18232034893464,117429.89487979238,0.0019857151416820453
E3,scattered_projection,top,1,1,s,-2153565551167980.0,2219317965790565.8,-2153565527031714.2,2219317991322071.5,35134272.58698984,3092445120907600.0,1.1361324522608926e-08
E3,scattered_projection,top,1,1,p,-3730838540222110.0,-5899834863356832.0,-3730838544927487.5,-5899834869552614.0,7779993.05970322,6980487643159722.0,1.1145343215852469e-09
E3,scattered_projection,top,1,2,s,0.0,0.0,4.599945707668536e+19,8.475324863314088e+18,4.677372320960273e+19,4.677372320960273e+19,1.0
E3,scattered_projection,top,1,2,p,0.0,0.0,-8.383115571829055e+19,4.826255847677071e+19,9.673126288738296e+19,9.673126288738296e+19,1.0
E3,scattered_projection,top,2,-2,s,0.0,0.0,7.398081821542978e+25,1.9064051965201523e+26,2.0449197831948047e+26,2.0449197831948047e+26,1.0
E3,scattered_projection,top,2,-2,p,0.0,0.0,1.0797237236607187e+26,-7.229326116485135e+25,1.2993978914946369e+26,1.2993978914946369e+26,1.0
E3,scattered_projection,top,2,-1,s,0.0,0.0,6.497248260070839e+25,4.215176532270618e+25,7.744801362927168e+25,7.744801362927168e+25,1.0
E3,scattered_projection,top,2,-1,p,0.0,0.0,-1.8090444919243624e+25,-1.7194219058895113e+26,1.7289124067431346e+26,1.7289124067431346e+26,1.0
E3,scattered_projection,top,2,0,s,0.0,0.0,5.002673850352391e+23,-2.360757933973265e+23,5.531719775604811e+23,5.531719775604811e+23,1.0
E3,scattered_projection,top,2,0,p,0.0,0.0,52895852834784.984,281400164873062.84,286328524666520.4,286328524666520.4,1.0
E3,scattered_projection,top,2,1,s,0.0,0.0,6.497248404277092e+25,4.215176365332995e+25,7.74480139304702e+25,7.74480139304702e+25,1.0
E3,scattered_projection,top,2,1,p,0.0,0.0,1.809044902843876e+25,1.719421890215613e+26,1.7289123954549243e+26,1.7289123954549243e+26,1.0
E3,scattered_projection,top,2,2,s,0.0,0.0,1.5198283685085047e+26,-5.162391184425847e+25,1.6051109298530118e+26,1.6051109298530118e+26,1.0
E3,scattered_projection,top,2,2,p,0.0,0.0,4.248500997534935e+26,1.8750506584428506e+26,4.643875073446992e+26,4.643875073446992e+26,1.0
E3,scattered_projection,top,3,-2,s,0.0,0.0,2.4239599916193364e+32,-3.1807995680215977e+32,3.9991333977372644e+32,3.9991333977372644e+32,1.0
E3,scattered_projection,top,3,-2,p,0.0,0.0,-1.6445564336356727e+33,-2.965304975314699e+33,3.3908110327823625e+33,3.3908110327823625e+33,1.0
E3,scattered_projection,top,3,-1,s,0.0,0.0,-1.7266212389210806e+34,-2.5053638117064726e+33,1.7447032357921077e+34,1.7447032357921077e+34,1.0
E3,scattered_projection,top,3,-1,p,0.0,0.0,3.2974652962164454e+34,6.544332608788272e+34,7.328135279469212e+34,7.328135279469212e+34,1.0
E3,scattered_projection,top,3,0,s,0.0,0.0,5.108632799992983e+31,-4.507873835658884e+31,6.813153132242228e+31,6.813153132242228e+31,1.0
E3,scattered_projection,top,3,0,p,0.0,0.0,-1.358473489157195e+24,-6.080593035562776e+23,1.4883502065657362e+24,1.4883502065657362e+24,1.0
E3,scattered_projection,top,3,1,s,0.0,0.0,-1.726621305561085e+34,-2.5053640810933417e+33,1.7447033056098086e+34,1.7447033056098086e+34,1.0
E3,scattered_projection,top,3,1,p,0.0,0.0,-3.2974651895258056e+34,-6.54433267016882e+34,7.328135286276681e+34,7.328135286276681e+34,1.0
E3,scattered_projection,top,3,2,s,0.0,0.0,5.465561712600577e+32,-6.250085602892871e+30,5.4659190619007254e+32,5.4659190619007254e+32,1.0
E3,scattered_projection,top,3,2,p,0.0,0.0,1.3678364707168153e+33,-2.4768776850552393e+33,2.8294698580030214e+33,2.8294698580030214e+33,1.0
E3,scattered_projection,top,4,-2,s,0.0,0.0,1.5733912907820452e+39,-3.267936922771142e+39,3.62697834086719e+39,3.62697834086719e+39,1.0
E3,scattered_projection,top,4,-2,p,0.0,0.0,-2.488855963281217e+40,3.1023254261659226e+39,2.508116471868647e+40,2.508116471868647e+40,1.0
E3,scattered_projection,top,4,-1,s,0.0,0.0,-2.9960969307965716e+41,3.994445207781178e+41,4.993214329136559e+41,4.993214329136559e+41,1.0
E3,scattered_projection,top,4,-1,p,0.0,0.0,2.38619484210177e+42,2.0145042797004482e+42,3.1228437869039355e+42,3.1228437869039355e+42,1.0
E3,scattered_projection,top,4,0,s,0.0,0.0,-1.2096778817216393e+41,8.806818189593388e+39,1.2128794590514786e+41,1.2128794590514786e+41,1.0
E3,scattered_projection,top,4,0,p,0.0,0.0,-3.994030776991435e+31,2.9572188369996003e+32,2.9840687103987427e+32,2.9840687103987427e+32,1.0
E3,scattered_projection,top,4,1,s,0.0,0.0,-2.9960968078032936e+41,3.9944454139373294e+41,4.99321442025616e+41,4.99321442025616e+41,1.0
E3,scattered_projection,top,4,1,p,0.0,0.0,-2.3861948559777538e+42,-2.0145042992928155e+42,3.1228438101454786e+42,3.1228438101454786e+42,1.0
E3,scattered_projection,top,4,2,s,0.0,0.0,-6.54255471193192e+39,3.2555080060332724e+39,7.307759884942123e+39,7.307759884942123e+39,1.0
E3,scattered_projection,top,4,2,p,0.0,0.0,-4.908112621225875e+40,-2.857115291085299e+40,5.679144063077654e+40,5.679144063077654e+40,1.0
E3,scattered_projection,top,5,-2,s,0.0,0.0,-2.2693886405760513e+45,-3.704800101385748e+46,3.711744204447231e+46,3.711744204447231e+46,1.0
E3,scattered_projection,top,5,-2,p,0.0,0.0,2.8199671403831335e+45,1.3791245746643746e+47,1.3794128511473557e+47,1.3794128511473557e+47,1.0
E3,scattered_projection,top,5,-1,s,0.0,0.0,3.1126086977798743e+48,-7.055861961572214e+48,7.711907735849582e+48,7.711907735849582e+48,1.0
E3,scattered_projection,top,5,-1,p,0.0,0.0,-1.4852955912173214e+50,-2.0267135174220804e+50,2.5127018675105477e+50,2.5127018675105477e+50,1.0
E3,scattered_projection,top,5,0,s,0.0,0.0,2.2955590705867073e+49,1.469657843690281e+49,2.7257082793419536e+49,2.7257082793419536e+49,1.0
E3,scattered_projection,top,5,0,p,0.0,0.0,9.765905483612881e+39,3.5710288845044493e+39,1.0398324730879741e+40,1.0398324730879741e+40,1.0
E3,scattered_projection,top,5,1,s,0.0,0.0,3.112609188224195e+48,-7.05586204678019e+48,7.711908011757584e+48,7.711908011757584e+48,1.0
E3,scattered_projection,top,5,1,p,0.0,0.0,1.4852955970229145e+50,2.026713522378544e+50,2.512701874940141e+50,2.512701874940141e+50,1.0
E3,scattered_projection,top,5,2,s,0.0,0.0,-4.0140932120814125e+45,3.6700803676387986e+45,5.43897363665295e+45,5.43897363665295e+45,1.0
E3,scattered_projection,top,5,2,p,0.0,0.0,-9.046385184212579e+46,-8.588238927089586e+45,9.087060216584274e+46,9.087060216584274e+46,1.0
E3,scattered_projection,top,6,-2,s,0.0,0.0,-1.7707365064335243e+53,4.291918577082489e+53,4.642851801158656e+53,4.642851801158656e+53,1.0
E3,scattered_projection,top,6,-2,p,0.0,0.0,4.16690956399099e+54,5.251952173570191e+53,4.1998768232906866e+54,4.1998768232906866e+54,1.0
E3,scattered_projection,top,6,-1,s,0.0,0.0,-3.6842864581967025e+56,-5.1397360733043876e+56,6.3238321933205985e+56,6.3238321933205985e+56,1.0
E3,scattered_projection,top,6,-1,p,0.0,0.0,-1.7358294409459759e+56,3.507412332618198e+57,3.511705043064234e+57,3.511705043064234e+57,1.0
E3,scattered_projection,top,6,0,s,0.0,0.0,-1.3431130590693748e+58,-1.617738124400246e+58,2.1026243907509304e+58,2.1026243907509304e+58,1.0
E3,scattered_projection,top,6,0,p,0.0,0.0,-1.1708426969901735e+49,1.1441500323174341e+49,1.6370558687922684e+49,1.6370558687922684e+49,1.0
E3,scattered_projection,top,6,1,s,0.0,0.0,-3.6842861795485066e+56,-5.139736042193552e+56,6.323832005693666e+56,6.323832005693666e+56,1.0
E3,scattered_projection,top,6,1,p,0.0,0.0,1.7358287980996645e+56,-3.507412370990158e+57,3.511705078211712e+57,3.511705078211712e+57,1.0
E3,scattered_projection,top,6,2,s,0.0,0.0,4.495400911619902e+53,-4.157283662642684e+53,6.123041467103487e+53,6.123041467103487e+53,1.0
E3,scattered_projection,top,6,2,p,0.0,0.0,2.503834359306133e+54,4.016943570187651e+54,4.733394357637431e+54,4.733394357637431e+54,1.0
E3,scattered_projection,top,7,-2,s,0.0,0.0,-1.4337099961001667e+60,4.8328677952010836e+60,5.041045078037819e+60,5.041045078037819e+60,1.0
E3,scattered_projection,top,7,-2,p,0.0,0.0,7.71882461471489e+60,1.491043527443377e+61,1.6789917614622394e+61,1.6789917614622394e+61,1.0
E3,scattered_projection,top,7,-1,s,0.0,0.0,1.0116247489782226e+65,1.2941438843068547e+64,1.0198689703477307e+65,1.0198689703477307e+65,1.0
E3,scattered_projection,top,7,-1,p,0.0,0.0,-2.135067432006981e+65,-9.269580437211998e+65,9.512288600602922e+65,9.512288600602922e+65,1.0
E3,scattered_projection,top,7,0,s,0.0,0.0,2.1965074098551745e+65,-1.712165846320498e+64,2.2031704247292698e+65,2.2031704247292698e+65,1.0
E3,scattered_projection,top,7,0,p,0.0,0.0,-7.380976839687294e+54,8.265093494406444e+55,8.297985217048757e+55,8.297985217048757e+55,1.0
E3,scattered_projection,top,7,1,s,0.0,0.0,1.0116247651453e+65,1.2941439915336896e+64,1.0198689877447547e+65,1.0198689877447547e+65,1.0
E3,scattered_projection,top,7,1,p,0.0,0.0,2.1350673648053455e+65,9.269580321634255e+65,9.51228847289052e+65,9.51228847289052e+65,1.0
E3,scattered_projection,top,7,2,s,0.0,0.0,7.231685451832865e+60,-2.0856945742158977e+59,7.23469250851895e+60,7.23469250851895e+60,1.0
E3,scattered_projection,top,7,2,p,0.0,0.0,-5.362172287182198e+60,-2.930174685985816e+61,2.9788341019208035e+61,2.9788341019208035e+61,1.0
E3,scattered_projection,top,8,-2,s,0.0,0.0,-2.5208276421321676e+68,-6.756606892313365e+67,2.609806385215231e+68,2.609806385215231e+68,1.0
E3,scattered_projection,top,8,-2,p,0.0,0.0,4.28763203495099e+68,-1.3792718155702103e+69,1.4443782835177646e+69,1.4443782835177646e+69,1.0
E3,scattered_projection,top,8,-1,s,0.0,0.0,-2.760300197450988e+72,-1.8531359505333317e+73,1.8735809091041555e+73,1.8735809091041555e+73,1.0
E3,scattered_projection,top,8,-1,p,0.0,0.0,1.1745099606240054e+73,5.1398463978072905e+73,5.2723329409908845e+73,5.2723329409908845e+73,1.0
E3,scattered_projection,top,8,0,s,0.0,0.0,1.3617487423536163e+71,-2.5636517639225245e+72,2.567265853595238e+72,2.567265853595238e+72,1.0
E3,scattered_projection,top,8,0,p,0.0,0.0,4.457156853351466e+62,3.0338674795514566e+63,3.066433491147931e+63,3.066433491147931e+63,1.0
E3,scattered_projection,top,8,1,s,0.0,0.0,-2.7603002026406126e+72,-1.853135948385344e+73,1.873580907056065e+73,1.873580907056065e+73,1.0
E3,scattered_projection,top,8,1,p,0.0,0.0,-1.1745099573852396e+73,-5.139846394009758e+73,5.2723329365672835e+73,5.2723329365672835e+73,1.0
E3,scattered_projection,top,8,2,s,0.0,0.0,-2.1355093927072555e+68,-1.310128968744917e+68,2.5053619062094664e+68,2.5053619062094664e+68,1.0
E3,scattered_projection,top,8,2,p,0.0,0.0,-2.3733996979787876e+68,1.336232325291122e+69,1.357146671666912e+69,1.357146671666912e+69,1.0
E3,scattered_projection,bottom,-8,-2,s,-1.0912989107044816e-14,8.566754029025472e-14,-8.935288994215663e-15,8.099789014748055e-14,5.071186270705831e-15,1e-12,0.005071186270705831
E3,scattered_projection,bottom,-8,-2,p,-7.934201494134482e-13,8.165166036227603e-13,-8.006624375570725e-13,8.135015596796786e-13,7.844821701861277e-15,1.1414224137084844e-12,0.006872847078912206
E3,scattered_projection,bottom,-8,-1,s,-2.3457067870410404e-07,-1.2394581006458688e-06,-2.3457232562773414e-07,-1.239466609603921e-06,8.666875133403437e-12,1.2614680544006822e-06,6.870467391678048e-06
E3,scattered_projection,bottom,-8,-1,p,3.3505334511641153e-07,-1.1559349008547708e-06,3.3504581449095865e-07,-1.1559325077651275e-06,7.901721189240298e-12,1.2035097258917711e-06,6.565564880155261e-06
E3,scattered_projection,bottom,-8,0,s,3.822032832581649e-06,8.57709229438885e-06,3.822111894854014e-06,8.575554094720127e-06,1.5402301983045635e-09,9.388752173119476e-06,0.00016405057561475836
E3,scattered_projection,bottom,-8,0,p,-4.0016689350349164e-16,1.7653154138215432e-14,-3.9875367652978283e-16,1.765317679451098e-14,1.4133985717081672e-18,1e-12,1.4133985717081673e-06
E3,scattered_projection,bottom,-8,1,s,-2.3457069984667916e-07,-1.2394580965687703e-06,-2.3457234665391298e-07,-1.23946660558666e-06,8.666911763191991e-12,1.261468054363344e-06,6.870496429310003e-06
E3,scattered_projection,bottom,-8,1,p,-3.350532020021855e-07,1.155934788759055e-06,-3.350456712966552e-07,1.155932395784071e-06,7.901762781726375e-12,1.2035095784736107e-06,6.565600243703948e-06
E3,scattered_projection,bottom,-8,2,s,1.0028615345417268e-14,-9.017919675957914e-14,9.262557563214872e-15,-9.333419992823695e-14,3.246673608466623e-15,1e-12,0.003246673608466623
E3,scattered_projection,bottom,-8,2,p,1.2961524523456634e-13,-3.934599846074884e-13,1.3452270495971188e-13,-3.9481561455960876e-13,5.091256575837776e-15,1e-12,0.0050912565758377765
E3,scattered_projection,bottom,-7,-2,s,4.171024706746779e-14,1.2455642290333341e-14,4.242080419662814e-14,1.11923993993922e-14,1.4493702202384092e-15,1e-12,0.0014493702202384093
E3,scattered_projection,bottom,-7,-2,p,-1.0255248629210874e-13,-1.7227276448663117e-13,-1.0528178258760449e-13,-1.739037234485043e-13,3.179478794381416e-15,1e-12,0.003179478794381416
E3,scattered_projection,bottom,-7,-1,s,-7.510145314864444e-10,6.715516355639616e-08,-7.51100696104903e-10,6.715525600090086e-08,1.2637376279329396e-13,6.71594562277139e-08,1.8816972306149316e-06
E3,scattered_projection,bottom,-7,-1,p,-7.306263804594588e-09,2.265781434012385e-07,-7.3062193590286415e-09,2.26577966119271e-07,1.8276844458400566e-13,2.2669573346683823e-07,8.06227985806983e-07
E3,scattered_projection,bottom,-7,0,s,-7.898768979516081e-08,1.6532939617827685e-06,-7.897097037420396e-08,1.6532852963914221e-06,1.8831570415607596e-11,1.6551702889509332e-06,1.1377421731961652e-05
E3,scattered_projection,bottom,-7,0,p,-8.402596394523482e-15,-4.160609123827935e-15,-8.402712893135752e-15,-4.160553031257741e-15,1.2929927722833363e-19,1e-12,1.2929927722833364e-07
E3,scattered_projection,bottom,-7,1,s,-7.510154510963282e-10,6.715515215490568e-08,-7.511016558430506e-10,6.715524461809472e-08,1.2641479219050704e-13,6.715944485635323e-08,1.8823084744207545e-06
E3,scattered_projection,bottom,-7,1,p,7.306289326704907e-09,-2.265781467877897e-07,7.3062448406001806e-09,-2.2657796960302462e-07,1.826840291025765e-13,2.2669573777003382e-07,8.058555970200728e-07
E3,scattered_projection,bottom,-7,2,s,3.6063690947376595e-14,1.2137976587590051e-14,3.601081717420139e-14,1.1323691094499428e-14,8.160003064629462e-16,1e-12,0.0008160003064629462
E3,scattered_projection,bottom,-7,2,p,-1.532420303117848e-13,8.286149062111834e-14,-1.5163624060604858e-13,8.278678993002101e-14,1.6075262897691089e-15,1e-12,0.0016075262897691088
E3,scattered_projection,bottom,-6,-2,s,-4.0023826489688185e-14,5.5749758939152755e-14,-3.9718613044431054e-14,5.592943263489824e-14,3.5417211085652635e-16,1e-12,0.00035417211085652636
E3,scattered_projection,bottom,-6,-2,p,-1.04402846373387e-13,-1.8224069196970528e-13,-1.0377336326250085e-13,-1.8323029555514792e-13,1.1728445093923664e-15,1e-12,0.0011728445093923663
E3,scattered_projection,bottom,-6,-1,s,-1.5882295154313317e-08,-2.6512751574794646e-08,-1.58822966765701e-08,-2.6512753911783585e-08,2.78904697159671e-15,3.090588079491322e-08,9.024324497025039e-08
E3,scattered_projection,bottom,-6,-1,p,-3.017924704253772e-08,-3.375185385259995e-08,-3.0179247375426546e-08,-3.375185705747037e-08,3.2221125652213884e-15,4.527664770027815e-08,7.11649984899742e-08
E3,scattered_projection,bottom,-6,0,s,4.1495212781695226e-05,1.303049104763996e-05,4.1495219605107036e-05,1.3030506122118098e-05,1.654686797723782e-11,4.34930723204813e-05,3.8044835865609205e-07
E3,scattered_projection,bottom,-6,0,p,-7.933751358301321e-14,7.248221631070596e-14,-7.933753239595354e-14,7.248220222383641e-14,2.350248109557352e-20,1e-12,2.3502481095573522e-08
E3,scattered_projection,bottom,-6,1,s,-1.5882300872112077e-08,-2.6512748307752934e-08,-1.5882302387418867e-08,-2.6512750642125176e-08,2.7830645760718907e-15,3.090588092478388e-08,9.004967639799939e-08
E3,scattered_projection,bottom,-6,1,p,3.017925230900279e-08,3.375185525166522e-08,3.017925263497174e-08,3.375185845994903e-08,3.2248008883474316e-15,4.527665225152895e-08,7.122436682006525e-08
E3,scattered_projection,bottom,-6,2,s,1.720607046561841e-14,-1.3100998927765528e-14,1.7139331074222484e-14,-1.304061974413162e-14,8.999884543812634e-17,1e-12,8.999884543812634e-05
E3,scattered_projection,bottom,-6,2,p,-6.103541481114649e-15,2.899172112127746e-14,-6.3092667600254146e-15,2.8830379177294156e-14,2.6144619574823376e-16,1e-12,0.0002614461957482338
E3,scattered_projection,bottom,-5,-2,s,-3.331391389373205e-14,-4.092384630603609e-14,-3.3325071810726974e-14,-4.0903817989191465e-14,2.2926678505493028e-17,1e-12,2.292667850549303e-05
E3,scattered_projection,bottom,-5,-2,p,-1.606833484959685e-14,6.001582786554673e-15,-1.593625533259542e-14,6.07263380680574e-15,1.499774859438879e-16,1e-12,0.00014997748594388792
E3,scattered_projection,bottom,-5,-1,s,-3.8398765973558635e-07,6.15715832660684e-07,-3.839876587846451e-07,6.15715832353268e-07,9.993967287252008e-16,7.256393789682245e-07,1.3772636349287268e-09
E3,scattered_projection,bottom,-5,-1,p,-1.0463062902510002e-06,7.177082688279602e-07,-1.0463062885214875e-06,7.177082682884006e-07,1.8117226179554012e-15,1.2688033763231973e-06,1.4278986419515235e-09
E3,scattered_projection,bottom,-5,0,s,-1.310281591728775e-05,2.3960535187549118e-05,-1.3102816059258408e-05,2.3960535082212365e-05,1.7678093500503174e-13,2.730917483390316e-05,6.4733166080714335e-09
E3,scattered_projection,bottom,-5,0,p,5.24105692732255e-16,-1.6776949097145426e-15,5.240393940267665e-16,-1.677729791557506e-15,7.491502731751294e-20,1e-12,7.491502731751295e-08
E3,scattered_projection,bottom,-5,1,s,-3.8398766227776823e-07,6.157158359735183e-07,-3.839876613296981e-07,6.1571583567883e-07,9.928132273713668e-16,7.25639383136783e-07,1.36819093677034e-09
E3,scattered_projection,bottom,-5,1,p,1.0463062913620548e-06,-7.177082667816602e-07,1.046306289634772e-06,-7.177082662706756e-07,1.8012803304039574e-15,1.2688033760999152e-06,1.4196686140139265e-09
E3,scattered_projection,bottom,-5,2,s,-4.951794661575571e-15,6.955292327842762e-15,-4.98667189323466e-15,6.979138916366621e-15,4.2250219791475805e-17,1e-12,4.225021979147581e-05
E3,scattered_projection,bottom,-5,2,p,-3.591295546190926e-16,-1.317743541995663e-14,-5.124111791802519e-16,-1.3442596025995998e-14,3.0627667789642935e-16,1e-12,0.00030627667789642933
E3,scattered_projection,bottom,-4,-2,s,-1.0884384269080802e-13,-7.670182466066303e-14,-1.0883900091371199e-13,-7.670078451450167e-14,4.952242874155533e-18,1e-12,4.952242874155533e-06
E3,scattered_projection,bottom,-4,-2,p,-4.011261239715809e-14,4.807640351495722e-14,-4.00651183419969e-14,4.791070827297197e-14,1.7236762599805554e-16,1e-12,0.00017236762599805554
E3,scattered_projection,bottom,-4,-1,s,9.141953144402665e-07,1.1354877877591453e-06,9.141953144050955e-07,1.1354877877493633e-06,3.650590014617925e-17,1.4577673302033403e-06,2.50423365854187e-11
E3,scattered_projection,bottom,-4,-1,p,5.665842873324963e-06,4.777704939033998e-06,5.665842873075023e-06,4.7777049388528605e-06,3.086756238323239e-16,7.41135884606285e-06,4.1648991803480446e-11
E3,scattered_projection,bottom,-4,0,s,2.0437976399342693e-05,-4.950541064843893e-06,2.0437976401049867e-05,-4.950541063850119e-06,1.9753560094920747e-15,2.1028997508077687e-05,9.393486345382362e-11
E3,scattered_projection,bottom,-4,0,p,-2.0608199056267668e-15,-9.668877486036508e-16,-2.060726632085078e-15,-9.668756146020532e-16,9.405948954735095e-20,1e-12,9.405948954735095e-08
E3,scattered_projection,bottom,-4,1,s,9.141953123493161e-07,1.1354877949801354e-06,9.141953123101341e-07,1.135487794970628e-06,4.0318949793870947e-17,1.4577673345143533e-06,2.7658014306722664e-11
E3,scattered_projection,bottom,-4,1,p,-5.66584287780602e-06,-4.777704938198085e-06,-5.665842877529006e-06,-4.777704938024219e-06,3.2705661104528927e-16,7.4113588489336545e-06,4.412910205965079e-11
E3,scattered_projection,bottom,-4,2,s,-1.2416550745062034e-13,-2.1980370462206312e-14,-1.2417023763697233e-13,-2.198276262537417e-14,5.300670480815264e-18,1e-12,5.300670480815264e-06
E3,scattered_projection,bottom,-4,2,p,4.704783949655179e-14,-6.457221153561702e-14,4.714375980590682e-14,-6.473043267628455e-14,1.8502603898072837e-16,1e-12,0.00018502603898072837
E3,scattered_projection,bottom,-3,-2,s,8.596545435908586e-14,-1.2287274847356316e-14,8.596139488375324e-14,-1.229376822198779e-14,7.65788835650957e-18,1e-12,7.65788835650957e-06
E3,scattered_projection,bottom,-3,-2,p,-2.868072312898581e-14,-4.6781803947206393e-14,-2.8563999370199895e-14,-4.686167596274468e-14,1.4143540833631286e-16,1e-12,0.00014143540833631287
E3,scattered_projection,bottom,-3,-1,s,4.5035566675595966e-06,1.0609423353203252e-06,4.503556667568791e-06,1.0609423353201448e-06,9.196312579772487e-18,4.626837072653184e-06,1.9876024237220467e-12
E3,scattered_projection,bottom,-3,-1,p,-1.0710897166094465e-05,-2.1575825685622492e-06,-1.0710897166126057e-05,-2.15758256856509e-06,3.172011296052761e-17,1.092604597480274e-05,2.903164880843391e-12
E3,scattered_projection,bottom,-3,0,s,6.169450977913614e-06,7.526484172747656e-06,6.169450977811225e-06,7.5264841727046506e-06,1.1105429035697836e-16,9.731910879657165e-06,1.1411355049409431e-11
E3,scattered_projection,bottom,-3,0,p,5.611700603975402e-16,2.7777891324565037e-15,5.61178214669128e-16,2.777788372111574e-15,8.189644042249788e-21,1e-12,8.189644042249788e-09
E3,scattered_projection,bottom,-3,1,s,4.503556668663929e-06,1.0609423383323587e-06,4.503556668660941e-06,1.060942338325846e-06,7.165501266179442e-18,4.626837074405447e-06,1.5486824262339552e-12
E3,scattered_projection,bottom,-3,1,p,1.0710897164835384e-05,2.1575825716877538e-06,1.071089716482281e-05,2.157582571664123e-06,2.676851969225412e-17,1.0926045974137124e-05,2.4499731884359146e-12
E3,scattered_projection,bottom,-3,2,s,8.247295557110318e-14,-4.212323083332695e-14,8.246206310683345e-14,-4.212657508976915e-14,1.1394289316080446e-17,1e-12,1.1394289316080446e-05
E3,scattered_projection,bottom,-3,2,p,2.6855793013723843e-14,3.8176611123991553e-14,2.6814507242557557e-14,3.8357379996709256e-14,1.8542356981900626e-16,1e-12,0.00018542356981900626
E3,scattered_projection,bottom,-2,-2,s,6.170362869317029e-14,1.2864649796625763e-14,6.191948865188091e-14,1.2810461744579162e-14,2.225575583060561e-16,1e-12,0.0002225575583060561
E3,scattered_projection,bottom,-2,-2,p,-1.2159227285837726e-14,4.0593142425211486e-14,-1.188315839380786e-14,4.1761021899627676e-14,1.2000652065238928e-15,1e-12,0.0012000652065238928
E3,scattered_projection,bottom,-2,-1,s,2.980466850426061e-06,2.829470833969335e-07,2.9804668504044404e-06,2.829470834082291e-07,2.4393389848355534e-17,2.9938673481583964e-06,8.147785793969972e-12
E3,scattered_projection,bottom,-2,-1,p,-2.4500664009092667e-06,-2.2582175185474052e-07,-2.4500664008702384e-06,-2.2582175187270648e-07,4.296492978248206e-17,2.460451347271899e-06,1.7462214739633337e-11
E3,scattered_projection,bottom,-2,0,s,4.1641692072330836e-05,3.9398385191177794e-05,4.1641692072340804e-05,3.939838519109524e-05,8.315481295947178e-17,5.732593893093739e-05,1.450561726684518e-12
E3,scattered_projection,bottom,-2,0,p,1.6528580430314463e-15,-2.102290953494534e-15,1.6530156551325132e-15,-2.102182590255969e-15,1.9126987707168265e-19,1e-12,1.9126987707168265e-07
E3,scattered_projection,bottom,-2,1,s,2.9804668482799966e-06,2.8294707586800274e-07,2.9804668482847023e-06,2.8294707587097386e-07,5.565170958673536e-18,2.9938673453358086e-06,1.8588568953609787e-12
E3,scattered_projection,bottom,-2,1,p,2.450066399030961e-06,2.2582175627713836e-07,2.4500663990402407e-06,2.2582175628373445e-07,1.1385103711033438e-17,2.460451345854472e-06,4.627241961201874e-12
E3,scattered_projection,bottom,-2,2,s,1.0413624406843323e-14,1.0056580780167416e-14,1.0445113368410057e-14,1.0057426220558398e-14,3.1500309046197555e-17,1e-12,3.1500309046197555e-05
E3,scattered_projection,bottom,-2,2,p,2.4349444166573822e-14,-2.345739473067724e-14,2.4402520838469735e-14,-2.364567342550116e-14,1.956169727404704e-16,1e-12,0.0001956169727404704
E3,scattered_projection,bottom,-1,-2,s,-3.573969184843357e-14,4.614078146149977e-14,-3.613900557201324e-14,4.6476579832811734e-14,5.217393947315336e-16,1e-12,0.0005217393947315336
E3,scattered_projection,bottom,-1,-2,p,-7.864561826147258e-14,-1.3462924851220227e-13,-7.9550169695174e-14,-1.3567536271298844e-13,1.3829563323900623e-15,1e-12,0.0013829563323900624
E3,scattered_projection,bottom,-1,-1,s,-3.0087377429621365e-05,-3.2251584199185406e-05,-3.0087377429632637e-05,-3.225158419918069e-05,1.2219180217388028e-17,4.410685846838345e-05,2.7703583165296036e-13
E3,scattered_projection,bottom,-1,-1,p,9.329453427035929e-06,9.994406397906573e-06,9.329453427056918e-06,9.994406397896089e-06,2.3462404163687745e-17,1.3672119824443112e-05,1.7160765459165663e-12
E3,scattered_projection,bottom,-1,0,s,-2.3508660669298047e-05,-5.982065004753606e-07,-2.350866066932769e-05,-5.982065005037553e-07,4.10481466913271e-17,2.351627048413161e-05,1.7455211156473861e-12
E3,scattered_projection,bottom,-1,0,p,-3.592361446185158e-15,4.850469575917048e-15,-3.592349606115252e-15,4.849911919295123e-15,5.577823009308951e-19,1e-12,5.577823009308951e-07
E3,scattered_projection,bottom,-1,1,s,-3.0087377424613184e-05,-3.2251584191569096e-05,-3.0087377424613723e-05,-3.225158419156472e-05,4.4104900639986035e-18,4.41068584593909e-05,9.999556119054212e-14
E3,scattered_projection,bottom,-1,1,p,-9.32945342709404e-06,-9.994406398914752e-06,-9.329453427094702e-06,-9.994406398905398e-06,9.378053335643775e-18,1.3672119825206705e-05,6.859253323946047e-13
E3,scattered_projection,bottom,-1,2,s,-3.4652150994517474e-14,-5.014875180759422e-14,-3.434558864048838e-14,-5.016580228846789e-14,3.070361473929136e-16,1e-12,0.00030703614739291364
E3,scattered_projection,bottom,-1,2,p,-2.931999547681141e-14,1.9206537012969346e-14,-2.934518843253737e-14,1.8347612780839833e-14,8.592936177800249e-16,1e-12,0.0008592936177800249
E3,scattered_projection,bottom,0,-2,s,1.0727525166687792e-13,-9.701523656646998e-14,1.0807212443135761e-13,-8.874099396630657e-14,8.312526499754963e-15,1e-12,0.008312526499754964
E3,scattered_projection,bottom,0,-2,p,8.189269872510942e-14,6.638676769328393e-14,6.691679253038463e-14,6.460500220329711e-14,1.5081526932459604e-14,1e-12,0.015081526932459604
E3,scattered_projection,bottom,0,-1,s,-4.9676449595673856e-09,3.72846595606601e-11,-4.967645217780338e-09,3.7285476076140897e-11,8.563710989520881e-16,4.967785141938215e-09,1.7238489074790565e-07
E3,scattered_projection,bottom,0,-1,p,1.8682027253510454e-09,4.606715823580854e-10,1.8682018428065607e-09,4.606707428731606e-10,1.2180392877426882e-15,1.924161027254512e-09,6.33023572606419e-07
E3,scattered_projection,bottom,0,0,s,2.9155825049695953e-05,-0.19235525139936777,2.915582504970036e-05,-0.19235525139936788,1.1110977342546143e-16,0.19235525360898298,5.776279635768295e-16
E3,scattered_projection,bottom,0,0,p,1.0552494613458778e-13,-2.1032555190167294e-14,1.0583029423441397e-13,-1.570720486742348e-14,5.334097254645355e-15,1e-12,0.0053340972546453555
E3,scattered_projection,bottom,0,1,s,-4.96761602208851e-09,3.7284624600240354e-11,-4.967615675865589e-09,3.728537755079646e-11,8.287369010926515e-16,4.967755600116077e-09,1.6682320303222792e-07
E3,scattered_projection,bottom,0,1,p,-1.8682015079771357e-09,-4.6067272785053523e-10,-1.8682004626377646e-09,-4.606726256454947e-10,1.0503238886690835e-15,1.924160137987239e-09,5.458609540512419e-07
E3,scattered_projection,bottom,0,2,s,-7.14739706511455e-14,4.6962626304630285e-14,-7.259532838170578e-14,5.24396884902483e-14,5.590675571432679e-15,1e-12,0.005590675571432679
E3,scattered_projection,bottom,0,2,p,3.9460727751126373e-14,-8.59940088743534e-15,4.929436556779644e-14,-2.447858635889604e-15,1.159922000748309e-14,1e-12,0.01159922000748309
E3,scattered_projection,bottom,1,-2,s,4.656990999110499e-13,5.564377089671263e-13,4.618253255370956e-13,5.566747603656128e-13,3.88102064743668e-15,1e-12,0.00388102064743668
E3,scattered_projection,bottom,1,-2,p,-1.495458569138971e-12,1.4795244524286276e-12,-1.4955966820469313e-12,1.473840422394762e-12,5.685707748489224e-15,2.0997654692928353e-12,0.0027077822888496553
E3,scattered_projection,bottom,1,-1,s,-1.719592480115025e-08,3.5768592559405417e-08,-1.719592409830677e-08,3.5768592906722495e-08,7.839758368101336e-16,3.968742929595675e-08,1.97537570640788e-08
E3,scattered_projection,bottom,1,-1,p,-5.893036494243777e-08,-2.6085053658594747e-08,-5.89303653062855e-08,-2.6085053081812046e-08,6.819556094812512e-16,6.444546492510709e-08,1.0581902237399647e-08
E3,scattered_projection,bottom,1,0,s,6.466115719819909e-05,-1.3723165306046135e-05,6.466115719728353e-05,-1.3723165304021504e-05,2.2220192221151798e-15,6.61013654628504e-05,3.3615330130570086e-11
E3,scattered_projection,bottom,1,0,p,-3.992166890517081e-14,3.412566773966266e-14,-3.9893797272498474e-14,3.4126822725605664e-14,2.7895553415374504e-17,1e-12,2.7895553415374504e-05
E3,scattered_projection,bottom,1,1,s,-1.719592512648382e-08,3.576861434047539e-08,-1.7195924425864508e-08,3.576861340459665e-08,1.1690750366278918e-15,3.9687447911745785e-08,2.9457047458118255e-08
E3,scattered_projection,bottom,1,1,p,5.893050123711603e-08,2.6084792116317322e-08,5.893050048492759e-08,2.608479165748088e-08,8.810892835430309e-16,6.444548272158597e-08,1.3671854819514148e-08
E3,scattered_projection,bottom,1,2,s,1.518387729596638e-13,8.810532731022579e-14,1.558977186467206e-13,9.359354425600463e-14,6.826094442242278e-15,1e-12,0.006826094442242279
E3,scattered_projection,bottom,1,2,p,2.6889976005647587e-13,-6.962883221734911e-13,2.76610628438363e-13,-7.030088335890382e-13,1.0228527014643203e-14,1e-12,0.010228527014643203
E3,scattered_projection,bottom,2,-2,s,-5.536766439986961e-13,9.644783731044086e-13,-5.439020108718229e-13,9.65879751289801e-13,9.874579159815421e-15,1.10849135828028e-12,0.008908124620055588
E3,scattered_projection,bottom,2,-2,p,-7.39813366086154e-12,-3.914258514439894e-13,-7.402146900353082e-12,-3.804447524449714e-13,1.1691476657920467e-14,7.411917224582966e-12,0.0015773889944619953
E3,scattered_projection,bottom,2,-1,s,1.7069122105561933e-06,1.3106390841497689e-06,1.7069122092041884e-06,1.3106390851922608e-06,1.7072512736413134e-15,2.152051138231601e-06,7.933135246238657e-10
E3,scattered_projection,bottom,2,-1,p,2.8932262337611035e-07,4.860591248990291e-06,2.8932262260721683e-07,4.8605912484466304e-06,9.416814535546694e-16,4.869194477983837e-06,1.9339573677175997e-10
E3,scattered_projection,bottom,2,0,s,1.5132150565607915e-05,3.2434619721624955e-08,1.5132150580944486e-05,3.243463220806922e-08,1.9776797536501684e-14,1.5132185341507851e-05,1.306935983810189e-09
E3,scattered_projection,bottom,2,0,p,1.2595338518344674e-13,6.108561523833292e-13,1.2588253286623194e-13,6.108533110390731e-13,7.090926661507325e-17,1e-12,7.090926661507325e-05
E3,scattered_projection,bottom,2,1,s,1.706911919136887e-06,1.3106391002887975e-06,1.706911911415232e-06,1.3106390923993967e-06,1.1039320573775728e-14,2.1520509064278e-06,5.129674461139932e-09
E3,scattered_projection,bottom,2,1,p,-2.8932145886456764e-07,-4.8605908687461835e-06,-2.893214635386291e-07,-4.86059086452482e-06,6.298155109613136e-15,4.869194025869813e-06,1.293469735679317e-09
E3,scattered_projection,bottom,2,2,s,-4.0780460637097085e-13,-2.1748115746535206e-12,-4.148175435483598e-13,-2.162449219908123e-12,1.421299063199096e-14,2.2018765231312915e-12,0.006454944445194704
E3,scattered_projection,bottom,2,2,p,-7.264984346713936e-12,-2.5650490937220188e-12,-7.25361318004765e-12,-2.557119766595189e-12,1.3862815732625919e-14,7.691148527136426e-12,0.001802437657225602
E3,scattered_projection,bottom,3,-2,s,-1.0892011995296926e-12,-6.938247471952254e-12,-1.0808344919768759e-12,-6.9456987728372905e-12,1.1203735098336769e-14,7.029291190585317e-12,0.00159386413147068
E3,scattered_projection,bottom,3,-2,p,2.939252700164538e-11,1.098661964985367e-12,2.9393667641606764e-11,1.1070839356853235e-12,8.498861688040088e-15,2.941450887344362e-11,0.000288934339329158
E3,scattered_projection,bottom,3,-1,s,-1.1867921424269882e-05,-1.9837117750269172e-06,-1.1867921394738063e-05,-1.983711739633349e-06,4.609591085906898e-14,1.203256707846005e-05,3.830929057656117e-09
E3,scattered_projection,bottom,3,-1,p,-2.246126214819084e-05,-4.5579979535202237e-05,-2.2461262163339608e-05,-4.5579979524037604e-05,1.8818453290909063e-14,5.081380551958256e-05,3.7034134913703385e-10
E3,scattered_projection,bottom,3,0,s,1.105538343861997e-05,-5.331277956111897e-06,1.1055383429221182e-05,-5.33127785846049e-06,9.810267253105472e-14,1.2273712819322824e-05,7.992909234164998e-09
E3,scattered_projection,bottom,3,0,p,-1.0634593980877111e-12,4.871221571418929e-12,-1.063475384204902e-12,4.871220171127049e-12,1.604732875554762e-17,4.985956863873253e-12,3.218505332812193e-06
E3,scattered_projection,bottom,3,1,s,-1.1867921263749012e-05,-1.983711434978937e-06,-1.1867921214786916e-05,-1.98371143406079e-06,4.897070364984489e-14,1.2032566850593968e-05,4.069846796440406e-09
E3,scattered_projection,bottom,3,1,p,2.2461273924169826e-05,4.557997312586876e-05,2.246127392613583e-05,4.557997310325637e-05,2.26976897025932e-14,5.0813804959661145e-05,4.466835286318728e-10
E3,scattered_projection,bottom,3,2,s,-5.473192561673243e-13,-2.6061602105456537e-12,-4.240030248962801e-13,-2.531493426547211e-12,1.4415970840551713e-13,2.5667562279602897e-12,0.05616416036519204
E3,scattered_projection,bottom,3,2,p,-1.154529537006101e-11,-6.1070725262301464e-12,-1.1476753098075057e-11,-6.219432549689087e-12,1.3161617651599678e-13,1.3053627959854973e-11,0.01008272772295703
E3,scattered_projection,bottom,4,-2,s,-9.958223294595513e-12,-1.0233048082598926e-11,-9.823848513168198e-12,-1.0146401608272e-11,1.598880652110254e-13,1.412294109617475e-11,0.011321159248786477
E3,scattered_projection,bottom,4,-2,p,-1.7979083890954738e-11,-6.054088191768295e-11,-1.8066066388328523e-11,-6.044418938824387e-11,1.30059217661447e-13,6.308631218853569e-11,0.0020616075524078886
E3,scattered_projection,bottom,4,-1,s,-6.614166783495487e-06,1.0047325337571245e-05,-6.614166420418332e-06,1.0047324998952272e-05,4.964754066015426e-13,1.2028962427057485e-05,4.12733358851292e-08
E3,scattered_projection,bottom,4,-1,p,-4.3470338701963864e-05,-4.7151153677513975e-05,-4.347033859744069e-05,-4.715115365709641e-05,1.0649869029472672e-13,6.413190804093746e-05,1.6606193944322564e-09
E3,scattered_projection,bottom,4,0,s,-0.0006085104343933551,-0.0001311881517015069,-0.0006085104335575933,-0.0001311881316733649,2.0045572309657005e-11,0.0006224911835844732,3.2202178662562184e-08
E3,scattered_projection,bottom,4,0,p,2.3402939475609282e-11,-1.153448703811953e-11,2.3403661087836336e-11,-1.1534453778684884e-11,7.223782916358604e-16,2.6091664881469767e-11,2.768617084871773e-05
E3,scattered_projection,bottom,4,1,s,-6.614168462668216e-06,1.0047320876814574e-05,-6.6141680182170555e-06,1.004732038042738e-05,6.662860351381331e-13,1.2028959447938825e-05,5.539016388090841e-08
E3,scattered_projection,bottom,4,1,p,4.3470342283721625e-05,4.715117569437887e-05,4.3470342108803175e-05,4.7151175650073496e-05,1.8044231794690753e-13,6.413192659074317e-05,2.8136113717337266e-09
E3,scattered_projection,bottom,4,2,s,-1.1873161479766055e-11,-4.923628771090969e-12,-1.1941985840095388e-11,-4.737121150401103e-12,1.9880111958974724e-13,1.2847230931162411e-11,0.015474238818851823
E3,scattered_projection,bottom,4,2,p,1.9065777671104873e-11,1.3868719645621751e-11,1.9229498124823014e-11,1.3940488960897281e-11,1.7876023489801187e-13,2.375101746455235e-11,0.007526424295919361
E3,scattered_projection,bottom,5,-2,s,2.6320902824440654e-11,-8.839142735691932e-12,2.586693782461632e-11,-8.97510528002864e-12,4.738882088932145e-13,2.7379755061179135e-11,0.017307978388934723
E3,scattered_projection,bottom,5,-2,p,-4.3878587305978574e-11,1.0527705506782759e-10,-4.3813772388304954e-11,1.050135344979163e-10,2.7137439879143465e-13,1.1378703387749963e-10,0.0023849325317996228
E3,scattered_projection,bottom,5,-1,s,2.6810288557295794e-05,-2.6590281258141476e-05,2.6810219264611075e-05,-2.659024804069472e-05,7.684318398302727e-11,3.7760152911266024e-05,2.0350337077183957e-06
E3,scattered_projection,bottom,5,-1,p,0.0004537599985781257,0.0005878090809526706,0.0004537600021898721,0.0005878090943570303,1.38824195473636e-11,0.0007425750271832369,1.8694972277781693e-08
E3,scattered_projection,bottom,5,0,s,0.004465944116618987,0.0019569604539141504,0.004465943807493368,0.0019569563608128632,4.1047578242073115e-09,0.004875892973580766,8.418474003527713e-07
E3,scattered_projection,bottom,5,0,p,-8.950437975959496e-11,3.1272168163839745e-11,-8.950649341556755e-11,3.127199746640951e-11,2.1205374750647327e-15,9.481218375868241e-11,2.2365664316539326e-05
E3,scattered_projection,bottom,5,1,s,2.681029875462059e-05,-2.659026815484578e-05,2.6810229182360182e-05,-2.6590235271671856e-05,7.69519495888022e-11,3.7760150961212265e-05,2.037914246366448e-06
E3,scattered_projection,bottom,5,1,p,-0.00045376009447475635,-0.0005878089871954189,-0.0004537600982144095,-0.0005878090005035177,1.3823548696106763e-11,0.0007425750115675149,1.8615693338409525e-08
E3,scattered_projection,bottom,5,2,s,1.8298132544792333e-11,9.509341065031733e-12,1.813390990188273e-11,7.838073240238134e-12,1.679316890474976e-12,1.9755355740885498e-11,0.08500565175849897
E3,scattered_projection,bottom,5,2,p,1.408150109495448e-10,-4.4242046732140454e-11,1.395676555782188e-10,-4.411218831434484e-11,1.2540967391107493e-12,1.4637286511331439e-10,0.008567822582005837
E3,scattered_projection,bottom,6,-2,s,7.27140348015822e-11,7.163025197323764e-12,6.997851448306552e-11,3.1585184477414044e-12,4.849654185657806e-12,7.004975894349199e-11,0.06923156137582064
E3,scattered_projection,bottom,6,-2,p,-3.11559333758791e-10,-2.3225769275389517e-10,-3.0905824720912206e-10,-2.338865537652214e-10,2.984731499340182e-12,3.875821463898287e-10,0.0077009003823879695
E3,scattered_projection,bottom,6,-1,s,-0.00034793113881583215,-0.00013676800674817426,-0.00034793010133064557,-0.00013676731284184367,1.2481512360256404e-09,0.0003738457613427388,3.3386796510482443e-06
E3,scattered_projection,bottom,6,-1,p,-0.00046263660104772325,-0.0009549795333726467,-0.000462636886748243,-0.000954979486433861,2.8953071789989025e-10,0.0010611402869034742,2.728486718233771e-07
E3,scattered_projection,bottom,6,0,s,-0.1735407643519832,-0.12587016511852855,-0.17354073588947613,-0.12586873765464135,1.427747619007822e-06,0.21438126348128894,6.659852618754787e-06
E3,scattered_projection,bottom,6,0,p,1.596480137118918e-09,-6.079342998998723e-11,1.5964791274280224e-09,-6.079348427179427e-11,1.011148959945188e-15,1.597636207665326e-09,6.329031321985438e-07
E3,scattered_projection,bottom,6,1,s,-0.00034793120414543526,-0.00013676790195497085,-0.00034793016710599645,-0.0001367672074043249,1.248139173899958e-09,0.00037384578398530087,3.3386471838586613e-06
E3,scattered_projection,bottom,6,1,p,0.0004626370879748239,0.0009549792915475207,0.00046263737393527365,0.0009549792447042629,2.897717543679362e-10,0.0010611402817618653,2.7307582168760323e-07
E3,scattered_projection,bottom,6,2,s,-6.525287078896507e-11,-5.538441451645769e-11,-6.575373747924724e-11,-5.889568642956563e-11,3.5468151755081555e-12,8.827375528717175e-11,0.04017972458484035
E3,scattered_projection,bottom,6,2,p,3.230443080026823e-10,8.41393980721627e-11,3.21087915038801e-10,8.458382980673474e-11,2.0062385191743742e-12,3.3204197543193085e-10,0.00604212318808366
E3,scattered_projection,bottom,7,-2,s,2.6791254901265867e-11,-9.98792335452708e-11,2.522461504134879e-11,-1.0909492476912157e-10,9.347904855316037e-12,1.1197313880732528e-10,0.08348345821939661
E3,scattered_projection,bottom,7,-2,p,-2.51824941244575e-09,7.503771969227377e-10,-2.512592098159119e-09,7.498812333479274e-10,5.679012661128555e-12,2.6221061984326745e-09,0.002165820997075977
E3,scattered_projection,bottom,7,-1,s,0.015510053028588216,-0.003004024430764597,0.015509960619985198,-0.003004068039882375,1.0218172569063699e-07,0.01579820569627242,6.467932349731762e-06
E3,scattered_projection,bottom,7,-1,p,0.0364248234359626,0.022533296044352367,0.036424835050501446,0.022533280443362582,1.9449637396009306e-08,0.04283126586963623,4.540990559374866e-07
E3,scattered_projection,bottom,7,0,s,0.21820496746480117,-0.00891506566923683,0.21820389411877023,-0.008921297071661765,6.323167551442924e-06,0.218386192214701,2.895406292549145e-05
E3,scattered_projection,bottom,7,0,p,-1.416395829372411e-09,-8.417484938767345e-10,-1.4163703301926865e-09,-8.417473386112211e-10,2.552533653120343e-14,1.6476175206367569e-09,1.5492270634108467e-05
E3,scattered_projection,bottom,7,1,s,0.015510052674319192,-0.003004024836667686,0.015509960274953556,-0.003004068443016049,1.0217218989294725e-07,0.015798205434192907,6.46732885697324e-06
E3,scattered_projection,bottom,7,1,p,-0.03642482436902516,-0.022533296659176447,-0.03642483598294275,-0.022533281060710626,1.9447241907123214e-08,0.042831266987392064,4.5404311557834047e-07
E3,scattered_projection,bottom,7,2,s,1.2828461195640698e-11,1.4862961003951975e-10,7.979941404736793e-12,1.509445274165444e-10,5.372800631443307e-12,1.5115531688242714e-10,0.03554490005550002
E3,scattered_projection,bottom,7,2,p,1.1355559365654798e-09,1.0164362643207382e-09,1.1370122366281962e-09,1.0196200963670962e-09,3.5010850278284265e-12,1.527226887910863e-09,0.00229244590672291
E3,scattered_projection,bottom,8,-2,s,-5.80560304906928e-10,-7.792118078290467e-10,-5.769839281942326e-10,-7.795252015732541e-10,3.590081618851933e-12,9.698298785262649e-10,0.003701764297370744
E3,scattered_projection,bottom,8,-2,p,-1.0723141687055886e-09,6.626994201626759e-09,-1.0714624151466054e-09,6.628616660411482e-09,1.8324455335329627e-12,6.714654908314833e-09,0.0002729024139816664
E3,scattered_projection,bottom,8,-1,s,-0.017753072120089995,-0.167237360438905,-0.01775185791471568,-0.1672320846408607,5.4137177332415935e-06,0.1681716343285997,3.219162229620387e-05
E3,scattered_projection,bottom,8,-1,p,-0.08240213400547419,-0.48811805093741045,-0.0824036380805471,-0.4881180878819604,1.5045287384124263e-06,0.4950248754218832,3.0392992617395174e-06
E3,scattered_projection,bottom,8,0,s,0.02134526494316495,-0.3891599983267264,0.021346824296429753,-0.38902983664711555,0.00013017101989965622,0.38961506735395135,0.0003341016064489121
E3,scattered_projection,bottom,8,0,p,3.343494097020627e-09,-3.4561797763249735e-10,3.343426478938329e-09,-3.456192739845485e-10,6.763050777802225e-14,3.3612428211326175e-09,2.0120684930234586e-05
E3,scattered_projection,bottom,8,1,s,-0.01775307119194567,-0.167237361483979,-0.01775185698166604,-0.16723208566828626,5.41373603224831e-06,0.16817163525179435,3.219173093097783e-05
E3,scattered_projection,bottom,8,1,p,0.08240213339562558,0.48811804409080245,0.08240363747449844,0.4881180810339627,1.5045325031022907e-06,0.4950248685685465,3.039306908868876e-06
E3,scattered_projection,bottom,8,2,s,-1.2032904733544936e-09,-4.5616068687284047e-10,-1.194006184965462e-09,-4.2985135712919604e-10,2.789944161538934e-11,1.2690244122796016e-09,0.021984952649785835
E3,scattered_projection,bottom,8,2,p,2.287964747456227e-10,-5.7132558723450676e-09,2.414635190322126e-10,-5.71867291782367e-09,1.3776733744820505e-11,5.7237683891011264e-09,0.002406934174879154
E3,outgoing_origin,top,-8,-2,s,0.0,0.0,-3694030782249036.5,2.120546401244801e+16,2.152481283085711e+16,2.152481283085711e+16,1.0
E3,outgoing_origin,top,-8,-2,p,0.0,0.0,1.3012681029305522e+17,-2.57496189482055e+17,2.885087075892566e+17,2.885087075892566e+17,1.0
E3,outgoing_origin,top,-8,-1,s,3514348946933.1167,-39788530264064.836,3514388572570.065,-39788806509874.64,279073356.9121235,39943711025883.08,6.986665728962616e-06
E3,outgoing_origin,top,-8,-1,p,-18046964764006.344,63624335038026.695,-18046780801716.82,63624281321965.43,191644303.86681837,66134223145371.68,2.8978083472086622e-06
E3,outgoing_origin,top,-8,0,s,262884235.46541083,1535125097.6493435,264006303.71060047,1533999312.8048697,1589474.335404613,1556551708.1307468,0.0010211510013460477
E3,outgoing_origin,top,-8,0,p,0.8075343794921944,0.6835035059693766,0.8065032190399787,0.6824790394587018,0.0014535554718372232,1.0565155378044944,0.0013758013203078894
E3,outgoing_origin,top,-8,1,s,3514348722822.124,-39788530534901.13,3514388318532.8237,-39788806692045.3,278981340.9148821,39943711184996.17,6.9843620594691835e-06
E3,outgoing_origin,top,-8,1,p,18046964888370.203,-63624335001138.28,18046781006325.957,-63624281240192.19,191579867.21213028,66134223122535.88,2.8968340167414406e-06
E3,outgoing_origin,top,-8,2,s,0.0,0.0,2.4806240662628476e+16,1.642934436104708e+16,2.975353646116898e+16,2.975353646116898e+16,1.0
E3,outgoing_origin,top,-8,2,p,0.0,0.0,-1.804053235252874e+17,2.2596079416699174e+17,2.891441876587549e+17,2.891441876587549e+17,1.0
E3,outgoing_origin,top,-7,-2,s,3948017066.0661144,2979989143.2695217,3892870204.4538183,2228373085.6143093,753636433.8796588,4485541777.468419,0.1680145835816964
E3,outgoing_origin,top,-7,-2,p,17623359726.338055,20995365942.216217,19332088238.701748,20813525781.33473,1718376842.5680223,28406557185.25629,0.06049225998636338
E3,outgoing_origin,top,-7,-1,s,0.11974368867127955,0.6780351128106522,0.11974262919862867,0.6780363049311279,1.5948772763000704e-06,0.6885285237752011,2.316356143904337e-06
E3,outgoing_origin,top,-7,-1,p,0.07563988942738582,-2.7173646088752834,0.07563957764492889,-2.717362083519367,2.544529584198798e-06,2.7184146186067752,9.360343954826523e-07
E3,outgoing_origin,top,-7,0,s,2.8296049854797116e-08,1.6306370461193423e-06,2.8401378272585237e-08,1.6306287219672583e-06,1.0565683651173365e-10,1.6308760428654155e-06,6.478532625085153e-05
E3,outgoing_origin,top,-7,0,p,3.079116556741074e-16,-7.45210688221778e-16,3.0861067157909224e-16,-7.452644949978956e-16,7.010837357819421e-19,1e-12,7.010837357819421e-07
E3,outgoing_origin,top,-7,1,s,0.11974366314900883,0.6780351047667409,0.11974260269053232,0.6780362984937649,1.5967330360029126e-06,0.6885285128258877,2.319051435429353e-06
E3,outgoing_origin,top,-7,1,p,-0.07563981627576528,2.7173646317651428,-0.0756395014079395,2.717362108705822,2.5426305439214977e-06,2.7184146416621937,9.353358038002578e-07
E3,outgoing_origin,top,-7,2,s,-426093218.63422775,-827067565.3483441,96831921.9270662,-2051379073.4250083,1331311147.493329,2053663196.3372512,0.6482616769233381
E3,outgoing_origin,top,-7,2,p,-18249455766.046814,-13833058745.76979,-20760540001.39536,-14626981778.696617,2633601681.9609833,25395838578.473045,0.10370209567300422
E3,outgoing_origin,top,-6,-2,s,4065.5647409779613,3159.692723090183,3109.7001038089375,3585.4330040907516,1046.3899805792832,4746.110466735108,0.22047316174229384
E3,outgoing_origin,top,-6,-2,p,5414.749936012244,-957.6534492547171,3877.6900782017556,-4361.142984952551,3734.473728130519,5835.756033093328,0.6399297206656883
E3,outgoing_origin,top,-6,-1,s,-6.868167993704699e-09,-2.1025140373828045e-08,-6.868170081378943e-09,-2.1025142282826816e-08,2.828897321458403e-15,2.211850737007045e-08,1.2789729768502875e-07
E3,outgoing_origin,top,-6,-1,p,3.150996604574692e-08,3.3438900664488566e-08,3.15099663603588e-08,3.3438903883898857e-08,3.2347462430126202e-15,4.594603653186605e-08,7.040316177803824e-08
E3,outgoing_origin,top,-6,0,s,3.401119349735681e-05,3.0427037464532912e-05,3.401115266394566e-05,3.0427121897265e-05,9.378834530088022e-11,4.563516464834154e-05,2.0551770991427474e-06
E3,outgoing_origin,top,-6,0,p,-7.187547279067155e-15,-1.3731412488071484e-14,-7.187564693909721e-15,-1.3731344539009122e-14,7.014521949119667e-20,1e-12,7.014521949119667e-08
E3,outgoing_origin,top,-6,1,s,-6.86816962029325e-09,-2.102514189186424e-08,-6.868171754013873e-09,-2.102514377935112e-08,2.848748922079798e-15,2.2118509311999785e-08,1.2879479723953585e-07
E3,outgoing_origin,top,-6,1,p,-3.15099650030908e-08,-3.3438901741385735e-08,-3.1509965370093835e-08,-3.3438904940028015e-08,3.21962787678578e-15,4.59460366213751e-08,7.007411549591502e-08
E3,outgoing_origin,top,-6,2,s,4041.7058105026017,511.3490155361397,2838.4802340203782,757.5349201060881,1228.1527948549,2937.827291401678,0.4180479902441547
E3,outgoing_origin,top,-6,2,p,-14152.89194292502,-11464.164230069024,-13540.045769132303,-7510.410874441779,4000.968136572206,15483.510936900937,0.25840186717838876
E3,outgoing_origin,top,-5,-2,s,-0.053292377219000944,-0.04527577632051872,-0.053091517344435124,-0.0444790852355551,0.0008216211864789696,0.0692610874685507,0.011862666563704218
E3,outgoing_origin,top,-5,-2,p,-0.03333274543728466,-0.08778755615103466,-0.035333862982335214,-0.08582292584740375,0.0028043258831765678,0.0928119414421625,0.03021514084935004
E3,outgoing_origin,top,-5,-1,s,-3.342641315225093e-07,3.524475258513019e-07,-3.3426413135604594e-07,3.524475265980454e-07,7.650724888998e-16,4.857486680540585e-07,1.5750377493874174e-09
E3,outgoing_origin,top,-5,-1,p,1.4963040249948546e-07,6.057938650160932e-07,1.4963040237327935e-07,6.057938640226449e-07,1.0014327366148356e-15,6.239995697128934e-07,1.604861261483885e-09
E3,outgoing_origin,top,-5,0,s,2.75813378621249e-05,8.28881401656517e-07,2.7581337199118612e-05,8.288821934720465e-07,1.0327386748519395e-12,2.7593789290022116e-05,3.7426489852387784e-08
E3,outgoing_origin,top,-5,0,p,1.402804723305009e-15,4.250620167237587e-17,1.403063719236998e-15,4.217871493941429e-17,4.175241945716281e-19,1e-12,4.1752419457162814e-07
E3,outgoing_origin,top,-5,1,s,-3.3426413512581695e-07,3.5244751803779726e-07,-3.342641349934997e-07,3.524475187435617e-07,7.180607711241673e-16,4.857486648581196e-07,1.478255779321396e-09
E3,outgoing_origin,top,-5,1,p,-1.4963040210319852e-07,-6.05793860474053e-07,-1.496304020392768e-07,-6.057938595823374e-07,8.940036688658786e-16,6.239995653220445e-07,1.4326991853022938e-09
E3,outgoing_origin,top,-5,2,s,-0.005783057189072321,0.04122543313612427,-0.005939135046005368,0.04160491103879374,0.0004103215520043183,0.04202668137791313,0.009763358384513329
E3,outgoing_origin,top,-5,2,p,-0.1100170914676289,-0.2362625431048648,-0.1097436631679612,-0.23341664123841516,0.002859006902496171,0.25792828463072043,0.011084503223791262
E3,outgoing_origin,top,-4,-2,s,-0.0014326047868273707,-0.0007056473562213004,-0.001432444042750585,-0.0007053419272068447,3.45145680971246e-07,0.0015966850565742466,0.00021616390755968507
E3,outgoing_origin,top,-4,-2,p,5.354865835475049e-05,-0.0007944800521585338,4.269779575758947e-05,-0.0007856404769832252,1.3995688921321458e-05,0.0007867998861444924,0.017788117624042473
E3,outgoing_origin,top,-4,-1,s,-5.177994465302384e-07,-1.3974049712775107e-06,-5.177994464850757e-07,-1.3974049712463033e-06,5.4896062018411026e-17,1.490253978503038e-06,3.6836715627194095e-11
E3,outgoing_origin,top,-4,-1,p,4.017274841891262e-06,6.524270720600099e-06,4.01727484162057e-06,6.5242707202256945e-06,4.620093952788165e-16,7.661893080950157e-06,6.029964010167606e-11
E3,outgoing_origin,top,-4,0,s,1.5507143340870124e-05,1.0904326127658764e-05,1.550714333699353e-05,1.0904326142491946e-05,1.533138187980547e-14,1.895721031945091e-05,8.087361811919561e-10
E3,outgoing_origin,top,-4,0,p,-2.5410720305516076e-15,6.986878583948942e-16,-2.5409806516704165e-15,6.981546320244027e-16,5.4099950287888875e-19,1e-12,5.409995028788888e-07
E3,outgoing_origin,top,-4,1,s,-5.177994504712774e-07,-1.3974049664658221e-06,-5.177994504232826e-07,-1.3974049664529633e-06,4.9687513925574594e-17,1.490253975376701e-06,3.334164159033011e-11
E3,outgoing_origin,top,-4,1,p,-4.017274840709583e-06,-6.524270714260131e-06,-4.017274840407435e-06,-6.524270714038196e-06,3.7489799252146614e-16,7.661893075045296e-06,4.893020417401868e-11
E3,outgoing_origin,top,-4,2,s,-0.0013923049539498373,-0.0007180767901399963,-0.0013922984186020865,-0.0007180131064474842,6.401814947499733e-08,0.0015665368516164044,4.0866034788100445e-05
E3,outgoing_origin,top,-4,2,p,-0.00040446180726462586,0.000620822868123271,-0.00040123048429946813,0.0006231563371694395,3.985790498079702e-06,0.00074115431732239,0.005377814585873819
E3,outgoing_origin,top,-3,-2,s,0.008952228380275989,-0.0048527670273623294,0.008952509527708263,-0.004854375153997379,1.6325180406449155e-06,0.010183927777604,0.00016030337962873913
E3,outgoing_origin,top,-3,-2,p,0.0038165121341614473,0.0029360873112045417,0.003800321121955819,0.002949661771056638,2.112853133842913e-05,0.004810711505964218,0.004391976386909593
E3,outgoing_origin,top,-3,-1,s,-1.2660828888927133e-07,-4.786573830328098e-06,-1.2660828884235256e-07,-4.786573830293362e-06,5.837822955542161e-17,4.788247977251476e-06,1.2191981249252584e-11
E3,outgoing_origin,top,-3,-1,p,-6.734425812051666e-07,-1.1305333594541284e-05,-6.734425810412848e-07,-1.1305333594416396e-05,2.0604446220364658e-16,1.1325373838907017e-05,1.8193170939382553e-11
E3,outgoing_origin,top,-3,0,s,-6.004996398522717e-06,3.2067328091838333e-06,-6.004996399075874e-06,3.206732809592417e-06,6.876945268757443e-16,6.807577914723465e-06,1.0101897260527786e-10
E3,outgoing_origin,top,-3,0,p,2.0952073842582507e-15,-8.132575413148543e-16,2.0952511197305504e-15,-8.132814120139793e-16,4.9825714385181277e-20,1e-12,4.982571438518128e-08
E3,outgoing_origin,top,-3,1,s,-1.2660828643722403e-07,-4.786573832328679e-06,-1.266082865244555e-07,-4.7865738323208976e-06,8.757788068658034e-17,4.788247979217015e-06,1.8290172327478593e-11
E3,outgoing_origin,top,-3,1,p,6.734425822355038e-07,1.1305333594422742e-05,6.734425825428891e-07,1.1305333594387846e-05,3.0935974680158886e-16,1.1325373838967809e-05,2.7315632243163446e-11
E3,outgoing_origin,top,-3,2,s,0.00919708543180739,-0.004799063517902713,0.009196268928995015,-0.004805293899263701,6.283655683275796e-06,0.010376040269423596,0.0006055928388975752
E3,outgoing_origin,top,-3,2,p,-0.004329012569182496,-0.004196313697376854,-0.004223499492452708,-0.004221959204381179,0.00010858499615736512,0.005971841214081905,0.018182833780194318
E3,outgoing_origin,top,-2,-2,s,-4.311038552035349,7.135975213386385,-4.2392021372521365,6.550779813843715,0.5895880987051983,7.802791226858846,0.07556117824551198
E3,outgoing_origin,top,-2,-2,p,7.919874303430829,6.930713686684022,4.561907434833389,6.917076720212622,3.35799455887776,8.285948937647127,0.4052637282883491
E3,outgoing_origin,top,-2,-1,s,-2.255466465611856e-06,-5.380507318498633e-06,-2.2554664656745055e-06,-5.380507318455326e-06,7.616080019933036e-17,5.834122725974623e-06,1.3054370601469868e-11
E3,outgoing_origin,top,-2,-1,p,-1.891722742934166e-06,-4.426776039725328e-06,-1.891722743033232e-06,-4.426776039641792e-06,1.295853052457182e-16,4.814037914438963e-06,2.691821451115852e-11
E3,outgoing_origin,top,-2,0,s,-9.544328371194965e-06,4.016903564820755e-05,-9.544328370490018e-06,4.016903564742532e-05,1.0530127398988389e-15,4.128735434594794e-05,2.5504485733709517e-11
E3,outgoing_origin,top,-2,0,p,-3.322606531245132e-15,9.966521030419768e-16,-3.3221047108041696e-15,9.956445422076114e-16,1.1256120956683807e-18,1e-12,1.1256120956683808e-06
E3,outgoing_origin,top,-2,1,s,-2.2554664648786516e-06,-5.380507321289689e-06,-2.255466464983298e-06,-5.380507321279685e-06,1.0512330538299212e-16,5.834122728312163e-06,1.801869968776004e-11
E3,outgoing_origin,top,-2,1,p,1.891722740549849e-06,4.426776035177183e-06,1.8917227407224451e-06,4.42677603517724e-06,1.7259610134390947e-16,4.814037909425513e-06,3.5852667675503695e-11
E3,outgoing_origin,top,-2,2,s,-2.919099113455736,0.02252008274944782,-2.9340885352227444,-0.05532345508640228,0.07927357155894195,2.9346100622072853,0.02701332370519981
E3,outgoing_origin,top,-2,2,p,6.02820888820375,-0.4760461900642332,6.637293253307193,-0.6771786373440838,0.6414343498459105,6.671748843989285,0.09614186097904329
E3,outgoing_origin,top,-1,-2,s,515913.0566167154,-1931163.7877798881,255990.48955716763,-2044514.72895949,283563.3557657383,2060478.4899813966,0.1376201484968176
E3,outgoing_origin,top,-1,-2,p,-3079810.5644809306,-1585392.7144676365,-3266849.316312785,-828557.411750522,779604.4959630008,3370283.6438584863,0.23131717634022833
E3,outgoing_origin,top,-1,-1,s,4.025772315764956e-05,-3.1253680551053785e-05,4.0257723157778564e-05,-3.1253680551074506e-05,1.3066013992920219e-16,5.0965447332844565e-05,2.5637004434767034e-12
E3,outgoing_origin,top,-1,-1,p,1.2482313430090311e-05,-9.688127738533507e-06,1.2482313430312081e-05,-9.68812773856729e-06,2.2432855797092856e-16,1.5800885027470656e-05,1.4197214749738496e-11
E3,outgoing_origin,top,-1,0,s,6.533500906607018e-05,3.597859048801533e-05,6.533500906563622e-05,3.5978590488298835e-05,5.18364056339766e-16,7.45863418001679e-05,6.9498522628790345e-12
E3,outgoing_origin,top,-1,0,p,2.5844548429220847e-15,-5.4525997686718765e-15,2.583679285594454e-15,-5.449628947090554e-15,3.0703859751652005e-18,1e-12,3.0703859751652006e-06
E3,outgoing_origin,top,-1,1,s,4.025772315503046e-05,-3.1253680562915024e-05,4.0257723155006876e-05,-3.125368056283005e-05,8.818572248473589e-17,5.096544733786409e-05,1.7303040999547845e-12
E3,outgoing_origin,top,-1,1,p,-1.2482313426510958e-05,9.688127734988396e-06,-1.248231342645745e-05,9.688127734833374e-06,1.6399723780123076e-16,1.580088502213618e-05,1.0378990643339252e-11
E3,outgoing_origin,top,-1,2,s,86728.41180609283,1832910.884037567,294650.6795112431,1855551.2994381425,209151.2797406767,1878800.0552967354,0.11132173386467333
E3,outgoing_origin,top,-1,2,p,-3215890.470639852,-4750823.758481533,-3289121.4011353743,-4254182.8302041525,502010.9369540254,5377396.316453767,0.09335576316329362
E3,outgoing_origin,top,0,-2,s,-4244278877646.3564,-779356630945.9021,-6080345606660.223,3275339580859.7397,4451033857815.811,6906406595790.515,0.6444789770310853
E3,outgoing_origin,top,0,-2,p,-5282349989063.211,2669235485015.965,101782798143.20703,8548477235502.99,7972099436844.783,8549083154579.251,0.9325092869841357
E3,outgoing_origin,top,0,-1,s,-67461.14158699644,5480.366840473066,-67461.20440878202,5480.379731289976,0.06413072512183321,67683.44452140867,9.475097725197523e-07
E3,outgoing_origin,top,0,-1,p,-26676.833878395977,-3139.4449225638105,-26676.844027257936,-3139.345036045916,0.10040077617294195,26860.928772289193,3.737799873715439e-06
E3,outgoing_origin,top,0,0,s,0.22929870601697627,-0.15345378206201254,0.2292987060169766,-0.153453782062012,6.473657049138937e-16,0.2759093325898842,2.3462986874610284e-15
E3,outgoing_origin,top,0,0,p,4.214226900760671e-14,-1.1561380460258363e-13,3.819779281295875e-14,-1.2956200783293864e-13,1.4495215272821254e-14,1e-12,0.014495215272821254
E3,outgoing_origin,top,0,1,s,-67461.27266759958,5480.490542657045,-67461.27704888151,5480.561289107955,0.07088198606012464,67683.53162409314,1.0472560216537658e-06
E3,outgoing_origin,top,0,1,p,26676.640332106545,3139.42858040212,26676.57228776902,3139.3969751496656,0.07502615445161427,26860.66496556154,2.7931607258348377e-06
E3,outgoing_origin,top,0,2,s,571725848285.5938,-4570171816739.678,-2243262135948.8438,-1200281178423.2324,4390936149114.114,2544189442211.1797,1.725868394964295
E3,outgoing_origin,top,0,2,p,-3268805153815.63,3935537694569.9585,-7049465426756.181,-3114394872667.751,7999683825126.452,7706777421590.03,1.0380063400709956
E3,outgoing_origin,top,1,-2,s,0.0,0.0,-3.8451378805627716e+19,1.77007274685404e+19,4.232994548743734e+19,4.232994548743734e+19,1.0
E3,outgoing_origin,top,1,-2,p,0.0,0.0,-2.3775325292677652e+19,7.810264835367092e+19,8.16412259378178e+19,8.16412259378178e+19,1.0
E3,outgoing_origin,top,1,-1,s,-2153569533510131.8,2219310140884267.2,-2153569716740589.2,2219310064451926.0,198532877.23854646,3092442349832855.5,6.419937860742239e-08
E3,outgoing_origin,top,1,-1,p,3730837949691170.5,5899832719206552.0,3730837873400541.0,5899832968153826.0,260374740.2908687,6980485677208618.0,3.730037598114352e-08
E3,outgoing_origin,top,1,0,s,379981480413039.06,-351348469611566.3,379981480281910.06,-351348469670280.44,143673.80803582686,517524562216016.56,2.7761737031498985e-10
E3,outgoing_origin,top,1,0,p,48625.77534669437,-106473.27559146809,47582.600134458255,-107507.84790287727,1469.2019571721235,117567.1773764427,0.012496701800263786
E3,outgoing_origin,top,1,1,s,-2153565393101850.5,2219317814926677.0,-2153565319099783.2,2219318023545445.0,221355136.19320276,3092444999230061.0,7.157932841111628e-08
E3,outgoing_origin,top,1,1,p,-3730838492635512.5,-5899834734680960.0,-3730838504017779.5,-5899834782820719.0,49467083.99165419,6980487547989956.0,7.086479798377167e-09
E3,outgoing_origin,top,1,2,s,0.0,0.0,5.063827080803259e+19,1.237641365125145e+19,5.21287836544699e+19,5.21287836544699e+19,1.0
E3,outgoing_origin,top,1,2,p,0.0,0.0,-8.93214293423538e+19,5.428460714263724e+19,1.045233768703995e+20,1.045233768703995e+20,1.0
E3,outgoing_origin,top,2,-2,s,0.0,0.0,7.63460685383295e+25,1.9230975688122355e+26,2.069100402903992e+26,2.069100402903992e+26,1.0
E3,outgoing_origin,top,2,-2,p,0.0,0.0,1.0305955657215755e+26,-6.749935202065955e+25,1.2319673179130466e+26,1.2319673179130466e+26,1.0
E3,outgoing_origin,top,2,-1,s,0.0,0.0,6.497248225337938e+25,4.215176519456257e+25,7.744801326814804e+25,7.744801326814804e+25,1.0
E3,outgoing_origin,top,2,-1,p,0.0,0.0,-1.8090444990312609e+25,-1.719421903789677e+26,1.7289124047291897e+26,1.7289124047291897e+26,1.0
E3,outgoing_origin,top,2,0,s,0.0,0.0,5.002673830709673e+23,-2.3607578830957348e+23,5.53171973612782e+23,5.53171973612782e+23,1.0
E3,outgoing_origin,top,2,0,p,0.0,0.0,54315126693520.445,283033454576561.25,288197969106785.2,288197969106785.2,1.0
E3,outgoing_origin,top,2,1,s,0.0,0.0,6.4972484842531365e+25,4.2151763143005185e+25,7.744801432365442e+25,7.744801432365442e+25,1.0
E3,outgoing_origin,top,2,1,p,0.0,0.0,1.8090449324249751e+25,1.7194218950439245e+26,1.7289124005662532e+26,1.7289124005662532e+26,1.0
E3,outgoing_origin,top,2,2,s,0.0,0.0,1.931657357655209e+26,-5.206518693649478e+25,2.0005945407445057e+26,2.0005945407445057e+26,1.0
E3,outgoing_origin,top,2,2,p,0.0,0.0,4.3063531843470396e+26,2.305834014451326e+26,4.884828374726855e+26,4.884828374726855e+26,1.0
E3,outgoing_origin,top,3,-2,s,0.0,0.0,3.555863013733797e+32,-1.9021342192684013e+32,4.032651281793631e+32,4.032651281793631e+32,1.0
E3,outgoing_origin,top,3,-2,p,0.0,0.0,-1.5262717044936652e+33,-3.0441017689668976e+33,3.405298943670789e+33,3.405298943670789e+33,1.0
E3,outgoing_origin,top,3,-1,s,0.0,0.0,-1.72662124248913e+34,-2.5053637898597437e+33,1.7447032390094627e+34,1.7447032390094627e+34,1.0
E3,outgoing_origin,top,3,-1,p,0.0,0.0,3.29746529748444e+34,6.544332610611627e+34,7.32813528166811e+34,7.32813528166811e+34,1.0
E3,outgoing_origin,top,3,0,s,0.0,0.0,5.108632646427049e+31,-4.507873687220984e+31,6.8131529188826775e+31,6.8131529188826775e+31,1.0
E3,outgoing_origin,top,3,0,p,0.0,0.0,-1.3584242338910702e+24,-6.080026209657335e+23,1.4882820923211237e+24,1.4882820923211237e+24,1.0
E3,outgoing_origin,top,3,1,s,0.0,0.0,-1.726621294309353e+34,-2.5053640413138438e+33,1.7447032939034617e+34,1.7447032939034617e+34,1.0
E3,outgoing_origin,top,3,1,p,0.0,0.0,-3.297465191929938e+34,-6.544332665115121e+34,7.328135282845311e+34,7.328135282845311e+34,1.0
E3,outgoing_origin,top,3,2,s,0.0,0.0,1.0580294061202088e+33,6.761322765887437e+32,1.2556197990077088e+33,1.2556197990077088e+33,1.0
E3,outgoing_origin,top,3,2,p,0.0,0.0,7.555108250410384e+32,-2.001854785865886e+33,2.139677356623737e+33,2.139677356623737e+33,1.0
E3,outgoing_origin,top,4,-2,s,0.0,0.0,-3.091023957712987e+38,-2.817200962658045e+39,2.8341075411975766e+39,2.8341075411975766e+39,1.0
E3,outgoing_origin,top,4,-2,p,0.0,0.0,-2.456200705235463e+40,4.4966198599602644e+39,2.49702178725959e+40,2.49702178725959e+40,1.0
E3,outgoing_origin,top,4,-1,s,0.0,0.0,-2.996096925409961e+41,3.9944452418981305e+41,4.9932143531971095e+41,4.9932143531971095e+41,1.0
E3,outgoing_origin,top,4,-1,p,0.0,0.0,2.3861948437610735e+42,2.014504279424748e+42,3.1228437879939745e+42,3.1228437879939745e+42,1.0
E3,outgoing_origin,top,4,0,s,0.0,0.0,-1.2096778872755672e+41,8.806818457429348e+39,1.212879464785224e+41,1.212879464785224e+41,1.0
E3,outgoing_origin,top,4,0,p,0.0,0.0,-4.0039234647812565e+31,2.956080393914245e+32,2.9830731346050603e+32,2.9830731346050603e+32,1.0
E3,outgoing_origin,top,4,1,s,0.0,0.0,-2.9960967669419916e+41,3.994445421689762e+41,4.993214401939752e+41,4.993214401939752e+41,1.0
E3,outgoing_origin,top,4,1,p,0.0,0.0,-2.3861948565921376e+42,-2.014504297860308e+42,3.1228438096908445e+42,3.1228438096908445e+42,1.0
E3,outgoing_origin,top,4,2,s,0.0,0.0,-6.290500599664693e+39,1.9861331658717478e+39,6.596599332001118e+39,6.596599332001118e+39,1.0
E3,outgoing_origin,top,4,2,p,0.0,0.0,-4.841755900656259e+40,-2.82293837725891e+40,5.604603579499703e+40,5.604603579499703e+40,1.0
E3,outgoing_origin,top,5,-2,s,0.0,0.0,-9.628982895757795e+45,-2.4688900994618956e+46,2.6500172526398637e+46,2.6500172526398637e+46,1.0
E3,outgoing_origin,top,5,-2,p,0.0,0.0,1.0547009102060795e+46,1.4362766882240564e+47,1.4401439737872594e+47,1.4401439737872594e+47,1.0
E3,outgoing_origin,top,5,-1,s,0.0,0.0,3.112608659565982e+48,-7.055861751298392e+48,7.711907528040048e+48,7.711907528040048e+48,1.0
E3,outgoing_origin,top,5,-1,p,0.0,0.0,-1.4852955905690856e+50,-2.0267135172979803e+50,2.5127018670272682e+50,2.5127018670272682e+50,1.0
E3,outgoing_origin,top,5,0,s,0.0,0.0,2.2955590690801431e+49,1.469657844527509e+49,2.725708278524563e+49,2.725708278524563e+49,1.0
E3,outgoing_origin,top,5,0,p,0.0,0.0,9.772190100392195e+39,3.578261174321469e+39,1.0406711891364136e+40,1.0406711891364136e+40,1.0
E3,outgoing_origin,top,5,1,s,0.0,0.0,3.11260941917204e+48,-7.055862011026164e+48,7.711908072258167e+48,7.711908072258167e+48,1.0
E3,outgoing_origin,top,5,1,p,0.0,0.0,1.4852955968346372e+50,2.0267135231191673e+50,2.5127018754262254e+50,2.5127018754262254e+50,1.0
E3,outgoing_origin,top,5,2,s,0.0,0.0,1.2032975975922737e+46,2.7646909307960466e+45,1.2346498563558806e+46,1.2346498563558806e+46,1.0
E3,outgoing_origin,top,5,2,p,0.0,0.0,-8.900642499159003e+46,4.5799770537927355e+44,8.900760333635367e+46,8.900760333635367e+46,1.0
E3,outgoing_origin,top,6,-2,s,0.0,0.0,1.5344070497160282e+53,-1.266648281264581e+53,1.9896740593998715e+53,1.9896740593998715e+53,1.0
E3,outgoing_origin,top,6,-2,p,0.0,0.0,3.841143277146346e+54,3.236690250983057e+53,3.8547559343458636e+54,3.8547559343458636e+54,1.0
E3,outgoing_origin,top,6,-1,s,0.0,0.0,-3.684286262644668e+56,-5.139736169040367e+56,6.323832157201356e+56,6.323832157201356e+56,1.0
E3,outgoing_origin,top,6,-1,p,0.0,0.0,-1.7358294801521283e+56,3.5074123269106654e+57,3.511705037557474e+57,3.511705037557474e+57,1.0
E3,outgoing_origin,top,6,0,s,0.0,0.0,-1.3431130588632376e+58,-1.6177381240318293e+58,2.1026243903357978e+58,2.1026243903357978e+58,1.0
E3,outgoing_origin,top,6,0,p,0.0,0.0,-1.1708381586150991e+49,1.1441552550454041e+49,1.6370562731064592e+49,1.6370562731064592e+49,1.0
E3,outgoing_origin,top,6,1,s,0.0,0.0,-3.6842864139707523e+56,-5.13973594051842e+56,6.323832059631742e+56,6.323832059631742e+56,1.0
E3,outgoing_origin,top,6,1,p,0.0,0.0,1.7358287690940829e+56,-3.5074123789997954e+57,3.511705086068184e+57,3.511705086068184e+57,1.0
E3,outgoing_origin,top,6,2,s,0.0,0.0,1.3682360745510147e+52,-5.911021500940192e+52,6.067309547095813e+52,6.067309547095813e+52,1.0
E3,outgoing_origin,top,6,2,p,0.0,0.0,2.293864650318567e+54,3.7622759530976355e+54,4.406419791762678e+54,4.406419791762678e+54,1.0
E3,outgoing_origin,top,7,-2,s,0.0,0.0,-1.1657846546702111e+60,5.397864979683171e+60,5.522318371839362e+60,5.522318371839362e+60,1.0
E3,outgoing_origin,top,7,-2,p,0.0,0.0,8.084564371551284e+60,1.4574048164959773e+61,1.6666225157255128e+61,1.6666225157255128e+61,1.0
E3,outgoing_origin,top,7,-1,s,0.0,0.0,1.011624751696784e+65,1.2941438834405734e+64,1.0198689730333238e+65,1.0198689730333238e+65,1.0
E3,outgoing_origin,top,7,-1,p,0.0,0.0,-2.1350674320368416e+65,-9.269580437979284e+65,9.512288601357331e+65,9.512288601357331e+65,1.0
E3,outgoing_origin,top,7,0,s,0.0,0.0,2.196507409750399e+65,-1.712165845516139e+64,2.2031704246185604e+65,2.2031704246185604e+65,1.0
E3,outgoing_origin,top,7,0,p,0.0,0.0,-7.39279366679482e+54,8.263733622812673e+55,8.296735946792731e+55,8.296735946792731e+55,1.0
E3,outgoing_origin,top,7,1,s,0.0,0.0,1.0116247642248054e+65,1.2941440213544865e+64,1.0198689872101068e+65,1.0198689872101068e+65,1.0
E3,outgoing_origin,top,7,1,p,0.0,0.0,2.135067363940953e+65,9.269580321407635e+65,9.512288472475667e+65,9.512288472475667e+65,1.0
E3,outgoing_origin,top,7,2,s,0.0,0.0,5.407772463364799e+60,-4.674881529951818e+59,5.427941431953502e+60,5.427941431953502e+60,1.0
E3,outgoing_origin,top,7,2,p,0.0,0.0,-5.307707144290417e+60,-3.0093186238454773e+61,3.0557676827793626e+61,3.0557676827793626e+61,1.0
E3,outgoing_origin,top,8,-2,s,0.0,0.0,-2.607920499815192e+68,-6.204931211761658e+67,2.680720247766123e+68,2.680720247766123e+68,1.0
E3,outgoing_origin,top,8,-2,p,0.0,0.0,4.330583920503686e+68,-1.376655547263471e+69,1.4431632155569021e+69,1.4431632155569021e+69,1.0
E3,outgoing_origin,top,8,-1,s,0.0,0.0,-2.7603001915186613e+72,-1.8531359505255042e+73,1.8735809090090138e+73,1.8735809090090138e+73,1.0
E3,outgoing_origin,top,8,-1,p,0.0,0.0,1.174509960615955e+73,5.139846397654484e+73,5.2723329408401236e+73,5.2723329408401236e+73,1.0
E3,outgoing_origin,top,8,0,s,0.0,0.0,1.3617487297056967e+71,-2.563651760648858e+72,2.5672658502590916e+72,2.5672658502590916e+72,1.0
E3,outgoing_origin,top,8,0,p,0.0,0.0,4.459967839669481e+62,3.0341909657469945e+63,3.0667944091395396e+63,3.0667944091395396e+63,1.0
E3,outgoing_origin,top,8,1,s,0.0,0.0,-2.760300203621798e+72,-1.8531359483431376e+73,1.8735809070287743e+73,1.8735809070287743e+73,1.0
E3,outgoing_origin,top,8,1,p,0.0,0.0,-1.1745099573917159e+73,-5.1398463940251635e+73,5.272332936583744e+73,5.272332936583744e+73,1.0
E3,outgoing_origin,top,8,2,s,0.0,0.0,-2.150429202294842e+68,-1.5091304651535958e+68,2.627131613554437e+68,2.627131613554437e+68,1.0
E3,outgoing_origin,top,8,2,p,0.0,0.0,-2.2771355573472837e+68,1.3352859319020997e+69,1.3545633921677538e+69,1.3545633921677538e+69,1.0
E3,outgoing_origin,bottom,-8,-2,s,-2.7268934438241954e-14,7.437771623955864e-14,7.410942615392032e-15,8.280384975464168e-14,3.568884417390362e-14,1e-12,0.03568884417390362
E3,outgoing_origin,bottom,-8,-2,p,-8.123649855482679e-13,8.422805741035621e-13,-7.996404025610421e-13,7.885507028525411e-13,5.521606719832634e-14,1.1230480775003455e-12,0.04916625414757397
E3,outgoing_origin,bottom,-8,-1,s,-2.345706792096501e-07,-1.2394581005391564e-06,-2.3457232660130287e-07,-1.239466610225061e-06,8.667678665820952e-12,1.2614680551920257e-06,6.871104369346494e-06
E3,outgoing_origin,bottom,-8,-1,p,3.3505334540242317e-07,-1.1559349004050744e-06,3.3504581417027626e-07,-1.1559325068550293e-06,7.902438830443856e-12,1.2035097249283762e-06,6.566161175734704e-06
E3,outgoing_origin,bottom,-8,0,s,3.8110802444720796e-06,8.57685961960317e-06,3.822111905569436e-06,8.57555410393034e-06,1.110864157937126e-08,9.388752185894146e-06,0.0011831861529012463
E3,outgoing_origin,bottom,-8,0,p,-4.001833140796633e-16,1.7653926481366136e-14,-3.989825747370496e-16,1.7663943040515887e-14,1.0088272011071574e-17,1e-12,1.0088272011071574e-05
E3,outgoing_origin,bottom,-8,1,s,-2.3457070110614312e-07,-1.239458095663812e-06,-2.3457234795174814e-07,-1.2394666046102865e-06,8.666848940285886e-12,1.2614680536453342e-06,6.8704466317960345e-06
E3,outgoing_origin,bottom,-8,1,p,-3.350532027669037e-07,1.1559347877341784e-06,-3.350456722398753e-07,1.1559323948684658e-06,7.901559570349047e-12,1.2035095778567852e-06,6.565431398078424e-06
E3,outgoing_origin,bottom,-8,2,s,-1.0738948316192607e-14,-8.782831001106572e-14,1.0307118641274318e-14,-9.672426980790985e-14,2.2848961356815507e-14,1e-12,0.02284896135681551
E3,outgoing_origin,bottom,-8,2,p,1.268413683636403e-13,-4.2432859835734453e-13,1.418222691779486e-13,-3.91775861470518e-13,3.583445364493646e-14,1e-12,0.03583445364493646
E3,outgoing_origin,bottom,-7,-2,s,3.188189149007298e-14,8.780915006283286e-15,4.145961221046783e-14,1.2286141668008074e-14,1.0198987604068706e-14,1e-12,0.010198987604068706
E3,outgoing_origin,bottom,-7,-2,p,-1.1087008934305889e-13,-1.5112208516275618e-13,-1.02632375678275e-13,-1.7192618226759727e-13,2.237566496823334e-14,1e-12,0.02237566496823334
E3,outgoing_origin,bottom,-7,-1,s,-7.510146545497413e-10,6.715516356869462e-08,-7.511006165503671e-10,6.715525616947669e-08,1.2635018952359147e-13,6.715945639538947e-08,1.8813462214423978e-06
E3,outgoing_origin,bottom,-7,-1,p,-7.3062638300138125e-09,2.2657814363138164e-07,-7.306218964124897e-09,2.265779659522462e-07,1.8325616812668026e-13,2.2669573328717277e-07,8.083794320669269e-07
E3,outgoing_origin,bottom,-7,0,s,-7.905527230079557e-08,1.6531779541060364e-06,-7.89709706997153e-08,1.6532852961671356e-06,1.3648838055204572e-10,1.6551702887424331e-06,8.246183578835685e-05
E3,outgoing_origin,bottom,-7,0,p,-8.402630839982884e-15,-4.160668247860043e-15,-8.40319305291459e-15,-4.161377203229136e-15,9.04821029786682e-19,1e-12,9.048210297866821e-07
E3,outgoing_origin,bottom,-7,1,s,-7.510156527577002e-10,6.715515227203033e-08,-7.51101790588906e-10,6.715524461498727e-08,1.2628122450478043e-13,6.715944485475296e-08,1.8803196598466722e-06
E3,outgoing_origin,bottom,-7,1,p,7.306289073747049e-09,-2.2657814721843734e-07,7.306244837495782e-09,-2.2657796993186838e-07,1.8272212088357935e-13,2.266957380986067e-07,8.060236262761148e-07
E3,outgoing_origin,bottom,-7,2,s,3.0798118850128346e-14,1.2957048757850564e-14,3.6395365296715e-14,1.1668722980222278e-14,5.743600882123378e-15,1e-12,0.005743600882123378
E3,outgoing_origin,bottom,-7,2,p,-1.5473502386993442e-13,7.186881300398717e-14,-1.524020252321878e-13,8.293644925947918e-14,1.1310855623144024e-14,1e-12,0.011310855623144024
E3,outgoing_origin,bottom,-6,-2,s,-3.7408581473291664e-14,5.3695319693993564e-14,-3.8308978825446006e-14,5.6016551521725277e-14,2.4897454869607172e-15,1e-12,0.002489745486960717
E3,outgoing_origin,bottom,-6,-2,p,-1.1141434406072458e-13,-1.9120324650269568e-13,-1.0383622268478784e-13,-1.879581318616787e-13,8.243706243054286e-15,1e-12,0.008243706243054287
E3,outgoing_origin,bottom,-6,-1,s,-1.5882295303864127e-08,-2.6512751575089407e-08,-1.5882296801349107e-08,-2.6512753944334227e-08,2.8028168475426535e-15,3.090588088695991e-08,9.068878695915907e-08
E3,outgoing_origin,bottom,-6,-1,p,-3.01792472649144e-08,-3.375185384676847e-08,-3.017924757576368e-08,-3.375185709974761e-08,3.267797514755127e-15,4.527664786532923e-08,7.217401616115348e-08
E3,outgoing_origin,bottom,-6,0,s,4.149531820897793e-05,1.3030435138044484e-05,4.149521960430458e-05,1.3030506121401824e-05,1.214969901916132e-10,4.349307231950111e-05,2.7934791384497634e-06
E3,outgoing_origin,bottom,-6,0,p,-7.933750806302544e-14,7.248221338343191e-14,-7.933745544888545e-14,7.248216141846416e-14,7.395002096448455e-20,1e-12,7.395002096448455e-08
E3,outgoing_origin,bottom,-6,1,s,-1.5882300865417204e-08,-2.6512748252145416e-08,-1.588230237326831e-08,-2.6512750570079038e-08,2.7652181160337296e-15,3.09058808557069e-08,8.94722311570395e-08
E3,outgoing_origin,bottom,-6,1,p,3.0179252318486105e-08,3.3751855154870955e-08,3.0179252597936243e-08,3.375185836354303e-08,3.2208180443438477e-15,4.527665215497621e-08,7.113640013222263e-08
E3,outgoing_origin,bottom,-6,2,s,1.6788211237846833e-14,-1.3574023052004971e-14,1.629518966635139e-14,-1.3970138550422441e-14,6.324379479809521e-16,1e-12,0.0006324379479809521
E3,outgoing_origin,bottom,-6,2,p,-4.272372950454279e-15,2.756629002553908e-14,-3.3808834711437446e-15,2.5960345466972727e-14,1.836793787258179e-15,1e-12,0.0018367937872581792
E3,outgoing_origin,bottom,-5,-2,s,-3.320649111502497e-14,-4.080782028600382e-14,-3.33582609982713e-14,-4.086258582156892e-14,1.6134857094606766e-16,1e-12,0.00016134857094606765
E3,outgoing_origin,bottom,-5,-2,p,-1.517764090847546e-14,5.166474975859312e-15,-1.5519516495391385e-14,6.163455026821986e-15,1.0539678073578171e-15,1e-12,0.0010539678073578172
E3,outgoing_origin,bottom,-5,-1,s,-3.8398765975293756e-07,6.15715832623873e-07,-3.839876587222111e-07,6.157158323411805e-07,1.0687900149530501e-15,7.256393789249298e-07,1.4728941758046742e-09
E3,outgoing_origin,bottom,-5,-1,p,-1.0463062902881312e-06,7.1770826875839e-07,-1.0463062883969707e-06,7.177082682493991e-07,1.9584585518827508e-15,1.2688033761984543e-06,1.5435477148166314e-09
E3,outgoing_origin,bottom,-5,0,s,-1.3102816388849034e-05,2.3960536387237843e-05,-1.3102816059277068e-05,2.3960535082565317e-05,1.3456552609098812e-12,2.7309174834221786e-05,4.927484148014638e-08
E3,outgoing_origin,bottom,-5,0,p,5.241205254353067e-16,-1.6777326286550555e-15,5.242461576183218e-16,-1.6782555826815506e-15,5.3783302170521315e-19,1e-12,5.378330217052132e-07
E3,outgoing_origin,bottom,-5,1,s,-3.839876622975852e-07,6.15715835973931e-07,-3.839876613584344e-07,6.157158356857433e-07,9.823728311518264e-16,7.256393831578554e-07,1.353803078984925e-09
E3,outgoing_origin,bottom,-5,1,p,1.0463062913982974e-06,-7.177082667754682e-07,1.0463062897079225e-06,-7.177082662834026e-07,1.7605385837985399e-15,1.2688033761674368e-06,1.3875582433555975e-09
E3,outgoing_origin,bottom,-5,2,s,-4.670800300598356e-15,7.185972406911035e-15,-4.876118411819595e-15,6.971015116612049e-15,2.9725773908872384e-16,1e-12,0.00029725773908872386
E3,outgoing_origin,bottom,-5,2,p,-2.211073282469531e-15,-1.1314993744291089e-14,-5.466444094953492e-16,-1.2680386024662682e-14,2.1528166555674087e-15,1e-12,0.0021528166555674086
E3,outgoing_origin,bottom,-4,-2,s,-1.0882195062789213e-13,-7.67074713535153e-14,-1.0882378163962024e-13,-7.667279436322053e-14,3.4725297116821177e-17,1e-12,3.4725297116821174e-05
E3,outgoing_origin,bottom,-4,-2,p,-4.0208706255965257e-14,4.7255983762643747e-14,-3.900618128422082e-14,4.7394411147586063e-14,1.210466211247109e-15,1e-12,0.001210466211247109
E3,outgoing_origin,bottom,-4,-1,s,9.141953144324032e-07,1.135487787754805e-06,9.14195314404604e-07,1.1354877877617994e-06,2.8665600892472617e-17,1.4577673302127189e-06,1.9664043979013922e-11
E3,outgoing_origin,bottom,-4,-1,p,5.665842873262161e-06,4.777704939007494e-06,5.665842873092027e-06,4.777704938947249e-06,1.804858144007216e-16,7.411358846136695e-06,2.4352594193277132e-11
E3,outgoing_origin,bottom,-4,0,s,2.0437976401326996e-05,-4.950541084394573e-06,2.043797640141788e-05,-4.950541063364812e-06,2.1029957701763313e-14,2.1028997508321107e-05,1.0000456604477615e-09
E3,outgoing_origin,bottom,-4,0,p,-2.060824954468792e-15,-9.668347421146522e-16,-2.0607970114830376e-15,-9.661367194721875e-16,6.98581720234819e-19,1e-12,6.98581720234819e-07
E3,outgoing_origin,bottom,-4,1,s,9.141953123459753e-07,1.1354877949820176e-06,9.141953123117214e-07,1.1354877949614958e-06,3.993081997715116e-17,1.4577673345082354e-06,2.739176481178422e-11
E3,outgoing_origin,bottom,-4,1,p,-5.6658428777767525e-06,-4.777704938209279e-06,-5.665842877525649e-06,-4.777704937969342e-06,3.4730766727910173e-16,7.411358848895711e-06,4.686153704874922e-11
E3,outgoing_origin,bottom,-4,2,s,-1.2416326734001121e-13,-2.1973168663976554e-14,-1.241518984114555e-13,-2.200866223851341e-14,3.7269912394699583e-17,1e-12,3.7269912394699586e-05
E3,outgoing_origin,bottom,-4,2,p,4.678505004343275e-14,-6.438911156685126e-14,4.799226222439334e-14,-6.390110565945335e-14,1.3021178961656604e-15,1e-12,0.0013021178961656605
E3,outgoing_origin,bottom,-3,-2,s,8.594680549405965e-14,-1.2266342977210408e-14,8.598772622760537e-14,-1.2301802159161948e-14,5.4146652884476915e-17,1e-12,5.4146652884476916e-05
E3,outgoing_origin,bottom,-3,-2,p,-2.906103838629168e-14,-4.702957596957675e-14,-2.837415037731362e-14,-4.630626066339782e-14,9.97496951890361e-16,1e-12,0.000997496951890361
E3,outgoing_origin,bottom,-3,-1,s,4.503556667553785e-06,1.0609423353078734e-06,4.503556667561913e-06,1.0609423353827075e-06,7.52742156684817e-17,4.626837072660834e-06,1.6269043946514518e-11
E3,outgoing_origin,bottom,-3,-1,p,-1.0710897166085856e-05,-2.1575825685116064e-06,-1.0710897166094253e-05,-2.1575825687784997e-06,2.670253812360846e-16,1.0926045974813705e-05,2.4439342636084556e-11
E3,outgoing_origin,bottom,-3,0,s,6.169450977857433e-06,7.526484172606765e-06,6.169450978046028e-06,7.526484171884429e-06,7.46550309114096e-16,9.731910879171669e-06,7.671158505077047e-11
E3,outgoing_origin,bottom,-3,0,p,5.611692406069864e-16,2.7777940666672636e-15,5.611667870258494e-16,2.777857153582847e-15,6.31346099872189e-20,1e-12,6.31346099872189e-08
E3,outgoing_origin,bottom,-3,1,s,4.503556668659504e-06,1.0609423383197208e-06,4.503556668697817e-06,1.0609423383027623e-06,4.1898382334979465e-17,4.6268370744360466e-06,9.05551279652231e-12
E3,outgoing_origin,bottom,-3,1,p,1.071089716481777e-05,2.157582571645344e-06,1.0710897164959995e-05,2.157582571575617e-06,1.5839784684463498e-16,1.0926045974254131e-05,1.4497270761799814e-11
E3,outgoing_origin,bottom,-3,2,s,8.240866466041532e-14,-4.188033195613654e-14,8.241956707631448e-14,-4.195986112175143e-14,8.027297712081088e-17,1e-12,8.027297712081089e-05
E3,outgoing_origin,bottom,-3,2,p,3.058803787132082e-14,3.893837675284368e-14,2.928529100222778e-14,3.8855754886663425e-14,1.3053642318153309e-15,1e-12,0.0013053642318153309
E3,outgoing_origin,bottom,-2,-2,s,6.102821560833532e-14,1.2122294289336795e-14,6.164969540507573e-14,1.3558869034119526e-14,1.5652425163865395e-15,1e-12,0.0015652425163865395
E3,outgoing_origin,bottom,-2,-2,p,-8.372526360951976e-15,3.720520223165924e-14,-1.6167983236291394e-14,4.044899643976313e-14,8.443420441965741e-15,1e-12,0.008443420441965742
E3,outgoing_origin,bottom,-2,-1,s,2.980466850415531e-06,2.8294708341803e-07,2.9804668503125216e-06,2.8294708328082513e-07,1.7156955127428595e-16,2.9938673480548483e-06,5.7306998383130355e-11
E3,outgoing_origin,bottom,-2,-1,p,-2.450066400895408e-06,-2.25821751888935e-07,-2.4500664007263665e-06,-2.2582175163834644e-07,3.022741462965806e-16,2.4604513471071245e-06,1.22853128818003e-10
E3,outgoing_origin,bottom,-2,0,s,4.1641692072418074e-05,3.9398385190969986e-05,4.164169207300303e-05,3.939838519094672e-05,5.854165631698593e-16,5.732593893131636e-05,1.0212071081317334e-11
E3,outgoing_origin,bottom,-2,0,p,1.6527949344558e-15,-2.1021989717143998e-15,1.6521359398357838e-15,-2.1009003908373354e-15,1.4562232670464737e-18,1e-12,1.4562232670464737e-06
E3,outgoing_origin,bottom,-2,1,s,2.980466848311963e-06,2.829470758425423e-07,2.980466848296563e-06,2.829470758785929e-07,3.9202264108170905e-17,2.993867345348336e-06,1.3094188748569864e-11
E3,outgoing_origin,bottom,-2,1,p,2.4500663990910063e-06,2.258217562256469e-07,2.45006639905558e-06,2.2582175629755636e-07,8.01623050783605e-17,2.460451345871015e-06,3.258032523702782e-11
E3,outgoing_origin,bottom,-2,2,s,1.0348108983498664e-14,9.592312215453817e-15,1.0378673746285077e-14,9.811725799102232e-15,2.2153222206629373e-16,1e-12,0.00022153222206629375
E3,outgoing_origin,bottom,-2,2,p,2.198493331065235e-14,-2.3168182938708944e-14,2.335300896375395e-14,-2.3017534291667062e-14,1.3763451629096948e-15,1e-12,0.0013763451629096948
E3,outgoing_origin,bottom,-1,-2,s,-3.288612867216662e-14,4.472909256496327e-14,-3.566940861484692e-14,4.235041210538275e-14,3.661252240438596e-15,1e-12,0.0036612522404385964
E3,outgoing_origin,bottom,-1,-2,p,-7.463969658572161e-14,-1.2682573111894378e-13,-6.84248522824128e-14,-1.3429173746459715e-13,9.714192733712179e-15,1e-12,0.00971419273371218
E3,outgoing_origin,bottom,-1,-1,s,-3.0087377429615737e-05,-3.2251584199141563e-05,-3.008737742966147e-05,-3.225158419921462e-05,8.618889500160333e-17,4.410685846842793e-05,1.9540928099265577e-12
E3,outgoing_origin,bottom,-1,-1,p,9.329453427023763e-06,9.994406397821362e-06,9.329453427120315e-06,9.9944063979552e-06,1.650297404891182e-16,1.3672119824529582e-05,1.2070530583928407e-11
E3,outgoing_origin,bottom,-1,0,s,-2.350866066929308e-05,-5.982065002427223e-07,-2.35086606691296e-05,-5.982065004806241e-07,2.8865762145475435e-16,2.3516270483932998e-05,1.2274804444521663e-11
E3,outgoing_origin,bottom,-1,0,p,-3.5920606841711795e-15,4.8504641556138525e-15,-3.588157070605404e-15,4.849836361835852e-15,3.953773374714399e-18,1e-12,3.953773374714399e-06
E3,outgoing_origin,bottom,-1,1,s,-3.0087377424553635e-05,-3.225158419156463e-05,-3.0087377424585073e-05,-3.225158419156357e-05,3.1456241932041795e-17,4.4106858459370526e-05,7.131825532534362e-13
E3,outgoing_origin,bottom,-1,1,p,-9.329453426998883e-06,-9.99440639890903e-06,-9.329453427064524e-06,-9.994406398903223e-06,6.589804598730884e-17,1.3672119825184525e-05,4.8198850529324885e-12
E3,outgoing_origin,bottom,-1,2,s,-3.477532694348955e-14,-5.077603865640095e-14,-3.430203004750189e-14,-4.865937632877751e-14,2.1689327700350264e-15,1e-12,0.0021689327700350263
E3,outgoing_origin,bottom,-1,2,p,-3.106937036823913e-14,1.9377379291687063e-14,-2.511737031374503e-14,1.822259203367957e-14,6.0629892181954464e-15,1e-12,0.0060629892181954465
E3,outgoing_origin,bottom,0,-2,s,9.773715629630951e-14,-6.645379010866782e-14,4.118817561829034e-14,-5.153817313443788e-14,5.848301330681348e-14,1e-12,0.05848301330681348
E3,outgoing_origin,bottom,0,-2,p,3.80377031077393e-14,3.4389282720518315e-14,3.342888824483067e-14,-7.161797889485989e-14,1.0610740167222927e-13,1e-12,0.10610740167222928
E3,outgoing_origin,bottom,0,-1,s,-4.967644842042024e-09,3.728703646505423e-11,-4.967650804386203e-09,3.72861692519731e-11,6.025081462749755e-15,4.967790733589367e-09,1.2128291600553123e-06
E3,outgoing_origin,bottom,0,-1,p,1.868201247135116e-09,4.6066994927136163e-10,1.8682060756936258e-09,4.606628692612133e-10,8.56980285553509e-15,1.924163252007103e-09,4.4537815835511315e-06
E3,outgoing_origin,bottom,0,0,s,1.3356855438573645,-0.21784599214382983,1.3356855438573656,-0.2178459921438299,1.1133411481696098e-15,1.3533339382290965,8.226655053271412e-16
E3,outgoing_origin,bottom,0,0,p,1.0267043448244957e-13,-2.0813724607779914e-14,6.603922718264068e-14,-1.2656769823575478e-14,3.752840603587005e-14,1e-12,0.03752840603587005
E3,outgoing_origin,bottom,0,1,s,-4.9676180143302325e-09,3.7282386363095473e-11,-4.967622850010051e-09,3.728564429955474e-11,5.8307760443946285e-15,4.967762776060549e-09,1.1737227213209347e-06
E3,outgoing_origin,bottom,0,1,p,-1.8682058516854194e-09,-4.606722509316891e-10,-1.868205375995802e-09,-4.606648767652096e-10,7.389493343876993e-15,1.924163053274e-09,3.840367546452796e-06
E3,outgoing_origin,bottom,0,2,s,-6.854013676274546e-14,3.622558382534729e-14,-1.0784074501755057e-13,3.4646810995058534e-14,3.933230647759312e-14,1e-12,0.03933230647759312
E3,outgoing_origin,bottom,0,2,p,1.1757136425486963e-14,-2.896463877547629e-14,-1.9812822540597325e-14,4.6288942965457736e-14,8.160737634527705e-14,1e-12,0.08160737634527705
E3,outgoing_origin,bottom,1,-2,s,4.668868996049968e-13,5.686027674832884e-13,4.608332901839424e-13,5.419833185939766e-13,2.729910705853515e-14,1e-12,0.02729910705853515
E3,outgoing_origin,bottom,1,-2,p,-1.5152471471035083e-12,1.4773438997778124e-12,-1.4759468439887228e-12,1.4699238982249123e-12,3.9994627738723413e-14,2.083049532021021e-12,0.019200036832499004
E3,outgoing_origin,bottom,1,-1,s,-1.7195924008121914e-08,3.576858453568508e-08,-1.7195925613902034e-08,3.576858981353562e-08,5.516723315135151e-15,3.968742716488203e-08,1.3900430713777033e-07
E3,outgoing_origin,bottom,1,-1,p,-5.8930358792350334e-08,-2.6085052881736905e-08,-5.893036320886525e-08,-2.6085054754333783e-08,4.797105695383717e-15,6.444546368415213e-08,7.443666972270354e-08
E3,outgoing_origin,bottom,1,0,s,6.466115718268729e-05,-1.3723165310444052e-05,6.466115716759267e-05,-1.372316531450407e-05,1.5631095731998127e-14,6.61013654359827e-05,2.3647160128842423e-10
E3,outgoing_origin,bottom,1,0,p,-3.9921987218732913e-14,3.414063748843709e-14,-3.989823447151417e-14,3.433549669503415e-14,1.9630156238826381e-16,1e-12,0.00019630156238826382
E3,outgoing_origin,bottom,1,1,s,-1.7195927447319443e-08,3.576861570905168e-08,-1.7195920148146044e-08,3.57686195127594e-08,8.230803406896664e-15,3.968745156330862e-08,2.07390575173794e-07
E3,outgoing_origin,bottom,1,1,p,5.893050202650603e-08,2.608479410077073e-08,5.893050435713775e-08,2.6084788362093648e-08,6.193888833603197e-15,6.444548492859564e-08,9.611051636070248e-08
E3,outgoing_origin,bottom,1,2,s,1.6756494304573807e-13,1.0215596133941545e-13,1.3405143731047945e-13,1.3658298381386854e-13,4.804555071100456e-14,1e-12,0.04804555071100457
E3,outgoing_origin,bottom,1,2,p,2.821568749344041e-13,-7.201281296731369e-13,3.37594715116756e-13,-6.74187165036176e-13,7.199948858053428e-14,1e-12,0.07199948858053427
E3,outgoing_origin,bottom,2,-2,s,-5.744955048084321e-13,8.453635625232627e-13,-5.731435887386681e-13,9.148116982597679e-13,6.946129306553205e-14,1.079524903179709e-12,0.06434431745014482
E3,outgoing_origin,bottom,2,-2,p,-7.2659981083921396e-12,-4.086899470612045e-13,-7.346807181949744e-12,-4.2410267162662055e-13,8.226577932389446e-14,7.359037902119351e-12,0.01117887696980097
E3,outgoing_origin,bottom,2,-1,s,1.7069121992682465e-06,1.310639111728821e-06,1.7069121903910498e-06,1.3106391036103131e-06,1.2029746012424761e-14,2.152051134526784e-06,5.589897851135397e-09
E3,outgoing_origin,bottom,2,-1,p,2.8932260708379886e-07,4.860591240793763e-06,2.8932260997161274e-07,4.860591234752267e-06,6.6962039631370706e-15,4.869194463562875e-06,1.3752180187597889e-09
E3,outgoing_origin,bottom,2,0,s,1.5132150490024793e-05,3.2434703348900806e-08,1.5132150420415539e-05,3.243482424477469e-08,1.3950362205026357e-13,1.5132185181390885e-05,9.219000453538e-09
E3,outgoing_origin,bottom,2,0,p,1.2595419528983736e-13,6.108180627277796e-13,1.2589382551507563e-13,6.103223522542968e-13,4.993729900839116e-16,1e-12,0.0004993729900839117
E3,outgoing_origin,bottom,2,1,s,1.7069119435840503e-06,1.3106391424276209e-06,1.7069119894998078e-06,1.3106390799310031e-06,7.755052555102497e-14,2.15205096076756e-06,3.603563622088459e-08
E3,outgoing_origin,bottom,2,1,p,-2.8932143397627065e-07,-4.860590880586585e-06,-2.893214685818807e-07,-4.86059090816556e-06,4.425096742865211e-14,4.86919406973311e-06,9.087944903185508e-09
E3,outgoing_origin,bottom,2,2,s,-1.986459364097159e-13,-2.2372796018778713e-12,-2.92361352651145e-13,-2.2720461679537532e-12,9.995645731023574e-14,2.2907791141525065e-12,0.0436342625496721
E3,outgoing_origin,bottom,2,2,p,-7.335734428635358e-12,-2.7862305227953216e-12,-7.37793357629956e-12,-2.6984283014024618e-12,9.741662150324197e-14,7.855916188077505e-12,0.012400415072030154
E3,outgoing_origin,bottom,3,-2,s,-1.2257795338125912e-12,-7.300941199672187e-12,-1.1645184662168716e-12,-7.2512787330043625e-12,7.886240548258762e-14,7.344191345674584e-12,0.010738065196113691
E3,outgoing_origin,bottom,3,-2,p,2.971044042420716e-11,9.713310775874091e-13,2.9653186509845895e-11,9.888775004270232e-13,5.988228172133553e-14,2.966967052224472e-11,0.002018299518238297
E3,outgoing_origin,bottom,3,-1,s,-1.1867921482996373e-05,-1.9837118112298842e-06,-1.1867921621396998e-05,-1.9837116270656193e-06,2.3037189375520874e-13,1.2032567283459405e-05,1.9145697533051817e-08
E3,outgoing_origin,bottom,3,-1,p,-2.2461262134774022e-05,-4.5579979563918226e-05,-2.2461262205931877e-05,-4.557997962336945e-05,9.272479900265001e-14,5.08138056275103e-05,1.8247954046655647e-09
E3,outgoing_origin,bottom,3,0,s,1.105538321570819e-05,-5.331277931329113e-06,1.105538255806355e-05,-5.331277878619747e-06,6.597535528325893e-13,1.2273712043395673e-05,5.375338369516288e-08
E3,outgoing_origin,bottom,3,0,p,-1.063459215387722e-12,4.871212982261285e-12,-1.0634728374198816e-12,4.8711004407530396e-12,1.133629165044193e-16,4.9858393455700465e-12,2.2736977396823477e-05
E3,outgoing_origin,bottom,3,1,s,-1.186792125857665e-05,-1.983711416618117e-06,-1.1867921135458936e-05,-1.98371113656834e-06,3.0591804250674684e-13,1.2032566723306302e-05,2.5424171711776458e-08
E3,outgoing_origin,bottom,3,1,p,2.2461273925546902e-05,4.55799731186535e-05,2.246127406127508e-05,4.557997307350017e-05,1.4304181522468283e-13,5.0813804992705574e-05,2.8150187777753854e-09
E3,outgoing_origin,bottom,3,2,s,1.2953554044322385e-14,-2.7776030669188533e-12,-3.6566105828167724e-13,-1.8367539039061218e-12,1.0141726540429517e-12,1.8727981506446593e-12,0.541528009141749
E3,outgoing_origin,bottom,3,2,p,-1.168768650342816e-11,-6.588821038518354e-12,-1.0829929331898841e-11,-6.240257600929931e-12,9.25874632622277e-13,1.2499127339934043e-11,0.07407514200324666
E3,outgoing_origin,bottom,4,-2,s,-1.0291432721712343e-11,-1.1337645557383034e-11,-1.0740812237770715e-11,-1.0306164519167331e-11,1.125120029886323e-12,1.4885633161649147e-11,0.07558429108578633
E3,outgoing_origin,bottom,4,-2,p,-1.7119335346128715e-11,-6.074582614179845e-11,-1.788939519656116e-11,-6.124008093489046e-11,9.150300398033214e-13,6.379951389635097e-11,0.014342272909631946
E3,outgoing_origin,bottom,4,-1,s,-6.61416694207169e-06,1.0047324887349835e-05,-6.614166626252927e-06,1.0047324988025344e-05,3.3147707157060485e-13,1.2028962531109511e-05,2.7556580271435137e-08
E3,outgoing_origin,bottom,4,-1,p,-4.3470338528118456e-05,-4.715115372187343e-05,-4.34703385921351e-05,-4.715115374989499e-05,6.988088603197033e-14,6.413190810556869e-05,1.0896430200850745e-09
E3,outgoing_origin,bottom,4,0,s,-0.0006085103405703853,-0.00013118814913254577,-0.0006085104386811897,-0.00013118813376615982,9.93068767062915e-11,0.0006224911890340472,1.5953137723987914e-07
E3,outgoing_origin,bottom,4,0,p,2.3402931161205727e-11,-1.1534096189731534e-11,2.340354518745486e-11,-1.152900546516966e-11,5.1276217488710075e-15,2.6089152810261075e-11,0.00019654228660327645
E3,outgoing_origin,bottom,4,1,s,-6.614168655661308e-06,1.0047320594814035e-05,-6.6141671519936485e-06,1.0047321081377773e-05,1.5804305429088456e-12,1.2028959557119227e-05,1.3138547314954457e-07
E3,outgoing_origin,bottom,4,1,p,4.347034220042952e-05,4.715117580078801e-05,4.347034235043653e-05,4.715117531278553e-05,5.105374851759504e-13,6.413192650654736e-05,7.960738324675597e-09
E3,outgoing_origin,bottom,4,2,s,-1.0102835160052708e-11,-5.646394460761256e-12,-1.1476598032772617e-11,-5.913380379739507e-12,1.3994662951983948e-12,1.291047520122046e-11,0.10839773698384857
E3,outgoing_origin,bottom,4,2,p,1.8498279983431634e-11,1.2417412843867747e-11,1.818549335583926e-11,1.3636065769437603e-11,1.258153578622491e-12,2.273003427766227e-11,0.05535203173269869
E3,outgoing_origin,bottom,5,-2,s,2.4216417989503435e-11,-6.6862892310700365e-12,2.4643608548175875e-11,-9.994945808147184e-12,3.336120519174141e-12,2.6593352251709937e-11,0.125449416365311
E3,outgoing_origin,bottom,5,-2,p,-4.519679374293196e-11,1.0393972023818247e-10,-4.329128533454693e-11,1.0409087465846866e-10,1.9114941677122896e-12,1.1273440279294599e-10,0.016955730640832344
E3,outgoing_origin,bottom,5,-1,s,2.6810285855361638e-05,-2.659028056686699e-05,2.681021815605057e-05,-2.6590246224716927e-05,7.591165911779325e-11,3.776015084538323e-05,2.0103642972357096e-06
E3,outgoing_origin,bottom,5,-1,p,0.00045375999834715747,0.0005878090800706216,0.00045376000162454755,0.0005878090939962147,1.430606266326505e-11,0.0007425750265521728,1.9265477765511572e-08
E3,outgoing_origin,bottom,5,0,s,0.0044659185102738225,0.0019569599058874006,0.004465943804739468,0.001956956362356417,2.554146832332319e-08,0.004875892971677916,5.238316031890613e-06
E3,outgoing_origin,bottom,5,0,p,-8.950435584337092e-11,3.127104396074485e-11,-8.950616003031992e-11,3.125632640033821e-11,1.4827733301827607e-14,9.480670136344645e-11,0.00015639963302788816
E3,outgoing_origin,bottom,5,1,s,2.6810293598109555e-05,-2.6590265509862348e-05,2.6810227903558502e-05,-2.6590233488865694e-05,7.308295467983602e-11,3.776014879781516e-05,1.935451977987562e-06
E3,outgoing_origin,bottom,5,1,p,-0.0004537600934857844,-0.0005878089854067101,-0.0004537600975780648,-0.000587809000112006,1.5264091415264805e-11,0.0007425750108687547,2.055562224940348e-08
E3,outgoing_origin,bottom,5,2,s,6.682003664553183e-12,1.2781027871493705e-11,1.8100288648341446e-11,9.745579047929839e-12,1.1814871202492214e-11,2.0557158367165614e-11,0.5747327033955826
E3,outgoing_origin,bottom,5,2,p,1.4332432955092523e-10,-3.6067127136015014e-11,1.4101166193839704e-10,-4.458102733011748e-11,8.822410555011305e-12,1.4789103015544063e-10,0.05965480493129654
E3,outgoing_origin,bottom,6,-2,s,6.280494296218202e-11,1.3520446344034076e-11,8.75059871575929e-11,-1.0022465549494334e-11,3.4123456518501803e-11,8.807807675077616e-11,0.3874228159529051
E3,outgoing_origin,bottom,6,-2,p,-3.1497324890217887e-10,-2.3867731811880796e-10,-3.0082076041652517e-10,-2.2315854781475838e-10,2.1002979838261326e-11,3.745568946907375e-10,0.056074204309075594
E3,outgoing_origin,bottom,6,-1,s,-0.0003479311328630645,-0.00013676801975261743,-0.00034793009642715417,-0.00013676731763351897,1.2518668558109086e-09,0.0003738457585321474,3.3486185873184363e-06
E3,outgoing_origin,bottom,6,-1,p,-0.00046263659724291994,-0.0009549795316210527,-0.000462636885148291,-0.0009549794847488811,2.9169590868766205e-10,0.0010611402846895182,2.7488911023014277e-07
E3,outgoing_origin,bottom,6,0,s,-0.17353140380677987,-0.1258699660258202,-0.173540735910933,-0.12586873758025446,9.41261103163649e-06,0.21438126345498373,4.390594065890917e-05
E3,outgoing_origin,bottom,6,0,p,1.5964801491688234e-09,-6.079399638148719e-11,1.5964792954002962e-09,-6.080137960909871e-11,7.4324269698071e-15,1.597636675969914e-09,4.65213842521168e-06
E3,outgoing_origin,bottom,6,1,s,-0.00034793121488566774,-0.000136767911663441,-0.00034793018342267374,-0.00013676721191143432,1.246422391824772e-09,0.0003738458008197532,3.334054813753879e-06
E3,outgoing_origin,bottom,6,1,p,0.00046263708454322985,0.0009549792948388607,0.00046263737207886984,0.0009549792498808095,2.9102915769832834e-10,0.0010611402856111703,2.742607755493029e-07
E3,outgoing_origin,bottom,6,2,s,-1.0496721557101577e-10,-5.103477087167148e-11,-8.113751813616015e-11,-5.848014849673546e-11,2.496573908011873e-11,1.0001612178791952e-10,0.2496171480539673
E3,outgoing_origin,bottom,6,2,p,3.260644643108307e-10,1.0744868901381341e-10,3.207719608352096e-10,9.43654221660178e-11,1.411320177883421e-11,3.343642979724899e-10,0.04220905720022592
E3,outgoing_origin,bottom,7,-2,s,-3.2422892711154494e-11,-9.598386385274512e-11,2.979226389874875e-11,-1.1728020169480888e-10,6.575910368517886e-11,1.2100506062883376e-10,0.5434409382834474
E3,outgoing_origin,bottom,7,-2,p,-2.5190709099302043e-09,7.155906009545671e-10,-2.5092224806854242e-09,7.542964268950399e-10,3.993911015938659e-11,2.620145140484347e-09,0.015243090751836613
E3,outgoing_origin,bottom,7,-1,s,0.01551005307331405,-0.003004024445098689,0.015509960623109205,-0.003004068039467123,1.0221305853558502e-07,0.015798205699260465,6.469915665192899e-06
E3,outgoing_origin,bottom,7,-1,p,0.03642482344030544,0.02253329605711643,0.036424835050767934,0.02253328044400599,1.9456928250339784e-08,0.04283126587020135,4.5426927864572866e-07
E3,outgoing_origin,bottom,7,0,s,0.21816439054136857,-0.008915928729389937,0.21820389401531207,-0.00892129707782243,3.986657269564056e-05,0.2183861921115809,0.00018255079366588973
E3,outgoing_origin,bottom,7,0,p,-1.4163961222586775e-09,-8.417347275839056e-10,-1.4163744129428468e-09,-8.415554404558542e-10,1.805967017384089e-13,1.6475230004464402e-09,0.00010961710500519351
E3,outgoing_origin,bottom,7,1,s,0.015510052721727135,-0.0030040248957878897,0.015509960262731303,-0.003004068422871155,1.0219233282240006e-07,0.01579820541836305,6.468603877223722e-06
E3,outgoing_origin,bottom,7,1,p,-0.036424824385331005,-0.022533296671753238,-0.036424835977562964,-0.022533281057188694,1.9447222621640832e-08,0.04283126698096408,4.5404266538003535e-07
E3,outgoing_origin,bottom,7,2,s,2.3811889308972636e-11,1.6689640243936013e-10,2.233527733988407e-12,1.358291052863929e-10,3.78259519464021e-11,1.358474677314248e-10,0.27844429180811325
E3,outgoing_origin,bottom,7,2,p,1.1462797535515951e-09,1.0090930908508074e-09,1.1258185689991474e-09,1.0228023819553874e-09,2.4629347045332762e-11,1.5210496911136408e-09,0.016192335588523947
E3,outgoing_origin,bottom,8,-2,s,-6.011280601934805e-10,-8.1029833302608e-10,-5.948078988070014e-10,-7.85842698487998e-10,2.5259107280570503e-11,9.85568456907027e-10,0.02562897290751393
E3,outgoing_origin,bottom,8,-2,p,-1.0582734528383284e-09,6.616707553593403e-09,-1.0684529001576876e-09,6.624490167244525e-09,1.2813673281703063e-11,6.710101457934505e-09,0.001909609468952404
E3,outgoing_origin,bottom,8,-1,s,-0.01775307190174001,-0.16723736051646687,-0.017751857852375284,-0.1672320845699833,5.413827403727773e-06,0.16817163425153778,3.2192274445226594e-05
E3,outgoing_origin,bottom,8,-1,p,-0.08240213398627709,-0.48811805088392585,-0.08240363809818729,-0.4881180878675029,1.504566523415938e-06,0.4950248754105639,3.039375591313629e-06
E3,outgoing_origin,bottom,8,0,s,0.022156288878550513,-0.38914274670548943,0.02134682371156844,-0.3890298361258688,0.000817302058940014,0.38961506680144325,0.002097716768629304
E3,outgoing_origin,bottom,8,0,p,3.3434948967237836e-09,-3.4565556436067e-10,3.3434376265751085e-09,-3.4614322238968186e-10,4.910093921596576e-13,3.361307824821242e-09,0.00014607688963618498
E3,outgoing_origin,bottom,8,1,s,-0.01775307096894082,-0.16723736161388114,-0.01775185703656829,-0.16723208561335196,5.41385383890718e-06,0.16817163520296233,3.219243145476542e-05
E3,outgoing_origin,bottom,8,1,p,0.08240213336434349,0.48811804403643494,0.08240363749018612,0.48811808104483695,1.5045810620497751e-06,0.4950248685818805,3.039405002742619e-06
E3,outgoing_origin,bottom,8,2,s,-1.202364270744525e-09,-5.275934057449525e-10,-1.3745227189168457e-09,-4.3323161290133543e-10,1.9632289531728932e-10,1.4411808822058562e-09,0.13622363281477864
E3,outgoing_origin,bottom,8,2,p,1.8838538397545321e-10,-5.710118529264848e-09,2.4030963406548567e-10,-5.628286614615347e-09,9.69153754706414e-11,5.633414500681e-09,0.017203664928069063
E3,outgoing_boundary,top,-8,-2,s,0.0,0.0,-1.7896994256375554e-17,1.0273711563483534e-16,1.04284310096861e-16,1e-12,0.00010428431009686101
E3,outgoing_boundary,top,-8,-2,p,0.0,0.0,6.30443792619776e-16,-1.2475282681302382e-15,1.397779008082765e-15,1e-12,0.0013977790080827652
E3,outgoing_boundary,top,-8,-1,s,3.6691218303035657e-09,-4.154082795761509e-08,3.6691632010643415e-09,-4.154111636936549e-08,2.9136382344866034e-13,4.170284292238612e-08,6.986665729022901e-06
E3,outgoing_boundary,top,-8,-1,p,-1.884175800018959e-08,6.642636805610715e-08,-1.8841565936150807e-08,6.642631197437594e-08,2.0008437112543425e-13,6.904679231827818e-08,2.897808347173104e-06
E3,outgoing_boundary,top,-8,0,s,9.210491338868458e-08,5.378510579360799e-07,9.249804460233996e-08,5.374566245634929e-07,5.568930207503937e-10,5.453581497900622e-07,0.0010211510013461282
E3,outgoing_boundary,top,-8,0,p,2.8293018008415357e-16,2.3947434925764085e-16,2.8256889959895054e-16,2.3911541408197975e-16,5.09272077887059e-19,1e-12,5.09272077887059e-07
E3,outgoing_boundary,top,-8,1,s,3.669121596322664e-09,-4.1540828240379096e-08,3.669162935839231e-09,-4.154111655955899e-08,2.9126775503782386e-13,4.17028430885066e-08,6.984362059432297e-06
E3,outgoing_boundary,top,-8,1,p,1.8841758130030466e-08,-6.642636801759416e-08,1.8841566149770984e-08,-6.642631188900138e-08,2.0001709666329344e-13,6.90467922944367e-08,2.896834016710859e-06
E3,outgoing_boundary,top,-8,2,s,0.0,0.0,1.2018230838646047e-16,7.959757213681307e-17,1.4415117321469654e-16,1e-12,0.00014415117321469654
E3,outgoing_boundary,top,-8,2,p,0.0,0.0,-8.740352285277669e-16,1.0947442708938636e-15,1.4008578084025956e-15,1e-12,0.0014008578084025957
E3,outgoing_boundary,top,-7,-2,s,7.360130886661764e-17,5.555475006380693e-17,7.257322790176113e-17,4.1542671422081944e-17,1.404974371055166e-17,1e-12,1.404974371055166e-05
E3,outgoing_boundary,top,-7,-2,p,3.2854527241904167e-16,3.914082405475708e-16,3.6040041714185584e-16,3.880182668920796e-16,3.2035014697926396e-17,1e-12,3.2035014697926396e-05
E3,outgoing_boundary,top,-7,-1,s,2.909369704791638e-09,1.6473977358519707e-08,2.9093439631624323e-09,1.6474006323045814e-08,3.875016447415632e-14,1.6728932022927917e-08,2.316356144017269e-06
E3,outgoing_boundary,top,-7,-1,p,1.8377954213348694e-09,-6.602283892922144e-08,1.8377878460676903e-09,-6.602277757154925e-08,6.182352796159939e-14,6.604835064124933e-08,9.360343954295294e-07
E3,outgoing_boundary,top,-7,0,s,-1.0777105689186787e-06,-1.2240579121329093e-06,-1.0777854273213125e-06,-1.2239833494971134e-06,1.0565683651196632e-10,1.6308760428654155e-06,6.478532625099418e-05
E3,outgoing_boundary,top,-7,0,p,2.480691470081567e-16,7.672093950432252e-16,2.4757141589370993e-16,7.677031380353674e-16,7.010837357818988e-19,1e-12,7.010837357818989e-07
E3,outgoing_boundary,top,-7,1,s,2.9093690846861274e-09,1.6473977163079662e-08,2.9093433191046673e-09,1.64740061666395e-08,3.8795253204619594e-14,1.672893175689635e-08,2.3190514354645866e-06
E3,outgoing_boundary,top,-7,1,p,-1.83779364399603e-09,6.602283948536819e-08,-1.8377859937647443e-09,6.602277818349556e-08,6.177738766043795e-14,6.604835120141861e-08,9.353358037968867e-07
E3,outgoing_boundary,top,-7,2,s,-7.943486075635888e-18,-1.5418691032007192e-17,1.80519893268943e-18,-3.82430425854551e-17,2.481910319143153e-17,1e-12,2.481910319143153e-05
E3,outgoing_boundary,top,-7,2,p,-3.4021733138627584e-16,-2.578842016840509e-16,-3.8703047411165423e-16,-2.7268499240631435e-16,4.90971866590224e-17,1e-12,4.90971866590224e-05
E3,outgoing_boundary,top,-6,-2,s,1.271029494341743e-16,9.878240539685875e-17,9.721947139742191e-17,1.1209244935279136e-16,3.271359854375426e-17,1e-12,3.271359854375426e-05
E3,outgoing_boundary,top,-6,-2,p,1.6928292406188827e-16,-2.993940219650895e-17,1.2122936844747415e-16,-1.3634369924171696e-16,1.1675195346062718e-16,1e-12,0.00011675195346062718
E3,outgoing_boundary,top,-6,-1,s,9.488929984980808e-09,1.997970137587286e-08,9.488932298697165e-09,1.9979703003563457e-08,2.828897322326499e-15,2.211850737007045e-08,1.2789729772427626e-07
E3,outgoing_boundary,top,-6,-1,p,-3.5510584408539296e-08,-2.9155384285199595e-08,-3.5510585130444486e-08,-2.9155387438362476e-08,3.234746242989818e-15,4.594603653186605e-08,7.040316177754195e-08
E3,outgoing_boundary,top,-6,0,s,-2.187870474348419e-05,-4.00485726428568e-05,-2.187863802698162e-05,-4.00486385606996e-05,9.378834530300177e-11,4.563516464834153e-05,2.055177099189237e-06
E3,outgoing_boundary,top,-6,0,p,2.182097720187759e-15,1.5344411827956866e-14,2.1821368542172817e-15,1.534435361387308e-14,7.014521949243613e-20,1e-12,7.014521949243613e-08
E3,outgoing_boundary,top,-6,1,s,9.488931791590916e-09,1.9979702674481393e-08,9.488934148240378e-09,1.9979704274973112e-08,2.8487489236463934e-15,2.2118509311999782e-08,1.287947973103632e-07
E3,outgoing_boundary,top,-6,1,p,3.551058351146333e-08,2.9155385486071785e-08,3.5510584282689476e-08,2.9155388611965882e-08,3.2196278786527425e-15,4.594603662137511e-08,7.007411553654881e-08
E3,outgoing_boundary,top,-6,2,s,1.2635704065471315e-16,1.5986455069774793e-17,8.874024462535329e-17,2.3683037604685708e-17,3.839610300839343e-17,1e-12,3.839610300839343e-05
E3,outgoing_boundary,top,-6,2,p,-4.42466034506246e-16,-3.5840754711214464e-16,-4.233064438463354e-16,-2.3480018999142065e-16,1.2508344674106774e-16,1e-12,0.00012508344674106773
E3,outgoing_boundary,top,-5,-2,s,-3.984644776669338e-16,-3.3852474788998775e-16,-3.969626582852572e-16,-3.3256792791689137e-16,6.143221113313391e-18,1e-12,6.143221113313392e-06
E3,outgoing_boundary,top,-5,-2,p,-2.4922729465213177e-16,-6.56383230262559e-16,-2.6418955190070517e-16,-6.416937863196115e-16,2.0967806402327416e-17,1e-12,2.0967806402327415e-05
E3,outgoing_boundary,top,-5,-1,s,-2.7363185480339296e-08,-4.849773439879126e-07,-2.736318613804794e-08,-4.849773443787518e-07,7.650725123920348e-16,4.857486680540585e-07,1.5750377977503598e-09
E3,outgoing_boundary,top,-5,-1,p,-5.435665108457399e-07,-3.064488742519422e-07,-5.435665100360521e-07,-3.064488736626434e-07,1.0014326857170392e-15,6.239995697128935e-07,1.6048611799168471e-09
E3,outgoing_boundary,top,-5,0,s,2.725984218687511e-05,4.279982078158818e-06,2.7259841429835964e-05,4.279982780612307e-06,1.0327386757079024e-12,2.7593789290022113e-05,3.742648988340792e-08
E3,outgoing_boundary,top,-5,0,p,1.386409524221919e-15,2.180286679641193e-16,1.3867075312152845e-15,2.177362328688283e-16,4.175241945715348e-19,1e-12,4.175241945715348e-07
E3,outgoing_boundary,top,-5,1,s,-2.7363177322071363e-08,-4.849773412534391e-07,-2.7363177926537807e-08,-4.849773416410364e-07,7.180608260548012e-16,4.857486648581198e-07,1.4782558924058731e-09
E3,outgoing_boundary,top,-5,1,p,5.435665072677685e-07,3.064488714261161e-07,5.435665065748401e-07,3.064488708612331e-07,8.940036934462438e-16,6.239995653220445e-07,1.4326992246939322e-09
E3,outgoing_boundary,top,-5,2,s,-4.3239633553823056e-17,3.0824053154307406e-16,-4.4406619996980396e-17,3.1107786911673784e-16,3.067954019446395e-18,1e-12,3.067954019446395e-06
E3,outgoing_boundary,top,-5,2,p,-8.225923701233203e-16,-1.766523389333358e-15,-8.205479602040796e-16,-1.7452447213533923e-15,2.1376653688533863e-17,1e-12,2.1376653688533865e-05
E3,outgoing_boundary,top,-4,-2,s,-1.7071137353205156e-14,-8.40860162673146e-15,-1.706922190224565e-14,-8.40496208796587e-15,4.11280862726579e-18,1e-12,4.11280862726579e-06
E3,outgoing_boundary,top,-4,-2,p,6.380939881390723e-16,-9.467145593458242e-15,5.087934528483066e-16,-9.361811866146147e-15,1.667747658848225e-16,1e-12,0.0001667747658848225
E3,outgoing_boundary,top,-4,-1,s,1.0861442363543464e-07,-1.4862906268817227e-06,1.0861442366358e-07,-1.4862906268345908e-06,5.4896044797103736e-17,1.4902539785030377e-06,3.683670407123952e-11
E3,outgoing_boundary,top,-4,-1,p,9.484719079592601e-07,7.602960385980209e-06,9.484719078682949e-07,7.602960385527242e-06,4.620105366572912e-16,7.661893080950156e-06,6.029978906988312e-11
E3,outgoing_boundary,top,-4,0,s,-6.2883393157554975e-06,-1.7883864558382172e-05,-6.288339303983581e-06,-1.788386456820425e-05,1.533138126907696e-14,1.8957210319450913e-05,8.087361489757964e-10
E3,outgoing_boundary,top,-4,0,p,2.474248705412972e-15,9.073616322516322e-16,2.4738645791317575e-15,9.07742588236223e-16,5.409995028788747e-19,1e-12,5.409995028788747e-07
E3,outgoing_boundary,top,-4,1,s,1.086144180533179e-07,-1.4862906241387117e-06,1.0861441809165249e-07,-1.4862906241071e-06,4.9687425053288924e-17,1.4902539753767011e-06,3.334158195466589e-11
E3,outgoing_boundary,top,-4,1,p,-9.484719095143728e-07,-7.60296037972136e-06,-9.484719093315307e-07,-7.602960379394072e-06,3.7489787284782423e-16,7.661893075045296e-06,4.8930188554687956e-11
E3,outgoing_boundary,top,-4,2,s,-1.659091839212857e-14,-8.556712658887472e-15,-1.659084051592703e-14,-8.555953794285015e-15,7.62850042687046e-19,1e-12,7.62850042687046e-07
E3,outgoing_boundary,top,-4,2,p,-4.819628643871081e-15,7.397820076543002e-15,-4.781123706097603e-15,7.425626049943951e-15,4.7495288079068764e-17,1e-12,4.7495288079068763e-05
E3,outgoing_boundary,top,-3,-2,s,1.3459387707784061e-14,-7.295979291672933e-15,1.3459810403914375e-14,-7.298397058394795e-15,2.454438416404966e-18,1e-12,2.4544384164049662e-06
E3,outgoing_boundary,top,-3,-2,p,5.738003357724624e-15,4.414312927100377e-15,5.713660691139269e-15,4.434721691299875e-15,3.1766067944214807e-17,1e-12,3.176606794421481e-05
E3,outgoing_boundary,top,-3,-1,s,-3.009286828431768e-06,-3.724447808229341e-06,-3.0092868283733973e-06,-3.7244478082302656e-06,5.837805588753359e-17,4.7882479772514765e-06,1.2191944979642312e-11
E3,outgoing_boundary,top,-3,-1,p,-7.404933836337185e-06,-8.569191763142699e-06,-7.4049338361311406e-06,-8.569191763143105e-06,2.0604455368807172e-16,1.132537383890702e-05,1.8193179017210837e-11
E3,outgoing_boundary,top,-3,0,s,4.856975064451311e-06,-4.770001077470006e-06,4.856975064866796e-06,-4.7700010780179986e-06,6.876946005876991e-16,6.807577914723465e-06,1.0101898343320457e-10
E3,outgoing_boundary,top,-3,0,p,-1.780831699635405e-15,1.3711018449150513e-15,-1.780866928493626e-15,1.3711370802575701e-15,4.9825714385158364e-20,1e-12,4.982571438515836e-08
E3,outgoing_boundary,top,-3,1,s,-3.0092868277001353e-06,-3.7244478113082325e-06,-3.0092868277646835e-06,-3.724447811249043e-06,8.75776639411873e-17,4.788247979217014e-06,1.8290127061361642e-11
E3,outgoing_boundary,top,-3,1,p,7.404933837083418e-06,8.569191762422434e-06,7.404933837306331e-06,8.569191762207927e-06,3.093601111010066e-16,1.132537383896781e-05,2.7315664409820625e-11
E3,outgoing_boundary,top,-3,2,s,1.3827522416769711e-14,-7.215237790855307e-15,1.3826294831027992e-14,-7.224604969030704e-15,9.447274407091959e-18,1e-12,9.44727440709196e-06
E3,outgoing_boundary,top,-3,2,p,-6.508531293601929e-15,-6.309022803855089e-15,-6.349895773190463e-15,-6.347579999568995e-15,1.6325405256083934e-16,1e-12,0.00016325405256083935
E3,outgoing_boundary,top,-2,-2,s,-3.034614672072014e-16,5.023136495000888e-16,-2.984047776030858e-16,4.611207322007802e-16,4.1502126998264196e-17,1e-12,4.1502126998264197e-05
E3,outgoing_boundary,top,-2,-2,p,5.574936635816066e-16,4.878649352743993e-16,3.211205621866657e-16,4.869050055953402e-16,2.363750505617117e-16,1e-12,0.00023637505056171173
E3,outgoing_boundary,top,-2,-1,s,-5.763060693248711e-06,9.078102377967954e-07,-5.763060693221588e-06,9.078102378679626e-07,7.61607631919624e-17,5.834122725974624e-06,1.305436425820804e-11
E3,outgoing_boundary,top,-2,-1,p,-4.750113729348761e-06,7.819083068193024e-07,-4.7501137292912495e-06,7.819083069354262e-07,1.2958526954920994e-16,4.814037914438964e-06,2.691820709607187e-11
E3,outgoing_boundary,top,-2,0,s,2.173103424496334e-05,-3.510566591888547e-05,2.1731034244047592e-05,-3.510566591836562e-05,1.0530125964171411e-15,4.128735434594794e-05,2.5504482258512328e-11
E3,outgoing_boundary,top,-2,0,p,3.467347584633234e-15,1.0261726613432409e-16,3.4665534897092906e-15,1.0341502289028572e-16,1.1256120956684204e-18,1e-12,1.1256120956684204e-06
E3,outgoing_boundary,top,-2,1,s,-5.763060695784518e-06,9.078102364193827e-07,-5.763060695799748e-06,9.078102365233967e-07,1.0512311969123926e-16,5.834122728312161e-06,1.8018667859195322e-11
E3,outgoing_boundary,top,-2,1,p,4.75011372436335e-06,-7.819083055879337e-07,4.75011372440455e-06,-7.819083057555404e-07,1.7259616622171451e-16,4.814037909425512e-06,3.5852681152299326e-11
E3,outgoing_boundary,top,-2,2,s,-2.0548044031624214e-16,1.5852276128564265e-18,-2.0653557166501108e-16,-3.894313782827356e-18,5.580203945212677e-18,1e-12,5.580203945212678e-06
E3,outgoing_boundary,top,-2,2,p,4.243360600387418e-16,-3.3509715478439995e-17,4.672105629818883e-16,-4.7667776655068057e-17,4.5151674375409596e-17,1e-12,4.5151674375409595e-05
E3,outgoing_boundary,top,-1,-2,s,5.5239768417536e-17,-2.0677329066425562e-16,2.7409376791049505e-17,-2.1890998629613758e-16,3.036165474648166e-17,1e-12,3.0361654746481665e-05
E3,outgoing_boundary,top,-1,-2,p,-3.2976103273579247e-16,-1.6975094015328233e-16,-3.497876190060688e-16,-8.871517973567205e-17,8.347370019413992e-17,1e-12,8.347370019413992e-05
E3,outgoing_boundary,top,-1,-1,s,4.6331106567261845e-05,-2.1234532866966904e-05,4.633110656739217e-05,-2.1234532866957617e-05,1.3065833906336816e-16,5.0965447332844565e-05,2.563665108442317e-12
E3,outgoing_boundary,top,-1,-1,p,1.4364881159289043e-05,-6.58165305410867e-06,1.4364881159512669e-05,-6.581653054090918e-06,2.243286731216555e-16,1.5800885027470656e-05,1.4197222037350978e-11
E3,outgoing_boundary,top,-1,0,s,-3.8762488493229116e-05,-6.372277355059227e-05,-3.876248849271161e-05,-6.372277355062218e-05,5.1836690371319495e-16,7.45863418001679e-05,6.949890438413056e-12
E3,outgoing_boundary,top,-1,0,p,-4.955342669211137e-15,3.443084388033419e-15,-4.953191438456168e-15,3.4408936173299073e-15,3.0703859751650045e-18,1e-12,3.0703859751650045e-06
E3,outgoing_boundary,top,-1,1,s,4.63311065674206e-05,-2.1234532879112828e-05,4.6331106567378234e-05,-2.1234532879035484e-05,8.818699817501693e-17,5.096544733786408e-05,1.7303291304479459e-12
E3,outgoing_boundary,top,-1,1,p,-1.4364881154994703e-05,6.581653051474621e-06,-1.4364881154907207e-05,6.581653051335914e-06,1.6399770685545685e-16,1.5800885022136185e-05,1.037902032865279e-11
E3,outgoing_boundary,top,-1,2,s,9.286172005040977e-18,1.9625316992013484e-16,3.1548795076072005e-17,1.986773212137776e-16,2.2394215670509048e-17,1e-12,2.239421567050905e-05
E3,outgoing_boundary,top,-1,2,p,-3.44331360829046e-16,-5.08679516529501e-16,-3.5217233246116865e-16,-4.555032506590013e-16,5.3751242665317287e-17,1e-12,5.3751242665317285e-05
E3,outgoing_boundary,top,0,-2,s,-1.7884687508231404e-16,-3.2840796290146326e-17,-2.562156829276728e-16,1.3801737957309357e-16,1.8755918715628372e-16,1e-12,0.00018755918715628373
E3,outgoing_boundary,top,0,-2,p,-2.2258947064264246e-16,1.1247715786731274e-16,4.288958362496013e-18,3.602186577169111e-16,3.3593105288967887e-16,1e-12,0.0003359310528896789
E3,outgoing_boundary,top,0,-1,s,-4.435598893406729e-10,3.603364621649231e-11,-4.435603023965982e-10,3.6033730974164467e-11,4.2166225872175407e-16,4.450215406360462e-10,9.47509772491224e-07
E3,outgoing_boundary,top,0,-1,p,-1.7540132296459202e-10,-2.0641984551176945e-11,-1.7540138969379317e-10,-2.0641327793052465e-11,6.601393946404833e-16,1.766117547604749e-10,3.737799873716108e-06
E3,outgoing_boundary,top,0,0,s,0.24646783165592398,0.12401438533098674,0.24646783165592367,0.12401438533098731,6.457273673616727e-16,0.2759093325898842,2.340360731188066e-15
E3,outgoing_boundary,top,0,0,p,1.213775717363901e-13,-2.0248647638085617e-14,1.3157541812531638e-13,-3.0549870615639967e-14,1.4495215272821263e-14,1e-12,0.014495215272821263
E3,outgoing_boundary,top,0,1,s,-4.4356075120124114e-10,3.6034459563639214e-11,-4.435607800083571e-10,3.603492472457778e-11,4.660520879629622e-16,4.4502211333991943e-10,1.0472560216507254e-06
E3,outgoing_boundary,top,0,1,p,1.754000503894665e-10,2.064187710076534e-11,1.7539960299503895e-10,2.0641669294879587e-11,4.933001722517458e-16,1.7661002021996504e-10,2.79316072574675e-06
E3,outgoing_boundary,top,0,2,s,2.4091579351252858e-17,-1.92579463220008e-16,-9.452734718209929e-17,-5.0577858847049845e-17,1.8502676935086696e-16,1e-12,0.00018502676935086695
E3,outgoing_boundary,top,0,2,p,-1.3774202965123818e-16,1.6583703350634038e-16,-2.970527853898495e-16,-1.31235436408903e-16,3.3709341327820487e-16,1e-12,0.0003370934132782049
E3,outgoing_boundary,top,1,-2,s,0.0,0.0,-3.450551539401311e-16,1.588428667898794e-16,3.7986065285927546e-16,1e-12,0.00037986065285927547
E3,outgoing_boundary,top,1,-2,p,0.0,0.0,-2.1335511972956556e-16,7.008778927548759e-16,7.326323959990661e-16,1e-12,0.0007326323959990661
E3,outgoing_boundary,top,1,-1,s,-2.227536389584466e-10,2.2955349347536058e-10,-2.2275365791081872e-10,2.2955348556961067e-10,2.053517203784742e-17,3.198655887240881e-10,6.41993786195013e-08
E3,outgoing_boundary,top,1,-1,p,3.858977928162951e-10,6.10246935146468e-10,3.858977849252031e-10,6.102469608962338e-10,2.693176141536285e-17,7.220238595041495e-10,3.730037596521847e-08
E3,outgoing_boundary,top,1,0,s,1.0342642395582163e-06,-9.56328601456441e-07,1.0342642392012988e-06,-9.563286016162539e-07,3.9106294004863604e-16,1.4086400926993173e-06,2.7761735738989134e-10
E3,outgoing_boundary,top,1,0,p,1.3235355709233598e-16,-2.898075487604825e-16,1.2951415866576903e-16,-2.926235311177397e-16,3.998992380734761e-18,1e-12,3.998992380734761e-06
E3,outgoing_boundary,top,1,1,s,-2.2275321069690358e-10,2.295542872369948e-10,-2.2275320304252815e-10,2.2955430881539707e-10,2.2895783629461944e-17,3.198658627634722e-10,7.1579328383637e-08
E3,outgoing_boundary,top,1,1,p,-3.8589784897553497e-10,-6.102471436162906e-10,-3.858978501528554e-10,-6.102471485956081e-10,5.1166088611745034e-18,7.220240530077e-10,7.086479792273538e-09
E3,outgoing_boundary,top,1,2,s,0.0,0.0,4.544179395296586e-16,1.1106351580386697e-16,4.677935103323862e-16,1e-12,0.0004677935103323862
E3,outgoing_boundary,top,1,2,p,0.0,0.0,-8.015530394287844e-16,4.871394487274083e-16,9.379723436882163e-16,1e-12,0.0009379723436882164
E3,outgoing_boundary,top,2,-2,s,0.0,0.0,1.0585076364916542e-16,2.666297690606435e-16,2.868724767461033e-16,1e-12,0.0002868724767461033
E3,outgoing_boundary,top,2,-2,p,0.0,0.0,1.4288794398143e-16,-9.358514582350206e-17,1.7080733021169324e-16,1e-12,0.00017080733021169323
E3,outgoing_boundary,top,2,-1,s,0.0,0.0,8.501657721507833e-09,5.515563937422121e-09,1.0134082571277242e-08,1.0134082571277242e-08,1.0
E3,outgoing_boundary,top,2,-1,p,0.0,0.0,-2.3671370710083106e-09,-2.2498657890083756e-08,2.2622841217848165e-08,2.2622841217848165e-08,1.0
E3,outgoing_boundary,top,2,0,s,0.0,0.0,8.515559630356195e-08,-4.018485955036444e-08,9.416102441508231e-08,9.416102441508231e-08,1.0
E3,outgoing_boundary,top,2,0,p,0.0,0.0,9.245529807475211e-18,4.8178001232802984e-17,4.905710574635318e-17,1e-12,4.9057105746353177e-05
E3,outgoing_boundary,top,2,1,s,0.0,0.0,8.501658060298706e-09,5.5155636689755715e-09,1.0134082709390387e-08,1.0134082709390387e-08,1.0
E3,outgoing_boundary,top,2,1,p,0.0,0.0,2.3671376381045475e-09,2.249865777564547e-08,2.2622841163376085e-08,2.2622841163376085e-08,1.0
E3,outgoing_boundary,top,2,2,s,0.0,0.0,2.6781654947128044e-16,-7.218629462233093e-17,2.773744135676627e-16,1e-12,0.0002773744135676627
E3,outgoing_boundary,top,2,2,p,0.0,0.0,5.970586067274698e-16,3.196946430258635e-16,6.772618730201649e-16,1e-12,0.0006772618730201649
E3,outgoing_boundary,top,3,-2,s,0.0,0.0,6.321130366147573e-17,-3.3813558979823015e-17,7.168699799451268e-17,1e-12,7.168699799451268e-05
E3,outgoing_boundary,top,3,-2,p,0.0,0.0,-2.7131985627692073e-16,-5.411390724316785e-16,6.05347800956067e-16,1e-12,0.0006053478009560671
E3,outgoing_boundary,top,3,-1,s,0.0,0.0,-1.3662550003485744e-08,-1.9824647822897844e-09,1.380563070673584e-08,1.380563070673584e-08,1.0
E3,outgoing_boundary,top,3,-1,p,0.0,0.0,2.6092453517305654e-08,5.1784531159263e-08,5.798666913987591e-08,5.798666913987591e-08,1.0
E3,outgoing_boundary,top,3,0,s,0.0,0.0,1.1744637374265214e-08,-1.0363505354496494e-08,1.56632930856083e-08,1.56632930856083e-08,1.0
E3,outgoing_boundary,top,3,0,p,0.0,0.0,-3.1229883085492434e-16,-1.3977850434870433e-16,3.4215287523461406e-16,1e-12,0.0003421528752346141
E3,outgoing_boundary,top,3,1,s,0.0,0.0,-1.3662550413533049e-08,-1.9824649812624443e-09,1.3805631141105574e-08,1.3805631141105574e-08,1.0
E3,outgoing_boundary,top,3,1,p,0.0,0.0,-2.609245268206534e-08,-5.178453159054271e-08,5.798666914919097e-08,5.798666914919097e-08,1.0
E3,outgoing_boundary,top,3,2,s,0.0,0.0,1.880820993798895e-16,1.201936139994834e-16,2.232070360750383e-16,1e-12,0.0002232070360750383
E3,outgoing_boundary,top,3,2,p,0.0,0.0,1.343044543525724e-16,-3.558625578848582e-16,3.803627828314651e-16,1e-12,0.0003803627828314651
E3,outgoing_boundary,top,4,-2,s,0.0,0.0,-6.265635585750782e-18,-5.710584856450542e-17,5.744855202322903e-17,1e-12,5.7448552023229024e-05
E3,outgoing_boundary,top,4,-2,p,0.0,0.0,-4.978822149232423e-16,9.114837605790179e-17,5.061568199628118e-16,1e-12,0.0005061568199628119
E3,outgoing_boundary,top,4,-1,s,0.0,0.0,-3.1591852826435354e-09,4.211877297261792e-09,5.265013012069467e-09,5.265013012069467e-09,1.0
E3,outgoing_boundary,top,4,-1,p,0.0,0.0,2.5160840318603434e-08,2.1241610100815616e-08,3.2928314339081076e-08,3.2928314339081076e-08,1.0
E3,outgoing_boundary,top,4,0,s,0.0,0.0,-1.4533084686513165e-07,1.0580522286707842e-08,1.4571548477219524e-07,1.4571548477219524e-07,1.0
E3,outgoing_boundary,top,4,0,p,0.0,0.0,-4.8103184661031635e-17,3.551438540523666e-16,3.5838676516537555e-16,1e-12,0.00035838676516537554
E3,outgoing_boundary,top,4,1,s,0.0,0.0,-3.159185115549583e-09,4.2118774868401294e-09,5.265013063465347e-09,5.265013063465347e-09,1.0
E3,outgoing_boundary,top,4,1,p,0.0,0.0,-2.5160840453898488e-08,-2.124161029520636e-08,3.292831456786016e-08,3.292831456786016e-08,1.0
E3,outgoing_boundary,top,4,2,s,0.0,0.0,-1.2751109324499602e-16,4.0259754736205087e-17,1.3371584330943533e-16,1e-12,0.00013371584330943532
E3,outgoing_boundary,top,4,2,p,0.0,0.0,-9.814442878377572e-16,-5.722214837189994e-16,1.1360767212468247e-15,1e-12,0.0011360767212468248
E3,outgoing_boundary,top,5,-2,s,0.0,0.0,-2.0580284467729473e-17,-5.276825300922706e-17,5.663953243467383e-17,1e-12,5.663953243467383e-05
E3,outgoing_boundary,top,5,-2,p,0.0,0.0,2.2542406602443198e-17,3.069792847076524e-16,3.0780585006632306e-16,1e-12,0.0003078058500663231
E3,outgoing_boundary,top,5,-1,s,0.0,0.0,6.968868915409254e-10,-1.579748082976318e-09,1.7266312128734746e-09,1.7266312128734746e-09,1.0
E3,outgoing_boundary,top,5,-1,p,0.0,0.0,-3.325451864788758e-08,-4.5376410515760334e-08,5.625728078922326e-08,5.625728078922326e-08,1.0
E3,outgoing_boundary,top,5,0,s,0.0,0.0,3.0510887878122713e-07,1.9533614411216375e-07,3.62281157538928e-07,3.62281157538928e-07,1.0
E3,outgoing_boundary,top,5,0,p,0.0,0.0,1.2988478514571284e-16,4.755962369206648e-17,1.38318383514553e-16,1e-12,0.000138318383514553
E3,outgoing_boundary,top,5,1,s,0.0,0.0,6.96887061610331e-10,-1.5797481411271809e-09,1.7266313347193326e-09,1.7266313347193326e-09,1.0
E3,outgoing_boundary,top,5,1,p,0.0,0.0,3.325451878816801e-08,4.537641064609182e-08,5.625728097726884e-08,5.625728097726884e-08,1.0
E3,outgoing_boundary,top,5,2,s,0.0,0.0,2.5718403621523444e-17,5.909048384144685e-18,2.6388503891766073e-17,1e-12,2.6388503891766073e-05
E3,outgoing_boundary,top,5,2,p,0.0,0.0,-1.90235829226529e-16,9.78890830351922e-19,1.902383477345271e-16,1e-12,0.00019023834773452712
E3,outgoing_boundary,top,6,-2,s,0.0,0.0,3.273633839176158e-17,-2.7023746252009537e-17,4.244939001673549e-17,1e-12,4.2449390016735494e-05
E3,outgoing_boundary,top,6,-2,p,0.0,0.0,8.195020099469327e-16,6.905428865509094e-17,8.224062494222202e-16,1e-12,0.0008224062494222202
E3,outgoing_boundary,top,6,-1,s,0.0,0.0,-2.3673448667043145e-09,-3.302546862158879e-09,4.063389901875862e-09,4.063389901875862e-09,1.0
E3,outgoing_boundary,top,6,-1,p,0.0,0.0,-1.1153604026312552e-09,2.253694196272123e-08,2.256452485338042e-08,2.256452485338042e-08,1.0
E3,outgoing_boundary,top,6,0,s,0.0,0.0,-3.1548583902501785e-06,-3.7999293210275372e-06,4.93888593787473e-06,4.93888593787473e-06,1.0
E3,outgoing_boundary,top,6,0,p,0.0,0.0,-2.7501992955516628e-15,2.687523423518718e-15,3.8453060108676185e-15,1e-12,0.0038453060108676186
E3,outgoing_boundary,top,6,1,s,0.0,0.0,-2.3673449639391664e-09,-3.3025467153216846e-09,4.063389839182328e-09,4.063389839182328e-09,1.0
E3,outgoing_boundary,top,6,1,p,0.0,0.0,1.1153599457396095e-09,-2.2536942297420886e-08,2.2564525165086875e-08,2.2564525165086875e-08,1.0
E3,outgoing_boundary,top,6,2,s,0.0,0.0,2.919110619610813e-18,-1.2611073452221723e-17,1.2944511594759228e-17,1e-12,1.2944511594759228e-05
E3,outgoing_boundary,top,6,2,p,0.0,0.0,4.893924948508665e-16,8.026757876704572e-16,9.401028848635368e-16,1e-12,0.0009401028848635369
E3,outgoing_boundary,top,7,-2,s,0.0,0.0,-2.385896595934662e-17,1.1047278439245085e-16,1.1301984935430676e-16,1e-12,0.00011301984935430676
E3,outgoing_boundary,top,7,-2,p,0.0,0.0,1.6545881382488696e-16,2.982726849805896e-16,3.410912102031781e-16,1e-12,0.0003410912102031781
E3,outgoing_boundary,top,7,-1,s,0.0,0.0,2.295525540650961e-08,2.9366030563529362e-09,2.3142328929661986e-08,2.3142328929661986e-08,1.0
E3,outgoing_boundary,top,7,-1,p,0.0,0.0,-4.844782428496416e-08,-2.103404311807292e-07,2.158478368370687e-07,2.158478368370687e-07,1.0
E3,outgoing_boundary,top,7,0,s,0.0,0.0,1.2499268597372685e-06,-9.743113404195535e-08,1.2537184614471348e-06,1.2537184614471348e-06,1.0
E3,outgoing_boundary,top,7,0,p,0.0,0.0,-4.206883769935681e-17,4.702493864130088e-16,4.721273901471785e-16,1e-12,0.0004721273901471785
E3,outgoing_boundary,top,7,1,s,0.0,0.0,2.295525569078886e-08,2.936603369299915e-09,2.3142329251354068e-08,2.3142329251354068e-08,1.0
E3,outgoing_boundary,top,7,1,p,0.0,0.0,4.844782273976817e-08,2.103404285355468e-07,2.1584783391255393e-07,2.1584783391255393e-07,1.0
E3,outgoing_boundary,top,7,2,s,0.0,0.0,1.1067555109979752e-16,-9.567619443288317e-18,1.1108832950879892e-16,1e-12,0.00011108832950879893
E3,outgoing_boundary,top,7,2,p,0.0,0.0,-1.0862761280180868e-16,-6.158875939868015e-16,6.253938652480299e-16,1e-12,0.0006253938652480299
E3,outgoing_boundary,top,8,-2,s,0.0,0.0,-4.969821789820789e-16,-1.182451778830584e-16,5.108553692762476e-16,1e-12,0.0005108553692762475
E3,outgoing_boundary,top,8,-2,p,0.0,0.0,8.25264049739703e-16,-2.6234437500500856e-15,2.750185059495021e-15,1e-12,0.002750185059495021
E3,outgoing_boundary,top,8,-1,s,0.0,0.0,-2.568557920078116e-08,-1.7244091919165423e-07,1.743433956034533e-07,1.743433956034533e-07,1.0
E3,outgoing_boundary,top,8,-1,p,0.0,0.0,1.0929234692734513e-07,4.782810657060067e-07,4.906094117623109e-07,4.906094117623109e-07,1.0
E3,outgoing_boundary,top,8,0,s,0.0,0.0,2.3483989796328007e-08,-4.4211366219836795e-07,4.4273692875025295e-07,4.4273692875025295e-07,1.0
E3,outgoing_boundary,top,8,0,p,0.0,0.0,7.691421842661477e-17,5.232603352243462e-16,5.288829505810073e-16,1e-12,0.0005288829505810073
E3,outgoing_boundary,top,8,1,s,0.0,0.0,-2.568557931340517e-08,-1.7244091898857723e-07,1.7434339541918495e-07,1.7434339541918495e-07,1.0
E3,outgoing_boundary,top,8,1,p,0.0,0.0,-1.0929234662731815e-07,-4.782810653682855e-07,4.906094113662396e-07,4.906094113662396e-07,1.0
E3,outgoing_boundary,top,8,2,s,0.0,0.0,-4.097996816923363e-16,-2.8758965121575645e-16,5.006431729301226e-16,1e-12,0.0005006431729301225
E3,outgoing_boundary,top,8,2,p,0.0,0.0,-4.3394566330078707e-16,2.5446071383228425e-15,2.581343512030339e-15,1e-12,0.002581343512030339
E3,outgoing_boundary,bottom,-8,-2,s,-8.907403037775223e-17,2.429426648641804e-16,2.4202354262271403e-17,2.704672723700646e-16,1.1657248103848335e-16,1e-12,0.00011657248103848336
E3,outgoing_boundary,bottom,-8,-2,p,-2.653518498283212e-15,2.7511450491003123e-15,-2.6119526052752723e-15,2.575644825589256e-15,1.8035534900295644e-16,1e-12,0.00018035534900295643
E3,outgoing_boundary,bottom,-8,-1,s,-5.701385854099264e-09,-3.012995266844707e-08,-5.7014258950946545e-09,-3.0130159530188865e-08,2.1070135625931573e-13,3.066484584262388e-08,6.871104369500615e-06
E3,outgoing_boundary,bottom,-8,-1,p,8.14547162008081e-09,-2.8099250321815487e-08,8.145288542973947e-09,-2.8099192141963616e-08,1.920992509634715e-13,2.9255945113417417e-08,6.5661611757458e-06
E3,outgoing_boundary,bottom,-8,0,s,2.4645459966391834e-07,5.546987163534499e-07,2.4716805194166107e-07,5.546143092815955e-07,7.184279409901195e-10,6.071977255890679e-07,0.0011831861529012521
E3,outgoing_boundary,bottom,-8,0,p,-2.5920054903655814e-17,1.1417295375471906e-15,-2.5842421774714085e-17,1.142377340017921e-15,6.524376934188603e-19,1e-12,6.524376934188604e-07
E3,outgoing_boundary,bottom,-8,1,s,-5.701386386380955e-09,-3.0129952549946435e-08,-5.701426414103002e-09,-3.0130159393713196e-08,2.1068118658354042e-13,3.066484580502558e-08,6.870446632052277e-06
E3,outgoing_boundary,bottom,-8,1,p,-8.14546815270544e-09,2.8099247583002208e-08,-8.145285092739622e-09,2.8099189419785247e-08,1.9207787715610706e-13,2.925594153827522e-08,6.565431398091008e-06
E3,outgoing_boundary,bottom,-8,2,s,-3.507253815572218e-17,-2.868791276256968e-16,3.3671890629333914e-17,-3.1593537730458876e-16,7.463284889635232e-17,1e-12,7.463284889635231e-05
E3,outgoing_boundary,bottom,-8,2,p,4.1433177782695824e-16,-1.3860016125992911e-15,4.632629980468528e-16,-1.2796719748285338e-15,1.1704809345165894e-16,1e-12,0.00011704809345165895
E3,outgoing_boundary,bottom,-7,-2,s,3.342818523551511e-16,9.207534375571586e-17,4.347041333755421e-16,1.2882994080088608e-16,1.0693706059777044e-16,1e-12,0.00010693706059777044
E3,outgoing_boundary,bottom,-7,-2,p,-1.1624476742831266e-15,-1.5845489574251309e-15,-1.0760702190554155e-15,-1.802679518916927e-15,2.346103293300224e-16,1e-12,0.00023461032933002238
E3,outgoing_boundary,bottom,-7,-1,s,-1.9579666111910767e-10,1.7400089429653256e-08,-1.9581893579322313e-10,1.740011342124732e-08,3.273771055854621e-14,1.7401215248593596e-08,1.8813462215630107e-06
E3,outgoing_boundary,bottom,-7,-1,p,-1.8971454836772586e-09,5.870694068006986e-08,-1.897133855599565e-09,5.870689464368267e-08,4.7482219163415706e-14,5.873753991759034e-08,8.08379432132057e-07
E3,outgoing_boundary,bottom,-7,0,s,-1.3691257172706221e-06,-9.297848231477723e-07,-1.3692612671069514e-06,-9.29768896005805e-07,1.3648235043457947e-10,1.6550971625796438e-06,8.246183578845445e-05
E3,outgoing_boundary,bottom,-7,0,p,7.932591731503349e-15,-4.998158222229574e-15,7.933489822176431e-15,-4.998268048908045e-15,9.04781054388963e-19,1e-12,9.047810543889631e-07
E3,outgoing_boundary,bottom,-7,1,s,-1.957969195548045e-10,1.7400086502635953e-08,-1.9581923978251486e-10,1.7400110427423597e-08,3.2719841516532775e-14,1.7401212258380286e-08,1.880319659957895e-06
E3,outgoing_boundary,bottom,-7,1,p,1.8971520244681825e-09,-5.8706941609033135e-08,1.8971405595385316e-09,-5.8706895674349783e-08,4.7343845920496154e-14,5.873754116424721e-08,8.060236261526342e-07
E3,outgoing_boundary,bottom,-7,2,s,3.2291752477791355e-16,1.3586214927742682e-16,3.8160530205634483e-16,1.2235517397606425e-16,6.022203569852462e-17,1e-12,6.022203569852462e-05
E3,outgoing_boundary,bottom,-7,2,p,-1.6224224570573437e-15,7.535159302217588e-16,-1.597963196104809e-15,8.695613320399762e-16,1.1859507042662324e-16,1e-12,0.00011859507042662325
E3,outgoing_boundary,bottom,-6,-2,s,-1.1811187183764134e-15,1.6952496021962303e-15,-1.2095482673006797e-15,1.7685353240351097e-15,7.860684625071058e-17,1e-12,7.860684625071058e-05
E3,outgoing_boundary,bottom,-6,-2,p,-3.5174369971433737e-15,-6.036810437121317e-15,-3.2781814942474583e-15,-5.934348409334699e-15,2.602722858932985e-16,1e-12,0.00026027228589329854
E3,outgoing_boundary,bottom,-6,-1,s,2.6554857248818485e-08,1.5809658047487877e-08,2.655485969067467e-08,1.580965942319313e-08,2.802717710142099e-15,3.0904787724053014e-08,9.068878696619425e-08
E3,outgoing_boundary,bottom,-6,-1,p,4.2574344221956955e-08,1.540307768261902e-08,4.257434603820197e-08,1.540308039905036e-08,3.2676819286317526e-15,4.5275046398211154e-08,7.217401612118195e-08
E3,outgoing_boundary,bottom,-6,0,s,-2.9888653841391703e-05,-3.1594698815295855e-05,-2.9888533151049238e-05,-3.1594712765296576e-05,1.2149387344427056e-10,4.349195659708774e-05,2.793479138448462e-06
E3,outgoing_boundary,bottom,-6,0,p,1.045950369216265e-13,-2.464542994190722e-14,1.0459496565893829e-13,-2.4645410194646604e-14,7.394812393333078e-20,1e-12,7.394812393333079e-08
E3,outgoing_boundary,bottom,-6,1,s,2.6554860569305363e-08,1.5809652484734323e-08,2.6554862995955548e-08,1.580965381035086e-08,2.7651203097825077e-15,3.0904787692801105e-08,8.94722312047013e-08
E3,outgoing_boundary,bottom,-6,1,p,-4.257434929129919e-08,-1.5403076437805493e-08,-4.257435105889056e-08,-1.5403079130119704e-08,3.2207041224646165e-15,4.527505068770641e-08,7.113640014850692e-08
E3,outgoing_boundary,bottom,-6,2,s,5.3005307684276975e-16,-4.2854797176766714e-16,5.144876195657782e-16,-4.4105464785944466e-16,1.996748374499125e-17,1e-12,1.996748374499125e-05
E3,outgoing_boundary,bottom,-6,2,p,-1.3491197790144761e-16,8.703259151734077e-16,-1.0676428251375099e-16,8.196234082413169e-16,5.799169737848061e-17,1e-12,5.799169737848061e-05
E3,outgoing_boundary,bottom,-5,-2,s,-2.7172825836919532e-15,-3.33955350220837e-15,-2.7297022956399036e-15,-3.3440356291338317e-15,1.3203738358737991e-17,1e-12,1.3203738358737992e-05
E3,outgoing_boundary,bottom,-5,-2,p,-1.2420571828084454e-15,4.2274490466889693e-16,-1.2700371535294084e-15,5.043303489896747e-16,8.625000571921529e-17,1e-12,8.62500057192153e-05
E3,outgoing_boundary,bottom,-5,-1,s,6.016268150595506e-07,-4.0567227561474157e-07,6.016268140031478e-07,-4.0567227577680746e-07,1.0687619699192529e-15,7.256202992347392e-07,1.4728942548139862e-09
E3,outgoing_boundary,bottom,-5,-1,p,1.24797017491726e-06,-2.287964107070639e-07,1.247970172982939e-06,-2.2879641101326672e-07,1.9584070534830536e-15,1.2687700147574494e-06,1.543547712118214e-09
E3,outgoing_boundary,bottom,-5,0,s,2.7013952393566803e-05,4.000679167258363e-06,2.7013951055487517e-05,4.000679309575276e-06,1.345626351294465e-12,2.7308588146704672e-05,4.927484145520873e-08
E3,outgoing_boundary,bottom,-5,0,p,-1.7554067398160574e-15,8.890182034497301e-17,-1.7559408449785634e-15,8.896493616015786e-17,5.3782146734955475e-19,1e-12,5.378214673495547e-07
E3,outgoing_boundary,bottom,-5,1,s,6.016268187487809e-07,-4.0567227763631747e-07,6.01626817773756e-07,-4.0567227775603335e-07,9.823469271003134e-16,7.256203034675536e-07,1.3538029771299522e-09
E3,outgoing_boundary,bottom,-5,1,p,-1.2479701751225835e-06,2.287964084438762e-07,-1.2479701733785001e-06,2.2879640868367987e-07,1.760492177239171e-15,1.2687700147264331e-06,1.3875581522304188e-09
E3,outgoing_boundary,bottom,-5,2,s,-3.8225051795019084e-16,5.880398666427944e-16,-3.9905178502928194e-16,5.70448503887886e-16,2.4325678182482973e-17,1e-12,2.4325678182482972e-05
E3,outgoing_boundary,bottom,-5,2,p,-1.8090549847828111e-16,-9.25953717389068e-16,-4.469507098838224e-17,-1.0376836205781562e-15,1.761727896799731e-16,1e-12,0.00017617278967997313
E3,outgoing_boundary,bottom,-4,-2,s,-1.5698073979616887e-14,-1.1066547119293238e-14,-1.5698338362562133e-14,-1.1061544643914601e-14,5.009456882298283e-18,1e-12,5.009456882298284e-06
E3,outgoing_boundary,bottom,-4,-2,p,-5.800820917969046e-15,6.8168479503430455e-15,-5.627346133048582e-15,6.8368258177142734e-15,1.7462135089359367e-16,1e-12,0.0001746213508935937
E3,outgoing_boundary,bottom,-4,-1,s,1.1562623446739296e-07,-1.4531393879955853e-06,1.1562623449239934e-07,-1.4531393879815726e-06,2.8664863685300217e-17,1.4577323166501973e-06,1.9664010571687654e-11
E3,outgoing_boundary,bottom,-4,-1,p,-8.355546081974953e-07,-7.3639289700438456e-06,-8.355546081152409e-07,-7.363928969883197e-06,1.8048173123704733e-16,7.411180835509792e-06,2.4352628176645018e-11
E3,outgoing_boundary,bottom,-4,0,s,-6.4416503586503445e-06,-2.001764277869206e-05,-6.441650337684766e-06,-2.0017642780330906e-05,2.1029533703272478e-14,2.102857297949455e-05,1.000045686589331e-09
E3,outgoing_boundary,bottom,-4,0,p,-8.124736421243769e-16,2.1263692712319093e-15,-8.117795849509453e-16,2.126290016225035e-15,6.98567617418988e-19,1e-12,6.985676174189879e-07
E3,outgoing_boundary,bottom,-4,1,s,1.156262409480714e-07,-1.4531393918144687e-06,1.1562624095886745e-07,-1.453139391776026e-06,3.9929987185926905e-17,1.4577323209456104e-06,2.739185144775063e-11
E3,outgoing_boundary,bottom,-4,1,p,8.355546120265891e-07,7.3639289725649e-06,8.355546120089252e-07,7.36392897221805e-06,3.472993188620476e-16,7.411180838268743e-06,4.6861536162862946e-11
E3,outgoing_boundary,bottom,-4,2,s,-1.7911587835042234e-14,-3.1707064890309704e-15,-1.7909947510496494e-14,-3.1758266979613448e-15,5.376542021229021e-18,1e-12,5.376542021229022e-06
E3,outgoing_boundary,bottom,-4,2,p,6.749641075066559e-15,-9.288419934159867e-15,6.923789595664736e-15,-9.218011982260849e-15,1.8784298474297087e-16,1e-12,0.00018784298474297086
E3,outgoing_boundary,bottom,-3,-2,s,1.0574565365472806e-14,-1.508721561385673e-15,1.0579600258480482e-14,-1.5130840703087195e-15,6.661954045354146e-18,1e-12,6.661954045354146e-06
E3,outgoing_boundary,bottom,-3,-2,p,-3.5752773032327525e-15,-5.7864615766965995e-15,-3.490769753155264e-15,-5.697464425667216e-15,1.227274171138873e-16,1e-12,0.00012272741711388729
E3,outgoing_boundary,bottom,-3,-1,s,-2.85622419854667e-06,-3.639856296739034e-06,-2.856224198506311e-06,-3.639856296802572e-06,7.527239870576358e-17,4.6267235203226e-06,1.6269050522499168e-11
E3,outgoing_boundary,bottom,-3,-1,p,7.021259157858877e-06,8.371053754050798e-06,7.0212591576988504e-06,8.371053754264552e-06,2.6701910508653534e-16,1.092577782660606e-05,2.443936800877463e-11
E3,outgoing_boundary,bottom,-3,0,s,6.567673525041132e-06,-7.181355832205472e-06,6.567673524299278e-06,-7.181355832288926e-06,7.465335870633515e-16,9.731711417409163e-06,7.671143903094676e-11
E3,outgoing_boundary,bottom,-3,0,p,2.6690642533799543e-15,-9.522697123359564e-16,2.6691270423393968e-15,-9.522762973311438e-16,6.313331600264853e-20,1e-12,6.313331600264852e-08
E3,outgoing_boundary,bottom,-3,1,s,-2.856224197530614e-06,-3.639856299782217e-06,-2.856224197571131e-06,-3.639856299792882e-06,4.189710291841111e-17,4.6267235220977684e-06,9.055458515795396e-12
E3,outgoing_boundary,bottom,-3,1,p,-7.021259154912189e-06,-8.371053755707549e-06,-7.021259155066825e-06,-8.371053755741847e-06,1.5839399681980985e-16,1.0925777826046502e-05,1.449727418419644e-11
E3,outgoing_boundary,bottom,-3,2,s,1.0139411706522282e-14,-5.1523094184960426e-15,1.0140753526734193e-14,-5.162094259694352e-15,9.876416291207556e-18,1e-12,9.876416291207555e-06
E3,outgoing_boundary,bottom,-3,2,p,3.76319675862524e-15,4.79096619945802e-15,3.602913256263351e-15,4.7807936230295464e-15,1.606059850708776e-16,1e-12,0.0001606059850708776
E3,outgoing_boundary,bottom,-2,-2,s,3.4886066489416543e-15,6.930754518003623e-16,3.5241303592024887e-15,7.751972650841488e-16,8.947584147529891e-17,1e-12,8.947584147529891e-05
E3,outgoing_boundary,bottom,-2,-2,p,-4.786783933820063e-16,2.1267900830948465e-15,-9.243055427444201e-16,2.312204412867049e-15,4.826614029873801e-16,1e-12,0.0004826614029873801
E3,outgoing_boundary,bottom,-2,-1,s,-2.9127195158093013e-06,-6.919501074916058e-07,-2.912719515726236e-06,-6.919501073414905e-07,1.7156462944499807e-16,2.9937818772152356e-06,5.730699044934581e-11
E3,outgoing_boundary,bottom,-2,-1,p,2.395310847542151e-06,5.621041934612034e-07,2.3953108474093514e-06,5.62104193189673e-07,3.022655514754994e-16,2.4603811045686232e-06,1.2285314291929396e-10
E3,outgoing_boundary,bottom,-2,0,s,1.013093976791833e-05,-5.642232175076273e-05,1.0130939767578284e-05,-5.642232175123924e-05,5.854031386902896e-16,5.7324639836414715e-05,1.0212068324560498e-11
E3,outgoing_boundary,bottom,-2,0,p,-2.66413587837386e-15,-2.302770787647547e-16,-2.662688561798314e-15,-2.304375930107446e-16,1.456190266763479e-18,1e-12,1.456190266763479e-06
E3,outgoing_boundary,bottom,-2,1,s,-2.9127195147724453e-06,-6.919500996983772e-07,-2.912719514752213e-06,-6.919500997319537e-07,3.920107011663893e-17,2.9937818745088005e-06,1.3094163756693456e-11
E3,outgoing_boundary,bottom,-2,1,p,-2.395310845156024e-06,-5.621041975069511e-07,-2.395310845111005e-06,-5.621041975732752e-07,8.015984471535032e-17,2.4603811033325493e-06,3.2580255394895944e-11
E3,outgoing_boundary,bottom,-2,2,s,5.915234628175966e-16,5.483562423326196e-16,5.932702627066704e-16,5.608989022090598e-16,1.266371298745088e-17,1e-12,1.2663712987450881e-05
E3,outgoing_boundary,bottom,-2,2,p,1.2567945347242488e-15,-1.3243495957124786e-15,1.3349992076976135e-15,-1.3157353267670407e-15,7.867767475170619e-17,1e-12,7.867767475170619e-05
E3,outgoing_boundary,bottom,-1,-2,s,-6.71002945388471e-16,9.125987452203205e-16,-7.27789487216499e-16,8.640647778138592e-16,7.470111997150926e-17,1e-12,7.470111997150926e-05
E3,outgoing_boundary,bottom,-1,-2,p,-1.5228235066483057e-15,-2.5876824883039682e-15,-1.3960173708175135e-15,-2.7400095689317555e-15,1.9820024111216847e-16,1e-12,0.00019820024111216847
E3,outgoing_boundary,bottom,-1,-1,s,4.10919772898477e-05,-1.6021157831878404e-05,4.109197728993248e-05,-1.6021157831893867e-05,8.618322254980842e-17,4.410474006125397e-05,1.954058054306966e-12
E3,outgoing_boundary,bottom,-1,-1,p,-1.273605810341536e-05,4.970083409629105e-06,-1.2736058103575414e-05,4.9700834096692944e-06,1.6502224386923656e-16,1.3671463166637247e-05,1.207056200626307e-11
E3,outgoing_boundary,bottom,-1,0,s,2.346632955380802e-05,1.5211160033747656e-06,2.3466329553635322e-05,1.5211160036060555e-06,2.8865051390856343e-16,2.3515578168870206e-05,1.2274863574933377e-11
E3,outgoing_boundary,bottom,-1,0,p,3.779702591881295e-15,-4.705486781589407e-15,3.775777446861586e-15,-4.705012819501884e-15,3.953656976288638e-18,1e-12,3.953656976288638e-06
E3,outgoing_boundary,bottom,-1,1,s,4.109197728093607e-05,-1.6021157829978482e-05,4.1091977280946716e-05,-1.602115783000808e-05,3.145490533463699e-17,4.4104740052197004e-05,7.131865032513692e-13
E3,outgoing_boundary,bottom,-1,1,p,1.2736058104416614e-05,-4.970083409203644e-06,1.2736058104435502e-05,-4.970083409266774e-06,6.589497571224657e-17,1.3671463167292158e-05,4.819891982731946e-12
E3,outgoing_boundary,bottom,-1,2,s,-7.095016774650079e-16,-1.0360087776313304e-15,-6.998459636648866e-16,-9.928219424359314e-16,4.425308512617411e-17,1e-12,4.4253085126174106e-05
E3,outgoing_boundary,bottom,-1,2,p,-6.339228871583547e-16,3.9534454244597595e-16,-5.124827032026759e-16,3.7178615370505127e-16,1.237041468959616e-16,1e-12,0.0001237041468959616
E3,outgoing_boundary,bottom,0,-2,s,6.414062144481062e-16,-4.360896888079174e-16,2.7030286150918883e-16,-3.3821317138547853e-16,3.837935789265522e-16,1e-12,0.0003837935789265522
E3,outgoing_boundary,bottom,0,-2,p,2.4961744418245016e-16,2.2568361527136913e-16,2.1938515185008468e-16,-4.699874347478845e-16,6.963276537195405e-16,1e-12,0.0006963276537195406
E3,outgoing_boundary,bottom,0,-1,s,-4.0252220410504664e-10,3.0063221220412784e-12,-4.0252268722377136e-10,3.0062518348387413e-12,4.882048678709876e-16,4.0253391320476405e-10,1.2128291601176069e-06
E3,outgoing_boundary,bottom,0,-1,p,1.5137663564292e-10,3.733315497347848e-11,1.5137702691639734e-10,3.7332581303629994e-11,6.944004818005295e-16,1.5591255852188376e-10,4.4537815836244135e-06
E3,outgoing_boundary,bottom,0,0,s,1.3402736675143103,-0.16339885787326905,1.3402736675143114,-0.16339885787326908,1.1105699151271774e-15,1.3501972783954763,8.225241843524799e-16
E3,outgoing_boundary,bottom,0,0,p,1.0318688019336341e-13,-1.6615789963889018e-14,6.63419905351461e-14,-9.95888060558347e-15,3.744142540196493e-14,1e-12,0.037441425401964934
E3,outgoing_boundary,bottom,0,1,s,-4.025200302748401e-10,3.0059454110632357e-12,-4.0252042211380725e-10,3.0062093830063745e-12,4.724605411349143e-16,4.0253164784092694e-10,1.1737227213538796e-06
E3,outgoing_boundary,bottom,0,1,p,-1.5137700873696202e-10,-3.733334148805979e-11,-1.5137697021468994e-10,-3.7332743967072624e-11,5.987614679917208e-16,1.5591254241878724e-10,3.840367546463477e-06
E3,outgoing_boundary,bottom,0,2,s,-4.497976749869015e-16,2.3772127300205974e-16,-7.077069199410808e-16,2.2735580350806457e-16,2.5811745696613745e-16,1e-12,0.00025811745696613744
E3,outgoing_boundary,bottom,0,2,p,7.715950871677624e-17,-1.900784121590698e-16,-1.300269022625074e-16,3.0376781920042666e-16,5.355467385041701e-16,1e-12,0.0005355467385041702
E3,outgoing_boundary,bottom,1,-2,s,9.399501580395396e-16,1.1447626833016278e-15,9.27763441662558e-16,1.0911704734588934e-15,5.4960358549418803e-17,1e-12,5.49603585494188e-05
E3,outgoing_boundary,bottom,1,-2,p,-3.050640122352115e-15,2.9742399271244505e-15,-2.9715179409174127e-15,2.959302685314839e-15,8.051981611916904e-17,1e-12,8.051981611916905e-05
E3,outgoing_boundary,bottom,1,-1,s,-2.057082835391203e-10,4.278627585198506e-10,-2.0570830274894615e-10,4.2786282165357965e-10,6.599155364096901e-17,4.747446681882958e-10,1.390043070790109e-07
E3,outgoing_boundary,bottom,1,-1,p,-7.04923790906465e-10,-3.1204672599092697e-10,-7.049238437367502e-10,-3.120467483922215e-10,5.738342125801062e-17,7.709025870048385e-10,7.443666972368126e-08
E3,outgoing_boundary,bottom,1,0,s,1.6920615971644324e-06,-3.5906412835267157e-07,1.6920615967694395e-06,-3.590641284589242e-07,4.0903419019096015e-16,1.7297397190351823e-06,2.3647152556519435e-10
E3,outgoing_boundary,bottom,1,0,p,-1.044701034895696e-15,8.933649296536026e-16,-1.0440796043659722e-15,8.984640189541165e-16,5.136816874085333e-18,1e-12,5.136816874085333e-06
E3,outgoing_boundary,bottom,1,1,s,-2.057083246870085e-10,4.2786313141766964e-10,-2.0570823737458506e-10,4.2786317691982e-10,9.845763035314942e-17,4.747449600445274e-10,2.073905752341528e-07
E3,outgoing_boundary,bottom,1,1,p,7.049255043521565e-10,3.120436304653682e-10,7.049255322328407e-10,3.12043561819373e-10,7.409187009699244e-17,7.709028411328333e-10,9.611051632410025e-08
E3,outgoing_boundary,bottom,1,2,s,3.3734966625857503e-16,2.056721918542583e-16,2.6987702587288135e-16,2.749819209202087e-16,9.672846397939227e-17,1e-12,9.672846397939227e-05
E3,outgoing_boundary,bottom,1,2,p,5.680786558325186e-16,-1.4498007642971037e-15,6.796883681503605e-16,-1.3573077078648227e-15,1.449541078129783e-16,1e-12,0.00014495410781297828
E3,outgoing_boundary,bottom,2,-2,s,-3.461750218643484e-16,5.093787446766146e-16,-3.453609385021654e-16,5.512254933570257e-16,4.185466648824324e-17,1e-12,4.185466648824324e-05
E3,outgoing_boundary,bottom,2,-2,p,-4.3782040044811245e-15,-2.4631592341731563e-16,-4.426896283671783e-15,-2.556036452106154e-16,4.957015058370095e-17,1e-12,4.957015058370095e-05
E3,outgoing_boundary,bottom,2,-1,s,4.223028451717774e-09,3.2427239338021684e-09,4.223028429754975e-09,3.24272391371579e-09,2.976284780916699e-17,5.3243992618043795e-09,5.58989781676904e-09
E3,outgoing_boundary,bottom,2,-1,p,7.15626712903383e-10,1.2025621525286198e-08,7.156267200483694e-10,1.2025621510339016e-08,1.6567108188771975e-17,1.2046895629678862e-08,1.375218039405693e-09
E3,outgoing_boundary,bottom,2,0,s,6.499158510410242e-08,1.404215792148813e-10,6.499158480512635e-08,1.4042209844954265e-10,5.991588460278144e-16,6.49917365043254e-08,9.219000418429174e-09
E3,outgoing_boundary,bottom,2,0,p,5.409198796615299e-16,2.623432554694968e-15,5.406606320445735e-16,2.6213035064777203e-15,2.1447740296505708e-18,1e-12,2.1447740296505708e-06
E3,outgoing_boundary,bottom,2,1,s,4.223027819127185e-09,3.242724009744336e-09,4.2230279327299766e-09,3.242723855122949e-09,1.9186809944612685e-16,5.324398831905914e-09,3.603563622927286e-08
E3,outgoing_boundary,bottom,2,1,p,-7.156238105267471e-10,-1.2025620634050736e-08,-7.156238961435759e-10,-1.2025620702285336e-08,1.094815145744591e-16,1.204689465530289e-08,9.087944877667434e-09
E3,outgoing_boundary,bottom,2,2,s,-1.1967926782991404e-16,-1.348098954828838e-15,-1.7614825853103118e-16,-1.3690486450179088e-15,6.02298632724739e-17,1e-12,6.022986327247391e-05
E3,outgoing_boundary,bottom,2,2,p,-4.42020629710522e-15,-1.6789296903876398e-15,-4.445634526115086e-15,-1.6260238168774148e-15,5.869945725863347e-17,1e-12,5.869945725863347e-05
E3,outgoing_boundary,bottom,3,-2,s,-2.178951956293054e-16,-1.2979052345361621e-15,-2.0700478926573114e-16,-1.2890765207289365e-15,1.4019527033879366e-17,1e-12,1.4019527033879365e-05
E3,outgoing_boundary,bottom,3,-2,p,5.281682348647409e-15,1.7273274146225737e-16,5.271504172328857e-15,1.7585189364765195e-16,1.0645392596197726e-17,1e-12,1.0645392596197726e-05
E3,outgoing_boundary,bottom,3,-1,s,-6.849190746273703e-09,-1.144924143096233e-09,-6.849190826148692e-09,-1.1449240368125065e-09,1.3295203819700168e-16,6.944225372427832e-09,1.9145697477632288e-08
E3,outgoing_boundary,bottom,3,-1,p,-1.2962494877482777e-08,-2.6305243239337594e-08,-1.296249491854891e-08,-2.630524327364855e-08,5.351325922854013e-17,2.932562187233612e-08,1.8247953772813614e-09
E3,outgoing_boundary,bottom,3,0,s,9.869838459379845e-09,-4.759406090273324e-09,9.869837872262109e-09,-4.7594060432244794e-09,5.889998552666856e-16,1.095744703427861e-08,5.375338374204268e-08
E3,outgoing_boundary,bottom,3,0,p,-9.494690679544515e-16,4.348798687127326e-15,-9.494812277841613e-16,4.348698214702839e-15,1.012055805821612e-19,1e-12,1.012055805821612e-07
E3,outgoing_boundary,bottom,3,1,s,-6.849190616759635e-09,-1.144923915356587e-09,-6.849190545708071e-09,-1.1449237537335967e-09,1.7655117022320128e-16,6.94422504915273e-09,2.542417173601573e-08
E3,outgoing_boundary,bottom,3,1,p,1.296250168221067e-08,2.6305239519737146e-08,1.2962501760542332e-08,2.6305239493679276e-08,8.255217609744255e-17,2.932562150597813e-08,2.8150188080622264e-09
E3,outgoing_boundary,bottom,3,2,s,2.3081341328719126e-18,-4.93780009321368e-16,-6.500075414570072e-17,-3.265241079913648e-16,1.8029149444998544e-16,1e-12,0.00018029149444998544
E3,outgoing_boundary,bottom,3,2,p,-2.0777306261055564e-15,-1.171330383654683e-15,-1.9252460958071757e-15,-1.1093639128105943e-15,1.6459457916100732e-16,1e-12,0.00016459457916100732
E3,outgoing_boundary,bottom,4,-2,s,-5.349021141947873e-16,-5.892907649769099e-16,-5.582595816469856e-16,-5.356787081019216e-16,5.84792606669021e-17,1e-12,5.84792606669021e-05
E3,outgoing_boundary,bottom,4,-2,p,-8.89764936003462e-16,-3.1573346936841377e-15,-9.297893379707764e-16,-3.183024470424916e-15,4.7559619235567895e-17,1e-12,4.7559619235567896e-05
E3,outgoing_boundary,bottom,4,-1,s,-9.461869821804376e-10,1.4372829001005801e-09,-9.461869370019904e-10,1.437282914502921e-09,4.7418556596171914e-17,1.720770727341449e-09,2.755658022462556e-08
E3,outgoing_boundary,bottom,4,-1,p,-6.2184604474822915e-09,-6.745146656276084e-09,-6.218460456639977e-09,-6.7451466602847284e-09,9.996620865086945e-18,9.174216801424812e-09,1.089642972415303e-09
E3,outgoing_boundary,bottom,4,0,s,-1.253031024810633e-07,-2.701541999393554e-08,-1.2530312268390596e-07,-2.701541682993872e-08,2.0449100887489822e-14,1.281823127456878e-07,1.595313772194187e-07
E3,outgoing_boundary,bottom,4,0,p,4.819117451686863e-15,-2.375028039891166e-15,4.819243879348466e-15,-2.373979765268644e-15,1.0558710327696697e-18,1e-12,1.0558710327696697e-06
E3,outgoing_boundary,bottom,4,1,s,-9.461872273068735e-10,1.4372822860408783e-09,-9.461870122044964e-10,1.4372823556472145e-09,2.260842202708795e-16,1.720770301905306e-09,1.3138547313406674e-07
E3,outgoing_boundary,bottom,4,1,p,6.218460972781415e-09,6.745149814721099e-09,6.218460994241e-09,6.7451497449114495e-09,7.30335608038883e-17,9.174219433727087e-09,7.960738385589055e-09
E3,outgoing_boundary,bottom,4,2,s,-5.251023717595292e-16,-2.934820936854699e-16,-5.965049659494185e-16,-3.073596368558937e-16,7.273868751560611e-17,1e-12,7.273868751560611e-05
E3,outgoing_boundary,bottom,4,2,p,9.614608351086992e-16,6.454168198978177e-16,9.45202829944834e-16,7.087573938444613e-16,6.539381499651556e-17,1e-12,6.539381499651556e-05
E3,outgoing_boundary,bottom,5,-2,s,3.6579220485108443e-16,-1.0099396429769756e-16,3.7224538147702453e-16,-1.5097148977645937e-16,5.039242543821309e-17,1e-12,5.039242543821309e-05
E3,outgoing_boundary,bottom,5,-2,p,-6.827152174393967e-16,1.5700138402550201e-15,-6.539323465637336e-16,1.572297285317096e-15,2.8873305616029084e-17,1e-12,2.8873305616029086e-05
E3,outgoing_boundary,bottom,5,-1,s,9.853423054256825e-10,-9.772386585134202e-10,9.853398173246903e-10,-9.77237396391339e-10,2.7899101589808083e-15,1.3877634829145696e-09,2.0103642971794166e-06
E3,outgoing_boundary,bottom,5,-1,p,1.6676418409188594e-08,2.1603349904979434e-08,1.667641852963475e-08,2.160335041677483e-08,5.257773325228148e-16,2.729116494775389e-08,1.9265477803141094e-08
E3,outgoing_boundary,bottom,5,0,s,2.247049542184025e-07,9.846796430750924e-08,2.2470622692923048e-07,9.84677860242541e-08,1.2851372575552807e-12,2.453340443258724e-07,5.238316031868198e-06
E3,outgoing_boundary,bottom,5,0,p,-4.50349060582798e-15,1.5733823447495595e-15,-4.5035813777787375e-15,1.5726418193061011e-15,7.460680126191961e-19,1e-12,7.460680126191961e-07
E3,outgoing_boundary,bottom,5,1,s,9.853425899825752e-10,-9.772381051348114e-10,9.853401755614338e-10,-9.772369283192331e-10,2.6859494323720747e-15,1.3877634076622164e-09,1.935451978011686e-06
E3,outgoing_boundary,bottom,5,1,p,-1.667642190576141e-08,-2.160334642591736e-08,-1.667642205615621e-08,-2.160334696636872e-08,5.609868672124749e-16,2.7291164371355902e-08,2.0555622309807794e-08
E3,outgoing_boundary,bottom,5,2,s,1.009306876081268e-16,1.930595225729524e-16,2.7340538142822264e-16,1.4721022741965776e-16,1.7846478048732678e-16,1e-12,0.0001784647804873268
E3,outgoing_boundary,bottom,5,2,p,2.164932556097891e-15,-5.447792051356624e-16,2.130000571443002e-15,-6.733827916676792e-16,1.332633708894809e-16,1e-12,0.0001332633708894809
E3,outgoing_boundary,bottom,6,-2,s,2.745394601127732e-16,5.910415285467287e-17,3.825161757100682e-16,-4.3808406471533054e-17,1.4916422486055086e-16,1e-12,0.00014916422486055086
E3,outgoing_boundary,bottom,6,-2,p,-1.3768379627441452e-15,-1.0433431226184726e-15,-1.3149735555643043e-15,-9.755052890851637e-16,9.181054696605445e-17,1e-12,9.181054696605446e-05
E3,outgoing_boundary,bottom,6,-1,s,-3.3621885395569352e-09,-1.321671957828769e-09,-3.3621785241125705e-09,-1.3216651728867235e-09,1.2097295746820803e-14,3.6126227670800996e-09,3.348618587320269e-06
E3,outgoing_boundary,bottom,6,-1,p,-4.470569712193774e-09,-9.22838971277102e-09,-4.470572494343491e-09,-9.228389259848832e-09,2.8187755421574916e-15,1.0254227750468283e-08,2.7488911020420487e-07
E3,outgoing_boundary,bottom,6,0,s,-2.2117240858514828e-06,-1.6042888857855435e-06,-2.2118430279337057e-06,-1.6042732296710828e-06,1.1996804926111358e-10,2.732387632759713e-06,4.390594065891953e-05
E3,outgoing_boundary,bottom,6,0,p,2.0347878939259935e-14,-7.746783245939007e-16,2.0347868058369966e-14,-7.74772427310124e-16,9.472969422048081e-20,1e-12,9.472969422048081e-08
E3,outgoing_boundary,bottom,6,1,s,-3.362189332182995e-09,-1.3216709133257683e-09,-3.3621793647937467e-09,-1.3216641512582778e-09,1.2044683689272412e-14,3.6126231757223376e-09,3.3340548137473815e-06
E3,outgoing_boundary,bottom,6,1,p,4.4705744211923135e-09,9.22838742468712e-09,4.470577199769021e-09,9.228386990261824e-09,2.812332458258464e-15,1.0254227759374584e-08,2.742607755798464e-07
E3,outgoing_boundary,bottom,6,2,s,-4.588426019861068e-16,-2.2309231335268066e-16,-3.546753476454649e-16,-2.556375805014665e-16,1.0913299817495085e-16,1e-12,0.00010913299817495084
E3,outgoing_boundary,bottom,6,2,p,1.4253254625695502e-15,4.697024020718879e-16,1.4021907203842564e-15,4.1251120434919153e-16,6.169318757315564e-17,1e-12,6.169318757315564e-05
E3,outgoing_boundary,bottom,7,-2,s,-4.088952690432694e-17,-1.2105101357118947e-16,3.75737449289354e-17,-1.47908500374729e-16,8.293256069953899e-17,1e-12,8.293256069953899e-05
E3,outgoing_boundary,bottom,7,-2,p,-3.1769503926895716e-15,9.024502670065614e-16,-3.1645303127244346e-15,9.5126447994548e-16,5.0369492465047574e-17,1e-12,5.0369492465047574e-05
E3,outgoing_boundary,bottom,7,-1,s,4.0042333785695744e-08,-7.755193316613419e-09,4.004209510798003e-08,-7.755305865856516e-09,2.638832774186724e-13,4.078620048140678e-08,6.469915665200757e-06
E3,outgoing_boundary,bottom,7,-1,p,9.403748063433799e-08,5.8174856077144866e-08,9.403751060934241e-08,5.8174815769022656e-08,5.023191819915115e-14,1.1057740542878511e-07,4.542692786502563e-07
E3,outgoing_boundary,bottom,7,0,s,7.216480920466932e-07,-2.948690507132615e-08,7.21778762439937e-07,-2.9504661615678295e-08,1.3187132568463696e-10,7.223815522051921e-07,0.00018255079366586452
E3,outgoing_boundary,bottom,7,0,p,-4.685158466778679e-15,-2.784339184035833e-15,-4.685086660736336e-15,-2.783746134498341e-15,5.973808346742794e-19,1e-12,5.973808346742793e-07
E3,outgoing_boundary,bottom,7,1,s,4.0042332878012875e-08,-7.75519448016356e-09,4.004209417760022e-08,-7.755306855696818e-09,2.638297698806594e-13,4.07861997562144e-08,6.468603877233277e-06
E3,outgoing_boundary,bottom,7,1,p,-9.403748307409732e-08,-5.817485766396941e-08,-9.403751300203602e-08,-5.817481735209279e-08,5.0206861197847885e-14,1.1057740829643935e-07,4.540426654172593e-07
E3,outgoing_boundary,bottom,7,2,s,3.002908224682267e-17,2.104827904305392e-16,2.8156483924529578e-18,1.7130186034166187e-16,4.7704467974977435e-17,1e-12,4.770446797497744e-05
E3,outgoing_boundary,bottom,7,2,p,1.4456300795656372e-15,1.2726348854805167e-15,1.4198251921358996e-15,1.2899242774328116e-15,3.1061475968496877e-17,1e-12,3.1061475968496875e-05
E3,outgoing_boundary,bottom,8,-2,s,-2.182197395382721e-16,-2.941559985941448e-16,-2.1592544968372185e-16,-2.852780960441941e-16,9.169564854621705e-18,1e-12,9.169564854621704e-06
E3,outgoing_boundary,bottom,8,-2,p,-3.84189754060895e-16,2.4019957269292027e-15,-3.878851163715671e-16,2.404820949149291e-15,4.651621566724462e-18,1e-12,4.6516215667244615e-06
E3,outgoing_boundary,bottom,8,-1,s,-1.2385654966206858e-08,-1.1668260120212244e-07,-1.2384807940929525e-08,-1.1667892013670912e-07,3.7772601707587264e-12,1.1733436782120682e-07,3.2192274445237436e-05
E3,outgoing_boundary,bottom,8,-1,p,-5.749021815694991e-08,-3.4056330039837175e-07,-5.749126758476947e-08,-3.405633262089702e-07,1.0497451764397918e-12,3.453818539052407e-07,3.039375591306545e-06
E3,outgoing_boundary,bottom,8,0,s,1.935323066972324e-08,-3.3987093746095755e-07,1.864625604354184e-08,-3.397723279074671e-07,7.138185806659249e-10,3.4028358420015013e-07,0.0020977167686292695
E3,outgoing_boundary,bottom,8,0,p,2.920157133713608e-15,-3.0187045432133466e-16,2.92010711773829e-15,-3.022963674004912e-16,4.2883977052457232e-19,1e-12,4.2883977052457235e-07
E3,outgoing_boundary,bottom,8,1,s,-1.2385654315382155e-08,-1.1668260196779072e-07,-1.2384807371731234e-08,-1.1667892086466997e-07,3.777278614751865e-12,1.1733436848502149e-07,3.2192431454847435e-05
E3,outgoing_boundary,bottom,8,1,p,5.749021772305463e-08,3.4056329562083297e-07,5.749126716059481e-08,3.40563321448752e-07,1.0497553201330788e-12,3.453818491408269e-07,3.0394050027366923e-06
E3,outgoing_boundary,bottom,8,2,s,-4.3648124557137946e-16,-1.915297925002149e-16,-4.989784471723366e-16,-1.572749552071863e-16,7.12691664461045e-17,1e-12,7.12691664461045e-05
E3,outgoing_boundary,bottom,8,2,p,6.840078048844466e-17,-2.0728876397009346e-15,8.725014182100061e-17,-2.0431808869250056e-15,3.51822339133748e-17,1e-12,3.51822339133748e-05
E4,total_projection,top,-8,-2,s,0.0,0.0,9.299318426250227e+16,8.368952251872413e+16,1.2510662851620507e+17,1.2510662851620507e+17,1.0
E4,total_projection,top,-8,-2,p,0.0,0.0,1.0344720306110046e+17,4.34749113367457e+16,1.1221137080038926e+17,1.1221137080038926e+17,1.0
E4,total_projection,top,-8,-1,s,-1360209300109.3142,-10727736596956.754,-1360339809750.4614,-10727357570855.262,400866002.6047146,10813266150935.97,3.7071685558208195e-05
E4,total_projection,top,-8,-1,p,-1487693217346.9465,12470149705238.57,-1487957998399.9988,12469999736391.385,304301924.38078856,12558459795317.406,2.423083159403446e-05
E4,total_projection,top,-8,0,s,-1055591303.688198,58763821.224728934,-1054452118.6576338,57636898.14060692,1602403.8727451314,1056026175.1343303,0.0015173902981536417
E4,total_projection,top,-8,0,p,9.520945675847935,4.207326925990044,9.519922504626539,4.2063219917248205,0.0014341451201722612,10.407788871425222,0.00013779537016836817
E4,total_projection,top,-8,1,s,-1360207749241.5076,-10727734428787.164,-1360338279651.3857,-10727355321985.695,400949067.6166791,10813263727442.316,3.7079375637453016e-05
E4,total_projection,top,-8,1,p,1487693554834.955,-12470149150066.04,1487958404559.963,-12469999167604.928,304368387.7763482,12558459278660.27,2.423612491171911e-05
E4,total_projection,top,-8,2,s,0.0,0.0,-1.750198712729339e+17,-7.212148601047206e+16,1.8929729022031213e+17,1.8929729022031213e+17,1.0
E4,total_projection,top,-8,2,p,0.0,0.0,2.5726069676141693e+17,3.91199046042339e+16,2.602180490173848e+17,2.602180490173848e+17,1.0
E4,total_projection,top,-7,-2,s,2223481706.9327526,-88236086566.35606,2494430174.3324604,-88227424552.94789,271086890.98245573,88262679684.79504,0.003071364839030099
E4,total_projection,top,-7,-2,p,99280647694.90321,-94781496612.24287,98717683781.58519,-94037363044.94452,933093314.5610362,136338573924.06503,0.0068439421632848435
E4,total_projection,top,-7,-1,s,0.11883012312997157,0.6282750906825668,0.11883164899935332,0.6282730198734132,2.5722612465986555e-06,0.6394121896748324,4.0228530017651945e-06
E4,total_projection,top,-7,-1,p,-0.06522218928807276,-0.3505929450787791,-0.06521900998715265,-0.35058903343328374,5.040726616470948e-06,0.35660368706364837,1.4135374364683038e-05
E4,total_projection,top,-7,0,s,1.1650450921224673e-05,1.7622140578418113e-05,1.165056281252943e-05,1.762214141709615e-05,1.1189444785756594e-10,2.1125233299843798e-05,5.296720100998521e-06
E4,total_projection,top,-7,0,p,-5.898282774780749e-15,4.023566817082012e-15,-5.89757703272542e-15,4.02351756988034e-15,7.074582217576455e-19,1e-12,7.074582217576454e-07
E4,total_projection,top,-7,1,s,0.11883016021954566,0.6282749274720959,0.11883168554794811,0.6282728577109469,2.5710966432900394e-06,0.639412037129773,4.0210325955565615e-06
E4,total_projection,top,-7,1,p,0.06522194860705911,0.3505929198859569,0.06521877194657137,0.35058900913626095,5.038366306524628e-06,0.3566036196414223,1.4128758175788811e-05
E4,total_projection,top,-7,2,s,4248109899.7015095,70412383775.13937,3831414536.812691,69857240460.2209,694131922.2969911,69962231111.29335,0.009921523531643689
E4,total_projection,top,-7,2,p,85425629830.55545,-101921609665.91756,83852994505.0428,-100909983214.86006,1869911747.5243256,131202703477.80977,0.014252082449204886
E4,total_projection,top,-6,-2,s,24070.64489450819,49715.085081699544,22280.565689303767,51059.47076766208,2238.695252491117,55709.004321645516,0.040185519015303615
E4,total_projection,top,-6,-2,p,-81527.62074801745,97877.4356070982,-85758.75951862174,91439.9836368619,7703.461765025512,125362.8152271732,0.0614493360815635
E4,total_projection,top,-6,-1,s,2.23799106272636e-07,-6.985011905490343e-07,2.2379911194488144e-07,-6.985012098377027e-07,2.0105399695961683e-14,7.334780042046605e-07,2.7411046521787345e-08
E4,total_projection,top,-6,-1,p,5.051721854678234e-08,3.874437635015307e-07,5.051719414672394e-08,3.874438070450745e-07,4.991395652436975e-14,3.9072329150184883e-07,1.2774758405753645e-07
E4,total_projection,top,-6,0,s,-2.4329726463199005e-06,1.056497953387214e-06,-2.43301301760612e-06,1.0565831081662676e-06,9.423999759492533e-11,2.6525309061918823e-06,3.552833159264537e-05
E4,total_projection,top,-6,0,p,5.494915777199629e-15,6.920970870897523e-15,5.494887269451074e-15,6.9210303189417466e-15,6.592997565342741e-20,1e-12,6.59299756534274e-08
E4,total_projection,top,-6,1,s,2.2379909429767141e-07,-6.985012062942369e-07,2.2379909990874511e-07,-6.985012255365915e-07,2.0043761087292757e-14,7.334780154824579e-07,2.7327010031934803e-08
E4,total_projection,top,-6,1,p,-5.0517207278164705e-08,-3.874437354743354e-07,-5.0517183004111263e-08,-3.8744377893912404e-07,4.978370737636083e-14,3.907232621911571e-07,1.274142396774029e-07
E4,total_projection,top,-6,2,s,-24695.113378342154,-63851.114632832134,-26062.643229789177,-63259.04978722823,1490.194173924556,68417.60557127307,0.02178085832559819
E4,total_projection,top,-6,2,p,-83601.75810963678,66640.55820116767,-82334.23105379227,71321.37334180473,4849.3974077317,108929.62819444646,0.0445186262737922
E4,total_projection,top,-5,-2,s,-0.1259214207853039,-0.12009946094745295,-0.1265278846778458,-0.12017226602254594,0.0006108183297154171,0.17450122957172476,0.0035003669098179857
E4,total_projection,top,-5,-2,p,0.5716199048626173,-0.11799716077883186,0.5714392953773985,-0.12578276834019347,0.0077877021569704346,0.5851189392873388,0.013309605336746876
E4,total_projection,top,-5,-1,s,-1.178382290711014e-06,-1.5482624526145292e-06,-1.1783822937396316e-06,-1.548262455548845e-06,4.216957925330587e-15,1.945687914713255e-06,2.1673352100519466e-09
E4,total_projection,top,-5,-1,p,1.5309933323753607e-06,1.6887023059474555e-06,1.5309933379774253e-06,1.688702314905407e-06,1.0565416289735679e-14,2.2793981901585643e-06,4.635177976078284e-09
E4,total_projection,top,-5,0,s,1.1146740788913572e-05,-2.653117010748724e-06,1.1146740192023823e-05,-2.653116212897952e-06,9.964151881185859e-13,1.1458134339744025e-05,8.696138119644752e-08
E4,total_projection,top,-5,0,p,-4.953525437166723e-15,1.092402890333971e-14,-4.953270310039031e-15,1.0923700394334297e-14,4.159423252349287e-19,1e-12,4.159423252349287e-07
E4,total_projection,top,-5,1,s,-1.1783823019332074e-06,-1.5482624640056574e-06,-1.1783823050204498e-06,-1.548262466958628e-06,4.272130697524781e-15,1.9456879306245707e-06,2.1956916267417127e-09
E4,total_projection,top,-5,1,p,-1.5309933326777115e-06,-1.6887023031189129e-06,-1.5309933384083612e-06,-1.688702312106846e-06,1.0659422464521144e-14,2.279398188374683e-06,4.676419643959535e-09
E4,total_projection,top,-5,2,s,0.10380485634655105,0.27887384536474635,0.10318747117067396,0.27801726595515686,0.0010558848139477276,0.29654890722405153,0.0035605756360112813
E4,total_projection,top,-5,2,p,0.48529030507105847,-0.3682223979946092,0.47941583425406803,-0.3634960730007,0.007539731780887373,0.6016385436626001,0.012531995930625862
E4,total_projection,top,-4,-2,s,-0.0026628243084163496,-0.0012575375801710143,-0.0026624489410704867,-0.0012572949355678642,4.4696425783049236e-07,0.002944388717342185,0.00015180205493857285
E4,total_projection,top,-4,-2,p,0.0004273399942352575,-0.0019914143232980753,0.0004182939932476081,-0.0019771939705781902,1.685374039631858e-05,0.0020209566700149163,0.008339486267260835
E4,total_projection,top,-4,-1,s,3.076432019655154e-07,-1.2831978331156352e-06,3.0764320190726645e-07,-1.283197833208171e-06,1.093426652832574e-16,1.3195609189536875e-06,8.286291577198111e-11
E4,total_projection,top,-4,-1,p,-1.6076323297289696e-06,7.229615926973183e-06,-1.6076323297604814e-06,7.22961592776752e-06,7.949623940847452e-16,7.406202007150557e-06,1.0733739011131793e-10
E4,total_projection,top,-4,0,s,-1.9006783808508905e-06,4.674519755343765e-06,-1.9006783834802898e-06,4.674519771234977e-06,1.6107277163803873e-14,5.046158282207956e-06,3.191988095299322e-09
E4,total_projection,top,-4,0,p,-2.0435655226710974e-15,-2.756088794431861e-15,-2.043478285745693e-15,-2.7566241621527528e-15,5.424286844613769e-19,1e-12,5.424286844613769e-07
E4,total_projection,top,-4,1,s,3.076432179844181e-07,-1.2831978368963557e-06,3.076432179427391e-07,-1.283197837016094e-06,1.2678484442062118e-16,1.3195609263951953e-06,9.608108415802727e-11
E4,total_projection,top,-4,1,p,1.607632308659368e-06,-7.229615915127603e-06,1.6076323088211544e-06,-7.229615916133007e-06,1.0183376887596335e-15,7.406201991248236e-06,1.3749796318855242e-10
E4,total_projection,top,-4,2,s,-0.0026479669897990724,-0.0012181870925774428,-0.002648079800008545,-0.0012187929171454154,6.16238225461944e-07,0.002915095676319583,0.00021139554027947645
E4,total_projection,top,-4,2,p,-0.0014455540093296548,0.001837235381331351,-0.001467663148661368,0.0018367997664363262,2.2113430360888866e-05,0.002351141956564755,0.00940539991604706
E4,total_projection,top,-3,-2,s,0.0135398462609742,-0.006458882138431448,0.013536884005227805,-0.00645804293354906,3.0788348350749475e-06,0.014998451490155754,0.00020527684721957754
E4,total_projection,top,-3,-2,p,0.006078095377437424,0.005167110047031009,0.006084447557094745,0.00521785567047599,5.1141651178063386e-05,0.008015392683640312,0.006380429904881045
E4,total_projection,top,-3,-1,s,1.071157321318563e-06,-4.6900384048658015e-06,1.07115732136207e-06,-4.6900384048390395e-06,5.107903665282697e-17,4.810804324224036e-06,1.061756687870813e-11
E4,total_projection,top,-3,-1,p,2.47616453056035e-06,-1.0962830395676986e-05,2.476164530706553e-06,-1.0962830395590192e-05,1.7002486825268957e-16,1.1238996443882586e-05,1.512811834238408e-11
E4,total_projection,top,-3,0,s,-3.488459221553767e-06,-6.991323257288927e-07,-3.488459221961693e-06,-6.991323252541044e-07,6.2596129575547235e-16,3.557827110963206e-06,1.759392112749421e-10
E4,total_projection,top,-3,0,p,8.270870166980742e-15,1.6980218581441753e-15,8.270912622280307e-15,1.6979972338780965e-15,4.907959801236795e-20,1e-12,4.9079598012367956e-08
E4,total_projection,top,-3,1,s,1.07115731383018e-06,-4.6900384068624004e-06,1.0711573137548148e-06,-4.6900384068271105e-06,8.321825961482549e-17,4.8108043244683954e-06,1.729820088328396e-11
E4,total_projection,top,-3,1,p,-2.476164517202701e-06,1.0962830401260745e-05,-2.4761645169228828e-06,1.096283040115009e-05,3.009032256373244e-16,1.1238996446269062e-05,2.6773140028637818e-11
E4,total_projection,top,-3,2,s,0.01274974127678075,-0.007002785972906063,0.012746912863683815,-0.007013086039183242,1.0681352253398547e-05,0.014548785631362323,0.0007341748324597704
E4,total_projection,top,-3,2,p,-0.0033799828102956597,-0.004789659556927686,-0.0032529958251335898,-0.00479852108161385,0.0001272958012674232,0.005797222301156746,0.021958067959895775
E4,total_projection,top,-2,-2,s,14.14525143542641,23.04139055144167,14.12745479605132,22.35686347286756,0.6847583819671376,26.44644254637877,0.02589226814783448
E4,total_projection,top,-2,-2,p,45.44703585383514,-21.174245330150804,41.973407402221746,-21.431180122739622,3.483117871605947,47.12814881157749,0.0739073772138125
E4,total_projection,top,-2,-1,s,-1.8776320365995168e-06,-5.730810214295773e-06,-1.8776320366572488e-06,-5.7308102142466825e-06,7.578158377479378e-17,6.030562807632117e-06,1.2566253962049226e-11
E4,total_projection,top,-2,-1,p,-1.5546660486809929e-06,-4.743527320668229e-06,-1.5546660487673369e-06,-4.743527320587694e-06,1.1807243825353162e-16,4.991797067625217e-06,2.3653292923164254e-11
E4,total_projection,top,-2,0,s,-2.2696711573406393e-05,1.814578372368513e-05,-2.269671157268185e-05,1.8145783722940725e-05,1.038798021190178e-15,2.905873677800277e-05,3.574821676269629e-11
E4,total_projection,top,-2,0,p,-7.32521954721866e-16,1.3648865383617564e-14,-7.320239520548195e-16,1.3647849889098163e-14,1.13103305668786e-18,1e-12,1.13103305668786e-06
E4,total_projection,top,-2,1,s,-1.877632045050784e-06,-5.730810211733459e-06,-1.8776320451000855e-06,-5.730810211751305e-06,5.243222615006241e-17,6.030562807889473e-06,8.694416726987412e-12
E4,total_projection,top,-2,1,p,1.5546660528024866e-06,4.743527318324191e-06,1.554666052911563e-06,4.743527318355532e-06,1.134898552136115e-16,4.991797066794767e-06,2.273527022333128e-11
E4,total_projection,top,-2,2,s,-20.421828962978708,-17.78551839663765,-20.486081810729456,-18.276457453943987,0.49512582888889545,27.453751019154467,0.01803490636100861
E4,total_projection,top,-2,2,p,48.75148007711648,-38.48424238993795,50.61394947765466,-38.17261043239578,1.8883608619388883,63.39495302427496,0.029787242861680236
E4,total_projection,top,-1,-2,s,-16868034.164589673,-14706935.896824257,-17274763.758699436,-14511196.264375782,451378.9610025665,22560857.25193325,0.02000717242089228
E4,total_projection,top,-1,-2,p,-45669859.76724472,16896356.55211224,-44867407.46137608,17837367.548660085,1236701.8229217047,48283081.23319324,0.025613564655262874
E4,total_projection,top,-1,-1,s,4.044779178088919e-05,-3.108835010562845e-05,4.0447791781008685e-05,-3.1088350105672566e-05,1.2737260125180618e-16,5.101479562100298e-05,2.4967776446283833e-12
E4,total_projection,top,-1,-1,p,1.2547286356931369e-05,-9.637710961914062e-06,1.2547286357143507e-05,-9.63771096198892e-06,2.249572375907614e-16,1.5821500166387538e-05,1.4218451804505782e-11
E4,total_projection,top,-1,0,s,6.187385484774439e-05,4.202501106706334e-05,6.187385484734156e-05,4.202501106733548e-05,4.861305652478957e-16,7.479622630106123e-05,6.49939962600758e-12
E4,total_projection,top,-1,0,p,-9.732804118557727e-15,-7.285873815308999e-15,-9.73358279306566e-15,-7.28290272821875e-15,3.07143166734102e-18,1e-12,3.07143166734102e-06
E4,total_projection,top,-1,1,s,4.044779177353048e-05,-3.1088350137573575e-05,4.0447791773500456e-05,-3.1088350137481195e-05,9.713761589027085e-17,5.101479563443412e-05,1.904106733786553e-12
E4,total_projection,top,-1,1,p,-1.2547286328217074e-05,9.637710917908475e-06,-1.2547286328153884e-05,9.637710917741958e-06,1.7810272236850221e-16,1.5821500116444077e-05,1.125700603973647e-11
E4,total_projection,top,-1,2,s,18794058.026436318,19598219.33683554,18952558.09972252,19644274.594090447,165055.6268430353,27296464.65847519,0.006046776712961168
E4,total_projection,top,-1,2,p,-43755836.748335935,23051794.79907389,-43858141.60128114,23788963.78958871,744234.1053141663,49894402.320304334,0.014916184395524928
E4,total_projection,top,0,-2,s,22939363865519.223,37999370208340.61,19512778848196.35,42121449444615.305,5360319217273.219,46421601024672.8,0.11547036506613036
E4,total_projection,top,0,-2,p,29559178004592.32,29633197454803.902,33811242647389.133,34770328748158.395,6668595928055.9795,48499235979710.4,0.1374989892798678
E4,total_projection,top,0,-1,s,-68088.84663574593,4960.708035915853,-68088.90928741518,4960.713831241018,0.06291913424371674,68269.38002988836,9.21630373912444e-07
E4,total_projection,top,0,-1,p,-26573.418965048593,-3837.233928338019,-26573.43988561117,-3837.1321781339993,0.10387865014764243,26849.04636493933,3.868988445090241e-06
E4,total_projection,top,0,0,s,-0.285786335306093,-1.0105886120832028,-0.285786335306093,-1.010588612083203,3.056265732929336e-16,1.050220535087722,2.9101180474194924e-16
E4,total_projection,top,0,0,p,2.3944100633791153e-13,-1.226120066566543e-12,2.354965884174067e-13,-1.2400682391744902e-12,1.4495169948389425e-14,1.2622313104045384e-12,0.011483766746163032
E4,total_projection,top,0,1,s,-68089.27270984801,4960.923682272452,-68089.26901226607,4960.995161307932,0.07157460880259145,68269.7592467943,1.0484086891803755e-06
E4,total_projection,top,0,1,p,26573.463127078427,3836.667319032915,26573.395970561975,3836.6424973328335,0.0715968888766572,26848.932922196735,2.6666567749314956e-06
E4,total_projection,top,0,2,s,-23841837169652.453,-16957757321962.12,-25226634952083.81,-13493255212512.303,3731010555413.778,28608583453846.277,0.13041577404323257
E4,total_projection,top,0,2,p,58510238242540.69,-29286459970559.445,53141081058728.96,-37530243033995.66,9838079490503.965,65057617834356.5,0.15122102250274125
E4,total_projection,top,1,-2,s,0.0,0.0,-4.63806511801597e+19,-1.668445412205719e+20,1.731712035501248e+20,1.731712035501248e+20,1.0
E4,total_projection,top,1,-2,p,0.0,0.0,7.334652075186965e+19,-9.333952564526945e+19,1.1870964221194655e+20,1.1870964221194655e+20,1.0
E4,total_projection,top,1,-1,s,182301329577459.56,-68733654240661.0,178624171966746.2,-75878061447400.81,8035175320411.06,194072344809406.7,0.041402989840217536
E4,total_projection,top,1,-1,p,-126384700796522.03,32572241618075.434,-66645582082007.695,-103834379357217.45,148914500807288.9,123382381025607.42,1.206934892724938
E4,total_projection,top,1,0,s,409029455367557.8,-377675602199006.4,409029455223599.75,-377675602262941.44,157517.04039317105,556726104817432.0,2.8293453285224665e-10
E4,total_projection,top,1,0,p,-43065.924123939636,-1889.6851040599809,-44109.506192120694,-2922.429209836109,1468.2043185620985,44206.211430060794,0.03321262490193178
E4,total_projection,top,1,1,s,182326545418671.44,-68744664687469.89,178649863882137.03,-75889044855482.7,8034933422635.681,194100285919891.3,0.04139578354846856
E4,total_projection,top,1,1,p,126373783390688.84,-32583958427467.266,66634666527171.125,103823047674575.3,148914852843347.03,123366948619249.05,1.2070887260326688
E4,total_projection,top,1,2,s,0.0,0.0,4.646247498162836e+19,7.992372103440497e+19,9.244762174011741e+19,9.244762174011741e+19,1.0
E4,total_projection,top,1,2,p,0.0,0.0,-1.0867544793305442e+20,1.2210531657680153e+19,1.0935927060296824e+20,1.0935927060296824e+20,1.0
E4,total_projection,top,2,-2,s,0.0,0.0,-2.5191590072234595e+26,1.2946912776527173e+26,2.832381967197417e+26,2.832381967197417e+26,1.0
E4,total_projection,top,2,-2,p,0.0,0.0,1.0442432006818686e+27,1.9245430336661282e+26,1.0618297985339465e+27,1.0618297985339465e+27,1.0
E4,total_projection,top,2,-1,s,0.0,0.0,-8.794907499527538e+23,-2.663050867191819e+24,2.8045220449309284e+24,2.8045220449309284e+24,1.0
E4,total_projection,top,2,-1,p,0.0,0.0,-4.0799952563417727e+24,4.841221532129933e+24,6.331175816144254e+24,6.331175816144254e+24,1.0
E4,total_projection,top,2,0,s,0.0,0.0,-5.3715219090777e+23,5.005749901367892e+23,7.342396045893084e+23,7.342396045893084e+23,1.0
E4,total_projection,top,2,0,p,0.0,0.0,1.4306407005885416e+16,-7970752712908990.0,1.6377001564034648e+16,1.6377001564034648e+16,1.0
E4,total_projection,top,2,1,s,0.0,0.0,-8.795040557243567e+23,-2.663059944681541e+24,2.804534837188307e+24,2.804534837188307e+24,1.0
E4,total_projection,top,2,1,p,0.0,0.0,4.079981592702204e+24,-4.84122152165379e+24,6.33116700289233e+24,6.33116700289233e+24,1.0
E4,total_projection,top,2,2,s,0.0,0.0,2.6625121911619868e+26,-3.636056718658705e+26,4.506648380935584e+26,4.506648380935584e+26,1.0
E4,total_projection,top,2,2,p,0.0,0.0,-1.3104723631147129e+26,-6.082042388648793e+25,1.4447318819285005e+26,1.4447318819285005e+26,1.0
E4,total_projection,top,3,-2,s,0.0,0.0,-1.8122425409272925e+33,2.448621992027137e+33,3.046304759374143e+33,3.046304759374143e+33,1.0
E4,total_projection,top,3,-2,p,0.0,0.0,-1.1271325153518413e+34,-8.076846774582758e+33,1.3866442389323396e+34,1.3866442389323396e+34,1.0
E4,total_projection,top,3,-1,s,0.0,0.0,7.845569859383633e+32,2.953150637387196e+32,8.38296278803439e+32,8.38296278803439e+32,1.0
E4,total_projection,top,3,-1,p,0.0,0.0,-5.875411430236478e+32,-2.9913819807463157e+33,3.0485358370009834e+33,3.0485358370009834e+33,1.0
E4,total_projection,top,3,0,s,0.0,0.0,6.977901542979473e+30,9.160979795928044e+30,1.1515843901552207e+31,1.1515843901552207e+31,1.0
E4,total_projection,top,3,0,p,0.0,0.0,-6.529685316553602e+24,4.1659684062693067e+24,7.745455641552003e+24,7.745455641552003e+24,1.0
E4,total_projection,top,3,1,s,0.0,0.0,7.845573465755045e+32,2.9531650606156548e+32,8.382971244242741e+32,8.382971244242741e+32,1.0
E4,total_projection,top,3,1,p,0.0,0.0,5.875399958862517e+32,2.991385158402518e+33,3.0485387339964825e+33,3.0485387339964825e+33,1.0
E4,total_projection,top,3,2,s,0.0,0.0,4.221066354480402e+32,2.4597063058404876e+33,2.495662060993179e+33,2.495662060993179e+33,1.0
E4,total_projection,top,3,2,p,0.0,0.0,4.1979193620199453e+33,2.2913415220619164e+33,4.782548791256286e+33,4.782548791256286e+33,1.0
E4,total_projection,top,4,-2,s,0.0,0.0,8.569118931712935e+39,-1.089392691569199e+40,1.386028293038347e+40,1.386028293038347e+40,1.0
E4,total_projection,top,4,-2,p,0.0,0.0,3.375638451891783e+40,5.170415169356063e+40,6.174797808948698e+40,6.174797808948698e+40,1.0
E4,total_projection,top,4,-1,s,0.0,0.0,1.557302501609906e+40,-4.072200692730697e+40,4.359817606666228e+40,4.359817606666228e+40,1.0
E4,total_projection,top,4,-1,p,0.0,0.0,-1.0479435317383188e+41,-2.2689647725563414e+40,1.072225562604808e+41,1.072225562604808e+41,1.0
E4,total_projection,top,4,0,s,0.0,0.0,-2.1815264685051092e+39,-1.9643820781163715e+40,1.9764583289694419e+40,1.9764583289694419e+40,1.0
E4,total_projection,top,4,0,p,0.0,0.0,-1.6911480758994174e+33,-1.981303827035169e+31,1.69126413404406e+33,1.69126413404406e+33,1.0
E4,total_projection,top,4,1,s,0.0,0.0,1.5573034878930333e+40,-4.0722046901704583e+40,4.359821692689976e+40,4.359821692689976e+40,1.0
E4,total_projection,top,4,1,p,0.0,0.0,1.0479456611199862e+41,2.268945718010977e+40,1.0722272405479206e+41,1.0722272405479206e+41,1.0
E4,total_projection,top,4,2,s,0.0,0.0,7.923378933624363e+39,1.3575796315288328e+39,8.038840474953108e+39,8.038840474953108e+39,1.0
E4,total_projection,top,4,2,p,0.0,0.0,-3.0123841574337376e+40,1.2844703951281333e+40,3.2748011402096455e+40,3.2748011402096455e+40,1.0
E4,total_projection,top,5,-2,s,0.0,0.0,-5.14612678424229e+46,5.567809783788945e+46,7.58176276784969e+46,7.58176276784969e+46,1.0
E4,total_projection,top,5,-2,p,0.0,0.0,-1.431583580853179e+47,1.727621028557248e+47,2.2436813426334884e+47,2.2436813426334884e+47,1.0
E4,total_projection,top,5,-1,s,0.0,0.0,-2.380169536512533e+48,3.875086726215079e+48,4.5476921793620316e+48,4.5476921793620316e+48,1.0
E4,total_projection,top,5,-1,p,0.0,0.0,5.4192766840644435e+48,-3.4718901693619195e+48,6.43603768840398e+48,6.43603768840398e+48,1.0
E4,total_projection,top,5,0,s,0.0,0.0,2.4700477204765185e+49,5.37065155558193e+48,2.5277608120124796e+49,2.5277608120124796e+49,1.0
E4,total_projection,top,5,0,p,0.0,0.0,3.698112113271628e+41,1.964731882445722e+40,3.703327546413541e+41,3.703327546413541e+41,1.0
E4,total_projection,top,5,1,s,0.0,0.0,-2.3801683587036463e+48,3.875086297759033e+48,4.5476911978336676e+48,4.5476911978336676e+48,1.0
E4,total_projection,top,5,1,p,0.0,0.0,-5.4192845745091306e+48,3.471887564150871e+48,6.436042926955823e+48,6.436042926955823e+48,1.0
E4,total_projection,top,5,2,s,0.0,0.0,1.362016414872888e+47,-6.548777978210633e+46,1.5112755025018304e+47,1.5112755025018304e+47,1.0
E4,total_projection,top,5,2,p,0.0,0.0,2.6528236905184794e+47,-1.1096508853047794e+47,2.875551880984547e+47,2.875551880984547e+47,1.0
E4,total_projection,top,6,-2,s,0.0,0.0,-1.1213624283154042e+52,3.164817712506864e+53,3.1668037025293425e+53,3.1668037025293425e+53,1.0
E4,total_projection,top,6,-2,p,0.0,0.0,-4.097641770879655e+54,-5.812726226824831e+52,4.0980540334500906e+54,4.0980540334500906e+54,1.0
E4,total_projection,top,6,-1,s,0.0,0.0,2.7693859919765036e+56,-1.4064491853265744e+57,1.4334553702963138e+57,1.4334553702963138e+57,1.0
E4,total_projection,top,6,-1,p,0.0,0.0,1.640454930651024e+57,2.4182247541497056e+57,2.9221401987378462e+57,2.9221401987378462e+57,1.0
E4,total_projection,top,6,0,s,0.0,0.0,-9.664329676758795e+54,4.8027923385394387e+55,4.8990618416329404e+55,4.8990618416329404e+55,1.0
E4,total_projection,top,6,0,p,0.0,0.0,-1.433377615580805e+49,-2.776862897657223e+48,1.4600277615072827e+49,1.4600277615072827e+49,1.0
E4,total_projection,top,6,1,s,0.0,0.0,2.769384560133872e+56,-1.406449225268706e+57,1.4334553818232439e+57,1.4334553818232439e+57,1.0
E4,total_projection,top,6,1,p,0.0,0.0,-1.6404550317374703e+57,-2.4182241395532424e+57,2.9221397468757043e+57,2.9221397468757043e+57,1.0
E4,total_projection,top,6,2,s,0.0,0.0,-8.094134333475211e+53,4.718501404000415e+53,9.36905897664734e+53,9.36905897664734e+53,1.0
E4,total_projection,top,6,2,p,0.0,0.0,9.025717225066429e+53,3.763633370755608e+54,3.870345186638244e+54,3.870345186638244e+54,1.0
E4,total_projection,top,7,-2,s,0.0,0.0,-1.262463432304273e+60,-5.028232505725009e+60,5.1842970641674355e+60,5.1842970641674355e+60,1.0
E4,total_projection,top,7,-2,p,0.0,0.0,5.0952025077734606e+61,-5.876970138676943e+61,7.778166018164015e+61,7.778166018164015e+61,1.0
E4,total_projection,top,7,-1,s,0.0,0.0,-9.640776331471852e+64,-1.022980771348857e+64,9.694898551919838e+64,9.694898551919838e+64,1.0
E4,total_projection,top,7,-1,p,0.0,0.0,2.554408301829265e+65,-2.861128714630878e+63,2.554568530732037e+65,2.554568530732037e+65,1.0
E4,total_projection,top,7,0,s,0.0,0.0,-1.2246985646621725e+64,-1.4047030013504228e+63,1.2327280638914709e+64,1.2327280638914709e+64,1.0
E4,total_projection,top,7,0,p,0.0,0.0,5.592116335659806e+56,-1.9293629703970566e+56,5.915590129741293e+56,5.915590129741293e+56,1.0
E4,total_projection,top,7,1,s,0.0,0.0,-9.640776136544767e+64,-1.0229804825910569e+64,9.694898327611965e+64,9.694898327611965e+64,1.0
E4,total_projection,top,7,1,p,0.0,0.0,-2.554408253210387e+65,2.8611331924884674e+63,2.554568482617731e+65,2.554568482617731e+65,1.0
E4,total_projection,top,7,2,s,0.0,0.0,2.910501776444698e+60,4.345366930850382e+60,5.23003196495163e+60,5.23003196495163e+60,1.0
E4,total_projection,top,7,2,p,0.0,0.0,1.9630466975400205e+61,-5.634149724342776e+61,5.966338529871949e+61,5.966338529871949e+61,1.0
E4,total_projection,top,8,-2,s,0.0,0.0,-2.6216908823115146e+67,-5.586477431134005e+67,6.171060943708538e+67,6.171060943708538e+67,1.0
E4,total_projection,top,8,-2,p,0.0,0.0,-4.468095086547015e+68,9.970134154002664e+68,1.0925541119378754e+69,1.0925541119378754e+69,1.0
E4,total_projection,top,8,-1,s,0.0,0.0,-1.6382046588515155e+72,2.5836386547356784e+72,3.059232453169781e+72,3.059232453169781e+72,1.0
E4,total_projection,top,8,-1,p,0.0,0.0,6.75298731317883e+72,-9.597817349568328e+72,1.1735456340834345e+73,1.1735456340834345e+73,1.0
E4,total_projection,top,8,0,s,0.0,0.0,-1.985860650522918e+71,1.6796126752179403e+71,2.6009116213451146e+71,2.6009116213451146e+71,1.0
E4,total_projection,top,8,0,p,0.0,0.0,-4.093894366546378e+63,3.724328811128512e+63,5.534491501289173e+63,5.534491501289173e+63,1.0
E4,total_projection,top,8,1,s,0.0,0.0,-1.6382046452840252e+72,2.583638610480186e+72,3.059232408529e+72,3.059232408529e+72,1.0
E4,total_projection,top,8,1,p,0.0,0.0,-6.7529873557609674e+72,9.597817319978028e+72,1.1735456341137216e+73,1.1735456341137216e+73,1.0
E4,total_projection,top,8,2,s,0.0,0.0,1.1683554952281568e+68,-1.6704200331837052e+67,1.180236245038444e+68,1.180236245038444e+68,1.0
E4,total_projection,top,8,2,p,0.0,0.0,-7.032869777567215e+68,-9.87339530145354e+68,1.2122095202026058e+69,1.2122095202026058e+69,1.0
E4,total_projection,bottom,-8,-2,s,3.376053013746745e-13,1.4233213885323626e-14,3.735803719805963e-13,1.8380250154685752e-14,3.621330715248839e-14,1e-12,0.03621330715248839
E4,total_projection,bottom,-8,-2,p,4.3316392814254e-13,2.708082112432727e-13,4.3983103570446407e-13,2.1733083520114156e-13,5.3891372886518355e-14,1e-12,0.05389137288651835
E4,total_projection,bottom,-8,-1,s,-8.731828915870715e-08,-4.1075616293600535e-07,-8.732148568703425e-08,-4.1074168339741214e-07,1.4828176935092843e-11,4.199211501493237e-07,3.5311812538663395e-05
E4,total_projection,bottom,-8,-1,p,3.768817373423424e-09,-3.90569071076939e-07,3.780708749697607e-09,-3.905626209475774e-07,1.3528081847619463e-11,3.9058091945215534e-07,3.463579804818551e-05
E4,total_projection,bottom,-8,0,s,-5.834495631167988e-06,-2.594297511857747e-06,-5.82339530664714e-06,-2.5955630357983654e-06,1.11722314383668e-08,6.375647447144702e-06,0.001752328925177665
E4,total_projection,bottom,-8,0,p,6.973594281631439e-15,1.0671604622145547e-14,6.974986881361338e-15,1.0681540377356696e-14,1.0032874245379778e-17,1e-12,1.0032874245379779e-05
E4,total_projection,bottom,-8,1,s,-8.731819741962101e-08,-4.1075631848744336e-07,-8.732139382757163e-08,-4.1074183760552165e-07,1.4829462735291094e-11,4.199212818845344e-07,3.531486346378783e-05
E4,total_projection,bottom,-8,1,p,-3.769065192890713e-09,3.905686160703859e-07,-3.780957399457773e-09,3.905621663959973e-07,1.3528594781127752e-11,3.905804673288095e-07,3.463715140096529e-05
E4,total_projection,bottom,-8,2,s,-4.007051407396159e-13,2.255404185012501e-13,-3.782673135073424e-13,2.2019718348742465e-13,2.3065260703454552e-14,1e-12,0.023065260703454552
E4,total_projection,bottom,-8,2,p,2.6040338951755385e-14,6.471649739335163e-13,3.4601191656197484e-14,6.801253325147897e-13,3.4053978282034536e-14,1e-12,0.03405397828203454
E4,total_projection,bottom,-7,-2,s,1.5534848040305404e-13,-2.855438905182447e-13,1.6434868779544775e-13,-2.8232923422988436e-13,9.55707843215663e-15,1e-12,0.00955707843215663
E4,total_projection,bottom,-7,-2,p,1.2981404144733238e-13,5.657855379689141e-13,1.3592082290049117e-13,5.475088040867532e-13,1.926997096821813e-14,1e-12,0.01926997096821813
E4,total_projection,bottom,-7,-1,s,1.382448794883941e-08,5.412454533202759e-08,1.3824599518752636e-08,5.4124372775979226e-08,2.054834187074065e-13,5.586203791706007e-08,3.6784089225762486e-06
E4,total_projection,bottom,-7,-1,p,6.923857884177147e-09,2.7155510091306646e-08,6.92354910510121e-09,2.7155201033710292e-08,4.368765450327582e-13,2.802392683747173e-08,1.5589412132228233e-05
E4,total_projection,bottom,-7,0,s,-5.5820150403154855e-06,2.485940878749105e-05,-5.581933633849517e-06,2.485952926413927e-05,1.4540163502485086e-10,2.5478504240384624e-05,5.706835599649623e-06
E4,total_projection,bottom,-7,0,p,-1.5479243853048436e-14,-2.295727715213023e-15,-1.547980286428471e-14,-2.296449268405326e-15,9.127609608235953e-19,1e-12,9.127609608235955e-07
E4,total_projection,bottom,-7,1,s,1.3824471014795247e-08,5.4124566708623506e-08,1.382458223901176e-08,5.412439396417046e-08,2.054543073179064e-13,5.5862054169820244e-08,3.6778867224131567e-06
E4,total_projection,bottom,-7,1,p,-6.923835679630301e-09,-2.715545561052472e-08,-6.923526492918044e-09,-2.7155147376935807e-08,4.365826020016336e-13,2.8023869257496217e-08,1.5578955139638695e-05
E4,total_projection,bottom,-7,2,s,-1.0035240150755853e-13,1.7623160914815788e-13,-9.612429164604087e-14,1.744618378086147e-13,4.583557962471002e-15,1e-12,0.0045835579624710025
E4,total_projection,bottom,-7,2,p,4.1092198541486646e-13,4.5446773016609026e-13,4.1538567063234837e-13,4.635504667439281e-13,1.0120305798895617e-14,1e-12,0.010120305798895618
E4,total_projection,bottom,-6,-2,s,-2.50291105886682e-14,3.3719065912830224e-14,-2.608813321321091e-14,3.5724147159663134e-14,2.2675713275869254e-15,1e-12,0.002267571327586926
E4,total_projection,bottom,-6,-2,p,8.082572950928979e-14,-1.0371855582643541e-13,8.685322391295657e-14,-9.979779392542885e-14,7.19048417497869e-15,1e-12,0.007190484174978691
E4,total_projection,bottom,-6,-1,s,4.746306793341597e-07,-5.956970617061205e-07,4.7463069033030677e-07,-5.956970779621241e-07,1.962582232847926e-14,7.616621960528411e-07,2.576709521647008e-08
E4,total_projection,bottom,-6,-1,p,9.065982537461952e-08,-3.831322725415885e-07,9.06598618577906e-08,-3.8313230629572077e-07,4.9702748586821475e-14,3.937125533680018e-07,1.262412086219778e-07
E4,total_projection,bottom,-6,0,s,-2.354657078736867e-06,1.5079034383496482e-06,-2.3547551771953248e-06,1.5079746959534372e-06,1.2124748925032986e-10,2.796222385319888e-06,4.3361175379639604e-05
E4,total_projection,bottom,-6,0,p,-5.141870191396483e-15,-7.753642339594933e-15,-5.141801620413612e-15,-7.753691731877113e-15,8.450785307123298e-20,1e-12,8.450785307123298e-08
E4,total_projection,bottom,-6,1,s,4.746306688232559e-07,-5.956970521265231e-07,4.746306798865969e-07,-5.956970684042616e-07,1.9681521485479647e-14,7.616621820696134e-07,2.5840224116156557e-08
E4,total_projection,bottom,-6,1,p,-9.065979199120304e-08,3.831322487731083e-07,-9.065982850948658e-08,3.831322825735365e-07,4.975996356521976e-14,3.9371252260421903e-07,1.263865401996399e-07
E4,total_projection,bottom,-6,2,s,3.4677494242937175e-14,-3.858092947779805e-14,3.4566330115407324e-14,-3.903111742907673e-14,4.637096664142011e-16,1e-12,0.0004637096664142011
E4,total_projection,bottom,-6,2,p,1.7692943992276608e-14,-1.4007639077975745e-13,2.022813534407078e-14,-1.3992485003286069e-13,2.5397164779128354e-15,1e-12,0.002539716477912835
E4,total_projection,bottom,-5,-2,s,-2.2713357404596945e-14,-4.737853555853642e-14,-2.276413343147806e-14,-4.752310306074114e-14,1.532252185495075e-16,1e-12,0.0001532252185495075
E4,total_projection,bottom,-5,-2,p,-1.7763462122397496e-14,-1.7450970598335708e-14,-1.8627722816522406e-14,-1.7021514887072796e-14,9.650796626940207e-16,1e-12,0.0009650796626940207
E4,total_projection,bottom,-5,-1,s,-1.596347169680652e-06,3.9814710514187493e-07,-1.5963471729021935e-06,3.9814710633873677e-07,3.4366856113495314e-15,1.6452493472780152e-06,2.0888539582376133e-09
E4,total_projection,bottom,-5,-1,p,-1.8113981948422613e-06,6.232470865916115e-07,-1.8113982033388846e-06,6.232470877793915e-07,8.579244129434595e-15,1.9156201041659676e-06,4.47857281867997e-09
E4,total_projection,bottom,-5,0,s,-4.2348754220832675e-06,3.3335044860898527e-06,-4.234875119677436e-06,3.3335032108897356e-06,1.3105665287483604e-12,5.389472231700907e-06,2.4317158942569564e-07
E4,total_projection,bottom,-5,0,p,-1.5576519510207128e-14,-3.993845225724908e-15,-1.557639645101278e-14,-3.9943635131486506e-15,5.326963665385392e-19,1e-12,5.326963665385392e-07
E4,total_projection,bottom,-5,1,s,-1.596347181842146e-06,3.981471020043114e-07,-1.5963471851160338e-06,3.981471032029991e-07,3.4864298139133084e-15,1.645249358369978e-06,2.119088997772028e-09
E4,total_projection,bottom,-5,1,p,1.8113982000083701e-06,-6.232470935126964e-07,1.8113982086304093e-06,-6.232470947194558e-07,8.706080019726187e-15,1.9156201114275498e-06,4.544784202144485e-09
E4,total_projection,bottom,-5,2,s,2.1430158709216448e-14,2.5845833960282246e-14,2.1172292788203175e-14,2.570192769197628e-14,2.9530297539606945e-16,1e-12,0.00029530297539606947
E4,total_projection,bottom,-5,2,p,-3.208554298887143e-14,8.026544375794327e-15,-3.1178146819080505e-14,6.249652112923091e-15,1.995172654885515e-15,1e-12,0.0019951726548855147
E4,total_projection,bottom,-4,-2,s,-1.7442419121148284e-13,-9.889390900315391e-14,-1.7441984105419818e-13,-9.886029879924388e-14,3.3890554366587913e-17,1e-12,3.3890554366587916e-05
E4,total_projection,bottom,-4,-2,p,-1.1568441447346022e-13,8.642375619019658e-14,-1.1431439858082579e-13,8.627974891033974e-14,1.3775636619491366e-15,1e-12,0.0013775636619491366
E4,total_projection,bottom,-4,-1,s,1.3166689375848253e-07,1.3274844463849361e-06,1.3166689385127591e-07,1.3274844464918328e-06,1.415539022975892e-16,1.3339981733923667e-06,1.061125158347231e-10
E4,total_projection,bottom,-4,-1,p,8.588931729694543e-07,7.434688277389504e-06,8.588931732929776e-07,7.434688278402561e-06,1.063462504043593e-15,7.484135706956797e-06,1.4209556663370802e-10
E4,total_projection,bottom,-4,0,s,1.1481568345507232e-05,7.893204788056842e-06,1.1481568348326192e-05,7.893204809660988e-06,2.17872821359229e-14,1.3933021707603172e-05,1.5637155093237028e-09
E4,total_projection,bottom,-4,0,p,-3.2804504304296257e-15,6.065362710204915e-15,-3.2804188278421956e-15,6.066057895259109e-15,6.959029983454926e-19,1e-12,6.959029983454926e-07
E4,total_projection,bottom,-4,1,s,1.3166688100972394e-07,1.3274844480951789e-06,1.3166688109428795e-07,1.3274844481771274e-06,1.1775662843719053e-16,1.3339981738103053e-06,8.827345550319735e-11
E4,total_projection,bottom,-4,1,p,-8.588931861946439e-07,-7.434688298970792e-06,-8.588931864588868e-07,-7.4346882998226165e-06,8.918685630850176e-16,7.484135729746275e-06,1.1916787659799076e-10
E4,total_projection,bottom,-4,2,s,-1.6355721033547568e-13,-1.4684404448669887e-13,-1.6353399297479757e-13,-1.468965899578791e-13,5.744625643513262e-17,1e-12,5.744625643513263e-05
E4,total_projection,bottom,-4,2,p,1.5639866893560818e-13,-1.1658770225718951e-13,1.5831001122373748e-13,-1.1540283254804337e-13,2.24880981188792e-15,1e-12,0.00224880981188792
E4,total_projection,bottom,-3,-2,s,1.4502576168860172e-13,-5.579644834382971e-14,1.4507331969565776e-13,-5.583695641536162e-14,6.247133658227618e-17,1e-12,6.247133658227618e-05
E4,total_projection,bottom,-3,-2,p,-3.3259391754868495e-14,-6.737376671717718e-14,-3.242634823351422e-14,-6.668064536269197e-14,1.0836875566849222e-15,1e-12,0.0010836875566849222
E4,total_projection,bottom,-3,-1,s,4.205068665502825e-06,2.1607375249065883e-06,4.20506866551e-06,2.160737524950563e-06,4.455599890813391e-17,4.727725577207664e-06,9.424404648810011e-12
E4,total_projection,bottom,-3,-1,p,-9.8336587660056e-06,-5.024617811770507e-06,-9.83365876604746e-06,-5.024617811940552e-06,1.7512104348043186e-16,1.1042990033642714e-05,1.5858118403342004e-11
E4,total_projection,bottom,-3,0,s,9.891071288718442e-07,6.464469788610842e-06,9.891071290763491e-07,6.464469787977267e-06,6.657624123213294e-16,6.539702023216387e-06,1.0180317237051896e-10
E4,total_projection,bottom,-3,0,p,6.559282396705692e-15,1.020873492017366e-14,6.559281015515679e-15,1.0208799937142835e-14,6.503163819717352e-20,1e-12,6.503163819717353e-08
E4,total_projection,bottom,-3,1,s,4.205068675161928e-06,2.160737526228625e-06,4.205068675200966e-06,2.1607375262261907e-06,3.9113628737431205e-17,4.727725586410286e-06,8.273244295282753e-12
E4,total_projection,bottom,-3,1,p,9.83365876032663e-06,5.024617821362569e-06,9.833658760477251e-06,5.024617821349092e-06,1.5122304042776181e-16,1.1042990032963441e-05,1.3694030328412816e-11
E4,total_projection,bottom,-3,2,s,1.3416959257696685e-13,-3.831096886204806e-14,1.3418724940026976e-13,-3.8469983325343904e-14,1.599917589953128e-16,1e-12,0.00015999175899531281
E4,total_projection,bottom,-3,2,p,1.2073909692325298e-15,4.997838634304942e-14,-5.721692008891375e-16,4.9510321022330955e-14,1.8400868304356564e-15,1e-12,0.0018400868304356565
E4,total_projection,bottom,-2,-2,s,-1.6179672641201964e-14,-3.784704013916587e-15,-1.5553489061972957e-14,-2.3560426365685267e-15,1.5598651243046966e-15,1e-12,0.0015598651243046967
E4,total_projection,bottom,-2,-2,p,6.312773880058418e-14,4.260830290839062e-14,5.5129471317545426e-14,4.603230221478659e-14,8.70034792295315e-15,1e-12,0.00870034792295315
E4,total_projection,bottom,-2,-1,s,3.242024369496675e-06,1.8086502964704415e-07,3.242024369398567e-06,1.8086502948497845e-07,1.8944779111487368e-16,3.2470654706465e-06,5.834430898529251e-11
E4,total_projection,bottom,-2,-1,p,-2.6831685810704624e-06,-1.5041246724562715e-07,-2.6831685809061816e-06,-1.5041246695967206e-07,3.2978552807368504e-16,2.687381168308468e-06,1.2271632024617617e-10
E4,total_projection,bottom,-2,0,s,1.8873112711076892e-05,4.060557260933623e-05,1.8873112711722497e-05,4.060557260921245e-05,6.573630988188445e-16,4.4777303518092795e-05,1.4680720971802806e-11
E4,total_projection,bottom,-2,0,p,-2.2635558699896746e-15,2.064820029661239e-15,-2.264208511693051e-15,2.066119662677351e-15,1.4542995460201938e-18,1e-12,1.4542995460201937e-06
E4,total_projection,bottom,-2,1,s,3.2420243688309185e-06,1.8086503634499252e-07,3.2420243688205423e-06,1.808650363575489e-07,1.628894549952085e-17,3.2470654704521823e-06,5.016512801404178e-12
E4,total_projection,bottom,-2,1,p,2.683168581285418e-06,1.5041247550752987e-07,2.6831685812660707e-06,1.5041247552804334e-07,2.819796635325154e-17,2.687381169147364e-06,1.0492730497995572e-11
E4,total_projection,bottom,-2,2,s,-1.738128998445945e-14,-4.926252064531865e-16,-1.7147547837786666e-14,-6.067055007620454e-16,2.6009556836054833e-16,1e-12,0.0002600955683605483
E4,total_projection,bottom,-2,2,p,7.695572629417437e-14,1.1527970940420078e-14,7.678496140494824e-14,1.0972476170755939e-14,5.811497969685843e-16,1e-12,0.0005811497969685842
E4,total_projection,bottom,-1,-2,s,-4.611351968805938e-14,2.1849450835835662e-13,-4.913529522239432e-14,2.1617411324641247e-13,3.809902998166699e-15,1e-12,0.0038099029981666995
E4,total_projection,bottom,-1,-2,p,1.6870891561526192e-13,-8.232299559132509e-14,1.7567091078231427e-13,-9.026992202832649e-14,1.0565179435351383e-14,1e-12,0.010565179435351383
E4,total_projection,bottom,-1,-1,s,-2.9979247876982807e-05,-3.244033105427349e-05,-2.9979247877002275e-05,-3.244033105436068e-05,8.933573902687052e-17,4.417160153523147e-05,2.0224700015827123e-12
E4,total_projection,bottom,-1,-1,p,9.298955629453709e-06,1.0057723823637218e-05,9.298955629484345e-06,1.0057723823787793e-05,1.5366016990148955e-16,1.3697751067774124e-05,1.121791227926434e-11
E4,total_projection,bottom,-1,0,s,-1.7602481828615152e-05,-3.3792649511990587e-06,-1.760248182835076e-05,-3.379264951463179e-06,3.7371458992967943e-16,1.792391693044816e-05,2.085005143573466e-11
E4,total_projection,bottom,-1,0,p,5.912821417653e-17,1.4363016091408078e-14,6.303056202324497e-17,1.4362393957649156e-14,3.9516286681256605e-18,1e-12,3.9516286681256605e-06
E4,total_projection,bottom,-1,1,s,-2.9979247846717188e-05,-3.2440331025319055e-05,-2.9979247846744578e-05,-3.244033102533721e-05,3.286119623701988e-17,4.4171601493380285e-05,7.439439623203287e-13
E4,total_projection,bottom,-1,1,p,-9.298955614872176e-06,-1.005772381437364e-05,-9.298955614952598e-06,-1.0057723814408467e-05,8.763900170631625e-17,1.3697751051022123e-05,6.398057708880368e-12
E4,total_projection,bottom,-1,2,s,8.073769070142182e-14,-1.942439024010473e-13,8.08818515394917e-14,-1.9056650125841845e-13,3.680225741858919e-15,1e-12,0.0036802257418589194
E4,total_projection,bottom,-1,2,p,1.1609639589137956e-14,-1.2292572484093585e-13,1.9007933114020515e-14,-1.222365334540534e-13,7.43032515089832e-15,1e-12,0.00743032515089832
E4,total_projection,bottom,0,-2,s,3.422767903509959e-13,-3.2147645334865485e-13,2.7243481379167835e-13,-3.1385652145792053e-13,7.02564235620608e-14,1e-12,0.0702564235620608
E4,total_projection,bottom,0,-2,p,4.669395493541842e-14,-2.418667015289299e-13,5.737661407452507e-14,-3.688450776165545e-13,1.2742694848474002e-13,1e-12,0.12742694848474
E4,total_projection,bottom,0,-1,s,-5.005587228364725e-09,-9.73109378142966e-12,-5.005593158132117e-09,-9.73178287553929e-12,5.9696726892905e-15,5.0056026183005176e-09,1.1925982033542446e-06
E4,total_projection,bottom,0,-1,p,1.8457402432413791e-09,5.196426574083772e-10,1.845745504552939e-09,5.19635048278884e-10,9.250959462404222e-15,1.9174976012963307e-09,4.824495976500873e-06
E4,total_projection,bottom,0,0,s,1.3356864492804925,-0.2178416780589216,1.3356864492804943,-0.21784167805892185,1.7519729285373075e-15,1.3533341374143568,1.2945605080830808e-15
E4,total_projection,bottom,0,0,p,7.434161262557326e-13,-2.3656370367666436e-13,7.067848687404259e-13,-2.2840691402851226e-13,3.7528419158244866e-14,1e-12,0.03752841915824486
E4,total_projection,bottom,0,1,s,-5.005551929927267e-09,-9.821517893391469e-12,-5.005557175430472e-09,-9.817660089689628e-12,6.511371075212411e-15,5.005566803365342e-09,1.3008259266132833e-06
E4,total_projection,bottom,0,1,p,-1.8456963236819289e-09,-5.196105017632805e-10,-1.8456952929966453e-09,-5.19603183428779e-10,7.390556949961984e-15,1.9174406334536913e-09,3.854386321546824e-06
E4,total_projection,bottom,0,2,s,-5.103364352164711e-13,2.723690328867673e-13,-5.51648496326301e-13,2.75658404996782e-13,4.144280832690355e-14,1e-12,0.04144280832690355
E4,total_projection,bottom,0,2,p,3.4021846540894204e-13,-4.029346378340901e-13,3.204437151780635e-13,-3.154164928131825e-13,8.972439163680217e-14,1e-12,0.08972439163680217
E4,total_projection,bottom,1,-2,s,-1.1498393186636576e-13,-9.688811386637455e-14,-1.3098286734591759e-13,-1.5771172271668137e-13,6.289258565247563e-14,1e-12,0.06289258565247563
E4,total_projection,bottom,1,-2,p,-4.7884432618367865e-12,-1.0487582152546252e-12,-4.70403331680324e-12,-1.0501937677091375e-12,8.442215130767448e-14,4.819837797616224e-12,0.017515558583616163
E4,total_projection,bottom,1,-1,s,1.4164927984942492e-09,-4.2075156382574967e-10,1.416492920055125e-09,-4.207454575364267e-10,6.107499188862085e-15,1.4776599516139808e-09,4.1332237381077706e-06
E4,total_projection,bottom,1,-1,p,6.344691976631681e-10,3.7132619253663696e-10,6.344645288156301e-10,3.713259083912725e-10,4.677486068491323e-15,7.351381969179966e-10,6.362730284049011e-06
E4,total_projection,bottom,1,0,s,6.948857334128342e-05,-1.4838204346294418e-05,6.948857332721132e-05,-1.4838204352805925e-05,1.5505606623157868e-14,7.1055148521883e-05,2.1821932605464291e-10
E4,total_projection,bottom,1,0,p,1.2049167726412844e-15,-6.926563520085643e-14,1.2286622685472684e-15,-6.907079154914412e-14,1.9628524444902256e-16,1e-12,0.00019628524444902258
E4,total_projection,bottom,1,1,s,1.4162819595014705e-09,-4.2093359565414177e-10,1.4162905369606344e-09,-4.209301695604542e-10,9.236391268497035e-15,1.4775185591830767e-09,6.251286125031051e-06
E4,total_projection,bottom,1,1,p,-6.348005189868025e-10,-3.718146402799997e-10,-6.347982289430274e-10,-3.7182102278620575e-10,6.78090598390748e-15,7.356763313135637e-10,9.2172409187068e-06
E4,total_projection,bottom,1,2,s,-1.192083209199812e-13,-1.862130999382202e-13,-1.4826409548837005e-13,-1.4801304293104122e-13,4.799460793798357e-14,1e-12,0.04799460793798357
E4,total_projection,bottom,1,2,p,-3.3246464782744675e-12,-1.4162473432913393e-12,-3.2759069958345553e-12,-1.3786006694216272e-12,6.158578733736357e-14,3.5541674765108552e-12,0.017327767401051866
E4,total_projection,bottom,2,-2,s,-1.203752337993182e-12,-2.420242369812045e-12,-1.1939241893101333e-12,-2.379173461001525e-12,4.2228518532183094e-14,2.6619393921263185e-12,0.015863816680834184
E4,total_projection,bottom,2,-2,p,3.4906571650093675e-12,3.88415362226741e-12,3.4397836806950434e-12,3.941372183811072e-12,7.656419000685408e-14,5.231302558760638e-12,0.014635779358361774
E4,total_projection,bottom,2,-1,s,-2.2572735783842603e-08,-7.2875431450015e-08,-2.2572742580074758e-08,-7.287543651244022e-08,8.47448645439351e-15,7.629127049974345e-08,1.1108068326666557e-07
E4,total_projection,bottom,2,-1,p,1.1361759152080791e-07,-1.3265975477597822e-07,1.1361759264435716e-07,-1.32659758521802e-07,3.9106979804994545e-15,1.7466416028871492e-07,2.238981353722012e-08
E4,total_projection,bottom,2,0,s,-1.7574406896894926e-05,3.6081043884110736e-06,-1.757440697047318e-05,3.608104542499275e-06,1.7075401277696338e-13,1.7940964264872168e-05,9.517549349969681e-09
E4,total_projection,bottom,2,0,p,-2.128149840450324e-13,-1.2241295124280355e-13,-2.1287525560170523e-13,-1.2290891468932936e-13,4.996122504838537e-16,1e-12,0.0004996122504838537
E4,total_projection,bottom,2,1,s,-2.257267629633397e-08,-7.287466954388986e-08,-2.2572624184705132e-08,-7.287471998474961e-08,7.252518316243725e-14,7.629055102330563e-08,9.506443745606437e-07
E4,total_projection,bottom,2,1,p,-1.1361708907407945e-07,1.3265954362522777e-07,-1.1361711289863269e-07,1.3265950943965504e-07,4.166848593326427e-14,1.7466365903699193e-07,2.385641418655916e-07
E4,total_projection,bottom,2,2,s,1.3526758192621495e-12,1.604466060183429e-12,1.207727688182862e-12,1.5912390127128514e-12,1.4555038814158905e-13,1.9976605728658935e-12,0.0728604198924439
E4,total_projection,bottom,2,2,p,6.198655984122442e-12,5.094496759501168e-12,6.160392173690566e-12,5.261746258759749e-12,1.7157072649788642e-13,8.10162980055496e-12,0.02117731008717948
E4,total_projection,bottom,3,-2,s,9.654961527125474e-12,4.679528465405033e-12,9.933123366543388e-12,4.744935279251897e-12,2.8574824619926545e-13,1.1008240123619194e-11,0.02595766834574822
E4,total_projection,bottom,3,-2,p,1.1955652662382853e-11,-1.5489803628597772e-11,1.1951228322118612e-11,-1.5228780658761495e-11,2.6106046343505156e-13,1.9358399178653132e-11,0.013485643158083434
E4,total_projection,bottom,3,-1,s,5.256113312021823e-07,2.0876287881217398e-07,5.25611162670089e-07,2.0876301592579976e-07,2.1726300387397142e-13,5.65552023373481e-07,3.841609522993335e-07
E4,total_projection,bottom,3,-1,p,3.7845470423511773e-07,2.0494697689543995e-06,3.7845465348047303e-07,2.049469676059079e-06,1.058563863784964e-13,2.084119449030389e-06,5.0791899872987036e-08
E4,total_projection,bottom,3,0,s,1.1151530538693931e-07,1.78358955086774e-06,1.115147055432101e-07,1.783589765446973e-06,6.370688711748293e-13,1.7870724610265741e-06,3.5648743129803954e-07
E4,total_projection,bottom,3,0,p,-1.0161713366980093e-12,3.34213695016917e-13,-1.0161836591628342e-12,3.34099120961289e-13,1.1523479232593834e-16,1.0696968971520266e-12,0.00010772658370117814
E4,total_projection,bottom,3,1,s,5.256115772420653e-07,2.087605457702598e-07,5.256117304726265e-07,2.0876087615327998e-07,3.641875133807278e-13,5.655517612232448e-07,6.439508076025055e-07
E4,total_projection,bottom,3,1,p,-3.7845270929843277e-07,-2.0494553549320302e-06,-3.784525668176429e-07,-2.04945542494867e-06,1.587548591649425e-13,2.084105055937055e-06,7.617411546154672e-08
E4,total_projection,bottom,3,2,s,-1.7150338713901162e-12,-1.7975824406072166e-13,-1.964888834135895e-12,9.281953366713819e-13,1.1357766679527206e-12,2.1730933513152207e-12,0.5226543384642518
E4,total_projection,bottom,3,2,p,5.62888427102563e-12,-9.045985920044232e-12,6.658392102310317e-12,-8.74178772792112e-12,1.0735096249067676e-12,1.0988768723935394e-11,0.09769152958588366
E4,total_projection,bottom,4,-2,s,1.8454679613448895e-11,1.1880384822286599e-11,1.755949885037177e-11,1.3061281584763077e-11,1.481845390791756e-12,2.1884539668740547e-11,0.0677119744450643
E4,total_projection,bottom,4,-2,p,-5.290552040790401e-11,-6.645010137967302e-11,-5.36709390814045e-11,-6.698869947899619e-11,9.359239596985283e-13,8.583737856998603e-11,0.01090345459391492
E4,total_projection,bottom,4,-1,s,4.2735840133938266e-07,-1.3252883365134077e-06,4.273596443732147e-07,-1.3252894357145112e-06,1.6593300375488838e-12,1.392489983466771e-06,1.1916279881725127e-06
E4,total_projection,bottom,4,-1,p,2.2548194383303077e-06,1.3655400134971645e-07,2.254819861291889e-06,1.3655434135374667e-07,5.426778417717772e-13,2.2589510165160574e-06,2.4023444413094897e-07
E4,total_projection,bottom,4,0,s,3.0017917147732184e-05,-5.752122424889139e-05,3.0017791681159703e-05,-5.752123294258777e-05,1.2576740900129828e-10,6.488266376042945e-05,1.938382330689714e-06
E4,total_projection,bottom,4,0,p,6.4138495506107084e-12,-5.1917886921002374e-12,6.414468843343921e-12,-5.186697734280195e-12,5.128486620326398e-15,8.249075337819215e-12,0.0006217044226537761
E4,total_projection,bottom,4,1,s,4.273673410451609e-07,-1.3253039728813063e-06,4.2736948829044314e-07,-1.3253048748729961e-06,2.329002213495641e-12,1.392507698680249e-06,1.6725237610556524e-06
E4,total_projection,bottom,4,1,p,-2.2548328699886222e-06,-1.3662241687536736e-07,-2.2548332167716023e-06,-1.366230380518853e-07,7.114202005271636e-13,2.2589685013260144e-06,3.14931438888838e-07
E4,total_projection,bottom,4,2,s,-8.194268025852951e-12,-7.246217180417557e-12,-9.307452777654276e-12,-8.336534369315751e-12,1.558195066110093e-12,1.249505832315508e-11,0.12470490539628301
E4,total_projection,bottom,4,2,p,-2.8979267676161298e-11,-3.069699325811745e-11,-2.960359194338725e-11,-2.970306781205439e-11,1.173741275996915e-12,4.193620027372633e-11,0.02798873689880487
E4,total_projection,bottom,5,-2,s,-1.542556782307282e-11,-5.986595579786889e-11,-1.4270603972644096e-11,-6.159506011138634e-11,2.0793612535636424e-12,6.322658908931701e-11,0.03288744946570237
E4,total_projection,bottom,5,-2,p,3.111170111277853e-10,1.1274478372281905e-10,3.1203089912302263e-10,1.134359259953823e-10,1.1458049174108013e-12,3.320105289203217e-10,0.0034511101835742685
E4,total_projection,bottom,5,-1,s,-6.300179964802201e-06,1.174079023910246e-05,-6.300299682654353e-06,1.1740879103748138e-05,1.4909490056761582e-10,1.332448941686263e-05,1.1189539494018492e-05
E4,total_projection,bottom,5,-1,p,-1.115402877853509e-05,1.0353965915604117e-05,-1.1154039897333657e-05,1.0353968199955148e-05,1.1351032604961571e-11,1.5218977085106393e-05,7.458472761661444e-07
E4,total_projection,bottom,5,0,s,0.0031212101875092613,0.0025991345758894172,0.003121242512898946,0.0025991376574609364,3.247194021474337e-08,0.004061732559728576,7.994603223436574e-06
E4,total_projection,bottom,5,0,p,-5.4337114489466903e-11,2.1215522172923314e-11,-5.433896153298567e-11,2.1200789440010156e-11,1.4848063471397197e-14,5.832834828248561e-11,0.0002545599851291462
E4,total_projection,bottom,5,1,s,-6.300128676613918e-06,1.1740751392806805e-05,-6.300244822634915e-06,1.1740837971455061e-05,1.4486462828249426e-10,1.3324427233359753e-05,1.0872109228065232e-05
E4,total_projection,bottom,5,1,p,1.1154049925908216e-05,-1.035383751536311e-05,1.1154060227464465e-05,-1.035384092000036e-05,1.0849590590010283e-11,1.5218905392786255e-05,7.12902164117071e-07
E4,total_projection,bottom,5,2,s,8.993058168023743e-12,6.793398211504296e-11,1.978058451250019e-11,6.716669856482938e-11,1.081477917847617e-11,7.001883260776928e-11,0.15445529117942142
E4,total_projection,bottom,5,2,p,1.3385366083807244e-10,2.2913019527813287e-10,1.3332707063488645e-10,2.2176345529547988e-10,7.385536894099831e-12,2.587569088327311e-10,0.028542375650630773
E4,total_projection,bottom,6,-2,s,1.9296821078160678e-10,2.7179213946405752e-11,2.217169727305094e-10,-1.0366484829416144e-12,4.028183469290504e-11,2.2171939616745e-10,0.18167934510557132
E4,total_projection,bottom,6,-2,p,-1.4661868304083462e-09,-1.0610403937818451e-09,-1.4482226667009195e-09,-1.042988470620382e-09,2.5467294860950564e-11,1.7847055337487375e-09,0.014269746117420856
E4,total_projection,bottom,6,-1,s,7.721275099056579e-05,-0.0004885106587842082,7.721528456716965e-05,-0.0004885152245505113,5.221612044378856e-09,0.0004945799478228222,1.0557670336949127e-05
E4,total_projection,bottom,6,-1,p,-0.000641460807173385,-0.0007756249664295069,-0.0006414580260956384,-0.0007756232324457346,3.277360699601727e-09,0.0010065087172757535,3.256167227713963e-06
E4,total_projection,bottom,6,0,s,-0.0005080039850696737,0.0011786376568854414,-0.0005174483976385697,0.0011797865144235948,9.514031869533235e-06,0.0012882736758292076,0.007385101510678196
E4,total_projection,bottom,6,0,p,-4.8117179643703536e-11,2.0476955628980858e-10,-4.811821246553357e-11,2.0476220284297572e-10,7.425624637439074e-15,2.103400154131072e-10,3.530295756066751e-05
E4,total_projection,bottom,6,1,s,7.721264670916432e-05,-0.0004885108807231605,7.721517206870263e-05,-0.0004885154480992903,5.2190387533935385e-09,0.000494580151066791,1.0552463017644899e-05
E4,total_projection,bottom,6,1,p,0.0006414621139052522,0.0007756273998122493,0.0006414593319215154,0.0007756256673592463,3.2773200819530156e-09,0.0010065114258545071,3.2561181103042516e-06
E4,total_projection,bottom,6,2,s,-1.4634666068074703e-10,1.1603107334627122e-10,-1.1609336729039157e-10,1.0307681252615152e-10,3.291009927603704e-11,1.5524979616531915e-10,0.21198159410781073
E4,total_projection,bottom,6,2,p,-1.2920072385265344e-09,-1.104002426379519e-09,-1.3006346282387522e-09,-1.1236818044178233e-09,2.148743291370508e-11,1.718810994191465e-09,0.012501335508278411
E4,total_projection,bottom,7,-2,s,2.913454466312795e-10,-1.9027162659950985e-10,3.440007701499313e-10,-2.431797899593126e-10,7.464487152485067e-11,4.2127537325175e-10,0.17718783547369535
E4,total_projection,bottom,7,-2,p,2.0675510232301373e-09,-1.3399176915813668e-09,2.0909979822576042e-09,-1.3091452437851544e-09,3.868725153078629e-11,2.4670090861467582e-09,0.015681843957539784
E4,total_projection,bottom,7,-1,s,-0.0037362219420210984,-0.0008367456265915292,-0.003736498017662136,-0.0008369094725599764,3.210346725056494e-07,0.003829077552264212,8.384125631402138e-05
E4,total_projection,bottom,7,-1,p,-0.009843243037879423,-0.0011592285870698769,-0.009843156580766408,-0.0011593324741696984,1.3515680486113425e-07,0.009911194845181355,1.363678214103974e-05
E4,total_projection,bottom,7,0,s,0.0003532935659352705,-0.004901539923304942,0.00039395994952840354,-0.00490684400801749,4.1010828681968005e-05,0.004922633701673279,0.008331074617237474
E4,total_projection,bottom,7,0,p,-6.73778249351724e-10,-4.855776853743293e-11,-6.737578346752063e-10,-4.837900462755948e-11,1.799258027370242e-13,6.754925224419409e-10,0.000266362390047758
E4,total_projection,bottom,7,1,s,-0.003736222194920752,-0.000836745523799235,-0.003736498279151165,-0.0008369093042875774,3.210086457473425e-07,0.0038290777706521885,8.383445439727035e-05
E4,total_projection,bottom,7,1,p,0.009843237124742256,0.0011592064908880644,0.009843150686355424,0.0011593103806228468,1.3514685239079343e-07,0.00991118640693026,1.3635789585825351e-05
E4,total_projection,bottom,7,2,s,-1.0721544323787823e-10,1.6569427967847263e-10,-1.4786614923331748e-10,1.1766216057520996e-10,6.292506943562043e-11,1.8896767480263975e-10,0.33299382818431866
E4,total_projection,bottom,7,2,p,3.4716141277375963e-09,-2.0939725953104212e-10,3.448861473949234e-09,-1.8768305091093933e-10,3.145139282146983e-11,3.4539644459795074e-09,0.009105882041744803
E4,total_projection,bottom,8,-2,s,-1.7810177375837769e-09,4.1762060764960773e-10,-1.8024592520283494e-09,4.740939883989186e-10,6.040679825097041e-11,1.8637662045059705e-09,0.0324111458319862
E4,total_projection,bottom,8,-2,p,8.636498813658271e-09,5.365061201111728e-09,8.61517983103004e-09,5.3607292319324586e-09,2.1754654151995372e-11,1.0146858697108282e-08,0.0021439792157739576
E4,total_projection,bottom,8,-1,s,-0.012065564577613548,0.019062473397574067,-0.012070771073025493,0.01907217121340646,1.100705348372843e-05,0.022571026318953226,0.0004876629590602907
E4,total_projection,bottom,8,-1,p,-0.05057583306694839,0.07139640512275466,-0.05057791053979566,0.07139406156437264,3.1317980971168097e-06,0.08749421158699017,3.579434616658102e-05
E4,total_projection,bottom,8,0,s,-0.03621962021161225,0.03689906925740126,-0.037043876570445666,0.03701543114156045,0.0008324293562593789,0.052367842555923735,0.015895811544468834
E4,total_projection,bottom,8,0,p,1.2136218973524556e-09,-1.1947368250557215e-09,1.2135669744985247e-09,-1.1952101990811414e-09,4.765495649207856e-13,1.7033121327522695e-09,0.0002797781779143208
E4,total_projection,bottom,8,1,s,-0.012065570372357916,0.019062478254388435,-0.012070776950226998,0.019072176119747743,1.1007136123173487e-05,0.022571033607808204,0.0004876664628847873
E4,total_projection,bottom,8,1,p,0.05057575929861044,-0.07139660459106179,0.05057783678279529,-0.07139426101185119,3.131821204135864e-06,0.08749433169671858,3.5794561126447475e-05
E4,total_projection,bottom,8,2,s,2.6766526803735446e-09,-1.1001084923999038e-09,2.5465765277595e-09,-1.0212875658004804e-09,1.5209386558590704e-10,2.7437347364120863e-09,0.055433152326086886
E4,total_projection,bottom,8,2,p,-8.192969395638837e-10,9.807085645574724e-09,-7.837005813120437e-10,9.875321841637644e-09,7.696284281346742e-11,9.906370075717661e-09,0.007769025609301386
E4,scattered_projection,top,-8,-2,s,0.0,0.0,1.4247044921244634e+17,9.246338134302493e+16,1.6984494631334163e+17,1.6984494631334163e+17,1.0
E4,scattered_projection,top,-8,-2,p,0.0,0.0,9.046270693919274e+16,1.1842421016445986e+17,1.4902279993290432e+17,1.4902279993290432e+17,1.0
E4,scattered_projection,top,-8,-1,s,-1360209180368.8823,-10727736785441.387,-1360339716786.2861,-10727357728491.535,400903888.1071015,10813266295624.705,3.707518867535117e-05
E4,scattered_projection,top,-8,-1,p,-1487693052278.8376,12470149807382.764,-1487957861692.8206,12469999820100.03,304335687.54914963,12558459862239.012,2.4233519944928224e-05
E4,scattered_projection,top,-8,0,s,-1054559794.9624779,57867473.97581278,-1054452120.446994,57636897.8865594,254478.16059554488,1056026176.9071578,0.00024097713310559132
E4,scattered_projection,top,-8,0,p,9.52033815265371,4.206627792858227,9.52013308588728,4.20656432705905,0.0002146631928375303,10.408079429495697,2.0624668969107913e-05
E4,scattered_projection,top,-8,1,s,-1360207749842.2231,-10727734352697.977,-1360338284086.6846,-10727355282720.893,400915497.95881885,10813263689047.436,3.70762712801408e-05
E4,scattered_projection,top,-8,1,p,1487693619796.6807,-12470149149537.828,1487958440039.8452,-12469999164698.97,304343905.9301477,12558459279978.53,2.4234175478464267e-05
E4,scattered_projection,top,-8,2,s,0.0,0.0,-1.5004226620624202e+17,-6.627807049466383e+16,1.640288519645261e+17,1.640288519645261e+17,1.0
E4,scattered_projection,top,-8,2,p,0.0,0.0,2.658822622313698e+17,783989883231117.1,2.658834180790669e+17,2.658834180790669e+17,1.0
E4,scattered_projection,top,-7,-2,s,10560363060.18798,-88479288341.79486,10600404296.84797,-88495200556.34721,43087111.82269369,89127824458.83412,0.000483430534564372
E4,scattered_projection,top,-7,-2,p,99799223324.12473,-77082982777.45264,99765221506.08502,-76938798722.9357,148139006.36546823,125986817449.63092,0.0011758294190159513
E4,scattered_projection,top,-7,-1,s,0.11883012308344103,0.6282750838941321,0.11883164867878777,0.6282730134200778,2.5718289156963454e-06,0.6394121832743446,4.0221769039907126e-06
E4,scattered_projection,top,-7,-1,p,-0.06522217421052094,-0.3505929455501846,-0.06521899585516742,-0.35058903427212107,5.039845120989051e-06,0.35660368530374836,1.4132902515284455e-05
E4,scattered_projection,top,-7,0,s,1.1650541640817488e-05,1.7622139594544798e-05,1.1650562812943818e-05,1.7622141417250064e-05,2.1250439708887813e-11,2.112523330020072e-05,1.0059268651336458e-06
E4,scattered_projection,top,-7,0,p,-5.8978386846449154e-15,4.023561998391575e-15,-5.897730964324884e-15,4.0235192401465014e-15,1.15896224569635e-19,1e-12,1.15896224569635e-07
E4,scattered_projection,top,-7,1,s,0.11883016097273906,0.6282749293063179,0.11883168655728568,0.628272859018423,2.5716726418113018e-06,0.6394120386020521,4.021933411566281e-06
E4,scattered_projection,top,-7,1,p,0.06522195280903889,0.35059291771296247,0.06521877489332033,0.3505890063957033,5.039598299101137e-06,0.35660361748601493,1.4132213056696703e-05
E4,scattered_projection,top,-7,2,s,7845679982.961801,69366311407.67035,7749850422.801572,69312911068.61104,109703695.52641454,69744819322.8786,0.001572929668346393
E4,scattered_projection,top,-7,2,p,83180012632.7681,-109360751441.9724,83017615236.23184,-109113610763.90663,295721878.0485473,137104720901.39111,0.002156905145966763
E4,scattered_projection,top,-6,-2,s,4026.8201334417645,69393.31200810146,3854.0252637191834,69703.19565016871,354.8040848458544,69809.66261613849,0.005082449499817971
E4,scattered_projection,top,-6,-2,p,-148412.1020467614,29815.495739682257,-149438.95567913857,29155.38573565718,1220.7266687265321,152256.48751979833,0.008017567517888508
E4,scattered_projection,top,-6,-1,s,2.2379910627111094e-07,-6.985011915311263e-07,2.2379911191773437e-07,-6.985012108055268e-07,2.0084493212308726e-14,7.334780051180496e-07,2.7382543269414368e-08
E4,scattered_projection,top,-6,-1,p,5.051721855096474e-08,3.874437650003189e-07,5.051719420844413e-08,3.874438085230091e-07,4.9867653573371116e-14,3.9072329297535846e-07,1.276290778408138e-07
E4,scattered_projection,top,-6,0,s,-2.433012323671303e-06,1.0565681553430623e-06,-2.4330130155209762e-06,1.0565831067207608e-06,1.4967376224735297e-11,2.6525309037035113e-06,5.642677415685366e-06
E4,scattered_projection,top,-6,0,p,5.494895815683058e-15,6.9210061889628285e-15,5.4948941885629665e-15,6.921018076903684e-15,1.1998777336790004e-20,1e-12,1.1998777336790005e-08
E4,scattered_projection,top,-6,1,s,2.2379909422824245e-07,-6.985012060534734e-07,2.2379909986897755e-07,-6.985012253172268e-07,2.0072620367514952e-14,7.3347801526142e-07,2.7366355841436964e-08
E4,scattered_projection,top,-6,1,p,-5.051720738464216e-08,-3.874437351066287e-07,-5.051718305532271e-08,-3.874437786098098e-07,4.9844182702799263e-14,3.9072326187122814e-07,1.2756901768297215e-07
E4,scattered_projection,top,-6,2,s,-30718.00460555698,-56511.29187604852,-30877.942070040044,-56337.562978821115,236.1392010597164,64244.5975072876,0.003675627371358812
E4,scattered_projection,top,-6,2,p,-59024.80052215358,86911.10532928449,-58540.27718428718,87507.43401690932,768.3558866967502,105283.02361272169,0.007298003612843688
E4,scattered_projection,top,-5,-2,s,-0.12055806739628476,-0.13502593090386025,-0.12065081235722737,-0.13499812616361115,9.68231963971766e-05,0.181055551116626,0.00053477065906037
E4,scattered_projection,top,-5,-2,p,0.6794562813688165,-0.08058628561892843,0.6789318779376163,-0.08170393400520616,0.0012345593845594271,0.6838304085896044,0.001805359002834778
E4,scattered_projection,top,-5,-1,s,-1.1783822907305667e-06,-1.5482624524681818e-06,-1.1783822937853965e-06,-1.5482624553837372e-06,4.2228483819904474e-15,1.945687914609589e-06,2.1703626518324656e-09
E4,scattered_projection,top,-5,-1,p,1.530993332412361e-06,1.688702305648854e-06,1.530993338075387e-06,1.6887023145638835e-06,1.0561610479262428e-14,2.279398189971343e-06,4.633508320630548e-09
E4,scattered_projection,top,-5,0,s,1.1146740208701667e-05,-2.653116361632618e-06,1.1146740191928502e-05,-2.6531162129431314e-06,1.4963255827489354e-13,1.1458134339661756e-05,1.3059068242632482e-08
E4,scattered_projection,top,-5,0,p,-4.953349989894766e-15,1.0923832737027287e-14,-4.95333112399334e-15,1.0923768389972118e-14,6.705569137316011e-20,1e-12,6.70556913731601e-08
E4,scattered_projection,top,-5,1,s,-1.1783823019225856e-06,-1.5482624640253367e-06,-1.178382304987101e-06,-1.5482624669398356e-06,4.229132159092648e-15,1.94568793058942e-06,2.1735922254559544e-09
E4,scattered_projection,top,-5,1,p,-1.5309933326535285e-06,-1.6887023031599628e-06,-1.5309933383370795e-06,-1.6887023120710997e-06,1.0569347784889969e-14,2.2793981883003227e-06,4.636902775101005e-09
E4,scattered_projection,top,-5,2,s,0.10412924286114042,0.27407711190493156,0.10398451597981351,0.2739926281204333,0.00016758096557116474,0.2930609831210872,0.0005718296710344532
E4,scattered_projection,top,-5,2,p,0.44975092630381325,-0.36980801720625817,0.4492043839857229,-0.36874374393862125,0.001196405488816462,0.5811682435283816,0.002058621581855298
E4,scattered_projection,top,-4,-2,s,-0.002663219563811968,-0.0012587045862684013,-0.002663149579212637,-0.0012586938947752035,7.079655479129518e-08,0.0029456197992960356,2.4034518917959008e-05
E4,scattered_projection,top,-4,-2,p,0.0004712671808820501,-0.0020072776340611617,0.00047087178295046063,-0.0020046383925537083,2.6686954226681706e-06,0.0020591977371974897,0.001295987934747923
E4,scattered_projection,top,-4,-1,s,3.076432019464827e-07,-1.2831978331016898e-06,3.076432018896813e-07,-1.2831978332096387e-06,1.2198094594541604e-16,1.3195609189510149e-06,9.244055669849999e-11
E4,scattered_projection,top,-4,-1,p,-1.607632329565647e-06,7.229615926861697e-06,-1.6076323296223023e-06,7.229615927775152e-06,9.152100110914633e-16,7.406202007128013e-06,1.2357346048766022e-10
E4,scattered_projection,top,-4,0,s,-1.900678384040603e-06,4.674519768073052e-06,-1.9006783834215218e-06,4.674519770933146e-06,2.9263286020813237e-15,5.046158281906219e-06,5.799121705266613e-10
E4,scattered_projection,top,-4,0,p,-2.043484823956437e-15,-2.7564249974057633e-15,-2.043506257727784e-15,-2.756507626671309e-15,8.536393898351391e-20,1e-12,8.536393898351392e-08
E4,scattered_projection,top,-4,1,s,3.076432179746384e-07,-1.2831978368903981e-06,3.076432179184866e-07,-1.2831978370033368e-06,1.2612761326114598e-16,1.3195609263771355e-06,9.558301609265614e-11
E4,scattered_projection,top,-4,1,p,1.6076323085680321e-06,-7.229615915075523e-06,1.6076323086300262e-06,-7.229615916027903e-06,9.54395715711539e-16,7.40620199110415e-06,1.288643918783065e-10
E4,scattered_projection,top,-4,2,s,-0.002648305621802441,-0.0012187117238462598,-0.0026483609861576917,-0.0012187921605057762,9.764869700368174e-08,0.0029153507925312318,3.349466460566105e-05
E4,scattered_projection,top,-4,2,p,-0.0014642457731189713,0.0018492767724944217,-0.001467473868506531,0.0018506369180345797,3.5029410102934773e-06,0.0023618502402019586,0.0014831342608725038
E4,scattered_projection,top,-3,-2,s,0.013552192726261316,-0.006445316409246899,0.013551818048506126,-0.006444999054070839,4.910170343339669e-07,0.015006324840772653,3.272067208620316e-05
E4,scattered_projection,top,-3,-2,p,0.006273157817123023,0.004986602238307933,0.006277389284728134,0.00499353913704944,8.125631190438825e-06,0.008021287262357835,0.0010130083769185842
E4,scattered_projection,top,-3,-1,s,1.071157321383471e-06,-4.690038404825608e-06,1.0711573213940682e-06,-4.69003840482865e-06,1.1025115743778898e-17,4.810804324221032e-06,2.29174063228275e-12
E4,scattered_projection,top,-3,-1,p,2.476164530780595e-06,-1.096283039553787e-05,2.476164530814565e-06,-1.0962830395552263e-05,3.689311276336639e-17,1.1238996443869387e-05,3.2825984906766948e-12
E4,scattered_projection,top,-3,0,s,-3.488459221827747e-06,-6.99132325499931e-07,-3.488459221820241e-06,-6.991323253739763e-07,1.261781243031805e-16,3.557827110848067e-06,3.546493979947886e-11
E4,scattered_projection,top,-3,0,p,8.270899695816582e-15,1.698008332639995e-15,8.270902386924382e-15,1.6980019221208062e-15,6.952468443786482e-21,1e-12,6.952468443786482e-09
E4,scattered_projection,top,-3,1,s,1.0711573138428122e-06,-4.690038406856957e-06,1.0711573138367341e-06,-4.690038406851125e-06,8.423970877689617e-18,4.810804324510047e-06,1.7510524871633707e-12
E4,scattered_projection,top,-3,1,p,-2.476164517233234e-06,1.096283040124374e-05,-2.4761645172070356e-06,1.0962830401227306e-05,3.092623398853754e-17,1.1238996446406983e-05,2.7516899872696738e-12
E4,scattered_projection,top,-3,2,s,0.012753311772295396,-0.007011562212579175,0.012752242004331723,-0.007012869850443498,1.6894733736623554e-06,0.014553350805787024,0.00011608827384210033
E4,scattered_projection,top,-3,2,p,-0.003257641820646706,-0.004726854273350497,-0.0032398363803904074,-0.004736294373184147,2.0153143367472498e-05,0.005738381667435256,0.003511990755484177
E4,scattered_projection,top,-2,-2,s,14.685144082387552,23.05882073989855,14.63859935807358,22.960821053885468,0.10849124305733784,27.23027533159998,0.003984213958036508
E4,scattered_projection,top,-2,-2,p,45.39095789139146,-23.59198428598663,44.871243770892114,-23.405909425904422,0.5520204892945734,50.60894301998873,0.010907568037462172
E4,scattered_projection,top,-2,-1,s,-1.8776320365229816e-06,-5.730810214246684e-06,-1.8776320365281784e-06,-5.730810214235923e-06,1.1950620851330003e-17,6.030562807581705e-06,1.9816758787928587e-12
E4,scattered_projection,top,-2,-1,p,-1.5546660485456836e-06,-4.743527320589094e-06,-1.554666048553039e-06,-4.743527320571945e-06,1.8659888407826953e-17,4.991797067543509e-06,3.738110374949515e-12
E4,scattered_projection,top,-2,0,s,-2.2696711573750214e-05,1.8145783723541136e-05,-2.2696711573694225e-05,1.814578372338654e-05,1.6442325586557856e-16,2.9058736779071888e-05,5.658307073554424e-12
E4,scattered_projection,top,-2,0,p,-7.321530501531019e-16,1.3648242048917962e-14,-7.321518226415339e-16,1.3648065950867266e-14,1.7610232889895198e-19,1e-12,1.76102328898952e-07
E4,scattered_projection,top,-2,1,s,-1.8776320450147065e-06,-5.730810211747511e-06,-1.8776320450230062e-06,-5.730810211746964e-06,8.317670251099353e-18,6.030562807861349e-06,1.3792527357905244e-12
E4,scattered_projection,top,-2,1,p,1.554666052747333e-06,4.7435273183392636e-06,1.5546660527652223e-06,4.743527318336846e-06,1.805193381990181e-17,4.9917970667314345e-06,3.616319649733275e-12
E4,scattered_projection,top,-2,2,s,-20.386214812669913,-18.173665479999077,-20.427103343932288,-18.24061774583966,0.0784504804955486,27.385884809031282,0.0028646319460774662
E4,scattered_projection,top,-2,2,p,50.5630209329822,-38.177595723413425,50.852729846368874,-38.25227149372707,0.2991784169481898,63.63361067280075,0.0047015785177827295
E4,scattered_projection,top,-1,-2,s,-16696589.914455008,-14519326.740964524,-16743202.275990484,-14464821.953701524,71718.08755466713,22126136.0523481,0.003241329050178021
E4,scattered_projection,top,-1,-2,p,-45121206.95808259,16380148.871602288,-44944351.133004785,16465248.761469543,196265.06087271133,47865427.142603695,0.004100351184331566
E4,scattered_projection,top,-1,-1,s,4.0447791780912496e-05,-3.1088350105654873e-05,4.04477917809271e-05,-3.1088350105668724e-05,2.01267131633738e-17,5.101479562093595e-05,3.9452697826969245e-13
E4,scattered_projection,top,-1,-1,p,1.2547286356970991e-05,-9.63771096195979e-06,1.2547286356996938e-05,-9.637710961984166e-06,3.5600510694486254e-17,1.5821500166268408e-05,2.2501349632057578e-12
E4,scattered_projection,top,-1,0,s,6.187385484768576e-05,4.202501106667492e-05,6.187385484764452e-05,4.202501106674083e-05,7.775121710790759e-17,7.479622630097773e-05,1.0395072178513267e-12
E4,scattered_projection,top,-1,0,p,-9.733445218520898e-15,-7.284029011875487e-15,-9.733360573458275e-15,-7.283542178410994e-15,4.941372367843318e-19,1e-12,4.941372367843319e-07
E4,scattered_projection,top,-1,1,s,4.044779177348441e-05,-3.108835013760411e-05,4.04477917734862e-05,-3.1088350137588585e-05,1.562715250053971e-17,5.1014795634488255e-05,3.0632588656250666e-13
E4,scattered_projection,top,-1,1,p,-1.2547286328127832e-05,9.637710917951182e-06,-1.2547286328129474e-05,9.637710917922908e-06,2.832157282920732e-17,1.5821500116534946e-05,1.7900687432039792e-12
E4,scattered_projection,top,-1,2,s,18656820.912304718,19397711.073283125,18682631.083769288,19394539.225361846,26004.337527924345,26929330.774757877,0.0009656510867436567
E4,scattered_projection,top,-1,2,p,-43171715.59174957,22782214.9273392,-43139569.2546176,22895287.376386844,117553.24633813492,48838679.54317854,0.00240697020144055
E4,scattered_projection,top,0,-2,s,21313027530073.938,36090040483918.586,20258281132727.39,37158885675920.69,1501639106836.7688,42322343261317.21,0.03548100107701912
E4,scattered_projection,top,0,-2,p,23624796204412.45,30714421628099.812,24176921261359.43,29895874567896.816,987350681508.6896,38448495911509.9,0.025679825909993983
E4,scattered_projection,top,0,-1,s,-68088.83935553346,4960.709247706092,-68088.84805602308,4960.714113061046,0.009968460184305535,68269.3189808403,1.4601669290275432e-07
E4,scattered_projection,top,0,-1,p,-26573.44983865346,-3837.2355313745275,-26573.44632896841,-3837.2194513331565,0.016458603210877044,26849.065214942846,6.130047016205618e-07
E4,scattered_projection,top,0,0,s,-0.1063545125714521,-0.12796069729429663,-0.10635451257145213,-0.12796069729429668,6.206335383118183e-17,0.16638876884078982,3.730020617591537e-16
E4,scattered_projection,top,0,0,p,2.376019425326344e-13,-1.235166449905222e-12,2.3613404912594095e-13,-1.2369325600772239e-12,2.29648779510419e-15,1.2592702042595176e-12,0.0018236656337426663
E4,scattered_projection,top,0,1,s,-68089.26290656479,4960.923263614965,-68089.25777680663,4960.933374205326,0.011337480155928323,68269.74355114954,1.6606888448956859e-07
E4,scattered_projection,top,0,1,p,26573.475163919407,3836.648744325454,26573.463845867955,3836.6494665250934,0.011341069658756522,26849.0010968125,4.2240192169022365e-07
E4,scattered_projection,top,0,2,s,-20545322691172.418,-15376289244180.396,-19699460727309.785,-15037261372881.889,911275128282.7528,24782816275459.62,0.0367704428001233
E4,scattered_projection,top,0,2,p,54239398401064.19,-25937590805511.81,52538035196548.02,-28075060703316.484,2731925020512.5767,59568902758139.04,0.045861597142467216
E4,scattered_projection,top,1,-2,s,0.0,0.0,-4.361831615800339e+19,-1.640362802885653e+20,1.697364390912225e+20,1.697364390912225e+20,1.0
E4,scattered_projection,top,1,-2,p,0.0,0.0,7.56168232400105e+19,-9.748283156001425e+19,1.2337263232122877e+20,1.2337263232122877e+20,1.0
E4,scattered_projection,top,1,-1,s,182301852161060.66,-68733460249520.6,178624819599354.1,-75877885222243.55,8035133891275.091,194072871990656.56,0.04140266390071217
E4,scattered_projection,top,1,-1,p,-126384576842562.53,32571893486693.008,-66645403638165.48,-103834898399416.4,148914679222047.56,123382721447174.8,1.206933008734161
E4,scattered_projection,top,1,0,s,409029455212396.6,-377675602474149.8,409029455187445.25,-377675602474160.9,24951.377452347824,556726104934157.56,4.4818048284800215e-11
E4,scattered_projection,top,1,0,p,-43679.13339417492,-2595.3617294702676,-43896.95412363765,-2677.82588485125,232.9081516529145,43978.555374208554,0.00529594821092065
E4,scattered_projection,top,1,1,s,182326694651788.75,-68745041387234.68,178649732570233.94,-75889492887640.1,8035125225585.291,194100340231951.38,0.041396760129236536
E4,scattered_projection,top,1,1,p,126374109494882.33,-32583917234682.12,66634960689798.58,103822930541708.64,148914720629786.56,123367008930262.45,1.2070870642082752
E4,scattered_projection,top,1,2,s,0.0,0.0,4.660234888138051e+19,6.9485026330645996e+19,8.36656907306243e+19,8.36656907306243e+19,1.0
E4,scattered_projection,top,1,2,p,0.0,0.0,-9.477523054339893e+19,1.3608854776192696e+19,9.5747298932523e+19,9.5747298932523e+19,1.0
E4,scattered_projection,top,2,-2,s,0.0,0.0,-2.383791803548417e+26,1.335552471912594e+26,2.7324281816539028e+26,2.7324281816539028e+26,1.0
E4,scattered_projection,top,2,-2,p,0.0,0.0,1.0417988592853022e+27,1.8514599898715864e+26,1.0581228209187768e+27,1.0581228209187768e+27,1.0
E4,scattered_projection,top,2,-1,s,0.0,0.0,-8.79490131687692e+23,-2.6630506024083816e+24,2.804521599617959e+24,2.804521599617959e+24,1.0
E4,scattered_projection,top,2,-1,p,0.0,0.0,-4.0799950708636804e+24,4.841221187148103e+24,6.331175432821588e+24,6.331175432821588e+24,1.0
E4,scattered_projection,top,2,0,s,0.0,0.0,-5.371521884844873e+23,5.0057498485495026e+23,7.342395992155476e+23,7.342395992155476e+23,1.0
E4,scattered_projection,top,2,0,p,0.0,0.0,1.430498773202668e+16,-7972386002612488.0,1.6376556798914886e+16,1.6376556798914886e+16,1.0
E4,scattered_projection,top,2,1,s,0.0,0.0,-8.795042387695573e+23,-2.6630597491669277e+24,2.804534708939549e+24,2.804534708939549e+24,1.0
E4,scattered_projection,top,2,1,p,0.0,0.0,4.079981460967517e+24,-4.841221634063757e+24,6.331167003954768e+24,6.331167003954768e+24,1.0
E4,scattered_projection,top,2,2,s,0.0,0.0,2.1671140604910958e+26,-4.154074529515642e+26,4.6853728291299095e+26,4.6853728291299095e+26,1.0
E4,scattered_projection,top,2,2,p,0.0,0.0,-7.804899312173431e+25,-1.3203671823743963e+26,1.5337972581221273e+26,1.5337972581221273e+26,1.0
E4,scattered_projection,top,3,-2,s,0.0,0.0,-1.854846433013214e+33,2.1939771205380034e+33,2.8729759650066814e+33,2.8729759650066814e+33,1.0
E4,scattered_projection,top,3,-2,p,0.0,0.0,-1.146988053621813e+34,-8.037872828080056e+33,1.4005911577455542e+34,1.4005911577455542e+34,1.0
E4,scattered_projection,top,3,-1,s,0.0,0.0,7.845570822938502e+32,2.9531501901905782e+32,8.382963532281802e+32,8.382963532281802e+32,1.0
E4,scattered_projection,top,3,-1,p,0.0,0.0,-5.8754115811909965e+32,-2.991382026219709e+33,3.048535884531174e+33,3.048535884531174e+33,1.0
E4,scattered_projection,top,3,0,s,0.0,0.0,6.9779035164838e+30,9.16097833398537e+30,1.1515843934384761e+31,1.1515843934384761e+31,1.0
E4,scattered_projection,top,3,0,p,0.0,0.0,-6.529734571819727e+24,4.1659117236787625e+24,7.74546667850956e+24,7.74546667850956e+24,1.0
E4,scattered_projection,top,3,1,s,0.0,0.0,7.845572897253765e+32,2.9531631341389854e+32,8.382970033523944e+32,8.382970033523944e+32,1.0
E4,scattered_projection,top,3,1,p,0.0,0.0,5.875400801568815e+32,2.9913851392814914e+33,3.048538731475279e+33,3.048538731475279e+33,1.0
E4,scattered_projection,top,3,2,s,0.0,0.0,-5.599297477803584e+32,1.1375510445980888e+33,1.2678894673888489e+33,1.2678894673888489e+33,1.0
E4,scattered_projection,top,3,2,p,0.0,0.0,5.368224769082351e+33,1.4181458668351923e+33,5.552384611228855e+33,5.552384611228855e+33,1.0
E4,scattered_projection,top,4,-2,s,0.0,0.0,8.882092312358556e+39,-1.3164946397002369e+40,1.5881038299846917e+40,1.5881038299846917e+40,1.0
E4,scattered_projection,top,4,-2,p,0.0,0.0,3.1951218262468734e+40,5.11621122845854e+40,6.031950001348188e+40,6.031950001348188e+40,1.0
E4,scattered_projection,top,4,-1,s,0.0,0.0,1.557303033749065e+40,-4.0722010140539185e+40,4.359818096868928e+40,4.359818096868928e+40,1.0
E4,scattered_projection,top,4,-1,p,0.0,0.0,-1.0479435450624586e+41,-2.268964894965865e+40,1.0722255782175448e+41,1.0722255782175448e+41,1.0
E4,scattered_projection,top,4,0,s,0.0,0.0,-2.181525820639493e+39,-1.9643821065239974e+40,1.9764583500526456e+40,1.9764583500526456e+40,1.0
E4,scattered_projection,top,4,0,p,0.0,0.0,-1.6910491490215192e+33,-1.969919396181616e+31,1.6911638840305067e+33,1.6911638840305067e+33,1.0
E4,scattered_projection,top,4,1,s,0.0,0.0,1.5573033989994153e+40,-4.072206436017268e+40,4.359823291611208e+40,4.359823291611208e+40,1.0
E4,scattered_projection,top,4,1,p,0.0,0.0,1.047945732677756e+41,2.2689456282758637e+40,1.0722273085863093e+41,1.0722273085863093e+41,1.0
E4,scattered_projection,top,4,2,s,0.0,0.0,-7.26612554986341e+37,-2.8556131295798074e+39,2.856537415102281e+39,2.856537415102281e+39,1.0
E4,scattered_projection,top,4,2,p,0.0,0.0,-2.669270292345602e+40,6.440429550932292e+39,2.7458687553493875e+40,2.7458687553493875e+40,1.0
E4,scattered_projection,top,5,-2,s,0.0,0.0,-9.274429316109675e+46,5.064149852201452e+46,1.056696043642951e+47,1.056696043642951e+47,1.0
E4,scattered_projection,top,5,-2,p,0.0,0.0,-1.455596180637286e+47,1.972336921724861e+47,2.4513003026730432e+47,2.4513003026730432e+47,1.0
E4,scattered_projection,top,5,-1,s,0.0,0.0,-2.3801692745491753e+48,3.875086562990978e+48,4.547691903172551e+48,4.547691903172551e+48,1.0
E4,scattered_projection,top,5,-1,p,0.0,0.0,5.419276621822481e+48,-3.4718902523416596e+48,6.436037680757993e+48,6.436037680757993e+48,1.0
E4,scattered_projection,top,5,0,s,0.0,0.0,2.470047721921854e+49,5.3706515408590966e+48,2.5277608131120045e+49,2.5277608131120045e+49,1.0
E4,scattered_projection,top,5,0,p,0.0,0.0,3.698049267103835e+41,1.9640086534640199e+40,3.7032609524358436e+41,3.7032609524358436e+41,1.0
E4,scattered_projection,top,5,1,s,0.0,0.0,-2.380169224085337e+48,3.875085550104551e+48,4.547691013680688e+48,4.547691013680688e+48,1.0
E4,scattered_projection,top,5,1,p,0.0,0.0,-5.4192843202679e+48,3.471887256744984e+48,6.436042547050921e+48,6.436042547050921e+48,1.0
E4,scattered_projection,top,5,2,s,0.0,0.0,-2.4718421954095277e+46,-3.356067081947551e+46,4.1681158930071683e+46,4.1681158930071683e+46,1.0
E4,scattered_projection,top,5,2,p,0.0,0.0,2.3996481667671935e+47,-2.189469590711019e+47,3.248397822453006e+47,3.248397822453006e+47,1.0
E4,scattered_projection,top,6,-2,s,0.0,0.0,2.0060431345515726e+54,-6.785113859716973e+53,2.1176842915257063e+54,2.1176842915257063e+54,1.0
E4,scattered_projection,top,6,-2,p,0.0,0.0,-4.6948639867694364e+54,-1.276443987396298e+54,4.865291060894997e+54,4.865291060894997e+54,1.0
E4,scattered_projection,top,6,-1,s,0.0,0.0,2.7693855555534538e+56,-1.4064491876424397e+57,1.4334553641370072e+57,1.4334553641370072e+57,1.0
E4,scattered_projection,top,6,-1,p,0.0,0.0,1.640454929935522e+57,2.4182247672307307e+57,2.9221402091614086e+57,2.9221402091614086e+57,1.0
E4,scattered_projection,top,6,0,s,0.0,0.0,-9.664327727408146e+54,4.802791564695066e+55,4.8990610445404314e+55,4.8990610445404314e+55,1.0
E4,scattered_projection,top,6,0,p,0.0,0.0,-1.4333821539558796e+49,-2.7769151249369235e+48,1.4600332103723638e+49,1.4600332103723638e+49,1.0
E4,scattered_projection,top,6,1,s,0.0,0.0,2.769386359066163e+56,-1.406449167324607e+57,1.4334553597255471e+57,1.4334553597255471e+57,1.0
E4,scattered_projection,top,6,1,p,0.0,0.0,-1.6404550492889143e+57,-2.4182240847732737e+57,2.922139711395578e+57,2.922139711395578e+57,1.0
E4,scattered_projection,top,6,2,s,0.0,0.0,4.920094123101887e+54,-3.905738886726753e+54,6.281888444685346e+54,6.281888444685346e+54,1.0
E4,scattered_projection,top,6,2,p,0.0,0.0,3.550486609801038e+54,7.230843687180785e+54,8.055498469667701e+54,8.055498469667701e+54,1.0
E4,scattered_projection,top,7,-2,s,0.0,0.0,-1.7247079936942655e+60,1.1521781436071915e+59,1.7285522289647366e+60,1.7285522289647366e+60,1.0
E4,scattered_projection,top,7,-2,p,0.0,0.0,5.380641820552263e+61,-5.847716476570288e+61,7.946514606506906e+61,7.946514606506906e+61,1.0
E4,scattered_projection,top,7,-1,s,0.0,0.0,-9.64077632882135e+64,-1.0229807579637677e+64,9.69489854787177e+64,9.69489854787177e+64,1.0
E4,scattered_projection,top,7,-1,p,0.0,0.0,2.554408302206291e+65,-2.8611287194213433e+63,2.5545685311095757e+65,2.5545685311095757e+65,1.0
E4,scattered_projection,top,7,0,s,0.0,0.0,-1.2246985642623471e+64,-1.4047030388152553e+63,1.2327280639211645e+64,1.2327280639211645e+64,1.0
E4,scattered_projection,top,7,0,p,0.0,0.0,5.592234503930881e+56,-1.9292269832376794e+56,5.915657486687969e+56,5.915657486687969e+56,1.0
E4,scattered_projection,top,7,1,s,0.0,0.0,-9.64077621175892e+64,-1.0229804968355405e+64,9.694898403909273e+64,9.694898403909273e+64,1.0
E4,scattered_projection,top,7,1,p,0.0,0.0,-2.5544082528058515e+65,2.861132988717e+63,2.5545684821903987e+65,2.5545684821903987e+65,1.0
E4,scattered_projection,top,7,2,s,0.0,0.0,5.0919198652325e+59,1.484847839742602e+61,1.4857206574520217e+61,1.4857206574520217e+61,1.0
E4,scattered_projection,top,7,2,p,0.0,0.0,1.402671766378226e+61,-5.76894806044858e+61,5.937023648963179e+61,5.937023648963179e+61,1.0
E4,scattered_projection,top,8,-2,s,0.0,0.0,-8.79757724073022e+66,3.1508268167004556e+67,3.271342733787591e+67,3.271342733787591e+67,1.0
E4,scattered_projection,top,8,-2,p,0.0,0.0,-4.0404087364603144e+68,9.885151669058193e+68,1.0679003992786443e+69,1.0679003992786443e+69,1.0
E4,scattered_projection,top,8,-1,s,0.0,0.0,-1.6382046552461383e+72,2.5836386528804995e+72,3.0592324496723487e+72,3.0592324496723487e+72,1.0
E4,scattered_projection,top,8,-1,p,0.0,0.0,6.752987312938795e+72,-9.59781735057811e+72,1.1735456341522068e+73,1.1735456341522068e+73,1.0
E4,scattered_projection,top,8,0,s,0.0,0.0,-1.985860645480548e+71,1.679612633394608e+71,2.6009115904865334e+71,2.6009115904865334e+71,1.0
E4,scattered_projection,top,8,0,p,0.0,0.0,-4.0941754651781795e+63,3.724005324932974e+63,5.534481764338564e+63,5.534481764338564e+63,1.0
E4,scattered_projection,top,8,1,s,0.0,0.0,-1.6382046653814057e+72,2.58363861900127e+72,3.059232426487434e+72,3.059232426487434e+72,1.0
E4,scattered_projection,top,8,1,p,0.0,0.0,-6.752987357883289e+72,9.59781731505455e+72,1.1735456338331819e+73,1.1735456338331819e+73,1.0
E4,scattered_projection,top,8,2,s,0.0,0.0,1.193358392817435e+68,1.4698366135801608e+68,1.893283899558808e+68,1.893283899558808e+68,1.0
E4,scattered_projection,top,8,2,p,0.0,0.0,-7.841533397898261e+68,-9.866004975142193e+68,1.2602686229526002e+69,1.2602686229526002e+69,1.0
E4,scattered_projection,bottom,-8,-2,s,4.1774409852644533e-13,9.887536371004057e-14,4.1915259981414434e-13,9.391883766666971e-14,5.152768799011204e-15,1e-12,0.005152768799011204
E4,scattered_projection,bottom,-8,-2,p,5.622789013355822e-13,1.4845018554728224e-13,5.549283225879095e-13,1.4628733126313702e-13,7.66217636055078e-15,1e-12,0.00766217636055078
E4,scattered_projection,bottom,-8,-1,s,-8.731827576023935e-08,-4.107561662972132e-07,-8.732147224382112e-08,-4.107416858617759e-07,1.4829043048778336e-11,4.1992114976433633e-07,3.531387513370197e-05
E4,scattered_projection,bottom,-8,-1,p,3.76881455203246e-09,-3.9056908272630104e-07,3.780706414091165e-09,-3.905626328742691e-07,1.352837663790109e-11,3.9058093135568034e-07,3.4636551740877356e-05
E4,scattered_projection,bottom,-8,0,s,-5.82354304117697e-06,-2.5940648386570308e-06,-5.823395316535586e-06,-2.5955630472299517e-06,1.5054738448893235e-09,6.375647460830486e-06,0.00023612877815757112
E4,scattered_projection,bottom,-8,0,p,6.973610702207609e-15,1.0670832278994846e-14,6.975215779568605e-15,1.067077413135179e-14,1.6061302821297081e-18,1e-12,1.6061302821297082e-06
E4,scattered_projection,bottom,-8,1,s,-8.731820024983585e-08,-4.107563169945497e-07,-8.73213965428749e-08,-4.1074183654574124e-07,1.4829015034251496e-11,4.1992128141256e-07,3.5313797348799845e-05
E4,scattered_projection,bottom,-8,1,p,-3.769066475736032e-09,3.9056861341083267e-07,-3.780958290838968e-09,3.9056216368850473e-07,1.3528273524358985e-11,3.9058046463007264e-07,3.463632912918958e-05
E4,scattered_projection,bottom,-8,2,s,-3.4953329052858157e-13,2.7236213584846977e-13,-3.4976772215370254e-13,2.690886341300621e-13,3.2818853860662104e-15,1e-12,0.0032818853860662103
E4,scattered_projection,bottom,-8,2,p,-4.509057862678162e-14,7.246336534660384e-13,-4.02737810220487e-14,7.241882221182589e-13,4.837349300034625e-15,1e-12,0.004837349300034625
E4,scattered_projection,bottom,-7,-2,s,1.8224377130286157e-13,-2.697775961372647e-13,1.829008368515897e-13,-2.709666540536178e-13,1.3585263574062033e-15,1e-12,0.0013585263574062032
E4,scattered_projection,bottom,-7,-2,p,1.629284816227159e-13,5.08965472448315e-13,1.6050414879593605e-13,5.07690116987927e-13,2.7393286048490133e-15,1e-12,0.0027393286048490134
E4,scattered_projection,bottom,-7,-1,s,1.3824488912991825e-08,5.412454476966462e-08,1.3824600139815721e-08,5.412437210990812e-08,2.0538451224070946e-13,5.5862037425407186e-08,3.676638406090366e-06
E4,scattered_projection,bottom,-7,-1,p,6.923856549297421e-09,2.7155507915874293e-08,6.923547555032311e-09,2.7155199673660164e-08,4.3645242403095833e-13,2.802392513662472e-08,1.5574278831502968e-05
E4,scattered_projection,bottom,-7,0,s,-5.581947457904432e-06,2.485952479541366e-05,-5.58193363355236e-06,2.4859529264616417e-05,1.4528815626410166e-11,2.5478504240785074e-05,5.702381697569577e-07
E4,scattered_projection,bottom,-7,0,p,-1.5479209407589032e-14,-2.2956685911809145e-15,-1.5479322704505872e-14,-2.2956250964339317e-15,1.2135890729775218e-19,1e-12,1.2135890729775217e-07
E4,scattered_projection,bottom,-7,1,s,1.3824470987867606e-08,5.412456688735709e-08,1.3824582180381152e-08,5.4124394271776975e-08,2.0532879381155133e-13,5.5862054453348536e-08,3.6756398564436133e-06
E4,scattered_projection,bottom,-7,1,p,-6.923836098070424e-09,-2.7155455716110367e-08,-6.923527210103738e-09,-2.7155147549903045e-08,4.3632348928118713e-13,2.8023869602288195e-08,1.5569708804438648e-05
E4,scattered_projection,bottom,-7,2,s,-8.683761675980741e-14,1.8146470345440764e-13,-8.698925043414908e-14,1.8083214066769444e-13,6.504832436955898e-16,1e-12,0.0006504832436955898
E4,scattered_projection,bottom,-7,2,p,3.998379381043341e-13,4.826489009160154e-13,4.0121307154596197e-13,4.822304745075857e-13,1.4373839575961144e-15,1e-12,0.0014373839575961144
E4,scattered_projection,bottom,-6,-2,s,-6.330544855894023e-14,3.7761773010877285e-14,-6.304845502804821e-14,3.795622303948132e-14,3.2226772805302933e-16,1e-12,0.0003222677280530293
E4,scattered_projection,bottom,-6,-2,p,9.441266155398271e-14,2.6450593433554875e-14,9.510063444762023e-14,2.5694856557662547e-14,1.021980884343477e-15,1e-12,0.001021980884343477
E4,scattered_projection,bottom,-6,-1,s,4.7463068053265623e-07,-5.956970624721117e-07,4.746306915623732e-07,-5.956970787336456e-07,1.9649227472391923e-14,7.616621974240128e-07,2.579782420454473e-08
E4,scattered_projection,bottom,-6,-1,p,9.065982720816283e-08,-3.831322737007303e-07,9.065986371101817e-08,-3.8313230748131686e-07,4.973516337605378e-14,3.9371255494847853e-07,1.2632353921901766e-07
E4,scattered_projection,bottom,-6,0,s,-2.3547625039096337e-06,1.5079593466948829e-06,-2.354755174867997e-06,1.507974695490424e-06,1.7008832290156266e-11,2.7962223831103e-06,6.082789549533955e-06
E4,scattered_projection,bottom,-6,0,p,-5.1418757113842464e-15,-7.753639412320885e-15,-5.141878567481706e-15,-7.753650926504864e-15,1.1863124605220256e-20,1e-12,1.1863124605220256e-08
E4,scattered_projection,bottom,-6,1,s,4.746306686249185e-07,-5.956970520233732e-07,4.7463067965311273e-07,-5.956970682948344e-07,1.9656589667193882e-14,7.616621818385341e-07,2.5807490690618154e-08
E4,scattered_projection,bottom,-6,1,p,-9.065979168236985e-08,3.831322486115465e-07,-9.0659828179515e-08,3.831322823981261e-07,4.973504366185566e-14,3.9371252235754027e-07,1.2632324561089274e-07
E4,scattered_projection,bottom,-6,2,s,2.1035774626340193e-14,-3.621904821914035e-14,2.0969981401995037e-14,-3.6213856416852686e-14,6.599775133083149e-17,1e-12,6.599775133083149e-05
E4,scattered_projection,bottom,-6,2,p,9.699734176272043e-15,-1.861734812480548e-13,9.779424197770633e-15,-1.8652586173431426e-13,3.6127898724240705e-16,1e-12,0.00036127898724240705
E4,scattered_projection,bottom,-5,-2,s,-2.106737536045135e-14,-4.8546599557360464e-14,-2.108877760158676e-14,-4.854277585779551e-14,2.1741127017274944e-17,1e-12,2.1741127017274944e-05
E4,scattered_projection,bottom,-5,-2,p,-2.6336318936019242e-14,-2.926702022053007e-14,-2.6295661634492594e-14,-2.9135940362794e-14,1.3724046513888367e-16,1e-12,0.0001372404651388837
E4,scattered_projection,bottom,-5,-1,s,-1.5963471695996953e-06,3.9814710540728535e-07,-1.5963471728627891e-06,3.9814710657349127e-07,3.4652298169239877e-15,1.6452493472965923e-06,2.1062034290534223e-09
E4,scattered_projection,bottom,-5,-1,p,-1.811398194674184e-06,6.23247087117378e-07,-1.8113982032718407e-06,6.23247088257698e-07,8.672948234191807e-15,1.9156201042581884e-06,4.527488626222343e-09
E4,scattered_projection,bottom,-5,0,s,-4.234874950567222e-06,3.333503286331556e-06,-4.234875119532161e-06,3.33350321051324e-06,1.8519602477573493e-13,5.389472231353884e-06,3.4362552922777007e-08
E4,scattered_projection,bottom,-5,0,p,-1.557653434291018e-14,-3.993807506784395e-15,-1.5576603214604334e-14,-3.993837722024606e-15,7.520818437185941e-20,1e-12,7.520818437185941e-08
E4,scattered_projection,bottom,-5,1,s,-1.5963471818157419e-06,3.981471019845568e-07,-1.5963471850797848e-06,3.981471031581424e-07,3.468613480694187e-15,1.6452493583239512e-06,2.1082600416436167e-09
E4,scattered_projection,bottom,-5,1,p,1.8113981999565866e-06,-6.232470934851955e-07,1.8113982085544646e-06,-6.232470946435415e-07,8.675556007592558e-15,1.9156201113310384e-06,4.528849930252865e-09
E4,scattered_projection,bottom,-5,2,s,2.15483822392142e-14,2.5341089404451724e-14,2.1522311784267643e-14,2.5373945540063945e-14,4.1942749891837027e-17,1e-12,4.194274989183703e-05
E4,scattered_projection,bottom,-5,2,p,-2.8411017018983533e-14,8.988951676421258e-15,-2.863941785362562e-14,8.820917732460712e-15,2.8355307719743914e-16,1e-12,0.0002835530771974391
E4,scattered_projection,bottom,-4,-2,s,-1.7437681631651647e-13,-9.906013465690809e-14,-1.7437198854088824e-13,-9.906000011818432e-14,4.829649902917104e-18,1e-12,4.829649902917104e-06
E4,scattered_projection,bottom,-4,-2,p,-1.2161883414205152e-13,8.477416295398045e-14,-1.2160715483657015e-13,8.457894697664482e-14,1.955650377333108e-16,1e-12,0.0001955650377333108
E4,scattered_projection,bottom,-4,-1,s,1.3166689380138144e-07,1.327484446394317e-06,1.316668938858252e-07,1.3274844464809427e-06,1.2097416735828275e-16,1.33399817338494e-06,9.068540705068441e-11
E4,scattered_projection,bottom,-4,-1,p,8.588931733088039e-07,7.4346882774541205e-06,8.588931735561135e-07,7.434688278344049e-06,9.23652840770595e-16,7.484135706928869e-06,1.2341476383378113e-10
E4,scattered_projection,bottom,-4,0,s,1.1481568343485194e-05,7.893204807477859e-06,1.1481568347904686e-05,7.89320480894689e-06,4.657248995671208e-15,1.3933021706851284e-05,3.342597961633189e-10
E4,scattered_projection,bottom,-4,0,p,-3.2804453815876006e-15,6.065309703715917e-15,-3.280348448444236e-15,6.065319000129243e-15,9.737791116702319e-20,1e-12,9.737791116702319e-08
E4,scattered_projection,bottom,-4,1,s,1.3166688101760542e-07,1.3274844480908222e-06,1.3166688109836226e-07,1.3274844481780278e-06,1.1885491367232107e-16,1.3339981738116036e-06,8.909675890538856e-11
E4,scattered_projection,bottom,-4,1,p,-8.588931862604965e-07,-7.434688298931503e-06,-8.588931864838373e-07,-7.434688299826064e-06,9.22019604342461e-16,7.484135729752564e-06,1.2319653699986334e-10
E4,scattered_projection,bottom,-4,2,s,-1.6355035562789116e-13,-1.4690584450634525e-13,-1.635572136981534e-13,-1.4691030804756871e-13,8.182684643516583e-18,1e-12,8.182684643516583e-06
E4,scattered_projection,bottom,-4,2,p,1.5857562274063004e-13,-1.1622751544161484e-13,1.587854713926129e-13,-1.1646863628708453e-13,3.1964936861981867e-16,1e-12,0.00031964936861981867
E4,scattered_projection,bottom,-3,-2,s,1.4514087435690527e-13,-5.548707791739783e-14,1.4513624110025649e-13,-5.549463044825981e-14,8.860462154682336e-18,1e-12,8.860462154682337e-06
E4,scattered_projection,bottom,-3,-2,p,-3.8220114801054743e-14,-6.565017311825909e-14,-3.8104237285064806e-14,-6.575139840548682e-14,1.5386408770839082e-16,1e-12,0.00015386408770839082
E4,scattered_projection,bottom,-3,-1,s,4.205068665438784e-06,2.160737524894491e-06,4.205068665448583e-06,2.1607375248987143e-06,1.0669886130361444e-17,4.72772557712934e-06,2.256875099091552e-12
E4,scattered_projection,bottom,-3,-1,p,-9.833658765781355e-06,-5.024617811733698e-06,-9.833658765822329e-06,-5.0246178117456385e-06,4.2678772617976056e-17,1.1042990033353552e-05,3.864784129033149e-12
E4,scattered_projection,bottom,-3,0,s,9.891071289413054e-07,6.464469788980916e-06,9.891071289199856e-07,6.464469788922576e-06,6.211295850926463e-17,6.539702024127173e-06,9.497827008036286e-12
E4,scattered_projection,bottom,-3,0,p,6.5592832164962465e-15,1.02087299859629e-14,6.559292443158958e-15,1.0208731155671562e-14,9.300511982778774e-21,1e-12,9.300511982778775e-09
E4,scattered_projection,bottom,-3,1,s,4.205068675138487e-06,2.1607375262619956e-06,4.20506867514251e-06,2.1607375262606908e-06,4.228904029301949e-18,4.72772558637406e-06,8.944901627730294e-13
E4,scattered_projection,bottom,-3,1,p,9.833658760247629e-06,5.024617821478552e-06,9.833658760265352e-06,5.024617821471037e-06,1.9250697264600482e-17,1.1042990032830231e-05,1.743250442803006e-12
E4,scattered_projection,bottom,-3,2,s,1.3428276179958097e-13,-3.8598841785295855e-14,1.3426086786970605e-13,-3.860494013538984e-14,2.272738522656454e-17,1e-12,2.2727385226564543e-05
E4,scattered_projection,bottom,-3,2,p,-2.837099704705135e-15,4.824808261516328e-14,-2.9433454060299278e-15,4.848695986643673e-14,2.614392668019765e-16,1e-12,0.00026143926680197654
E4,scattered_projection,bottom,-2,-2,s,-1.505009259860431e-14,-2.1087513259724142e-15,-1.4835291132579604e-14,-2.1637779523916474e-15,2.217376815551326e-16,1e-12,0.00022173768155513262
E4,scattered_projection,bottom,-2,-2,p,5.488119938206604e-14,4.871436608923606e-14,5.5177975253649285e-14,4.9914451946966363e-14,1.2362370257674201e-15,1e-12,0.0012362370257674202
E4,scattered_projection,bottom,-2,-1,s,3.2420243693983044e-06,1.808650296070005e-07,3.242024369373329e-06,1.808650296170068e-07,2.6905129267526316e-17,3.247065470628656e-06,8.285982993227815e-12
E4,scattered_projection,bottom,-2,-1,p,-2.683168580898412e-06,-1.5041246717714213e-07,-2.683168580854566e-06,-1.5041246719357835e-07,4.6825258471518836e-17,2.687381168270025e-06,1.74241224223738e-11
E4,scattered_projection,bottom,-2,0,s,1.887311271110026e-05,4.060557260958742e-05,1.8873112711096567e-05,4.060557260949423e-05,9.326032717679905e-17,4.477730351808451e-05,2.0827588945621386e-12
E4,scattered_projection,bottom,-2,0,p,-2.2634927614140284e-15,2.064728047881105e-15,-2.2633287963963215e-15,2.0648374632587176e-15,1.9711989217159896e-19,1e-12,1.9711989217159896e-07
E4,scattered_projection,bottom,-2,1,s,3.2420243687949492e-06,1.808650364091395e-07,3.2420243687964913e-06,1.808650364108373e-07,2.2935463623453076e-18,3.247065470431137e-06,7.063443540732723e-13
E4,scattered_projection,bottom,-2,1,p,2.6831685812108924e-06,1.5041247561885719e-07,2.6831685812133556e-06,1.5041247562197456e-07,3.9730625634242965e-18,2.6873811690999885e-06,1.4784142305927099e-12
E4,scattered_projection,bottom,-2,2,s,-1.6818526904156005e-14,-5.833934769740224e-16,-1.6829202049683168e-14,-6.187048046273264e-16,3.6889681384705705e-17,1e-12,3.6889681384705703e-05
E4,scattered_projection,bottom,-2,2,p,7.6560843119372e-14,9.214552721062629e-15,7.647953126913556e-14,9.226072933580055e-15,8.212388376909313e-17,1e-12,8.212388376909313e-05
E4,scattered_projection,bottom,-1,-2,s,-4.713974278442917e-14,2.2099497106206055e-13,-4.753626898036478e-14,2.2136544965207954e-13,5.426669418028188e-16,1e-12,0.0005426669418028188
E4,scattered_projection,bottom,-1,-2,p,1.6122962002511852e-13,-8.568973164958336e-14,1.6027514309491233e-13,-8.685174607445636e-14,1.503763190767996e-15,1e-12,0.001503763190767996
E4,scattered_projection,bottom,-1,-1,s,-2.997924787700609e-05,-3.2440331054377496e-05,-2.9979247877018755e-05,-3.244033105437681e-05,1.2683315565952234e-17,4.4171601535254504e-05,2.8713732636181075e-13
E4,scattered_projection,bottom,-1,-1,p,9.298955629494899e-06,1.0057723823820707e-05,9.298955629516733e-06,1.005772382381988e-05,2.185045993961981e-17,1.3697751067819672e-05,1.5951859419429382e-12
E4,scattered_projection,bottom,-1,0,s,-1.7602481828517445e-05,-3.3792649513539298e-06,-1.7602481828548453e-05,-3.3792649513970946e-06,5.314797485535263e-17,1.792391693062985e-05,2.9651986817975614e-12
E4,scattered_projection,bottom,-1,0,p,5.882745216255103e-17,1.4363021511711275e-14,5.883802651339721e-17,1.4362469515108427e-14,5.520978776008537e-19,1e-12,5.520978776008537e-07
E4,scattered_projection,bottom,-1,1,s,-2.9979247846779293e-05,-3.2440331025337174e-05,-2.997924784678245e-05,-3.244033102533382e-05,4.6067679260950694e-18,4.41716014934035e-05,1.0429252665387364e-13
E4,scattered_projection,bottom,-1,1,p,-9.298955614989476e-06,-1.0057723814398936e-05,-9.298955614996202e-06,-1.0057723814388463e-05,1.2446257740366126e-17,1.3697751051037034e-05,9.086351251378481e-13
E4,scattered_projection,bottom,-1,2,s,7.945400216483849e-14,-1.9431662191344905e-13,7.997189440900146e-14,-1.9425175122267236e-13,5.219392522947512e-16,1e-12,0.0005219392522947512
E4,scattered_projection,bottom,-1,2,p,1.1771664768354916e-14,-1.1935138032828064e-13,1.2038169968316282e-14,-1.2037104588919447e-13,1.0539178704814613e-15,1e-12,0.0010539178704814614
E4,scattered_projection,bottom,0,-2,s,3.4466121896287684e-13,-3.779995154390355e-13,3.441307675291605e-13,-3.680280079887313e-13,9.985606619279782e-15,1e-12,0.009985606619279781
E4,scattered_projection,bottom,0,-2,p,1.425182438610481e-13,-2.211915072818082e-13,1.2495069286800202e-13,-2.255980007793389e-13,1.8111765039251544e-14,1e-12,0.018111765039251545
E4,scattered_projection,bottom,0,-1,s,-5.005587699452008e-09,-9.733032847346304e-12,-5.005587931923914e-09,-9.732216865509318e-12,8.484512627003574e-16,5.005597392945965e-09,1.6950050035906202e-07
E4,scattered_projection,bottom,0,-1,p,1.8457411995128453e-09,5.196438025101555e-10,1.845740252712001e-09,5.196428902359222e-10,1.3147912821602068e-15,1.9174946711409928e-09,6.85681844100171e-07
E4,scattered_projection,bottom,0,0,s,3.0061248177124283e-05,-0.19235093731445954,3.0061248177128817e-05,-0.1923509373144598,2.4984131201903825e-16,0.192350939663496,1.298882721634308e-15
E4,scattered_projection,bottom,0,0,p,7.462706379078708e-13,-2.3678253425905176e-13,7.465759357921992e-13,-2.3145734907236025e-13,5.3339295149761854e-15,1e-12,0.005333929514976185
E4,scattered_projection,bottom,0,1,s,-5.005550578062395e-09,-9.819182443977002e-12,-5.0055501570532185e-09,-9.818358304213754e-12,9.25448581082248e-16,5.00555978637108e-09,1.8488413295991772e-07
E4,scattered_projection,bottom,0,1,p,-1.8456914900568628e-09,-5.19610296968008e-10,-1.8456904399155136e-09,-5.196102739566035e-10,1.0503934396027638e-15,1.917437883425896e-09,5.478109349367921e-07
E4,scattered_projection,bottom,0,2,s,-5.150872113045086e-13,3.073677705106101e-13,-5.155718178994179e-13,3.1323812768763877e-13,5.890325707269625e-15,1e-12,0.005890325707269625
E4,scattered_projection,bottom,0,2,p,4.06997464162559e-13,-3.7556482677045396e-13,4.188210781079009e-13,-3.7078667299125906e-13,1.2752591903849134e-14,1e-12,0.012752591903849135
E4,scattered_projection,bottom,1,-2,s,-1.321805342377637e-13,-1.1982280062815774e-13,-1.410799183256828e-13,-1.1897210192547055e-13,8.939951086390864e-15,1e-12,0.008939951086390865
E4,scattered_projection,bottom,1,-2,p,-4.758376222827769e-12,-1.0590223688510823e-12,-4.756644272513919e-12,-1.0708964565489127e-12,1.1999733769772294e-14,4.875703431904825e-12,0.0024611287247805953
E4,scattered_projection,bottom,1,-1,s,1.4164946931689036e-09,-4.2074176410664674e-10,1.4164955522168466e-09,-4.2074164050339524e-10,8.678946549210492e-16,1.477661387972088e-09,5.873433940857925e-07
E4,scattered_projection,bottom,1,-1,p,6.344614775004405e-10,3.7132778709161397e-10,6.344613312846426e-10,3.713284359547327e-10,6.651333748833872e-16,7.35136713981875e-10,9.047750741228608e-07
E4,scattered_projection,bottom,1,0,s,6.94885733592106e-05,-1.4838204340686844e-05,6.948857335797448e-05,-1.4838204338861887e-05,2.2041867266475516e-15,7.105514854905603e-05,3.102078838278404e-11
E4,scattered_projection,bottom,1,0,p,1.2052350862033883e-15,-6.928060494963086e-14,1.23309946756296e-15,-6.92794655185726e-14,2.788766845199112e-17,1e-12,2.788766845199112e-05
E4,scattered_projection,bottom,1,1,s,1.4162891390106977e-09,-4.2093324904781623e-10,1.4162898156939168e-09,-4.209343726177313e-10,1.3116057079377034e-15,1.4775190652202738e-09,8.877081445593154e-07
E4,scattered_projection,bottom,1,1,p,-6.348001169452267e-10,-3.718204801003513e-10,-6.348009601522948e-10,-3.7182094800489274e-10,9.64330244023975e-16,7.35678650217289e-10,1.310803628376536e-06
E4,scattered_projection,bottom,1,2,s,-1.1023933023983633e-13,-2.1770805489863846e-13,-1.0554807121890971e-13,-2.1275799749020695e-13,6.81989586050939e-15,1e-12,0.00681989586050939
E4,scattered_projection,bottom,1,2,p,-3.3669018628549255e-12,-1.4302259547952172e-12,-3.3605065016944526e-12,-1.4361988831341593e-12,8.750800952771283e-15,3.654541172274092e-12,0.0023945005789402472
E4,scattered_projection,bottom,2,-2,s,-1.0936001959365815e-12,-2.2534624246540262e-12,-1.0876155106857326e-12,-2.2538982121985182e-12,6.000530671170884e-15,2.5025915867428036e-12,0.002397726701775079
E4,scattered_projection,bottom,2,-2,p,3.3147915183869527e-12,4.01637330010476e-12,3.3216503166831326e-12,4.024814493274218e-12,1.0876435822077971e-14,5.218476073681985e-12,0.0020842168611120825
E4,scattered_projection,bottom,2,-1,s,-2.2572707556170984e-08,-7.287542122352902e-08,-2.257270835214621e-08,-7.287542048826067e-08,1.083603300555474e-15,7.629124506581245e-08,1.4203507881156038e-08
E4,scattered_projection,bottom,2,-1,p,1.1361758849690087e-07,-1.326597380956942e-07,1.1361758805551085e-07,-1.3265973828882225e-07,4.817920600798691e-16,1.7466414193649073e-07,2.7583913603460323e-09
E4,scattered_projection,bottom,2,0,s,-1.7574406807691986e-05,3.608104354982702e-06,-1.7574406787657464e-05,3.6081043686815807e-06,2.4270173556930142e-14,1.7940964050835168e-05,1.3527797886535725e-09
E4,scattered_projection,bottom,2,0,p,-2.1281579415142303e-13,-1.2237486158725405e-13,-2.1288654825054892e-13,-1.2237795590455308e-13,7.082172931143834e-17,1e-12,7.082172931143834e-05
E4,scattered_projection,bottom,2,1,s,-2.2572644529722562e-08,-7.287470080904762e-08,-2.257265033835096e-08,-7.28747093768529e-08,1.0351205303897331e-14,7.62905486286357e-08,1.356813588310204e-07
E4,scattered_projection,bottom,2,1,p,-1.1361710702997178e-07,1.326595265522895e-07,-1.1361711242993724e-07,1.3265952905827792e-07,5.953117243164051e-15,1.7466367363273074e-07,3.4083316349350384e-08
E4,scattered_projection,bottom,2,2,s,1.2191549454136605e-12,1.467871697048645e-12,1.2139808671932676e-12,1.4879081134197644e-12,2.0693696296882392e-14,1.920317708060747e-12,0.010776183654412134
E4,scattered_projection,bottom,2,2,p,6.035095068052148e-12,5.235878775092551e-12,6.0576962260786865e-12,5.2450832824461514e-12,2.4403591943872707e-14,8.01290098573819e-12,0.003045537688199016
E4,scattered_projection,bottom,3,-2,s,1.0062576731336443e-11,4.97204909872296e-12,1.0078126874301714e-11,4.9345345666541675e-12,4.0609691732157087e-14,1.1221331145814533e-11,0.0036189727586200125
E4,scattered_projection,bottom,3,-2,p,1.1712226990969146e-11,-1.511935096880034e-11,1.1748728502178796e-11,-1.5112755606490693e-11,3.709257506002658e-14,1.9142309250438523e-11,0.0019377272916629345
E4,scattered_projection,bottom,3,-1,s,5.256115027176992e-07,2.087628630036376e-07,5.256115285932705e-07,2.0876294377398523e-07,8.48138800660114e-14,5.655523368206824e-07,1.4996645676119454e-07
E4,scattered_projection,bottom,3,-1,p,3.784547178825918e-07,2.0494698432168307e-06,3.784546814042008e-07,2.0494698503186705e-06,3.716327673473741e-14,2.0841196254634685e-06,1.7831642810077663e-08
E4,scattered_projection,bottom,3,0,s,1.1151565011214762e-07,1.7835896189497465e-06,1.1151571051449694e-07,1.7835898056706285e-06,1.9624762825046066e-13,1.7870725638831076e-06,1.0981514249429058e-07
E4,scattered_projection,bottom,3,0,p,-1.0161715193979984e-12,3.342222841745608e-13,-1.0161862059478547e-12,3.342188513352984e-13,1.5082411348356974e-17,1.0697367179575458e-12,1.4099180756507925e-05
E4,scattered_projection,bottom,3,1,s,5.256119056861362e-07,2.0876034654145394e-07,5.256119660378444e-07,2.08760386606141e-07,7.243968410439063e-14,5.655517994473306e-07,1.2808673613129736e-07
E4,scattered_projection,bottom,3,1,p,-3.784528031917337e-07,-2.049455502296249e-06,-3.7845278746058026e-07,-2.049455525993153e-06,2.844314391509546e-14,2.084105195368159e-06,1.3647652708850407e-08
E4,scattered_projection,bottom,3,2,s,-1.821539550348288e-12,-1.0093074699890281e-12,-1.6718363261336132e-12,-9.488770462084638e-13,1.6144005531022268e-13,1.922343452716303e-12,0.08398085944637272
E4,scattered_projection,bottom,3,2,p,4.885352462994982e-12,-8.911370630146133e-12,4.951620600472787e-12,-9.048825765470915e-12,1.5259547919886564e-13,1.0315027595933847e-11,0.014793511484062178
E4,scattered_projection,bottom,4,-2,s,1.8511577099786127e-11,1.1363032008417534e-11,1.865674857423472e-11,1.151560325372467e-11,2.1060090666506753e-13,2.192449282559128e-11,0.00960573675935821
E4,scattered_projection,bottom,4,-2,p,-5.2500587086905834e-11,-6.626981294389943e-11,-5.25936350705579e-11,-6.617475475334369e-11,1.3301874624821665e-13,8.452921753216578e-11,0.0015736422284708743
E4,scattered_projection,bottom,4,-1,s,4.273588913600204e-07,-1.3252877294537588e-06,4.273601710153627e-07,-1.325289268175677e-06,2.00129531472219e-12,1.392489985641513e-06,1.4372062530849753e-06
E4,scattered_projection,bottom,4,-1,p,2.2548191755765806e-06,1.3655419610661428e-07,2.254819759805206e-06,1.365545172102719e-07,6.666563173350001e-13,2.258950925845565e-06,2.9511766267585426e-07
E4,scattered_projection,bottom,4,0,s,3.0017824272274924e-05,-5.752122673815007e-05,3.0017797572049902e-05,-5.752123080859197e-05,2.7008711807070958e-11,6.488266459395664e-05,4.162700773171795e-07
E4,scattered_projection,bottom,4,0,p,6.4138578650142654e-12,-5.192179540488233e-12,6.414584743725397e-12,-5.192146047795418e-12,7.276499303706241e-16,8.252592199792269e-12,8.817228729525013e-05
E4,scattered_projection,bottom,4,1,s,4.273684574776681e-07,-1.3253052139370929e-06,4.2736978550066297e-07,-1.3253068749532776e-06,2.126645207991261e-12,1.3925096934518283e-06,1.527203162743965e-06
E4,scattered_projection,bottom,4,1,p,-2.2548333481799363e-06,-1.366228555119204e-07,-2.254833970100941e-06,-1.3662319374308872e-07,7.079449550782116e-13,2.2589692626925523e-06,3.1339291187804155e-07
E4,scattered_projection,bottom,4,2,s,-1.1734398220190524e-11,-1.2445643759382141e-11,-1.1912715228883413e-11,-1.2314460851887084e-11,2.2137278696361153e-13,1.7133555678758872e-11,0.012920423005836196
E4,scattered_projection,bottom,4,2,p,-3.290067107164076e-11,-2.786218295882719e-11,-3.2775548806735284e-11,-2.7751907443010074e-11,1.667821050466954e-13,4.294653613864667e-11,0.0038834821161889176
E4,scattered_projection,bottom,5,-2,s,-1.923501268548302e-11,-6.62090015625793e-11,-1.9450734569788623e-11,-6.641069757284523e-11,2.953256032340541e-13,6.920051898227557e-11,0.004267679022894269
E4,scattered_projection,bottom,5,-2,p,3.1572669829186204e-10,1.0986711342631638e-10,3.158444598755265e-10,1.0975494365684567e-10,1.626340916606231e-13,3.3437085771816366e-10,0.00048638835564343655
E4,scattered_projection,bottom,5,-1,s,-6.300177105920751e-06,1.1740790749575515e-05,-6.300297506318453e-06,1.1740879074452066e-05,1.4932360692265931e-10,1.332448836199833e-05,1.1206704742865235e-05
E4,scattered_projection,bottom,5,-1,p,-1.1154028946828106e-05,1.0353966991606411e-05,-1.115403984978481e-05,1.035396894998506e-05,1.1077441574151467e-11,1.5218977560527588e-05,7.278702876126359e-07
E4,scattered_projection,bottom,5,0,s,0.00312123579533065,0.0025991351226051533,0.00312124251901171,0.002599137653297009,7.184169281749717e-09,0.004061732561761403,1.7687450299864754e-06
E4,scattered_projection,bottom,5,0,p,-5.433713840569095e-11,2.121664637601821e-11,-5.4339294918233297e-11,2.1216460506081462e-11,2.1645077913200236e-15,5.833435667440629e-11,3.710519691510858e-05
E4,scattered_projection,bottom,5,1,s,-6.3001229108737275e-06,1.1740737284255042e-05,-6.300243550021099e-06,1.1740825055851446e-05,1.4919000306266246e-10,1.3324415251022898e-05,1.1196739237859563e-05
E4,scattered_projection,bottom,5,1,p,1.1154045051623346e-05,-1.0353839501236979e-05,1.1154055778998017e-05,-1.0353841370861695e-05,1.088908002982807e-11,1.521890243920258e-05,7.154970651351794e-07
E4,scattered_projection,bottom,5,2,s,-6.584067717251406e-12,4.819621187868864e-11,-6.444661083957151e-12,4.666547751658429e-11,1.5370692556724496e-12,4.710839042397761e-11,0.03262835435128982
E4,scattered_projection,bottom,5,2,p,1.2024778478460944e-10,2.397730789685228e-10,1.1920242917363502e-10,2.396787294164047e-10,1.049604778657463e-12,2.6768472585404946e-10,0.003921048447230949
E4,scattered_projection,bottom,6,-2,s,4.055534060417741e-10,4.606767059021344e-11,4.0225450571125196e-10,4.1387756229657226e-11,5.725761243088931e-12,4.0437808265375757e-10,0.014159425272292823
E4,scattered_projection,bottom,6,-2,p,-1.4775656772141069e-09,-9.324858802229626e-10,-1.4746220793927756e-09,-9.345917039969035e-10,3.6192902481896944e-12,1.7458441884121589e-09,0.0020730889229476027
E4,scattered_projection,bottom,6,-1,s,7.721273230012907e-05,-0.0004885106786713585,7.721526523381645e-05,-0.0004885152491940866,5.225459891011568e-09,0.000494579969145829,1.0565449911035154e-05
E4,scattered_projection,bottom,6,-1,p,-0.0006414608012102076,-0.0007756249721035617,-0.0006414580179705325,-0.000775623237865098,3.2793301355871257e-09,0.001006508716273745,3.2581239313333776e-06
E4,scattered_projection,bottom,6,0,s,-0.0005173643475761204,0.0011784385864915857,-0.0005174482253355205,0.0011797864688345445,1.3504896478618197e-06,0.0012882735648719814,0.0010482941548179798
E4,scattered_projection,bottom,6,0,p,-4.8117191693609004e-11,2.0477012268130851e-10,-4.8118380437807414e-11,2.0477009818028024e-10,1.188996665108874e-15,2.1034773981366947e-10,5.652528837068146e-06
E4,scattered_projection,bottom,6,1,s,7.721273028795796e-05,-0.0004885107049084172,7.721526280702114e-05,-0.0004885152743144859,5.2242822115535715e-09,0.0004945799935793145,1.0563068218237112e-05
E4,scattered_projection,bottom,6,1,p,0.000641462167126493,0.0007756273744527393,0.0006414593840807896,0.0007756256403766062,3.279079660919186e-09,0.001006511438303076,3.2578662657302115e-06
E4,scattered_projection,bottom,6,2,s,3.758960335116611e-10,1.5982088368428979e-10,3.747714239196861e-10,1.552806690545407e-10,4.6774240366412985e-12,4.0566698949854775e-10,0.011530206198002817
E4,scattered_projection,bottom,6,2,p,-1.2659659365217465e-09,-1.4202780708095502e-09,-1.268924735056678e-09,-1.4195178794281625e-09,3.0548943855147268e-12,1.903996059148991e-09,0.0016044646578103425
E4,scattered_projection,bottom,7,-2,s,2.356397099641174e-10,-1.572274217290556e-10,2.2942249246729928e-10,-1.6581809713345916e-10,1.0604409333223873e-11,2.830729965695585e-10,0.037461748247746014
E4,scattered_projection,bottom,7,-2,p,2.0479837953842025e-09,-1.3709584614367101e-09,2.0528378083937688e-09,-1.373543355506684e-09,5.499374478067962e-12,2.4699725539016607e-09,0.002226492140319918
E4,scattered_projection,bottom,7,-1,s,-0.0037362219718901552,-0.0008367455728753963,-0.0037364979989618057,-0.0008369094305849404,3.2099889915851216e-07,0.003829077524841667,8.383191436474912e-05
E4,scattered_projection,bottom,7,-1,p,-0.009843243052790074,-0.0011592285953437647,-0.009843156590952605,-0.0011593324693828003,1.3514978847230109e-07,0.009911194854737694,1.3636074202264074e-05
E4,scattered_projection,bottom,7,0,s,0.0003938705166690209,-0.004900676936208788,0.00039396008668178686,-0.0049068440511429974,6.1677653488873015e-06,0.004922633755636889,0.0012529401241407848
E4,scattered_projection,bottom,7,0,p,-6.737779564654576e-10,-4.857153483026174e-11,-6.73753751925046e-10,-4.8570902782926395e-11,2.421279125527112e-14,6.755022211882245e-10,3.5844132699786304e-05
E4,scattered_projection,bottom,7,1,s,-0.00373622233084992,-0.0008367455284072163,-0.0037364983489304904,-0.0008369093834155258,3.209897888561757e-07,0.003829077856039132,8.382952787181334e-05
E4,scattered_projection,bottom,7,1,p,0.009843237124584115,0.0011592065283900074,0.009843150663542997,0.001159310399868113,1.3514731072095212e-07,0.009911186386525547,1.3635835857621198e-05
E4,scattered_projection,bottom,7,2,s,-3.542992539324722e-10,2.758537703041569e-10,-3.619644510558198e-10,2.804615072297341e-10,8.943516451324041e-12,4.5790492557485683e-10,0.019531382939583567
E4,scattered_projection,bottom,7,2,p,3.529797505847054e-09,-7.58404017504861e-11,3.532322527902366e-09,-7.215081231530612e-11,4.470884317448112e-12,3.533059323142526e-09,0.001265442753299547
E4,scattered_projection,bottom,8,-2,s,-2.1677847263415993e-09,9.921985339195056e-10,-2.1603669880312904e-09,9.96443811098452e-10,8.546649633997335e-12,2.3790934810662227e-09,0.0035923975673990915
E4,scattered_projection,bottom,8,-2,p,8.361205008998314e-09,5.176971688692191e-09,8.36004543349895e-09,5.1799302804527345e-09,3.1777162466590867e-12,9.834736262885639e-09,0.00032311148583121267
E4,scattered_projection,bottom,8,-1,s,-0.012065564640853987,0.019062473575420867,-0.01207077097194235,0.019072171241026597,1.1006843398640716e-05,0.022571026288233507,0.00048765365199094593
E4,scattered_projection,bottom,8,-1,p,-0.050575833109808725,0.07139640510691775,-0.05057791054396957,0.0713940615890524,3.131742115476285e-06,0.08749421160954132,3.579370632485093e-05
E4,scattered_projection,bottom,8,0,s,-0.0370306441773651,0.036881817378095975,-0.03704387594231954,0.03701543029550408,0.00013426649359432456,0.05236784151357855,0.0025639111659683427
E4,scattered_projection,bottom,8,0,p,1.213621097649299e-09,-1.194699238327549e-09,1.2135558268617451e-09,-1.1946862506760082e-09,6.655039293986804e-14,1.7029365761719934e-09,3.907978363437687e-05
E4,scattered_projection,bottom,8,1,s,-0.012065571046611436,0.01906247823443314,-0.012070777372563879,0.01907217591273734,1.1006852157399044e-05,0.022571033658749403,0.0004876538808018818
E4,scattered_projection,bottom,8,1,p,0.05057575929232345,-0.07139660442223275,0.050577836729735245,-0.0713942609051692,3.131743671993232e-06,0.08749433157899504,3.579367503557312e-05
E4,scattered_projection,bottom,8,2,s,1.941441291313574e-09,-1.7288084307709804e-10,1.9495068118391545e-09,-1.5283948487576462e-10,2.1603440927378083e-11,1.955488869194697e-09,0.011047590844265322
E4,scattered_projection,bottom,8,2,p,-3.616860773961903e-10,1.017136329351679e-08,-3.5122828781814086e-10,1.016787698658966e-08,1.1023597364241906e-11,1.0173941405600058e-08,0.0010835129597045027
E4,outgoing_origin,top,-8,-2,s,0.0,0.0,9.299318426250227e+16,8.368952251872413e+16,1.2510662851620506e+17,1.2510662851620506e+17,1.0
E4,outgoing_origin,top,-8,-2,p,0.0,0.0,1.0344720306110046e+17,4.34749113367457e+16,1.1221137080038925e+17,1.1221137080038925e+17,1.0
E4,outgoing_origin,top,-8,-1,s,-1360209300109.3142,-10727736596956.754,-1360339809750.4614,-10727357570855.262,400866002.6052862,10813266150935.97,3.707168555826106e-05
E4,outgoing_origin,top,-8,-1,p,-1487693217346.9465,12470149705238.57,-1487957998399.9988,12469999736391.385,304301924.3804059,12558459795317.408,2.423083159400399e-05
E4,outgoing_origin,top,-8,0,s,-1055591303.688198,58763821.224728934,-1054452118.6576338,57636898.14060692,1602403.8727451365,1056026175.1343303,0.0015173902981536467
E4,outgoing_origin,top,-8,0,p,9.520945675847935,4.207326925990044,9.519922504626539,4.2063219917248205,0.0014341451201720997,10.407788871425222,0.00013779537016835264
E4,outgoing_origin,top,-8,1,s,-1360207749241.5076,-10727734428787.164,-1360338279651.3857,-10727355321985.695,400949067.61686116,10813263727442.318,3.7079375637469855e-05
E4,outgoing_origin,top,-8,1,p,1487693554834.955,-12470149150066.04,1487958404559.963,-12469999167604.928,304368387.7765971,12558459278660.27,2.423612491173893e-05
E4,outgoing_origin,top,-8,2,s,0.0,0.0,-1.750198712729339e+17,-7.212148601047206e+16,1.892972902203121e+17,1.892972902203121e+17,1.0
E4,outgoing_origin,top,-8,2,p,0.0,0.0,2.5726069676141693e+17,3.91199046042339e+16,2.602180490173848e+17,2.602180490173848e+17,1.0
E4,outgoing_origin,top,-7,-2,s,2223481706.9327526,-88236086566.35606,2494430174.3324604,-88227424552.94789,271086890.9824558,88262679684.79504,0.0030713648390300998
E4,outgoing_origin,top,-7,-2,p,99280647694.90321,-94781496612.24287,98717683781.58519,-94037363044.94452,933093314.5610458,136338573924.06505,0.006843942163284913
E4,outgoing_origin,top,-7,-1,s,0.11883012312997157,0.6282750906825668,0.11883164899935332,0.6282730198734132,2.5722612466050265e-06,0.6394121896748323,4.022853001775159e-06
E4,outgoing_origin,top,-7,-1,p,-0.06522218928807276,-0.3505929450787791,-0.06521900998715265,-0.35058903343328374,5.040726616461867e-06,0.35660368706364837,1.4135374364657573e-05
E4,outgoing_origin,top,-7,0,s,1.1650450921224673e-05,1.7622140578418113e-05,1.165056281252943e-05,1.762214141709615e-05,1.1189444785697267e-10,2.1125233299843798e-05,5.2967201009704364e-06
E4,outgoing_origin,top,-7,0,p,-5.898282774780749e-15,4.023566817082012e-15,-5.89757703272542e-15,4.02351756988034e-15,7.074582217575783e-19,1e-12,7.074582217575783e-07
E4,outgoing_origin,top,-7,1,s,0.11883016021954566,0.6282749274720959,0.11883168554794811,0.6282728577109469,2.571096643327022e-06,0.6394120371297729,4.0210325956144e-06
E4,outgoing_origin,top,-7,1,p,0.06522194860705911,0.3505929198859569,0.06521877194657137,0.35058900913626095,5.0383663065412645e-06,0.3566036196414222,1.4128758175835467e-05
E4,outgoing_origin,top,-7,2,s,4248109899.7015095,70412383775.13937,3831414536.812691,69857240460.2209,694131922.2969896,69962231111.29335,0.009921523531643666
E4,outgoing_origin,top,-7,2,p,85425629830.55545,-101921609665.91756,83852994505.0428,-100909983214.86006,1869911747.5243208,131202703477.80978,0.01425208244920485
E4,outgoing_origin,top,-6,-2,s,24070.64489450819,49715.085081699544,22280.565689303767,51059.47076766208,2238.695252491116,55709.004321645516,0.0401855190153036
E4,outgoing_origin,top,-6,-2,p,-81527.62074801745,97877.4356070982,-85758.75951862174,91439.9836368619,7703.461765025516,125362.8152271732,0.061449336081563534
E4,outgoing_origin,top,-6,-1,s,2.23799106272636e-07,-6.985011905490343e-07,2.2379911194488144e-07,-6.985012098377027e-07,2.0105399666360305e-14,7.334780042046605e-07,2.741104648142979e-08
E4,outgoing_origin,top,-6,-1,p,5.051721854678234e-08,3.874437635015307e-07,5.051719414672394e-08,3.874438070450745e-07,4.9913956524388307e-14,3.907232915018488e-07,1.2774758405758396e-07
E4,outgoing_origin,top,-6,0,s,-2.4329726463199005e-06,1.056497953387214e-06,-2.43301301760612e-06,1.0565831081662676e-06,9.42399975949706e-11,2.6525309061918823e-06,3.552833159266245e-05
E4,outgoing_origin,top,-6,0,p,5.494915777199629e-15,6.920970870897523e-15,5.494887269451074e-15,6.9210303189417466e-15,6.592997565333466e-20,1e-12,6.592997565333467e-08
E4,outgoing_origin,top,-6,1,s,2.2379909429767141e-07,-6.985012062942369e-07,2.2379909990874511e-07,-6.985012255365915e-07,2.0043761107096596e-14,7.334780154824578e-07,2.7327010058934713e-08
E4,outgoing_origin,top,-6,1,p,-5.0517207278164705e-08,-3.874437354743354e-07,-5.0517183004111263e-08,-3.8744377893912404e-07,4.978370738421841e-14,3.907232621911571e-07,1.2741423969751326e-07
E4,outgoing_origin,top,-6,2,s,-24695.113378342154,-63851.114632832134,-26062.643229789177,-63259.04978722823,1490.1941739245574,68417.60557127307,0.02178085832559821
E4,outgoing_origin,top,-6,2,p,-83601.75810963678,66640.55820116767,-82334.23105379227,71321.37334180473,4849.397407731704,108929.62819444647,0.04451862627379224
E4,outgoing_origin,top,-5,-2,s,-0.1259214207853039,-0.12009946094745295,-0.1265278846778458,-0.12017226602254594,0.000610818329715422,0.17450122957172476,0.003500366909818014
E4,outgoing_origin,top,-5,-2,p,0.5716199048626173,-0.11799716077883186,0.5714392953773985,-0.12578276834019347,0.0077877021569704415,0.5851189392873387,0.013309605336746888
E4,outgoing_origin,top,-5,-1,s,-1.178382290711014e-06,-1.5482624526145292e-06,-1.1783822937396316e-06,-1.548262455548845e-06,4.216957906535899e-15,1.945687914713255e-06,2.167335200392285e-09
E4,outgoing_origin,top,-5,-1,p,1.5309933323753607e-06,1.6887023059474555e-06,1.5309933379774253e-06,1.688702314905407e-06,1.056541636308302e-14,2.2793981901585643e-06,4.635178008256664e-09
E4,outgoing_origin,top,-5,0,s,1.1146740788913572e-05,-2.653117010748724e-06,1.1146740192023823e-05,-2.653116212897952e-06,9.964151878964345e-13,1.1458134339744027e-05,8.696138117705944e-08
E4,outgoing_origin,top,-5,0,p,-4.953525437166723e-15,1.092402890333971e-14,-4.953270310039031e-15,1.0923700394334297e-14,4.159423252346574e-19,1e-12,4.159423252346574e-07
E4,outgoing_origin,top,-5,1,s,-1.1783823019332074e-06,-1.5482624640056574e-06,-1.1783823050204498e-06,-1.548262466958628e-06,4.27213067132393e-15,1.945687930624571e-06,2.1956916132756007e-09
E4,outgoing_origin,top,-5,1,p,-1.5309933326777115e-06,-1.6887023031189129e-06,-1.5309933384083612e-06,-1.688702312106846e-06,1.0659422458353368e-14,2.279398188374683e-06,4.676419641253657e-09
E4,outgoing_origin,top,-5,2,s,0.10380485634655105,0.27887384536474635,0.10318747117067396,0.27801726595515686,0.0010558848139477506,0.2965489072240515,0.003560575636011359
E4,outgoing_origin,top,-5,2,p,0.48529030507105847,-0.3682223979946092,0.47941583425406803,-0.3634960730007,0.007539731780887364,0.6016385436626,0.012531995930625848
E4,outgoing_origin,top,-4,-2,s,-0.0026628243084163496,-0.0012575375801710143,-0.0026624489410704867,-0.0012572949355678642,4.4696425783051936e-07,0.002944388717342185,0.000151802054938582
E4,outgoing_origin,top,-4,-2,p,0.0004273399942352575,-0.0019914143232980753,0.0004182939932476081,-0.0019771939705781902,1.6853740396318473e-05,0.0020209566700149163,0.008339486267260781
E4,outgoing_origin,top,-4,-1,s,3.076432019655154e-07,-1.2831978331156352e-06,3.0764320190726645e-07,-1.283197833208171e-06,1.0934266662672032e-16,1.3195609189536875e-06,8.286291679009472e-11
E4,outgoing_origin,top,-4,-1,p,-1.6076323297289696e-06,7.229615926973183e-06,-1.6076323297604814e-06,7.22961592776752e-06,7.949621308060928e-16,7.406202007150557e-06,1.073373545629151e-10
E4,outgoing_origin,top,-4,0,s,-1.9006783808508905e-06,4.674519755343765e-06,-1.9006783834802898e-06,4.674519771234977e-06,1.610727682233374e-14,5.046158282207956e-06,3.191988027629995e-09
E4,outgoing_origin,top,-4,0,p,-2.0435655226710974e-15,-2.756088794431861e-15,-2.043478285745693e-15,-2.7566241621527528e-15,5.424286844615043e-19,1e-12,5.424286844615043e-07
E4,outgoing_origin,top,-4,1,s,3.076432179844181e-07,-1.2831978368963557e-06,3.076432179427391e-07,-1.283197837016094e-06,1.267848274725585e-16,1.3195609263951953e-06,9.608107131431361e-11
E4,outgoing_origin,top,-4,1,p,1.607632308659368e-06,-7.229615915127603e-06,1.6076323088211544e-06,-7.229615916133007e-06,1.0183374098462255e-15,7.406201991248236e-06,1.3749792552911396e-10
E4,outgoing_origin,top,-4,2,s,-0.0026479669897990724,-0.0012181870925774428,-0.002648079800008545,-0.0012187929171454154,6.162382254618693e-07,0.0029150956763195827,0.0002113955402794508
E4,outgoing_origin,top,-4,2,p,-0.0014455540093296548,0.001837235381331351,-0.001467663148661368,0.0018367997664363262,2.2113430360888764e-05,0.0023511419565647547,0.009405399916047018
E4,outgoing_origin,top,-3,-2,s,0.0135398462609742,-0.006458882138431448,0.013536884005227805,-0.00645804293354906,3.0788348350754015e-06,0.014998451490155754,0.0002052768472196078
E4,outgoing_origin,top,-3,-2,p,0.006078095377437424,0.005167110047031009,0.006084447557094745,0.00521785567047599,5.114165117806322e-05,0.008015392683640312,0.006380429904881024
E4,outgoing_origin,top,-3,-1,s,1.071157321318563e-06,-4.6900384048658015e-06,1.07115732136207e-06,-4.6900384048390395e-06,5.107899802074458e-17,4.810804324224036e-06,1.0617558848432985e-11
E4,outgoing_origin,top,-3,-1,p,2.47616453056035e-06,-1.0962830395676986e-05,2.476164530706553e-06,-1.0962830395590192e-05,1.7002490105321717e-16,1.1238996443882584e-05,1.5128121260841058e-11
E4,outgoing_origin,top,-3,0,s,-3.488459221553767e-06,-6.991323257288927e-07,-3.488459221961693e-06,-6.991323252541044e-07,6.259612351891922e-16,3.557827110963206e-06,1.7593919425155162e-10
E4,outgoing_origin,top,-3,0,p,8.270870166980742e-15,1.6980218581441753e-15,8.270912622280307e-15,1.6979972338780965e-15,4.9079598012259653e-20,1e-12,4.9079598012259655e-08
E4,outgoing_origin,top,-3,1,s,1.07115731383018e-06,-4.6900384068624004e-06,1.0711573137548148e-06,-4.6900384068271105e-06,8.321832595910925e-17,4.8108043244683954e-06,1.7298214673968278e-11
E4,outgoing_origin,top,-3,1,p,-2.476164517202701e-06,1.0962830401260745e-05,-2.4761645169228828e-06,1.096283040115009e-05,3.009030989570526e-16,1.1238996446269062e-05,2.6773128757144637e-11
E4,outgoing_origin,top,-3,2,s,0.01274974127678075,-0.007002785972906063,0.012746912863683815,-0.007013086039183242,1.068135225339869e-05,0.014548785631362323,0.00073417483245978
E4,outgoing_origin,top,-3,2,p,-0.0033799828102956597,-0.004789659556927686,-0.0032529958251335898,-0.00479852108161385,0.00012729580126742302,0.0057972223011567466,0.021958067959895744
E4,outgoing_origin,top,-2,-2,s,14.14525143542641,23.04139055144167,14.12745479605132,22.35686347286756,0.6847583819671379,26.44644254637877,0.02589226814783449
E4,outgoing_origin,top,-2,-2,p,45.44703585383514,-21.174245330150804,41.973407402221746,-21.431180122739622,3.483117871605944,47.12814881157749,0.07390737721381244
E4,outgoing_origin,top,-2,-1,s,-1.8776320365995168e-06,-5.730810214295773e-06,-1.8776320366572488e-06,-5.7308102142466825e-06,7.57818129594519e-17,6.030562807632116e-06,1.256629196590814e-11
E4,outgoing_origin,top,-2,-1,p,-1.5546660486809929e-06,-4.743527320668229e-06,-1.5546660487673369e-06,-4.743527320587694e-06,1.1807277196893288e-16,4.991797067625216e-06,2.365335977592224e-11
E4,outgoing_origin,top,-2,0,s,-2.2696711573406393e-05,1.814578372368513e-05,-2.269671157268185e-05,1.8145783722940725e-05,1.0387982422191235e-15,2.905873677800277e-05,3.574822436897826e-11
E4,outgoing_origin,top,-2,0,p,-7.32521954721866e-16,1.3648865383617564e-14,-7.320239520548195e-16,1.3647849889098163e-14,1.1310330566877094e-18,1e-12,1.1310330566877093e-06
E4,outgoing_origin,top,-2,1,s,-1.877632045050784e-06,-5.730810211733459e-06,-1.8776320451000855e-06,-5.730810211751305e-06,5.243212478880305e-17,6.030562807889473e-06,8.694399919060425e-12
E4,outgoing_origin,top,-2,1,p,1.5546660528024866e-06,4.743527318324191e-06,1.554666052911563e-06,4.743527318355532e-06,1.1348980430843383e-16,4.991797066794766e-06,2.2735260025565433e-11
E4,outgoing_origin,top,-2,2,s,-20.421828962978708,-17.78551839663765,-20.486081810729456,-18.276457453943987,0.4951258288888966,27.45375101915447,0.018034906361008646
E4,outgoing_origin,top,-2,2,p,48.75148007711648,-38.48424238993795,50.61394947765466,-38.17261043239578,1.8883608619388907,63.39495302427496,0.029787242861680274
E4,outgoing_origin,top,-1,-2,s,-16868034.164589673,-14706935.896824257,-17274763.758699436,-14511196.264375782,451378.96100256656,22560857.251933247,0.020007172420892286
E4,outgoing_origin,top,-1,-2,p,-45669859.76724472,16896356.55211224,-44867407.46137608,17837367.548660085,1236701.8229217038,48283081.23319324,0.025613564655262856
E4,outgoing_origin,top,-1,-1,s,4.044779178088919e-05,-3.108835010562845e-05,4.0447791781008685e-05,-3.1088350105672566e-05,1.2737538161721066e-16,5.101479562100298e-05,2.496832145785756e-12
E4,outgoing_origin,top,-1,-1,p,1.2547286356931369e-05,-9.637710961914062e-06,1.2547286357143507e-05,-9.63771096198892e-06,2.249578513324357e-16,1.582150016638754e-05,1.4218490596129066e-11
E4,outgoing_origin,top,-1,0,s,6.187385484774439e-05,4.202501106706334e-05,6.187385484734156e-05,4.202501106733548e-05,4.861341191885839e-16,7.479622630106122e-05,6.499447140980782e-12
E4,outgoing_origin,top,-1,0,p,-9.732804118557727e-15,-7.285873815308999e-15,-9.73358279306566e-15,-7.28290272821875e-15,3.0714316673413166e-18,1e-12,3.0714316673413167e-06
E4,outgoing_origin,top,-1,1,s,4.044779177353048e-05,-3.1088350137573575e-05,4.0447791773500456e-05,-3.1088350137481195e-05,9.713779157071466e-17,5.101479563443412e-05,1.9041101775020793e-12
E4,outgoing_origin,top,-1,1,p,-1.2547286328217074e-05,9.637710917908475e-06,-1.2547286328153884e-05,9.637710917741958e-06,1.7810325569862572e-16,1.5821500116444077e-05,1.1257039748937214e-11
E4,outgoing_origin,top,-1,2,s,18794058.026436318,19598219.33683554,18952558.09972252,19644274.594090447,165055.62684303406,27296464.65847519,0.006046776712961123
E4,outgoing_origin,top,-1,2,p,-43755836.748335935,23051794.79907389,-43858141.60128114,23788963.78958871,744234.1053141662,49894402.320304334,0.014916184395524926
E4,outgoing_origin,top,0,-2,s,22939363865519.223,37999370208340.61,19512778848196.35,42121449444615.305,5360319217273.217,46421601024672.79,0.11547036506613033
E4,outgoing_origin,top,0,-2,p,29559178004592.32,29633197454803.902,33811242647389.133,34770328748158.395,6668595928055.9795,48499235979710.4,0.1374989892798678
E4,outgoing_origin,top,0,-1,s,-68088.84663574593,4960.708035915853,-68088.90928741518,4960.713831241018,0.06291913424786086,68269.38002988836,9.216303739731464e-07
E4,outgoing_origin,top,0,-1,p,-26573.418965048593,-3837.233928338019,-26573.43988561117,-3837.1321781339993,0.10387865014768513,26849.04636493933,3.868988445091832e-06
E4,outgoing_origin,top,0,0,s,0.2293018754608971,-0.15345143803877903,0.2293018754608971,-0.15345143803877934,3.0531133177191805e-16,0.27591066294374,1.1065586538573648e-15
E4,outgoing_origin,top,0,0,p,2.3944100633791153e-13,-1.226120066566543e-12,2.354965884174067e-13,-1.2400682391744902e-12,1.4495169948389356e-14,1.2622313104045384e-12,0.011483766746162976
E4,outgoing_origin,top,0,1,s,-68089.27270984801,4960.923682272452,-68089.26901226607,4960.995161307932,0.07157460880285167,68269.75924679432,1.0484086891841872e-06
E4,outgoing_origin,top,0,1,p,26573.463127078427,3836.667319032915,26573.395970561975,3836.6424973328335,0.07159688887741852,26848.932922196735,2.6666567749598513e-06
E4,outgoing_origin,top,0,2,s,-23841837169652.453,-16957757321962.12,-25226634952083.81,-13493255212512.303,3731010555413.7783,28608583453846.273,0.1304157740432326
E4,outgoing_origin,top,0,2,p,58510238242540.69,-29286459970559.445,53141081058728.96,-37530243033995.66,9838079490503.967,65057617834356.5,0.15122102250274128
E4,outgoing_origin,top,1,-2,s,0.0,0.0,-4.63806511801597e+19,-1.668445412205719e+20,1.7317120355012483e+20,1.7317120355012483e+20,1.0
E4,outgoing_origin,top,1,-2,p,0.0,0.0,7.334652075186965e+19,-9.333952564526945e+19,1.1870964221194655e+20,1.1870964221194655e+20,1.0
E4,outgoing_origin,top,1,-1,s,182301329577459.56,-68733654240661.0,178624171966746.2,-75878061447400.81,8035175320411.065,194072344809406.7,0.04140298984021756
E4,outgoing_origin,top,1,-1,p,-126384700796522.03,32572241618075.434,-66645582082007.695,-103834379357217.45,148914500807288.9,123382381025607.42,1.206934892724938
E4,outgoing_origin,top,1,0,s,409029455367557.8,-377675602199006.4,409029455223599.75,-377675602262941.44,157517.03392215335,556726104817432.0,2.8293452122890506e-10
E4,outgoing_origin,top,1,0,p,-43065.924123939636,-1889.6851040599809,-44109.506192120694,-2922.429209836109,1468.2043185620962,44206.21143006079,0.033212624901931734
E4,outgoing_origin,top,1,1,s,182326545418671.44,-68744664687469.89,178649863882137.03,-75889044855482.7,8034933422635.671,194100285919891.28,0.04139578354846852
E4,outgoing_origin,top,1,1,p,126373783390688.84,-32583958427467.266,66634666527171.125,103823047674575.3,148914852843347.03,123366948619249.05,1.2070887260326688
E4,outgoing_origin,top,1,2,s,0.0,0.0,4.646247498162836e+19,7.992372103440497e+19,9.244762174011741e+19,9.244762174011741e+19,1.0
E4,outgoing_origin,top,1,2,p,0.0,0.0,-1.0867544793305442e+20,1.2210531657680153e+19,1.0935927060296824e+20,1.0935927060296824e+20,1.0
E4,outgoing_origin,top,2,-2,s,0.0,0.0,-2.5191590072234595e+26,1.2946912776527173e+26,2.832381967197417e+26,2.832381967197417e+26,1.0
E4,outgoing_origin,top,2,-2,p,0.0,0.0,1.0442432006818686e+27,1.9245430336661282e+26,1.0618297985339466e+27,1.0618297985339466e+27,1.0
E4,outgoing_origin,top,2,-1,s,0.0,0.0,-8.794907499527538e+23,-2.663050867191819e+24,2.8045220449309284e+24,2.8045220449309284e+24,1.0
E4,outgoing_origin,top,2,-1,p,0.0,0.0,-4.0799952563417727e+24,4.841221532129933e+24,6.331175816144254e+24,6.331175816144254e+24,1.0
E4,outgoing_origin,top,2,0,s,0.0,0.0,-5.3715219090777e+23,5.005749901367892e+23,7.342396045893084e+23,7.342396045893084e+23,1.0
E4,outgoing_origin,top,2,0,p,0.0,0.0,1.4306407005885416e+16,-7970752712908990.0,1.6377001564034648e+16,1.6377001564034648e+16,1.0
E4,outgoing_origin,top,2,1,s,0.0,0.0,-8.795040557243567e+23,-2.663059944681541e+24,2.804534837188307e+24,2.804534837188307e+24,1.0
E4,outgoing_origin,top,2,1,p,0.0,0.0,4.079981592702204e+24,-4.84122152165379e+24,6.331167002892331e+24,6.331167002892331e+24,1.0
E4,outgoing_origin,top,2,2,s,0.0,0.0,2.6625121911619868e+26,-3.636056718658705e+26,4.506648380935583e+26,4.506648380935583e+26,1.0
E4,outgoing_origin,top,2,2,p,0.0,0.0,-1.3104723631147129e+26,-6.082042388648793e+25,1.4447318819285005e+26,1.4447318819285005e+26,1.0
E4,outgoing_origin,top,3,-2,s,0.0,0.0,-1.8122425409272925e+33,2.448621992027137e+33,3.046304759374142e+33,3.046304759374142e+33,1.0
E4,outgoing_origin,top,3,-2,p,0.0,0.0,-1.1271325153518413e+34,-8.076846774582758e+33,1.3866442389323398e+34,1.3866442389323398e+34,1.0
E4,outgoing_origin,top,3,-1,s,0.0,0.0,7.845569859383633e+32,2.953150637387196e+32,8.382962788034391e+32,8.382962788034391e+32,1.0
E4,outgoing_origin,top,3,-1,p,0.0,0.0,-5.875411430236478e+32,-2.9913819807463157e+33,3.0485358370009834e+33,3.0485358370009834e+33,1.0
E4,outgoing_origin,top,3,0,s,0.0,0.0,6.977901542979473e+30,9.160979795928044e+30,1.1515843901552205e+31,1.1515843901552205e+31,1.0
E4,outgoing_origin,top,3,0,p,0.0,0.0,-6.529685316553602e+24,4.1659684062693067e+24,7.745455641552002e+24,7.745455641552002e+24,1.0
E4,outgoing_origin,top,3,1,s,0.0,0.0,7.845573465755045e+32,2.9531650606156548e+32,8.382971244242741e+32,8.382971244242741e+32,1.0
E4,outgoing_origin,top,3,1,p,0.0,0.0,5.875399958862517e+32,2.991385158402518e+33,3.0485387339964825e+33,3.0485387339964825e+33,1.0
E4,outgoing_origin,top,3,2,s,0.0,0.0,4.221066354480402e+32,2.4597063058404876e+33,2.4956620609931794e+33,2.4956620609931794e+33,1.0
E4,outgoing_origin,top,3,2,p,0.0,0.0,4.1979193620199453e+33,2.2913415220619164e+33,4.782548791256287e+33,4.782548791256287e+33,1.0
E4,outgoing_origin,top,4,-2,s,0.0,0.0,8.569118931712935e+39,-1.089392691569199e+40,1.3860282930383472e+40,1.3860282930383472e+40,1.0
E4,outgoing_origin,top,4,-2,p,0.0,0.0,3.375638451891783e+40,5.170415169356063e+40,6.174797808948698e+40,6.174797808948698e+40,1.0
E4,outgoing_origin,top,4,-1,s,0.0,0.0,1.557302501609906e+40,-4.072200692730697e+40,4.359817606666229e+40,4.359817606666229e+40,1.0
E4,outgoing_origin,top,4,-1,p,0.0,0.0,-1.0479435317383188e+41,-2.2689647725563414e+40,1.0722255626048082e+41,1.0722255626048082e+41,1.0
E4,outgoing_origin,top,4,0,s,0.0,0.0,-2.1815264685051092e+39,-1.9643820781163715e+40,1.9764583289694419e+40,1.9764583289694419e+40,1.0
E4,outgoing_origin,top,4,0,p,0.0,0.0,-1.6911480758994174e+33,-1.981303827035169e+31,1.69126413404406e+33,1.69126413404406e+33,1.0
E4,outgoing_origin,top,4,1,s,0.0,0.0,1.5573034878930333e+40,-4.0722046901704583e+40,4.359821692689976e+40,4.359821692689976e+40,1.0
E4,outgoing_origin,top,4,1,p,0.0,0.0,1.0479456611199862e+41,2.268945718010977e+40,1.0722272405479206e+41,1.0722272405479206e+41,1.0
E4,outgoing_origin,top,4,2,s,0.0,0.0,7.923378933624363e+39,1.3575796315288328e+39,8.038840474953108e+39,8.038840474953108e+39,1.0
E4,outgoing_origin,top,4,2,p,0.0,0.0,-3.0123841574337376e+40,1.2844703951281333e+40,3.2748011402096455e+40,3.2748011402096455e+40,1.0
E4,outgoing_origin,top,5,-2,s,0.0,0.0,-5.14612678424229e+46,5.567809783788945e+46,7.58176276784969e+46,7.58176276784969e+46,1.0
E4,outgoing_origin,top,5,-2,p,0.0,0.0,-1.431583580853179e+47,1.727621028557248e+47,2.2436813426334884e+47,2.2436813426334884e+47,1.0
E4,outgoing_origin,top,5,-1,s,0.0,0.0,-2.380169536512533e+48,3.875086726215079e+48,4.547692179362032e+48,4.547692179362032e+48,1.0
E4,outgoing_origin,top,5,-1,p,0.0,0.0,5.4192766840644435e+48,-3.4718901693619195e+48,6.43603768840398e+48,6.43603768840398e+48,1.0
E4,outgoing_origin,top,5,0,s,0.0,0.0,2.4700477204765185e+49,5.37065155558193e+48,2.52776081201248e+49,2.52776081201248e+49,1.0
E4,outgoing_origin,top,5,0,p,0.0,0.0,3.698112113271628e+41,1.964731882445722e+40,3.703327546413541e+41,3.703327546413541e+41,1.0
E4,outgoing_origin,top,5,1,s,0.0,0.0,-2.3801683587036463e+48,3.875086297759033e+48,4.5476911978336676e+48,4.5476911978336676e+48,1.0
E4,outgoing_origin,top,5,1,p,0.0,0.0,-5.4192845745091306e+48,3.471887564150871e+48,6.436042926955824e+48,6.436042926955824e+48,1.0
E4,outgoing_origin,top,5,2,s,0.0,0.0,1.362016414872888e+47,-6.548777978210633e+46,1.5112755025018304e+47,1.5112755025018304e+47,1.0
E4,outgoing_origin,top,5,2,p,0.0,0.0,2.6528236905184794e+47,-1.1096508853047794e+47,2.875551880984547e+47,2.875551880984547e+47,1.0
E4,outgoing_origin,top,6,-2,s,0.0,0.0,-1.1213624283154042e+52,3.164817712506864e+53,3.166803702529343e+53,3.166803702529343e+53,1.0
E4,outgoing_origin,top,6,-2,p,0.0,0.0,-4.097641770879655e+54,-5.812726226824831e+52,4.0980540334500906e+54,4.0980540334500906e+54,1.0
E4,outgoing_origin,top,6,-1,s,0.0,0.0,2.7693859919765036e+56,-1.4064491853265744e+57,1.4334553702963134e+57,1.4334553702963134e+57,1.0
E4,outgoing_origin,top,6,-1,p,0.0,0.0,1.640454930651024e+57,2.4182247541497056e+57,2.9221401987378462e+57,2.9221401987378462e+57,1.0
E4,outgoing_origin,top,6,0,s,0.0,0.0,-9.664329676758795e+54,4.8027923385394387e+55,4.8990618416329404e+55,4.8990618416329404e+55,1.0
E4,outgoing_origin,top,6,0,p,0.0,0.0,-1.433377615580805e+49,-2.776862897657223e+48,1.4600277615072825e+49,1.4600277615072825e+49,1.0
E4,outgoing_origin,top,6,1,s,0.0,0.0,2.769384560133872e+56,-1.406449225268706e+57,1.4334553818232439e+57,1.4334553818232439e+57,1.0
E4,outgoing_origin,top,6,1,p,0.0,0.0,-1.6404550317374703e+57,-2.4182241395532424e+57,2.9221397468757043e+57,2.9221397468757043e+57,1.0
E4,outgoing_origin,top,6,2,s,0.0,0.0,-8.094134333475211e+53,4.718501404000415e+53,9.369058976647338e+53,9.369058976647338e+53,1.0
E4,outgoing_origin,top,6,2,p,0.0,0.0,9.025717225066429e+53,3.763633370755608e+54,3.870345186638245e+54,3.870345186638245e+54,1.0
E4,outgoing_origin,top,7,-2,s,0.0,0.0,-1.262463432304273e+60,-5.028232505725009e+60,5.184297064167435e+60,5.184297064167435e+60,1.0
E4,outgoing_origin,top,7,-2,p,0.0,0.0,5.0952025077734606e+61,-5.876970138676943e+61,7.778166018164015e+61,7.778166018164015e+61,1.0
E4,outgoing_origin,top,7,-1,s,0.0,0.0,-9.640776331471852e+64,-1.022980771348857e+64,9.694898551919839e+64,9.694898551919839e+64,1.0
E4,outgoing_origin,top,7,-1,p,0.0,0.0,2.554408301829265e+65,-2.861128714630878e+63,2.554568530732037e+65,2.554568530732037e+65,1.0
E4,outgoing_origin,top,7,0,s,0.0,0.0,-1.2246985646621725e+64,-1.4047030013504228e+63,1.2327280638914709e+64,1.2327280638914709e+64,1.0
E4,outgoing_origin,top,7,0,p,0.0,0.0,5.592116335659806e+56,-1.9293629703970566e+56,5.9155901297412925e+56,5.9155901297412925e+56,1.0
E4,outgoing_origin,top,7,1,s,0.0,0.0,-9.640776136544767e+64,-1.0229804825910569e+64,9.694898327611964e+64,9.694898327611964e+64,1.0
E4,outgoing_origin,top,7,1,p,0.0,0.0,-2.554408253210387e+65,2.8611331924884674e+63,2.5545684826177315e+65,2.5545684826177315e+65,1.0
E4,outgoing_origin,top,7,2,s,0.0,0.0,2.910501776444698e+60,4.345366930850382e+60,5.23003196495163e+60,5.23003196495163e+60,1.0
E4,outgoing_origin,top,7,2,p,0.0,0.0,1.9630466975400205e+61,-5.634149724342776e+61,5.966338529871949e+61,5.966338529871949e+61,1.0
E4,outgoing_origin,top,8,-2,s,0.0,0.0,-2.6216908823115146e+67,-5.586477431134005e+67,6.171060943708538e+67,6.171060943708538e+67,1.0
E4,outgoing_origin,top,8,-2,p,0.0,0.0,-4.468095086547015e+68,9.970134154002664e+68,1.0925541119378754e+69,1.0925541119378754e+69,1.0
E4,outgoing_origin,top,8,-1,s,0.0,0.0,-1.6382046588515155e+72,2.5836386547356784e+72,3.059232453169781e+72,3.059232453169781e+72,1.0
E4,outgoing_origin,top,8,-1,p,0.0,0.0,6.75298731317883e+72,-9.597817349568328e+72,1.1735456340834345e+73,1.1735456340834345e+73,1.0
E4,outgoing_origin,top,8,0,s,0.0,0.0,-1.985860650522918e+71,1.6796126752179403e+71,2.6009116213451146e+71,2.6009116213451146e+71,1.0
E4,outgoing_origin,top,8,0,p,0.0,0.0,-4.093894366546378e+63,3.724328811128512e+63,5.534491501289173e+63,5.534491501289173e+63,1.0
E4,outgoing_origin,top,8,1,s,0.0,0.0,-1.6382046452840252e+72,2.583638610480186e+72,3.059232408529e+72,3.059232408529e+72,1.0
E4,outgoing_origin,top,8,1,p,0.0,0.0,-6.7529873557609674e+72,9.597817319978028e+72,1.1735456341137217e+73,1.1735456341137217e+73,1.0
E4,outgoing_origin,top,8,2,s,0.0,0.0,1.1683554952281568e+68,-1.6704200331837052e+67,1.180236245038444e+68,1.180236245038444e+68,1.0
E4,outgoing_origin,top,8,2,p,0.0,0.0,-7.032869777567215e+68,-9.87339530145354e+68,1.2122095202026058e+69,1.2122095202026058e+69,1.0
E4,outgoing_origin,bottom,-8,-2,s,3.376053013746745e-13,1.4233213885323626e-14,3.735803719805963e-13,1.8380250154685752e-14,3.621330715248837e-14,1e-12,0.03621330715248837
E4,outgoing_origin,bottom,-8,-2,p,4.3316392814254e-13,2.708082112432727e-13,4.3983103570446407e-13,2.1733083520114156e-13,5.389137288651836e-14,1e-12,0.05389137288651836
E4,outgoing_origin,bottom,-8,-1,s,-8.731828915870715e-08,-4.1075616293600535e-07,-8.732148568703425e-08,-4.1074168339741214e-07,1.482817693508724e-11,4.199211501493237e-07,3.531181253865005e-05
E4,outgoing_origin,bottom,-8,-1,p,3.768817373423424e-09,-3.90569071076939e-07,3.780708749697607e-09,-3.905626209475774e-07,1.352808184761816e-11,3.905809194521554e-07,3.463579804818217e-05
E4,outgoing_origin,bottom,-8,0,s,-5.834495631167988e-06,-2.594297511857747e-06,-5.82339530664714e-06,-2.5955630357983654e-06,1.11722314383669e-08,6.375647447144703e-06,0.0017523289251776804
E4,outgoing_origin,bottom,-8,0,p,6.973594281631439e-15,1.0671604622145547e-14,6.974986881361338e-15,1.0681540377356696e-14,1.0032874245379152e-17,1e-12,1.0032874245379152e-05
E4,outgoing_origin,bottom,-8,1,s,-8.731819741962101e-08,-4.1075631848744336e-07,-8.732139382757163e-08,-4.1074183760552165e-07,1.4829462735291792e-11,4.199212818845344e-07,3.531486346378949e-05
E4,outgoing_origin,bottom,-8,1,p,-3.769065192890713e-09,3.905686160703859e-07,-3.780957399457773e-09,3.905621663959973e-07,1.3528594781135828e-11,3.9058046732880945e-07,3.4637151400985974e-05
E4,outgoing_origin,bottom,-8,2,s,-4.007051407396159e-13,2.255404185012501e-13,-3.782673135073424e-13,2.2019718348742465e-13,2.3065260703454562e-14,1e-12,0.023065260703454563
E4,outgoing_origin,bottom,-8,2,p,2.6040338951755385e-14,6.471649739335163e-13,3.4601191656197484e-14,6.801253325147897e-13,3.4053978282034536e-14,1e-12,0.03405397828203454
E4,outgoing_origin,bottom,-7,-2,s,1.5534848040305404e-13,-2.855438905182447e-13,1.6434868779544775e-13,-2.8232923422988436e-13,9.557078432156613e-15,1e-12,0.009557078432156613
E4,outgoing_origin,bottom,-7,-2,p,1.2981404144733238e-13,5.657855379689141e-13,1.3592082290049117e-13,5.475088040867532e-13,1.9269970968218143e-14,1e-12,0.019269970968218142
E4,outgoing_origin,bottom,-7,-1,s,1.382448794883941e-08,5.412454533202759e-08,1.3824599518752636e-08,5.4124372775979226e-08,2.0548341870976933e-13,5.586203791706006e-08,3.6784089226185473e-06
E4,outgoing_origin,bottom,-7,-1,p,6.923857884177147e-09,2.7155510091306646e-08,6.92354910510121e-09,2.7155201033710292e-08,4.368765450335247e-13,2.802392683747173e-08,1.5589412132255585e-05
E4,outgoing_origin,bottom,-7,0,s,-5.5820150403154855e-06,2.485940878749105e-05,-5.581933633849517e-06,2.485952926413927e-05,1.4540163502424772e-10,2.547850424038462e-05,5.706835599625952e-06
E4,outgoing_origin,bottom,-7,0,p,-1.5479243853048436e-14,-2.295727715213023e-15,-1.547980286428471e-14,-2.296449268405326e-15,9.127609608228808e-19,1e-12,9.127609608228809e-07
E4,outgoing_origin,bottom,-7,1,s,1.3824471014795247e-08,5.4124566708623506e-08,1.382458223901176e-08,5.412439396417046e-08,2.0545430732053818e-13,5.586205416982025e-08,3.6778867224602687e-06
E4,outgoing_origin,bottom,-7,1,p,-6.923835679630301e-09,-2.715545561052472e-08,-6.923526492918044e-09,-2.7155147376935807e-08,4.365826020012125e-13,2.8023869257496217e-08,1.5578955139623672e-05
E4,outgoing_origin,bottom,-7,2,s,-1.0035240150755853e-13,1.7623160914815788e-13,-9.612429164604087e-14,1.744618378086147e-13,4.5835579624710045e-15,1e-12,0.004583557962471004
E4,outgoing_origin,bottom,-7,2,p,4.1092198541486646e-13,4.5446773016609026e-13,4.1538567063234837e-13,4.635504667439281e-13,1.0120305798895632e-14,1e-12,0.010120305798895632
E4,outgoing_origin,bottom,-6,-2,s,-2.50291105886682e-14,3.3719065912830224e-14,-2.608813321321091e-14,3.5724147159663134e-14,2.2675713275869278e-15,1e-12,0.002267571327586928
E4,outgoing_origin,bottom,-6,-2,p,8.082572950928979e-14,-1.0371855582643541e-13,8.685322391295657e-14,-9.979779392542885e-14,7.190484174978695e-15,1e-12,0.007190484174978695
E4,outgoing_origin,bottom,-6,-1,s,4.746306793341597e-07,-5.956970617061205e-07,4.7463069033030677e-07,-5.956970779621241e-07,1.9625822341497178e-14,7.616621960528411e-07,2.576709523356154e-08
E4,outgoing_origin,bottom,-6,-1,p,9.065982537461952e-08,-3.831322725415885e-07,9.06598618577906e-08,-3.8313230629572077e-07,4.970274857177077e-14,3.9371255336800177e-07,1.2624120858375016e-07
E4,outgoing_origin,bottom,-6,0,s,-2.354657078736867e-06,1.5079034383496482e-06,-2.3547551771953248e-06,1.5079746959534372e-06,1.2124748925046343e-10,2.7962223853198886e-06,4.336117537968736e-05
E4,outgoing_origin,bottom,-6,0,p,-5.141870191396483e-15,-7.753642339594933e-15,-5.141801620413612e-15,-7.753691731877113e-15,8.450785307155033e-20,1e-12,8.450785307155033e-08
E4,outgoing_origin,bottom,-6,1,s,4.746306688232559e-07,-5.956970521265231e-07,4.746306798865969e-07,-5.956970684042616e-07,1.96815214571579e-14,7.616621820696134e-07,2.5840224078972422e-08
E4,outgoing_origin,bottom,-6,1,p,-9.065979199120304e-08,3.831322487731083e-07,-9.065982850948658e-08,3.831322825735365e-07,4.975996358104888e-14,3.937125226042191e-07,1.2638654023984464e-07
E4,outgoing_origin,bottom,-6,2,s,3.4677494242937175e-14,-3.858092947779805e-14,3.4566330115407324e-14,-3.903111742907673e-14,4.637096664142e-16,1e-12,0.0004637096664142
E4,outgoing_origin,bottom,-6,2,p,1.7692943992276608e-14,-1.4007639077975745e-13,2.022813534407078e-14,-1.3992485003286069e-13,2.539716477912836e-15,1e-12,0.002539716477912836
E4,outgoing_origin,bottom,-5,-2,s,-2.2713357404596945e-14,-4.737853555853642e-14,-2.276413343147806e-14,-4.752310306074114e-14,1.5322521854950713e-16,1e-12,0.00015322521854950713
E4,outgoing_origin,bottom,-5,-2,p,-1.7763462122397496e-14,-1.7450970598335708e-14,-1.8627722816522406e-14,-1.7021514887072796e-14,9.650796626940207e-16,1e-12,0.0009650796626940207
E4,outgoing_origin,bottom,-5,-1,s,-1.596347169680652e-06,3.9814710514187493e-07,-1.5963471729021935e-06,3.9814710633873677e-07,3.4366856778587564e-15,1.6452493472780152e-06,2.0888539986626255e-09
E4,outgoing_origin,bottom,-5,-1,p,-1.8113981948422613e-06,6.232470865916115e-07,-1.8113982033388846e-06,6.232470877793915e-07,8.579244053416741e-15,1.9156201041659672e-06,4.478572778996813e-09
E4,outgoing_origin,bottom,-5,0,s,-4.2348754220832675e-06,3.3335044860898527e-06,-4.234875119677436e-06,3.3335032108897356e-06,1.3105665285470754e-12,5.389472231700907e-06,2.4317158938834784e-07
E4,outgoing_origin,bottom,-5,0,p,-1.5576519510207128e-14,-3.993845225724908e-15,-1.557639645101278e-14,-3.9943635131486506e-15,5.326963665386727e-19,1e-12,5.326963665386728e-07
E4,outgoing_origin,bottom,-5,1,s,-1.596347181842146e-06,3.981471020043114e-07,-1.5963471851160338e-06,3.981471032029991e-07,3.486429900043224e-15,1.645249358369978e-06,2.1190890501227036e-09
E4,outgoing_origin,bottom,-5,1,p,1.8113982000083701e-06,-6.232470935126964e-07,1.8113982086304093e-06,-6.232470947194558e-07,8.706079966929397e-15,1.9156201114275498e-06,4.544784174583285e-09
E4,outgoing_origin,bottom,-5,2,s,2.1430158709216448e-14,2.5845833960282246e-14,2.1172292788203175e-14,2.570192769197628e-14,2.953029753960691e-16,1e-12,0.0002953029753960691
E4,outgoing_origin,bottom,-5,2,p,-3.208554298887143e-14,8.026544375794327e-15,-3.1178146819080505e-14,6.249652112923091e-15,1.9951726548855134e-15,1e-12,0.0019951726548855134
E4,outgoing_origin,bottom,-4,-2,s,-1.7442419121148284e-13,-9.889390900315391e-14,-1.7441984105419818e-13,-9.886029879924388e-14,3.3890554366589503e-17,1e-12,3.38905543665895e-05
E4,outgoing_origin,bottom,-4,-2,p,-1.1568441447346022e-13,8.642375619019658e-14,-1.1431439858082579e-13,8.627974891033974e-14,1.3775636619491297e-15,1e-12,0.0013775636619491297
E4,outgoing_origin,bottom,-4,-1,s,1.3166689375848253e-07,1.3274844463849361e-06,1.3166689385127591e-07,1.3274844464918328e-06,1.4155387356107654e-16,1.3339981733923667e-06,1.061124942930799e-10
E4,outgoing_origin,bottom,-4,-1,p,8.588931729694543e-07,7.434688277389504e-06,8.588931732929776e-07,7.434688278402561e-06,1.063462526051133e-15,7.484135706956797e-06,1.4209556957426665e-10
E4,outgoing_origin,bottom,-4,0,s,1.1481568345507232e-05,7.893204788056842e-06,1.1481568348326192e-05,7.893204809660988e-06,2.178728222432851e-14,1.3933021707603172e-05,1.563715515668745e-09
E4,outgoing_origin,bottom,-4,0,p,-3.2804504304296257e-15,6.065362710204915e-15,-3.2804188278421956e-15,6.066057895259109e-15,6.959029983454608e-19,1e-12,6.959029983454609e-07
E4,outgoing_origin,bottom,-4,1,s,1.3166688100972394e-07,1.3274844480951789e-06,1.3166688109428795e-07,1.3274844481771274e-06,1.177566719180202e-16,1.3339981738103055e-06,8.827348809756707e-11
E4,outgoing_origin,bottom,-4,1,p,-8.588931861946439e-07,-7.434688298970792e-06,-8.588931864588868e-07,-7.4346882998226165e-06,8.918685136953595e-16,7.484135729746274e-06,1.1916786999874407e-10
E4,outgoing_origin,bottom,-4,2,s,-1.6355721033547568e-13,-1.4684404448669887e-13,-1.6353399297479757e-13,-1.468965899578791e-13,5.744625643512605e-17,1e-12,5.7446256435126055e-05
E4,outgoing_origin,bottom,-4,2,p,1.5639866893560818e-13,-1.1658770225718951e-13,1.5831001122373748e-13,-1.1540283254804337e-13,2.2488098118879283e-15,1e-12,0.0022488098118879285
E4,outgoing_origin,bottom,-3,-2,s,1.4502576168860172e-13,-5.579644834382971e-14,1.4507331969565776e-13,-5.583695641536162e-14,6.247133658227598e-17,1e-12,6.247133658227599e-05
E4,outgoing_origin,bottom,-3,-2,p,-3.3259391754868495e-14,-6.737376671717718e-14,-3.242634823351422e-14,-6.668064536269197e-14,1.0836875566849228e-15,1e-12,0.0010836875566849228
E4,outgoing_origin,bottom,-3,-1,s,4.205068665502825e-06,2.1607375249065883e-06,4.20506866551e-06,2.160737524950563e-06,4.455609803588672e-17,4.727725577207663e-06,9.42442561613377e-12
E4,outgoing_origin,bottom,-3,-1,p,-9.8336587660056e-06,-5.024617811770507e-06,-9.83365876604746e-06,-5.024617811940552e-06,1.7512107294834084e-16,1.1042990033642714e-05,1.585812107181394e-11
E4,outgoing_origin,bottom,-3,0,s,9.891071288718442e-07,6.464469788610842e-06,9.891071290763491e-07,6.464469787977267e-06,6.657620946100873e-16,6.539702023216388e-06,1.0180312378860481e-10
E4,outgoing_origin,bottom,-3,0,p,6.559282396705692e-15,1.020873492017366e-14,6.559281015515679e-15,1.0208799937142835e-14,6.503163819699407e-20,1e-12,6.503163819699408e-08
E4,outgoing_origin,bottom,-3,1,s,4.205068675161928e-06,2.160737526228625e-06,4.205068675200966e-06,2.1607375262261907e-06,3.911388330806737e-17,4.727725586410286e-06,8.273298141605157e-12
E4,outgoing_origin,bottom,-3,1,p,9.83365876032663e-06,5.024617821362569e-06,9.833658760477251e-06,5.024617821349092e-06,1.5122283860502507e-16,1.1042990032963441e-05,1.3694012052317653e-11
E4,outgoing_origin,bottom,-3,2,s,1.3416959257696685e-13,-3.831096886204806e-14,1.3418724940026976e-13,-3.8469983325343904e-14,1.5999175899531397e-16,1e-12,0.00015999175899531398
E4,outgoing_origin,bottom,-3,2,p,1.2073909692325298e-15,4.997838634304942e-14,-5.721692008891375e-16,4.9510321022330955e-14,1.8400868304356564e-15,1e-12,0.0018400868304356563
E4,outgoing_origin,bottom,-2,-2,s,-1.6179672641201964e-14,-3.784704013916587e-15,-1.5553489061972957e-14,-2.3560426365685267e-15,1.5598651243046971e-15,1e-12,0.001559865124304697
E4,outgoing_origin,bottom,-2,-2,p,6.312773880058418e-14,4.260830290839062e-14,5.5129471317545426e-14,4.603230221478659e-14,8.700347922953149e-15,1e-12,0.008700347922953149
E4,outgoing_origin,bottom,-2,-1,s,3.242024369496675e-06,1.8086502964704415e-07,3.242024369398567e-06,1.8086502948497845e-07,1.894478116230791e-16,3.2470654706465e-06,5.834431530121242e-11
E4,outgoing_origin,bottom,-2,-1,p,-2.6831685810704624e-06,-1.5041246724562715e-07,-2.6831685809061816e-06,-1.5041246695967206e-07,3.2978551643787487e-16,2.6873811683084684e-06,1.2271631591638092e-10
E4,outgoing_origin,bottom,-2,0,s,1.8873112711076892e-05,4.060557260933623e-05,1.8873112711722497e-05,4.060557260921245e-05,6.573644055470796e-16,4.4777303518092795e-05,1.468075015462831e-11
E4,outgoing_origin,bottom,-2,0,p,-2.2635558699896746e-15,2.064820029661239e-15,-2.264208511693051e-15,2.066119662677351e-15,1.4542995460202694e-18,1e-12,1.4542995460202695e-06
E4,outgoing_origin,bottom,-2,1,s,3.2420243688309185e-06,1.8086503634499252e-07,3.2420243688205423e-06,1.808650363575489e-07,1.628887632540462e-17,3.2470654704521827e-06,5.016491497825034e-12
E4,outgoing_origin,bottom,-2,1,p,2.683168581285418e-06,1.5041247550752987e-07,2.6831685812660707e-06,1.5041247552804334e-07,2.81980201810693e-17,2.687381169147364e-06,1.0492750527836659e-11
E4,outgoing_origin,bottom,-2,2,s,-1.738128998445945e-14,-4.926252064531865e-16,-1.7147547837786666e-14,-6.067055007620454e-16,2.6009556836054823e-16,1e-12,0.00026009556836054825
E4,outgoing_origin,bottom,-2,2,p,7.695572629417437e-14,1.1527970940420078e-14,7.678496140494824e-14,1.0972476170755939e-14,5.811497969685843e-16,1e-12,0.0005811497969685843
E4,outgoing_origin,bottom,-1,-2,s,-4.611351968805938e-14,2.1849450835835662e-13,-4.913529522239432e-14,2.1617411324641247e-13,3.809902998166694e-15,1e-12,0.003809902998166694
E4,outgoing_origin,bottom,-1,-2,p,1.6870891561526192e-13,-8.232299559132509e-14,1.7567091078231427e-13,-9.026992202832649e-14,1.0565179435351386e-14,1e-12,0.010565179435351386
E4,outgoing_origin,bottom,-1,-1,s,-2.9979247876982807e-05,-3.244033105427349e-05,-2.9979247877002275e-05,-3.244033105436068e-05,8.933722128862298e-17,4.4171601535231465e-05,2.0225035584767562e-12
E4,outgoing_origin,bottom,-1,-1,p,9.298955629453709e-06,1.0057723823637218e-05,9.298955629484345e-06,1.0057723823787793e-05,1.5366024217084083e-16,1.3697751067774122e-05,1.1217917555265555e-11
E4,outgoing_origin,bottom,-1,0,s,-1.7602481828615152e-05,-3.3792649511990587e-06,-1.760248182835076e-05,-3.379264951463179e-06,3.737151644850408e-16,1.792391693044816e-05,2.0850083490969218e-11
E4,outgoing_origin,bottom,-1,0,p,5.912821417653e-17,1.4363016091408078e-14,6.303056202324497e-17,1.4362393957649156e-14,3.951628668125537e-18,1e-12,3.951628668125538e-06
E4,outgoing_origin,bottom,-1,1,s,-2.9979247846717188e-05,-3.2440331025319055e-05,-2.9979247846744578e-05,-3.244033102533721e-05,3.285950231084924e-17,4.4171601493380285e-05,7.439056135597366e-13
E4,outgoing_origin,bottom,-1,1,p,-9.298955614872176e-06,-1.005772381437364e-05,-9.298955614952598e-06,-1.0057723814408467e-05,8.763933693549228e-17,1.3697751051022123e-05,6.39808218218075e-12
E4,outgoing_origin,bottom,-1,2,s,8.073769070142182e-14,-1.942439024010473e-13,8.08818515394917e-14,-1.9056650125841845e-13,3.680225741858913e-15,1e-12,0.0036802257418589134
E4,outgoing_origin,bottom,-1,2,p,1.1609639589137956e-14,-1.2292572484093585e-13,1.9007933114020515e-14,-1.222365334540534e-13,7.430325150898321e-15,1e-12,0.007430325150898321
E4,outgoing_origin,bottom,0,-2,s,3.422767903509959e-13,-3.2147645334865485e-13,2.7243481379167835e-13,-3.1385652145792053e-13,7.025642356206081e-14,1e-12,0.07025642356206081
E4,outgoing_origin,bottom,0,-2,p,4.669395493541842e-14,-2.418667015289299e-13,5.737661407452507e-14,-3.688450776165545e-13,1.2742694848473997e-13,1e-12,0.12742694848473998
E4,outgoing_origin,bottom,0,-1,s,-5.005587228364725e-09,-9.73109378142966e-12,-5.005593158132117e-09,-9.73178287553929e-12,5.969672689526808e-15,5.005602618300518e-09,1.1925982034014531e-06
E4,outgoing_origin,bottom,0,-1,p,1.8457402432413791e-09,5.196426574083772e-10,1.845745504552939e-09,5.19635048278884e-10,9.250959462360792e-15,1.9174976012963307e-09,4.824495976478223e-06
E4,outgoing_origin,bottom,0,0,s,1.3356864492804925,-0.2178416780589216,1.3356864492804943,-0.21784167805892185,1.79383492860469e-15,1.3533341374143568,1.3254930020696456e-15
E4,outgoing_origin,bottom,0,0,p,7.434161262557326e-13,-2.3656370367666436e-13,7.067848687404259e-13,-2.2840691402851226e-13,3.7528419158244866e-14,1e-12,0.03752841915824487
E4,outgoing_origin,bottom,0,1,s,-5.005551929927267e-09,-9.821517893391469e-12,-5.005557175430472e-09,-9.817660089689628e-12,6.511371075345394e-15,5.0055668033653425e-09,1.30082592663985e-06
E4,outgoing_origin,bottom,0,1,p,-1.8456963236819289e-09,-5.196105017632805e-10,-1.8456952929966453e-09,-5.19603183428779e-10,7.390556949947548e-15,1.9174406334536917e-09,3.854386321539294e-06
E4,outgoing_origin,bottom,0,2,s,-5.103364352164711e-13,2.723690328867673e-13,-5.51648496326301e-13,2.75658404996782e-13,4.144280832690352e-14,1e-12,0.04144280832690352
E4,outgoing_origin,bottom,0,2,p,3.4021846540894204e-13,-4.029346378340901e-13,3.204437151780635e-13,-3.154164928131825e-13,8.972439163680215e-14,1e-12,0.08972439163680215
E4,outgoing_origin,bottom,1,-2,s,-1.1498393186636576e-13,-9.688811386637455e-14,-1.3098286734591759e-13,-1.5771172271668137e-13,6.289258565247563e-14,1e-12,0.06289258565247563
E4,outgoing_origin,bottom,1,-2,p,-4.7884432618367865e-12,-1.0487582152546252e-12,-4.70403331680324e-12,-1.0501937677091375e-12,8.442215130767488e-14,4.819837797616223e-12,0.01751555858361625
E4,outgoing_origin,bottom,1,-1,s,1.4164927984942492e-09,-4.2075156382574967e-10,1.416492920055125e-09,-4.207454575364267e-10,6.1074991888848316e-15,1.4776599516139808e-09,4.1332237381231645e-06
E4,outgoing_origin,bottom,1,-1,p,6.344691976631681e-10,3.7132619253663696e-10,6.344645288156301e-10,3.713259083912725e-10,4.6774860684971736e-15,7.351381969179966e-10,6.36273028405697e-06
E4,outgoing_origin,bottom,1,0,s,6.948857334128342e-05,-1.4838204346294418e-05,6.948857332721132e-05,-1.4838204352805925e-05,1.550560628047212e-14,7.105514852188301e-05,2.1821932123182917e-10
E4,outgoing_origin,bottom,1,0,p,1.2049167726412844e-15,-6.926563520085643e-14,1.2286622685472684e-15,-6.907079154914412e-14,1.9628524444901852e-16,1e-12,0.00019628524444901852
E4,outgoing_origin,bottom,1,1,s,1.4162819595014705e-09,-4.2093359565414177e-10,1.4162905369606344e-09,-4.209301695604542e-10,9.23639126852771e-15,1.477518559183077e-09,6.25128612505181e-06
E4,outgoing_origin,bottom,1,1,p,-6.348005189868025e-10,-3.718146402799997e-10,-6.347982289430274e-10,-3.7182102278620575e-10,6.780905983893479e-15,7.356763313135636e-10,9.217240918687769e-06
E4,outgoing_origin,bottom,1,2,s,-1.192083209199812e-13,-1.862130999382202e-13,-1.4826409548837005e-13,-1.4801304293104122e-13,4.799460793798357e-14,1e-12,0.047994607937983574
E4,outgoing_origin,bottom,1,2,p,-3.3246464782744675e-12,-1.4162473432913393e-12,-3.2759069958345553e-12,-1.3786006694216272e-12,6.158578733736355e-14,3.5541674765108552e-12,0.01732776740105186
E4,outgoing_origin,bottom,2,-2,s,-1.203752337993182e-12,-2.420242369812045e-12,-1.1939241893101333e-12,-2.379173461001525e-12,4.222851853218307e-14,2.6619393921263185e-12,0.015863816680834173
E4,outgoing_origin,bottom,2,-2,p,3.4906571650093675e-12,3.88415362226741e-12,3.4397836806950434e-12,3.941372183811072e-12,7.656419000685387e-14,5.231302558760638e-12,0.014635779358361734
E4,outgoing_origin,bottom,2,-1,s,-2.2572735783842603e-08,-7.2875431450015e-08,-2.2572742580074758e-08,-7.287543651244022e-08,8.474486451914202e-15,7.629127049974345e-08,1.1108068323416766e-07
E4,outgoing_origin,bottom,2,-1,p,1.1361759152080791e-07,-1.3265975477597822e-07,1.1361759264435716e-07,-1.32659758521802e-07,3.910697972733906e-15,1.7466416028871492e-07,2.2389813492760236e-08
E4,outgoing_origin,bottom,2,0,s,-1.7574406896894926e-05,3.6081043884110736e-06,-1.757440697047318e-05,3.608104542499275e-06,1.707540132045992e-13,1.7940964264872168e-05,9.517549373805402e-09
E4,outgoing_origin,bottom,2,0,p,-2.128149840450324e-13,-1.2241295124280355e-13,-2.1287525560170523e-13,-1.2290891468932936e-13,4.996122504838438e-16,1e-12,0.0004996122504838438
E4,outgoing_origin,bottom,2,1,s,-2.257267629633397e-08,-7.287466954388986e-08,-2.2572624184705132e-08,-7.287471998474961e-08,7.252518315835566e-14,7.629055102330563e-08,9.506443745071431e-07
E4,outgoing_origin,bottom,2,1,p,-1.1361708907407945e-07,1.3265954362522777e-07,-1.1361711289863269e-07,1.3265950943965504e-07,4.1668485935866885e-14,1.7466365903699193e-07,2.3856414188049236e-07
E4,outgoing_origin,bottom,2,2,s,1.3526758192621495e-12,1.604466060183429e-12,1.207727688182862e-12,1.5912390127128514e-12,1.4555038814158895e-13,1.997660572865894e-12,0.07286041989244385
E4,outgoing_origin,bottom,2,2,p,6.198655984122442e-12,5.094496759501168e-12,6.160392173690566e-12,5.261746258759749e-12,1.715707264978867e-13,8.10162980055496e-12,0.021177310087179515
E4,outgoing_origin,bottom,3,-2,s,9.654961527125474e-12,4.679528465405033e-12,9.933123366543388e-12,4.744935279251897e-12,2.8574824619926474e-13,1.1008240123619192e-11,0.025957668345748162
E4,outgoing_origin,bottom,3,-2,p,1.1955652662382853e-11,-1.5489803628597772e-11,1.1951228322118612e-11,-1.5228780658761495e-11,2.610604634350518e-13,1.935839917865313e-11,0.013485643158083448
E4,outgoing_origin,bottom,3,-1,s,5.256113312021823e-07,2.0876287881217398e-07,5.25611162670089e-07,2.0876301592579976e-07,2.1726300391499832e-13,5.655520233734811e-07,3.8416095237187656e-07
E4,outgoing_origin,bottom,3,-1,p,3.7845470423511773e-07,2.0494697689543995e-06,3.7845465348047303e-07,2.049469676059079e-06,1.0585638635435528e-13,2.084119449030389e-06,5.079189986140366e-08
E4,outgoing_origin,bottom,3,0,s,1.1151530538693931e-07,1.78358955086774e-06,1.115147055432101e-07,1.783589765446973e-06,6.370688711899348e-13,1.7870724610265743e-06,3.5648743130649213e-07
E4,outgoing_origin,bottom,3,0,p,-1.0161713366980093e-12,3.34213695016917e-13,-1.0161836591628342e-12,3.34099120961289e-13,1.1523479232595453e-16,1.0696968971520264e-12,0.00010772658370119329
E4,outgoing_origin,bottom,3,1,s,5.256115772420653e-07,2.087605457702598e-07,5.256117304726265e-07,2.0876087615327998e-07,3.64187513355967e-13,5.655517612232447e-07,6.439508075587239e-07
E4,outgoing_origin,bottom,3,1,p,-3.7845270929843277e-07,-2.0494553549320302e-06,-3.784525668176429e-07,-2.04945542494867e-06,1.587548591321719e-13,2.0841050559370547e-06,7.617411544582267e-08
E4,outgoing_origin,bottom,3,2,s,-1.7150338713901162e-12,-1.7975824406072166e-13,-1.964888834135895e-12,9.281953366713819e-13,1.1357766679527206e-12,2.1730933513152207e-12,0.5226543384642518
E4,outgoing_origin,bottom,3,2,p,5.62888427102563e-12,-9.045985920044232e-12,6.658392102310317e-12,-8.74178772792112e-12,1.073509624906768e-12,1.0988768723935394e-11,0.0976915295858837
E4,outgoing_origin,bottom,4,-2,s,1.8454679613448895e-11,1.1880384822286599e-11,1.755949885037177e-11,1.3061281584763077e-11,1.4818453907917557e-12,2.188453966874055e-11,0.06771197444506429
E4,outgoing_origin,bottom,4,-2,p,-5.290552040790401e-11,-6.645010137967302e-11,-5.36709390814045e-11,-6.698869947899619e-11,9.359239596985309e-13,8.583737856998604e-11,0.010903454593914948
E4,outgoing_origin,bottom,4,-1,s,4.2735840133938266e-07,-1.3252883365134077e-06,4.273596443732147e-07,-1.3252894357145112e-06,1.6593300375407497e-12,1.3924899834667708e-06,1.1916279881666716e-06
E4,outgoing_origin,bottom,4,-1,p,2.2548194383303077e-06,1.3655400134971645e-07,2.254819861291889e-06,1.3655434135374667e-07,5.426778418096082e-13,2.258951016516058e-06,2.402344441476961e-07
E4,outgoing_origin,bottom,4,0,s,3.0017917147732184e-05,-5.752122424889139e-05,3.0017791681159703e-05,-5.752123294258777e-05,1.2576740900215992e-10,6.488266376042945e-05,1.9383823307029937e-06
E4,outgoing_origin,bottom,4,0,p,6.4138495506107084e-12,-5.1917886921002374e-12,6.414468843343921e-12,-5.186697734280195e-12,5.128486620326169e-15,8.249075337819215e-12,0.0006217044226537484
E4,outgoing_origin,bottom,4,1,s,4.273673410451609e-07,-1.3253039728813063e-06,4.2736948829044314e-07,-1.3253048748729961e-06,2.329002213519564e-12,1.392507698680249e-06,1.672523761072832e-06
E4,outgoing_origin,bottom,4,1,p,-2.2548328699886222e-06,-1.3662241687536736e-07,-2.2548332167716023e-06,-1.366230380518853e-07,7.114202005250479e-13,2.258968501326014e-06,3.1493143888790144e-07
E4,outgoing_origin,bottom,4,2,s,-8.194268025852951e-12,-7.246217180417557e-12,-9.307452777654276e-12,-8.336534369315751e-12,1.5581950661100928e-12,1.2495058323155082e-11,0.12470490539628298
E4,outgoing_origin,bottom,4,2,p,-2.8979267676161298e-11,-3.069699325811745e-11,-2.960359194338725e-11,-2.970306781205439e-11,1.1737412759969147e-12,4.193620027372633e-11,0.027988736898804864
E4,outgoing_origin,bottom,5,-2,s,-1.542556782307282e-11,-5.986595579786889e-11,-1.4270603972644096e-11,-6.159506011138634e-11,2.0793612535636444e-12,6.322658908931702e-11,0.0328874494657024
E4,outgoing_origin,bottom,5,-2,p,3.111170111277853e-10,1.1274478372281905e-10,3.1203089912302263e-10,1.134359259953823e-10,1.1458049174108063e-12,3.320105289203217e-10,0.0034511101835742837
E4,outgoing_origin,bottom,5,-1,s,-6.300179964802201e-06,1.174079023910246e-05,-6.300299682654353e-06,1.1740879103748138e-05,1.4909490056825345e-10,1.3324489416862631e-05,1.1189539494066344e-05
E4,outgoing_origin,bottom,5,-1,p,-1.115402877853509e-05,1.0353965915604117e-05,-1.1154039897333657e-05,1.0353968199955148e-05,1.1351032604758797e-11,1.5218977085106393e-05,7.458472761528207e-07
E4,outgoing_origin,bottom,5,0,s,0.0031212101875092613,0.0025991345758894172,0.003121242512898946,0.0025991376574609364,3.2471940214710936e-08,0.004061732559728576,7.99460322342859e-06
E4,outgoing_origin,bottom,5,0,p,-5.4337114489466903e-11,2.1215522172923314e-11,-5.433896153298567e-11,2.1200789440010156e-11,1.4848063471398266e-14,5.832834828248561e-11,0.0002545599851291645
E4,outgoing_origin,bottom,5,1,s,-6.300128676613918e-06,1.1740751392806805e-05,-6.300244822634915e-06,1.1740837971455061e-05,1.4486462828211273e-10,1.3324427233359753e-05,1.0872109228036597e-05
E4,outgoing_origin,bottom,5,1,p,1.1154049925908216e-05,-1.035383751536311e-05,1.1154060227464465e-05,-1.035384092000036e-05,1.0849590589648018e-11,1.5218905392786255e-05,7.129021640932673e-07
E4,outgoing_origin,bottom,5,2,s,8.993058168023743e-12,6.793398211504296e-11,1.978058451250019e-11,6.716669856482938e-11,1.0814779178476171e-11,7.001883260776929e-11,0.1544552911794214
E4,outgoing_origin,bottom,5,2,p,1.3385366083807244e-10,2.2913019527813287e-10,1.3332707063488645e-10,2.2176345529547988e-10,7.385536894099823e-12,2.587569088327311e-10,0.028542375650630742
E4,outgoing_origin,bottom,6,-2,s,1.9296821078160678e-10,2.7179213946405752e-11,2.217169727305094e-10,-1.0366484829416144e-12,4.028183469290503e-11,2.2171939616744997e-10,0.18167934510557132
E4,outgoing_origin,bottom,6,-2,p,-1.4661868304083462e-09,-1.0610403937818451e-09,-1.4482226667009195e-09,-1.042988470620382e-09,2.5467294860950454e-11,1.7847055337487375e-09,0.014269746117420795
E4,outgoing_origin,bottom,6,-1,s,7.721275099056579e-05,-0.0004885106587842082,7.721528456716965e-05,-0.0004885152245505113,5.221612044408332e-09,0.0004945799478228223,1.0557670337008721e-05
E4,outgoing_origin,bottom,6,-1,p,-0.000641460807173385,-0.0007756249664295069,-0.0006414580260956384,-0.0007756232324457346,3.2773606996679736e-09,0.0010065087172757535,3.256167227779781e-06
E4,outgoing_origin,bottom,6,0,s,-0.0005080039850696737,0.0011786376568854414,-0.0005174483976385697,0.0011797865144235948,9.514031869533255e-06,0.0012882736758292076,0.007385101510678212
E4,outgoing_origin,bottom,6,0,p,-4.8117179643703536e-11,2.0476955628980858e-10,-4.811821246553357e-11,2.0476220284297572e-10,7.425624637448038e-15,2.1034001541310714e-10,3.530295756071014e-05
E4,outgoing_origin,bottom,6,1,s,7.721264670916432e-05,-0.0004885108807231605,7.721517206870263e-05,-0.0004885154480992903,5.2190387533897185e-09,0.000494580151066791,1.0552463017637174e-05
E4,outgoing_origin,bottom,6,1,p,0.0006414621139052522,0.0007756273998122493,0.0006414593319215154,0.0007756256673592463,3.2773200819295447e-09,0.0010065114258545071,3.2561181102809328e-06
E4,outgoing_origin,bottom,6,2,s,-1.4634666068074703e-10,1.1603107334627122e-10,-1.1609336729039157e-10,1.0307681252615152e-10,3.291009927603704e-11,1.5524979616531915e-10,0.21198159410781076
E4,outgoing_origin,bottom,6,2,p,-1.2920072385265344e-09,-1.104002426379519e-09,-1.3006346282387522e-09,-1.1236818044178233e-09,2.1487432913705125e-11,1.7188109941914652e-09,0.012501335508278436
E4,outgoing_origin,bottom,7,-2,s,2.913454466312795e-10,-1.9027162659950985e-10,3.440007701499313e-10,-2.431797899593126e-10,7.464487152485069e-11,4.2127537325175004e-10,0.17718783547369535
E4,outgoing_origin,bottom,7,-2,p,2.0675510232301373e-09,-1.3399176915813668e-09,2.0909979822576042e-09,-1.3091452437851544e-09,3.868725153078633e-11,2.4670090861467582e-09,0.015681843957539802
E4,outgoing_origin,bottom,7,-1,s,-0.0037362219420210984,-0.0008367456265915292,-0.003736498017662136,-0.0008369094725599764,3.2103467250565036e-07,0.003829077552264212,8.384125631402163e-05
E4,outgoing_origin,bottom,7,-1,p,-0.009843243037879423,-0.0011592285870698769,-0.009843156580766408,-0.0011593324741696984,1.3515680486138275e-07,0.009911194845181355,1.3636782141064813e-05
E4,outgoing_origin,bottom,7,0,s,0.0003532935659352705,-0.004901539923304942,0.00039395994952840354,-0.00490684400801749,4.101082868196794e-05,0.0049226337016732786,0.008331074617237462
E4,outgoing_origin,bottom,7,0,p,-6.73778249351724e-10,-4.855776853743293e-11,-6.737578346752063e-10,-4.837900462755948e-11,1.7992580273702217e-13,6.75492522441941e-10,0.00026636239004775497
E4,outgoing_origin,bottom,7,1,s,-0.003736222194920752,-0.000836745523799235,-0.003736498279151165,-0.0008369093042875774,3.2100864574717236e-07,0.0038290777706521885,8.383445439722591e-05
E4,outgoing_origin,bottom,7,1,p,0.009843237124742256,0.0011592064908880644,0.009843150686355424,0.0011593103806228468,1.35146852391203e-07,0.00991118640693026,1.3635789585866676e-05
E4,outgoing_origin,bottom,7,2,s,-1.0721544323787823e-10,1.6569427967847263e-10,-1.4786614923331748e-10,1.1766216057520996e-10,6.292506943562043e-11,1.8896767480263975e-10,0.33299382818431866
E4,outgoing_origin,bottom,7,2,p,3.4716141277375963e-09,-2.0939725953104212e-10,3.448861473949234e-09,-1.8768305091093933e-10,3.145139282146997e-11,3.4539644459795074e-09,0.009105882041744843
E4,outgoing_origin,bottom,8,-2,s,-1.7810177375837769e-09,4.1762060764960773e-10,-1.8024592520283494e-09,4.740939883989186e-10,6.040679825097042e-11,1.8637662045059705e-09,0.0324111458319862
E4,outgoing_origin,bottom,8,-2,p,8.636498813658271e-09,5.365061201111728e-09,8.61517983103004e-09,5.3607292319324586e-09,2.1754654151995866e-11,1.014685869710828e-08,0.002143979215774006
E4,outgoing_origin,bottom,8,-1,s,-0.012065564577613548,0.019062473397574067,-0.012070771073025493,0.01907217121340646,1.1007053483727473e-05,0.022571026318953226,0.0004876629590602483
E4,outgoing_origin,bottom,8,-1,p,-0.05057583306694839,0.07139640512275466,-0.05057791053979566,0.07139406156437264,3.131798097116156e-06,0.08749421158699017,3.5794346166573545e-05
E4,outgoing_origin,bottom,8,0,s,-0.03621962021161225,0.03689906925740126,-0.037043876570445666,0.03701543114156045,0.0008324293562593763,0.05236784255592373,0.01589581154446879
E4,outgoing_origin,bottom,8,0,p,1.2136218973524556e-09,-1.1947368250557215e-09,1.2135669744985247e-09,-1.1952101990811414e-09,4.765495649207264e-13,1.7033121327522693e-09,0.000279778177914286
E4,outgoing_origin,bottom,8,1,s,-0.012065570372357916,0.019062478254388435,-0.012070776950226998,0.019072176119747743,1.1007136123173636e-05,0.022571033607808204,0.0004876664628847939
E4,outgoing_origin,bottom,8,1,p,0.05057575929861044,-0.07139660459106179,0.05057783678279529,-0.07139426101185119,3.1318212041304703e-06,0.08749433169671858,3.5794561126385824e-05
E4,outgoing_origin,bottom,8,2,s,2.6766526803735446e-09,-1.1001084923999038e-09,2.5465765277595e-09,-1.0212875658004804e-09,1.5209386558590693e-10,2.7437347364120867e-09,0.055433152326086844
E4,outgoing_origin,bottom,8,2,p,-8.192969395638837e-10,9.807085645574724e-09,-7.837005813120437e-10,9.875321841637644e-09,7.696284281346801e-11,9.90637007571766e-09,0.007769025609301447
E4,outgoing_boundary,top,-8,-2,s,0.0,0.0,4.505372539464336e-16,4.05462485866054e-16,6.061218067668191e-16,1e-12,0.0006061218067668191
E4,outgoing_boundary,top,-8,-2,p,0.0,0.0,5.011853198189774e-16,2.1062906195287894e-16,5.436463248668203e-16,1e-12,0.0005436463248668204
E4,outgoing_boundary,top,-8,-1,s,-1.4201132876029116e-09,-1.120018903415672e-08,-1.4202495449241478e-09,-1.119979331564264e-08,4.1852025037696925e-13,1.1289485332953438e-08,3.707168555818304e-05
E4,outgoing_boundary,top,-8,-1,p,-1.5532116312256776e-09,1.3019338489586586e-08,-1.5534880733083151e-09,1.3019181916070585e-08,3.1770346388733106e-13,1.3111537780048935e-08,2.423083159404551e-05
E4,outgoing_boundary,top,-8,0,s,-3.6984015198904e-07,2.0588669589523364e-08,-3.694410236868501e-07,2.0193837419861275e-08,5.614230524382348e-10,3.699925148601354e-07,0.0015173902981536372
E4,outgoing_boundary,top,-8,0,p,3.3357872346351753e-15,1.4740917477616537e-15,3.335428753280971e-15,1.4737396559624026e-15,5.02471408551626e-19,1e-12,5.02471408551626e-07
E4,outgoing_boundary,top,-8,1,s,-1.4201116684344651e-09,-1.1200186770500351e-08,-1.4202479474390928e-09,-1.1199790967732246e-08,4.1860697359514797e-13,1.1289482802728466e-08,3.707937563747191e-05
E4,outgoing_boundary,top,-8,1,p,1.5532119835767498e-09,-1.3019337909964106e-08,1.5534884973556745e-09,-1.3019181322234619e-08,3.1777285434911543e-13,1.3111537240638076e-08,2.4236124911746118e-05
E4,outgoing_boundary,top,-8,2,s,0.0,0.0,-8.479435650550347e-16,-3.4941718057499143e-16,9.171153992814744e-16,1e-12,0.0009171153992814743
E4,outgoing_boundary,top,-8,2,p,0.0,0.0,1.2463873431848019e-15,1.895297438711852e-16,1.2607152466211973e-15,1e-12,0.0012607152466211973
E4,outgoing_boundary,top,-7,-2,s,4.145148339855003e-17,-1.6449501995246009e-15,4.65026677025463e-17,-1.6447887170604693e-15,5.05376487968725e-18,1e-12,5.0537648796872495e-06
E4,outgoing_boundary,top,-7,-2,p,1.850849551355018e-15,-1.7669736706455104e-15,1.840354439461754e-15,-1.7531010850897146e-15,1.739528682301631e-17,1e-12,1.739528682301631e-05
E4,outgoing_boundary,top,-7,-1,s,2.8871731285986375e-09,1.5264975844572393e-08,2.887210202102903e-09,1.5264925530860807e-08,6.249731427824586e-14,1.553556996746026e-08,4.022853001798354e-06
E4,outgoing_boundary,top,-7,-1,p,-1.58468027585004e-09,-8.51823177024382e-09,-1.5846030295092763e-09,-8.518136730388056e-09,1.22472737150339e-13,8.664272624907187e-09,1.413537436463698e-05
E4,outgoing_boundary,top,-7,0,s,-2.0290230152904537e-05,-5.880425628775405e-06,-2.0290315946280057e-05,-5.880353796580823e-06,1.1189444785848463e-10,2.1125233299843798e-05,5.296720101042008e-06
E4,outgoing_boundary,top,-7,0,p,1.887876404870828e-15,-6.885837080757195e-15,1.8873705958881028e-15,-6.885342455233666e-15,7.074582217573689e-19,1e-12,7.07458221757369e-07
E4,outgoing_boundary,top,-7,1,s,2.8871740297507933e-09,1.526497187910578e-08,2.8872110901110776e-09,1.5264921590857185e-08,6.246901832924162e-14,1.5535566261127345e-08,4.021032595738067e-06
E4,outgoing_boundary,top,-7,1,p,1.5846744281092748e-09,8.518231158142803e-09,1.584597245922155e-09,8.518136140051957e-09,1.22415389541455e-13,8.664270986773401e-09,1.412875817576925e-05
E4,outgoing_boundary,top,-7,2,s,7.919581997623281e-17,1.312670011184309e-15,7.14275343801863e-17,1.302320695590477e-15,1.2940424813833502e-17,1e-12,1.2940424813833502e-05
E4,outgoing_boundary,top,-7,2,p,1.5925559745740892e-15,-1.900083952949766e-15,1.5632379609002162e-15,-1.881224604158725e-15,3.4860019543935096e-17,1e-12,3.4860019543935096e-05
E4,outgoing_boundary,top,-6,-2,s,7.525276697816642e-16,1.5542573659114641e-15,6.965638956941472e-16,1.5962872920716906e-15,6.9988989870927e-17,1e-12,6.9988989870927e-05
E4,outgoing_boundary,top,-6,-2,p,-2.5488220499794946e-15,3.059971133487133e-15,-2.681101389129737e-15,2.8587151741339803e-15,2.408355969145398e-16,1e-12,0.00024083559691453983
E4,outgoing_boundary,top,-6,-1,s,-1.330541060802231e-07,7.213089199656703e-07,-1.3305410925073477e-07,7.2130893981951e-07,2.0105399615923518e-14,7.334780042046604e-07,2.7411046412665923e-08
E4,outgoing_boundary,top,-6,-1,p,-9.943044823167126e-08,-3.778600868183651e-07,-9.943042957354118e-08,-3.778601331139074e-07,4.991395651198278e-14,3.9072329150184883e-07,1.2774758402583378e-07
E4,outgoing_boundary,top,-6,0,s,2.64620100015385e-06,-1.821101041595347e-07,2.6462675225818025e-06,-1.8217685701509922e-07,9.423999759504423e-11,2.6525309061918827e-06,3.55283315926902e-05
E4,outgoing_boundary,top,-6,0,p,-2.8642691728376656e-15,-8.36001790069024e-15,-2.8642224271611817e-15,-8.360064393737244e-15,6.592997565283888e-20,1e-12,6.592997565283889e-08
E4,outgoing_boundary,top,-6,1,s,-1.330540921982212e-07,7.213089340582642e-07,-1.3305409531395495e-07,7.213089538583794e-07,2.0043761117979055e-14,7.334780154824579e-07,2.7327010073771498e-08
E4,outgoing_boundary,top,-6,1,p,9.943043348668645e-08,3.778600604537895e-07,9.943041494351e-08,3.7786010665517616e-07,4.9783707380673784e-14,3.907232621911571e-07,1.274142396884413e-07
E4,outgoing_boundary,top,-6,2,s,-7.720506121478189e-16,-1.996196226490376e-15,-8.148041011788123e-16,-1.977686328622056e-15,4.658837991837562e-17,1e-12,4.658837991837562e-05
E4,outgoing_boundary,top,-6,2,p,-2.6136664179798964e-15,2.083403423375488e-15,-2.574039345838697e-15,2.229741127491841e-15,1.5160814124752345e-16,1e-12,0.00015160814124752346
E4,outgoing_boundary,top,-5,-2,s,-9.41508256501734e-16,-8.979777497605179e-16,-9.460427571334566e-16,-8.98522109718401e-16,4.567058543837555e-18,1e-12,4.567058543837555e-06
E4,outgoing_boundary,top,-5,-2,p,4.2739738533167866e-15,-8.822589550228338e-16,4.272623445098109e-15,-9.404715590038698e-16,5.822826516915991e-17,1e-12,5.822826516915991e-05
E4,outgoing_boundary,top,-5,-1,s,1.93498400895497e-06,2.0380954424620575e-07,1.934984013167525e-06,2.0380954405354774e-07,4.216958118892042e-15,1.9456879147132554e-06,2.167335309534219e-09
E4,outgoing_boundary,top,-5,-1,p,-2.2789844021443006e-06,-4.342990528484746e-08,-2.2789844125061034e-06,-4.342990734908135e-08,1.0565416118003249e-14,2.2793981901585643e-06,4.635177900737157e-09
E4,outgoing_boundary,top,-5,0,s,1.13914044065794e-05,-1.2348140482344961e-06,1.139140371437862e-05,-1.2348133315049036e-06,9.964151884533957e-13,1.1458134339744025e-05,8.696138122566781e-08
E4,outgoing_boundary,top,-5,0,p,-6.283901015972103e-15,1.0216868882349619e-14,-6.2836067191088374e-15,1.0216574948047105e-14,4.1594232523585876e-19,1e-12,4.159423252358588e-07
E4,outgoing_boundary,top,-5,1,s,1.934984024941431e-06,2.038095438877513e-07,1.9349840292077616e-06,2.0380954366520976e-07,4.2721306616844596e-15,1.9456879306245707e-06,2.1956916083213278e-09
E4,outgoing_boundary,top,-5,1,p,2.27898440029265e-06,4.342990312534271e-08,2.278984410764443e-06,4.342990511653387e-08,1.065942257553279e-14,2.279398188374683e-06,4.676419692661708e-09
E4,outgoing_boundary,top,-5,2,s,7.761437943262193e-16,2.0851259960048013e-15,7.715276357973132e-16,2.078721393980393e-15,7.894798708963164e-18,1e-12,7.894798708963164e-06
E4,outgoing_boundary,top,-5,2,p,3.6284916908908594e-15,-2.7531807199975074e-15,3.5845685621469016e-15,-2.7178422209802267e-15,5.637420288973179e-17,1e-12,5.637420288973179e-05
E4,outgoing_boundary,top,-4,-2,s,-3.173062098801061e-14,-1.4985009791471174e-14,-3.1726148053410604e-14,-1.4982118401335895e-14,5.326094333592224e-18,1e-12,5.3260943335922245e-06
E4,outgoing_boundary,top,-4,-2,p,5.092248612587563e-15,-2.3729997102304835e-14,4.984455083780934e-15,-2.3560545208297282e-14,2.008317435948123e-16,1e-12,0.0002008317435948123
E4,outgoing_boundary,top,-4,-1,s,8.122850145081405e-07,-1.039920224745036e-06,8.122850144935319e-07,-1.0399202248533985e-06,1.0934267918094036e-16,1.3195609189536875e-06,8.286292630403215e-11
E4,outgoing_boundary,top,-4,-1,p,-4.462139162726256e-06,5.911103302396155e-06,-4.462139163084479e-06,5.911103303105832e-06,7.949625496610229e-16,7.406202007150556e-06,1.0733741111753374e-10
E4,outgoing_boundary,top,-4,0,s,4.262497377691948e-06,-2.7008941770647665e-06,4.2624973890632674e-06,-2.700894188472547e-06,1.6107276361502838e-14,5.046158282207956e-06,3.191987936306879e-09
E4,outgoing_boundary,top,-4,0,p,6.244447615858743e-17,3.4304935760966157e-15,6.206247746995374e-17,3.430878681120744e-15,5.424286844614937e-19,1e-12,5.424286844614937e-07
E4,outgoing_boundary,top,-4,1,s,8.122850306519195e-07,-1.0399202215391834e-06,8.122850306636731e-07,-1.0399202216654223e-06,1.2678481464887723e-16,1.319560926395195e-06,9.608106159617102e-11
E4,outgoing_boundary,top,-4,1,p,4.462139138641044e-06,-5.911103300359379e-06,4.462139139205367e-06,-5.911103301207052e-06,1.018337112143305e-15,7.406201991248235e-06,1.3749788533267848e-10
E4,outgoing_boundary,top,-4,2,s,-3.1553578911125215e-14,-1.451610337373323e-14,-3.155492317480384e-14,-1.4523322471775414e-14,7.343188774661853e-18,1e-12,7.343188774661853e-06
E4,outgoing_boundary,top,-4,2,p,-1.7225442265478456e-14,2.189277729158885e-14,-1.7488898145120376e-14,2.1887586437995136e-14,2.6350701220067976e-16,1e-12,0.00026350701220067977
E4,outgoing_boundary,top,-3,-2,s,2.035672377748521e-14,-9.71072175186735e-15,2.035227012115667e-14,-9.70946003429285e-15,4.628929242335402e-18,1e-12,4.628929242335402e-06
E4,outgoing_boundary,top,-3,-2,p,9.138221092534095e-15,7.768583920960319e-15,9.147771390534284e-15,7.844878335200693e-15,7.688982921150419e-17,1e-12,7.688982921150419e-05
E4,outgoing_boundary,top,-3,-1,s,-1.999385845835197e-06,-4.375647893238713e-06,-1.999385845784382e-06,-4.375647893243897e-06,5.107901335917111e-17,4.810804324224036e-06,1.0617562036761901e-11
E4,outgoing_boundary,top,-3,-1,p,-4.695454220351147e-06,-1.0211158148387036e-05,-4.695454220182294e-06,-1.0211158148406952e-05,1.7002388470545326e-16,1.1238996443882586e-05,1.5128030830368105e-11
E4,outgoing_boundary,top,-3,0,s,3.5440329280714086e-06,-3.1299257829571893e-07,3.544032928328888e-06,-3.1299257886627307e-07,6.259613878377277e-16,3.5578271109632064e-06,1.7593923715654128e-10
E4,outgoing_boundary,top,-3,0,p,-8.414033208774781e-15,7.032899198926541e-16,-8.414066996910479e-15,7.033255172075408e-16,4.907959801261527e-20,1e-12,4.907959801261527e-08
E4,outgoing_boundary,top,-3,1,s,-1.999385852995604e-06,-4.375647890273774e-06,-1.999385853034012e-06,-4.375647890199949e-06,8.321822170707648e-17,4.810804324468395e-06,1.72981930035727e-11
E4,outgoing_boundary,top,-3,1,p,4.69545423435266e-06,1.0211158144704263e-05,4.695454234507641e-06,1.0211158144446341e-05,3.009033381750027e-16,1.123899644626906e-05,2.6773150041780793e-11
E4,outgoing_boundary,top,-3,2,s,1.9168826322194373e-14,-1.0528463689737635e-14,1.9164573893988533e-14,-1.0543949508413336e-14,1.6059069889084875e-17,1e-12,1.6059069889084876e-05
E4,outgoing_boundary,top,-3,2,p,-5.081695546289485e-15,-7.20109923770684e-15,-4.890774694571198e-15,-7.214422255325107e-15,1.9138514680949775e-16,1e-12,0.00019138514680949774
E4,outgoing_boundary,top,-2,-2,s,9.95708737650387e-16,1.6219233715582191e-15,9.94456001394161e-16,1.5737383254029057e-15,4.8201328001595026e-17,1e-12,4.820132800159503e-05
E4,outgoing_boundary,top,-2,-2,p,3.1990955343954934e-15,-1.49049178691736e-15,2.954580813931765e-15,-1.5085778717886653e-15,2.451826971656591e-16,1e-12,0.00024518269716565906
E4,outgoing_boundary,top,-2,-1,s,-6.0131945102384034e-06,4.573615191293877e-07,-6.013194510204491e-06,4.57361519197158e-07,7.578181556836012e-17,6.030562807632117e-06,1.2566292398522525e-11
E4,outgoing_boundary,top,-2,-1,p,-4.977384004761944e-06,3.7905993455814837e-07,-4.977384004704314e-06,3.790599346612015e-07,1.1807293630705328e-16,4.991797067625216e-06,2.365339269755711e-11
E4,outgoing_boundary,top,-2,0,s,2.726272731742179e-05,-1.005752864321347e-05,2.7262727316499383e-05,-1.0057528642735698e-05,1.0387994173612318e-15,2.905873677800277e-05,3.574826480921203e-11
E4,outgoing_boundary,top,-2,0,p,5.001632464340895e-15,-1.2720526222052081e-14,5.000839488912137e-15,-1.2719719732284814e-14,1.1310330566881096e-18,1e-12,1.1310330566881096e-06
E4,outgoing_boundary,top,-2,1,s,-6.0131945097646155e-06,4.5736152794782854e-07,-6.013194509793699e-06,4.5736152799145434e-07,5.2431603971811746e-17,6.030562807889473e-06,8.694313556144078e-12
E4,outgoing_boundary,top,-2,1,p,4.977384003467985e-06,-3.790599391196062e-07,4.977384003524425e-06,-3.790599392180668e-07,1.1348967037535287e-16,4.991797066794767e-06,2.2735233194931255e-11
E4,outgoing_boundary,top,-2,2,s,-1.4375278962036115e-15,-1.251953431299326e-15,-1.4420507653951843e-15,-1.286511481486366e-15,3.4852764287127234e-17,1e-12,3.4852764287127236e-05
E4,outgoing_boundary,top,-2,2,p,3.431701084125009e-15,-2.7089724480646176e-15,3.562803529648024e-15,-2.687036135057222e-15,1.3292499031586803e-16,1e-12,0.00013292499031586802
E4,outgoing_boundary,top,-1,-2,s,-1.806091722162531e-15,-1.5746989200075178e-15,-1.8496410146237867e-15,-1.5537407143022872e-15,4.832998303598649e-17,1e-12,4.832998303598649e-05
E4,outgoing_boundary,top,-1,-2,p,-4.889956640655807e-15,1.8091242527560348e-15,-4.804036583053479e-15,1.9098800465104e-15,1.3241595928535005e-16,1e-12,0.00013241595928535006
E4,outgoing_boundary,top,-1,-1,s,4.647839779013983e-05,-2.1030166692202447e-05,4.647839779026623e-05,-2.1030166692218107e-05,1.2737076381706286e-16,5.101479562100298e-05,2.496741626945259e-12
E4,outgoing_boundary,top,-1,-1,p,1.4416624018516073e-05,-6.517731155623096e-06,1.4416624018739702e-05,-6.517731155647532e-06,2.249596675161562e-16,1.582150016638754e-05,1.4218605388260115e-11
E4,outgoing_boundary,top,-1,0,s,-3.275119760850188e-05,-6.724458732206927e-05,-3.275119760801705e-05,-6.724458732210483e-05,4.861305757474423e-16,7.479622630106123e-05,6.499399766382933e-12
E4,outgoing_boundary,top,-1,0,p,4.8156944345759525e-15,1.1163356143007075e-14,4.817848501174496e-15,1.1161166693401309e-14,3.0714316673411914e-18,1e-12,3.0714316673411914e-06
E4,outgoing_boundary,top,-1,1,s,4.64783977902706e-05,-2.103016672498391e-05,4.647839779022027e-05,-2.1030166724900826e-05,9.713779157071463e-17,5.101479563443412e-05,1.904110177502079e-12
E4,outgoing_boundary,top,-1,1,p,-1.4416623980511333e-05,6.5177311193375335e-06,-1.4416623980411786e-05,6.517731119189847e-06,1.7810316279847605e-16,1.5821500116444077e-05,1.125703387717101e-11
E4,outgoing_boundary,top,-1,2,s,2.012314671418299e-15,2.0984177153073342e-15,2.0292855684138306e-15,2.103348937172225e-15,1.767281228083745e-17,1e-12,1.767281228083745e-05
E4,outgoing_boundary,top,-1,2,p,-4.685018643924889e-15,2.4681984492891504e-15,-4.6959726143898815e-15,2.5471285011619798e-15,7.96865268260292e-17,1e-12,7.96865268260292e-05
E4,outgoing_boundary,top,0,-2,s,9.666267608690595e-16,1.601230459348709e-15,8.222361493614773e-16,1.7749280441450793e-15,2.258749646499713e-16,1e-12,0.00022587496464997127
E4,outgoing_boundary,top,0,-2,p,1.2455747533382741e-15,1.248693810249302e-15,1.4247497076555833e-15,1.4651640058207841e-15,2.8100357617896167e-16,1e-12,0.0002810035761789617
E4,outgoing_boundary,top,0,-1,s,-4.47687076865403e-10,3.2616867365410215e-11,-4.4768748880280616e-10,3.261690546992088e-11,4.136959969091975e-16,4.4887409164819976e-10,9.21630373876484e-07
E4,outgoing_boundary,top,0,-1,p,-1.7472136548920025e-10,-2.522997708885446e-11,-1.7472150304279338e-10,-2.5229308076914052e-11,6.830065646769055e-16,1.7653362742427489e-10,3.868988445104517e-06
E4,outgoing_boundary,top,0,0,s,0.2464673521163785,0.12401829811279905,0.24646735211637874,0.1240182981127989,2.9275225451776116e-16,0.27591066294374,1.0610400170632596e-15
E4,outgoing_boundary,top,0,0,p,1.1850785389885046e-12,-3.953369064255532e-13,1.1952763874186807e-12,-4.0563806360462046e-13,1.4495169948389454e-14,1.2622313104045384e-12,0.011483766746163054
E4,outgoing_boundary,top,0,1,s,-4.476898783208353e-10,3.261828524942196e-11,-4.4768985400907605e-10,3.2618755227135374e-11,4.706061120994477e-16,4.4887658501556484e-10,1.0484086891792972e-06
E4,outgoing_boundary,top,0,1,p,1.7472165585643396e-10,2.522625160845554e-11,1.747212142994679e-10,2.522608840471658e-11,4.70752604540533e-16,1.7653288153339355e-10,2.6666567749390295e-06
E4,outgoing_boundary,top,0,2,s,-1.0046554896454649e-15,-7.14571778355668e-16,-1.063008572265264e-15,-5.685834034506737e-16,1.5721859895901084e-16,1e-12,0.00015721859895901085
E4,outgoing_boundary,top,0,2,p,2.465524432221823e-15,-1.234082867538249e-15,2.239277050314866e-15,-1.581462218013371e-15,4.14560358640657e-16,1e-12,0.000414560358640657
E4,outgoing_boundary,top,1,-2,s,0.0,0.0,-4.1621089359924883e-16,-1.4972302851857423e-15,1.5540045157038844e-15,1e-12,0.0015540045157038844
E4,outgoing_boundary,top,1,-2,p,0.0,0.0,6.581973337534844e-16,-8.376106498816483e-16,1.0652771146304387e-15,1e-12,0.0010652771146304387
E4,outgoing_boundary,top,1,-1,s,1.8856268125299036e-11,-7.10943917193323e-12,1.8475922737762332e-11,-7.848418191992234e-12,8.311152783506101e-13,2.0073798572471475e-11,0.04140298984021755
E4,outgoing_boundary,top,1,-1,p,-1.307255306737804e-11,3.3690973226362877e-12,-6.893460228829532e-12,-1.0740069215741986e-11,1.5402914292921798e-11,1.2762009273048785e-11,1.206934892724938
E4,outgoing_boundary,top,1,0,s,1.1133293605593359e-06,-1.027987914262157e-06,1.113329360167499e-06,-1.0279879144361808e-06,4.287427594529082e-16,1.5153420130247236e-06,2.829346482627437e-10
E4,outgoing_boundary,top,1,0,p,-1.1722030562253114e-16,-5.143497322634302e-18,-1.200608114624227e-16,-7.954503522351513e-18,3.9962769275047226e-18,1e-12,3.996276927504722e-06
E4,outgoing_boundary,top,1,1,s,1.8858876316166312e-11,-7.110578033277187e-12,1.847858017117977e-11,-7.849554256595832e-12,8.310902577469629e-13,2.0076688650521027e-11,0.04139578354846852
E4,outgoing_boundary,top,1,1,p,1.307142382969173e-11,-3.370309246323172e-12,6.892331182600347e-12,1.0738897127492787e-11,1.540295070563649e-11,1.2760413028014333e-11,1.2070887260326686
E4,outgoing_boundary,top,1,2,s,0.0,0.0,4.169451643923577e-16,7.172198428670754e-16,8.296068786554523e-16,1e-12,0.0008296068786554523
E4,outgoing_boundary,top,1,2,p,0.0,0.0,-9.752322174351904e-16,1.0957492323305226e-16,9.813687083482375e-16,1e-12,0.0009813687083482375
E4,outgoing_boundary,top,2,-2,s,0.0,0.0,-3.4927129814733375e-16,1.7950375579673874e-16,3.926984059741762e-16,1e-12,0.00039269840597417623
E4,outgoing_boundary,top,2,-2,p,0.0,0.0,1.4478013386128845e-15,2.6683017696840074e-16,1.4721844515651728e-15,1e-12,0.001472184451565173
E4,outgoing_boundary,top,2,-1,s,0.0,0.0,-1.1508147858921677e-10,-3.484605510304615e-10,3.6697207296841165e-10,3.6697207296841165e-10,1.0
E4,outgoing_boundary,top,2,-1,p,0.0,0.0,-5.338679079478947e-10,6.334744647688396e-10,8.284351758893568e-10,8.284351758893568e-10,1.0
E4,outgoing_boundary,top,2,0,s,0.0,0.0,-9.143413436575589e-08,8.52079572289464e-08,1.2498238636842018e-07,1.2498238636842018e-07,1.0
E4,outgoing_boundary,top,2,0,p,0.0,0.0,2.4352389557542002e-15,-1.3567828389877497e-15,2.7876959023169053e-15,1e-12,0.0027876959023169054
E4,outgoing_boundary,top,2,1,s,0.0,0.0,-1.1508321965115506e-10,-3.4846173882116785e-10,3.6697374683694714e-10,3.6697374683694714e-10,1.0
E4,outgoing_boundary,top,2,1,p,0.0,0.0,5.338661200588868e-10,-6.334744633980349e-10,8.284340226742007e-10,8.284340226742007e-10,1.0
E4,outgoing_boundary,top,2,2,s,0.0,0.0,3.691466424603343e-16,-5.04124688684492e-16,6.248287328388267e-16,1e-12,0.0006248287328388266
E4,outgoing_boundary,top,2,2,p,0.0,0.0,-1.8169174003659038e-16,-8.432507969442527e-17,2.0030628413256312e-16,1e-12,0.00020030628413256313
E4,outgoing_boundary,top,3,-2,s,0.0,0.0,-3.2215586798579445e-16,4.352827645282915e-16,5.415306901488342e-16,1e-12,0.0005415306901488343
E4,outgoing_boundary,top,3,-2,p,0.0,0.0,-2.003663116926866e-15,-1.4357921329462738e-15,2.4649878164330738e-15,1e-12,0.002464987816433074
E4,outgoing_boundary,top,3,-1,s,0.0,0.0,6.208106785199842e-10,2.336793227040491e-10,6.633339463828656e-10,6.633339463828656e-10,1.0
E4,outgoing_boundary,top,3,-1,p,0.0,0.0,-4.6491436848613274e-10,-2.3670452375851656e-09,2.4122704091373076e-09,2.4122704091373076e-09,1.0
E4,outgoing_boundary,top,3,0,s,0.0,0.0,1.6042046654683045e-09,2.1060896944976967e-09,2.64746792425889e-09,2.64746792425889e-09,1.0
E4,outgoing_boundary,top,3,0,p,0.0,0.0,-1.5011607120473216e-15,9.577472413973323e-16,1.7806637138434145e-15,1e-12,0.0017806637138434145
E4,outgoing_boundary,top,3,1,s,0.0,0.0,6.208109638878955e-10,2.3368046399708535e-10,6.633346155126468e-10,6.633346155126468e-10,1.0
E4,outgoing_boundary,top,3,1,p,0.0,0.0,4.649134607698572e-10,2.3670477520269955e-09,2.412272701495637e-09,2.412272701495637e-09,1.0
E4,outgoing_boundary,top,3,2,s,0.0,0.0,7.503638528193142e-17,4.372531833088482e-16,4.436449091671172e-16,1e-12,0.0004436449091671172
E4,outgoing_boundary,top,3,2,p,0.0,0.0,7.462490948446209e-16,4.0732357850624117e-16,8.501765752851263e-16,1e-12,0.0008501765752851264
E4,outgoing_boundary,top,4,-2,s,0.0,0.0,1.736996453330521e-16,-2.2082448109535468e-16,2.809537653064304e-16,1e-12,0.0002809537653064304
E4,outgoing_boundary,top,4,-2,p,0.0,0.0,6.84256113771789e-16,1.0480649041035702e-15,1.2516574900697463e-15,1e-12,0.0012516574900697463
E4,outgoing_boundary,top,4,-1,s,0.0,0.0,1.6420720911880346e-10,-4.2938652576085503e-10,4.597138197091359e-10,4.597138197091359e-10,1.0
E4,outgoing_boundary,top,4,-1,p,0.0,0.0,-1.1049868762360495e-09,-2.392472705239938e-10,1.1305906655846243e-09,1.1305906655846243e-09,1.0
E4,outgoing_boundary,top,4,0,s,0.0,0.0,-2.6208885229818575e-09,-2.360010991209475e-08,2.374519413508449e-08,2.374519413508449e-08,1.0
E4,outgoing_boundary,top,4,0,p,0.0,0.0,-2.0317473323277503e-15,-2.3803408007122896e-17,2.0318867647223073e-15,1e-12,0.0020318867647223073
E4,outgoing_boundary,top,4,1,s,0.0,0.0,1.6420731311581083e-10,-4.293869472643369e-10,4.597142505532109e-10,4.597142505532109e-10,1.0
E4,outgoing_boundary,top,4,1,p,0.0,0.0,1.1049891215276381e-09,2.3924526134869737e-10,1.1305924348642298e-09,1.1305924348642298e-09,1.0
E4,outgoing_boundary,top,4,2,s,0.0,0.0,1.6061022394221964e-16,2.7518710194957703e-17,1.6295067795368023e-16,1e-12,0.00016295067795368023
E4,outgoing_boundary,top,4,2,p,0.0,0.0,-6.106229402613151e-16,2.603675521982314e-16,6.638159665231564e-16,1e-12,0.0006638159665231564
E4,outgoing_boundary,top,5,-2,s,0.0,0.0,-1.0998955369768912e-16,1.1900229801328967e-16,1.6204705753286804e-16,1e-12,0.00016204705753286805
E4,outgoing_boundary,top,5,-2,p,0.0,0.0,-3.059762142299511e-16,3.69249095206139e-16,4.795480559704577e-16,1e-12,0.0004795480559704577
E4,outgoing_boundary,top,5,-1,s,0.0,0.0,-5.328999341253238e-10,8.675993157007027e-10,1.0181900178233444e-09,1.0181900178233444e-09,1.0
E4,outgoing_boundary,top,5,-1,p,0.0,0.0,1.213330455517171e-09,-7.773269988381705e-10,1.4409746900651182e-09,1.4409746900651182e-09,1.0
E4,outgoing_boundary,top,5,0,s,0.0,0.0,3.283006308492449e-07,7.138276233095911e-08,3.3597143178254067e-07,3.3597143178254067e-07,1.0
E4,outgoing_boundary,top,5,0,p,0.0,0.0,4.915259448931168e-15,2.611377549953238e-16,4.9221914202305384e-15,1e-12,0.004922191420230539
E4,outgoing_boundary,top,5,1,s,0.0,0.0,-5.328996704238233e-10,8.675992197729987e-10,1.0181897980674014e-09,1.0181897980674014e-09,1.0
E4,outgoing_boundary,top,5,1,p,0.0,0.0,-1.2133322221213516e-09,7.77326415553335e-10,1.4409758629328018e-09,1.4409758629328018e-09,1.0
E4,outgoing_boundary,top,5,2,s,0.0,0.0,2.9110743648896133e-16,-1.3996879542381858e-16,3.2300898326760114e-16,1e-12,0.00032300898326760114
E4,outgoing_boundary,top,5,2,p,0.0,0.0,5.669951518727417e-16,-2.3716867219175754e-16,6.145994478653514e-16,1e-12,0.0006145994478653514
E4,outgoing_boundary,top,6,-2,s,0.0,0.0,-2.3924094926398007e-18,6.752089910173415e-17,6.756326989338983e-17,1e-12,6.756326989338984e-05
E4,outgoing_boundary,top,6,-2,p,0.0,0.0,-8.742255690532647e-16,-1.2401361996819654e-17,8.743135246385478e-16,1e-12,0.0008743135246385478
E4,outgoing_boundary,top,6,-1,s,0.0,0.0,1.779474026896676e-09,-9.037164926411829e-09,9.210693661151041e-09,9.210693661151041e-09,1.0
E4,outgoing_boundary,top,6,-1,p,0.0,0.0,1.0540773116660047e-08,1.5538347322024405e-08,1.8776265214274273e-08,1.8776265214274273e-08,1.0
E4,outgoing_boundary,top,6,0,s,0.0,0.0,-2.2700688795827488e-09,1.1281350892898502e-08,1.1507479771294491e-08,1.1507479771294491e-08,1.0
E4,outgoing_boundary,top,6,0,p,0.0,0.0,-3.366882160120789e-15,-6.522614871054099e-16,3.429481087234713e-15,1e-12,0.003429481087234713
E4,outgoing_boundary,top,6,1,s,0.0,0.0,1.779473106863578e-09,-9.037165183060724e-09,9.210693735217543e-09,9.210693735217543e-09,1.0
E4,outgoing_boundary,top,6,1,p,0.0,0.0,-1.0540773766192856e-08,-1.5538343372923606e-08,1.877626231082583e-08,1.877626231082583e-08,1.0
E4,outgoing_boundary,top,6,2,s,0.0,0.0,-1.7268711101011845e-16,1.0066850168079371e-16,1.9988743217040166e-16,1e-12,0.00019988743217040167
E4,outgoing_boundary,top,6,2,p,0.0,0.0,1.9256228871133524e-16,8.029653906398814e-16,8.257321924202817e-16,1e-12,0.0008257321924202817
E4,outgoing_boundary,top,7,-2,s,0.0,0.0,-2.583759525020382e-17,-1.0290788072151372e-16,1.0610190027943256e-16,1e-12,0.00010610190027943257
E4,outgoing_boundary,top,7,-2,p,0.0,0.0,1.042784897724824e-15,-1.2027815765207184e-15,1.591880605994255e-15,1e-12,0.0015918806059942552
E4,outgoing_boundary,top,7,-1,s,0.0,0.0,-2.1876341265353068e-08,-2.32129402160968e-09,2.19991525539724e-08,2.19991525539724e-08,1.0
E4,outgoing_boundary,top,7,-1,p,0.0,0.0,5.796328617172334e-08,-6.492322403647168e-10,5.7966922001491705e-08,5.7966922001491705e-08,1.0
E4,outgoing_boundary,top,7,0,s,0.0,0.0,-6.96917125914399e-08,-7.993490044911655e-09,7.014863282364072e-08,7.014863282364072e-08,1.0
E4,outgoing_boundary,top,7,0,p,0.0,0.0,3.18220479461575e-15,-1.097907791331239e-15,3.366278193070398e-15,1e-12,0.003366278193070398
E4,outgoing_boundary,top,7,1,s,0.0,0.0,-2.1876340823034806e-08,-2.321293366375707e-09,2.19991520449848e-08,2.19991520449848e-08,1.0
E4,outgoing_boundary,top,7,1,p,0.0,0.0,-5.7963285068489406e-08,6.49233256456548e-10,5.796692090970726e-08,5.796692090970726e-08,1.0
E4,outgoing_boundary,top,7,2,s,0.0,0.0,5.956637234040128e-17,8.893234378124377e-17,1.0703791143431681e-16,1e-12,0.00010703791143431681
E4,outgoing_boundary,top,7,2,p,0.0,0.0,4.01757427030678e-16,-1.1530859146622061e-15,1.2210717246610403e-15,1e-12,0.0012210717246610404
E4,outgoing_boundary,top,8,-2,s,0.0,0.0,-4.996063520344875e-17,-1.0645952308576622e-16,1.175997241730646e-16,1e-12,0.00011759972417306461
E4,outgoing_boundary,top,8,-2,p,0.0,0.0,-8.514690659353359e-16,1.899973176694236e-15,2.0820417004475148e-15,1e-12,0.002082041700447515
E4,outgoing_boundary,top,8,-1,s,0.0,0.0,-1.5244079481394625e-08,2.4041680501388433e-08,2.8467250667493646e-08,2.8467250667493646e-08,1.0
E4,outgoing_boundary,top,8,-1,p,0.0,0.0,6.283895896811647e-08,-8.931111856762776e-08,1.0920261289913118e-07,1.0920261289913118e-07,1.0
E4,outgoing_boundary,top,8,0,s,0.0,0.0,-3.4247089963424116e-08,2.8965701282589776e-08,4.4853929836248325e-08,4.4853929836248325e-08,1.0
E4,outgoing_boundary,top,8,0,p,0.0,0.0,-7.060111122849954e-16,6.422778144806116e-16,9.544487841911095e-16,1e-12,0.0009544487841911095
E4,outgoing_boundary,top,8,1,s,0.0,0.0,-1.524407935514428e-08,2.404168008957527e-08,2.8467250252095236e-08,2.8467250252095236e-08,1.0
E4,outgoing_boundary,top,8,1,p,0.0,0.0,-6.283895936435847e-08,8.931111829227945e-08,1.092026129019495e-07,1.092026129019495e-07,1.0
E4,outgoing_boundary,top,8,2,s,0.0,0.0,2.2264937136132893e-16,-3.183260333149663e-17,2.249134438010662e-16,1e-12,0.0002249134438010662
E4,outgoing_boundary,top,8,2,p,0.0,0.0,-1.3402291008488365e-15,-1.881537995968636e-15,2.3100647768051337e-15,1e-12,0.002310064776805134
E4,outgoing_boundary,bottom,-8,-2,s,1.1027384426181537e-15,4.650878867798624e-17,1.2202456195428106e-15,6.005640914718819e-17,1.1828556399316083e-16,1e-12,0.00011828556399316083
E4,outgoing_boundary,bottom,-8,-2,p,1.4148532544623476e-15,8.845792542605374e-16,1.4366332609573411e-15,7.099034463687219e-16,1.7602842539084524e-16,1e-12,0.00017602842539084525
E4,outgoing_boundary,bottom,-8,-1,s,-2.122356186049793e-09,-9.985066066875648e-09,-2.1224338988659483e-09,-9.984714087808666e-09,3.6045602420830206e-13,1.0207802950211183e-08,3.531181253854874e-05
E4,outgoing_boundary,bottom,-8,-1,p,9.185484480788375e-11,-9.494285162937616e-09,9.214390661598879e-11,-9.494128360386185e-09,3.2885219938465655e-13,9.494575494618793e-09,3.463579804816328e-05
E4,outgoing_boundary,bottom,-8,0,s,-3.7732794899874976e-07,-1.677936180129462e-07,-3.766100561475081e-07,-1.678754385520958e-07,7.22540480866355e-10,4.123315380376423e-07,0.0017523289251776643
E4,outgoing_boundary,bottom,-8,0,p,4.509788852268046e-16,6.90178921090166e-16,4.510689266999293e-16,6.908214981610923e-16,6.488549598814038e-19,1e-12,6.488549598814038e-07
E4,outgoing_boundary,bottom,-8,1,s,-2.122353955882252e-09,-9.985069848097036e-09,-2.1224316657730155e-09,-9.9847178363752e-09,3.6048728054137163e-13,1.0207806152543509e-08,3.5314863463737306e-05
E4,outgoing_boundary,bottom,-8,1,p,-9.186086873706311e-11,9.494274102096868e-09,-9.214995072891715e-11,9.494117310604803e-09,3.2886466821239984e-13,9.494564504017292e-09,3.463715140102027e-05
E4,outgoing_boundary,bottom,-8,2,s,-1.308857813419968e-15,7.366739542414475e-16,-1.2355675895417966e-15,7.192222439136756e-16,7.533935963012257e-17,1e-12,7.533935963012258e-05
E4,outgoing_boundary,bottom,-8,2,p,8.502244223642406e-17,2.1138727815664727e-15,1.1298347608118503e-16,2.2215335139549098e-15,1.1123242653148642e-16,1e-12,0.00011123242653148642
E4,outgoing_boundary,bottom,-7,-2,s,1.6289006213333915e-15,-2.9939131389185987e-15,1.7232676994545558e-15,-2.9602053158979037e-15,1.0020660041095318e-16,1e-12,0.00010020660041095318
E4,outgoing_boundary,bottom,-7,-2,p,1.3609869361825339e-15,5.932326807090342e-15,1.4250208815572598e-15,5.740695357326923e-15,2.020469220222946e-16,1e-12,0.00020204692202229458
E4,outgoing_boundary,bottom,-7,-1,s,3.5809935924040413e-09,1.4024079296144413e-08,3.581022503601089e-09,1.4024034588362766e-08,5.32413660087202e-14,1.447402046104995e-08,3.678408922523939e-06
E4,outgoing_boundary,bottom,-7,-1,p,1.7935043196880628e-09,7.036197951359902e-09,1.7934243196623044e-09,7.036117868068461e-09,1.1319601445904976e-13,7.261082938770805e-09,1.558941213226414e-05
E4,outgoing_boundary,bottom,-7,0,s,-1.8296391120368927e-05,-1.772946166744024e-05,-1.8296536365436324e-05,-1.772945506154801e-05,1.453952111160268e-10,2.547737858868499e-05,5.706835599664077e-06
E4,outgoing_boundary,bottom,-7,0,p,1.0032916385639096e-14,-1.200817670170282e-14,1.0033823553708062e-14,-1.2008277225588243e-14,9.127206346364543e-19,1e-12,9.127206346364544e-07
E4,outgoing_boundary,bottom,-7,1,s,3.580989204358698e-09,1.402408483457985e-08,3.581018025988083e-09,1.4024040077975778e-08,5.323382316138935e-14,1.4474024672188537e-08,3.6778867223901284e-06
E4,outgoing_boundary,bottom,-7,1,p,-1.7934985674026478e-09,-7.036183834828085e-09,-1.7934184617423002e-09,-7.036103965032103e-09,1.1311985294338572e-13,7.261068019627595e-09,1.5578955139603194e-05
E4,outgoing_boundary,bottom,-7,2,s,-1.0522395422805478e-15,1.8477784760485114e-15,-1.0079071490660273e-15,1.8292232171888725e-15,4.8058908846072126e-17,1e-12,4.8058908846072124e-05
E4,outgoing_boundary,bottom,-7,2,p,4.308446329452331e-15,4.765212777876336e-15,4.355246407928622e-15,4.860446834113814e-15,1.0611207665873928e-16,1e-12,0.00010611207665873928
E4,outgoing_boundary,bottom,-6,-2,s,-7.902539794944131e-16,1.0645650823356315e-15,-8.236914133457725e-16,1.127869085904116e-15,7.159230999459877e-17,1e-12,7.159230999459877e-05
E4,outgoing_boundary,bottom,-6,-2,p,2.5519382104362895e-15,-3.2745581536198887e-15,2.7422363657118965e-15,-3.1507657540196243e-15,2.2701970421108954e-16,1e-12,0.00022701970421108955
E4,outgoing_boundary,bottom,-6,-1,s,-1.353694763431951e-07,7.495087307857566e-07,-1.3536947831522523e-07,7.495087503115537e-07,1.9625128205505505e-14,7.616352555212522e-07,2.5767095290349116e-08
E4,outgoing_boundary,bottom,-6,-1,p,1.018689865148355e-07,3.802910548323669e-07,1.0186897040240851e-07,3.802911018491528e-07,4.970099055972602e-14,3.936986274760041e-07,1.2624120860760504e-07
E4,outgoing_boundary,bottom,-6,0,s,2.7908763660876343e-06,-1.6967832636512081e-07,2.7909967479723474e-06,-1.696927624743111e-07,1.212443789032756e-10,2.7961506541723364e-06,4.3361175379573406e-05
E4,outgoing_boundary,bottom,-6,0,p,7.128660866317242e-16,9.276054100854803e-15,7.127821426012031e-16,9.276063827651357e-15,8.450568520121847e-20,1e-12,8.450568520121847e-08
E4,outgoing_boundary,bottom,-6,1,s,-1.3536947163237017e-07,7.495087173677982e-07,-1.353694736532493e-07,7.49508736944594e-07,1.968082538118242e-14,7.616352415385191e-07,2.584022417532406e-08
E4,outgoing_boundary,bottom,-6,1,p,-1.0186900463357319e-07,-3.8029101807660964e-07,-1.0186898851218789e-07,-3.8029106515080376e-07,4.975820350269273e-14,3.936985967133095e-07,1.2638654015555596e-07
E4,outgoing_boundary,bottom,-6,2,s,1.0948792399572091e-15,-1.2180567583350407e-15,1.0913699244523288e-15,-1.2322702962472058e-15,1.464035366011857e-17,1e-12,1.4640353660118569e-05
E4,outgoing_boundary,bottom,-6,2,p,5.587257574307991e-16,-4.422510523922707e-15,6.387673018172217e-16,-4.4177238736485215e-15,8.018454245433473e-17,1e-12,8.018454245433472e-05
E4,outgoing_boundary,bottom,-5,-2,s,-1.8585713041226785e-15,-3.877226821952767e-15,-1.862726047826032e-15,-3.889057460082105e-15,1.2538974989524255e-17,1e-12,1.2538974989524255e-05
E4,outgoing_boundary,bottom,-5,-2,p,-1.4535950591436628e-15,-1.4281305577017426e-15,-1.5243219589777354e-15,-1.3929892863590773e-15,7.897596667162592e-17,1e-12,7.897596667162592e-05
E4,outgoing_boundary,bottom,-5,-1,s,1.6199390709106883e-06,2.872289441006853e-07,1.619939074340205e-06,2.8722894432114417e-07,3.436595308346254e-15,1.6452060877075672e-06,2.088853994659606e-09
E4,outgoing_boundary,bottom,-5,-1,p,1.9080683807271766e-06,1.693588912133546e-07,1.9080683889696783e-06,1.6935889359258204e-07,8.579018491045905e-15,1.9155697355680494e-06,4.478572787903153e-09
E4,outgoing_boundary,bottom,-5,0,s,4.5930280849719726e-06,2.8194444497525107e-06,4.5930267839447655e-06,2.8194446073565507e-06,1.3105383729497491e-12,5.3893564487780845e-06,2.4317158929929085e-07
E4,outgoing_boundary,bottom,-5,0,p,1.6437004139753444e-15,1.599580878314289e-14,1.6431715773926013e-15,1.59958726978943e-14,5.326849225341582e-19,1e-12,5.326849225341582e-07
E4,outgoing_boundary,bottom,-5,1,s,1.6199390807362913e-06,2.872289519234387e-07,1.6199390842143498e-06,2.8722895216357024e-07,3.486338228030443e-15,1.6452060987992383e-06,2.1190890494357905e-09
E4,outgoing_boundary,bottom,-5,1,p,-1.9080683882658575e-06,-1.6935888699974988e-07,-1.908068396630614e-06,-1.6935888941277517e-07,8.70585109559181e-15,1.915569742829441e-06,4.544784197067454e-09
E4,outgoing_boundary,bottom,-5,2,s,1.7536284286285183e-15,2.115123878771836e-15,1.7325267662908511e-15,2.103346717782262e-15,2.416571278458938e-17,1e-12,2.4165712784589378e-05
E4,outgoing_boundary,bottom,-5,2,p,-2.6257008471490988e-15,6.567429843930298e-16,-2.5514398896879983e-15,5.113362284700691e-16,1.6327220973294515e-16,1e-12,0.00016327220973294515
E4,outgoing_boundary,bottom,-4,-2,s,-2.5161671035396137e-14,-1.426761109627932e-14,-2.5161043718034615e-14,-1.4262762471930706e-14,4.889037241222217e-18,1e-12,4.8890372412222166e-06
E4,outgoing_boundary,bottom,-4,-2,p,-1.66891883921684e-14,1.2466647833545072e-14,-1.6491549466193798e-14,1.2445882962650232e-14,1.9872675945547436e-16,1e-12,0.00019872675945547437
E4,outgoing_boundary,bottom,-4,-1,s,8.161807165682918e-07,-1.0551372804061163e-06,8.161807165742866e-07,-1.0551372805475399e-06,1.415505838827596e-16,1.3339661325944425e-06,1.061125769418573e-10
E4,outgoing_boundary,bottom,-4,-1,p,4.482807023593337e-06,-5.992832202735818e-06,4.48280702405411e-06,-5.9928322036942465e-06,1.063436742896952e-15,7.48395594832998e-06,1.4209553747229824e-10
E4,outgoing_boundary,bottom,-4,0,s,7.0263529045834876e-06,-1.203127675545354e-05,7.02635292592104e-06,-1.2031276759855289e-05,2.178684356046241e-14,1.3932740430792254e-05,1.5637155998623273e-09
E4,outgoing_boundary,bottom,-4,0,p,6.290287462904878e-15,2.824950199376145e-15,6.290978420827845e-15,2.824867503675685e-15,6.958889496067836e-19,1e-12,6.958889496067836e-07
E4,outgoing_boundary,bottom,-4,1,s,8.161807270077041e-07,-1.0551372728916967e-06,8.16180727002542e-07,-1.0551372730093373e-06,1.1775379403272397e-16,1.333966133012371e-06,8.827345096596387e-11
E4,outgoing_boundary,bottom,-4,1,p,-4.482807028806914e-06,5.99283222750365e-06,-4.4828070292000155e-06,5.992832228304188e-06,8.918466200092126e-16,7.483955971118912e-06,1.191678068993068e-10
E4,outgoing_boundary,bottom,-4,2,s,-2.3593670337446103e-14,-2.1184801814894402e-14,-2.3590320644046102e-14,-2.1192381840649456e-14,8.28717299935856e-18,1e-12,8.287172999358561e-06
E4,outgoing_boundary,bottom,-4,2,p,2.256282022454181e-14,-1.681780202840555e-14,2.2838541398336656e-14,-1.6646859882126192e-14,3.2441236575291084e-16,1e-12,0.00032441236575291087
E4,outgoing_boundary,bottom,-3,-2,s,1.7843606586649097e-14,-6.864139767097623e-15,1.7849458126891774e-14,-6.8691234315733595e-15,7.686184672408809e-18,1e-12,7.686184672408808e-06
E4,outgoing_boundary,bottom,-3,-2,p,-4.0917114363962145e-15,-8.289539912005412e-15,-3.989221421212222e-15,-8.204256881614459e-15,1.3333191097812694e-16,1e-12,0.00013333191097812693
E4,outgoing_boundary,bottom,-3,-1,s,-1.936568549568035e-06,-4.312771069623062e-06,-1.936568549546193e-06,-4.312771069661896e-06,4.4554987708003145e-17,4.7276095488527874e-06,9.424422056769675e-12
E4,outgoing_boundary,bottom,-3,-1,p,4.546391490118186e-06,1.0063397421781177e-05,4.5463914900447535e-06,1.0063397421940153e-05,1.751165269446752e-16,1.104271901538127e-05,1.5858098598792337e-11
E4,outgoing_boundary,bottom,-3,0,s,6.256702311926893e-06,-1.902531380842314e-06,6.256702311270614e-06,-1.9025313809541965e-06,6.657479858296347e-16,6.539567987824159e-06,1.0180305290336801e-10
E4,outgoing_boundary,bottom,-3,0,p,9.166655979872663e-15,-7.950398529717254e-15,9.166720525830964e-15,-7.950406451830526e-15,6.50303053324126e-20,1e-12,6.503030533241259e-08
E4,outgoing_boundary,bottom,-3,1,s,-1.9365685562890962e-06,-4.312771076684841e-06,-1.9365685563211145e-06,-4.312771076707305e-06,3.9112760897052986e-17,4.727609558055184e-06,8.2732637745878e-12
E4,outgoing_boundary,bottom,-3,1,p,-4.54639147969437e-06,-1.0063397425730392e-05,-4.546391479820456e-06,-1.0063397425813875e-05,1.512189451193338e-16,1.1042719014702012e-05,1.3693995556529558e-11
E4,outgoing_boundary,bottom,-3,2,s,1.6507817538495013e-14,-4.712866843493428e-15,1.650999082687419e-14,-4.732431151391631e-15,1.9684646959362873e-17,1e-12,1.9684646959362872e-05
E4,outgoing_boundary,bottom,-3,2,p,1.482769806152548e-16,6.149116418218777e-15,-7.06693081318659e-17,6.09151803775885e-15,2.2639578350257344e-16,1e-12,0.00022639578350257345
E4,outgoing_boundary,bottom,-2,-2,s,-9.248910167696293e-16,-2.1637985463824723e-16,-8.890984037279414e-16,-1.3471039390064273e-16,8.916844714092051e-17,1e-12,8.916844714092052e-05
E4,outgoing_boundary,bottom,-2,-2,p,3.60856719384214e-15,2.435787773709345e-15,3.151346200585676e-15,2.631503004988756e-15,4.973484577528924e-16,1e-12,0.0004973484577528924
E4,outgoing_boundary,bottom,-2,-1,s,-3.185863531903756e-06,-6.269814468036916e-07,-3.185863531828979e-06,-6.269814466296316e-07,1.8944250473326872e-16,3.246972771344965e-06,5.83443465880367e-11
E4,outgoing_boundary,bottom,-2,-1,p,2.6365885612898655e-06,5.196209691280228e-07,2.6365885611666666e-06,5.196209688221236e-07,3.297760667513208e-16,2.687304447232311e-06,1.2271630298195703e-10
E4,outgoing_boundary,bottom,-2,0,s,2.3619256470206484e-05,-3.8040067849752294e-05,2.3619256469749116e-05,-3.8040067850224444e-05,6.573508965191161e-16,4.477628879477915e-05,1.4680781150307444e-11
E4,outgoing_boundary,bottom,-2,0,p,2.9676071487726893e-15,7.616096711799687e-16,2.969051863570159e-15,7.614432666523319e-16,1.4542665893314704e-18,1e-12,1.4542665893314705e-06
E4,outgoing_boundary,bottom,-2,1,s,-3.185863530319142e-06,-6.269814533452629e-07,-3.185863530307131e-06,-6.269814533562652e-07,1.6288446120818173e-17,3.2469727711506533e-06,5.016502221866775e-12
E4,outgoing_boundary,bottom,-2,1,p,-2.636588560361449e-06,-5.196209773401714e-07,-2.636588560339454e-06,-5.196209773578149e-07,2.819728715391037e-17,2.687304448071183e-06,1.0492777316001177e-11
E4,outgoing_boundary,bottom,-2,2,s,-9.935866728825027e-16,-2.819304008360158e-17,-9.802247758960262e-16,-3.4713911993357996e-17,1.4868155956293336e-17,1e-12,1.4868155956293336e-05
E4,outgoing_boundary,bottom,-2,2,p,4.399091219633296e-15,6.591312243117456e-16,4.389330619870886e-15,6.273764889393152e-16,3.322096516200324e-17,1e-12,3.322096516200324e-05
E4,outgoing_boundary,bottom,-1,-2,s,-9.409688417308896e-16,4.457956055077759e-15,-1.0026214761932884e-15,4.410611175938237e-15,7.773406535676691e-17,1e-12,7.773406535676691e-05
E4,outgoing_boundary,bottom,-1,-2,p,3.442235628369145e-15,-1.679566534323033e-15,3.584286239864785e-15,-1.8417055383496794e-15,2.1556306003821278e-16,1e-12,0.0002155630600382128
E4,outgoing_boundary,bottom,-1,-1,s,4.12273266289437e-05,-1.585088338640819e-05,4.12273266290319e-05,-1.585088338639402e-05,8.93307240594366e-17,4.416948001851442e-05,2.0224536042079746e-12
E4,outgoing_boundary,bottom,-1,-1,p,-1.2783599167065016e-05,4.918328362566581e-06,-1.2783599167216235e-05,4.918328362539342e-06,1.5365291611815522e-16,1.3697093178839462e-05,1.1217921504362142e-11
E4,outgoing_boundary,bottom,-1,0,s,1.745564629043605e-05,4.067959552078099e-06,1.7455646290161492e-05,4.067959552331622e-06,3.7370573205435383e-16,1.7923389253336955e-05,2.0850171068219016e-11
E4,outgoing_boundary,bottom,-1,0,p,5.05079230054921e-16,-1.4353831393711972e-14,5.011555720582032e-16,-1.4353363037393153e-14,3.951512332839873e-18,1e-12,3.951512332839873e-06
E4,outgoing_boundary,bottom,-1,1,s,4.1227326590848885e-05,-1.585088336900177e-05,4.122732659087588e-05,-1.58508833690205e-05,3.2857508864511275e-17,4.416947997666524e-05,7.438962125401954e-13
E4,outgoing_boundary,bottom,-1,1,p,1.2783599153065072e-05,-4.918328352446901e-06,1.2783599153127177e-05,-4.918328352508732e-06,8.763571855210407e-17,1.3697093162088266e-05,6.3981253186382715e-12
E4,outgoing_boundary,bottom,-1,2,s,1.6473994821196008e-15,-3.963150033043112e-15,1.6503390136560424e-15,-3.888119353666554e-15,7.508823938115416e-17,1e-12,7.508823938115416e-05
E4,outgoing_boundary,bottom,-1,2,p,2.369336950812817e-16,-2.5080676900880315e-15,3.878819327344869e-16,-2.494002375131856e-15,1.5160212246345673e-16,1e-12,0.00015160212246345675
E4,outgoing_boundary,bottom,0,-2,s,2.246223742438652e-15,-2.1096408025692024e-15,1.787886267873285e-15,-2.059643694577309e-15,4.610563429761179e-16,1e-12,0.0004610563429761179
E4,outgoing_boundary,bottom,0,-2,p,3.064576961642769e-16,-1.587239573630703e-15,3.765779532915412e-16,-2.420531263910007e-15,8.36236743720421e-16,1e-12,0.000836236743720421
E4,outgoing_boundary,bottom,0,-1,s,-4.0559648656830144e-10,-8.036131427509531e-13,-4.0559696704790745e-10,-8.036689970960938e-13,4.837151637685539e-16,4.0559776326099017e-10,1.192598203401081e-06
E4,outgoing_boundary,bottom,0,-1,p,1.4955647032300464e-10,4.2111572444609605e-11,1.4955689666352183e-10,4.211095590218452e-11,7.495937556642373e-16,1.5537244912345005e-10,4.824495976559223e-06
E4,outgoing_boundary,bottom,0,0,s,1.3402743964488246,-0.16339452084590056,1.3402743964488264,-0.16339452084590073,1.784146017590271e-15,1.3501974771190794,1.3213963496636867e-15
E4,outgoing_boundary,bottom,0,0,p,7.506115491632046e-13,-2.058985607090925e-13,7.137666160938784e-13,-1.9924181799126952e-13,3.744143849392564e-14,1e-12,0.03744143849392564
E4,outgoing_boundary,bottom,0,1,s,-4.0559362610671494e-10,-8.109399896464864e-13,-4.055940511549734e-10,-8.106274124432326e-13,5.276083111786059e-16,4.055948612212746e-10,1.3008259266153922e-06
E4,outgoing_boundary,bottom,0,1,p,-1.4955291167274852e-10,-4.210896678000816e-11,-1.4955282817969834e-10,-4.210837378134098e-11,5.988476506635268e-16,1.5536783308991436e-10,3.854386321504285e-06
E4,outgoing_boundary,bottom,0,2,s,-3.3491057209732324e-15,1.7873538122470248e-15,-3.620215679357444e-15,1.8089351984413014e-15,2.7196758219529656e-16,1e-12,0.00027196758219529655
E4,outgoing_boundary,bottom,0,2,p,2.2327259865669975e-15,-2.6442087241118356e-15,2.102943892178506e-15,-2.0698751048966187e-15,5.888144853726961e-16,1e-12,0.0005888144853726961
E4,outgoing_boundary,bottom,1,-2,s,-2.3149027483570704e-16,-1.9506501784643203e-16,-2.636985372447958e-16,-3.1751959510627056e-16,1.26619491624704e-16,1e-12,0.000126619491624704
E4,outgoing_boundary,bottom,1,-2,p,-9.640377191951977e-15,-2.111574467690444e-15,-9.470437493050168e-15,-2.114462052851933e-15,1.6996422979822004e-16,1e-12,0.00016996422979822005
E4,outgoing_boundary,bottom,1,-1,s,1.6944324130401353e-11,-5.032710546933293e-12,1.69443255829783e-11,-5.0326375029058516e-12,7.305846921888065e-17,1.7675904777341027e-11,4.133223738144101e-06
E4,outgoing_boundary,bottom,1,-1,p,7.589485142048584e-12,4.441998780722813e-12,7.589429292935176e-12,4.441995380568065e-12,5.595252023578912e-17,8.793790988728954e-12,6.3627302840724495e-06
E4,outgoing_boundary,bottom,1,0,s,1.8183861138881254e-06,-3.882392090892021e-07,1.818386113519891e-06,-3.8823920925960456e-07,4.05750680109366e-16,1.8593702539969e-06,2.1821941016705244e-10
E4,outgoing_boundary,bottom,1,0,p,3.1576837256178504e-17,-1.8125414803279845e-15,3.219807804410169e-17,-1.807442798072381e-15,5.136389866451633e-18,1e-12,5.136389866451633e-06
E4,outgoing_boundary,bottom,1,1,s,1.6941802100974372e-11,-5.034888081833829e-12,1.6941904704465718e-11,-5.034847096413894e-12,1.1048656517268846e-16,1.7674213428027427e-11,6.251286124987095e-06
E4,outgoing_boundary,bottom,1,1,p,-7.593448314688991e-12,-4.447841721583072e-12,-7.593420919358532e-12,-4.4479180691320066e-12,8.111382347784961e-17,8.800228202056058e-12,9.217240918695543e-06
E4,outgoing_boundary,bottom,1,2,s,-2.3999238006918177e-16,-3.7490008545977774e-16,-2.984905373477028e-16,-2.9799409963683195e-16,9.66259026368278e-17,1e-12,9.662590263682781e-05
E4,outgoing_boundary,bottom,1,2,p,-6.693354032624087e-15,-2.8513833052059925e-15,-6.595229642954264e-15,-2.7755890641163113e-15,1.2398855927236196e-16,1e-12,0.00012398855927236196
E4,outgoing_boundary,bottom,2,-2,s,-7.253157977832238e-16,-1.4583528334238271e-15,-7.193940512049283e-16,-1.4336062357019025e-15,2.5445258523904175e-17,1e-12,2.5445258523904176e-05
E4,outgoing_boundary,bottom,2,-2,p,2.1033043250327134e-15,2.340466072110706e-15,2.0726495117824276e-15,2.3749433588209603e-15,4.6134595200467135e-17,1e-12,4.6134595200467135e-05
E4,outgoing_boundary,bottom,2,-1,s,-5.584449255855235e-11,-1.8030229969199922e-10,-5.584450937294506e-11,-1.8030231221723027e-10,2.096676453517389e-17,1.8875257089105976e-10,1.110806832256343e-07
E4,outgoing_boundary,bottom,2,-1,p,2.8110690838890897e-10,-3.282097019654672e-10,2.8110691116883176e-10,-3.2820971123298306e-10,9.675475215087855e-18,4.321373740542694e-10,2.2389813508407105e-08
E4,outgoing_boundary,bottom,2,0,s,-7.548118381260078e-08,1.5495273286743412e-08,-7.548118412862589e-08,1.5495273948536636e-08,7.333772154449676e-16,7.705525726515825e-08,9.517549372670457e-09
E4,outgoing_boundary,bottom,2,0,p,-9.140172753830086e-16,-5.257712498129766e-16,-9.142761011410883e-16,-5.279013845254976e-16,2.1458016372751024e-18,1e-12,2.1458016372751025e-06
E4,outgoing_boundary,bottom,2,1,s,-5.584434540965509e-11,-1.8030041465437783e-10,-5.5844216478095785e-11,-1.803005394483211e-10,1.7943487749886125e-16,1.8875079083121219e-10,9.506443745675134e-07
E4,outgoing_boundary,bottom,2,1,p,-2.811056652750775e-10,3.282091795758545e-10,-2.8110572421819077e-10,3.2820909499625763e-10,1.0309218598429157e-16,4.3213613390515725e-10,2.3856414193523017e-07
E4,outgoing_boundary,bottom,2,2,s,8.150574887158238e-16,9.667989746964497e-16,7.277174979984785e-16,9.588277685509292e-16,8.770298801021745e-17,1e-12,8.770298801021746e-05
E4,outgoing_boundary,bottom,2,2,p,3.73502960072123e-15,3.0697922574995714e-15,3.71197204782339e-15,3.1705699924715673e-15,1.0338182921443463e-16,1e-12,0.00010338182921443463
E4,outgoing_boundary,bottom,3,-2,s,1.7163727358482227e-15,8.319077178615178e-16,1.7658219944514884e-15,8.435357538209779e-16,5.0798035362473904e-17,1e-12,5.0798035362473905e-05
E4,outgoing_boundary,bottom,3,-2,p,2.1254100702792137e-15,-2.75363022003731e-15,2.1246230432581526e-15,-2.707227654875941e-15,4.6409239005687014e-17,1e-12,4.6409239005687016e-05
E4,outgoing_boundary,bottom,3,-1,s,3.0333886788561323e-10,1.2048487072677525e-10,3.033387706215159e-10,1.2048494985645726e-10,1.2538664682498924e-16,3.2639092037629616e-10,3.841609523954617e-07
E4,outgoing_boundary,bottom,3,-1,p,2.183986161273974e-10,1.1827910565452311e-09,2.1839858683659164e-10,1.182791002933192e-09,6.109175093559599e-17,1.2027853089192297e-09,5.079189983663033e-08
E4,outgoing_boundary,bottom,3,0,s,9.95348744489207e-11,1.5923140661302388e-09,9.953433893144824e-11,1.5923142576902905e-09,5.687479377684186e-16,1.5954221321864322e-09,3.564874313163645e-07
E4,outgoing_boundary,bottom,3,0,p,-9.071984419496552e-16,2.983596436333443e-16,-9.072094415568315e-16,2.9825735665265114e-16,1.0287671154031838e-19,1e-12,1.0287671154031837e-07
E4,outgoing_boundary,bottom,3,1,s,3.033390098968567e-10,1.204835242853204e-10,3.033390983267583e-10,1.2048371495680875e-10,2.1017959931391812e-16,3.263907690843665e-10,6.439508075045782e-07
E4,outgoing_boundary,bottom,3,1,p,-2.1839746491563204e-10,-1.1827827379219938e-09,-2.1839738268672792e-10,-1.1827827783289069e-09,9.162047422370651e-17,1.202777002388997e-09,7.617411543596758e-08
E4,outgoing_boundary,bottom,3,2,s,-3.048846436378736e-16,-3.19592878457277e-17,-3.493039944957597e-16,1.650033471799393e-16,2.01909282418838e-16,1e-12,0.000201909282418838
E4,outgoing_boundary,bottom,3,2,p,1.0006754178872147e-15,-1.6081120979124352e-15,1.1836924908841737e-15,-1.5540321940735942e-15,1.908399460479711e-16,1e-12,0.0001908399460479711
E4,outgoing_boundary,bottom,4,-2,s,9.591949264008689e-16,6.175042194388759e-16,9.12666410897174e-16,6.788820909559827e-16,7.702042499849007e-17,1e-12,7.702042499849007e-05
E4,outgoing_boundary,bottom,4,-2,p,-2.7497855756867804e-15,-3.453837872173835e-15,-2.7895687258717697e-15,-3.481832435175991e-15,4.864560202446974e-17,1e-12,4.8645602024469744e-05
E4,outgoing_boundary,bottom,4,-1,s,6.113660676270119e-11,-1.8958489473145956e-10,6.113678458321023e-11,-1.895850519728218e-10,2.373709742884846e-16,1.9919889146456462e-10,1.1916279882044945e-06
E4,outgoing_boundary,bottom,4,-1,p,3.2255689457001476e-10,1.9537775875115082e-11,3.2255695507512625e-10,1.9537824514112854e-11,7.763131211526078e-17,3.23148132988698e-10,2.402344441766461e-07
E4,outgoing_boundary,bottom,4,0,s,6.181368439920752e-09,-1.184460315956088e-08,6.181342604080149e-09,-1.1844604950036894e-08,2.5897808093412105e-14,1.3360526292457751e-08,1.9383823306445544e-06
E4,outgoing_boundary,bottom,4,0,p,1.320740639635191e-15,-1.0690696078339316e-15,1.3208681517615892e-15,-1.0680212851673252e-15,1.0560491256089354e-18,1e-12,1.0560491256089355e-06
E4,outgoing_boundary,bottom,4,1,s,6.11378856318149e-11,-1.8958713153628427e-10,6.113819280155091e-11,-1.8958726056501842e-10,3.331691176584591e-16,1.992014256665544e-10,1.6725237610304796e-06
E4,outgoing_boundary,bottom,4,1,p,-3.2255881589606265e-10,-1.954756289357396e-11,-3.2255886550322466e-10,-1.9547651754826828e-11,1.0177029421630876e-16,3.231506342309347e-10,3.14931438889209e-07
E4,outgoing_boundary,bottom,4,2,s,-4.2590185972141494e-16,-3.7663356892684044e-16,-4.837602341661011e-16,-4.3330446570329577e-16,8.098877721529796e-17,1e-12,8.098877721529797e-05
E4,outgoing_boundary,bottom,4,2,p,-1.506211836967332e-15,-1.5955218202061363e-15,-1.538662217695302e-15,-1.5438618398422658e-15,6.100639950518055e-17,1e-12,6.100639950518055e-05
E4,outgoing_boundary,bottom,5,-2,s,-2.3299707596715666e-16,-9.042830599565454e-16,-2.155510141539914e-16,-9.304012018792111e-16,3.1408954300983824e-17,1e-12,3.1408954300983825e-05
E4,outgoing_boundary,bottom,5,-2,p,4.699438394067103e-15,1.7030605869698372e-15,4.7132426731910745e-15,1.7135004747824149e-15,1.7307494898792057e-17,1e-12,1.7307494898792058e-05
E4,outgoing_boundary,bottom,5,-1,s,-2.3154857485605489e-10,4.314961515532954e-10,-2.31552974764178e-10,4.3149941747209573e-10,5.479545337189116e-15,4.897024886611238e-10,1.1189539494010996e-05
E4,outgoing_boundary,bottom,5,-1,p,-4.0993706998129715e-10,3.805258592024185e-10,-4.099374786208643e-10,3.8052594315328636e-10,4.171738774712191e-16,5.593288208118098e-10,7.458472761438128e-07
E4,outgoing_boundary,bottom,5,0,s,1.570446868874046e-07,1.3077880221228954e-07,1.5704631336105326e-07,1.307789572791554e-07,1.633848910609938e-12,2.043689805408866e-07,7.99460322347239e-06
E4,outgoing_boundary,bottom,5,0,p,-2.734020902338418e-15,1.0674483121964648e-15,-2.73411383064093e-15,1.06670702331708e-15,7.470909396502166e-19,1e-12,7.470909396502166e-07
E4,outgoing_boundary,bottom,5,1,s,-2.315466898961805e-10,4.3149472388903536e-10,-2.3155095853136572e-10,4.314979057939159e-10,5.3240740991535166e-15,4.897002032890423e-10,1.087210922804338e-05
E4,outgoing_boundary,bottom,5,1,p,4.099378471476322e-10,-3.805211402214078e-10,4.0993822575223493e-10,-3.80521265345382e-10,3.987448484203257e-16,5.593261859710673e-10,7.129021641067095e-07
E4,outgoing_boundary,bottom,5,2,s,1.3583236288546589e-16,1.0261505637452302e-15,2.9877909698026645e-16,1.014562045625884e-15,1.6335829303822948e-16,1e-12,0.00016335829303822948
E4,outgoing_boundary,bottom,5,2,p,2.021843388530245e-15,3.4610509777672494e-15,2.0138901309550097e-15,3.349775585581484e-15,1.1155925426495964e-16,1e-12,0.00011155925426495964
E4,outgoing_boundary,bottom,6,-2,s,8.435230704811772e-16,1.188151852850552e-16,9.691937723340943e-16,-4.524157661927131e-18,1.7608440823309163e-16,1e-12,0.00017608440823309164
E4,outgoing_boundary,bottom,6,-2,p,-6.409122736451091e-15,-4.6381856840402865e-15,-6.330596397260461e-15,-4.559274526302601e-15,1.1132545424198304e-16,1e-12,0.00011132545424198305
E4,outgoing_boundary,bottom,6,-1,s,7.4617632567052e-10,-4.7206700233384845e-09,7.462008090037649e-10,-4.720714143986346e-09,5.045854907255679e-14,4.7793260692895415e-09,1.0557670336993261e-05
E4,outgoing_boundary,bottom,6,-1,p,-6.198634434203533e-09,-7.495228023474261e-09,-6.198607559660348e-09,-7.495211267069807e-09,3.16704619730747e-14,9.726300818743404e-09,3.256167227734006e-06
E4,outgoing_boundary,bottom,6,0,s,-6.474868853289224e-09,1.50222242916377e-08,-6.595242349407126e-09,1.503686600825109e-08,1.212607044059756e-10,1.641963949048548e-08,0.00738510151067819
E4,outgoing_boundary,bottom,6,0,p,-6.132972325355351e-16,2.60987691602385e-15,-6.133103955452119e-16,2.6097831928583616e-15,9.464299537152392e-20,1e-12,9.464299537152391e-08
E4,outgoing_boundary,bottom,6,1,s,7.461753179745541e-10,-4.720672168032516e-09,7.461997219030974e-10,-4.720716304237429e-09,5.0433682321028756e-14,4.779328033318214e-09,1.0552463017696114e-05
E4,outgoing_boundary,bottom,6,1,p,6.198647061491372e-09,7.495251538338292e-09,6.198620178193118e-09,7.49523479672621e-09,3.167006946843434e-14,9.726326992835387e-09,3.256118110337352e-06
E4,outgoing_boundary,bottom,6,2,s,-6.39730548077293e-16,5.072029983252277e-16,-5.074835783451703e-16,4.505769051309287e-16,1.4386026356773584e-16,1e-12,0.00014386026356773586
E4,outgoing_boundary,bottom,6,2,p,-5.647728226924958e-15,-4.825980291731561e-15,-5.685440573632783e-15,-4.912005250393836e-15,9.392824179690166e-17,1e-12,9.392824179690166e-05
E4,outgoing_boundary,bottom,7,-2,s,3.6743403376486367e-16,-2.399598802601111e-16,4.33841129042708e-16,-3.066849284717436e-16,9.413890992615846e-17,1e-12,9.413890992615847e-05
E4,outgoing_boundary,bottom,7,-2,p,2.607518308692843e-15,-1.6898287376933144e-15,2.637088340060589e-15,-1.651019642718387e-15,4.879070206363527e-17,1e-12,4.8790702063635274e-05
E4,outgoing_boundary,bottom,7,-1,s,-9.645782039247325e-09,-2.1602949467139528e-09,-9.646494780176347e-09,-2.1607179527561978e-09,8.288146618382056e-13,9.885522930797966e-09,8.384125631392401e-05
E4,outgoing_boundary,bottom,7,-1,p,-2.5412261838843287e-08,-2.992963399023582e-09,-2.5412038630711335e-08,-2.9932316025460153e-09,3.4893409064574403e-13,2.5587714684888245e-08,1.3636782141072557e-05
E4,outgoing_boundary,bottom,7,0,s,1.1687507706916794e-09,-1.6213388263013152e-08,1.303267854631188e-09,-1.6230932206196006e-08,1.356563150538595e-10,1.628317129379427e-08,0.008331074617237486
E4,outgoing_boundary,bottom,7,0,p,-2.2287339349821472e-15,-1.6063675000046863e-16,-2.22866641135685e-15,-1.6004543120472465e-16,5.951616235724395e-19,1e-12,5.951616235724394e-07
E4,outgoing_boundary,bottom,7,1,s,-9.645782692159857e-09,-2.160294681340015e-09,-9.646495455265285e-09,-2.160717518332548e-09,8.287474686011151e-13,9.885523494609832e-09,8.383445439717956e-05
E4,outgoing_boundary,bottom,7,1,p,2.5412246573322408e-08,2.9929063532378982e-09,2.5412023413535766e-08,2.993174563563357e-09,3.4890839636953727e-13,2.55876928998699e-08,1.3635789585832932e-05
E4,outgoing_boundary,bottom,7,2,s,-1.3521695842605297e-16,2.0896558554734224e-16,-1.8648346741497057e-16,1.4838918392961905e-16,7.935839827556039e-17,1e-12,7.93583982755604e-05
E4,outgoing_boundary,bottom,7,2,p,4.3782526365871424e-15,-2.640526570520109e-16,4.3495577768550774e-15,-2.366678264396285e-16,3.966514745606979e-17,1e-12,3.966514745606979e-05
E4,outgoing_boundary,bottom,8,-2,s,-6.465462794658384e-16,1.5160061162395754e-16,-6.543301106718683e-16,1.7210153748654686e-16,2.192888482042231e-17,1e-12,2.1928884820422312e-05
E4,outgoing_boundary,bottom,8,-2,p,3.1352107749615326e-15,1.9476451087455823e-15,3.127471564671279e-15,1.9460724677802425e-15,7.89737776243688e-18,1e-12,7.89737776243688e-06
E4,outgoing_boundary,bottom,8,-1,s,-8.418305348433878e-09,1.329994753681522e-08,-8.421937996517152e-09,1.3306713737662613e-08,7.679687884555028e-12,1.574794177387249e-08,0.00048766295906024033
E4,outgoing_boundary,bottom,8,-1,p,-3.52873941438255e-08,4.981347118258666e-08,-3.528884359841222e-08,4.9811836058133324e-08,2.1850745014407918e-12,6.104524137060603e-08,3.5794346166561795e-05
E4,outgoing_boundary,bottom,8,0,s,-3.163385484198501e-08,3.22268461319593e-08,-3.235374787941355e-08,3.2328469913063127e-08,7.270305208338398e-10,4.573723831588965e-08,0.015895811544468806
E4,outgoing_boundary,bottom,8,0,p,1.0599650097159198e-15,-1.0434569695044517e-15,1.0599170437466456e-15,-1.0438704071489686e-15,4.162107880774716e-19,1e-12,4.1621078807747164e-07
E4,outgoing_boundary,bottom,8,1,s,-8.418309391484507e-09,1.3299950925417312e-08,-8.421942097098855e-09,1.3306717160819552e-08,7.67974554259669e-12,1.5747946859350758e-08,0.00048766646288475623
E4,outgoing_boundary,bottom,8,1,p,3.52873426761287e-08,-4.981361035317271e-08,3.528879213862561e-08,-4.98119752141871e-08,2.1850906233402664e-12,6.104532517189105e-08,3.57945611263025e-05
E4,outgoing_boundary,bottom,8,2,s,9.716813732554812e-16,-3.993554110492114e-16,9.244609284292455e-16,-3.707421248400542e-16,5.52131375423886e-17,1e-12,5.52131375423886e-05
E4,outgoing_boundary,bottom,8,2,p,-2.974437789456318e-16,3.560167800791236e-15,-2.845217401504408e-16,3.5849389963664085e-15,2.793906256208063e-17,1e-12,2.793906256208063e-05
