name,quantity,mode_index,side,m,n,polarization,real,imag,reference_real,reference_imag,vector_error_absolute,actual_vector_denominator,vector_relative,per_level_power,reference_per_level_power
FTTNN_CONDITIONAL_CORE_LEARNED,total,0,top,-3,-1,s,-1.8984849891277306e-05,1.186320850824867e-05,-9.195140170809825e-05,5.576925993858354e-05,0.24680093708344567,0.4382342339399896,0.5631712859685941,1.5869312142865376e-08,3.662159813318062e-07
FTTNN_CONDITIONAL_CORE_LEARNED,scattered,0,top,-3,-1,s,-1.8984849891281968e-05,1.186320850824439e-05,-9.195140170810291e-05,5.5769259938579254e-05,0.24680093708344564,0.2468359522790033,0.9998581438593755,1.5869312142865376e-08,3.662159813318062e-07
FTTNN_CONDITIONAL_CORE_LEARNED,outgoing,0,top,-3,-1,s,-1.8984849891277306e-05,1.186320850824867e-05,-9.195140170809825e-05,5.576925993858354e-05,0.24680093708344567,0.9130801710515086,0.2702949257995913,1.5869312142865376e-08,3.662159813318062e-07
FTTNN_CONDITIONAL_CORE_LEARNED,boundary_outgoing,0,top,-3,-1,s,-1.614652149769364e-05,1.5506453012505238e-05,-7.855082196187339e-05,7.345092919286605e-05,0.23630481197691308,0.9095181214967073,0.25981319821099197,1.5869312142865376e-08,3.662159813318062e-07
FTTNN_CONDITIONAL_CORE_LEARNED,total,1,top,-3,-1,p,-2.2443468489002934e-05,1.3267007385588889e-05,6.491873565175626e-05,-4.0080513039853855e-05,0.24680093708344567,0.4382342339399896,0.5631712859685941,2.1523520423091803e-08,1.843193233752179e-07
FTTNN_CONDITIONAL_CORE_LEARNED,scattered,1,top,-3,-1,p,-2.2443468489014894e-05,1.3267007385586861e-05,6.49187356517443e-05,-4.008051303985588e-05,0.24680093708344564,0.2468359522790033,0.9998581438593755,2.1523520423091803e-08,1.843193233752179e-07
FTTNN_CONDITIONAL_CORE_LEARNED,outgoing,1,top,-3,-1,p,-2.2443468489002934e-05,1.3267007385588889e-05,6.491873565175626e-05,-4.0080513039853855e-05,0.24680093708344567,0.9130801710515086,0.2702949257995913,2.1523520423091803e-08,1.843193233752179e-07
FTTNN_CONDITIONAL_CORE_LEARNED,boundary_outgoing,1,top,-3,-1,p,-1.9243481164392135e-05,1.7590087989030154e-05,5.531274235513715e-05,-5.254893240889601e-05,0.23630481197691308,0.9095181214967073,0.25981319821099197,2.1523520423091803e-08,1.843193233752179e-07
FTTNN_CONDITIONAL_CORE_LEARNED,total,2,top,-3,0,s,0.00042101388713277764,0.0012140381318749506,-0.0001921902009470994,0.00048817928501632254,0.24680093708344567,0.4382342339399896,0.5631712859685941,8.192480951705668e-05,1.365740342110789e-05
FTTNN_CONDITIONAL_CORE_LEARNED,scattered,2,top,-3,0,s,0.0004210138871326272,0.0012140381318750156,-0.00019219020094724982,0.00048817928501638765,0.24680093708344564,0.2468359522790033,0.9998581438593755,8.192480951705668e-05,1.365740342110789e-05
FTTNN_CONDITIONAL_CORE_LEARNED,outgoing,2,top,-3,0,s,0.00042101388713277764,0.0012140381318749506,-0.0001921902009470994,0.00048817928501632254,0.24680093708344567,0.9130801710515086,0.2702949257995913,8.192480951705668e-05,1.365740342110789e-05
FTTNN_CONDITIONAL_CORE_LEARNED,boundary_outgoing,2,top,-3,0,s,-0.0003018303480771809,-0.0012490155002179435,0.0002384264874377627,-0.00046734237743567054,0.23630481197691308,0.9095181214967073,0.25981319821099197,8.192480951705668e-05,1.365740342110789e-05
FTTNN_CONDITIONAL_CORE_LEARNED,total,3,top,-3,0,p,-4.871893697006635e-06,3.0776855691945087e-06,1.2553482268998042e-15,3.668039838538298e-15,0.24680093708344567,0.4382342339399896,0.5631712859685941,1.6476590302401073e-09,7.457653301374714e-28
FTTNN_CONDITIONAL_CORE_LEARNED,scattered,3,top,-3,0,p,-4.871893697006635e-06,3.0776855691945087e-06,1.2553482268998042e-15,3.668039838538298e-15,0.24680093708344564,0.2468359522790033,0.9998581438593755,1.6476590302401073e-09,7.457653301374714e-28
FTTNN_CONDITIONAL_CORE_LEARNED,outgoing,3,top,-3,0,p,-4.871893697006635e-06,3.0776855691945087e-06,1.2553482268998042e-15,3.668039838538298e-15,0.24680093708344567,0.9130801710515086,0.2702949257995913,1.6476590302401073e-09,7.457653301374714e-28
FTTNN_CONDITIONAL_CORE_LEARNED,boundary_outgoing,3,top,-3,0,p,5.14628598123109e-06,-2.5929206037103143e-06,-8.953304260694988e-16,-3.7721080122444466e-15,0.23630481197691308,0.9095181214967073,0.25981319821099197,1.6476590302401073e-09,7.457653301374714e-28
FTTNN_CONDITIONAL_CORE_LEARNED,total,4,top,-3,1,s,-1.7191134213479813e-05,1.0342058506450961e-05,-9.195140170915746e-05,5.576925994137385e-05,0.24680093708344567,0.4382342339399896,0.5631712859685941,1.2745008089717679e-08,3.6621598134782935e-07
FTTNN_CONDITIONAL_CORE_LEARNED,scattered,4,top,-3,1,s,-1.719113421346959e-05,1.0342058506453985e-05,-9.195140170914724e-05,5.5769259941376876e-05,0.24680093708344564,0.2468359522790033,0.9998581438593755,1.2745008089717679e-08,3.6621598134782935e-07
FTTNN_CONDITIONAL_CORE_LEARNED,outgoing,4,top,-3,1,s,-1.7191134213479813e-05,1.0342058506450961e-05,-9.195140170915746e-05,5.576925994137385e-05,0.24680093708344567,0.9130801710515086,0.2702949257995913,1.2745008089717679e-08,3.6621598134782935e-07
FTTNN_CONDITIONAL_CORE_LEARNED,boundary_outgoing,4,top,-3,1,s,-1.4703116147824971e-05,1.3649602383963406e-05,-7.855082196233748e-05,7.345092919581435e-05,0.23630481197691308,0.9095181214967073,0.25981319821099197,1.2745008089717679e-08,3.6621598134782935e-07
FTTNN_CONDITIONAL_CORE_LEARNED,total,5,top,-3,1,p,2.66816769985373e-05,-1.6887463813999678e-05,-6.491873565012055e-05,4.0080513039672495e-05,0.24680093708344567,0.4382342339399896,0.5631712859685941,3.15732637806221e-08,1.843193233680326e-07
FTTNN_CONDITIONAL_CORE_LEARNED,scattered,5,top,-3,1,p,2.66816769985507e-05,-1.688746381398487e-05,-6.491873565010715e-05,4.00805130396873e-05,0.24680093708344564,0.2468359522790033,0.9998581438593755,3.15732637806221e-08,1.843193233680326e-07
FTTNN_CONDITIONAL_CORE_LEARNED,outgoing,5,top,-3,1,p,2.66816769985373e-05,-1.6887463813999678e-05,-6.491873565012055e-05,4.0080513039672495e-05,0.24680093708344567,0.9130801710515086,0.2702949257995913,3.15732637806221e-08,1.843193233680326e-07
FTTNN_CONDITIONAL_CORE_LEARNED,boundary_outgoing,5,top,-3,1,p,2.2648582750962907e-05,-2.2003182062970087e-05,-5.5312742353573465e-05,5.2548932408382856e-05,0.23630481197691308,0.9095181214967073,0.25981319821099197,3.15732637806221e-08,1.843193233680326e-07
FTTNN_CONDITIONAL_CORE_LEARNED,total,6,top,-2,-1,s,-5.5676067435573544e-08,1.2144172244016235e-07,2.344516502433825e-06,9.65817440460633e-07,0.24680093708344567,0.4382342339399896,0.5631712859685941,7.622473862293972e-13,2.745931746845648e-10
FTTNN_CONDITIONAL_CORE_LEARNED,scattered,6,top,-2,-1,s,-5.5676067435573193e-08,1.2144172244016698e-07,2.3445165024338254e-06,9.658174404606376e-07,0.24680093708344564,0.2468359522790033,0.9998581438593755,7.622473862293972e-13,2.745931746845648e-10
FTTNN_CONDITIONAL_CORE_LEARNED,outgoing,6,top,-2,-1,s,-5.5676067435573544e-08,1.2144172244016235e-07,2.344516502433825e-06,9.65817440460633e-07,0.24680093708344567,0.9130801710515086,0.2702949257995913,7.622473862293972e-13,2.745931746845648e-10
FTTNN_CONDITIONAL_CORE_LEARNED,boundary_outgoing,6,top,-2,-1,s,-9.577030136983377e-08,-9.314486464564312e-08,-1.6954805776036832e-06,1.8854459868824524e-06,0.23630481197691308,0.9095181214967073,0.25981319821099197,7.622473862293972e-13,2.745931746845648e-10
FTTNN_CONDITIONAL_CORE_LEARNED,total,7,top,-2,-1,p,-2.0529036674742094e-06,4.44597603017844e-07,-0.00011450210530953003,-0.00014336308972240936,0.24680093708344567,0.4382342339399896,0.5631712859685941,1.8843078062895386e-10,1.437706929814518e-06
FTTNN_CONDITIONAL_CORE_LEARNED,scattered,7,top,-2,-1,p,-2.0529036674395717e-06,4.445976030031919e-07,-0.00011450210530949539,-0.00014336308972242402,0.24680093708344564,0.2468359522790033,0.9998581438593755,1.8843078062895386e-10,1.437706929814518e-06
FTTNN_CONDITIONAL_CORE_LEARNED,outgoing,7,top,-2,-1,p,-2.0529036674742094e-06,4.44597603017844e-07,-0.00011450210530953003,-0.00014336308972240936,0.24680093708344567,0.9130801710515086,0.2702949257995913,1.8843078062895386e-10,1.437706929814518e-06
FTTNN_CONDITIONAL_CORE_LEARNED,boundary_outgoing,7,top,-2,-1,p,2.6887761876729475e-07,-2.0832151407534223e-06,0.00017343931198744156,-5.9854094867379096e-05,0.23630481197691308,0.9095181214967073,0.25981319821099197,1.8843078062895386e-10,1.437706929814518e-06
FTTNN_CONDITIONAL_CORE_LEARNED,total,8,top,-2,0,s,-1.7080951418387375e-05,9.419871979578463e-05,0.00016425932553326252,-5.6207388544626634e-05,0.24680093708344567,0.4382342339399896,0.5631712859685941,5.251515107189819e-07,1.7270051732052553e-06
FTTNN_CONDITIONAL_CORE_LEARNED,scattered,8,top,-2,0,s,-1.7080951418446586e-05,9.419871979562902e-05,0.0001642593255332033,-5.620738854478225e-05,0.24680093708344564,0.2468359522790033,0.9998581438593755,5.251515107189819e-07,1.7270051732052553e-06
FTTNN_CONDITIONAL_CORE_LEARNED,outgoing,8,top,-2,0,s,-1.7080951418387375e-05,9.419871979578463e-05,0.00016425932553326252,-5.6207388544626634e-05,0.24680093708344567,0.9130801710515086,0.2702949257995913,5.251515107189819e-07,1.7270051732052553e-06
FTTNN_CONDITIONAL_CORE_LEARNED,boundary_outgoing,8,top,-2,0,s,9.419872197413264e-05,1.708093940514156e-05,-5.6207409492762594e-05,-0.00016425931836508344,0.23630481197691308,0.9095181214967073,0.25981319821099197,5.251515107189819e-07,1.7270051732052553e-06
FTTNN_CONDITIONAL_CORE_LEARNED,total,9,top,-2,0,p,-5.441354345206147e-07,-4.1050258006259596e-07,-1.731002669799771e-16,1.1404235647096274e-15,0.24680093708344567,0.4382342339399896,0.5631712859685941,2.662072623738102e-11,7.623760074136061e-29
FTTNN_CONDITIONAL_CORE_LEARNED,scattered,9,top,-2,0,p,-5.441354345206147e-07,-4.1050258006259596e-07,-1.731002669799771e-16,1.1404235647096274e-15,0.24680093708344564,0.2468359522790033,0.9998581438593755,2.662072623738102e-11,7.623760074136061e-29
FTTNN_CONDITIONAL_CORE_LEARNED,outgoing,9,top,-2,0,p,-5.441354345206147e-07,-4.1050258006259596e-07,-1.731002669799771e-16,1.1404235647096274e-15,0.24680093708344567,0.9130801710515086,0.2702949257995913,2.662072623738102e-11,7.623760074136061e-29
FTTNN_CONDITIONAL_CORE_LEARNED,boundary_outgoing,9,top,-2,0,p,-4.105025106685215e-07,5.441354868723658e-07,1.1404235867852477e-15,1.7310012154075433e-16,0.23630481197691308,0.9095181214967073,0.25981319821099197,2.662072623738102e-11,7.623760074136061e-29
FTTNN_CONDITIONAL_CORE_LEARNED,total,10,top,-2,1,s,-6.794439509818488e-08,1.228034136532804e-07,2.3445165013757525e-06,9.658174394089157e-07,0.24680093708344567,0.4382342339399896,0.5631712859685941,8.412229911925079e-13,2.745931743859139e-10
FTTNN_CONDITIONAL_CORE_LEARNED,scattered,10,top,-2,1,s,-6.794439509818816e-08,1.228034136532796e-07,2.344516501375749e-06,9.658174394089149e-07,0.24680093708344564,0.2468359522790033,0.9998581438593755,8.412229911925079e-13,2.745931743859139e-10
FTTNN_CONDITIONAL_CORE_LEARNED,outgoing,10,top,-2,1,s,-6.794439509818488e-08,1.228034136532804e-07,2.3445165013757525e-06,9.658174394089157e-07,0.24680093708344567,0.9130801710515086,0.2702949257995913,8.412229911925079e-13,2.745931743859139e-10
FTTNN_CONDITIONAL_CORE_LEARNED,boundary_outgoing,10,top,-2,1,s,-9.294305946633063e-08,-1.0516038668241512e-07,-1.6954805762582626e-06,1.885445986237883e-06,0.23630481197691308,0.9095181214967073,0.25981319821099197,8.412229911925079e-13,2.745931743859139e-10
FTTNN_CONDITIONAL_CORE_LEARNED,total,11,top,-2,1,p,-2.052951852133583e-06,4.447363941547193e-07,0.0001145021053115565,0.0001433630897223461,0.24680093708344567,0.4382342339399896,0.5631712859685941,1.8844450144194914e-10,1.4377069298335635e-06
FTTNN_CONDITIONAL_CORE_LEARNED,scattered,11,top,-2,1,p,-2.0529518521442437e-06,4.447363941620483e-07,0.00011450210531154583,0.0001433630897223534,0.24680093708344564,0.2468359522790033,0.9998581438593755,1.8844450144194914e-10,1.4377069298335635e-06
FTTNN_CONDITIONAL_CORE_LEARNED,outgoing,11,top,-2,1,p,-2.052951852133583e-06,4.447363941547193e-07,0.0001145021053115565,0.0001433630897223461,0.24680093708344567,0.9130801710515086,0.2702949257995913,1.8844450144194914e-10,1.4377069298335635e-06
FTTNN_CONDITIONAL_CORE_LEARNED,boundary_outgoing,11,top,-2,1,p,2.687629918738656e-07,-2.0833070396999718e-06,-0.00017343931198806085,5.9854094869309646e-05,0.23630481197691308,0.9095181214967073,0.25981319821099197,1.8844450144194914e-10,1.4377069298335635e-06
FTTNN_CONDITIONAL_CORE_LEARNED,total,12,top,-1,-1,s,1.791967508339194e-05,-8.878904236629704e-06,-0.0001675317294758279,-0.0002780507862091289,0.24680093708344567,0.4382342339399896,0.5631712859685941,1.2670779648374608e-08,3.3385088803210597e-06
FTTNN_CONDITIONAL_CORE_LEARNED,scattered,12,top,-1,-1,s,1.7919675083436424e-05,-8.878904236619941e-06,-0.00016753172947578341,-0.00027805078620911914,0.24680093708344564,0.2468359522790033,0.9998581438593755,1.2670779648374608e-08,3.3385088803210597e-06
FTTNN_CONDITIONAL_CORE_LEARNED,outgoing,12,top,-1,-1,s,1.791967508339194e-05,-8.878904236629704e-06,-0.0001675317294758279,-0.0002780507862091289,0.24680093708344567,0.9130801710515086,0.2702949257995913,1.2670779648374608e-08,3.3385088803210597e-06
FTTNN_CONDITIONAL_CORE_LEARNED,boundary_outgoing,12,top,-1,-1,s,1.57537883340169e-05,-1.2319409428400856e-05,-0.00022030138827274493,-0.0002384248695454775,0.23630481197691308,0.9095181214967073,0.25981319821099197,1.2670779648374608e-08,3.3385088803210597e-06
FTTNN_CONDITIONAL_CORE_LEARNED,total,13,top,-1,-1,p,-2.6522601695412754e-05,1.4005445910821102e-05,-0.00012312018254765662,-0.00020515373533905003,0.24680093708344567,0.4382342339399896,0.5631712859685941,2.8500196658348692e-08,1.8136268113864188e-06
FTTNN_CONDITIONAL_CORE_LEARNED,scattered,13,top,-1,-1,p,-2.6522601695397457e-05,1.4005445910858086e-05,-0.00012312018254764134,-0.00020515373533901306,0.24680093708344564,0.2468359522790033,0.9998581438593755,2.8500196658348692e-08,1.8136268113864188e-06
FTTNN_CONDITIONAL_CORE_LEARNED,outgoing,13,top,-1,-1,p,-2.6522601695412754e-05,1.4005445910821102e-05,-0.00012312018254765662,-0.00020515373533905003,0.24680093708344567,0.9130801710515086,0.2702949257995913,2.8500196658348692e-08,1.8136268113864188e-06
FTTNN_CONDITIONAL_CORE_LEARNED,boundary_outgoing,13,top,-1,-1,p,-2.3142193456187687e-05,1.9079826987969015e-05,-0.00016206524324860404,-0.0001760155998907599,0.23630481197691308,0.9095181214967073,0.25981319821099197,2.8500196658348692e-08,1.8136268113864188e-06
FTTNN_CONDITIONAL_CORE_LEARNED,total,14,top,-1,0,s,0.00043875745381334954,0.001244594054317544,-0.0010285581087383054,0.0013279322632824794,0.24680093708344567,0.4382342339399896,0.5631712859685941,8.642680919323223e-05,0.00014001487940183894
FTTNN_CONDITIONAL_CORE_LEARNED,scattered,14,top,-1,0,s,0.00043875745381376105,0.0012445940543173723,-0.0010285581087378939,0.0013279322632823076,0.24680093708344564,0.2468359522790033,0.9998581438593755,8.642680919323223e-05,0.00014001487940183894
FTTNN_CONDITIONAL_CORE_LEARNED,outgoing,14,top,-1,0,s,0.00043875745381334954,0.001244594054317544,-0.0010285581087383054,0.0013279322632824794,0.24680093708344567,0.9130801710515086,0.2702949257995913,8.642680919323223e-05,0.00014001487940183894
FTTNN_CONDITIONAL_CORE_LEARNED,boundary_outgoing,14,top,-1,0,s,-0.00031406281088359794,-0.001281751541500633,0.0011543275989399616,-0.0012201900152203147,0.23630481197691308,0.9095181214967073,0.25981319821099197,8.642680919323223e-05,0.00014001487940183894
FTTNN_CONDITIONAL_CORE_LEARNED,total,15,top,-1,0,p,-4.829327195988924e-06,2.95941183901425e-06,1.0695710033665002e-15,-1.898478834981676e-15,0.24680093708344567,0.4382342339399896,0.5631712859685941,1.5920649917440531e-09,2.3563986760300565e-28
FTTNN_CONDITIONAL_CORE_LEARNED,scattered,15,top,-1,0,p,-4.829327195988924e-06,2.95941183901425e-06,1.0695710033665002e-15,-1.898478834981676e-15,0.24680093708344564,0.2468359522790033,0.9998581438593755,1.5920649917440531e-09,2.3563986760300565e-28
FTTNN_CONDITIONAL_CORE_LEARNED,outgoing,15,top,-1,0,p,-4.829327195988924e-06,2.95941183901425e-06,1.0695710033665002e-15,-1.898478834981676e-15,0.24680093708344567,0.9130801710515086,0.2702949257995913,1.5920649917440531e-09,2.3563986760300565e-28
FTTNN_CONDITIONAL_CORE_LEARNED,boundary_outgoing,15,top,-1,0,p,5.09728375133612e-06,-2.4694570166700058e-06,-1.2513260214317444e-15,1.783924663825131e-15,0.23630481197691308,0.9095181214967073,0.25981319821099197,1.5920649917440531e-09,2.3563986760300565e-28
FTTNN_CONDITIONAL_CORE_LEARNED,total,16,top,-1,1,s,1.9107935571728364e-05,-9.918949558400787e-06,-0.0001675317294752791,-0.00027805078621218255,0.24680093708344567,0.4382342339399896,0.5631712859685941,1.468407339245974e-08,3.338508880369034e-06
FTTNN_CONDITIONAL_CORE_LEARNED,scattered,16,top,-1,1,s,1.9107935571730122e-05,-9.918949558383492e-06,-0.00016753172947527734,-0.00027805078621216526,0.24680093708344564,0.2468359522790033,0.9998581438593755,1.468407339245974e-08,3.338508880369034e-06
FTTNN_CONDITIONAL_CORE_LEARNED,outgoing,16,top,-1,1,s,1.9107935571728364e-05,-9.918949558400787e-06,-0.0001675317294752791,-0.00027805078621218255,0.24680093708344567,0.9130801710515086,0.2702949257995913,1.468407339245974e-08,3.338508880369034e-06
FTTNN_CONDITIONAL_CORE_LEARNED,boundary_outgoing,16,top,-1,1,s,1.670716351265562e-05,-1.357827122710436e-05,-0.00022030138827282503,-0.00023842486954857905,0.23630481197691308,0.9095181214967073,0.25981319821099197,1.468407339245974e-08,3.338508880369034e-06
FTTNN_CONDITIONAL_CORE_LEARNED,total,17,top,-1,1,p,2.3674439965085472e-05,-1.1475577818940645e-05,0.00012312018254904267,0.00020515373533914856,0.24680093708344567,0.4382342339399896,0.5631712859685941,2.1928528084188764e-08,1.8136268113985115e-06
FTTNN_CONDITIONAL_CORE_LEARNED,scattered,17,top,-1,1,p,2.367443996508139e-05,-1.147557781896e-05,0.00012312018254903858,0.0002051537353391292,0.24680093708344564,0.2468359522790033,0.9998581438593755,2.1928528084188764e-08,1.8136268113985115e-06
FTTNN_CONDITIONAL_CORE_LEARNED,outgoing,17,top,-1,1,p,2.3674439965085472e-05,-1.1475577818940645e-05,0.00012312018254904267,0.00020515373533914856,0.24680093708344567,0.9130801710515086,0.2702949257995913,2.1928528084188764e-08,1.8136268113985115e-06
FTTNN_CONDITIONAL_CORE_LEARNED,boundary_outgoing,17,top,-1,1,p,2.0864508055307743e-05,-1.6026237785238218e-05,0.00016206524324998136,0.0001760155998905761,0.23630481197691308,0.9095181214967073,0.25981319821099197,2.1928528084188764e-08,1.8136268113985115e-06
FTTNN_CONDITIONAL_CORE_LEARNED,total,18,top,0,0,s,0.04579583618708726,-0.6214134114550752,0.026785429987131376,-0.4121567714282053,0.24680093708344567,0.4382342339399896,0.5631712859685941,0.8379529570917914,0.812256818464021
FTTNN_CONDITIONAL_CORE_LEARNED,scattered,18,top,0,0,s,-0.00026296891047388973,1.4912195926117163e-05,-0.01927337511042978,0.20927155222279603,0.24680093708344564,0.2468359522790033,0.9998581438593755,0.8379529570917914,0.812256818464021
FTTNN_CONDITIONAL_CORE_LEARNED,outgoing,18,top,0,0,s,-0.8814531755872934,-0.2469681281846957,-0.9004635817872493,-0.03771148815782577,0.24680093708344567,0.9130801710515086,0.2702949257995913,0.8379529570917914,0.812256818464021
FTTNN_CONDITIONAL_CORE_LEARNED,boundary_outgoing,18,top,0,0,s,-0.818170372843598,-0.4105486549642371,-0.8767420008873494,-0.208758909616445,0.23630481197691308,0.9095181214967073,0.25981319821099197,0.8379529570917914,0.812256818464021
FTTNN_CONDITIONAL_CORE_LEARNED,total,19,top,0,0,p,3.2077509771302973e-06,-3.38819469337298e-06,1.1196540890151039e-13,-5.214558791588342e-15,0.24680093708344567,0.4382342339399896,0.5631712859685941,2.1769529611476416e-11,1.2563444413870592e-26
FTTNN_CONDITIONAL_CORE_LEARNED,scattered,19,top,0,0,p,3.2077509770206824e-06,-3.3881946918940457e-06,1.1185579377514874e-13,-3.735624544869974e-15,0.24680093708344564,0.2468359522790033,0.9998581438593755,2.1769529611476416e-11,1.2563444413870592e-26
FTTNN_CONDITIONAL_CORE_LEARNED,outgoing,19,top,0,0,p,3.2077509771302973e-06,-3.38819469337298e-06,1.1196540890151039e-13,-5.214558791588342e-15,0.24680093708344567,0.9130801710515086,0.2702949257995913,2.1769529611476416e-11,1.2563444413870592e-26
FTTNN_CONDITIONAL_CORE_LEARNED,boundary_outgoing,19,top,0,0,p,3.7950774982091716e-06,-2.7142064022597138e-06,1.109046864019619e-13,1.6235607409513206e-14,0.23630481197691308,0.9095181214967073,0.25981319821099197,2.1769529611476416e-11,1.2563444413870592e-26
FTTNN_CONDITIONAL_CORE_LEARNED,total,20,bottom,-3,-1,s,-1.5005066151777108e-07,2.0613438017785492e-05,-4.909306826319978e-06,0.00011217325597253058,0.24680093708344567,0.4382342339399896,0.5631712859685941,1.2862176993188834e-08,3.815929255738811e-07
FTTNN_CONDITIONAL_CORE_LEARNED,scattered,20,bottom,-3,-1,s,-1.5005066151783763e-07,2.061343801778729e-05,-4.909306826320045e-06,0.00011217325597253238,0.24680093708344564,0.2468359522790033,0.9998581438593755,1.2862176993188834e-08,3.815929255738811e-07
FTTNN_CONDITIONAL_CORE_LEARNED,outgoing,20,bottom,-3,-1,s,-1.5005066151777108e-07,2.0613438017785492e-05,-4.909306826319978e-06,0.00011217325597253058,0.24680093708344567,0.9130801710515086,0.2702949257995913,1.2862176993188834e-08,3.815929255738811e-07
FTTNN_CONDITIONAL_CORE_LEARNED,boundary_outgoing,20,bottom,-3,-1,s,-1.5402795141548595e-05,1.3310062201360344e-05,-8.648303367237041e-05,6.939127777564956e-05,0.23630481197691308,0.9095181214967073,0.25981319821099197,1.2862176993188834e-08,3.815929255738811e-07
FTTNN_CONDITIONAL_CORE_LEARNED,total,21,bottom,-3,-1,p,-1.1819491410247635e-07,-2.48547498719593e-05,-1.5732873803997091e-06,7.928198517251047e-05,0.24680093708344567,0.4382342339399896,0.5631712859685941,1.869903615354079e-08,1.903314808729246e-07
FTTNN_CONDITIONAL_CORE_LEARNED,scattered,21,bottom,-3,-1,p,-1.1819491410609972e-07,-2.4854749871952133e-05,-1.5732873804033325e-06,7.928198517251764e-05,0.24680093708344564,0.2468359522790033,0.9998581438593755,1.869903615354079e-08,1.903314808729246e-07
FTTNN_CONDITIONAL_CORE_LEARNED,outgoing,21,bottom,-3,-1,p,-1.1819491410247635e-07,-2.48547498719593e-05,-1.5732873803997091e-06,7.928198517251047e-05,0.24680093708344567,0.9130801710515086,0.2702949257995913,1.869903615354079e-08,1.903314808729246e-07
FTTNN_CONDITIONAL_CORE_LEARNED,boundary_outgoing,21,bottom,-3,-1,p,1.8377235286766528e-05,-1.6270760601215005e-05,-5.9889780695573525e-05,5.0452604324837186e-05,0.23630481197691308,0.9095181214967073,0.25981319821099197,1.869903615354079e-08,1.903314808729246e-07
FTTNN_CONDITIONAL_CORE_LEARNED,total,22,bottom,-3,0,s,-0.000922785137478287,0.00022650139784120046,-0.0004924362020247129,-0.0001736752134376343,0.24680093708344567,0.4382342339399896,0.5631712859685941,4.3737788520358e-05,1.3208823483228831e-05
FTTNN_CONDITIONAL_CORE_LEARNED,scattered,22,bottom,-3,0,s,-0.0009227851374782892,0.00022650139784112657,-0.0004924362020247152,-0.0001736752134377082,0.24680093708344564,0.2468359522790033,0.9998581438593755,4.3737788520358e-05,1.3208823483228831e-05
FTTNN_CONDITIONAL_CORE_LEARNED,outgoing,22,bottom,-3,0,s,-0.000922785137478287,0.00022650139784120046,-0.0004924362020247129,-0.0001736752134376343,0.24680093708344567,0.9130801710515086,0.2702949257995913,4.3737788520358e-05,1.3208823483228831e-05
FTTNN_CONDITIONAL_CORE_LEARNED,boundary_outgoing,22,bottom,-3,0,s,-0.00042038384082490935,-0.0008437627150688824,6.074845422874771e-05,-0.0005144750722767751,0.23630481197691308,0.9095181214967073,0.25981319821099197,4.3737788520358e-05,1.3208823483228831e-05
FTTNN_CONDITIONAL_CORE_LEARNED,total,23,bottom,-3,0,p,3.3627500421156535e-07,1.9905260928823255e-06,-1.3274970028758873e-16,2.3198170478591657e-16,0.24680093708344567,0.4382342339399896,0.5631712859685941,1.974263940213785e-10,3.46080831114775e-30
FTTNN_CONDITIONAL_CORE_LEARNED,scattered,23,bottom,-3,0,p,3.3627500421156535e-07,1.9905260928823255e-06,-1.3274970028758873e-16,2.3198170478591657e-16,0.24680093708344564,0.2468359522790033,0.9998581438593755,1.974263940213785e-10,3.46080831114775e-30
FTTNN_CONDITIONAL_CORE_LEARNED,outgoing,23,bottom,-3,0,p,3.3627500421156535e-07,1.9905260928823255e-06,-1.3274970028758873e-16,2.3198170478591657e-16,0.24680093708344567,0.9130801710515086,0.2702949257995913,1.974263940213785e-10,3.46080831114775e-30
FTTNN_CONDITIONAL_CORE_LEARNED,boundary_outgoing,23,bottom,-3,0,p,-1.8532698228990883e-06,7.59389245477909e-07,-2.5346697492730613e-16,-7.791468315616378e-17,0.23630481197691308,0.9095181214967073,0.25981319821099197,1.974263940213785e-10,3.46080831114775e-30
FTTNN_CONDITIONAL_CORE_LEARNED,total,24,bottom,-3,1,s,-1.1041377931554656e-07,1.8744132652440138e-05,-4.909306828951654e-06,0.00011217325597379069,0.24680093708344567,0.4382342339399896,0.5631712859685941,1.0634972564423124e-08,3.8159292558322023e-07
FTTNN_CONDITIONAL_CORE_LEARNED,scattered,24,bottom,-3,1,s,-1.1041377931674971e-07,1.874413265243925e-05,-4.9093068289528565e-06,0.00011217325597378981,0.24680093708344564,0.2468359522790033,0.9998581438593755,1.0634972564423124e-08,3.8159292558322023e-07
FTTNN_CONDITIONAL_CORE_LEARNED,outgoing,24,bottom,-3,1,s,-1.1041377931554656e-07,1.8744132652440138e-05,-4.909306828951654e-06,0.00011217325597379069,0.24680093708344567,0.9130801710515086,0.2702949257995913,1.0634972564423124e-08,3.8159292558322023e-07
FTTNN_CONDITIONAL_CORE_LEARNED,boundary_outgoing,24,bottom,-3,1,s,-1.398906276654937e-05,1.212238145803034e-05,-8.648303367501951e-05,6.939127777451605e-05,0.23630481197691308,0.9095181214967073,0.25981319821099197,1.0634972564423124e-08,3.8159292558322023e-07
FTTNN_CONDITIONAL_CORE_LEARNED,total,25,bottom,-3,1,p,8.538510583647762e-08,2.933202521519175e-05,1.5732873796791848e-06,-7.9281985174855e-05,0.24680093708344567,0.4382342339399896,0.5631712859685941,2.6042242930411417e-08,1.903314808841085e-07
FTTNN_CONDITIONAL_CORE_LEARNED,scattered,25,bottom,-3,1,p,8.538510584516319e-08,2.933202521519158e-05,1.5732873796878703e-06,-7.928198517485518e-05,0.24680093708344564,0.2468359522790033,0.9998581438593755,2.6042242930411417e-08,1.903314808841085e-07
FTTNN_CONDITIONAL_CORE_LEARNED,outgoing,25,bottom,-3,1,p,8.538510583647762e-08,2.933202521519175e-05,1.5732873796791848e-06,-7.9281985174855e-05,0.24680093708344567,0.9130801710515086,0.2702949257995913,2.6042242930411417e-08,1.903314808841085e-07
FTTNN_CONDITIONAL_CORE_LEARNED,boundary_outgoing,25,bottom,-3,1,p,-2.172289203494687e-05,1.9161567487118646e-05,5.9889780696845165e-05,-5.0452604326898695e-05,0.23630481197691308,0.9095181214967073,0.25981319821099197,2.6042242930411417e-08,1.903314808841085e-07
FTTNN_CONDITIONAL_CORE_LEARNED,total,26,bottom,-2,-1,s,-2.8515197954147647e-07,7.692156889443954e-07,7.745485652971132e-07,2.4717345258705883e-06,0.24680093708344567,0.4382342339399896,0.5631712859685941,2.791075084694426e-11,2.7825122930511906e-10
FTTNN_CONDITIONAL_CORE_LEARNED,scattered,26,bottom,-2,-1,s,-2.851519795414765e-07,7.692156889443951e-07,7.745485652971132e-07,2.471734525870588e-06,0.24680093708344564,0.2468359522790033,0.9998581438593755,2.791075084694426e-11,2.7825122930511906e-10
FTTNN_CONDITIONAL_CORE_LEARNED,outgoing,26,bottom,-2,-1,s,-2.8515197954147647e-07,7.692156889443954e-07,7.745485652971132e-07,2.4717345258705883e-06,0.24680093708344567,0.9130801710515086,0.2702949257995913,2.791075084694426e-11,2.7825122930511906e-10
FTTNN_CONDITIONAL_CORE_LEARNED,boundary_outgoing,26,bottom,-2,-1,s,-8.114855737490136e-07,4.6890708263505576e-08,-1.935589521620524e-06,1.6853186586884327e-06,0.23630481197691308,0.9095181214967073,0.25981319821099197,2.791075084694426e-11,2.7825122930511906e-10
FTTNN_CONDITIONAL_CORE_LEARNED,total,27,bottom,-2,-1,p,1.3158771190560989e-06,1.0519290449518327e-06,-3.630225008417201e-05,0.0001883234131536643,0.24680093708344567,0.4382342339399896,0.5631712859685941,1.177007824825189e-10,1.5254830024257906e-06
FTTNN_CONDITIONAL_CORE_LEARNED,scattered,27,bottom,-2,-1,p,1.3158771190492472e-06,1.0519290449475503e-06,-3.630225008417886e-05,0.00018832341315366003,0.24680093708344564,0.2468359522790033,0.9998581438593755,1.177007824825189e-10,1.5254830024257906e-06
FTTNN_CONDITIONAL_CORE_LEARNED,outgoing,27,bottom,-2,-1,p,1.3158771190560989e-06,1.0519290449518327e-06,-3.630225008417201e-05,0.0001883234131536643,0.24680093708344567,0.9130801710515086,0.2702949257995913,1.177007824825189e-10,1.5254830024257906e-06
FTTNN_CONDITIONAL_CORE_LEARNED,boundary_outgoing,27,bottom,-2,-1,p,-4.3180176849999306e-07,1.612382773498164e-06,-0.0001853545253180435,4.1894719858193056e-05,0.23630481197691308,0.9095181214967073,0.25981319821099197,1.177007824825189e-10,1.5254830024257906e-06
FTTNN_CONDITIONAL_CORE_LEARNED,total,28,bottom,-2,0,s,1.6469269407174618e-06,-8.697738187331773e-05,-0.00018404130862068258,1.7489532595230964e-05,0.24680093708344567,0.4382342339399896,0.5631712859685941,4.2515317797629886e-07,1.9200481909981673e-06
FTTNN_CONDITIONAL_CORE_LEARNED,scattered,28,bottom,-2,0,s,1.6469269407017047e-06,-8.697738187327572e-05,-0.00018404130862069833,1.7489532595272983e-05,0.24680093708344564,0.2468359522790033,0.9998581438593755,4.2515317797629886e-07,1.9200481909981673e-06
FTTNN_CONDITIONAL_CORE_LEARNED,outgoing,28,bottom,-2,0,s,1.6469269407174618e-06,-8.697738187331773e-05,-0.00018404130862068258,1.7489532595230964e-05,0.24680093708344567,0.9130801710515086,0.2702949257995913,4.2515317797629886e-07,1.9200481909981673e-06
FTTNN_CONDITIONAL_CORE_LEARNED,boundary_outgoing,28,bottom,-2,0,s,8.639619751317466e-05,8.172156363283125e-07,-1.910128656019509e-05,-0.00018261418318362527,0.23630481197691308,0.9095181214967073,0.25981319821099197,4.2515317797629886e-07,1.9200481909981673e-06
FTTNN_CONDITIONAL_CORE_LEARNED,total,29,bottom,-2,0,p,-2.2262667656207813e-06,1.0781107576849573e-06,-1.953215047833636e-16,3.0838854490696276e-16,0.24680093708344567,0.4382342339399896,0.5631712859685941,3.4373851008524595e-10,7.486128714139298e-30
FTTNN_CONDITIONAL_CORE_LEARNED,scattered,29,bottom,-2,0,p,-2.2262667656207813e-06,1.0781107576849573e-06,-1.953215047833636e-16,3.0838854490696276e-16,0.24680093708344564,0.2468359522790033,0.9998581438593755,3.4373851008524595e-10,7.486128714139298e-30
FTTNN_CONDITIONAL_CORE_LEARNED,outgoing,29,bottom,-2,0,p,-2.2262667656207813e-06,1.0781107576849573e-06,-1.953215047833636e-16,3.0838854490696276e-16,0.24680093708344567,0.9130801710515086,0.2702949257995913,3.4373851008524595e-10,7.486128714139298e-30
FTTNN_CONDITIONAL_CORE_LEARNED,boundary_outgoing,29,bottom,-2,0,p,-1.0916627580827787e-06,-2.2008496834361793e-06,-3.081108181661143e-16,-1.9107978283180129e-16,0.23630481197691308,0.9095181214967073,0.25981319821099197,3.4373851008524595e-10,7.486128714139298e-30
FTTNN_CONDITIONAL_CORE_LEARNED,total,30,bottom,-2,1,s,-2.931585656160838e-07,7.734307867283956e-07,7.745485660026084e-07,2.4717345262717786e-06,0.24680093708344567,0.4382342339399896,0.5631712859685941,2.8372444667215818e-11,2.7825122943269296e-10
FTTNN_CONDITIONAL_CORE_LEARNED,scattered,30,bottom,-2,1,s,-2.9315856561608353e-07,7.734307867283943e-07,7.745485660026087e-07,2.4717345262717774e-06,0.24680093708344564,0.2468359522790033,0.9998581438593755,2.8372444667215818e-11,2.7825122943269296e-10
FTTNN_CONDITIONAL_CORE_LEARNED,outgoing,30,bottom,-2,1,s,-2.931585656160838e-07,7.734307867283956e-07,7.745485660026084e-07,2.4717345262717786e-06,0.24680093708344567,0.9130801710515086,0.2702949257995913,2.8372444667215818e-11,2.7825122943269296e-10
FTTNN_CONDITIONAL_CORE_LEARNED,boundary_outgoing,30,bottom,-2,1,s,-8.184932887650784e-07,4.1298887364686884e-08,-1.9355895217042767e-06,1.6853186594882002e-06,0.23630481197691308,0.9095181214967073,0.25981319821099197,2.8372444667215818e-11,2.7825122943269296e-10
FTTNN_CONDITIONAL_CORE_LEARNED,total,31,bottom,-2,1,p,1.315790736211359e-06,1.0523709842680877e-06,3.630225008297548e-05,-0.00018832341315286793,0.24680093708344567,0.4382342339399896,0.5631712859685941,1.1772992235721705e-10,1.5254830024097482e-06
FTTNN_CONDITIONAL_CORE_LEARNED,scattered,31,bottom,-2,1,p,1.3157907362036509e-06,1.0523709842797357e-06,3.630225008296777e-05,-0.00018832341315285628,0.24680093708344564,0.2468359522790033,0.9998581438593755,1.1772992235721705e-10,1.5254830024097482e-06
FTTNN_CONDITIONAL_CORE_LEARNED,outgoing,31,bottom,-2,1,p,1.315790736211359e-06,1.0523709842680877e-06,3.630225008297548e-05,-0.00018832341315286793,0.24680093708344567,0.9130801710515086,0.2702949257995913,1.1772992235721705e-10,1.5254830024097482e-06
FTTNN_CONDITIONAL_CORE_LEARNED,boundary_outgoing,31,bottom,-2,1,p,-4.3223721452288124e-07,1.6124800059281677e-06,0.00018535452531684516,-4.189471985896257e-05,0.23630481197691308,0.9095181214967073,0.25981319821099197,1.1772992235721705e-10,1.5254830024097482e-06
FTTNN_CONDITIONAL_CORE_LEARNED,total,32,bottom,-1,-1,s,1.3206416088079662e-06,-1.871251573618952e-05,-0.00033718347041335526,-1.6668060240140516e-05,0.24680093708344567,0.4382342339399896,0.5631712859685941,1.0657213685228938e-08,3.4515489579344382e-06
FTTNN_CONDITIONAL_CORE_LEARNED,scattered,32,bottom,-1,-1,s,1.3206416088078766e-06,-1.8712515736185193e-05,-0.00033718347041335536,-1.666806024013619e-05,0.24680093708344564,0.2468359522790033,0.9998581438593755,1.0657213685228938e-08,3.4515489579344382e-06
FTTNN_CONDITIONAL_CORE_LEARNED,outgoing,32,bottom,-1,-1,s,1.3206416088079662e-06,-1.871251573618952e-05,-0.00033718347041335526,-1.6668060240140516e-05,0.24680093708344567,0.9130801710515086,0.2702949257995913,1.0657213685228938e-08,3.4515489579344382e-06
FTTNN_CONDITIONAL_CORE_LEARNED,boundary_outgoing,32,bottom,-1,-1,s,1.4758611056795348e-05,-1.1196782615184022e-05,-0.00020705147255067278,-0.00026129824663100645,0.23630481197691308,0.9095181214967073,0.25981319821099197,1.0657213685228938e-08,3.4515489579344382e-06
FTTNN_CONDITIONAL_CORE_LEARNED,total,33,bottom,-1,-1,p,1.3660471499231524e-06,-2.794325521083422e-05,0.0002479992366175502,8.609260274623294e-06,0.24680093708344567,0.4382342339399896,0.5631712859685941,2.3703484347102497e-08,1.8648558637476027e-06
FTTNN_CONDITIONAL_CORE_LEARNED,scattered,33,bottom,-1,-1,p,1.3660471499056855e-06,-2.794325521084231e-05,0.00024799923661753275,8.609260274615205e-06,0.24680093708344564,0.2468359522790033,0.9998581438593755,2.3703484347102497e-08,1.8648558637476027e-06
FTTNN_CONDITIONAL_CORE_LEARNED,outgoing,33,bottom,-1,-1,p,1.3660471499231524e-06,-2.794325521083422e-05,0.0002479992366175502,8.609260274623294e-06,0.24680093708344567,0.9130801710515086,0.2702949257995913,2.3703484347102497e-08,1.8648558637476027e-06
FTTNN_CONDITIONAL_CORE_LEARNED,boundary_outgoing,33,bottom,-1,-1,p,2.16445106134471e-05,-1.7170232021896487e-05,0.00015499807170421564,0.00018981004150854804,0.23630481197691308,0.9095181214967073,0.25981319821099197,2.3703484347102497e-08,1.8648558637476027e-06
FTTNN_CONDITIONAL_CORE_LEARNED,total,34,bottom,-1,0,s,-0.0009434287735972807,0.00022509225250642818,-0.0011348134234953988,-0.0008861976207941805,0.24680093708344567,0.4382342339399896,0.5631712859685941,4.5582877149467424e-05,0.00010045454435778903
FTTNN_CONDITIONAL_CORE_LEARNED,scattered,34,bottom,-1,0,s,-0.000943428773597295,0.0002250922525064387,-0.0011348134234954131,-0.00088619762079417,0.24680093708344564,0.2468359522790033,0.9998581438593755,4.5582877149467424e-05,0.00010045454435778903
FTTNN_CONDITIONAL_CORE_LEARNED,outgoing,34,bottom,-1,0,s,-0.0009434287735972807,0.00022509225250642818,-0.0011348134234953988,-0.0008861976207941805,0.24680093708344567,0.9130801710515086,0.2702949257995913,4.5582877149467424e-05,0.00010045454435778903
FTTNN_CONDITIONAL_CORE_LEARNED,boundary_outgoing,34,bottom,-1,0,s,-0.000423280160553341,-0.0008641696195779276,0.0006107069086373302,-0.0012913701554319347,0.23630481197691308,0.9095181214967073,0.25981319821099197,4.5582877149467424e-05,0.00010045454435778903
FTTNN_CONDITIONAL_CORE_LEARNED,total,35,bottom,-1,0,p,2.45310893454268e-07,1.911211414411999e-06,-4.465027736885759e-16,-2.0865938982257457e-16,0.24680093708344567,0.4382342339399896,0.5631712859685941,1.7990919119931866e-10,1.1769907587313279e-29
FTTNN_CONDITIONAL_CORE_LEARNED,scattered,35,bottom,-1,0,p,2.45310893454268e-07,1.911211414411999e-06,-4.465027736885759e-16,-2.0865938982257457e-16,0.24680093708344564,0.2468359522790033,0.9998581438593755,1.7990919119931866e-10,1.1769907587313279e-29
FTTNN_CONDITIONAL_CORE_LEARNED,outgoing,35,bottom,-1,0,p,2.45310893454268e-07,1.911211414411999e-06,-4.465027736885759e-16,-2.0865938982257457e-16,0.24680093708344567,0.9130801710515086,0.2702949257995913,1.7990919119931866e-10,1.1769907587313279e-29
FTTNN_CONDITIONAL_CORE_LEARNED,boundary_outgoing,35,bottom,-1,0,p,-1.7965177678487324e-06,6.535584688968732e-07,1.0475495179447351e-16,-4.776152653530708e-16,0.23630481197691308,0.9095181214967073,0.25981319821099197,1.7990919119931866e-10,1.1769907587313279e-29
FTTNN_CONDITIONAL_CORE_LEARNED,total,36,bottom,-1,1,s,1.2380990713629932e-06,-1.9858466846400674e-05,-0.00033718347041209904,-1.6668060241286416e-05,0.24680093708344567,0.4382342339399896,0.5631712859685941,1.1989409700237138e-08,3.4515489579099395e-06
FTTNN_CONDITIONAL_CORE_LEARNED,scattered,36,bottom,-1,1,s,1.2380990713645771e-06,-1.9858466846402687e-05,-0.00033718347041209747,-1.666806024128843e-05,0.24680093708344564,0.2468359522790033,0.9998581438593755,1.1989409700237138e-08,3.4515489579099395e-06
FTTNN_CONDITIONAL_CORE_LEARNED,outgoing,36,bottom,-1,1,s,1.2380990713629932e-06,-1.9858466846400674e-05,-0.00033718347041209904,-1.6668060241286416e-05,0.24680093708344567,0.9130801710515086,0.2702949257995913,1.1989409700237138e-08,3.4515489579099395e-06
FTTNN_CONDITIONAL_CORE_LEARNED,boundary_outgoing,36,bottom,-1,1,s,1.5556076423113092e-05,-1.2003854461199327e-05,-0.00020705147254900414,-0.0002612982466308191,0.23630481197691308,0.9095181214967073,0.25981319821099197,1.1989409700237138e-08,3.4515489579099395e-06
FTTNN_CONDITIONAL_CORE_LEARNED,total,37,bottom,-1,1,p,-1.6035475102234432e-06,2.5118250885426264e-05,-0.000247999236616804,-8.609260275602887e-06,0.24680093708344567,0.4382342339399896,0.5631712859685941,1.9185216036695716e-08,1.8648558637369045e-06
FTTNN_CONDITIONAL_CORE_LEARNED,scattered,37,bottom,-1,1,p,-1.6035475102172065e-06,2.511825088543051e-05,-0.00024799923661679776,-8.609260275598644e-06,0.24680093708344564,0.2468359522790033,0.9998581438593755,1.9185216036695716e-08,1.8648558637369045e-06
FTTNN_CONDITIONAL_CORE_LEARNED,outgoing,37,bottom,-1,1,p,-1.6035475102234432e-06,2.5118250885426264e-05,-0.000247999236616804,-8.609260275602887e-06,0.24680093708344567,0.9130801710515086,0.2702949257995913,1.9185216036695716e-08,1.8648558637369045e-06
FTTNN_CONDITIONAL_CORE_LEARNED,boundary_outgoing,37,bottom,-1,1,p,-1.970073203363043e-05,1.5155368271643664e-05,-0.0001549980717030024,-0.00018981004150863128,0.23630481197691308,0.9095181214967073,0.25981319821099197,1.9185216036695716e-08,1.8648558637369045e-06
FTTNN_CONDITIONAL_CORE_LEARNED,total,38,bottom,0,0,s,0.11866799439017099,-0.24709131249986094,0.07718950242782177,-0.12447475436113979,0.24680093708344567,0.4382342339399896,0.5631712859685941,0.1132426792345148,0.032331984498269135
FTTNN_CONDITIONAL_CORE_LEARNED,scattered,38,bottom,0,0,s,-0.00012905362463246482,-4.2672727135699546e-05,-0.041607545586981674,0.12257388541158544,0.24680093708344564,0.2468359522790033,0.9998581438593755,0.1132426792345148,0.032331984498269135
FTTNN_CONDITIONAL_CORE_LEARNED,outgoing,38,bottom,0,0,s,0.11866799439017099,-0.24709131249986094,0.07718950242782177,-0.12447475436113979,0.24680093708344567,0.9130801710515086,0.2702949257995913,0.1132426792345148,0.032331984498269135
FTTNN_CONDITIONAL_CORE_LEARNED,boundary_outgoing,38,bottom,0,0,s,0.1111422286330959,-0.20011227742038284,0.07050175899447489,-0.09994772920440079,0.23630481197691308,0.9095181214967073,0.25981319821099197,0.1132426792345148,0.032331984498269135
FTTNN_CONDITIONAL_CORE_LEARNED,total,39,bottom,0,0,p,-1.465897033091762e-06,2.3329393595276556e-05,2.4167599005431038e-15,5.725178855579965e-15,0.24680093708344567,0.4382342339399896,0.5631712859685941,8.235293142019943e-10,5.820430999983165e-29
FTTNN_CONDITIONAL_CORE_LEARNED,scattered,39,bottom,0,0,p,-1.465897032842704e-06,2.3329393595518167e-05,2.6658179463359154e-15,5.966790876859179e-15,0.24680093708344564,0.2468359522790033,0.9998581438593755,8.235293142019943e-10,5.820430999983165e-29
FTTNN_CONDITIONAL_CORE_LEARNED,outgoing,39,bottom,0,0,p,-1.465897033091762e-06,2.3329393595276556e-05,2.4167599005431038e-15,5.725178855579965e-15,0.24680093708344567,0.9130801710515086,0.2702949257995913,8.235293142019943e-10,5.820430999983165e-29
FTTNN_CONDITIONAL_CORE_LEARNED,boundary_outgoing,39,bottom,0,0,p,-2.3755992139976563e-06,1.9375357902093328e-05,1.7315585978917311e-15,4.892126973773713e-15,0.23630481197691308,0.9095181214967073,0.25981319821099197,8.235293142019943e-10,5.820430999983165e-29
FTTNN_CONDITIONAL_CORE_FROZEN,total,0,top,-3,-1,s,-1.7987115744814665e-05,1.028460987720748e-05,-9.195140170809825e-05,5.576925993858354e-05,0.24680471240661547,0.4382342339399896,0.5631799008208294,1.3594148982993511e-08,3.662159813318062e-07
FTTNN_CONDITIONAL_CORE_FROZEN,scattered,0,top,-3,-1,s,-1.7987115744819327e-05,1.0284609877203201e-05,-9.195140170810291e-05,5.5769259938579254e-05,0.2468047124066155,0.2468359522790033,0.9998734387268169,1.3594148982993511e-08,3.662159813318062e-07
FTTNN_CONDITIONAL_CORE_FROZEN,outgoing,0,top,-3,-1,s,-1.7987115744814665e-05,1.028460987720748e-05,-9.195140170809825e-05,5.576925993858354e-05,0.24680471240661547,0.9130801710515086,0.27029906051118563,1.3594148982993511e-08,3.662159813318062e-07
FTTNN_CONDITIONAL_CORE_FROZEN,boundary_outgoing,0,top,-3,-1,s,-1.5493947689418472e-05,1.3756711748861981e-05,-7.855082196187339e-05,7.345092919286605e-05,0.23630856214389456,0.9095181214967073,0.2598173214570195,1.3594148982993511e-08,3.662159813318062e-07
FTTNN_CONDITIONAL_CORE_FROZEN,total,1,top,-3,-1,p,-2.5328434828455678e-05,1.5481068722453018e-05,6.491873565175626e-05,-4.0080513039853855e-05,0.24680471240661547,0.4382342339399896,0.5631799008208294,2.790310802485584e-08,1.843193233752179e-07
FTTNN_CONDITIONAL_CORE_FROZEN,scattered,1,top,-3,-1,p,-2.5328434828467638e-05,1.5481068722450988e-05,6.49187356517443e-05,-4.008051303985588e-05,0.2468047124066155,0.2468359522790033,0.9998734387268169,2.790310802485584e-08,1.843193233752179e-07
FTTNN_CONDITIONAL_CORE_FROZEN,outgoing,1,top,-3,-1,p,-2.5328434828455678e-05,1.5481068722453018e-05,6.491873565175626e-05,-4.0080513039853855e-05,0.24680471240661547,0.9130801710515086,0.27029906051118563,2.790310802485584e-08,1.843193233752179e-07
FTTNN_CONDITIONAL_CORE_FROZEN,boundary_outgoing,1,top,-3,-1,p,-2.1612729931673894e-05,2.0349029572664322e-05,5.531274235513715e-05,-5.254893240889601e-05,0.23630856214389456,0.9095181214967073,0.2598173214570195,2.790310802485584e-08,1.843193233752179e-07
FTTNN_CONDITIONAL_CORE_FROZEN,total,2,top,-3,0,s,0.00042612938359726964,0.001228480671495544,-0.0001921902009470994,0.00048817928501632254,0.24680471240661547,0.4382342339399896,0.5631799008208294,8.389012882228048e-05,1.365740342110789e-05
FTTNN_CONDITIONAL_CORE_FROZEN,scattered,2,top,-3,0,s,0.0004261293835971192,0.001228480671495609,-0.00019219020094724982,0.00048817928501638765,0.2468047124066155,0.2468359522790033,0.9998734387268169,8.389012882228048e-05,1.365740342110789e-05
FTTNN_CONDITIONAL_CORE_FROZEN,outgoing,2,top,-3,0,s,0.00042612938359726964,0.001228480671495544,-0.0001921902009470994,0.00048817928501632254,0.24680471240661547,0.9130801710515086,0.27029906051118563,8.389012882228048e-05,1.365740342110789e-05
FTTNN_CONDITIONAL_CORE_FROZEN,boundary_outgoing,2,top,-3,0,s,-0.00030552750370202913,-0.0012638844710988178,0.0002384264874377627,-0.00046734237743567054,0.23630856214389456,0.9095181214967073,0.2598173214570195,8.389012882228048e-05,1.365740342110789e-05
FTTNN_CONDITIONAL_CORE_FROZEN,total,3,top,-3,0,p,-4.83977129188788e-06,3.423571474925842e-06,1.2553482268998042e-15,3.668039838538298e-15,0.24680471240661547,0.4382342339399896,0.5631799008208294,1.7437539750460578e-09,7.457653301374714e-28
FTTNN_CONDITIONAL_CORE_FROZEN,scattered,3,top,-3,0,p,-4.83977129188788e-06,3.423571474925842e-06,1.2553482268998042e-15,3.668039838538298e-15,0.2468047124066155,0.2468359522790033,0.9998734387268169,1.7437539750460578e-09,7.457653301374714e-28
FTTNN_CONDITIONAL_CORE_FROZEN,outgoing,3,top,-3,0,p,-4.83977129188788e-06,3.423571474925842e-06,1.2553482268998042e-15,3.668039838538298e-15,0.24680471240661547,0.9130801710515086,0.27029906051118563,1.7437539750460578e-09,7.457653301374714e-28
FTTNN_CONDITIONAL_CORE_FROZEN,boundary_outgoing,3,top,-3,0,p,5.147709276036349e-06,-2.940291994193318e-06,-8.953304260694988e-16,-3.7721080122444466e-15,0.23630856214389456,0.9095181214967073,0.2598173214570195,1.7437539750460578e-09,7.457653301374714e-28
FTTNN_CONDITIONAL_CORE_FROZEN,total,4,top,-3,1,s,-1.844869842173126e-05,1.1086391601106924e-05,-9.195140170915746e-05,5.576925994137385e-05,0.24680471240661547,0.4382342339399896,0.5631799008208294,1.4669276283208089e-08,3.6621598134782935e-07
FTTNN_CONDITIONAL_CORE_FROZEN,scattered,4,top,-3,1,s,-1.8448698421721038e-05,1.1086391601109948e-05,-9.195140170914724e-05,5.5769259941376876e-05,0.2468047124066155,0.2468359522790033,0.9998734387268169,1.4669276283208089e-08,3.6621598134782935e-07
FTTNN_CONDITIONAL_CORE_FROZEN,outgoing,4,top,-3,1,s,-1.844869842173126e-05,1.1086391601106924e-05,-9.195140170915746e-05,5.576925994137385e-05,0.24680471240661547,0.9130801710515086,0.27029906051118563,1.4669276283208089e-08,3.6621598134782935e-07
FTTNN_CONDITIONAL_CORE_FROZEN,boundary_outgoing,4,top,-3,1,s,-1.5781182216213737e-05,1.4636148402081161e-05,-7.855082196233748e-05,7.345092919581435e-05,0.23630856214389456,0.9095181214967073,0.2598173214570195,1.4669276283208089e-08,3.6621598134782935e-07
FTTNN_CONDITIONAL_CORE_FROZEN,total,5,top,-3,1,p,2.413510586292602e-05,-1.35311936743082e-05,-6.491873565012055e-05,4.0080513039672495e-05,0.24680471240661547,0.4382342339399896,0.5631799008208294,2.4242726016936155e-08,1.843193233680326e-07
FTTNN_CONDITIONAL_CORE_FROZEN,scattered,5,top,-3,1,p,2.413510586293942e-05,-1.3531193674293391e-05,-6.491873565010715e-05,4.00805130396873e-05,0.2468047124066155,0.2468359522790033,0.9998734387268169,2.4242726016936155e-08,1.843193233680326e-07
FTTNN_CONDITIONAL_CORE_FROZEN,outgoing,5,top,-3,1,p,2.413510586292602e-05,-1.35311936743082e-05,-6.491873565012055e-05,4.0080513039672495e-05,0.24680471240661547,0.9130801710515086,0.27029906051118563,2.4242726016936155e-08,1.843193233680326e-07
FTTNN_CONDITIONAL_CORE_FROZEN,boundary_outgoing,5,top,-3,1,p,2.0844909511871364e-05,-1.8195776562383338e-05,-5.5312742353573465e-05,5.2548932408382856e-05,0.23630856214389456,0.9095181214967073,0.2598173214570195,2.4242726016936155e-08,1.843193233680326e-07
FTTNN_CONDITIONAL_CORE_FROZEN,total,6,top,-2,-1,s,7.571143067610034e-07,1.2651740086792632e-06,2.344516502433825e-06,9.65817440460633e-07,0.24680471240661547,0.4382342339399896,0.5631799008208294,9.284220672731154e-11,2.745931746845648e-10
FTTNN_CONDITIONAL_CORE_FROZEN,scattered,6,top,-2,-1,s,7.571143067610038e-07,1.2651740086792678e-06,2.3445165024338254e-06,9.658174404606376e-07,0.2468047124066155,0.2468359522790033,0.9998734387268169,9.284220672731154e-11,2.745931746845648e-10
FTTNN_CONDITIONAL_CORE_FROZEN,outgoing,6,top,-2,-1,s,7.571143067610034e-07,1.2651740086792632e-06,2.344516502433825e-06,9.65817440460633e-07,0.24680471240661547,0.9130801710515086,0.27029906051118563,9.284220672731154e-11,2.745931746845648e-10
FTTNN_CONDITIONAL_CORE_FROZEN,boundary_outgoing,6,top,-2,-1,s,-1.4457119074047986e-06,2.894899420147965e-07,-1.6954805776036832e-06,1.8854459868824524e-06,0.23630856214389456,0.9095181214967073,0.2598173214570195,9.284220672731154e-11,2.745931746845648e-10
FTTNN_CONDITIONAL_CORE_FROZEN,total,7,top,-2,-1,p,-7.279322000774737e-07,2.441915721817612e-07,-0.00011450210530953003,-0.00014336308972240936,0.24680471240661547,0.4382342339399896,0.5631799008208294,2.517695138912602e-11,1.437706929814518e-06
FTTNN_CONDITIONAL_CORE_FROZEN,scattered,7,top,-2,-1,p,-7.279322000428359e-07,2.441915721671091e-07,-0.00011450210530949539,-0.00014336308972242402,0.2468047124066155,0.2468359522790033,0.9998734387268169,2.517695138912602e-11,1.437706929814518e-06
FTTNN_CONDITIONAL_CORE_FROZEN,outgoing,7,top,-2,-1,p,-7.279322000774737e-07,2.441915721817612e-07,-0.00011450210530953003,-0.00014336308972240936,0.24680471240661547,0.9130801710515086,0.27029906051118563,2.517695138912602e-11,1.437706929814518e-06
FTTNN_CONDITIONAL_CORE_FROZEN,boundary_outgoing,7,top,-2,-1,p,1.3798707300324608e-08,-7.676746755697179e-07,0.00017343931198744156,-5.9854094867379096e-05,0.23630856214389456,0.9095181214967073,0.2598173214570195,2.517695138912602e-11,1.437706929814518e-06
FTTNN_CONDITIONAL_CORE_FROZEN,total,8,top,-2,0,s,-8.892351710382544e-06,4.713507012496285e-05,0.00016425932553326252,-5.6207388544626634e-05,0.24680471240661547,0.4382342339399896,0.5631799008208294,1.318321766232611e-07,1.7270051732052553e-06
FTTNN_CONDITIONAL_CORE_FROZEN,scattered,8,top,-2,0,s,-8.892351710441757e-06,4.7135070124807235e-05,0.0001642593255332033,-5.620738854478225e-05,0.2468047124066155,0.2468359522790033,0.9998734387268169,1.318321766232611e-07,1.7270051732052553e-06
FTTNN_CONDITIONAL_CORE_FROZEN,outgoing,8,top,-2,0,s,-8.892351710382544e-06,4.713507012496285e-05,0.00016425932553326252,-5.6207388544626634e-05,0.24680471240661547,0.9130801710515086,0.27029906051118563,1.318321766232611e-07,1.7270051732052553e-06
FTTNN_CONDITIONAL_CORE_FROZEN,boundary_outgoing,8,top,-2,0,s,4.713507125901192e-05,8.892345699205477e-06,-5.6207409492762594e-05,-0.00016425931836508344,0.23630856214389456,0.9095181214967073,0.2598173214570195,1.318321766232611e-07,1.7270051732052553e-06
FTTNN_CONDITIONAL_CORE_FROZEN,total,9,top,-2,0,p,-1.2271569937063213e-06,-2.2174799020276664e-07,-1.731002669799771e-16,1.1404235647096274e-15,0.24680471240661547,0.4382342339399896,0.5631799008208294,8.91044135324915e-11,7.623760074136061e-29
FTTNN_CONDITIONAL_CORE_FROZEN,scattered,9,top,-2,0,p,-1.2271569937063213e-06,-2.2174799020276664e-07,-1.731002669799771e-16,1.1404235647096274e-15,0.2468047124066155,0.2468359522790033,0.9998734387268169,8.91044135324915e-11,7.623760074136061e-29
FTTNN_CONDITIONAL_CORE_FROZEN,outgoing,9,top,-2,0,p,-1.2271569937063213e-06,-2.2174799020276664e-07,-1.731002669799771e-16,1.1404235647096274e-15,0.24680471240661547,0.9130801710515086,0.27029906051118563,8.91044135324915e-11,7.623760074136061e-29
FTTNN_CONDITIONAL_CORE_FROZEN,boundary_outgoing,9,top,-2,0,p,-2.217478337023529e-07,1.2271570219860278e-06,1.1404235867852477e-15,1.7310012154075433e-16,0.23630856214389456,0.9095181214967073,0.2598173214570195,8.91044135324915e-11,7.623760074136061e-29
FTTNN_CONDITIONAL_CORE_FROZEN,total,10,top,-2,1,s,7.528497281823061e-07,1.2656738965315972e-06,2.3445165013757525e-06,9.658174394089157e-07,0.24680471240661547,0.4382342339399896,0.5631799008208294,9.262122654720184e-11,2.745931743859139e-10
FTTNN_CONDITIONAL_CORE_FROZEN,scattered,10,top,-2,1,s,7.528497281823029e-07,1.2656738965315964e-06,2.344516501375749e-06,9.658174394089149e-07,0.2468047124066155,0.2468359522790033,0.9998734387268169,9.262122654720184e-11,2.745931743859139e-10
FTTNN_CONDITIONAL_CORE_FROZEN,outgoing,10,top,-2,1,s,7.528497281823061e-07,1.2656738965315972e-06,2.3445165013757525e-06,9.658174394089157e-07,0.24680471240661547,0.9130801710515086,0.27029906051118563,9.262122654720184e-11,2.745931743859139e-10
FTTNN_CONDITIONAL_CORE_FROZEN,boundary_outgoing,10,top,-2,1,s,-1.4447541507766566e-06,2.853043452162449e-07,-1.6954805762582626e-06,1.885445986237883e-06,0.23630856214389456,0.9095181214967073,0.2598173214570195,9.262122654720184e-11,2.745931743859139e-10
FTTNN_CONDITIONAL_CORE_FROZEN,total,11,top,-2,1,p,-7.283950154712957e-07,2.4341584806355407e-07,0.0001145021053115565,0.0001433630897223461,0.24680471240661547,0.4382342339399896,0.5631799008208294,2.518958276115847e-11,1.4377069298335635e-06
FTTNN_CONDITIONAL_CORE_FROZEN,scattered,11,top,-2,1,p,-7.283950154819566e-07,2.4341584807088307e-07,0.00011450210531154583,0.0001433630897223534,0.2468047124066155,0.2468359522790033,0.9998734387268169,2.518958276115847e-11,1.4377069298335635e-06
FTTNN_CONDITIONAL_CORE_FROZEN,outgoing,11,top,-2,1,p,-7.283950154712957e-07,2.4341584806355407e-07,0.0001145021053115565,0.0001433630897223461,0.24680471240661547,0.9130801710515086,0.27029906051118563,2.518958276115847e-11,1.4377069298335635e-06
FTTNN_CONDITIONAL_CORE_FROZEN,boundary_outgoing,11,top,-2,1,p,1.4684657095830405e-08,-7.6785085433169e-07,-0.00017343931198806085,5.9854094869309646e-05,0.23630856214389456,0.9095181214967073,0.2598173214570195,2.518958276115847e-11,1.4377069298335635e-06
FTTNN_CONDITIONAL_CORE_FROZEN,total,12,top,-1,-1,s,1.844075132225755e-05,-1.1138718247908485e-05,-0.0001675317294758279,-0.0002780507862091289,0.24680471240661547,0.4382342339399896,0.5631799008208294,1.4704146158748464e-08,3.3385088803210597e-06
FTTNN_CONDITIONAL_CORE_FROZEN,scattered,12,top,-1,-1,s,1.8440751322302034e-05,-1.1138718247898722e-05,-0.00016753172947578341,-0.00027805078620911914,0.2468047124066155,0.2468359522790033,0.9998734387268169,1.4704146158748464e-08,3.3385088803210597e-06
FTTNN_CONDITIONAL_CORE_FROZEN,outgoing,12,top,-1,-1,s,1.844075132225755e-05,-1.1138718247908485e-05,-0.0001675317294758279,-0.0002780507862091289,0.24680471240661547,0.9130801710515086,0.27029906051118563,1.4704146158748464e-08,3.3385088803210597e-06
FTTNN_CONDITIONAL_CORE_FROZEN,boundary_outgoing,12,top,-1,-1,s,1.5807086411393353e-05,-1.4637908754954606e-05,-0.00022030138827274493,-0.0002384248695454775,0.23630856214389456,0.9095181214967073,0.2598173214570195,1.4704146158748464e-08,3.3385088803210597e-06
FTTNN_CONDITIONAL_CORE_FROZEN,total,13,top,-1,-1,p,-2.4114973271706074e-05,1.3590010020915762e-05,-0.00012312018254765662,-0.00020515373533905003,0.24680471240661547,0.4382342339399896,0.5631799008208294,2.4274574518851353e-08,1.8136268113864188e-06
FTTNN_CONDITIONAL_CORE_FROZEN,scattered,13,top,-1,-1,p,-2.4114973271690776e-05,1.3590010020952745e-05,-0.00012312018254764134,-0.00020515373533901306,0.2468047124066155,0.2468359522790033,0.9998734387268169,2.4274574518851353e-08,1.8136268113864188e-06
FTTNN_CONDITIONAL_CORE_FROZEN,outgoing,13,top,-1,-1,p,-2.4114973271706074e-05,1.3590010020915762e-05,-0.00012312018254765662,-0.00020515373533905003,0.24680471240661547,0.9130801710515086,0.27029906051118563,2.4274574518851353e-08,1.8136268113864188e-06
FTTNN_CONDITIONAL_CORE_FROZEN,boundary_outgoing,13,top,-1,-1,p,-2.0868328589214676e-05,1.8186070772881494e-05,-0.00016206524324860404,-0.0001760155998907599,0.23630856214389456,0.9095181214967073,0.2598173214570195,2.4274574518851353e-08,1.8136268113864188e-06
FTTNN_CONDITIONAL_CORE_FROZEN,total,14,top,-1,0,s,0.00042850023957568764,0.0012278325424814856,-0.0010285581087383054,0.0013279322632824794,0.24680471240661547,0.4382342339399896,0.5631799008208294,8.392871429123456e-05,0.00014001487940183894
FTTNN_CONDITIONAL_CORE_FROZEN,scattered,14,top,-1,0,s,0.00042850023957609915,0.0012278325424813139,-0.0010285581087378939,0.0013279322632823076,0.2468047124066155,0.2468359522790033,0.9998734387268169,8.392871429123456e-05,0.00014001487940183894
FTTNN_CONDITIONAL_CORE_FROZEN,outgoing,14,top,-1,0,s,0.00042850023957568764,0.0012278325424814856,-0.0010285581087383054,0.0013279322632824794,0.24680471240661547,0.9130801710515086,0.27029906051118563,8.392871429123456e-05,0.00014001487940183894
FTTNN_CONDITIONAL_CORE_FROZEN,boundary_outgoing,14,top,-1,0,s,-0.00030550605075643593,-0.0012640614149020519,0.0011543275989399616,-0.0012201900152203147,0.23630856214389456,0.9095181214967073,0.2598173214570195,8.392871429123456e-05,0.00014001487940183894
FTTNN_CONDITIONAL_CORE_FROZEN,total,15,top,-1,0,p,-4.834704967238076e-06,3.432955656838956e-06,1.0695710033665002e-15,-1.898478834981676e-15,0.24680471240661547,0.4382342339399896,0.5631799008208294,1.744868848351562e-09,2.3563986760300565e-28
FTTNN_CONDITIONAL_CORE_FROZEN,scattered,15,top,-1,0,p,-4.834704967238076e-06,3.432955656838956e-06,1.0695710033665002e-15,-1.898478834981676e-15,0.2468047124066155,0.2468359522790033,0.9998734387268169,1.744868848351562e-09,2.3563986760300565e-28
FTTNN_CONDITIONAL_CORE_FROZEN,outgoing,15,top,-1,0,p,-4.834704967238076e-06,3.432955656838956e-06,1.0695710033665002e-15,-1.898478834981676e-15,0.24680471240661547,0.9130801710515086,0.27029906051118563,1.744868848351562e-09,2.3563986760300565e-28
FTTNN_CONDITIONAL_CORE_FROZEN,boundary_outgoing,15,top,-1,0,p,5.149267858981853e-06,-2.940169583292019e-06,-1.2513260214317444e-15,1.783924663825131e-15,0.23630856214389456,0.9095181214967073,0.2598173214570195,1.744868848351562e-09,2.3563986760300565e-28
FTTNN_CONDITIONAL_CORE_FROZEN,total,16,top,-1,1,s,1.794636869415477e-05,-1.033052692464989e-05,-0.0001675317294752791,-0.00027805078621218255,0.24680471240661547,0.4382342339399896,0.5631799008208294,1.358452874134664e-08,3.338508880369034e-06
FTTNN_CONDITIONAL_CORE_FROZEN,scattered,16,top,-1,1,s,1.7946368694156528e-05,-1.0330526924632595e-05,-0.00016753172947527734,-0.00027805078621216526,0.2468047124066155,0.2468359522790033,0.9998734387268169,1.358452874134664e-08,3.338508880369034e-06
FTTNN_CONDITIONAL_CORE_FROZEN,outgoing,16,top,-1,1,s,1.794636869415477e-05,-1.033052692464989e-05,-0.0001675317294752791,-0.00027805078621218255,0.24680471240661547,0.9130801710515086,0.27029906051118563,1.358452874134664e-08,3.338508880369034e-06
FTTNN_CONDITIONAL_CORE_FROZEN,boundary_outgoing,16,top,-1,1,s,1.5486362883648736e-05,-1.3746435919299286e-05,-0.00022030138827282503,-0.00023842486954857905,0.23630856214389456,0.9095181214967073,0.2598173214570195,1.358452874134664e-08,3.338508880369034e-06
FTTNN_CONDITIONAL_CORE_FROZEN,total,17,top,-1,1,p,2.5227776692544028e-05,-1.552335745603065e-05,0.00012312018254904267,0.00020515373533914856,0.24680471240661547,0.4382342339399896,0.5631799008208294,2.779733702100946e-08,1.8136268113985115e-06
FTTNN_CONDITIONAL_CORE_FROZEN,scattered,17,top,-1,1,p,2.5227776692539945e-05,-1.5523357456050003e-05,0.00012312018254903858,0.0002051537353391292,0.2468047124066155,0.2468359522790033,0.9998734387268169,2.779733702100946e-08,1.8136268113985115e-06
FTTNN_CONDITIONAL_CORE_FROZEN,outgoing,17,top,-1,1,p,2.5227776692544028e-05,-1.552335745603065e-05,0.00012312018254904267,0.00020515373533914856,0.24680471240661547,0.9130801710515086,0.27029906051118563,2.779733702100946e-08,1.8136268113985115e-06
FTTNN_CONDITIONAL_CORE_FROZEN,boundary_outgoing,17,top,-1,1,p,2.1567149772051083e-05,-2.0304516597705227e-05,0.00016206524324998136,0.0001760155998905761,0.23630856214389456,0.9095181214967073,0.2598173214570195,2.779733702100946e-08,1.8136268113985115e-06
FTTNN_CONDITIONAL_CORE_FROZEN,total,18,top,0,0,s,0.045805676858685675,-0.6214162874220913,0.026785429987131376,-0.4121567714282053,0.24680471240661547,0.4382342339399896,0.5631799008208294,0.8379370295588222,0.812256818464021
FTTNN_CONDITIONAL_CORE_FROZEN,scattered,18,top,0,0,s,-0.00025312823887547705,1.203622890997319e-05,-0.01927337511042978,0.20927155222279603,0.2468047124066155,0.2468359522790033,0.9998734387268169,0.8379370295588222,0.812256818464021
FTTNN_CONDITIONAL_CORE_FROZEN,outgoing,18,top,0,0,s,-0.881443334915695,-0.2469710041517118,-0.9004635817872493,-0.03771148815782577,0.24680471240661547,0.9130801710515086,0.27029906051118563,0.8379370295588222,0.812256818464021
FTTNN_CONDITIONAL_CORE_FROZEN,boundary_outgoing,18,top,0,0,s,-0.8181601642947554,-0.4105496012909841,-0.8767420008873494,-0.208758909616445,0.23630856214389456,0.9095181214967073,0.2598173214570195,0.8379370295588222,0.812256818464021
FTTNN_CONDITIONAL_CORE_FROZEN,total,19,top,0,0,p,3.426274064906907e-06,-1.8313650238811684e-06,1.1196540890151039e-13,-5.214558791588342e-15,0.24680471240661547,0.4382342339399896,0.5631799008208294,1.5093251818545657e-11,1.2563444413870592e-26
FTTNN_CONDITIONAL_CORE_FROZEN,scattered,19,top,0,0,p,3.426274064797292e-06,-1.831365022402234e-06,1.1185579377514874e-13,-3.735624544869974e-15,0.2468047124066155,0.2468359522790033,0.9998734387268169,1.5093251818545657e-11,1.2563444413870592e-26
FTTNN_CONDITIONAL_CORE_FROZEN,outgoing,19,top,0,0,p,3.426274064906907e-06,-1.8313650238811684e-06,1.1196540890151039e-13,-5.214558791588342e-15,0.24680471240661547,0.9130801710515086,0.27029906051118563,1.5093251818545657e-11,1.2563444413870592e-26
FTTNN_CONDITIONAL_CORE_FROZEN,boundary_outgoing,19,top,0,0,p,3.7126651581428577e-06,-1.1442767331642469e-06,1.109046864019619e-13,1.6235607409513206e-14,0.23630856214389456,0.9095181214967073,0.2598173214570195,1.5093251818545657e-11,1.2563444413870592e-26
FTTNN_CONDITIONAL_CORE_FROZEN,total,20,bottom,-3,-1,s,-7.804800812977659e-07,2.0065993983865304e-05,-4.909306826319978e-06,0.00011217325597253058,0.24680471240661547,0.4382342339399896,0.5631799008208294,1.220586317756485e-08,3.815929255738811e-07
FTTNN_CONDITIONAL_CORE_FROZEN,scattered,20,bottom,-3,-1,s,-7.804800812978325e-07,2.0065993983867103e-05,-4.909306826320045e-06,0.00011217325597253238,0.2468047124066155,0.2468359522790033,0.9998734387268169,1.220586317756485e-08,3.815929255738811e-07
FTTNN_CONDITIONAL_CORE_FROZEN,outgoing,20,bottom,-3,-1,s,-7.804800812977659e-07,2.0065993983865304e-05,-4.909306826319978e-06,0.00011217325597253058,0.24680471240661547,0.9130801710515086,0.27029906051118563,1.220586317756485e-08,3.815929255738811e-07
FTTNN_CONDITIONAL_CORE_FROZEN,boundary_outgoing,20,bottom,-3,-1,s,-1.5406802573783512e-05,1.2485537538623566e-05,-8.648303367237041e-05,6.939127777564956e-05,0.23630856214389456,0.9095181214967073,0.2598173214570195,1.220586317756485e-08,3.815929255738811e-07
FTTNN_CONDITIONAL_CORE_FROZEN,total,21,bottom,-3,-1,p,-6.04327500039832e-07,-2.765222587768242e-05,-1.5732873803997091e-06,7.928198517251047e-05,0.24680471240661547,0.4382342339399896,0.5631799008208294,2.3155714010276055e-08,1.903314808729246e-07
FTTNN_CONDITIONAL_CORE_FROZEN,scattered,21,bottom,-3,-1,p,-6.043275000434554e-07,-2.7652225877675253e-05,-1.5732873804033325e-06,7.928198517251764e-05,0.2468047124066155,0.2468359522790033,0.9998734387268169,2.3155714010276055e-08,1.903314808729246e-07
FTTNN_CONDITIONAL_CORE_FROZEN,outgoing,21,bottom,-3,-1,p,-6.04327500039832e-07,-2.765222587768242e-05,-1.5732873803997091e-06,7.928198517251047e-05,0.24680471240661547,0.9130801710515086,0.27029906051118563,2.3155714010276055e-08,1.903314808729246e-07
FTTNN_CONDITIONAL_CORE_FROZEN,boundary_outgoing,21,bottom,-3,-1,p,2.0137787109409528e-05,-1.8453150176530934e-05,-5.9889780695573525e-05,5.0452604324837186e-05,0.23630856214389456,0.9095181214967073,0.2598173214570195,2.3155714010276055e-08,1.903314808729246e-07
FTTNN_CONDITIONAL_CORE_FROZEN,total,22,bottom,-3,0,s,-0.0009315193099223206,0.00022365386747003602,-0.0004924362020247129,-0.0001736752134376343,0.24680471240661547,0.4382342339399896,0.5631799008208294,4.446029536506157e-05,1.3208823483228831e-05
FTTNN_CONDITIONAL_CORE_FROZEN,scattered,22,bottom,-3,0,s,-0.0009315193099223228,0.00022365386746996214,-0.0004924362020247152,-0.0001736752134377082,0.2468047124066155,0.2468359522790033,0.9998734387268169,4.446029536506157e-05,1.3208823483228831e-05
FTTNN_CONDITIONAL_CORE_FROZEN,outgoing,22,bottom,-3,0,s,-0.0009315193099223206,0.00022365386747003602,-0.0004924362020247129,-0.0001736752134376343,0.24680471240661547,0.9130801710515086,0.27029906051118563,4.446029536506157e-05,1.3208823483228831e-05
FTTNN_CONDITIONAL_CORE_FROZEN,boundary_outgoing,22,bottom,-3,0,s,-0.00041953177159553075,-0.0008528370158979187,6.074845422874771e-05,-0.0005144750722767751,0.23630856214389456,0.9095181214967073,0.2598173214570195,4.446029536506157e-05,1.3208823483228831e-05
FTTNN_CONDITIONAL_CORE_FROZEN,total,23,bottom,-3,0,p,2.847654480920742e-07,1.5780466306436833e-06,-1.3274970028758873e-16,2.3198170478591657e-16,0.24680471240661547,0.4382342339399896,0.5631799008208294,1.245675283602898e-10,3.46080831114775e-30
FTTNN_CONDITIONAL_CORE_FROZEN,scattered,23,bottom,-3,0,p,2.847654480920742e-07,1.5780466306436833e-06,-1.3274970028758873e-16,2.3198170478591657e-16,0.2468047124066155,0.2468359522790033,0.9998734387268169,1.245675283602898e-10,3.46080831114775e-30
FTTNN_CONDITIONAL_CORE_FROZEN,outgoing,23,bottom,-3,0,p,2.847654480920742e-07,1.5780466306436833e-06,-1.3274970028758873e-16,2.3198170478591657e-16,0.24680471240661547,0.9130801710515086,0.27029906051118563,1.245675283602898e-10,3.46080831114775e-30
FTTNN_CONDITIONAL_CORE_FROZEN,boundary_outgoing,23,bottom,-3,0,p,-1.4652710518950204e-06,6.19617510662128e-07,-2.5346697492730613e-16,-7.791468315616378e-17,0.23630856214389456,0.9095181214967073,0.2598173214570195,1.245675283602898e-10,3.46080831114775e-30
FTTNN_CONDITIONAL_CORE_FROZEN,total,24,bottom,-3,1,s,-4.5018677327721336e-08,2.00635031462708e-05,-4.909306828951654e-06,0.00011217325597379069,0.24680471240661547,0.4382342339399896,0.5631799008208294,1.21844609853351e-08,3.8159292558322023e-07
FTTNN_CONDITIONAL_CORE_FROZEN,scattered,24,bottom,-3,1,s,-4.5018677328924473e-08,2.0063503146269912e-05,-4.9093068289528565e-06,0.00011217325597378981,0.2468047124066155,0.2468359522790033,0.9998734387268169,1.21844609853351e-08,3.8159292558322023e-07
FTTNN_CONDITIONAL_CORE_FROZEN,outgoing,24,bottom,-3,1,s,-4.5018677327721336e-08,2.00635031462708e-05,-4.909306828951654e-06,0.00011217325597379069,0.24680471240661547,0.9130801710515086,0.27029906051118563,1.21844609853351e-08,3.8159292558322023e-07
FTTNN_CONDITIONAL_CORE_FROZEN,boundary_outgoing,24,bottom,-3,1,s,-1.4926092021061671e-05,1.3029982244568895e-05,-8.648303367501951e-05,6.939127777451605e-05,0.23630856214389456,0.9095181214967073,0.2598173214570195,1.21844609853351e-08,3.8159292558322023e-07
FTTNN_CONDITIONAL_CORE_FROZEN,total,25,bottom,-3,1,p,-1.1679309285108746e-06,2.759745972479058e-05,1.5732873796791848e-06,-7.9281985174855e-05,0.24680471240661547,0.4382342339399896,0.5631799008208294,2.3094360958353025e-08,1.903314808841085e-07
FTTNN_CONDITIONAL_CORE_FROZEN,scattered,25,bottom,-3,1,p,-1.1679309285021891e-06,2.7597459724790412e-05,1.5732873796878703e-06,-7.928198517485518e-05,0.2468047124066155,0.2468359522790033,0.9998734387268169,2.3094360958353025e-08,1.903314808841085e-07
FTTNN_CONDITIONAL_CORE_FROZEN,outgoing,25,bottom,-3,1,p,-1.1679309285108746e-06,2.759745972479058e-05,1.5732873796791848e-06,-7.9281985174855e-05,0.24680471240661547,0.9130801710515086,0.27029906051118563,2.3094360958353025e-08,1.903314808841085e-07
FTTNN_CONDITIONAL_CORE_FROZEN,boundary_outgoing,25,bottom,-3,1,p,-2.125104709387689e-05,1.7101622644189132e-05,5.9889780696845165e-05,-5.0452604326898695e-05,0.23630856214389456,0.9095181214967073,0.2598173214570195,2.3094360958353025e-08,1.903314808841085e-07
FTTNN_CONDITIONAL_CORE_FROZEN,total,26,bottom,-2,-1,s,-4.052157824135767e-07,-2.2238233506821994e-08,7.745485652971132e-07,2.4717345258705883e-06,0.24680471240661547,0.4382342339399896,0.5631799008208294,6.830183161541106e-12,2.7825122930511906e-10
FTTNN_CONDITIONAL_CORE_FROZEN,scattered,26,bottom,-2,-1,s,-4.052157824135768e-07,-2.2238233506822364e-08,7.745485652971132e-07,2.471734525870588e-06,0.2468047124066155,0.2468359522790033,0.9998734387268169,6.830183161541106e-12,2.7825122930511906e-10
FTTNN_CONDITIONAL_CORE_FROZEN,outgoing,26,bottom,-2,-1,s,-4.052157824135767e-07,-2.2238233506821994e-08,7.745485652971132e-07,2.4717345258705883e-06,0.24680471240661547,0.9130801710515086,0.27029906051118563,6.830183161541106e-12,2.7825122930511906e-10
FTTNN_CONDITIONAL_CORE_FROZEN,boundary_outgoing,26,bottom,-2,-1,s,-1.4085707342342878e-07,-3.766223947956072e-07,-1.935589521620524e-06,1.6853186586884327e-06,0.23630856214389456,0.9095181214967073,0.2598173214570195,6.830183161541106e-12,2.7825122930511906e-10
FTTNN_CONDITIONAL_CORE_FROZEN,total,27,bottom,-2,-1,p,-3.7978498169354993e-07,4.89627168532522e-07,-3.630225008417201e-05,0.0001883234131536643,0.24680471240661547,0.4382342339399896,0.5631799008208294,1.5924011107312212e-11,1.5254830024257906e-06
FTTNN_CONDITIONAL_CORE_FROZEN,scattered,27,bottom,-2,-1,p,-3.797849817004016e-07,4.896271685282396e-07,-3.630225008417886e-05,0.00018832341315366003,0.2468047124066155,0.2468359522790033,0.9998734387268169,1.5924011107312212e-11,1.5254830024257906e-06
FTTNN_CONDITIONAL_CORE_FROZEN,outgoing,27,bottom,-2,-1,p,-3.7978498169354993e-07,4.89627168532522e-07,-3.630225008417201e-05,0.0001883234131536643,0.24680471240661547,0.9130801710515086,0.27029906051118563,1.5924011107312212e-11,1.5254830024257906e-06
FTTNN_CONDITIONAL_CORE_FROZEN,boundary_outgoing,27,bottom,-2,-1,p,-5.953328044926123e-07,-1.501149066846505e-07,-0.0001853545253180435,4.1894719858193056e-05,0.23630856214389456,0.9095181214967073,0.2598173214570195,1.5924011107312212e-11,1.5254830024257906e-06
FTTNN_CONDITIONAL_CORE_FROZEN,total,28,bottom,-2,0,s,-1.0910062476566908e-05,-6.302222378420285e-05,-0.00018404130862068258,1.7489532595230964e-05,0.24680471240661547,0.4382342339399896,0.5631799008208294,2.2982037732052128e-07,1.9200481909981673e-06
FTTNN_CONDITIONAL_CORE_FROZEN,scattered,28,bottom,-2,0,s,-1.0910062476582664e-05,-6.302222378416083e-05,-0.00018404130862069833,1.7489532595272983e-05,0.2468047124066155,0.2468359522790033,0.9998734387268169,2.2982037732052128e-07,1.9200481909981673e-06
FTTNN_CONDITIONAL_CORE_FROZEN,outgoing,28,bottom,-2,0,s,-1.0910062476566908e-05,-6.302222378420285e-05,-0.00018404130862068258,1.7489532595230964e-05,0.24680471240661547,0.9130801710515086,0.27029906051118563,2.2982037732052128e-07,1.9200481909981673e-06
FTTNN_CONDITIONAL_CORE_FROZEN,boundary_outgoing,28,bottom,-2,0,s,6.24872213834158e-05,-1.1428224589337428e-05,-1.910128656019509e-05,-0.00018261418318362527,0.23630856214389456,0.9095181214967073,0.2598173214570195,2.2982037732052128e-07,1.9200481909981673e-06
FTTNN_CONDITIONAL_CORE_FROZEN,total,29,bottom,-2,0,p,-9.962615248370838e-07,-9.551585407006595e-08,-1.953215047833636e-16,3.0838854490696276e-16,0.24680471240661547,0.4382342339399896,0.5631799008208294,5.627267337104914e-11,7.486128714139298e-30
FTTNN_CONDITIONAL_CORE_FROZEN,scattered,29,bottom,-2,0,p,-9.962615248370838e-07,-9.551585407006595e-08,-1.953215047833636e-16,3.0838854490696276e-16,0.2468047124066155,0.2468359522790033,0.9998734387268169,5.627267337104914e-11,7.486128714139298e-30
FTTNN_CONDITIONAL_CORE_FROZEN,outgoing,29,bottom,-2,0,p,-9.962615248370838e-07,-9.551585407006595e-08,-1.953215047833636e-16,3.0838854490696276e-16,0.24680471240661547,0.9130801710515086,0.27029906051118563,5.627267337104914e-11,7.486128714139298e-30
FTTNN_CONDITIONAL_CORE_FROZEN,boundary_outgoing,29,bottom,-2,0,p,8.54862814684313e-08,-9.903257402091818e-07,-3.081108181661143e-16,-1.9107978283180129e-16,0.23630856214389456,0.9095181214967073,0.2598173214570195,5.627267337104914e-11,7.486128714139298e-30
FTTNN_CONDITIONAL_CORE_FROZEN,total,30,bottom,-2,1,s,-4.061831619195227e-07,-2.485570258560711e-08,7.745485660026084e-07,2.4717345262717786e-06,0.24680471240661547,0.4382342339399896,0.5631799008208294,6.867847813915376e-12,2.7825122943269296e-10
FTTNN_CONDITIONAL_CORE_FROZEN,scattered,30,bottom,-2,1,s,-4.0618316191952243e-07,-2.4855702585608423e-08,7.745485660026087e-07,2.4717345262717774e-06,0.2468047124066155,0.2468359522790033,0.9998734387268169,6.867847813915376e-12,2.7825122943269296e-10
FTTNN_CONDITIONAL_CORE_FROZEN,outgoing,30,bottom,-2,1,s,-4.061831619195227e-07,-2.485570258560711e-08,7.745485660026084e-07,2.4717345262717786e-06,0.24680471240661547,0.9130801710515086,0.27029906051118563,6.867847813915376e-12,2.7825122943269296e-10
FTTNN_CONDITIONAL_CORE_FROZEN,boundary_outgoing,30,bottom,-2,1,s,-1.3886584637967298e-07,-3.7854064977509944e-07,-1.9355895217042767e-06,1.6853186594882002e-06,0.23630856214389456,0.9095181214967073,0.2598173214570195,6.867847813915376e-12,2.7825122943269296e-10
FTTNN_CONDITIONAL_CORE_FROZEN,total,31,bottom,-2,1,p,-3.800349466885619e-07,4.896135584882121e-07,3.630225008297548e-05,-0.00018832341315286793,0.24680471240661547,0.4382342339399896,0.5631799008208294,1.5931335075502502e-11,1.5254830024097482e-06
FTTNN_CONDITIONAL_CORE_FROZEN,scattered,31,bottom,-2,1,p,-3.8003494669627e-07,4.896135584998602e-07,3.630225008296777e-05,-0.00018832341315285628,0.2468047124066155,0.2468359522790033,0.9998734387268169,1.5931335075502502e-11,1.5254830024097482e-06
FTTNN_CONDITIONAL_CORE_FROZEN,outgoing,31,bottom,-2,1,p,-3.800349466885619e-07,4.896135584882121e-07,3.630225008297548e-05,-0.00018832341315286793,0.24680471240661547,0.9130801710515086,0.27029906051118563,1.5931335075502502e-11,1.5254830024097482e-06
FTTNN_CONDITIONAL_CORE_FROZEN,boundary_outgoing,31,bottom,-2,1,p,-5.954197928841819e-07,-1.5034719037637246e-07,0.00018535452531684516,-4.189471985896257e-05,0.23630856214389456,0.9095181214967073,0.2598173214570195,1.5931335075502502e-11,1.5254830024097482e-06
FTTNN_CONDITIONAL_CORE_FROZEN,total,32,bottom,-1,-1,s,4.851506611241413e-08,-2.0087661985007625e-05,-0.00033718347041335526,-1.6668060240140516e-05,0.24680471240661547,0.4382342339399896,0.5631799008208294,1.2220327270113997e-08,3.4515489579344382e-06
FTTNN_CONDITIONAL_CORE_FROZEN,scattered,32,bottom,-1,-1,s,4.851506611232456e-08,-2.00876619850033e-05,-0.00033718347041335536,-1.666806024013619e-05,0.2468047124066155,0.2468359522790033,0.9998734387268169,1.2220327270113997e-08,3.4515489579344382e-06
FTTNN_CONDITIONAL_CORE_FROZEN,outgoing,32,bottom,-1,-1,s,4.851506611241413e-08,-2.0087661985007625e-05,-0.00033718347041335526,-1.6668060240140516e-05,0.24680471240661547,0.9130801710515086,0.27029906051118563,1.2220327270113997e-08,3.4515489579344382e-06
FTTNN_CONDITIONAL_CORE_FROZEN,boundary_outgoing,32,bottom,-1,-1,s,1.4952159734966575e-05,-1.3036601664309098e-05,-0.00020705147255067278,-0.00026129824663100645,0.23630856214389456,0.9095181214967073,0.2598173214570195,1.2220327270113997e-08,3.4515489579344382e-06
FTTNN_CONDITIONAL_CORE_FROZEN,total,33,bottom,-1,-1,p,1.1777018071703803e-06,-2.7612462978806506e-05,0.0002479992366175502,8.609260274623294e-06,0.24680471240661547,0.4382342339399896,0.5631799008208294,2.313242311104752e-08,1.8648558637476027e-06
FTTNN_CONDITIONAL_CORE_FROZEN,scattered,33,bottom,-1,-1,p,1.1777018071529134e-06,-2.7612462978814597e-05,0.00024799923661753275,8.609260274615205e-06,0.2468047124066155,0.2468359522790033,0.9998734387268169,2.313242311104752e-08,1.8648558637476027e-06
FTTNN_CONDITIONAL_CORE_FROZEN,outgoing,33,bottom,-1,-1,p,1.1777018071703803e-06,-2.7612462978806506e-05,0.0002479992366175502,8.609260274623294e-06,0.24680471240661547,0.9130801710515086,0.27029906051118563,2.313242311104752e-08,1.8648558637476027e-06
FTTNN_CONDITIONAL_CORE_FROZEN,boundary_outgoing,33,bottom,-1,-1,p,2.1276235565183094e-05,-1.7094857207153956e-05,0.00015499807170421564,0.00018981004150854804,0.23630856214389456,0.9095181214967073,0.2598173214570195,2.313242311104752e-08,1.8648558637476027e-06
FTTNN_CONDITIONAL_CORE_FROZEN,total,34,bottom,-1,0,s,-0.0009316439902490072,0.00022395206080041177,-0.0011348134234953988,-0.0008861976207941805,0.24680471240661547,0.4382342339399896,0.5631799008208294,4.448734054264738e-05,0.00010045454435778903
FTTNN_CONDITIONAL_CORE_FROZEN,scattered,34,bottom,-1,0,s,-0.0009316439902490215,0.0002239520608004223,-0.0011348134234954131,-0.00088619762079417,0.2468047124066155,0.2468359522790033,0.9998734387268169,4.448734054264738e-05,0.00010045454435778903
FTTNN_CONDITIONAL_CORE_FROZEN,outgoing,34,bottom,-1,0,s,-0.0009316439902490072,0.00022395206080041177,-0.0011348134234953988,-0.0008861976207941805,0.24680471240661547,0.9130801710515086,0.27029906051118563,4.448734054264738e-05,0.00010045454435778903
FTTNN_CONDITIONAL_CORE_FROZEN,boundary_outgoing,34,bottom,-1,0,s,-0.00041961071800351624,-0.0008530109665899084,0.0006107069086373302,-0.0012913701554319347,0.23630856214389456,0.9095181214967073,0.2598173214570195,4.448734054264738e-05,0.00010045454435778903
FTTNN_CONDITIONAL_CORE_FROZEN,total,35,bottom,-1,0,p,2.849332203939158e-07,1.5739398784444008e-06,-4.465027736885759e-16,-2.0865938982257457e-16,0.24680471240661547,0.4382342339399896,0.5631799008208294,1.239710534153925e-10,1.1769907587313279e-29
FTTNN_CONDITIONAL_CORE_FROZEN,scattered,35,bottom,-1,0,p,2.849332203939158e-07,1.5739398784444008e-06,-4.465027736885759e-16,-2.0865938982257457e-16,0.2468047124066155,0.2468359522790033,0.9998734387268169,1.239710534153925e-10,1.1769907587313279e-29
FTTNN_CONDITIONAL_CORE_FROZEN,outgoing,35,bottom,-1,0,p,2.849332203939158e-07,1.5739398784444008e-06,-4.465027736885759e-16,-2.0865938982257457e-16,0.24680471240661547,0.9130801710515086,0.27029906051118563,1.239710534153925e-10,1.1769907587313279e-29
FTTNN_CONDITIONAL_CORE_FROZEN,boundary_outgoing,35,bottom,-1,0,p,-1.4614343453223213e-06,6.184787074263974e-07,1.0475495179447351e-16,-4.776152653530708e-16,0.23630856214389456,0.9095181214967073,0.2598173214570195,1.239710534153925e-10,1.1769907587313279e-29
FTTNN_CONDITIONAL_CORE_FROZEN,total,36,bottom,-1,1,s,7.72539103618281e-07,-2.005543667725165e-05,-0.00033718347041209904,-1.6668060241286416e-05,0.24680471240661547,0.4382342339399896,0.5631799008208294,1.2199153482055799e-08,3.4515489579099395e-06
FTTNN_CONDITIONAL_CORE_FROZEN,scattered,36,bottom,-1,1,s,7.725391036198649e-07,-2.0055436677253663e-05,-0.00033718347041209747,-1.666806024128843e-05,0.2468047124066155,0.2468359522790033,0.9998734387268169,1.2199153482055799e-08,3.4515489579099395e-06
FTTNN_CONDITIONAL_CORE_FROZEN,outgoing,36,bottom,-1,1,s,7.72539103618281e-07,-2.005543667725165e-05,-0.00033718347041209904,-1.6668060241286416e-05,0.24680471240661547,0.9130801710515086,0.27029906051118563,1.2199153482055799e-08,3.4515489579099395e-06
FTTNN_CONDITIONAL_CORE_FROZEN,boundary_outgoing,36,bottom,-1,1,s,1.539940358002678e-05,-1.2477844079422754e-05,-0.00020705147254900414,-0.0002612982466308191,0.23630856214389456,0.9095181214967073,0.2598173214570195,1.2199153482055799e-08,3.4515489579099395e-06
FTTNN_CONDITIONAL_CORE_FROZEN,total,37,bottom,-1,1,p,6.201945395114984e-07,2.7593579654887195e-05,-0.000247999236616804,-8.609260275602887e-06,0.24680471240661547,0.4382342339399896,0.5631799008208294,2.3070496786993776e-08,1.8648558637369045e-06
FTTNN_CONDITIONAL_CORE_FROZEN,scattered,37,bottom,-1,1,p,6.20194539517735e-07,2.759357965489144e-05,-0.00024799923661679776,-8.609260275598644e-06,0.2468047124066155,0.2468359522790033,0.9998734387268169,2.3070496786993776e-08,1.8648558637369045e-06
FTTNN_CONDITIONAL_CORE_FROZEN,outgoing,37,bottom,-1,1,p,6.201945395114984e-07,2.7593579654887195e-05,-0.000247999236616804,-8.609260275602887e-06,0.24680471240661547,0.9130801710515086,0.27029906051118563,2.3070496786993776e-08,1.8648558637369045e-06
FTTNN_CONDITIONAL_CORE_FROZEN,boundary_outgoing,37,bottom,-1,1,p,-2.0092175554412553e-05,1.8417998459759635e-05,-0.0001549980717030024,-0.00018981004150863128,0.23630856214389456,0.9095181214967073,0.2598173214570195,2.3070496786993776e-08,1.8648558637369045e-06
FTTNN_CONDITIONAL_CORE_FROZEN,total,38,bottom,0,0,s,0.11867458906255669,-0.24709030959707118,0.07718950242782177,-0.12447475436113979,0.24680471240661547,0.4382342339399896,0.5631799008208294,0.11324429126893679,0.032331984498269135
FTTNN_CONDITIONAL_CORE_FROZEN,scattered,38,bottom,0,0,s,-0.00012245895224676482,-4.166982434594158e-05,-0.041607545586981674,0.12257388541158544,0.2468047124066155,0.2468359522790033,0.9998734387268169,0.11324429126893679,0.032331984498269135
FTTNN_CONDITIONAL_CORE_FROZEN,outgoing,38,bottom,0,0,s,0.11867458906255669,-0.24709030959707118,0.07718950242782177,-0.12447475436113979,0.24680471240661547,0.9130801710515086,0.27029906051118563,0.11324429126893679,0.032331984498269135
FTTNN_CONDITIONAL_CORE_FROZEN,boundary_outgoing,38,bottom,0,0,s,0.11114767649062893,-0.20011111528555398,0.07050175899447489,-0.09994772920440079,0.23630856214389456,0.9095181214967073,0.2598173214570195,0.11324429126893679,0.032331984498269135
FTTNN_CONDITIONAL_CORE_FROZEN,total,39,bottom,0,0,p,-1.5339882380583476e-06,2.298323573685195e-05,2.4167599005431038e-15,5.725178855579965e-15,0.24680471240661547,0.4382342339399896,0.5631799008208294,7.996750871062205e-10,5.820430999983165e-29
FTTNN_CONDITIONAL_CORE_FROZEN,scattered,39,bottom,0,0,p,-1.5339882378092896e-06,2.2983235737093562e-05,2.6658179463359154e-15,5.966790876859179e-15,0.2468047124066155,0.2468359522790033,0.9998734387268169,7.996750871062205e-10,5.820430999983165e-29
FTTNN_CONDITIONAL_CORE_FROZEN,outgoing,39,bottom,0,0,p,-1.5339882380583476e-06,2.298323573685195e-05,2.4167599005431038e-15,5.725178855579965e-15,0.24680471240661547,0.9130801710515086,0.27029906051118563,7.996750871062205e-10,5.820430999983165e-29
FTTNN_CONDITIONAL_CORE_FROZEN,boundary_outgoing,39,bottom,0,0,p,-2.415244477769969e-06,1.908342687061394e-05,1.7315585978917311e-15,4.892126973773713e-15,0.23630856214389456,0.9095181214967073,0.2598173214570195,7.996750871062205e-10,5.820430999983165e-29
CHEBTT_CONDITIONAL_CORE_CONTROL,total,0,top,-3,-1,s,-1.8848125392975178e-05,1.4492525261132972e-05,-9.195140170809825e-05,5.576925993858354e-05,0.2468171680393709,0.4382342339399896,0.5632083231388291,1.7899835750225732e-08,3.662159813318062e-07
CHEBTT_CONDITIONAL_CORE_CONTROL,scattered,0,top,-3,-1,s,-1.884812539297984e-05,1.4492525261128693e-05,-9.195140170810291e-05,5.5769259938579254e-05,0.24681716803937093,0.2468359522790033,0.9999238999041309,1.7899835750225732e-08,3.662159813318062e-07
CHEBTT_CONDITIONAL_CORE_CONTROL,outgoing,0,top,-3,-1,s,-1.8848125392975178e-05,1.4492525261132972e-05,-9.195140170809825e-05,5.576925993858354e-05,0.24681716803937087,0.9130801710515086,0.27031270184647066,1.7899835750225732e-08,3.662159813318062e-07
CHEBTT_CONDITIONAL_CORE_CONTROL,boundary_outgoing,0,top,-3,-1,s,-1.547317043095395e-05,1.805176213250511e-05,-7.855082196187339e-05,7.345092919286605e-05,0.23633021357832082,0.9095181214967073,0.25984112684793426,1.7899835750225732e-08,3.662159813318062e-07
CHEBTT_CONDITIONAL_CORE_CONTROL,total,1,top,-3,-1,p,1.8155965172332578e-05,-3.2082610548847024e-06,6.491873565175626e-05,-4.0080513039853855e-05,0.2468171680393709,0.4382342339399896,0.5632083231388291,1.0763996687301287e-08,1.843193233752179e-07
CHEBTT_CONDITIONAL_CORE_CONTROL,scattered,1,top,-3,-1,p,1.8155965172320618e-05,-3.2082610548867307e-06,6.49187356517443e-05,-4.008051303985588e-05,0.24681716803937093,0.2468359522790033,0.9999238999041309,1.0763996687301287e-08,1.843193233752179e-07
CHEBTT_CONDITIONAL_CORE_CONTROL,outgoing,1,top,-3,-1,p,1.8155965172332578e-05,-3.2082610548847024e-06,6.491873565175626e-05,-4.0080513039853855e-05,0.24681716803937087,0.9130801710515086,0.27031270184647066,1.0763996687301287e-08,1.843193233752179e-07
CHEBTT_CONDITIONAL_CORE_CONTROL,boundary_outgoing,1,top,-3,-1,p,1.7111271492719263e-05,-6.865595257346344e-06,5.531274235513715e-05,-5.254893240889601e-05,0.23633021357832082,0.9095181214967073,0.25984112684793426,1.0763996687301287e-08,1.843193233752179e-07
CHEBTT_CONDITIONAL_CORE_CONTROL,total,2,top,-3,0,s,-0.000369311933032634,0.0005068890747516114,-0.0001921902009470994,0.00048817928501632254,0.2468171680393709,0.4382342339399896,0.5632083231388291,1.951577894522769e-05,1.365740342110789e-05
CHEBTT_CONDITIONAL_CORE_CONTROL,scattered,2,top,-3,0,s,-0.00036931193303278443,0.0005068890747516766,-0.00019219020094724982,0.00048817928501638765,0.24681716803937093,0.2468359522790033,0.9999238999041309,1.951577894522769e-05,1.365740342110789e-05
CHEBTT_CONDITIONAL_CORE_CONTROL,outgoing,2,top,-3,0,s,-0.000369311933032634,0.0005068890747516114,-0.0001921902009470994,0.00048817928501632254,0.24681716803937087,0.9130801710515086,0.27031270184647066,1.951577894522769e-05,1.365740342110789e-05
CHEBTT_CONDITIONAL_CORE_CONTROL,boundary_outgoing,2,top,-3,0,s,0.0004165271625134528,-0.00046886347786038643,0.0002384264874377627,-0.00046734237743567054,0.23633021357832082,0.9095181214967073,0.25984112684793426,1.951577894522769e-05,1.365740342110789e-05
CHEBTT_CONDITIONAL_CORE_CONTROL,total,3,top,-3,0,p,-4.0974325273453305e-07,6.860777912547176e-07,1.2553482268998042e-15,3.668039838538298e-15,0.2468171680393709,0.4382342339399896,0.5632083231388291,3.168508391937752e-11,7.457653301374714e-28
CHEBTT_CONDITIONAL_CORE_CONTROL,scattered,3,top,-3,0,p,-4.0974325273453305e-07,6.860777912547176e-07,1.2553482268998042e-15,3.668039838538298e-15,0.24681716803937093,0.2468359522790033,0.9999238999041309,3.168508391937752e-11,7.457653301374714e-28
CHEBTT_CONDITIONAL_CORE_CONTROL,outgoing,3,top,-3,0,p,-4.0974325273453305e-07,6.860777912547176e-07,1.2553482268998042e-15,3.668039838538298e-15,0.24681716803937087,0.9130801710515086,0.27031270184647066,3.168508391937752e-11,7.457653301374714e-28
CHEBTT_CONDITIONAL_CORE_CONTROL,boundary_outgoing,3,top,-3,0,p,4.7407043600770716e-07,-6.433113480406589e-07,-8.953304260694988e-16,-3.7721080122444466e-15,0.23633021357832082,0.9095181214967073,0.25984112684793426,3.168508391937752e-11,7.457653301374714e-28
CHEBTT_CONDITIONAL_CORE_CONTROL,total,4,top,-3,1,s,-1.7915719226806062e-05,1.574292571157963e-05,-9.195140170915746e-05,5.576925994137385e-05,0.2468171680393709,0.4382342339399896,0.5632083231388291,1.801153727859594e-08,3.6621598134782935e-07
CHEBTT_CONDITIONAL_CORE_CONTROL,scattered,4,top,-3,1,s,-1.791571922679584e-05,1.574292571158265e-05,-9.195140170914724e-05,5.5769259941376876e-05,0.24681716803937093,0.2468359522790033,0.9999238999041309,1.801153727859594e-08,3.6621598134782935e-07
CHEBTT_CONDITIONAL_CORE_CONTROL,outgoing,4,top,-3,1,s,-1.7915719226806062e-05,1.574292571157963e-05,-9.195140170915746e-05,5.576925994137385e-05,0.24681716803937087,0.9130801710515086,0.27031270184647066,1.801153727859594e-08,3.6621598134782935e-07
CHEBTT_CONDITIONAL_CORE_CONTROL,boundary_outgoing,4,top,-3,1,s,-1.4304023532353697e-05,1.9084224274513625e-05,-7.855082196233748e-05,7.345092919581435e-05,0.23633021357832082,0.9095181214967073,0.25984112684793426,1.801153727859594e-08,3.6621598134782935e-07
CHEBTT_CONDITIONAL_CORE_CONTROL,total,5,top,-3,1,p,-2.002383011319985e-05,4.079744873236301e-06,-6.491873565012055e-05,4.0080513039672495e-05,0.2468171680393709,0.4382342339399896,0.5632083231388291,1.3223304447744673e-08,1.843193233680326e-07
CHEBTT_CONDITIONAL_CORE_CONTROL,scattered,5,top,-3,1,p,-2.002383011318645e-05,4.07974487325111e-06,-6.491873565010715e-05,4.00805130396873e-05,0.24681716803937093,0.2468359522790033,0.9999238999041309,1.3223304447744673e-08,1.843193233680326e-07
CHEBTT_CONDITIONAL_CORE_CONTROL,outgoing,5,top,-3,1,p,-2.002383011319985e-05,4.079744873236301e-06,-6.491873565012055e-05,4.0080513039672495e-05,0.24681716803937087,0.9130801710515086,0.27031270184647066,1.3223304447744673e-08,1.843193233680326e-07
CHEBTT_CONDITIONAL_CORE_CONTROL,boundary_outgoing,5,top,-3,1,p,-1.8760559778081754e-05,8.101820008245556e-06,-5.5312742353573465e-05,5.2548932408382856e-05,0.23633021357832082,0.9095181214967073,0.25984112684793426,1.3223304447744673e-08,1.843193233680326e-07
CHEBTT_CONDITIONAL_CORE_CONTROL,total,6,top,-2,-1,s,4.186446655079895e-06,-5.659258353166043e-06,2.344516502433825e-06,9.65817440460633e-07,0.2468171680393709,0.4382342339399896,0.5632083231388291,2.1163286492743573e-09,2.745931746845648e-10
CHEBTT_CONDITIONAL_CORE_CONTROL,scattered,6,top,-2,-1,s,4.186446655079895e-06,-5.659258353166039e-06,2.3445165024338254e-06,9.658174404606376e-07,0.24681716803937093,0.2468359522790033,0.9999238999041309,2.1163286492743573e-09,2.745931746845648e-10
CHEBTT_CONDITIONAL_CORE_CONTROL,outgoing,6,top,-2,-1,s,4.186446655079895e-06,-5.659258353166043e-06,2.344516502433825e-06,9.65817440460633e-07,0.24681716803937087,0.9130801710515086,0.27031270184647066,2.1163286492743573e-09,2.745931746845648e-10
CHEBTT_CONDITIONAL_CORE_CONTROL,boundary_outgoing,6,top,-2,-1,s,3.929620083910754e-06,5.8405159617823595e-06,-1.6954805776036832e-06,1.8854459868824524e-06,0.23633021357832082,0.9095181214967073,0.25984112684793426,2.1163286492743573e-09,2.745931746845648e-10
CHEBTT_CONDITIONAL_CORE_CONTROL,total,7,top,-2,-1,p,-5.43329094187066e-05,4.654060128233703e-05,-0.00011450210530953003,-0.00014336308972240936,0.2468171680393709,0.4382342339399896,0.5632083231388291,2.185830896043059e-07,1.437706929814518e-06
CHEBTT_CONDITIONAL_CORE_CONTROL,scattered,7,top,-2,-1,p,-5.433290941867196e-05,4.654060128232238e-05,-0.00011450210530949539,-0.00014336308972242402,0.24681716803937093,0.2468359522790033,0.9999238999041309,2.185830896043059e-07,1.437706929814518e-06
CHEBTT_CONDITIONAL_CORE_CONTROL,outgoing,7,top,-2,-1,p,-5.43329094187066e-05,4.654060128233703e-05,-0.00011450210530953003,-0.00014336308972240936,0.24681716803937087,0.9130801710515086,0.27031270184647066,2.185830896043059e-07,1.437706929814518e-06
CHEBTT_CONDITIONAL_CORE_CONTROL,boundary_outgoing,7,top,-2,-1,p,-2.5647859907674282e-05,-6.678532694970626e-05,0.00017343931198744156,-5.9854094867379096e-05,0.23633021357832082,0.9095181214967073,0.25984112684793426,2.185830896043059e-07,1.437706929814518e-06
CHEBTT_CONDITIONAL_CORE_CONTROL,total,8,top,-2,0,s,-9.311051598819937e-05,1.625052874724401e-06,0.00016425932553326252,-5.6207388544626634e-05,0.2468171680393709,0.4382342339399896,0.5632083231388291,4.969061954301295e-07,1.7270051732052553e-06
CHEBTT_CONDITIONAL_CORE_CONTROL,scattered,8,top,-2,0,s,-9.311051598825858e-05,1.6250528745687848e-06,0.0001642593255332033,-5.620738854478225e-05,0.24681716803937093,0.2468359522790033,0.9999238999041309,4.969061954301295e-07,1.7270051732052553e-06
CHEBTT_CONDITIONAL_CORE_CONTROL,outgoing,8,top,-2,0,s,-9.311051598819937e-05,1.625052874724401e-06,0.00016425932553326252,-5.6207388544626634e-05,0.24681716803937087,0.9130801710515086,0.27031270184647066,4.969061954301295e-07,1.7270051732052553e-06
CHEBTT_CONDITIONAL_CORE_CONTROL,boundary_outgoing,8,top,-2,0,s,1.6250647491904764e-06,9.31105157809542e-05,-5.6207409492762594e-05,-0.00016425931836508344,0.23633021357832082,0.9095181214967073,0.25984112684793426,4.969061954301295e-07,1.7270051732052553e-06
CHEBTT_CONDITIONAL_CORE_CONTROL,total,9,top,-2,0,p,-2.0413753338464444e-07,-1.5385164950443262e-07,-1.731002669799771e-16,1.1404235647096274e-15,0.2468171680393709,0.4382342339399896,0.5632083231388291,3.744037366339599e-12,7.623760074136061e-29
CHEBTT_CONDITIONAL_CORE_CONTROL,scattered,9,top,-2,0,p,-2.0413753338464444e-07,-1.5385164950443262e-07,-1.731002669799771e-16,1.1404235647096274e-15,0.24681716803937093,0.2468359522790033,0.9999238999041309,3.744037366339599e-12,7.623760074136061e-29
CHEBTT_CONDITIONAL_CORE_CONTROL,outgoing,9,top,-2,0,p,-2.0413753338464444e-07,-1.5385164950443262e-07,-1.731002669799771e-16,1.1404235647096274e-15,0.24681716803937087,0.9130801710515086,0.27031270184647066,3.744037366339599e-12,7.623760074136061e-29
CHEBTT_CONDITIONAL_CORE_CONTROL,boundary_outgoing,9,top,-2,0,p,-1.53851623470592e-07,2.041375530054791e-07,1.1404235867852477e-15,1.7310012154075433e-16,0.23633021357832082,0.9095181214967073,0.25984112684793426,3.744037366339599e-12,7.623760074136061e-29
CHEBTT_CONDITIONAL_CORE_CONTROL,total,10,top,-2,1,s,4.416526813969889e-06,-5.951190423959997e-06,2.3445165013757525e-06,9.658174394089157e-07,0.2468171680393709,0.4382342339399896,0.5632083231388291,2.3456204612447658e-09,2.745931743859139e-10
CHEBTT_CONDITIONAL_CORE_CONTROL,scattered,10,top,-2,1,s,4.4165268139698855e-06,-5.951190423959998e-06,2.344516501375749e-06,9.658174394089149e-07,0.24681716803937093,0.2468359522790033,0.9999238999041309,2.3456204612447658e-09,2.745931743859139e-10
CHEBTT_CONDITIONAL_CORE_CONTROL,outgoing,10,top,-2,1,s,4.416526813969889e-06,-5.951190423959997e-06,2.3445165013757525e-06,9.658174394089157e-07,0.24681716803937087,0.9130801710515086,0.27031270184647066,2.3456204612447658e-09,2.745931743859139e-10
CHEBTT_CONDITIONAL_CORE_CONTROL,boundary_outgoing,10,top,-2,1,s,4.127597434723933e-06,6.155104871373729e-06,-1.6954805762582626e-06,1.885445986237883e-06,0.23633021357832082,0.9095181214967073,0.25984112684793426,2.3456204612447658e-09,2.745931743859139e-10
CHEBTT_CONDITIONAL_CORE_CONTROL,total,11,top,-2,1,p,5.567743778539615e-05,-4.843104236019315e-05,0.0001145021053115565,0.0001433630897223461,0.2468171680393709,0.4382342339399896,0.5632083231388291,2.325678120328551e-07,1.4377069298335635e-06
CHEBTT_CONDITIONAL_CORE_CONTROL,scattered,11,top,-2,1,p,5.5677437785385494e-05,-4.843104236018582e-05,0.00011450210531154583,0.0001433630897223534,0.24681716803937093,0.2468359522790033,0.9999238999041309,2.325678120328551e-07,1.4377069298335635e-06
CHEBTT_CONDITIONAL_CORE_CONTROL,outgoing,11,top,-2,1,p,5.567743778539615e-05,-4.843104236019315e-05,0.0001145021053115565,0.0001433630897223461,0.24681716803937087,0.9130801710515086,0.27031270184647066,2.325678120328551e-07,1.4377069298335635e-06
CHEBTT_CONDITIONAL_CORE_CONTROL,boundary_outgoing,11,top,-2,1,p,2.697859346587184e-05,6.868550383483184e-05,-0.00017343931198806085,5.9854094869309646e-05,0.23633021357832082,0.9095181214967073,0.25984112684793426,2.325678120328551e-07,1.4377069298335635e-06
CHEBTT_CONDITIONAL_CORE_CONTROL,total,12,top,-1,-1,s,-5.1670231135372016e-05,-5.834153609351376e-05,-0.0001675317294758279,-0.0002780507862091289,0.2468171680393709,0.4382342339399896,0.5632083231388291,1.9241565733672293e-07,3.3385088803210597e-06
CHEBTT_CONDITIONAL_CORE_CONTROL,scattered,12,top,-1,-1,s,-5.167023113532754e-05,-5.8341536093503996e-05,-0.00016753172947578341,-0.00027805078620911914,0.24681716803937093,0.2468359522790033,0.9999238999041309,1.9241565733672293e-07,3.3385088803210597e-06
CHEBTT_CONDITIONAL_CORE_CONTROL,outgoing,12,top,-1,-1,s,-5.1670231135372016e-05,-5.834153609351376e-05,-0.0001675317294758279,-0.0002780507862091289,0.24681716803937087,0.9130801710515086,0.27031270184647066,1.9241565733672293e-07,3.3385088803210597e-06
CHEBTT_CONDITIONAL_CORE_CONTROL,boundary_outgoing,12,top,-1,-1,s,-6.240122435068635e-05,-4.6686559295677886e-05,-0.00022030138827274493,-0.0002384248695454775,0.23633021357832082,0.9095181214967073,0.25984112684793426,1.9241565733672293e-07,3.3385088803210597e-06
CHEBTT_CONDITIONAL_CORE_CONTROL,total,13,top,-1,-1,p,-4.1979553513392014e-05,-5.318480269619608e-05,-0.00012312018254765662,-0.00020515373533905003,0.2468171680393709,0.4382342339399896,0.5632083231388291,1.4544419179446282e-07,1.8136268113864188e-06
CHEBTT_CONDITIONAL_CORE_CONTROL,scattered,13,top,-1,-1,p,-4.1979553513376713e-05,-5.31848026961591e-05,-0.00012312018254764134,-0.00020515373533901306,0.24681716803937093,0.2468359522790033,0.9999238999041309,1.4544419179446282e-07,1.8136268113864188e-06
CHEBTT_CONDITIONAL_CORE_CONTROL,outgoing,13,top,-1,-1,p,-4.1979553513392014e-05,-5.318480269619608e-05,-0.00012312018254765662,-0.00020515373533905003,0.24681716803937087,0.9130801710515086,0.27031270184647066,1.4544419179446282e-07,1.8136268113864188e-06
CHEBTT_CONDITIONAL_CORE_CONTROL,boundary_outgoing,13,top,-1,-1,p,-5.1867916079043125e-05,-4.359616304945184e-05,-0.00016206524324860404,-0.0001760155998907599,0.23633021357832082,0.9095181214967073,0.25984112684793426,1.4544419179446282e-07,1.8136268113864188e-06
CHEBTT_CONDITIONAL_CORE_CONTROL,total,14,top,-1,0,s,-0.0010962155815274132,0.0017559019569234338,-0.0010285581087383054,0.0013279322632824794,0.2468171680393709,0.4382342339399896,0.5632083231388291,0.0002126464277543692,0.00014001487940183894
CHEBTT_CONDITIONAL_CORE_CONTROL,scattered,14,top,-1,0,s,-0.0010962155815270017,0.001755901956923262,-0.0010285581087378939,0.0013279322632823076,0.24681716803937093,0.2468359522790033,0.9999238999041309,0.0002126464277543692,0.00014001487940183894
CHEBTT_CONDITIONAL_CORE_CONTROL,outgoing,14,top,-1,0,s,-0.0010962155815274132,0.0017559019569234338,-0.0010285581087383054,0.0013279322632824794,0.24681716803937087,0.9130801710515086,0.27031270184647066,0.0002126464277543692,0.00014001487940183894
CHEBTT_CONDITIONAL_CORE_CONTROL,boundary_outgoing,14,top,-1,0,s,0.0012638007602527146,-0.0016394169457144483,0.0011543275989399616,-0.0012201900152203147,0.23633021357832082,0.9095181214967073,0.25984112684793426,0.0002126464277543692,0.00014001487940183894
CHEBTT_CONDITIONAL_CORE_CONTROL,total,15,top,-1,0,p,2.284781645427771e-06,-1.3792677557741418e-06,1.0695710033665002e-15,-1.898478834981676e-15,0.2468171680393709,0.4382342339399896,0.5632083231388291,3.5347472340873686e-10,2.3563986760300565e-28
CHEBTT_CONDITIONAL_CORE_CONTROL,scattered,15,top,-1,0,p,2.284781645427771e-06,-1.3792677557741418e-06,1.0695710033665002e-15,-1.898478834981676e-15,0.24681716803937093,0.2468359522790033,0.9999238999041309,3.5347472340873686e-10,2.3563986760300565e-28
CHEBTT_CONDITIONAL_CORE_CONTROL,outgoing,15,top,-1,0,p,2.284781645427771e-06,-1.3792677557741418e-06,1.0695710033665002e-15,-1.898478834981676e-15,0.24681716803937087,0.9130801710515086,0.27031270184647066,3.5347472340873686e-10,2.3563986760300565e-28
CHEBTT_CONDITIONAL_CORE_CONTROL,boundary_outgoing,15,top,-1,0,p,-2.409500517080028e-06,1.1475687202050034e-06,-1.2513260214317444e-15,1.783924663825131e-15,0.23633021357832082,0.9095181214967073,0.25984112684793426,3.5347472340873686e-10,2.3563986760300565e-28
CHEBTT_CONDITIONAL_CORE_CONTROL,total,16,top,-1,1,s,-5.173568087192073e-05,-5.58513015460282e-05,-0.0001675317294752791,-0.00027805078621218255,0.2468171680393709,0.4382342339399896,0.5632083231388291,1.8362106002890903e-07,3.338508880369034e-06
CHEBTT_CONDITIONAL_CORE_CONTROL,scattered,16,top,-1,1,s,-5.173568087191898e-05,-5.585130154601091e-05,-0.00016753172947527734,-0.00027805078621216526,0.24681716803937093,0.2468359522790033,0.9999238999041309,1.8362106002890903e-07,3.338508880369034e-06
CHEBTT_CONDITIONAL_CORE_CONTROL,outgoing,16,top,-1,1,s,-5.173568087192073e-05,-5.58513015460282e-05,-0.0001675317294752791,-0.00027805078621218255,0.24681716803937087,0.9130801710515086,0.27031270184647066,1.8362106002890903e-07,3.338508880369034e-06
CHEBTT_CONDITIONAL_CORE_CONTROL,boundary_outgoing,16,top,-1,1,s,-6.196171156161363e-05,-4.423454374153748e-05,-0.00022030138827282503,-0.00023842486954857905,0.23633021357832082,0.9095181214967073,0.25984112684793426,1.8362106002890903e-07,3.338508880369034e-06
CHEBTT_CONDITIONAL_CORE_CONTROL,total,17,top,-1,1,p,4.486370332825419e-05,5.3308061598444795e-05,0.00012312018254904267,0.00020515373533914856,0.2468171680393709,0.4382342339399896,0.5632083231388291,1.5379513238546792e-07,1.8136268113985115e-06
CHEBTT_CONDITIONAL_CORE_CONTROL,scattered,17,top,-1,1,p,4.486370332825011e-05,5.330806159842544e-05,0.00012312018254903858,0.0002051537353391292,0.24681716803937093,0.2468359522790033,0.9999238999041309,1.5379513238546792e-07,1.8136268113985115e-06
CHEBTT_CONDITIONAL_CORE_CONTROL,outgoing,17,top,-1,1,p,4.486370332825419e-05,5.3308061598444795e-05,0.00012312018254904267,0.00020515373533914856,0.24681716803937087,0.9130801710515086,0.27031270184647066,1.5379513238546792e-07,1.8136268113985115e-06
CHEBTT_CONDITIONAL_CORE_CONTROL,boundary_outgoing,17,top,-1,1,p,5.471739849808501e-05,4.31336018587708e-05,0.00016206524324998136,0.0001760155998905761,0.23633021357832082,0.9095181214967073,0.25984112684793426,1.5379513238546792e-07,1.8136268113985115e-06
CHEBTT_CONDITIONAL_CORE_CONTROL,total,18,top,0,0,s,0.04574071772531266,-0.6214790379641845,0.026785429987131376,-0.4121567714282053,0.2468171680393709,0.4382342339399896,0.5632083231388291,0.8380825484352326,0.812256818464021
CHEBTT_CONDITIONAL_CORE_CONTROL,scattered,18,top,0,0,s,-0.0003180873722484986,-5.0714313183190654e-05,-0.01927337511042978,0.20927155222279603,0.24681716803937093,0.2468359522790033,0.9999238999041309,0.8380825484352326,0.812256818464021
CHEBTT_CONDITIONAL_CORE_CONTROL,outgoing,18,top,0,0,s,-0.881508294049068,-0.24703375469380495,-0.9004635817872493,-0.03771148815782577,0.24681716803937087,0.9130801710515086,0.27031270184647066,0.8380825484352326,0.812256818464021
CHEBTT_CONDITIONAL_CORE_CONTROL,boundary_outgoing,18,top,0,0,s,-0.8182119630141184,-0.4106235892103623,-0.8767420008873494,-0.208758909616445,0.23633021357832082,0.9095181214967073,0.25984112684793426,0.8380825484352326,0.812256818464021
CHEBTT_CONDITIONAL_CORE_CONTROL,total,19,top,0,0,p,2.906620854593938e-06,-1.1620169093655347e-05,1.1196540890151039e-13,-5.214558791588342e-15,0.2468171680393709,0.4382342339399896,0.5632083231388291,1.4347677455747175e-10,1.2563444413870592e-26
CHEBTT_CONDITIONAL_CORE_CONTROL,scattered,19,top,0,0,p,2.906620854484323e-06,-1.1620169092176412e-05,1.1185579377514874e-13,-3.735624544869974e-15,0.24681716803937093,0.2468359522790033,0.9999238999041309,1.4347677455747175e-10,1.2563444413870592e-26
CHEBTT_CONDITIONAL_CORE_CONTROL,outgoing,19,top,0,0,p,2.906620854593938e-06,-1.1620169093655347e-05,1.1196540890151039e-13,-5.214558791588342e-15,0.24681716803937087,0.9130801710515086,0.27031270184647066,1.4347677455747175e-10,1.2563444413870592e-26
CHEBTT_CONDITIONAL_CORE_CONTROL,boundary_outgoing,19,top,0,0,p,5.069506834230018e-06,-1.085250547178846e-05,1.109046864019619e-13,1.6235607409513206e-14,0.23633021357832082,0.9095181214967073,0.25984112684793426,1.4347677455747175e-10,1.2563444413870592e-26
CHEBTT_CONDITIONAL_CORE_CONTROL,total,20,bottom,-3,-1,s,1.3167308978543564e-06,1.2466994782592583e-05,-4.909306826319978e-06,0.00011217325597253058,0.2468171680393709,0.4382342339399896,0.5632083231388291,4.756986355431139e-09,3.815929255738811e-07
CHEBTT_CONDITIONAL_CORE_CONTROL,scattered,20,bottom,-3,-1,s,1.3167308978542899e-06,1.2466994782594384e-05,-4.909306826320045e-06,0.00011217325597253238,0.24681716803937093,0.2468359522790033,0.9999238999041309,4.756986355431139e-09,3.815929255738811e-07
CHEBTT_CONDITIONAL_CORE_CONTROL,outgoing,20,bottom,-3,-1,s,1.3167308978543564e-06,1.2466994782592583e-05,-4.909306826319978e-06,0.00011217325597253058,0.24681716803937087,0.9130801710515086,0.27031270184647066,4.756986355431139e-09,3.815929255738811e-07
CHEBTT_CONDITIONAL_CORE_CONTROL,boundary_outgoing,20,bottom,-3,-1,s,-8.399185697603657e-06,9.094946486118332e-06,-8.648303367237041e-05,6.939127777564956e-05,0.23633021357832082,0.9095181214967073,0.25984112684793426,4.756986355431139e-09,3.815929255738811e-07
CHEBTT_CONDITIONAL_CORE_CONTROL,total,21,bottom,-3,-1,p,1.2165668824398124e-07,7.3844571257786465e-06,-1.5732873803997091e-06,7.928198517251047e-05,0.2468171680393709,0.4382342339399896,0.5632083231388291,1.6509944423290135e-09,1.903314808729246e-07
CHEBTT_CONDITIONAL_CORE_CONTROL,scattered,21,bottom,-3,-1,p,1.2165668824035788e-07,7.384457125785811e-06,-1.5732873804033325e-06,7.928198517251764e-05,0.24681716803937093,0.2468359522790033,0.9999238999041309,1.6509944423290135e-09,1.903314808729246e-07
CHEBTT_CONDITIONAL_CORE_CONTROL,outgoing,21,bottom,-3,-1,p,1.2165668824398124e-07,7.3844571257786465e-06,-1.5732873803997091e-06,7.928198517251047e-05,0.24681716803937087,0.9130801710515086,0.27031270184647066,1.6509944423290135e-09,1.903314808729246e-07
CHEBTT_CONDITIONAL_CORE_CONTROL,boundary_outgoing,21,bottom,-3,-1,p,-5.403611879517591e-06,4.898370284665793e-06,-5.9889780695573525e-05,5.0452604324837186e-05,0.23633021357832082,0.9095181214967073,0.25984112684793426,1.6509944423290135e-09,1.903314808729246e-07
CHEBTT_CONDITIONAL_CORE_CONTROL,total,22,bottom,-3,0,s,-0.00015407200810824815,-0.0003032451689558673,-0.0004924362020247129,-0.0001736752134376343,0.2468171680393709,0.4382342339399896,0.5632083231388291,5.6048751958628685e-06,1.3208823483228831e-05
CHEBTT_CONDITIONAL_CORE_CONTROL,scattered,22,bottom,-3,0,s,-0.0001540720081082504,-0.0003032451689559412,-0.0004924362020247152,-0.0001736752134377082,0.24681716803937093,0.2468359522790033,0.9999238999041309,5.6048751958628685e-06,1.3208823483228831e-05
CHEBTT_CONDITIONAL_CORE_CONTROL,outgoing,22,bottom,-3,0,s,-0.00015407200810824815,-0.0003032451689558673,-0.0004924362020247129,-0.0001736752134376343,0.24681716803937087,0.9130801710515086,0.27031270184647066,5.6048751958628685e-06,1.3208823483228831e-05
CHEBTT_CONDITIONAL_CORE_CONTROL,boundary_outgoing,22,bottom,-3,0,s,0.0002599161757024468,-0.00021522692502329814,6.074845422874771e-05,-0.0005144750722767751,0.23633021357832082,0.9095181214967073,0.25984112684793426,5.6048751958628685e-06,1.3208823483228831e-05
CHEBTT_CONDITIONAL_CORE_CONTROL,total,23,bottom,-3,0,p,2.873407809376342e-07,3.986011991955741e-07,-1.3274970028758873e-16,2.3198170478591657e-16,0.2468171680393709,0.4382342339399896,0.5632083231388291,1.169691295184244e-11,3.46080831114775e-30
CHEBTT_CONDITIONAL_CORE_CONTROL,scattered,23,bottom,-3,0,p,2.873407809376342e-07,3.986011991955741e-07,-1.3274970028758873e-16,2.3198170478591657e-16,0.24681716803937093,0.2468359522790033,0.9999238999041309,1.169691295184244e-11,3.46080831114775e-30
CHEBTT_CONDITIONAL_CORE_CONTROL,outgoing,23,bottom,-3,0,p,2.873407809376342e-07,3.986011991955741e-07,-1.3274970028758873e-16,2.3198170478591657e-16,0.24681716803937087,0.9130801710515086,0.27031270184647066,1.169691295184244e-11,3.46080831114775e-30
CHEBTT_CONDITIONAL_CORE_CONTROL,boundary_outgoing,23,bottom,-3,0,p,-3.231571552517017e-07,3.650008864281588e-07,-2.5346697492730613e-16,-7.791468315616378e-17,0.23633021357832082,0.9095181214967073,0.25984112684793426,1.169691295184244e-11,3.46080831114775e-30
CHEBTT_CONDITIONAL_CORE_CONTROL,total,24,bottom,-3,1,s,2.123566875401508e-06,1.2333337499795674e-05,-4.909306828951654e-06,0.00011217325597379069,0.2468171680393709,0.4382342339399896,0.5632083231388291,4.740671977638087e-09,3.8159292558322023e-07
CHEBTT_CONDITIONAL_CORE_CONTROL,scattered,24,bottom,-3,1,s,2.123566875400305e-06,1.2333337499794788e-05,-4.9093068289528565e-06,0.00011217325597378981,0.24681716803937093,0.2468359522790033,0.9999238999041309,4.740671977638087e-09,3.8159292558322023e-07
CHEBTT_CONDITIONAL_CORE_CONTROL,outgoing,24,bottom,-3,1,s,2.123566875401508e-06,1.2333337499795674e-05,-4.909306828951654e-06,0.00011217325597379069,0.24681716803937087,0.9130801710515086,0.27031270184647066,4.740671977638087e-09,3.8159292558322023e-07
CHEBTT_CONDITIONAL_CORE_CONTROL,boundary_outgoing,24,bottom,-3,1,s,-7.774614282417261e-06,9.606982623136214e-06,-8.648303367501951e-05,6.939127777451605e-05,0.23633021357832082,0.9095181214967073,0.25984112684793426,4.740671977638087e-09,3.8159292558322023e-07
CHEBTT_CONDITIONAL_CORE_CONTROL,total,25,bottom,-3,1,p,-8.653788107177689e-08,-8.434312498063638e-06,1.5732873796791848e-06,-7.9281985174855e-05,0.2468171680393709,0.4382342339399896,0.5632083231388291,2.1534544943411723e-09,1.903314808841085e-07
CHEBTT_CONDITIONAL_CORE_CONTROL,scattered,25,bottom,-3,1,p,-8.653788106309132e-08,-8.434312498063809e-06,1.5732873796878703e-06,-7.928198517485518e-05,0.24681716803937093,0.2468359522790033,0.9999238999041309,2.1534544943411723e-09,1.903314808841085e-07
CHEBTT_CONDITIONAL_CORE_CONTROL,outgoing,25,bottom,-3,1,p,-8.653788107177689e-08,-8.434312498063638e-06,1.5732873796791848e-06,-7.9281985174855e-05,0.24681716803937087,0.9130801710515086,0.27031270184647066,2.1534544943411723e-09,1.903314808841085e-07
CHEBTT_CONDITIONAL_CORE_CONTROL,boundary_outgoing,25,bottom,-3,1,p,6.205976049375228e-06,-5.555859238125574e-06,5.9889780696845165e-05,-5.0452604326898695e-05,0.23633021357832082,0.9095181214967073,0.25984112684793426,2.1534544943411723e-09,1.903314808841085e-07
CHEBTT_CONDITIONAL_CORE_CONTROL,total,26,bottom,-2,-1,s,4.00793058262457e-06,3.3142055279777685e-07,7.745485652971132e-07,2.4717345258705883e-06,0.2468171680393709,0.4382342339399896,0.5632083231388291,6.707389191610304e-10,2.7825122930511906e-10
CHEBTT_CONDITIONAL_CORE_CONTROL,scattered,26,bottom,-2,-1,s,4.00793058262457e-06,3.314205527977765e-07,7.745485652971132e-07,2.471734525870588e-06,0.24681716803937093,0.2468359522790033,0.9999238999041309,6.707389191610304e-10,2.7825122930511906e-10
CHEBTT_CONDITIONAL_CORE_CONTROL,outgoing,26,bottom,-2,-1,s,4.00793058262457e-06,3.3142055279777685e-07,7.745485652971132e-07,2.4717345258705883e-06,0.24681716803937087,0.9130801710515086,0.27031270184647066,6.707389191610304e-10,2.7825122930511906e-10
CHEBTT_CONDITIONAL_CORE_CONTROL,boundary_outgoing,26,bottom,-2,-1,s,1.2920279757619375e-06,3.76941617234643e-06,-1.935589521620524e-06,1.6853186586884327e-06,0.23633021357832082,0.9095181214967073,0.25984112684793426,6.707389191610304e-10,2.7825122930511906e-10
CHEBTT_CONDITIONAL_CORE_CONTROL,total,27,bottom,-2,-1,p,4.387077609538733e-05,6.71761626215426e-06,-3.630225008417201e-05,0.0001883234131536643,0.2468171680393709,0.4382342339399896,0.5632083231388291,8.16900981627442e-08,1.5254830024257906e-06
CHEBTT_CONDITIONAL_CORE_CONTROL,scattered,27,bottom,-2,-1,p,4.387077609538048e-05,6.717616262149977e-06,-3.630225008417886e-05,0.00018832341315366003,0.24681716803937093,0.2468359522790033,0.9999238999041309,8.16900981627442e-08,1.5254830024257906e-06
CHEBTT_CONDITIONAL_CORE_CONTROL,outgoing,27,bottom,-2,-1,p,4.387077609538733e-05,6.71761626215426e-06,-3.630225008417201e-05,0.0001883234131536643,0.24681716803937087,0.9130801710515086,0.27031270184647066,8.16900981627442e-08,1.5254830024257906e-06
CHEBTT_CONDITIONAL_CORE_CONTROL,boundary_outgoing,27,bottom,-2,-1,p,1.1338063159047517e-05,4.248798485355464e-05,-0.0001853545253180435,4.1894719858193056e-05,0.23633021357832082,0.9095181214967073,0.25984112684793426,8.16900981627442e-08,1.5254830024257906e-06
CHEBTT_CONDITIONAL_CORE_CONTROL,total,28,bottom,-2,0,s,4.958352815085245e-05,4.9950341889440415e-06,-0.00018404130862068258,1.7489532595230964e-05,0.2468171680393709,0.4382342339399896,0.5632083231388291,1.3952022322959618e-07,1.9200481909981673e-06
CHEBTT_CONDITIONAL_CORE_CONTROL,scattered,28,bottom,-2,0,s,4.9583528150836694e-05,4.99503418898606e-06,-0.00018404130862069833,1.7489532595272983e-05,0.24681716803937093,0.2468359522790033,0.9999238999041309,1.3952022322959618e-07,1.9200481909981673e-06
CHEBTT_CONDITIONAL_CORE_CONTROL,outgoing,28,bottom,-2,0,s,4.958352815085245e-05,4.9950341889440415e-06,-0.00018404130862068258,1.7489532595230964e-05,0.24681716803937087,0.9130801710515086,0.27031270184647066,1.3952022322959618e-07,1.9200481909981673e-06
CHEBTT_CONDITIONAL_CORE_CONTROL,boundary_outgoing,28,bottom,-2,0,s,-4.494211452451463e-06,4.929037661354816e-05,-1.910128656019509e-05,-0.00018261418318362527,0.23633021357832082,0.9095181214967073,0.25984112684793426,1.3952022322959618e-07,1.9200481909981673e-06
CHEBTT_CONDITIONAL_CORE_CONTROL,total,29,bottom,-2,0,p,-8.40960914183812e-08,-8.182124951698989e-08,-1.953215047833636e-16,3.0838854490696276e-16,0.2468171680393709,0.4382342339399896,0.5632083231388291,7.734144454200633e-13,7.486128714139298e-30
CHEBTT_CONDITIONAL_CORE_CONTROL,scattered,29,bottom,-2,0,p,-8.40960914183812e-08,-8.182124951698989e-08,-1.953215047833636e-16,3.0838854490696276e-16,0.24681716803937093,0.2468359522790033,0.9999238999041309,7.734144454200633e-13,7.486128714139298e-30
CHEBTT_CONDITIONAL_CORE_CONTROL,outgoing,29,bottom,-2,0,p,-8.40960914183812e-08,-8.182124951698989e-08,-1.953215047833636e-16,3.0838854490696276e-16,0.24681716803937087,0.9130801710515086,0.27031270184647066,7.734144454200633e-13,7.486128714139298e-30
CHEBTT_CONDITIONAL_CORE_CONTROL,boundary_outgoing,29,bottom,-2,0,p,8.046863884668998e-08,-8.428907298746539e-08,-3.081108181661143e-16,-1.9107978283180129e-16,0.23633021357832082,0.9095181214967073,0.25984112684793426,7.734144454200633e-13,7.486128714139298e-30
CHEBTT_CONDITIONAL_CORE_CONTROL,total,30,bottom,-2,1,s,4.1741545172373326e-06,3.2172458988224847e-07,7.745485660026084e-07,2.4717345262717786e-06,0.2468171680393709,0.4382342339399896,0.5632083231388291,7.268804448472275e-10,2.7825122943269296e-10
CHEBTT_CONDITIONAL_CORE_CONTROL,scattered,30,bottom,-2,1,s,4.1741545172373326e-06,3.2172458988224715e-07,7.745485660026087e-07,2.4717345262717774e-06,0.24681716803937093,0.2468359522790033,0.9999238999041309,7.268804448472275e-10,2.7825122943269296e-10
CHEBTT_CONDITIONAL_CORE_CONTROL,outgoing,30,bottom,-2,1,s,4.1741545172373326e-06,3.2172458988224847e-07,7.745485660026084e-07,2.4717345262717786e-06,0.24681716803937087,0.9130801710515086,0.27031270184647066,7.268804448472275e-10,2.7825122943269296e-10
CHEBTT_CONDITIONAL_CORE_CONTROL,boundary_outgoing,30,bottom,-2,1,s,1.3668890924500534e-06,3.916431996896939e-06,-1.9355895217042767e-06,1.6853186594882002e-06,0.23633021357832082,0.9095181214967073,0.25984112684793426,7.268804448472275e-10,2.7825122943269296e-10
CHEBTT_CONDITIONAL_CORE_CONTROL,total,31,bottom,-2,1,p,-4.5117802518200014e-05,-6.689312230829929e-06,3.630225008297548e-05,-0.00018832341315286793,0.2468171680393709,0.4382342339399896,0.5632083231388291,8.62765400168072e-08,1.5254830024097482e-06
CHEBTT_CONDITIONAL_CORE_CONTROL,scattered,31,bottom,-2,1,p,-4.5117802518207726e-05,-6.689312230818281e-06,3.630225008296777e-05,-0.00018832341315285628,0.24681716803937093,0.2468359522790033,0.9999238999041309,8.62765400168072e-08,1.5254830024097482e-06
CHEBTT_CONDITIONAL_CORE_CONTROL,outgoing,31,bottom,-2,1,p,-4.5117802518200014e-05,-6.689312230829929e-06,3.630225008297548e-05,-0.00018832341315286793,0.24681716803937087,0.9130801710515086,0.27031270184647066,8.62765400168072e-08,1.5254830024097482e-06
CHEBTT_CONDITIONAL_CORE_CONTROL,boundary_outgoing,31,bottom,-2,1,p,-1.185934655987563e-05,-4.360857011313959e-05,0.00018535452531684516,-4.189471985896257e-05,0.23633021357832082,0.9095181214967073,0.25984112684793426,8.62765400168072e-08,1.5254830024097482e-06
CHEBTT_CONDITIONAL_CORE_CONTROL,total,32,bottom,-1,-1,s,-4.123203569026527e-05,-1.6771011405761108e-06,-0.00033718347041335526,-1.6668060240140516e-05,0.2468171680393709,0.4382342339399896,0.5632083231388291,5.1571408287039207e-08,3.4515489579344382e-06
CHEBTT_CONDITIONAL_CORE_CONTROL,scattered,32,bottom,-1,-1,s,-4.123203569026536e-05,-1.677101140571784e-06,-0.00033718347041335536,-1.666806024013619e-05,0.24681716803937093,0.2468359522790033,0.9999238999041309,5.1571408287039207e-08,3.4515489579344382e-06
CHEBTT_CONDITIONAL_CORE_CONTROL,outgoing,32,bottom,-1,-1,s,-4.123203569026527e-05,-1.6771011405761108e-06,-0.00033718347041335526,-1.6668060240140516e-05,0.24681716803937087,0.9130801710515086,0.27031270184647066,5.1571408287039207e-08,3.4515489579344382e-06
CHEBTT_CONDITIONAL_CORE_CONTROL,boundary_outgoing,32,bottom,-1,-1,s,-2.5587254390345422e-05,-3.17174948730358e-05,-0.00020705147255067278,-0.00026129824663100645,0.23633021357832082,0.9095181214967073,0.25984112684793426,5.1571408287039207e-08,3.4515489579344382e-06
CHEBTT_CONDITIONAL_CORE_CONTROL,total,33,bottom,-1,-1,p,3.637784668828466e-05,8.753516044261062e-06,0.0002479992366175502,8.609260274623294e-06,0.2468171680393709,0.4382342339399896,0.5632083231388291,4.239755370786082e-08,1.8648558637476027e-06
CHEBTT_CONDITIONAL_CORE_CONTROL,scattered,33,bottom,-1,-1,p,3.6377846688267194e-05,8.753516044252973e-06,0.00024799923661753275,8.609260274615205e-06,0.24681716803937093,0.2468359522790033,0.9999238999041309,4.239755370786082e-08,1.8648558637476027e-06
CHEBTT_CONDITIONAL_CORE_CONTROL,outgoing,33,bottom,-1,-1,p,3.637784668828466e-05,8.753516044261062e-06,0.0002479992366175502,8.609260274623294e-06,0.24681716803937087,0.9130801710515086,0.27031270184647066,4.239755370786082e-08,1.8648558637476027e-06
CHEBTT_CONDITIONAL_CORE_CONTROL,boundary_outgoing,33,bottom,-1,-1,p,1.717207307942177e-05,3.271711623574207e-05,0.00015499807170421564,0.00018981004150854804,0.23633021357832082,0.9095181214967073,0.25984112684793426,4.239755370786082e-08,1.8648558637476027e-06
CHEBTT_CONDITIONAL_CORE_CONTROL,total,34,bottom,-1,0,s,-0.0005848546931758935,-0.0009620174076855058,-0.0011348134234953988,-0.0008861976207941805,0.2468171680393709,0.4382342339399896,0.5632083231388291,6.141839215511803e-05,0.00010045454435778903
CHEBTT_CONDITIONAL_CORE_CONTROL,scattered,34,bottom,-1,0,s,-0.0005848546931759078,-0.0009620174076854953,-0.0011348134234954131,-0.00088619762079417,0.24681716803937093,0.2468359522790033,0.9999238999041309,6.141839215511803e-05,0.00010045454435778903
CHEBTT_CONDITIONAL_CORE_CONTROL,outgoing,34,bottom,-1,0,s,-0.0005848546931758935,-0.0009620174076855058,-0.0011348134234953988,-0.0008861976207941805,0.24681716803937087,0.9130801710515086,0.27031270184647066,6.141839215511803e-05,0.00010045454435778903
CHEBTT_CONDITIONAL_CORE_CONTROL,boundary_outgoing,34,bottom,-1,0,s,0.0008038338468515372,-0.0007755537988011568,0.0006107069086373302,-0.0012913701554319347,0.23633021357832082,0.9095181214967073,0.25984112684793426,6.141839215511803e-05,0.00010045454435778903
CHEBTT_CONDITIONAL_CORE_CONTROL,total,35,bottom,-1,0,p,9.638680801704897e-08,-1.5241353424249194e-06,-4.465027736885759e-16,-2.0865938982257457e-16,0.2468171680393709,0.4382342339399896,0.5632083231388291,1.130107694763713e-10,1.1769907587313279e-29
CHEBTT_CONDITIONAL_CORE_CONTROL,scattered,35,bottom,-1,0,p,9.638680801704897e-08,-1.5241353424249194e-06,-4.465027736885759e-16,-2.0865938982257457e-16,0.24681716803937093,0.2468359522790033,0.9999238999041309,1.130107694763713e-10,1.1769907587313279e-29
CHEBTT_CONDITIONAL_CORE_CONTROL,outgoing,35,bottom,-1,0,p,9.638680801704897e-08,-1.5241353424249194e-06,-4.465027736885759e-16,-2.0865938982257457e-16,0.24681716803937087,0.9130801710515086,0.27031270184647066,1.130107694763713e-10,1.1769907587313279e-29
CHEBTT_CONDITIONAL_CORE_CONTROL,boundary_outgoing,35,bottom,-1,0,p,1.496248740224973e-06,-2.385423343883915e-07,1.0475495179447351e-16,-4.776152653530708e-16,0.23633021357832082,0.9095181214967073,0.25984112684793426,1.130107694763713e-10,1.1769907587313279e-29
CHEBTT_CONDITIONAL_CORE_CONTROL,total,36,bottom,-1,1,s,-3.995193441656366e-05,-1.1710559071824972e-06,-0.00033718347041209904,-1.6668060241286416e-05,0.2468171680393709,0.4382342339399896,0.5632083231388291,4.8380473779486373e-08,3.4515489579099395e-06
CHEBTT_CONDITIONAL_CORE_CONTROL,scattered,36,bottom,-1,1,s,-3.9951934416562075e-05,-1.1710559071845083e-06,-0.00033718347041209747,-1.666806024128843e-05,0.24681716803937093,0.2468359522790033,0.9999238999041309,4.8380473779486373e-08,3.4515489579099395e-06
CHEBTT_CONDITIONAL_CORE_CONTROL,outgoing,36,bottom,-1,1,s,-3.995193441656366e-05,-1.1710559071824972e-06,-0.00033718347041209904,-1.6668060241286416e-05,0.24681716803937087,0.9130801710515086,0.27031270184647066,4.8380473779486373e-08,3.4515489579099395e-06
CHEBTT_CONDITIONAL_CORE_CONTROL,boundary_outgoing,36,bottom,-1,1,s,-2.5130067895869853e-05,-3.043734547389802e-05,-0.00020705147254900414,-0.0002612982466308191,0.23633021357832082,0.9095181214967073,0.25984112684793426,4.8380473779486373e-08,3.4515489579099395e-06
CHEBTT_CONDITIONAL_CORE_CONTROL,total,37,bottom,-1,1,p,-3.729995784962878e-05,-7.885565981802285e-06,-0.000247999236616804,-8.609260275602887e-06,0.2468171680393709,0.4382342339399896,0.5632083231388291,4.401769482773188e-08,1.8648558637369045e-06
CHEBTT_CONDITIONAL_CORE_CONTROL,scattered,37,bottom,-1,1,p,-3.7299957849622545e-05,-7.885565981798041e-06,-0.00024799923661679776,-8.609260275598644e-06,0.24681716803937093,0.2468359522790033,0.9999238999041309,4.401769482773188e-08,1.8648558637369045e-06
CHEBTT_CONDITIONAL_CORE_CONTROL,outgoing,37,bottom,-1,1,p,-3.729995784962878e-05,-7.885565981802285e-06,-0.000247999236616804,-8.609260275602887e-06,0.24681716803937087,0.9130801710515086,0.27031270184647066,4.401769482773188e-08,1.8648558637369045e-06
CHEBTT_CONDITIONAL_CORE_CONTROL,boundary_outgoing,37,bottom,-1,1,p,-1.8416854546969348e-05,-3.2837192105976855e-05,-0.0001549980717030024,-0.00018981004150863128,0.23633021357832082,0.9095181214967073,0.25984112684793426,4.401769482773188e-08,1.8648558637369045e-06
CHEBTT_CONDITIONAL_CORE_CONTROL,total,38,bottom,0,0,s,0.1186053546794498,-0.24705894919084273,0.07718950242782177,-0.12447475436113979,0.2468171680393709,0.4382342339399896,0.5632083231388291,0.11319617554487316,0.032331984498269135
CHEBTT_CONDITIONAL_CORE_CONTROL,scattered,38,bottom,0,0,s,-0.0001916933353536596,-1.0309418117487962e-05,-0.041607545586981674,0.12257388541158544,0.24681716803937093,0.2468359522790033,0.9999238999041309,0.11319617554487316,0.032331984498269135
CHEBTT_CONDITIONAL_CORE_CONTROL,outgoing,38,bottom,0,0,s,0.1186053546794498,-0.24705894919084273,0.07718950242782177,-0.12447475436113979,0.24681716803937087,0.9130801710515086,0.27031270184647066,0.11319617554487316,0.032331984498269135
CHEBTT_CONDITIONAL_CORE_CONTROL,boundary_outgoing,38,bottom,0,0,s,0.111088410621074,-0.20008839615191165,0.07050175899447489,-0.09994772920440079,0.23633021357832082,0.9095181214967073,0.25984112684793426,0.11319617554487316,0.032331984498269135
CHEBTT_CONDITIONAL_CORE_CONTROL,total,39,bottom,0,0,p,7.63197454369234e-07,4.991830766700612e-07,2.4167599005431038e-15,5.725178855579965e-15,0.2468171680393709,0.4382342339399896,0.5632083231388291,1.2534401028809314e-12,5.820430999983165e-29
CHEBTT_CONDITIONAL_CORE_CONTROL,scattered,39,bottom,0,0,p,7.63197454618292e-07,4.991830769116732e-07,2.6658179463359154e-15,5.966790876859179e-15,0.24681716803937093,0.2468359522790033,0.9999238999041309,1.2534401028809314e-12,5.820430999983165e-29
CHEBTT_CONDITIONAL_CORE_CONTROL,outgoing,39,bottom,0,0,p,7.63197454369234e-07,4.991830766700612e-07,2.4167599005431038e-15,5.725178855579965e-15,0.24681716803937087,0.9130801710515086,0.27031270184647066,1.2534401028809314e-12,5.820430999983165e-29
CHEBTT_CONDITIONAL_CORE_CONTROL,boundary_outgoing,39,bottom,0,0,p,6.115327493146194e-07,4.53867690807024e-07,1.7315585978917311e-15,4.892126973773713e-15,0.23633021357832082,0.9095181214967073,0.25984112684793426,1.2534401028809314e-12,5.820430999983165e-29
FTTNN_CONDITIONAL_CORE_LEARNED_PRODUCER,total,0,top,-3,-1,s,-1.8984849891277648e-05,1.1863208508254628e-05,-9.195140170809825e-05,5.576925993858354e-05,0.24680093708344567,0.4382342339399896,0.5631712859685941,1.5869312142870263e-08,3.662159813318062e-07
FTTNN_CONDITIONAL_CORE_LEARNED_PRODUCER,scattered,0,top,-3,-1,s,-1.898484989128231e-05,1.1863208508250348e-05,-9.195140170810291e-05,5.5769259938579254e-05,0.24680093708344564,0.2468359522790033,0.9998581438593755,1.5869312142870263e-08,3.662159813318062e-07
FTTNN_CONDITIONAL_CORE_LEARNED_PRODUCER,outgoing,0,top,-3,-1,s,-1.8984849891277648e-05,1.1863208508254628e-05,-9.195140170809825e-05,5.576925993858354e-05,0.24680093708344567,0.9130801710515086,0.2702949257995913,1.5869312142870263e-08,3.662159813318062e-07
FTTNN_CONDITIONAL_CORE_LEARNED_PRODUCER,boundary_outgoing,0,top,-3,-1,s,-1.614652149769275e-05,1.5506453012511137e-05,-7.855082196187339e-05,7.345092919286605e-05,0.23630481197691308,0.9095181214967073,0.25981319821099197,1.5869312142870263e-08,3.662159813318062e-07
FTTNN_CONDITIONAL_CORE_LEARNED_PRODUCER,total,1,top,-3,-1,p,-2.2443468489000918e-05,1.326700738559051e-05,6.491873565175626e-05,-4.0080513039853855e-05,0.24680093708344567,0.4382342339399896,0.5631712859685941,2.1523520423090294e-08,1.843193233752179e-07
FTTNN_CONDITIONAL_CORE_LEARNED_PRODUCER,scattered,1,top,-3,-1,p,-2.2443468489012878e-05,1.3267007385588482e-05,6.49187356517443e-05,-4.008051303985588e-05,0.24680093708344564,0.2468359522790033,0.9998581438593755,2.1523520423090294e-08,1.843193233752179e-07
FTTNN_CONDITIONAL_CORE_LEARNED_PRODUCER,outgoing,1,top,-3,-1,p,-2.2443468489000918e-05,1.326700738559051e-05,6.491873565175626e-05,-4.0080513039853855e-05,0.24680093708344567,0.9130801710515086,0.2702949257995913,2.1523520423090294e-08,1.843193233752179e-07
FTTNN_CONDITIONAL_CORE_LEARNED_PRODUCER,boundary_outgoing,1,top,-3,-1,p,-1.9243481164389828e-05,1.759008798903133e-05,5.531274235513715e-05,-5.254893240889601e-05,0.23630481197691308,0.9095181214967073,0.25981319821099197,2.1523520423090294e-08,1.843193233752179e-07
FTTNN_CONDITIONAL_CORE_LEARNED_PRODUCER,total,2,top,-3,0,s,0.00042101388713278317,0.0012140381318749502,-0.0001921902009470994,0.00048817928501632254,0.24680093708344567,0.4382342339399896,0.5631712859685941,8.192480951705685e-05,1.365740342110789e-05
FTTNN_CONDITIONAL_CORE_LEARNED_PRODUCER,scattered,2,top,-3,0,s,0.00042101388713263274,0.0012140381318750152,-0.00019219020094724982,0.00048817928501638765,0.24680093708344564,0.2468359522790033,0.9998581438593755,8.192480951705685e-05,1.365740342110789e-05
FTTNN_CONDITIONAL_CORE_LEARNED_PRODUCER,outgoing,2,top,-3,0,s,0.00042101388713278317,0.0012140381318749502,-0.0001921902009470994,0.00048817928501632254,0.24680093708344567,0.9130801710515086,0.2702949257995913,8.192480951705685e-05,1.365740342110789e-05
FTTNN_CONDITIONAL_CORE_LEARNED_PRODUCER,boundary_outgoing,2,top,-3,0,s,-0.00030183034807718643,-0.0012490155002179435,0.0002384264874377627,-0.00046734237743567054,0.23630481197691308,0.9095181214967073,0.25981319821099197,8.192480951705685e-05,1.365740342110789e-05
FTTNN_CONDITIONAL_CORE_LEARNED_PRODUCER,total,3,top,-3,0,p,-4.871893697003751e-06,3.077685569192739e-06,1.2553482268998042e-15,3.668039838538298e-15,0.24680093708344567,0.4382342339399896,0.5631712859685941,1.647659030238172e-09,7.457653301374714e-28
FTTNN_CONDITIONAL_CORE_LEARNED_PRODUCER,scattered,3,top,-3,0,p,-4.871893697003751e-06,3.077685569192739e-06,1.2553482268998042e-15,3.668039838538298e-15,0.24680093708344564,0.2468359522790033,0.9998581438593755,1.647659030238172e-09,7.457653301374714e-28
FTTNN_CONDITIONAL_CORE_LEARNED_PRODUCER,outgoing,3,top,-3,0,p,-4.871893697003751e-06,3.077685569192739e-06,1.2553482268998042e-15,3.668039838538298e-15,0.24680093708344567,0.9130801710515086,0.2702949257995913,1.647659030238172e-09,7.457653301374714e-28
FTTNN_CONDITIONAL_CORE_LEARNED_PRODUCER,boundary_outgoing,3,top,-3,0,p,5.146285981228048e-06,-2.592920603708831e-06,-8.953304260694988e-16,-3.7721080122444466e-15,0.23630481197691308,0.9095181214967073,0.25981319821099197,1.647659030238172e-09,7.457653301374714e-28
FTTNN_CONDITIONAL_CORE_LEARNED_PRODUCER,total,4,top,-3,1,s,-1.7191134213482737e-05,1.0342058506452406e-05,-9.195140170915746e-05,5.576925994137385e-05,0.24680093708344567,0.4382342339399896,0.5631712859685941,1.2745008089721811e-08,3.6621598134782935e-07
FTTNN_CONDITIONAL_CORE_LEARNED_PRODUCER,scattered,4,top,-3,1,s,-1.7191134213472515e-05,1.034205850645543e-05,-9.195140170914724e-05,5.5769259941376876e-05,0.24680093708344564,0.2468359522790033,0.9998581438593755,1.2745008089721811e-08,3.6621598134782935e-07
FTTNN_CONDITIONAL_CORE_LEARNED_PRODUCER,outgoing,4,top,-3,1,s,-1.7191134213482737e-05,1.0342058506452406e-05,-9.195140170915746e-05,5.576925994137385e-05,0.24680093708344567,0.9130801710515086,0.2702949257995913,1.2745008089721811e-08,3.6621598134782935e-07
FTTNN_CONDITIONAL_CORE_LEARNED_PRODUCER,boundary_outgoing,4,top,-3,1,s,-1.4703116147827536e-05,1.364960238396542e-05,-7.855082196233748e-05,7.345092919581435e-05,0.23630481197691308,0.9095181214967073,0.25981319821099197,1.2745008089721811e-08,3.6621598134782935e-07
FTTNN_CONDITIONAL_CORE_LEARNED_PRODUCER,total,5,top,-3,1,p,2.668167699853096e-05,-1.688746381400402e-05,-6.491873565012055e-05,4.0080513039672495e-05,0.24680093708344567,0.4382342339399896,0.5631712859685941,3.1573263780616024e-08,1.843193233680326e-07
FTTNN_CONDITIONAL_CORE_LEARNED_PRODUCER,scattered,5,top,-3,1,p,2.668167699854436e-05,-1.6887463813989212e-05,-6.491873565010715e-05,4.00805130396873e-05,0.24680093708344564,0.2468359522790033,0.9998581438593755,3.1573263780616024e-08,1.843193233680326e-07
FTTNN_CONDITIONAL_CORE_LEARNED_PRODUCER,outgoing,5,top,-3,1,p,2.668167699853096e-05,-1.688746381400402e-05,-6.491873565012055e-05,4.0080513039672495e-05,0.24680093708344567,0.9130801710515086,0.2702949257995913,3.1573263780616024e-08,1.843193233680326e-07
FTTNN_CONDITIONAL_CORE_LEARNED_PRODUCER,boundary_outgoing,5,top,-3,1,p,2.264858275095581e-05,-2.2003182062973034e-05,-5.5312742353573465e-05,5.2548932408382856e-05,0.23630481197691308,0.9095181214967073,0.25981319821099197,3.1573263780616024e-08,1.843193233680326e-07
FTTNN_CONDITIONAL_CORE_LEARNED_PRODUCER,total,6,top,-2,-1,s,-5.567606743812667e-08,1.2144172244226913e-07,2.344516502433825e-06,9.65817440460633e-07,0.24680093708344567,0.4382342339399896,0.5631712859685941,7.622473862633925e-13,2.745931746845648e-10
FTTNN_CONDITIONAL_CORE_LEARNED_PRODUCER,scattered,6,top,-2,-1,s,-5.5676067438126316e-08,1.2144172244227376e-07,2.3445165024338254e-06,9.658174404606376e-07,0.24680093708344564,0.2468359522790033,0.9998581438593755,7.622473862633925e-13,2.745931746845648e-10
FTTNN_CONDITIONAL_CORE_LEARNED_PRODUCER,outgoing,6,top,-2,-1,s,-5.567606743812667e-08,1.2144172244226913e-07,2.344516502433825e-06,9.65817440460633e-07,0.24680093708344567,0.9130801710515086,0.2702949257995913,7.622473862633925e-13,2.745931746845648e-10
FTTNN_CONDITIONAL_CORE_LEARNED_PRODUCER,boundary_outgoing,6,top,-2,-1,s,-9.577030137096344e-08,-9.314486464875453e-08,-1.6954805776036832e-06,1.8854459868824524e-06,0.23630481197691308,0.9095181214967073,0.25981319821099197,7.622473862633925e-13,2.745931746845648e-10
FTTNN_CONDITIONAL_CORE_LEARNED_PRODUCER,total,7,top,-2,-1,p,-2.052903667472055e-06,4.445976030200906e-07,-0.00011450210530953003,-0.00014336308972240936,0.24680093708344567,0.4382342339399896,0.5631712859685941,1.8843078062866132e-10,1.437706929814518e-06
FTTNN_CONDITIONAL_CORE_LEARNED_PRODUCER,scattered,7,top,-2,-1,p,-2.0529036674374173e-06,4.445976030054385e-07,-0.00011450210530949539,-0.00014336308972242402,0.24680093708344564,0.2468359522790033,0.9998581438593755,1.8843078062866132e-10,1.437706929814518e-06
FTTNN_CONDITIONAL_CORE_LEARNED_PRODUCER,outgoing,7,top,-2,-1,p,-2.052903667472055e-06,4.445976030200906e-07,-0.00011450210530953003,-0.00014336308972240936,0.24680093708344567,0.9130801710515086,0.2702949257995913,1.8843078062866132e-10,1.437706929814518e-06
FTTNN_CONDITIONAL_CORE_LEARNED_PRODUCER,boundary_outgoing,7,top,-2,-1,p,2.688776187644562e-07,-2.083215140752145e-06,0.00017343931198744156,-5.9854094867379096e-05,0.23630481197691308,0.9095181214967073,0.25981319821099197,1.8843078062866132e-10,1.437706929814518e-06
FTTNN_CONDITIONAL_CORE_LEARNED_PRODUCER,total,8,top,-2,0,s,-1.708095141838973e-05,9.419871979579347e-05,0.00016425932553326252,-5.6207388544626634e-05,0.24680093708344567,0.4382342339399896,0.5631712859685941,5.25151510719082e-07,1.7270051732052553e-06
FTTNN_CONDITIONAL_CORE_LEARNED_PRODUCER,scattered,8,top,-2,0,s,-1.708095141844894e-05,9.419871979563786e-05,0.0001642593255332033,-5.620738854478225e-05,0.24680093708344564,0.2468359522790033,0.9998581438593755,5.25151510719082e-07,1.7270051732052553e-06
FTTNN_CONDITIONAL_CORE_LEARNED_PRODUCER,outgoing,8,top,-2,0,s,-1.708095141838973e-05,9.419871979579347e-05,0.00016425932553326252,-5.6207388544626634e-05,0.24680093708344567,0.9130801710515086,0.2702949257995913,5.25151510719082e-07,1.7270051732052553e-06
FTTNN_CONDITIONAL_CORE_LEARNED_PRODUCER,boundary_outgoing,8,top,-2,0,s,9.419872197414148e-05,1.7080939405143913e-05,-5.6207409492762594e-05,-0.00016425931836508344,0.23630481197691308,0.9095181214967073,0.25981319821099197,5.25151510719082e-07,1.7270051732052553e-06
FTTNN_CONDITIONAL_CORE_LEARNED_PRODUCER,total,9,top,-2,0,p,-5.441354345212906e-07,-4.1050258005930694e-07,-1.731002669799771e-16,1.1404235647096274e-15,0.24680093708344567,0.4382342339399896,0.5631712859685941,2.6620726237268448e-11,7.623760074136061e-29
FTTNN_CONDITIONAL_CORE_LEARNED_PRODUCER,scattered,9,top,-2,0,p,-5.441354345212906e-07,-4.1050258005930694e-07,-1.731002669799771e-16,1.1404235647096274e-15,0.24680093708344564,0.2468359522790033,0.9998581438593755,2.6620726237268448e-11,7.623760074136061e-29
FTTNN_CONDITIONAL_CORE_LEARNED_PRODUCER,outgoing,9,top,-2,0,p,-5.441354345212906e-07,-4.1050258005930694e-07,-1.731002669799771e-16,1.1404235647096274e-15,0.24680093708344567,0.9130801710515086,0.2702949257995913,2.6620726237268448e-11,7.623760074136061e-29
FTTNN_CONDITIONAL_CORE_LEARNED_PRODUCER,boundary_outgoing,9,top,-2,0,p,-4.105025106652325e-07,5.441354868730416e-07,1.1404235867852477e-15,1.7310012154075433e-16,0.23630481197691308,0.9095181214967073,0.25981319821099197,2.6620726237268448e-11,7.623760074136061e-29
FTTNN_CONDITIONAL_CORE_LEARNED_PRODUCER,total,10,top,-2,1,s,-6.794439510166146e-08,1.2280341365258728e-07,2.3445165013757525e-06,9.658174394089157e-07,0.24680093708344567,0.4382342339399896,0.5631712859685941,8.412229912054142e-13,2.745931743859139e-10
FTTNN_CONDITIONAL_CORE_LEARNED_PRODUCER,scattered,10,top,-2,1,s,-6.794439510166474e-08,1.2280341365258648e-07,2.344516501375749e-06,9.658174394089149e-07,0.24680093708344564,0.2468359522790033,0.9998581438593755,8.412229912054142e-13,2.745931743859139e-10
FTTNN_CONDITIONAL_CORE_LEARNED_PRODUCER,outgoing,10,top,-2,1,s,-6.794439510166146e-08,1.2280341365258728e-07,2.3445165013757525e-06,9.658174394089157e-07,0.24680093708344567,0.9130801710515086,0.2702949257995913,8.412229912054142e-13,2.745931743859139e-10
FTTNN_CONDITIONAL_CORE_LEARNED_PRODUCER,boundary_outgoing,10,top,-2,1,s,-9.294305946451283e-08,-1.0516038668545856e-07,-1.6954805762582626e-06,1.885445986237883e-06,0.23630481197691308,0.9095181214967073,0.25981319821099197,8.412229912054142e-13,2.745931743859139e-10
FTTNN_CONDITIONAL_CORE_LEARNED_PRODUCER,total,11,top,-2,1,p,-2.052951852133674e-06,4.4473639415491443e-07,0.0001145021053115565,0.0001433630897223461,0.24680093708344567,0.4382342339399896,0.5631712859685941,1.8844450144197256e-10,1.4377069298335635e-06
FTTNN_CONDITIONAL_CORE_LEARNED_PRODUCER,scattered,11,top,-2,1,p,-2.0529518521443347e-06,4.4473639416224344e-07,0.00011450210531154583,0.0001433630897223534,0.24680093708344564,0.2468359522790033,0.9998581438593755,1.8844450144197256e-10,1.4377069298335635e-06
FTTNN_CONDITIONAL_CORE_LEARNED_PRODUCER,outgoing,11,top,-2,1,p,-2.052951852133674e-06,4.4473639415491443e-07,0.0001145021053115565,0.0001433630897223461,0.24680093708344567,0.9130801710515086,0.2702949257995913,1.8844450144197256e-10,1.4377069298335635e-06
FTTNN_CONDITIONAL_CORE_LEARNED_PRODUCER,boundary_outgoing,11,top,-2,1,p,2.687629918737123e-07,-2.083307039700123e-06,-0.00017343931198806085,5.9854094869309646e-05,0.23630481197691308,0.9095181214967073,0.25981319821099197,1.8844450144197256e-10,1.4377069298335635e-06
FTTNN_CONDITIONAL_CORE_LEARNED_PRODUCER,total,12,top,-1,-1,s,1.7919675083392286e-05,-8.878904236626802e-06,-0.0001675317294758279,-0.0002780507862091289,0.24680093708344567,0.4382342339399896,0.5631712859685941,1.267077964837337e-08,3.3385088803210597e-06
FTTNN_CONDITIONAL_CORE_LEARNED_PRODUCER,scattered,12,top,-1,-1,s,1.791967508343677e-05,-8.87890423661704e-06,-0.00016753172947578341,-0.00027805078620911914,0.24680093708344564,0.2468359522790033,0.9998581438593755,1.267077964837337e-08,3.3385088803210597e-06
FTTNN_CONDITIONAL_CORE_LEARNED_PRODUCER,outgoing,12,top,-1,-1,s,1.7919675083392286e-05,-8.878904236626802e-06,-0.0001675317294758279,-0.0002780507862091289,0.24680093708344567,0.9130801710515086,0.2702949257995913,1.267077964837337e-08,3.3385088803210597e-06
FTTNN_CONDITIONAL_CORE_LEARNED_PRODUCER,boundary_outgoing,12,top,-1,-1,s,1.5753788334017826e-05,-1.2319409428398083e-05,-0.00022030138827274493,-0.0002384248695454775,0.23630481197691308,0.9095181214967073,0.25981319821099197,1.267077964837337e-08,3.3385088803210597e-06
FTTNN_CONDITIONAL_CORE_LEARNED_PRODUCER,total,13,top,-1,-1,p,-2.652260169540921e-05,1.400544591082485e-05,-0.00012312018254765662,-0.00020515373533905003,0.24680093708344567,0.4382342339399896,0.5631712859685941,2.8500196658346078e-08,1.8136268113864188e-06
FTTNN_CONDITIONAL_CORE_LEARNED_PRODUCER,scattered,13,top,-1,-1,p,-2.6522601695393913e-05,1.4005445910861833e-05,-0.00012312018254764134,-0.00020515373533901306,0.24680093708344564,0.2468359522790033,0.9998581438593755,2.8500196658346078e-08,1.8136268113864188e-06
FTTNN_CONDITIONAL_CORE_LEARNED_PRODUCER,outgoing,13,top,-1,-1,p,-2.652260169540921e-05,1.400544591082485e-05,-0.00012312018254765662,-0.00020515373533905003,0.24680093708344567,0.9130801710515086,0.2702949257995913,2.8500196658346078e-08,1.8136268113864188e-06
FTTNN_CONDITIONAL_CORE_LEARNED_PRODUCER,boundary_outgoing,13,top,-1,-1,p,-2.314219345618346e-05,1.907982698797197e-05,-0.00016206524324860404,-0.0001760155998907599,0.23630481197691308,0.9095181214967073,0.25981319821099197,2.8500196658346078e-08,1.8136268113864188e-06
FTTNN_CONDITIONAL_CORE_LEARNED_PRODUCER,total,14,top,-1,0,s,0.0004387574538133404,0.0012445940543175309,-0.0010285581087383054,0.0013279322632824794,0.24680093708344567,0.4382342339399896,0.5631712859685941,8.642680919323017e-05,0.00014001487940183894
FTTNN_CONDITIONAL_CORE_LEARNED_PRODUCER,scattered,14,top,-1,0,s,0.0004387574538137519,0.0012445940543173591,-0.0010285581087378939,0.0013279322632823076,0.24680093708344564,0.2468359522790033,0.9998581438593755,8.642680919323017e-05,0.00014001487940183894
FTTNN_CONDITIONAL_CORE_LEARNED_PRODUCER,outgoing,14,top,-1,0,s,0.0004387574538133404,0.0012445940543175309,-0.0010285581087383054,0.0013279322632824794,0.24680093708344567,0.9130801710515086,0.2702949257995913,8.642680919323017e-05,0.00014001487940183894
FTTNN_CONDITIONAL_CORE_LEARNED_PRODUCER,boundary_outgoing,14,top,-1,0,s,-0.00031406281088359014,-0.001281751541500619,0.0011543275989399616,-0.0012201900152203147,0.23630481197691308,0.9095181214967073,0.25981319821099197,8.642680919323017e-05,0.00014001487940183894
FTTNN_CONDITIONAL_CORE_LEARNED_PRODUCER,total,15,top,-1,0,p,-4.829327195991094e-06,2.9594118390118808e-06,1.0695710033665002e-15,-1.898478834981676e-15,0.24680093708344567,0.4382342339399896,0.5631712859685941,1.5920649917443972e-09,2.3563986760300565e-28
FTTNN_CONDITIONAL_CORE_LEARNED_PRODUCER,scattered,15,top,-1,0,p,-4.829327195991094e-06,2.9594118390118808e-06,1.0695710033665002e-15,-1.898478834981676e-15,0.24680093708344564,0.2468359522790033,0.9998581438593755,1.5920649917443972e-09,2.3563986760300565e-28
FTTNN_CONDITIONAL_CORE_LEARNED_PRODUCER,outgoing,15,top,-1,0,p,-4.829327195991094e-06,2.9594118390118808e-06,1.0695710033665002e-15,-1.898478834981676e-15,0.24680093708344567,0.9130801710515086,0.2702949257995913,1.5920649917443972e-09,2.3563986760300565e-28
FTTNN_CONDITIONAL_CORE_LEARNED_PRODUCER,boundary_outgoing,15,top,-1,0,p,5.097283751338046e-06,-2.469457016667434e-06,-1.2513260214317444e-15,1.783924663825131e-15,0.23630481197691308,0.9095181214967073,0.25981319821099197,1.5920649917443972e-09,2.3563986760300565e-28
FTTNN_CONDITIONAL_CORE_LEARNED_PRODUCER,total,16,top,-1,1,s,1.9107935571724247e-05,-9.918949558397524e-06,-0.0001675317294752791,-0.00027805078621218255,0.24680093708344567,0.4382342339399896,0.5631712859685941,1.4684073392452703e-08,3.338508880369034e-06
FTTNN_CONDITIONAL_CORE_LEARNED_PRODUCER,scattered,16,top,-1,1,s,1.9107935571726006e-05,-9.91894955838023e-06,-0.00016753172947527734,-0.00027805078621216526,0.24680093708344564,0.2468359522790033,0.9998581438593755,1.4684073392452703e-08,3.338508880369034e-06
FTTNN_CONDITIONAL_CORE_LEARNED_PRODUCER,outgoing,16,top,-1,1,s,1.9107935571724247e-05,-9.918949558397524e-06,-0.0001675317294752791,-0.00027805078621218255,0.24680093708344567,0.9130801710515086,0.2702949257995913,1.4684073392452703e-08,3.338508880369034e-06
FTTNN_CONDITIONAL_CORE_LEARNED_PRODUCER,boundary_outgoing,16,top,-1,1,s,1.6707163512652245e-05,-1.3578271227100332e-05,-0.00022030138827282503,-0.00023842486954857905,0.23630481197691308,0.9095181214967073,0.25981319821099197,1.4684073392452703e-08,3.338508880369034e-06
FTTNN_CONDITIONAL_CORE_LEARNED_PRODUCER,total,17,top,-1,1,p,2.3674439965087868e-05,-1.1475577818937401e-05,0.00012312018254904267,0.00020515373533914856,0.24680093708344567,0.4382342339399896,0.5631712859685941,2.1928528084189995e-08,1.8136268113985115e-06
FTTNN_CONDITIONAL_CORE_LEARNED_PRODUCER,scattered,17,top,-1,1,p,2.3674439965083785e-05,-1.1475577818956756e-05,0.00012312018254903858,0.0002051537353391292,0.24680093708344564,0.2468359522790033,0.9998581438593755,2.1928528084189995e-08,1.8136268113985115e-06
FTTNN_CONDITIONAL_CORE_LEARNED_PRODUCER,outgoing,17,top,-1,1,p,2.3674439965087868e-05,-1.1475577818937401e-05,0.00012312018254904267,0.00020515373533914856,0.24680093708344567,0.9130801710515086,0.2702949257995913,2.1928528084189995e-08,1.8136268113985115e-06
FTTNN_CONDITIONAL_CORE_LEARNED_PRODUCER,boundary_outgoing,17,top,-1,1,p,2.0864508055310745e-05,-1.6026237785235524e-05,0.00016206524324998136,0.0001760155998905761,0.23630481197691308,0.9095181214967073,0.25981319821099197,2.1928528084189995e-08,1.8136268113985115e-06
FTTNN_CONDITIONAL_CORE_LEARNED_PRODUCER,total,18,top,0,0,s,0.045795836187087255,-0.6214134114550752,0.026785429987131376,-0.4121567714282053,0.24680093708344567,0.4382342339399896,0.5631712859685941,0.8379529570917914,0.812256818464021
FTTNN_CONDITIONAL_CORE_LEARNED_PRODUCER,scattered,18,top,0,0,s,-0.000262968910473899,1.491219592612346e-05,-0.01927337511042978,0.20927155222279603,0.24680093708344564,0.2468359522790033,0.9998581438593755,0.8379529570917914,0.812256818464021
FTTNN_CONDITIONAL_CORE_LEARNED_PRODUCER,outgoing,18,top,0,0,s,-0.8814531755872934,-0.2469681281846957,-0.9004635817872493,-0.03771148815782577,0.24680093708344567,0.9130801710515086,0.2702949257995913,0.8379529570917914,0.812256818464021
FTTNN_CONDITIONAL_CORE_LEARNED_PRODUCER,boundary_outgoing,18,top,0,0,s,-0.818170372843598,-0.4105486549642371,-0.8767420008873494,-0.208758909616445,0.23630481197691308,0.9095181214967073,0.25981319821099197,0.8379529570917914,0.812256818464021
FTTNN_CONDITIONAL_CORE_LEARNED_PRODUCER,total,19,top,0,0,p,3.2077509770499592e-06,-3.3881946935000753e-06,1.1196540890151039e-13,-5.214558791588342e-15,0.24680093708344567,0.4382342339399896,0.5631712859685941,2.1769529611822246e-11,1.2563444413870592e-26
FTTNN_CONDITIONAL_CORE_LEARNED_PRODUCER,scattered,19,top,0,0,p,3.2077509769403443e-06,-3.388194692021141e-06,1.1185579377514874e-13,-3.735624544869974e-15,0.24680093708344564,0.2468359522790033,0.9998581438593755,2.1769529611822246e-11,1.2563444413870592e-26
FTTNN_CONDITIONAL_CORE_LEARNED_PRODUCER,outgoing,19,top,0,0,p,3.2077509770499592e-06,-3.3881946935000753e-06,1.1196540890151039e-13,-5.214558791588342e-15,0.24680093708344567,0.9130801710515086,0.2702949257995913,2.1769529611822246e-11,1.2563444413870592e-26
FTTNN_CONDITIONAL_CORE_LEARNED_PRODUCER,boundary_outgoing,19,top,0,0,p,3.795077498154548e-06,-2.714206402399798e-06,1.109046864019619e-13,1.6235607409513206e-14,0.23630481197691308,0.9095181214967073,0.25981319821099197,2.1769529611822246e-11,1.2563444413870592e-26
FTTNN_CONDITIONAL_CORE_LEARNED_PRODUCER,total,20,bottom,-3,-1,s,-1.5005066151356718e-07,2.0613438017787155e-05,-4.909306826319978e-06,0.00011217325597253058,0.24680093708344567,0.4382342339399896,0.5631712859685941,1.2862176993190869e-08,3.815929255738811e-07
FTTNN_CONDITIONAL_CORE_LEARNED_PRODUCER,scattered,20,bottom,-3,-1,s,-1.5005066151363372e-07,2.0613438017788954e-05,-4.909306826320045e-06,0.00011217325597253238,0.24680093708344564,0.2468359522790033,0.9998581438593755,1.2862176993190869e-08,3.815929255738811e-07
FTTNN_CONDITIONAL_CORE_LEARNED_PRODUCER,outgoing,20,bottom,-3,-1,s,-1.5005066151356718e-07,2.0613438017787155e-05,-4.909306826319978e-06,0.00011217325597253058,0.24680093708344567,0.9130801710515086,0.2702949257995913,1.2862176993190869e-08,3.815929255738811e-07
FTTNN_CONDITIONAL_CORE_LEARNED_PRODUCER,boundary_outgoing,20,bottom,-3,-1,s,-1.540279514154709e-05,1.331006220136455e-05,-8.648303367237041e-05,6.939127777564956e-05,0.23630481197691308,0.9095181214967073,0.25981319821099197,1.2862176993190869e-08,3.815929255738811e-07
FTTNN_CONDITIONAL_CORE_LEARNED_PRODUCER,total,21,bottom,-3,-1,p,-1.1819491410422053e-07,-2.485474987195922e-05,-1.5732873803997091e-06,7.928198517251047e-05,0.24680093708344567,0.4382342339399896,0.5631712859685941,1.869903615354069e-08,1.903314808729246e-07
FTTNN_CONDITIONAL_CORE_LEARNED_PRODUCER,scattered,21,bottom,-3,-1,p,-1.181949141078439e-07,-2.4854749871952055e-05,-1.5732873804033325e-06,7.928198517251764e-05,0.24680093708344564,0.2468359522790033,0.9998581438593755,1.869903615354069e-08,1.903314808729246e-07
FTTNN_CONDITIONAL_CORE_LEARNED_PRODUCER,outgoing,21,bottom,-3,-1,p,-1.1819491410422053e-07,-2.485474987195922e-05,-1.5732873803997091e-06,7.928198517251047e-05,0.24680093708344567,0.9130801710515086,0.2702949257995913,1.869903615354069e-08,1.903314808729246e-07
FTTNN_CONDITIONAL_CORE_LEARNED_PRODUCER,boundary_outgoing,21,bottom,-3,-1,p,1.8377235286765332e-05,-1.627076060121625e-05,-5.9889780695573525e-05,5.0452604324837186e-05,0.23630481197691308,0.9095181214967073,0.25981319821099197,1.869903615354069e-08,1.903314808729246e-07
FTTNN_CONDITIONAL_CORE_LEARNED_PRODUCER,total,22,bottom,-3,0,s,-0.0009227851374782877,0.00022650139784120257,-0.0004924362020247129,-0.0001736752134376343,0.24680093708344567,0.4382342339399896,0.5631712859685941,4.3737788520358124e-05,1.3208823483228831e-05
FTTNN_CONDITIONAL_CORE_LEARNED_PRODUCER,scattered,22,bottom,-3,0,s,-0.00092278513747829,0.00022650139784112869,-0.0004924362020247152,-0.0001736752134377082,0.24680093708344564,0.2468359522790033,0.9998581438593755,4.3737788520358124e-05,1.3208823483228831e-05
FTTNN_CONDITIONAL_CORE_LEARNED_PRODUCER,outgoing,22,bottom,-3,0,s,-0.0009227851374782877,0.00022650139784120257,-0.0004924362020247129,-0.0001736752134376343,0.24680093708344567,0.9130801710515086,0.2702949257995913,4.3737788520358124e-05,1.3208823483228831e-05
FTTNN_CONDITIONAL_CORE_LEARNED_PRODUCER,boundary_outgoing,22,bottom,-3,0,s,-0.00042038384082491157,-0.0008437627150688828,6.074845422874771e-05,-0.0005144750722767751,0.23630481197691308,0.9095181214967073,0.25981319821099197,4.3737788520358124e-05,1.3208823483228831e-05
FTTNN_CONDITIONAL_CORE_LEARNED_PRODUCER,total,23,bottom,-3,0,p,3.3627500421034435e-07,1.990526092879852e-06,-1.3274970028758873e-16,2.3198170478591657e-16,0.24680093708344567,0.4382342339399896,0.5631712859685941,1.974263940208617e-10,3.46080831114775e-30
FTTNN_CONDITIONAL_CORE_LEARNED_PRODUCER,scattered,23,bottom,-3,0,p,3.3627500421034435e-07,1.990526092879852e-06,-1.3274970028758873e-16,2.3198170478591657e-16,0.24680093708344564,0.2468359522790033,0.9998581438593755,1.974263940208617e-10,3.46080831114775e-30
FTTNN_CONDITIONAL_CORE_LEARNED_PRODUCER,outgoing,23,bottom,-3,0,p,3.3627500421034435e-07,1.990526092879852e-06,-1.3274970028758873e-16,2.3198170478591657e-16,0.24680093708344567,0.9130801710515086,0.2702949257995913,1.974263940208617e-10,3.46080831114775e-30
FTTNN_CONDITIONAL_CORE_LEARNED_PRODUCER,boundary_outgoing,23,bottom,-3,0,p,-1.8532698228969608e-06,7.593892454761881e-07,-2.5346697492730613e-16,-7.791468315616378e-17,0.23630481197691308,0.9095181214967073,0.25981319821099197,1.974263940208617e-10,3.46080831114775e-30
FTTNN_CONDITIONAL_CORE_LEARNED_PRODUCER,total,24,bottom,-3,1,s,-1.1041377931435082e-07,1.8744132652443045e-05,-4.909306828951654e-06,0.00011217325597379069,0.24680093708344567,0.4382342339399896,0.5631712859685941,1.0634972564426418e-08,3.8159292558322023e-07
FTTNN_CONDITIONAL_CORE_LEARNED_PRODUCER,scattered,24,bottom,-3,1,s,-1.1041377931555396e-07,1.8744132652442157e-05,-4.9093068289528565e-06,0.00011217325597378981,0.24680093708344564,0.2468359522790033,0.9998581438593755,1.0634972564426418e-08,3.8159292558322023e-07
FTTNN_CONDITIONAL_CORE_LEARNED_PRODUCER,outgoing,24,bottom,-3,1,s,-1.1041377931435082e-07,1.8744132652443045e-05,-4.909306828951654e-06,0.00011217325597379069,0.24680093708344567,0.9130801710515086,0.2702949257995913,1.0634972564426418e-08,3.8159292558322023e-07
FTTNN_CONDITIONAL_CORE_LEARNED_PRODUCER,boundary_outgoing,24,bottom,-3,1,s,-1.398906276655075e-05,1.2122381458033121e-05,-8.648303367501951e-05,6.939127777451605e-05,0.23630481197691308,0.9095181214967073,0.25981319821099197,1.0634972564426418e-08,3.8159292558322023e-07
FTTNN_CONDITIONAL_CORE_LEARNED_PRODUCER,total,25,bottom,-3,1,p,8.538510584592306e-08,2.9332025215191676e-05,1.5732873796791848e-06,-7.9281985174855e-05,0.24680093708344567,0.4382342339399896,0.5631712859685941,2.604224293041134e-08,1.903314808841085e-07
FTTNN_CONDITIONAL_CORE_LEARNED_PRODUCER,scattered,25,bottom,-3,1,p,8.538510585460863e-08,2.9332025215191507e-05,1.5732873796878703e-06,-7.928198517485518e-05,0.24680093708344564,0.2468359522790033,0.9998581438593755,2.604224293041134e-08,1.903314808841085e-07
FTTNN_CONDITIONAL_CORE_LEARNED_PRODUCER,outgoing,25,bottom,-3,1,p,8.538510584592306e-08,2.9332025215191676e-05,1.5732873796791848e-06,-7.9281985174855e-05,0.24680093708344567,0.9130801710515086,0.2702949257995913,2.604224293041134e-08,1.903314808841085e-07
FTTNN_CONDITIONAL_CORE_LEARNED_PRODUCER,boundary_outgoing,25,bottom,-3,1,p,-2.1722892034940668e-05,1.916156748712561e-05,5.9889780696845165e-05,-5.0452604326898695e-05,0.23630481197691308,0.9095181214967073,0.25981319821099197,2.604224293041134e-08,1.903314808841085e-07
FTTNN_CONDITIONAL_CORE_LEARNED_PRODUCER,total,26,bottom,-2,-1,s,-2.8515197954403377e-07,7.692156889447744e-07,7.745485652971132e-07,2.4717345258705883e-06,0.24680093708344567,0.4382342339399896,0.5631712859685941,2.7910750847028918e-11,2.7825122930511906e-10
FTTNN_CONDITIONAL_CORE_LEARNED_PRODUCER,scattered,26,bottom,-2,-1,s,-2.851519795440338e-07,7.692156889447741e-07,7.745485652971132e-07,2.471734525870588e-06,0.24680093708344564,0.2468359522790033,0.9998581438593755,2.7910750847028918e-11,2.7825122930511906e-10
FTTNN_CONDITIONAL_CORE_LEARNED_PRODUCER,outgoing,26,bottom,-2,-1,s,-2.8515197954403377e-07,7.692156889447744e-07,7.745485652971132e-07,2.4717345258705883e-06,0.24680093708344567,0.9130801710515086,0.2702949257995913,2.7910750847028918e-11,2.7825122930511906e-10
FTTNN_CONDITIONAL_CORE_LEARNED_PRODUCER,boundary_outgoing,26,bottom,-2,-1,s,-8.114855737503739e-07,4.689070826133517e-08,-1.935589521620524e-06,1.6853186586884327e-06,0.23630481197691308,0.9095181214967073,0.25981319821099197,2.7910750847028918e-11,2.7825122930511906e-10
FTTNN_CONDITIONAL_CORE_LEARNED_PRODUCER,total,27,bottom,-2,-1,p,1.315877119056076e-06,1.0519290449492446e-06,-3.630225008417201e-05,0.0001883234131536643,0.24680093708344567,0.4382342339399896,0.5631712859685941,1.1770078248229057e-10,1.5254830024257906e-06
FTTNN_CONDITIONAL_CORE_LEARNED_PRODUCER,scattered,27,bottom,-2,-1,p,1.3158771190492243e-06,1.0519290449449622e-06,-3.630225008417886e-05,0.00018832341315366003,0.24680093708344564,0.2468359522790033,0.9998581438593755,1.1770078248229057e-10,1.5254830024257906e-06
FTTNN_CONDITIONAL_CORE_LEARNED_PRODUCER,outgoing,27,bottom,-2,-1,p,1.315877119056076e-06,1.0519290449492446e-06,-3.630225008417201e-05,0.0001883234131536643,0.24680093708344567,0.9130801710515086,0.2702949257995913,1.1770078248229057e-10,1.5254830024257906e-06
FTTNN_CONDITIONAL_CORE_LEARNED_PRODUCER,boundary_outgoing,27,bottom,-2,-1,p,-4.3180176849765313e-07,1.6123827734971148e-06,-0.0001853545253180435,4.1894719858193056e-05,0.23630481197691308,0.9095181214967073,0.25981319821099197,1.1770078248229057e-10,1.5254830024257906e-06
FTTNN_CONDITIONAL_CORE_LEARNED_PRODUCER,total,28,bottom,-2,0,s,1.6469269407190803e-06,-8.697738187331653e-05,-0.00018404130862068258,1.7489532595230964e-05,0.24680093708344567,0.4382342339399896,0.5631712859685941,4.2515317797628737e-07,1.9200481909981673e-06
FTTNN_CONDITIONAL_CORE_LEARNED_PRODUCER,scattered,28,bottom,-2,0,s,1.6469269407033232e-06,-8.697738187327452e-05,-0.00018404130862069833,1.7489532595272983e-05,0.24680093708344564,0.2468359522790033,0.9998581438593755,4.2515317797628737e-07,1.9200481909981673e-06
FTTNN_CONDITIONAL_CORE_LEARNED_PRODUCER,outgoing,28,bottom,-2,0,s,1.6469269407190803e-06,-8.697738187331653e-05,-0.00018404130862068258,1.7489532595230964e-05,0.24680093708344567,0.9130801710515086,0.2702949257995913,4.2515317797628737e-07,1.9200481909981673e-06
FTTNN_CONDITIONAL_CORE_LEARNED_PRODUCER,boundary_outgoing,28,bottom,-2,0,s,8.639619751317348e-05,8.172156363299311e-07,-1.910128656019509e-05,-0.00018261418318362527,0.23630481197691308,0.9095181214967073,0.25981319821099197,4.2515317797628737e-07,1.9200481909981673e-06
FTTNN_CONDITIONAL_CORE_LEARNED_PRODUCER,total,29,bottom,-2,0,p,-2.2262667656215183e-06,1.0781107576874492e-06,-1.953215047833636e-16,3.0838854490696276e-16,0.24680093708344567,0.4382342339399896,0.5631712859685941,3.437385100857322e-10,7.486128714139298e-30
FTTNN_CONDITIONAL_CORE_LEARNED_PRODUCER,scattered,29,bottom,-2,0,p,-2.2262667656215183e-06,1.0781107576874492e-06,-1.953215047833636e-16,3.0838854490696276e-16,0.24680093708344564,0.2468359522790033,0.9998581438593755,3.437385100857322e-10,7.486128714139298e-30
FTTNN_CONDITIONAL_CORE_LEARNED_PRODUCER,outgoing,29,bottom,-2,0,p,-2.2262667656215183e-06,1.0781107576874492e-06,-1.953215047833636e-16,3.0838854490696276e-16,0.24680093708344567,0.9130801710515086,0.2702949257995913,3.437385100857322e-10,7.486128714139298e-30
FTTNN_CONDITIONAL_CORE_LEARNED_PRODUCER,boundary_outgoing,29,bottom,-2,0,p,-1.0916627580852607e-06,-2.2008496834368874e-06,-3.081108181661143e-16,-1.9107978283180129e-16,0.23630481197691308,0.9095181214967073,0.25981319821099197,3.437385100857322e-10,7.486128714139298e-30
FTTNN_CONDITIONAL_CORE_LEARNED_PRODUCER,total,30,bottom,-2,1,s,-2.9315856561813775e-07,7.734307867260361e-07,7.745485660026084e-07,2.4717345262717786e-06,0.24680093708344567,0.4382342339399896,0.5631712859685941,2.8372444667114398e-11,2.7825122943269296e-10
FTTNN_CONDITIONAL_CORE_LEARNED_PRODUCER,scattered,30,bottom,-2,1,s,-2.931585656181375e-07,7.734307867260349e-07,7.745485660026087e-07,2.4717345262717774e-06,0.24680093708344564,0.2468359522790033,0.9998581438593755,2.8372444667114398e-11,2.7825122943269296e-10
FTTNN_CONDITIONAL_CORE_LEARNED_PRODUCER,outgoing,30,bottom,-2,1,s,-2.9315856561813775e-07,7.734307867260361e-07,7.745485660026084e-07,2.4717345262717786e-06,0.24680093708344567,0.9130801710515086,0.2702949257995913,2.8372444667114398e-11,2.7825122943269296e-10
FTTNN_CONDITIONAL_CORE_LEARNED_PRODUCER,boundary_outgoing,30,bottom,-2,1,s,-8.184932887637531e-07,4.129888736188495e-08,-1.9355895217042767e-06,1.6853186594882002e-06,0.23630481197691308,0.9095181214967073,0.25981319821099197,2.8372444667114398e-11,2.7825122943269296e-10
FTTNN_CONDITIONAL_CORE_LEARNED_PRODUCER,total,31,bottom,-2,1,p,1.3157907362102336e-06,1.052370984267652e-06,3.630225008297548e-05,-0.00018832341315286793,0.24680093708344567,0.4382342339399896,0.5631712859685941,1.1772992235705617e-10,1.5254830024097482e-06
FTTNN_CONDITIONAL_CORE_LEARNED_PRODUCER,scattered,31,bottom,-2,1,p,1.3157907362025254e-06,1.0523709842793e-06,3.630225008296777e-05,-0.00018832341315285628,0.24680093708344564,0.2468359522790033,0.9998581438593755,1.1772992235705617e-10,1.5254830024097482e-06
FTTNN_CONDITIONAL_CORE_LEARNED_PRODUCER,outgoing,31,bottom,-2,1,p,1.3157907362102336e-06,1.052370984267652e-06,3.630225008297548e-05,-0.00018832341315286793,0.24680093708344567,0.9130801710515086,0.2702949257995913,1.1772992235705617e-10,1.5254830024097482e-06
FTTNN_CONDITIONAL_CORE_LEARNED_PRODUCER,boundary_outgoing,31,bottom,-2,1,p,-4.322372145229332e-07,1.6124800059269732e-06,0.00018535452531684516,-4.189471985896257e-05,0.23630481197691308,0.9095181214967073,0.25981319821099197,1.1772992235705617e-10,1.5254830024097482e-06
FTTNN_CONDITIONAL_CORE_LEARNED_PRODUCER,total,32,bottom,-1,-1,s,1.320641608811565e-06,-1.871251573619029e-05,-0.00033718347041335526,-1.6668060240140516e-05,0.24680093708344567,0.4382342339399896,0.5631712859685941,1.0657213685230094e-08,3.4515489579344382e-06
FTTNN_CONDITIONAL_CORE_LEARNED_PRODUCER,scattered,32,bottom,-1,-1,s,1.3206416088114754e-06,-1.8712515736185962e-05,-0.00033718347041335536,-1.666806024013619e-05,0.24680093708344564,0.2468359522790033,0.9998581438593755,1.0657213685230094e-08,3.4515489579344382e-06
FTTNN_CONDITIONAL_CORE_LEARNED_PRODUCER,outgoing,32,bottom,-1,-1,s,1.320641608811565e-06,-1.871251573619029e-05,-0.00033718347041335526,-1.6668060240140516e-05,0.24680093708344567,0.9130801710515086,0.2702949257995913,1.0657213685230094e-08,3.4515489579344382e-06
FTTNN_CONDITIONAL_CORE_LEARNED_PRODUCER,boundary_outgoing,32,bottom,-1,-1,s,1.4758611056798262e-05,-1.119678261518185e-05,-0.00020705147255067278,-0.00026129824663100645,0.23630481197691308,0.9095181214967073,0.25981319821099197,1.0657213685230094e-08,3.4515489579344382e-06
FTTNN_CONDITIONAL_CORE_LEARNED_PRODUCER,total,33,bottom,-1,-1,p,1.366047149921567e-06,-2.794325521083326e-05,0.0002479992366175502,8.609260274623294e-06,0.24680093708344567,0.4382342339399896,0.5631712859685941,2.3703484347100744e-08,1.8648558637476027e-06
FTTNN_CONDITIONAL_CORE_LEARNED_PRODUCER,scattered,33,bottom,-1,-1,p,1.3660471499041e-06,-2.794325521084135e-05,0.00024799923661753275,8.609260274615205e-06,0.24680093708344564,0.2468359522790033,0.9998581438593755,2.3703484347100744e-08,1.8648558637476027e-06
FTTNN_CONDITIONAL_CORE_LEARNED_PRODUCER,outgoing,33,bottom,-1,-1,p,1.366047149921567e-06,-2.794325521083326e-05,0.0002479992366175502,8.609260274623294e-06,0.24680093708344567,0.9130801710515086,0.2702949257995913,2.3703484347100744e-08,1.8648558637476027e-06
FTTNN_CONDITIONAL_CORE_LEARNED_PRODUCER,boundary_outgoing,33,bottom,-1,-1,p,2.1644510613445353e-05,-1.7170232021897043e-05,0.00015499807170421564,0.00018981004150854804,0.23630481197691308,0.9095181214967073,0.25981319821099197,2.3703484347100744e-08,1.8648558637476027e-06
FTTNN_CONDITIONAL_CORE_LEARNED_PRODUCER,total,34,bottom,-1,0,s,-0.0009434287735972758,0.00022509225250643553,-0.0011348134234953988,-0.0008861976207941805,0.24680093708344567,0.4382342339399896,0.5631712859685941,4.558287714946713e-05,0.00010045454435778903
FTTNN_CONDITIONAL_CORE_LEARNED_PRODUCER,scattered,34,bottom,-1,0,s,-0.0009434287735972901,0.00022509225250644604,-0.0011348134234954131,-0.00088619762079417,0.24680093708344564,0.2468359522790033,0.9998581438593755,4.558287714946713e-05,0.00010045454435778903
FTTNN_CONDITIONAL_CORE_LEARNED_PRODUCER,outgoing,34,bottom,-1,0,s,-0.0009434287735972758,0.00022509225250643553,-0.0011348134234953988,-0.0008861976207941805,0.24680093708344567,0.9130801710515086,0.2702949257995913,4.558287714946713e-05,0.00010045454435778903
FTTNN_CONDITIONAL_CORE_LEARNED_PRODUCER,boundary_outgoing,34,bottom,-1,0,s,-0.00042328016055334704,-0.0008641696195779213,0.0006107069086373302,-0.0012913701554319347,0.23630481197691308,0.9095181214967073,0.25981319821099197,4.558287714946713e-05,0.00010045454435778903
FTTNN_CONDITIONAL_CORE_LEARNED_PRODUCER,total,35,bottom,-1,0,p,2.453108934513307e-07,1.911211414414096e-06,-4.465027736885759e-16,-2.0865938982257457e-16,0.24680093708344567,0.4382342339399896,0.5631712859685941,1.799091911996372e-10,1.1769907587313279e-29
FTTNN_CONDITIONAL_CORE_LEARNED_PRODUCER,scattered,35,bottom,-1,0,p,2.453108934513307e-07,1.911211414414096e-06,-4.465027736885759e-16,-2.0865938982257457e-16,0.24680093708344564,0.2468359522790033,0.9998581438593755,1.799091911996372e-10,1.1769907587313279e-29
FTTNN_CONDITIONAL_CORE_LEARNED_PRODUCER,outgoing,35,bottom,-1,0,p,2.453108934513307e-07,1.911211414414096e-06,-4.465027736885759e-16,-2.0865938982257457e-16,0.24680093708344567,0.9130801710515086,0.2702949257995913,1.799091911996372e-10,1.1769907587313279e-29
FTTNN_CONDITIONAL_CORE_LEARNED_PRODUCER,boundary_outgoing,35,bottom,-1,0,p,-1.7965177678514014e-06,6.535584688944867e-07,1.0475495179447351e-16,-4.776152653530708e-16,0.23630481197691308,0.9095181214967073,0.25981319821099197,1.799091911996372e-10,1.1769907587313279e-29
FTTNN_CONDITIONAL_CORE_LEARNED_PRODUCER,total,36,bottom,-1,1,s,1.2380990713627374e-06,-1.9858466846398208e-05,-0.00033718347041209904,-1.6668060241286416e-05,0.24680093708344567,0.4382342339399896,0.5631712859685941,1.1989409700234156e-08,3.4515489579099395e-06
FTTNN_CONDITIONAL_CORE_LEARNED_PRODUCER,scattered,36,bottom,-1,1,s,1.2380990713643213e-06,-1.985846684640022e-05,-0.00033718347041209747,-1.666806024128843e-05,0.24680093708344564,0.2468359522790033,0.9998581438593755,1.1989409700234156e-08,3.4515489579099395e-06
FTTNN_CONDITIONAL_CORE_LEARNED_PRODUCER,outgoing,36,bottom,-1,1,s,1.2380990713627374e-06,-1.9858466846398208e-05,-0.00033718347041209904,-1.6668060241286416e-05,0.24680093708344567,0.9130801710515086,0.2702949257995913,1.1989409700234156e-08,3.4515489579099395e-06
FTTNN_CONDITIONAL_CORE_LEARNED_PRODUCER,boundary_outgoing,36,bottom,-1,1,s,1.5556076423111097e-05,-1.2003854461197911e-05,-0.00020705147254900414,-0.0002612982466308191,0.23630481197691308,0.9095181214967073,0.25981319821099197,1.1989409700234156e-08,3.4515489579099395e-06
FTTNN_CONDITIONAL_CORE_LEARNED_PRODUCER,total,37,bottom,-1,1,p,-1.603547510225668e-06,2.511825088542796e-05,-0.000247999236616804,-8.609260275602887e-06,0.24680093708344567,0.4382342339399896,0.5631712859685941,1.9185216036698515e-08,1.8648558637369045e-06
FTTNN_CONDITIONAL_CORE_LEARNED_PRODUCER,scattered,37,bottom,-1,1,p,-1.6035475102194312e-06,2.5118250885432206e-05,-0.00024799923661679776,-8.609260275598644e-06,0.24680093708344564,0.2468359522790033,0.9998581438593755,1.9185216036698515e-08,1.8648558637369045e-06
FTTNN_CONDITIONAL_CORE_LEARNED_PRODUCER,outgoing,37,bottom,-1,1,p,-1.603547510225668e-06,2.511825088542796e-05,-0.000247999236616804,-8.609260275602887e-06,0.24680093708344567,0.9130801710515086,0.2702949257995913,1.9185216036698515e-08,1.8648558637369045e-06
FTTNN_CONDITIONAL_CORE_LEARNED_PRODUCER,boundary_outgoing,37,bottom,-1,1,p,-1.9700732033633137e-05,1.5155368271643117e-05,-0.0001549980717030024,-0.00018981004150863128,0.23630481197691308,0.9095181214967073,0.25981319821099197,1.9185216036698515e-08,1.8648558637369045e-06
FTTNN_CONDITIONAL_CORE_LEARNED_PRODUCER,total,38,bottom,0,0,s,0.11866799439017099,-0.24709131249986094,0.07718950242782177,-0.12447475436113979,0.24680093708344567,0.4382342339399896,0.5631712859685941,0.1132426792345148,0.032331984498269135
FTTNN_CONDITIONAL_CORE_LEARNED_PRODUCER,scattered,38,bottom,0,0,s,-0.000129053624632464,-4.2672727135703524e-05,-0.041607545586981674,0.12257388541158544,0.24680093708344564,0.2468359522790033,0.9998581438593755,0.1132426792345148,0.032331984498269135
FTTNN_CONDITIONAL_CORE_LEARNED_PRODUCER,outgoing,38,bottom,0,0,s,0.11866799439017099,-0.24709131249986094,0.07718950242782177,-0.12447475436113979,0.24680093708344567,0.9130801710515086,0.2702949257995913,0.1132426792345148,0.032331984498269135
FTTNN_CONDITIONAL_CORE_LEARNED_PRODUCER,boundary_outgoing,38,bottom,0,0,s,0.1111422286330959,-0.20011227742038284,0.07050175899447489,-0.09994772920440079,0.23630481197691308,0.9095181214967073,0.25981319821099197,0.1132426792345148,0.032331984498269135
FTTNN_CONDITIONAL_CORE_LEARNED_PRODUCER,total,39,bottom,0,0,p,-1.4658970330740118e-06,2.332939359527119e-05,2.4167599005431038e-15,5.725178855579965e-15,0.24680093708344567,0.4382342339399896,0.5631712859685941,8.235293142015385e-10,5.820430999983165e-29
FTTNN_CONDITIONAL_CORE_LEARNED_PRODUCER,scattered,39,bottom,0,0,p,-1.4658970328249538e-06,2.33293935955128e-05,2.6658179463359154e-15,5.966790876859179e-15,0.24680093708344564,0.2468359522790033,0.9998581438593755,8.235293142015385e-10,5.820430999983165e-29
FTTNN_CONDITIONAL_CORE_LEARNED_PRODUCER,outgoing,39,bottom,0,0,p,-1.4658970330740118e-06,2.332939359527119e-05,2.4167599005431038e-15,5.725178855579965e-15,0.24680093708344567,0.9130801710515086,0.2702949257995913,8.235293142015385e-10,5.820430999983165e-29
FTTNN_CONDITIONAL_CORE_LEARNED_PRODUCER,boundary_outgoing,39,bottom,0,0,p,-2.3755992139825944e-06,1.9375357902089733e-05,1.7315585978917311e-15,4.892126973773713e-15,0.23630481197691308,0.9095181214967073,0.25981319821099197,8.235293142015385e-10,5.820430999983165e-29
FTTNN_CONDITIONAL_CORE_FROZEN_PRODUCER,total,0,top,-3,-1,s,-1.798711574481125e-05,1.02846098772036e-05,-9.195140170809825e-05,5.576925993858354e-05,0.24680471240661547,0.4382342339399896,0.5631799008208294,1.359414898298709e-08,3.662159813318062e-07
FTTNN_CONDITIONAL_CORE_FROZEN_PRODUCER,scattered,0,top,-3,-1,s,-1.7987115744815912e-05,1.028460987719932e-05,-9.195140170810291e-05,5.5769259938579254e-05,0.2468047124066155,0.2468359522790033,0.9998734387268169,1.359414898298709e-08,3.662159813318062e-07
FTTNN_CONDITIONAL_CORE_FROZEN_PRODUCER,outgoing,0,top,-3,-1,s,-1.798711574481125e-05,1.02846098772036e-05,-9.195140170809825e-05,5.576925993858354e-05,0.24680471240661547,0.9130801710515086,0.27029906051118563,1.359414898298709e-08,3.662159813318062e-07
FTTNN_CONDITIONAL_CORE_FROZEN_PRODUCER,boundary_outgoing,0,top,-3,-1,s,-1.5493947689415928e-05,1.3756711748857482e-05,-7.855082196187339e-05,7.345092919286605e-05,0.23630856214389456,0.9095181214967073,0.2598173214570195,1.359414898298709e-08,3.662159813318062e-07
FTTNN_CONDITIONAL_CORE_FROZEN_PRODUCER,total,1,top,-3,-1,p,-2.5328434828463677e-05,1.5481068722447197e-05,6.491873565175626e-05,-4.0080513039853855e-05,0.24680471240661547,0.4382342339399896,0.5631799008208294,2.790310802486297e-08,1.843193233752179e-07
FTTNN_CONDITIONAL_CORE_FROZEN_PRODUCER,scattered,1,top,-3,-1,p,-2.5328434828475637e-05,1.5481068722445167e-05,6.49187356517443e-05,-4.008051303985588e-05,0.2468047124066155,0.2468359522790033,0.9998734387268169,2.790310802486297e-08,1.843193233752179e-07
FTTNN_CONDITIONAL_CORE_FROZEN_PRODUCER,outgoing,1,top,-3,-1,p,-2.5328434828463677e-05,1.5481068722447197e-05,6.491873565175626e-05,-4.0080513039853855e-05,0.24680471240661547,0.9130801710515086,0.27029906051118563,2.790310802486297e-08,1.843193233752179e-07
FTTNN_CONDITIONAL_CORE_FROZEN_PRODUCER,boundary_outgoing,1,top,-3,-1,p,-2.161272993168292e-05,2.0349029572660267e-05,5.531274235513715e-05,-5.254893240889601e-05,0.23630856214389456,0.9095181214967073,0.2598173214570195,2.790310802486297e-08,1.843193233752179e-07
FTTNN_CONDITIONAL_CORE_FROZEN_PRODUCER,total,2,top,-3,0,s,0.00042612938359724964,0.0012284806714955594,-0.0001921902009470994,0.00048817928501632254,0.24680471240661547,0.4382342339399896,0.5631799008208294,8.389012882228153e-05,1.365740342110789e-05
FTTNN_CONDITIONAL_CORE_FROZEN_PRODUCER,scattered,2,top,-3,0,s,0.0004261293835970992,0.0012284806714956244,-0.00019219020094724982,0.00048817928501638765,0.2468047124066155,0.2468359522790033,0.9998734387268169,8.389012882228153e-05,1.365740342110789e-05
FTTNN_CONDITIONAL_CORE_FROZEN_PRODUCER,outgoing,2,top,-3,0,s,0.00042612938359724964,0.0012284806714955594,-0.0001921902009470994,0.00048817928501632254,0.24680471240661547,0.9130801710515086,0.27029906051118563,8.389012882228153e-05,1.365740342110789e-05
FTTNN_CONDITIONAL_CORE_FROZEN_PRODUCER,boundary_outgoing,2,top,-3,0,s,-0.0003055275037020078,-0.0012638844710988312,0.0002384264874377627,-0.00046734237743567054,0.23630856214389456,0.9095181214967073,0.2598173214570195,8.389012882228153e-05,1.365740342110789e-05
FTTNN_CONDITIONAL_CORE_FROZEN_PRODUCER,total,3,top,-3,0,p,-4.839771291889583e-06,3.4235714749243707e-06,1.2553482268998042e-15,3.668039838538298e-15,0.24680471240661547,0.4382342339399896,0.5631799008208294,1.7437539750463758e-09,7.457653301374714e-28
FTTNN_CONDITIONAL_CORE_FROZEN_PRODUCER,scattered,3,top,-3,0,p,-4.839771291889583e-06,3.4235714749243707e-06,1.2553482268998042e-15,3.668039838538298e-15,0.2468047124066155,0.2468359522790033,0.9998734387268169,1.7437539750463758e-09,7.457653301374714e-28
FTTNN_CONDITIONAL_CORE_FROZEN_PRODUCER,outgoing,3,top,-3,0,p,-4.839771291889583e-06,3.4235714749243707e-06,1.2553482268998042e-15,3.668039838538298e-15,0.24680471240661547,0.9130801710515086,0.27029906051118563,1.7437539750463758e-09,7.457653301374714e-28
FTTNN_CONDITIONAL_CORE_FROZEN_PRODUCER,boundary_outgoing,3,top,-3,0,p,5.147709276037901e-06,-2.940291994191689e-06,-8.953304260694988e-16,-3.7721080122444466e-15,0.23630856214389456,0.9095181214967073,0.2598173214570195,1.7437539750463758e-09,7.457653301374714e-28
FTTNN_CONDITIONAL_CORE_FROZEN_PRODUCER,total,4,top,-3,1,s,-1.8448698421728742e-05,1.108639160110355e-05,-9.195140170915746e-05,5.576925994137385e-05,0.24680471240661547,0.4382342339399896,0.5631799008208294,1.4669276283202775e-08,3.6621598134782935e-07
FTTNN_CONDITIONAL_CORE_FROZEN_PRODUCER,scattered,4,top,-3,1,s,-1.844869842171852e-05,1.1086391601106573e-05,-9.195140170914724e-05,5.5769259941376876e-05,0.2468047124066155,0.2468359522790033,0.9998734387268169,1.4669276283202775e-08,3.6621598134782935e-07
FTTNN_CONDITIONAL_CORE_FROZEN_PRODUCER,outgoing,4,top,-3,1,s,-1.8448698421728742e-05,1.108639160110355e-05,-9.195140170915746e-05,5.576925994137385e-05,0.24680471240661547,0.9130801710515086,0.27029906051118563,1.4669276283202775e-08,3.6621598134782935e-07
FTTNN_CONDITIONAL_CORE_FROZEN_PRODUCER,boundary_outgoing,4,top,-3,1,s,-1.5781182216211965e-05,1.4636148402077341e-05,-7.855082196233748e-05,7.345092919581435e-05,0.23630856214389456,0.9095181214967073,0.2598173214570195,1.4669276283202775e-08,3.6621598134782935e-07
FTTNN_CONDITIONAL_CORE_FROZEN_PRODUCER,total,5,top,-3,1,p,2.413510586291943e-05,-1.3531193674311473e-05,-6.491873565012055e-05,4.0080513039672495e-05,0.24680471240661547,0.4382342339399896,0.5631799008208294,2.4242726016928893e-08,1.843193233680326e-07
FTTNN_CONDITIONAL_CORE_FROZEN_PRODUCER,scattered,5,top,-3,1,p,2.413510586293283e-05,-1.3531193674296664e-05,-6.491873565010715e-05,4.00805130396873e-05,0.2468047124066155,0.2468359522790033,0.9998734387268169,2.4242726016928893e-08,1.843193233680326e-07
FTTNN_CONDITIONAL_CORE_FROZEN_PRODUCER,outgoing,5,top,-3,1,p,2.413510586291943e-05,-1.3531193674311473e-05,-6.491873565012055e-05,4.0080513039672495e-05,0.24680471240661547,0.9130801710515086,0.27029906051118563,2.4242726016928893e-08,1.843193233680326e-07
FTTNN_CONDITIONAL_CORE_FROZEN_PRODUCER,boundary_outgoing,5,top,-3,1,p,2.084490951186424e-05,-1.819577656238519e-05,-5.5312742353573465e-05,5.2548932408382856e-05,0.23630856214389456,0.9095181214967073,0.2598173214570195,2.4242726016928893e-08,1.843193233680326e-07
FTTNN_CONDITIONAL_CORE_FROZEN_PRODUCER,total,6,top,-2,-1,s,7.571143067616772e-07,1.2651740086742072e-06,2.344516502433825e-06,9.65817440460633e-07,0.24680471240661547,0.4382342339399896,0.5631799008208294,9.284220672680874e-11,2.745931746845648e-10
FTTNN_CONDITIONAL_CORE_FROZEN_PRODUCER,scattered,6,top,-2,-1,s,7.571143067616775e-07,1.2651740086742119e-06,2.3445165024338254e-06,9.658174404606376e-07,0.2468047124066155,0.2468359522790033,0.9998734387268169,9.284220672680874e-11,2.745931746845648e-10
FTTNN_CONDITIONAL_CORE_FROZEN_PRODUCER,outgoing,6,top,-2,-1,s,7.571143067616772e-07,1.2651740086742072e-06,2.344516502433825e-06,9.65817440460633e-07,0.24680471240661547,0.9130801710515086,0.27029906051118563,9.284220672680874e-11,2.745931746845648e-10
FTTNN_CONDITIONAL_CORE_FROZEN_PRODUCER,boundary_outgoing,6,top,-2,-1,s,-1.4457119074002606e-06,2.8948994201712513e-07,-1.6954805776036832e-06,1.8854459868824524e-06,0.23630856214389456,0.9095181214967073,0.2598173214570195,9.284220672680874e-11,2.745931746845648e-10
FTTNN_CONDITIONAL_CORE_FROZEN_PRODUCER,total,7,top,-2,-1,p,-7.279322000785004e-07,2.441915721792536e-07,-0.00011450210530953003,-0.00014336308972240936,0.24680471240661547,0.4382342339399896,0.5631799008208294,2.5176951389137563e-11,1.437706929814518e-06
FTTNN_CONDITIONAL_CORE_FROZEN_PRODUCER,scattered,7,top,-2,-1,p,-7.279322000438626e-07,2.4419157216460153e-07,-0.00011450210530949539,-0.00014336308972242402,0.2468047124066155,0.2468359522790033,0.9998734387268169,2.5176951389137563e-11,1.437706929814518e-06
FTTNN_CONDITIONAL_CORE_FROZEN_PRODUCER,outgoing,7,top,-2,-1,p,-7.279322000785004e-07,2.441915721792536e-07,-0.00011450210530953003,-0.00014336308972240936,0.24680471240661547,0.9130801710515086,0.27029906051118563,2.5176951389137563e-11,1.437706929814518e-06
FTTNN_CONDITIONAL_CORE_FROZEN_PRODUCER,boundary_outgoing,7,top,-2,-1,p,1.379870730303125e-08,-7.676746755698451e-07,0.00017343931198744156,-5.9854094867379096e-05,0.23630856214389456,0.9095181214967073,0.2598173214570195,2.5176951389137563e-11,1.437706929814518e-06
FTTNN_CONDITIONAL_CORE_FROZEN_PRODUCER,total,8,top,-2,0,s,-8.892351710390947e-06,4.713507012496047e-05,0.00016425932553326252,-5.6207388544626634e-05,0.24680471240661547,0.4382342339399896,0.5631799008208294,1.3183217662325678e-07,1.7270051732052553e-06
FTTNN_CONDITIONAL_CORE_FROZEN_PRODUCER,scattered,8,top,-2,0,s,-8.89235171045016e-06,4.713507012480485e-05,0.0001642593255332033,-5.620738854478225e-05,0.2468047124066155,0.2468359522790033,0.9998734387268169,1.3183217662325678e-07,1.7270051732052553e-06
FTTNN_CONDITIONAL_CORE_FROZEN_PRODUCER,outgoing,8,top,-2,0,s,-8.892351710390947e-06,4.713507012496047e-05,0.00016425932553326252,-5.6207388544626634e-05,0.24680471240661547,0.9130801710515086,0.27029906051118563,1.3183217662325678e-07,1.7270051732052553e-06
FTTNN_CONDITIONAL_CORE_FROZEN_PRODUCER,boundary_outgoing,8,top,-2,0,s,4.713507125900953e-05,8.89234569921388e-06,-5.6207409492762594e-05,-0.00016425931836508344,0.23630856214389456,0.9095181214967073,0.2598173214570195,1.3183217662325678e-07,1.7270051732052553e-06
FTTNN_CONDITIONAL_CORE_FROZEN_PRODUCER,total,9,top,-2,0,p,-1.2271569937071442e-06,-2.217479902013972e-07,-1.731002669799771e-16,1.1404235647096274e-15,0.24680471240661547,0.4382342339399896,0.5631799008208294,8.910441353257243e-11,7.623760074136061e-29
FTTNN_CONDITIONAL_CORE_FROZEN_PRODUCER,scattered,9,top,-2,0,p,-1.2271569937071442e-06,-2.217479902013972e-07,-1.731002669799771e-16,1.1404235647096274e-15,0.2468047124066155,0.2468359522790033,0.9998734387268169,8.910441353257243e-11,7.623760074136061e-29
FTTNN_CONDITIONAL_CORE_FROZEN_PRODUCER,outgoing,9,top,-2,0,p,-1.2271569937071442e-06,-2.217479902013972e-07,-1.731002669799771e-16,1.1404235647096274e-15,0.24680471240661547,0.9130801710515086,0.27029906051118563,8.910441353257243e-11,7.623760074136061e-29
FTTNN_CONDITIONAL_CORE_FROZEN_PRODUCER,boundary_outgoing,9,top,-2,0,p,-2.2174783370098346e-07,1.2271570219868507e-06,1.1404235867852477e-15,1.7310012154075433e-16,0.23630856214389456,0.9095181214967073,0.2598173214570195,8.910441353257243e-11,7.623760074136061e-29
FTTNN_CONDITIONAL_CORE_FROZEN_PRODUCER,total,10,top,-2,1,s,7.528497281835895e-07,1.2656738965252737e-06,2.3445165013757525e-06,9.658174394089157e-07,0.24680471240661547,0.4382342339399896,0.5631799008208294,9.262122654660076e-11,2.745931743859139e-10
FTTNN_CONDITIONAL_CORE_FROZEN_PRODUCER,scattered,10,top,-2,1,s,7.528497281835862e-07,1.2656738965252728e-06,2.344516501375749e-06,9.658174394089149e-07,0.2468047124066155,0.2468359522790033,0.9998734387268169,9.262122654660076e-11,2.745931743859139e-10
FTTNN_CONDITIONAL_CORE_FROZEN_PRODUCER,outgoing,10,top,-2,1,s,7.528497281835895e-07,1.2656738965252737e-06,2.3445165013757525e-06,9.658174394089157e-07,0.24680471240661547,0.9130801710515086,0.27029906051118563,9.262122654660076e-11,2.745931743859139e-10
FTTNN_CONDITIONAL_CORE_FROZEN_PRODUCER,boundary_outgoing,10,top,-2,1,s,-1.4447541507711287e-06,2.853043452195727e-07,-1.6954805762582626e-06,1.885445986237883e-06,0.23630856214389456,0.9095181214967073,0.2598173214570195,9.262122654660076e-11,2.745931743859139e-10
FTTNN_CONDITIONAL_CORE_FROZEN_PRODUCER,total,11,top,-2,1,p,-7.283950154717935e-07,2.4341584806257564e-07,0.0001145021053115565,0.0001433630897223461,0.24680471240661547,0.4382342339399896,0.5631799008208294,2.518958276116909e-11,1.4377069298335635e-06
FTTNN_CONDITIONAL_CORE_FROZEN_PRODUCER,scattered,11,top,-2,1,p,-7.283950154824544e-07,2.4341584806990464e-07,0.00011450210531154583,0.0001433630897223534,0.2468047124066155,0.2468359522790033,0.9998734387268169,2.518958276116909e-11,1.4377069298335635e-06
FTTNN_CONDITIONAL_CORE_FROZEN_PRODUCER,outgoing,11,top,-2,1,p,-7.283950154717935e-07,2.4341584806257564e-07,0.0001145021053115565,0.0001433630897223461,0.24680471240661547,0.9130801710515086,0.27029906051118563,2.518958276116909e-11,1.4377069298335635e-06
FTTNN_CONDITIONAL_CORE_FROZEN_PRODUCER,boundary_outgoing,11,top,-2,1,p,1.4684657096919085e-08,-7.678508543318313e-07,-0.00017343931198806085,5.9854094869309646e-05,0.23630856214389456,0.9095181214967073,0.2598173214570195,2.518958276116909e-11,1.4377069298335635e-06
FTTNN_CONDITIONAL_CORE_FROZEN_PRODUCER,total,12,top,-1,-1,s,1.8440751322257958e-05,-1.1138718247908119e-05,-0.0001675317294758279,-0.0002780507862091289,0.24680471240661547,0.4382342339399896,0.5631799008208294,1.4704146158748679e-08,3.3385088803210597e-06
FTTNN_CONDITIONAL_CORE_FROZEN_PRODUCER,scattered,12,top,-1,-1,s,1.844075132230244e-05,-1.1138718247898356e-05,-0.00016753172947578341,-0.00027805078620911914,0.2468047124066155,0.2468359522790033,0.9998734387268169,1.4704146158748679e-08,3.3385088803210597e-06
FTTNN_CONDITIONAL_CORE_FROZEN_PRODUCER,outgoing,12,top,-1,-1,s,1.8440751322257958e-05,-1.1138718247908119e-05,-0.0001675317294758279,-0.0002780507862091289,0.24680471240661547,0.9130801710515086,0.27029906051118563,1.4704146158748679e-08,3.3385088803210597e-06
FTTNN_CONDITIONAL_CORE_FROZEN_PRODUCER,boundary_outgoing,12,top,-1,-1,s,1.5807086411393828e-05,-1.4637908754954331e-05,-0.00022030138827274493,-0.0002384248695454775,0.23630856214389456,0.9095181214967073,0.2598173214570195,1.4704146158748679e-08,3.3385088803210597e-06
FTTNN_CONDITIONAL_CORE_FROZEN_PRODUCER,total,13,top,-1,-1,p,-2.4114973271694984e-05,1.3590010020919394e-05,-0.00012312018254765662,-0.00020515373533905003,0.24680471240661547,0.4382342339399896,0.5631799008208294,2.4274574518837545e-08,1.8136268113864188e-06
FTTNN_CONDITIONAL_CORE_FROZEN_PRODUCER,scattered,13,top,-1,-1,p,-2.4114973271679687e-05,1.3590010020956377e-05,-0.00012312018254764134,-0.00020515373533901306,0.2468047124066155,0.2468359522790033,0.9998734387268169,2.4274574518837545e-08,1.8136268113864188e-06
FTTNN_CONDITIONAL_CORE_FROZEN_PRODUCER,outgoing,13,top,-1,-1,p,-2.4114973271694984e-05,1.3590010020919394e-05,-0.00012312018254765662,-0.00020515373533905003,0.24680471240661547,0.9130801710515086,0.27029906051118563,2.4274574518837545e-08,1.8136268113864188e-06
FTTNN_CONDITIONAL_CORE_FROZEN_PRODUCER,boundary_outgoing,13,top,-1,-1,p,-2.0868328589203082e-05,1.8186070772882812e-05,-0.00016206524324860404,-0.0001760155998907599,0.23630856214389456,0.9095181214967073,0.2598173214570195,2.4274574518837545e-08,1.8136268113864188e-06
FTTNN_CONDITIONAL_CORE_FROZEN_PRODUCER,total,14,top,-1,0,s,0.00042850023957567804,0.0012278325424814804,-0.0010285581087383054,0.0013279322632824794,0.24680471240661547,0.4382342339399896,0.5631799008208294,8.39287142912335e-05,0.00014001487940183894
FTTNN_CONDITIONAL_CORE_FROZEN_PRODUCER,scattered,14,top,-1,0,s,0.00042850023957608955,0.0012278325424813087,-0.0010285581087378939,0.0013279322632823076,0.2468047124066155,0.2468359522790033,0.9998734387268169,8.39287142912335e-05,0.00014001487940183894
FTTNN_CONDITIONAL_CORE_FROZEN_PRODUCER,outgoing,14,top,-1,0,s,0.00042850023957567804,0.0012278325424814804,-0.0010285581087383054,0.0013279322632824794,0.24680471240661547,0.9130801710515086,0.27029906051118563,8.39287142912335e-05,0.00014001487940183894
FTTNN_CONDITIONAL_CORE_FROZEN_PRODUCER,boundary_outgoing,14,top,-1,0,s,-0.0003055060507564269,-0.0012640614149020456,0.0011543275989399616,-0.0012201900152203147,0.23630856214389456,0.9095181214967073,0.2598173214570195,8.39287142912335e-05,0.00014001487940183894
FTTNN_CONDITIONAL_CORE_FROZEN_PRODUCER,total,15,top,-1,0,p,-4.83470496724052e-06,3.4329556568377597e-06,1.0695710033665002e-15,-1.898478834981676e-15,0.24680471240661547,0.4382342339399896,0.5631799008208294,1.7448688483523274e-09,2.3563986760300565e-28
FTTNN_CONDITIONAL_CORE_FROZEN_PRODUCER,scattered,15,top,-1,0,p,-4.83470496724052e-06,3.4329556568377597e-06,1.0695710033665002e-15,-1.898478834981676e-15,0.2468047124066155,0.2468359522790033,0.9998734387268169,1.7448688483523274e-09,2.3563986760300565e-28
FTTNN_CONDITIONAL_CORE_FROZEN_PRODUCER,outgoing,15,top,-1,0,p,-4.83470496724052e-06,3.4329556568377597e-06,1.0695710033665002e-15,-1.898478834981676e-15,0.24680471240661547,0.9130801710515086,0.27029906051118563,1.7448688483523274e-09,2.3563986760300565e-28
FTTNN_CONDITIONAL_CORE_FROZEN_PRODUCER,boundary_outgoing,15,top,-1,0,p,5.149267858984167e-06,-2.940169583290588e-06,-1.2513260214317444e-15,1.783924663825131e-15,0.23630856214389456,0.9095181214967073,0.2598173214570195,1.7448688483523274e-09,2.3563986760300565e-28
FTTNN_CONDITIONAL_CORE_FROZEN_PRODUCER,total,16,top,-1,1,s,1.794636869414709e-05,-1.0330526924656781e-05,-0.0001675317294752791,-0.00027805078621218255,0.24680471240661547,0.4382342339399896,0.5631799008208294,1.358452874134242e-08,3.338508880369034e-06
FTTNN_CONDITIONAL_CORE_FROZEN_PRODUCER,scattered,16,top,-1,1,s,1.7946368694148847e-05,-1.0330526924639486e-05,-0.00016753172947527734,-0.00027805078621216526,0.2468047124066155,0.2468359522790033,0.9998734387268169,1.358452874134242e-08,3.338508880369034e-06
FTTNN_CONDITIONAL_CORE_FROZEN_PRODUCER,outgoing,16,top,-1,1,s,1.794636869414709e-05,-1.0330526924656781e-05,-0.0001675317294752791,-0.00027805078621218255,0.24680471240661547,0.9130801710515086,0.27029906051118563,1.358452874134242e-08,3.338508880369034e-06
FTTNN_CONDITIONAL_CORE_FROZEN_PRODUCER,boundary_outgoing,16,top,-1,1,s,1.5486362883639818e-05,-1.374643591930448e-05,-0.00022030138827282503,-0.00023842486954857905,0.23630856214389456,0.9095181214967073,0.2598173214570195,1.358452874134242e-08,3.338508880369034e-06
FTTNN_CONDITIONAL_CORE_FROZEN_PRODUCER,total,17,top,-1,1,p,2.522777669253537e-05,-1.5523357456030725e-05,0.00012312018254904267,0.00020515373533914856,0.24680471240661547,0.4382342339399896,0.5631799008208294,2.7797337020995692e-08,1.8136268113985115e-06
FTTNN_CONDITIONAL_CORE_FROZEN_PRODUCER,scattered,17,top,-1,1,p,2.522777669253129e-05,-1.5523357456050078e-05,0.00012312018254903858,0.0002051537353391292,0.2468047124066155,0.2468359522790033,0.9998734387268169,2.7797337020995692e-08,1.8136268113985115e-06
FTTNN_CONDITIONAL_CORE_FROZEN_PRODUCER,outgoing,17,top,-1,1,p,2.522777669253537e-05,-1.5523357456030725e-05,0.00012312018254904267,0.00020515373533914856,0.24680471240661547,0.9130801710515086,0.27029906051118563,2.7797337020995692e-08,1.8136268113985115e-06
FTTNN_CONDITIONAL_CORE_FROZEN_PRODUCER,boundary_outgoing,17,top,-1,1,p,2.1567149772042592e-05,-2.0304516597703547e-05,0.00016206524324998136,0.0001760155998905761,0.23630856214389456,0.9095181214967073,0.2598173214570195,2.7797337020995692e-08,1.8136268113985115e-06
FTTNN_CONDITIONAL_CORE_FROZEN_PRODUCER,total,18,top,0,0,s,0.04580567685868568,-0.6214162874220913,0.026785429987131376,-0.4121567714282053,0.24680471240661547,0.4382342339399896,0.5631799008208294,0.8379370295588222,0.812256818464021
FTTNN_CONDITIONAL_CORE_FROZEN_PRODUCER,scattered,18,top,0,0,s,-0.0002531282388754754,1.2036228909972483e-05,-0.01927337511042978,0.20927155222279603,0.2468047124066155,0.2468359522790033,0.9998734387268169,0.8379370295588222,0.812256818464021
FTTNN_CONDITIONAL_CORE_FROZEN_PRODUCER,outgoing,18,top,0,0,s,-0.881443334915695,-0.2469710041517118,-0.9004635817872493,-0.03771148815782577,0.24680471240661547,0.9130801710515086,0.27029906051118563,0.8379370295588222,0.812256818464021
FTTNN_CONDITIONAL_CORE_FROZEN_PRODUCER,boundary_outgoing,18,top,0,0,s,-0.8181601642947554,-0.4105496012909841,-0.8767420008873494,-0.208758909616445,0.23630856214389456,0.9095181214967073,0.2598173214570195,0.8379370295588222,0.812256818464021
FTTNN_CONDITIONAL_CORE_FROZEN_PRODUCER,total,19,top,0,0,p,3.4262740648465295e-06,-1.8313650239073902e-06,1.1196540890151039e-13,-5.214558791588342e-15,0.24680471240661547,0.4382342339399896,0.5631799008208294,1.5093251818227955e-11,1.2563444413870592e-26
FTTNN_CONDITIONAL_CORE_FROZEN_PRODUCER,scattered,19,top,0,0,p,3.4262740647369145e-06,-1.8313650224284559e-06,1.1185579377514874e-13,-3.735624544869974e-15,0.2468047124066155,0.2468359522790033,0.9998734387268169,1.5093251818227955e-11,1.2563444413870592e-26
FTTNN_CONDITIONAL_CORE_FROZEN_PRODUCER,outgoing,19,top,0,0,p,3.4262740648465295e-06,-1.8313650239073902e-06,1.1196540890151039e-13,-5.214558791588342e-15,0.24680471240661547,0.9130801710515086,0.27029906051118563,1.5093251818227955e-11,1.2563444413870592e-26
FTTNN_CONDITIONAL_CORE_FROZEN_PRODUCER,boundary_outgoing,19,top,0,0,p,3.71266515808859e-06,-1.1442767332015028e-06,1.109046864019619e-13,1.6235607409513206e-14,0.23630856214389456,0.9095181214967073,0.2598173214570195,1.5093251818227955e-11,1.2563444413870592e-26
FTTNN_CONDITIONAL_CORE_FROZEN_PRODUCER,total,20,bottom,-3,-1,s,-7.804800812988812e-07,2.006599398386167e-05,-4.909306826319978e-06,0.00011217325597253058,0.24680471240661547,0.4382342339399896,0.5631799008208294,1.2205863177560489e-08,3.815929255738811e-07
FTTNN_CONDITIONAL_CORE_FROZEN_PRODUCER,scattered,20,bottom,-3,-1,s,-7.804800812989478e-07,2.0065993983863468e-05,-4.909306826320045e-06,0.00011217325597253238,0.2468047124066155,0.2468359522790033,0.9998734387268169,1.2205863177560489e-08,3.815929255738811e-07
FTTNN_CONDITIONAL_CORE_FROZEN_PRODUCER,outgoing,20,bottom,-3,-1,s,-7.804800812988812e-07,2.006599398386167e-05,-4.909306826319978e-06,0.00011217325597253058,0.24680471240661547,0.9130801710515086,0.27029906051118563,1.2205863177560489e-08,3.815929255738811e-07
FTTNN_CONDITIONAL_CORE_FROZEN_PRODUCER,boundary_outgoing,20,bottom,-3,-1,s,-1.540680257378154e-05,1.2485537538620371e-05,-8.648303367237041e-05,6.939127777564956e-05,0.23630856214389456,0.9095181214967073,0.2598173214570195,1.2205863177560489e-08,3.815929255738811e-07
FTTNN_CONDITIONAL_CORE_FROZEN_PRODUCER,total,21,bottom,-3,-1,p,-6.043275000311834e-07,-2.765222587768646e-05,-1.5732873803997091e-06,7.928198517251047e-05,0.24680471240661547,0.4382342339399896,0.5631799008208294,2.315571401028251e-08,1.903314808729246e-07
FTTNN_CONDITIONAL_CORE_FROZEN_PRODUCER,scattered,21,bottom,-3,-1,p,-6.043275000348068e-07,-2.7652225877679295e-05,-1.5732873804033325e-06,7.928198517251764e-05,0.2468047124066155,0.2468359522790033,0.9998734387268169,2.315571401028251e-08,1.903314808729246e-07
FTTNN_CONDITIONAL_CORE_FROZEN_PRODUCER,outgoing,21,bottom,-3,-1,p,-6.043275000311834e-07,-2.765222587768646e-05,-1.5732873803997091e-06,7.928198517251047e-05,0.24680471240661547,0.9130801710515086,0.27029906051118563,2.315571401028251e-08,1.903314808729246e-07
FTTNN_CONDITIONAL_CORE_FROZEN_PRODUCER,boundary_outgoing,21,bottom,-3,-1,p,2.013778710941816e-05,-1.8453150176527146e-05,-5.9889780695573525e-05,5.0452604324837186e-05,0.23630856214389456,0.9095181214967073,0.2598173214570195,2.315571401028251e-08,1.903314808729246e-07
FTTNN_CONDITIONAL_CORE_FROZEN_PRODUCER,total,22,bottom,-3,0,s,-0.0009315193099223228,0.00022365386747002366,-0.0004924362020247129,-0.0001736752134376343,0.24680471240661547,0.4382342339399896,0.5631799008208294,4.44602953650615e-05,1.3208823483228831e-05
FTTNN_CONDITIONAL_CORE_FROZEN_PRODUCER,scattered,22,bottom,-3,0,s,-0.0009315193099223251,0.00022365386746994978,-0.0004924362020247152,-0.0001736752134377082,0.2468047124066155,0.2468359522790033,0.9998734387268169,4.44602953650615e-05,1.3208823483228831e-05
FTTNN_CONDITIONAL_CORE_FROZEN_PRODUCER,outgoing,22,bottom,-3,0,s,-0.0009315193099223228,0.00022365386747002366,-0.0004924362020247129,-0.0001736752134376343,0.24680471240661547,0.9130801710515086,0.27029906051118563,4.44602953650615e-05,1.3208823483228831e-05
FTTNN_CONDITIONAL_CORE_FROZEN_PRODUCER,boundary_outgoing,22,bottom,-3,0,s,-0.00041953177159551925,-0.0008528370158979237,6.074845422874771e-05,-0.0005144750722767751,0.23630856214389456,0.9095181214967073,0.2598173214570195,4.44602953650615e-05,1.3208823483228831e-05
FTTNN_CONDITIONAL_CORE_FROZEN_PRODUCER,total,23,bottom,-3,0,p,2.8476544808898926e-07,1.5780466306451972e-06,-1.3274970028758873e-16,2.3198170478591657e-16,0.24680471240661547,0.4382342339399896,0.5631799008208294,1.245675283604362e-10,3.46080831114775e-30
FTTNN_CONDITIONAL_CORE_FROZEN_PRODUCER,scattered,23,bottom,-3,0,p,2.8476544808898926e-07,1.5780466306451972e-06,-1.3274970028758873e-16,2.3198170478591657e-16,0.2468047124066155,0.2468359522790033,0.9998734387268169,1.245675283604362e-10,3.46080831114775e-30
FTTNN_CONDITIONAL_CORE_FROZEN_PRODUCER,outgoing,23,bottom,-3,0,p,2.8476544808898926e-07,1.5780466306451972e-06,-1.3274970028758873e-16,2.3198170478591657e-16,0.24680471240661547,0.9130801710515086,0.27029906051118563,1.245675283604362e-10,3.46080831114775e-30
FTTNN_CONDITIONAL_CORE_FROZEN_PRODUCER,boundary_outgoing,23,bottom,-3,0,p,-1.4652710518971583e-06,6.196175106594723e-07,-2.5346697492730613e-16,-7.791468315616378e-17,0.23630856214389456,0.9095181214967073,0.2598173214570195,1.245675283604362e-10,3.46080831114775e-30
FTTNN_CONDITIONAL_CORE_FROZEN_PRODUCER,total,24,bottom,-3,1,s,-4.5018677326813125e-08,2.0063503146269346e-05,-4.909306828951654e-06,0.00011217325597379069,0.24680471240661547,0.4382342339399896,0.5631799008208294,1.2184460985333332e-08,3.8159292558322023e-07
FTTNN_CONDITIONAL_CORE_FROZEN_PRODUCER,scattered,24,bottom,-3,1,s,-4.501867732801626e-08,2.0063503146268458e-05,-4.9093068289528565e-06,0.00011217325597378981,0.2468047124066155,0.2468359522790033,0.9998734387268169,1.2184460985333332e-08,3.8159292558322023e-07
FTTNN_CONDITIONAL_CORE_FROZEN_PRODUCER,outgoing,24,bottom,-3,1,s,-4.5018677326813125e-08,2.0063503146269346e-05,-4.909306828951654e-06,0.00011217325597379069,0.24680471240661547,0.9130801710515086,0.27029906051118563,1.2184460985333332e-08,3.8159292558322023e-07
FTTNN_CONDITIONAL_CORE_FROZEN_PRODUCER,boundary_outgoing,24,bottom,-3,1,s,-1.4926092021060001e-05,1.3029982244568622e-05,-8.648303367501951e-05,6.939127777451605e-05,0.23630856214389456,0.9095181214967073,0.2598173214570195,1.2184460985333332e-08,3.8159292558322023e-07
FTTNN_CONDITIONAL_CORE_FROZEN_PRODUCER,total,25,bottom,-3,1,p,-1.167930928506905e-06,2.7597459724786888e-05,1.5732873796791848e-06,-7.9281985174855e-05,0.24680471240661547,0.4382342339399896,0.5631799008208294,2.3094360958346563e-08,1.903314808841085e-07
FTTNN_CONDITIONAL_CORE_FROZEN_PRODUCER,scattered,25,bottom,-3,1,p,-1.1679309284982195e-06,2.759745972478672e-05,1.5732873796878703e-06,-7.928198517485518e-05,0.2468047124066155,0.2468359522790033,0.9998734387268169,2.3094360958346563e-08,1.903314808841085e-07
FTTNN_CONDITIONAL_CORE_FROZEN_PRODUCER,outgoing,25,bottom,-3,1,p,-1.167930928506905e-06,2.7597459724786888e-05,1.5732873796791848e-06,-7.9281985174855e-05,0.24680471240661547,0.9130801710515086,0.27029906051118563,2.3094360958346563e-08,1.903314808841085e-07
FTTNN_CONDITIONAL_CORE_FROZEN_PRODUCER,boundary_outgoing,25,bottom,-3,1,p,-2.125104709387156e-05,1.710162264418967e-05,5.9889780696845165e-05,-5.0452604326898695e-05,0.23630856214389456,0.9095181214967073,0.2598173214570195,2.3094360958346563e-08,1.903314808841085e-07
FTTNN_CONDITIONAL_CORE_FROZEN_PRODUCER,total,26,bottom,-2,-1,s,-4.0521578241149673e-07,-2.2238233507965826e-08,7.745485652971132e-07,2.4717345258705883e-06,0.24680471240661547,0.4382342339399896,0.5631799008208294,6.8301831614733066e-12,2.7825122930511906e-10
FTTNN_CONDITIONAL_CORE_FROZEN_PRODUCER,scattered,26,bottom,-2,-1,s,-4.052157824114968e-07,-2.2238233507966196e-08,7.745485652971132e-07,2.471734525870588e-06,0.2468047124066155,0.2468359522790033,0.9998734387268169,6.8301831614733066e-12,2.7825122930511906e-10
FTTNN_CONDITIONAL_CORE_FROZEN_PRODUCER,outgoing,26,bottom,-2,-1,s,-4.0521578241149673e-07,-2.2238233507965826e-08,7.745485652971132e-07,2.4717345258705883e-06,0.24680471240661547,0.9130801710515086,0.27029906051118563,6.8301831614733066e-12,2.7825122930511906e-10
FTTNN_CONDITIONAL_CORE_FROZEN_PRODUCER,boundary_outgoing,26,bottom,-2,-1,s,-1.4085707342156399e-07,-3.7662239479417396e-07,-1.935589521620524e-06,1.6853186586884327e-06,0.23630856214389456,0.9095181214967073,0.2598173214570195,6.8301831614733066e-12,2.7825122930511906e-10
FTTNN_CONDITIONAL_CORE_FROZEN_PRODUCER,total,27,bottom,-2,-1,p,-3.797849816955001e-07,4.896271685343769e-07,-3.630225008417201e-05,0.0001883234131536643,0.24680471240661547,0.4382342339399896,0.5631799008208294,1.5924011107448975e-11,1.5254830024257906e-06
FTTNN_CONDITIONAL_CORE_FROZEN_PRODUCER,scattered,27,bottom,-2,-1,p,-3.7978498170235177e-07,4.896271685300945e-07,-3.630225008417886e-05,0.00018832341315366003,0.2468047124066155,0.2468359522790033,0.9998734387268169,1.5924011107448975e-11,1.5254830024257906e-06
FTTNN_CONDITIONAL_CORE_FROZEN_PRODUCER,outgoing,27,bottom,-2,-1,p,-3.797849816955001e-07,4.896271685343769e-07,-3.630225008417201e-05,0.0001883234131536643,0.24680471240661547,0.9130801710515086,0.27029906051118563,1.5924011107448975e-11,1.5254830024257906e-06
FTTNN_CONDITIONAL_CORE_FROZEN_PRODUCER,boundary_outgoing,27,bottom,-2,-1,p,-5.953328044950709e-07,-1.5011490668568336e-07,-0.0001853545253180435,4.1894719858193056e-05,0.23630856214389456,0.9095181214967073,0.2598173214570195,1.5924011107448975e-11,1.5254830024257906e-06
FTTNN_CONDITIONAL_CORE_FROZEN_PRODUCER,total,28,bottom,-2,0,s,-1.0910062476564543e-05,-6.302222378419936e-05,-0.00018404130862068258,1.7489532595230964e-05,0.24680471240661547,0.4382342339399896,0.5631799008208294,2.2982037732049378e-07,1.9200481909981673e-06
FTTNN_CONDITIONAL_CORE_FROZEN_PRODUCER,scattered,28,bottom,-2,0,s,-1.09100624765803e-05,-6.302222378415735e-05,-0.00018404130862069833,1.7489532595272983e-05,0.2468047124066155,0.2468359522790033,0.9998734387268169,2.2982037732049378e-07,1.9200481909981673e-06
FTTNN_CONDITIONAL_CORE_FROZEN_PRODUCER,outgoing,28,bottom,-2,0,s,-1.0910062476564543e-05,-6.302222378419936e-05,-0.00018404130862068258,1.7489532595230964e-05,0.24680471240661547,0.9130801710515086,0.27029906051118563,2.2982037732049378e-07,1.9200481909981673e-06
FTTNN_CONDITIONAL_CORE_FROZEN_PRODUCER,boundary_outgoing,28,bottom,-2,0,s,6.248722138341238e-05,-1.1428224589335046e-05,-1.910128656019509e-05,-0.00018261418318362527,0.23630856214389456,0.9095181214967073,0.2598173214570195,2.2982037732049378e-07,1.9200481909981673e-06
FTTNN_CONDITIONAL_CORE_FROZEN_PRODUCER,total,29,bottom,-2,0,p,-9.962615248370363e-07,-9.551585407086546e-08,-1.953215047833636e-16,3.0838854490696276e-16,0.24680471240661547,0.4382342339399896,0.5631799008208294,5.6272673371052416e-11,7.486128714139298e-30
FTTNN_CONDITIONAL_CORE_FROZEN_PRODUCER,scattered,29,bottom,-2,0,p,-9.962615248370363e-07,-9.551585407086546e-08,-1.953215047833636e-16,3.0838854490696276e-16,0.2468047124066155,0.2468359522790033,0.9998734387268169,5.6272673371052416e-11,7.486128714139298e-30
FTTNN_CONDITIONAL_CORE_FROZEN_PRODUCER,outgoing,29,bottom,-2,0,p,-9.962615248370363e-07,-9.551585407086546e-08,-1.953215047833636e-16,3.0838854490696276e-16,0.24680471240661547,0.9130801710515086,0.27029906051118563,5.6272673371052416e-11,7.486128714139298e-30
FTTNN_CONDITIONAL_CORE_FROZEN_PRODUCER,boundary_outgoing,29,bottom,-2,0,p,8.548628146922576e-08,-9.903257402091422e-07,-3.081108181661143e-16,-1.9107978283180129e-16,0.23630856214389456,0.9095181214967073,0.2598173214570195,5.6272673371052416e-11,7.486128714139298e-30
FTTNN_CONDITIONAL_CORE_FROZEN_PRODUCER,total,30,bottom,-2,1,s,-4.061831619176286e-07,-2.48557025855801e-08,7.745485660026084e-07,2.4717345262717786e-06,0.24680471240661547,0.4382342339399896,0.5631799008208294,6.867847813851507e-12,2.7825122943269296e-10
FTTNN_CONDITIONAL_CORE_FROZEN_PRODUCER,scattered,30,bottom,-2,1,s,-4.0618316191762836e-07,-2.4855702585581414e-08,7.745485660026087e-07,2.4717345262717774e-06,0.2468047124066155,0.2468359522790033,0.9998734387268169,6.867847813851507e-12,2.7825122943269296e-10
FTTNN_CONDITIONAL_CORE_FROZEN_PRODUCER,outgoing,30,bottom,-2,1,s,-4.061831619176286e-07,-2.48557025855801e-08,7.745485660026084e-07,2.4717345262717786e-06,0.24680471240661547,0.9130801710515086,0.27029906051118563,6.867847813851507e-12,2.7825122943269296e-10
FTTNN_CONDITIONAL_CORE_FROZEN_PRODUCER,boundary_outgoing,30,bottom,-2,1,s,-1.3886584637894477e-07,-3.7854064977336964e-07,-1.9355895217042767e-06,1.6853186594882002e-06,0.23630856214389456,0.9095181214967073,0.2598173214570195,6.867847813851507e-12,2.7825122943269296e-10
FTTNN_CONDITIONAL_CORE_FROZEN_PRODUCER,total,31,bottom,-2,1,p,-3.8003494668879575e-07,4.896135584890621e-07,3.630225008297548e-05,-0.00018832341315286793,0.24680471240661547,0.4382342339399896,0.5631799008208294,1.593133507554439e-11,1.5254830024097482e-06
FTTNN_CONDITIONAL_CORE_FROZEN_PRODUCER,scattered,31,bottom,-2,1,p,-3.8003494669650385e-07,4.896135585007102e-07,3.630225008296777e-05,-0.00018832341315285628,0.2468047124066155,0.2468359522790033,0.9998734387268169,1.593133507554439e-11,1.5254830024097482e-06
FTTNN_CONDITIONAL_CORE_FROZEN_PRODUCER,outgoing,31,bottom,-2,1,p,-3.8003494668879575e-07,4.896135584890621e-07,3.630225008297548e-05,-0.00018832341315286793,0.24680471240661547,0.9130801710515086,0.27029906051118563,1.593133507554439e-11,1.5254830024097482e-06
FTTNN_CONDITIONAL_CORE_FROZEN_PRODUCER,boundary_outgoing,31,bottom,-2,1,p,-5.954197928850463e-07,-1.503471903762469e-07,0.00018535452531684516,-4.189471985896257e-05,0.23630856214389456,0.9095181214967073,0.2598173214570195,1.593133507554439e-11,1.5254830024097482e-06
FTTNN_CONDITIONAL_CORE_FROZEN_PRODUCER,total,32,bottom,-1,-1,s,4.85150661139164e-08,-2.0087661985007625e-05,-0.00033718347041335526,-1.6668060240140516e-05,0.24680471240661547,0.4382342339399896,0.5631799008208294,1.2220327270114002e-08,3.4515489579344382e-06
FTTNN_CONDITIONAL_CORE_FROZEN_PRODUCER,scattered,32,bottom,-1,-1,s,4.8515066113826824e-08,-2.00876619850033e-05,-0.00033718347041335536,-1.666806024013619e-05,0.2468047124066155,0.2468359522790033,0.9998734387268169,1.2220327270114002e-08,3.4515489579344382e-06
FTTNN_CONDITIONAL_CORE_FROZEN_PRODUCER,outgoing,32,bottom,-1,-1,s,4.85150661139164e-08,-2.0087661985007625e-05,-0.00033718347041335526,-1.6668060240140516e-05,0.24680471240661547,0.9130801710515086,0.27029906051118563,1.2220327270114002e-08,3.4515489579344382e-06
FTTNN_CONDITIONAL_CORE_FROZEN_PRODUCER,boundary_outgoing,32,bottom,-1,-1,s,1.4952159734967553e-05,-1.3036601664307984e-05,-0.00020705147255067278,-0.00026129824663100645,0.23630856214389456,0.9095181214967073,0.2598173214570195,1.2220327270114002e-08,3.4515489579344382e-06
FTTNN_CONDITIONAL_CORE_FROZEN_PRODUCER,total,33,bottom,-1,-1,p,1.1777018071678293e-06,-2.7612462978800818e-05,0.0002479992366175502,8.609260274623294e-06,0.24680471240661547,0.4382342339399896,0.5631799008208294,2.3132423111037824e-08,1.8648558637476027e-06
FTTNN_CONDITIONAL_CORE_FROZEN_PRODUCER,scattered,33,bottom,-1,-1,p,1.1777018071503624e-06,-2.761246297880891e-05,0.00024799923661753275,8.609260274615205e-06,0.2468047124066155,0.2468359522790033,0.9998734387268169,2.3132423111037824e-08,1.8648558637476027e-06
FTTNN_CONDITIONAL_CORE_FROZEN_PRODUCER,outgoing,33,bottom,-1,-1,p,1.1777018071678293e-06,-2.7612462978800818e-05,0.0002479992366175502,8.609260274623294e-06,0.24680471240661547,0.9130801710515086,0.27029906051118563,2.3132423111037824e-08,1.8648558637476027e-06
FTTNN_CONDITIONAL_CORE_FROZEN_PRODUCER,boundary_outgoing,33,bottom,-1,-1,p,2.127623556517721e-05,-1.7094857207152146e-05,0.00015499807170421564,0.00018981004150854804,0.23630856214389456,0.9095181214967073,0.2598173214570195,2.3132423111037824e-08,1.8648558637476027e-06
FTTNN_CONDITIONAL_CORE_FROZEN_PRODUCER,total,34,bottom,-1,0,s,-0.0009316439902490043,0.00022395206080041158,-0.0011348134234953988,-0.0008861976207941805,0.24680471240661547,0.4382342339399896,0.5631799008208294,4.448734054264711e-05,0.00010045454435778903
FTTNN_CONDITIONAL_CORE_FROZEN_PRODUCER,scattered,34,bottom,-1,0,s,-0.0009316439902490186,0.0002239520608004221,-0.0011348134234954131,-0.00088619762079417,0.2468047124066155,0.2468359522790033,0.9998734387268169,4.448734054264711e-05,0.00010045454435778903
FTTNN_CONDITIONAL_CORE_FROZEN_PRODUCER,outgoing,34,bottom,-1,0,s,-0.0009316439902490043,0.00022395206080041158,-0.0011348134234953988,-0.0008861976207941805,0.24680471240661547,0.9130801710515086,0.27029906051118563,4.448734054264711e-05,0.00010045454435778903
FTTNN_CONDITIONAL_CORE_FROZEN_PRODUCER,boundary_outgoing,34,bottom,-1,0,s,-0.0004196107180035155,-0.0008530109665899057,0.0006107069086373302,-0.0012913701554319347,0.23630856214389456,0.9095181214967073,0.2598173214570195,4.448734054264711e-05,0.00010045454435778903
FTTNN_CONDITIONAL_CORE_FROZEN_PRODUCER,total,35,bottom,-1,0,p,2.849332203910547e-07,1.5739398784440423e-06,-4.465027736885759e-16,-2.0865938982257457e-16,0.24680471240661547,0.4382342339399896,0.5631799008208294,1.2397105341525883e-10,1.1769907587313279e-29
FTTNN_CONDITIONAL_CORE_FROZEN_PRODUCER,scattered,35,bottom,-1,0,p,2.849332203910547e-07,1.5739398784440423e-06,-4.465027736885759e-16,-2.0865938982257457e-16,0.2468047124066155,0.2468359522790033,0.9998734387268169,1.2397105341525883e-10,1.1769907587313279e-29
FTTNN_CONDITIONAL_CORE_FROZEN_PRODUCER,outgoing,35,bottom,-1,0,p,2.849332203910547e-07,1.5739398784440423e-06,-4.465027736885759e-16,-2.0865938982257457e-16,0.24680471240661547,0.9130801710515086,0.27029906051118563,1.2397105341525883e-10,1.1769907587313279e-29
FTTNN_CONDITIONAL_CORE_FROZEN_PRODUCER,boundary_outgoing,35,bottom,-1,0,p,-1.4614343453225972e-06,6.184787074235501e-07,1.0475495179447351e-16,-4.776152653530708e-16,0.23630856214389456,0.9095181214967073,0.2598173214570195,1.2397105341525883e-10,1.1769907587313279e-29
FTTNN_CONDITIONAL_CORE_FROZEN_PRODUCER,total,36,bottom,-1,1,s,7.725391036135563e-07,-2.0055436677251098e-05,-0.00033718347041209904,-1.6668060241286416e-05,0.24680471240661547,0.4382342339399896,0.5631799008208294,1.2199153482054907e-08,3.4515489579099395e-06
FTTNN_CONDITIONAL_CORE_FROZEN_PRODUCER,scattered,36,bottom,-1,1,s,7.725391036151403e-07,-2.005543667725311e-05,-0.00033718347041209747,-1.666806024128843e-05,0.2468047124066155,0.2468359522790033,0.9998734387268169,1.2199153482054907e-08,3.4515489579099395e-06
FTTNN_CONDITIONAL_CORE_FROZEN_PRODUCER,outgoing,36,bottom,-1,1,s,7.725391036135563e-07,-2.0055436677251098e-05,-0.00033718347041209904,-1.6668060241286416e-05,0.24680471240661547,0.9130801710515086,0.27029906051118563,1.2199153482054907e-08,3.4515489579099395e-06
FTTNN_CONDITIONAL_CORE_FROZEN_PRODUCER,boundary_outgoing,36,bottom,-1,1,s,1.5399403580023295e-05,-1.2477844079425903e-05,-0.00020705147254900414,-0.0002612982466308191,0.23630856214389456,0.9095181214967073,0.2598173214570195,1.2199153482054907e-08,3.4515489579099395e-06
FTTNN_CONDITIONAL_CORE_FROZEN_PRODUCER,total,37,bottom,-1,1,p,6.201945395154922e-07,2.7593579654885016e-05,-0.000247999236616804,-8.609260275602887e-06,0.24680471240661547,0.4382342339399896,0.5631799008208294,2.3070496786990292e-08,1.8648558637369045e-06
FTTNN_CONDITIONAL_CORE_FROZEN_PRODUCER,scattered,37,bottom,-1,1,p,6.201945395217288e-07,2.759357965488926e-05,-0.00024799923661679776,-8.609260275598644e-06,0.2468047124066155,0.2468359522790033,0.9998734387268169,2.3070496786990292e-08,1.8648558637369045e-06
FTTNN_CONDITIONAL_CORE_FROZEN_PRODUCER,outgoing,37,bottom,-1,1,p,6.201945395154922e-07,2.7593579654885016e-05,-0.000247999236616804,-8.609260275602887e-06,0.24680471240661547,0.9130801710515086,0.27029906051118563,2.3070496786990292e-08,1.8648558637369045e-06
FTTNN_CONDITIONAL_CORE_FROZEN_PRODUCER,boundary_outgoing,37,bottom,-1,1,p,-2.0092175554408338e-05,1.8417998459761183e-05,-0.0001549980717030024,-0.00018981004150863128,0.23630856214389456,0.9095181214967073,0.2598173214570195,2.3070496786990292e-08,1.8648558637369045e-06
FTTNN_CONDITIONAL_CORE_FROZEN_PRODUCER,total,38,bottom,0,0,s,0.11867458906255669,-0.24709030959707118,0.07718950242782177,-0.12447475436113979,0.24680471240661547,0.4382342339399896,0.5631799008208294,0.11324429126893679,0.032331984498269135
FTTNN_CONDITIONAL_CORE_FROZEN_PRODUCER,scattered,38,bottom,0,0,s,-0.00012245895224676187,-4.166982434594513e-05,-0.041607545586981674,0.12257388541158544,0.2468047124066155,0.2468359522790033,0.9998734387268169,0.11324429126893679,0.032331984498269135
FTTNN_CONDITIONAL_CORE_FROZEN_PRODUCER,outgoing,38,bottom,0,0,s,0.11867458906255669,-0.24709030959707118,0.07718950242782177,-0.12447475436113979,0.24680471240661547,0.9130801710515086,0.27029906051118563,0.11324429126893679,0.032331984498269135
FTTNN_CONDITIONAL_CORE_FROZEN_PRODUCER,boundary_outgoing,38,bottom,0,0,s,0.11114767649062893,-0.20011111528555398,0.07050175899447489,-0.09994772920440079,0.23630856214389456,0.9095181214967073,0.2598173214570195,0.11324429126893679,0.032331984498269135
FTTNN_CONDITIONAL_CORE_FROZEN_PRODUCER,total,39,bottom,0,0,p,-1.5339882380425028e-06,2.2983235736852063e-05,2.4167599005431038e-15,5.725178855579965e-15,0.24680471240661547,0.4382342339399896,0.5631799008208294,7.996750871061552e-10,5.820430999983165e-29
FTTNN_CONDITIONAL_CORE_FROZEN_PRODUCER,scattered,39,bottom,0,0,p,-1.5339882377934448e-06,2.2983235737093674e-05,2.6658179463359154e-15,5.966790876859179e-15,0.2468047124066155,0.2468359522790033,0.9998734387268169,7.996750871061552e-10,5.820430999983165e-29
FTTNN_CONDITIONAL_CORE_FROZEN_PRODUCER,outgoing,39,bottom,0,0,p,-1.5339882380425028e-06,2.2983235736852063e-05,2.4167599005431038e-15,5.725178855579965e-15,0.24680471240661547,0.9130801710515086,0.27029906051118563,7.996750871061552e-10,5.820430999983165e-29
FTTNN_CONDITIONAL_CORE_FROZEN_PRODUCER,boundary_outgoing,39,bottom,0,0,p,-2.415244477756766e-06,1.9083426870614818e-05,1.7315585978917311e-15,4.892126973773713e-15,0.23630856214389456,0.9095181214967073,0.2598173214570195,7.996750871061552e-10,5.820430999983165e-29
CHEBTT_CONDITIONAL_CORE_CONTROL_PRODUCER,total,0,top,-3,-1,s,-1.8848125392974466e-05,1.4492525261133782e-05,-9.195140170809825e-05,5.576925993858354e-05,0.2468171680393709,0.4382342339399896,0.5632083231388291,1.7899835750225626e-08,3.662159813318062e-07
CHEBTT_CONDITIONAL_CORE_CONTROL_PRODUCER,scattered,0,top,-3,-1,s,-1.884812539297913e-05,1.4492525261129503e-05,-9.195140170810291e-05,5.5769259938579254e-05,0.24681716803937093,0.2468359522790033,0.9999238999041309,1.7899835750225626e-08,3.662159813318062e-07
CHEBTT_CONDITIONAL_CORE_CONTROL_PRODUCER,outgoing,0,top,-3,-1,s,-1.8848125392974466e-05,1.4492525261133782e-05,-9.195140170809825e-05,5.576925993858354e-05,0.24681716803937087,0.9130801710515086,0.27031270184647066,1.7899835750225626e-08,3.662159813318062e-07
CHEBTT_CONDITIONAL_CORE_CONTROL_PRODUCER,boundary_outgoing,0,top,-3,-1,s,-1.5473170430953085e-05,1.8051762132505757e-05,-7.855082196187339e-05,7.345092919286605e-05,0.23633021357832082,0.9095181214967073,0.25984112684793426,1.7899835750225626e-08,3.662159813318062e-07
CHEBTT_CONDITIONAL_CORE_CONTROL_PRODUCER,total,1,top,-3,-1,p,1.8155965172330552e-05,-3.2082610548859666e-06,6.491873565175626e-05,-4.0080513039853855e-05,0.2468171680393709,0.4382342339399896,0.5632083231388291,1.0763996687299216e-08,1.843193233752179e-07
CHEBTT_CONDITIONAL_CORE_CONTROL_PRODUCER,scattered,1,top,-3,-1,p,1.8155965172318592e-05,-3.208261054887995e-06,6.49187356517443e-05,-4.008051303985588e-05,0.24681716803937093,0.2468359522790033,0.9999238999041309,1.0763996687299216e-08,1.843193233752179e-07
CHEBTT_CONDITIONAL_CORE_CONTROL_PRODUCER,outgoing,1,top,-3,-1,p,1.8155965172330552e-05,-3.2082610548859666e-06,6.491873565175626e-05,-4.0080513039853855e-05,0.24681716803937087,0.9130801710515086,0.27031270184647066,1.0763996687299216e-08,1.843193233752179e-07
CHEBTT_CONDITIONAL_CORE_CONTROL_PRODUCER,boundary_outgoing,1,top,-3,-1,p,1.711127149271702e-05,-6.865595257347166e-06,5.531274235513715e-05,-5.254893240889601e-05,0.23633021357832082,0.9095181214967073,0.25984112684793426,1.0763996687299216e-08,1.843193233752179e-07
CHEBTT_CONDITIONAL_CORE_CONTROL_PRODUCER,total,2,top,-3,0,s,-0.0003693119330326341,0.000506889074751614,-0.0001921902009470994,0.00048817928501632254,0.2468171680393709,0.4382342339399896,0.5632083231388291,1.9515778945227827e-05,1.365740342110789e-05
CHEBTT_CONDITIONAL_CORE_CONTROL_PRODUCER,scattered,2,top,-3,0,s,-0.00036931193303278454,0.0005068890747516792,-0.00019219020094724982,0.00048817928501638765,0.24681716803937093,0.2468359522790033,0.9999238999041309,1.9515778945227827e-05,1.365740342110789e-05
CHEBTT_CONDITIONAL_CORE_CONTROL_PRODUCER,outgoing,2,top,-3,0,s,-0.0003693119330326341,0.000506889074751614,-0.0001921902009470994,0.00048817928501632254,0.24681716803937087,0.9130801710515086,0.27031270184647066,1.9515778945227827e-05,1.365740342110789e-05
CHEBTT_CONDITIONAL_CORE_CONTROL_PRODUCER,boundary_outgoing,2,top,-3,0,s,0.0004165271625134532,-0.00046886347786038904,0.0002384264874377627,-0.00046734237743567054,0.23633021357832082,0.9095181214967073,0.25984112684793426,1.9515778945227827e-05,1.365740342110789e-05
CHEBTT_CONDITIONAL_CORE_CONTROL_PRODUCER,total,3,top,-3,0,p,-4.0974325273455185e-07,6.860777912542878e-07,1.2553482268998042e-15,3.668039838538298e-15,0.2468171680393709,0.4382342339399896,0.5632083231388291,3.168508391934902e-11,7.457653301374714e-28
CHEBTT_CONDITIONAL_CORE_CONTROL_PRODUCER,scattered,3,top,-3,0,p,-4.0974325273455185e-07,6.860777912542878e-07,1.2553482268998042e-15,3.668039838538298e-15,0.24681716803937093,0.2468359522790033,0.9999238999041309,3.168508391934902e-11,7.457653301374714e-28
CHEBTT_CONDITIONAL_CORE_CONTROL_PRODUCER,outgoing,3,top,-3,0,p,-4.0974325273455185e-07,6.860777912542878e-07,1.2553482268998042e-15,3.668039838538298e-15,0.24681716803937087,0.9130801710515086,0.27031270184647066,3.168508391934902e-11,7.457653301374714e-28
CHEBTT_CONDITIONAL_CORE_CONTROL_PRODUCER,boundary_outgoing,3,top,-3,0,p,4.7407043600768434e-07,-6.433113480402292e-07,-8.953304260694988e-16,-3.7721080122444466e-15,0.23633021357832082,0.9095181214967073,0.25984112684793426,3.168508391934902e-11,7.457653301374714e-28
CHEBTT_CONDITIONAL_CORE_CONTROL_PRODUCER,total,4,top,-3,1,s,-1.7915719226805463e-05,1.5742925711580415e-05,-9.195140170915746e-05,5.576925994137385e-05,0.2468171680393709,0.4382342339399896,0.5632083231388291,1.8011537278596046e-08,3.6621598134782935e-07
CHEBTT_CONDITIONAL_CORE_CONTROL_PRODUCER,scattered,4,top,-3,1,s,-1.791571922679524e-05,1.5742925711583437e-05,-9.195140170914724e-05,5.5769259941376876e-05,0.24681716803937093,0.2468359522790033,0.9999238999041309,1.8011537278596046e-08,3.6621598134782935e-07
CHEBTT_CONDITIONAL_CORE_CONTROL_PRODUCER,outgoing,4,top,-3,1,s,-1.7915719226805463e-05,1.5742925711580415e-05,-9.195140170915746e-05,5.576925994137385e-05,0.24681716803937087,0.9130801710515086,0.27031270184647066,1.8011537278596046e-08,3.6621598134782935e-07
CHEBTT_CONDITIONAL_CORE_CONTROL_PRODUCER,boundary_outgoing,4,top,-3,1,s,-1.4304023532352948e-05,1.908422427451427e-05,-7.855082196233748e-05,7.345092919581435e-05,0.23633021357832082,0.9095181214967073,0.25984112684793426,1.8011537278596046e-08,3.6621598134782935e-07
CHEBTT_CONDITIONAL_CORE_CONTROL_PRODUCER,total,5,top,-3,1,p,-2.0023830113197946e-05,4.079744873236826e-06,-6.491873565012055e-05,4.0080513039672495e-05,0.2468171680393709,0.4382342339399896,0.5632083231388291,1.3223304447742398e-08,1.843193233680326e-07
CHEBTT_CONDITIONAL_CORE_CONTROL_PRODUCER,scattered,5,top,-3,1,p,-2.0023830113184546e-05,4.079744873251635e-06,-6.491873565010715e-05,4.00805130396873e-05,0.24681716803937093,0.2468359522790033,0.9999238999041309,1.3223304447742398e-08,1.843193233680326e-07
CHEBTT_CONDITIONAL_CORE_CONTROL_PRODUCER,outgoing,5,top,-3,1,p,-2.0023830113197946e-05,4.079744873236826e-06,-6.491873565012055e-05,4.0080513039672495e-05,0.24681716803937087,0.9130801710515086,0.27031270184647066,1.3223304447742398e-08,1.843193233680326e-07
CHEBTT_CONDITIONAL_CORE_CONTROL_PRODUCER,boundary_outgoing,5,top,-3,1,p,-1.8760559778079785e-05,8.10182000824568e-06,-5.5312742353573465e-05,5.2548932408382856e-05,0.23633021357832082,0.9095181214967073,0.25984112684793426,1.3223304447742398e-08,1.843193233680326e-07
CHEBTT_CONDITIONAL_CORE_CONTROL_PRODUCER,total,6,top,-2,-1,s,4.186446655079476e-06,-5.659258353165881e-06,2.344516502433825e-06,9.65817440460633e-07,0.2468171680393709,0.4382342339399896,0.5632083231388291,2.1163286492741294e-09,2.745931746845648e-10
CHEBTT_CONDITIONAL_CORE_CONTROL_PRODUCER,scattered,6,top,-2,-1,s,4.186446655079476e-06,-5.659258353165876e-06,2.3445165024338254e-06,9.658174404606376e-07,0.24681716803937093,0.2468359522790033,0.9999238999041309,2.1163286492741294e-09,2.745931746845648e-10
CHEBTT_CONDITIONAL_CORE_CONTROL_PRODUCER,outgoing,6,top,-2,-1,s,4.186446655079476e-06,-5.659258353165881e-06,2.344516502433825e-06,9.65817440460633e-07,0.24681716803937087,0.9130801710515086,0.27031270184647066,2.1163286492741294e-09,2.745931746845648e-10
CHEBTT_CONDITIONAL_CORE_CONTROL_PRODUCER,boundary_outgoing,6,top,-2,-1,s,3.929620083910741e-06,5.8405159617819105e-06,-1.6954805776036832e-06,1.8854459868824524e-06,0.23633021357832082,0.9095181214967073,0.25984112684793426,2.1163286492741294e-09,2.745931746845648e-10
CHEBTT_CONDITIONAL_CORE_CONTROL_PRODUCER,total,7,top,-2,-1,p,-5.433290941870351e-05,4.654060128234166e-05,-0.00011450210530953003,-0.00014336308972240936,0.2468171680393709,0.4382342339399896,0.5632083231388291,2.1858308960431002e-07,1.437706929814518e-06
CHEBTT_CONDITIONAL_CORE_CONTROL_PRODUCER,scattered,7,top,-2,-1,p,-5.433290941866887e-05,4.654060128232701e-05,-0.00011450210530949539,-0.00014336308972242402,0.24681716803937093,0.2468359522790033,0.9999238999041309,2.1858308960431002e-07,1.437706929814518e-06
CHEBTT_CONDITIONAL_CORE_CONTROL_PRODUCER,outgoing,7,top,-2,-1,p,-5.433290941870351e-05,4.654060128234166e-05,-0.00011450210530953003,-0.00014336308972240936,0.24681716803937087,0.9130801710515086,0.27031270184647066,2.1858308960431002e-07,1.437706929814518e-06
CHEBTT_CONDITIONAL_CORE_CONTROL_PRODUCER,boundary_outgoing,7,top,-2,-1,p,-2.5647859907679676e-05,-6.67853269497049e-05,0.00017343931198744156,-5.9854094867379096e-05,0.23633021357832082,0.9095181214967073,0.25984112684793426,2.1858308960431002e-07,1.437706929814518e-06
CHEBTT_CONDITIONAL_CORE_CONTROL_PRODUCER,total,8,top,-2,0,s,-9.31105159881942e-05,1.6250528747289359e-06,0.00016425932553326252,-5.6207388544626634e-05,0.2468171680393709,0.4382342339399896,0.5632083231388291,4.969061954300752e-07,1.7270051732052553e-06
CHEBTT_CONDITIONAL_CORE_CONTROL_PRODUCER,scattered,8,top,-2,0,s,-9.311051598825341e-05,1.6250528745733196e-06,0.0001642593255332033,-5.620738854478225e-05,0.24681716803937093,0.2468359522790033,0.9999238999041309,4.969061954300752e-07,1.7270051732052553e-06
CHEBTT_CONDITIONAL_CORE_CONTROL_PRODUCER,outgoing,8,top,-2,0,s,-9.31105159881942e-05,1.6250528747289359e-06,0.00016425932553326252,-5.6207388544626634e-05,0.24681716803937087,0.9130801710515086,0.27031270184647066,4.969061954300752e-07,1.7270051732052553e-06
CHEBTT_CONDITIONAL_CORE_CONTROL_PRODUCER,boundary_outgoing,8,top,-2,0,s,1.6250647491950112e-06,9.311051578094902e-05,-5.6207409492762594e-05,-0.00016425931836508344,0.23633021357832082,0.9095181214967073,0.25984112684793426,4.969061954300752e-07,1.7270051732052553e-06
CHEBTT_CONDITIONAL_CORE_CONTROL_PRODUCER,total,9,top,-2,0,p,-2.0413753338436687e-07,-1.538516495042978e-07,-1.731002669799771e-16,1.1404235647096274e-15,0.2468171680393709,0.4382342339399896,0.5632083231388291,3.7440373663307295e-12,7.623760074136061e-29
CHEBTT_CONDITIONAL_CORE_CONTROL_PRODUCER,scattered,9,top,-2,0,p,-2.0413753338436687e-07,-1.538516495042978e-07,-1.731002669799771e-16,1.1404235647096274e-15,0.24681716803937093,0.2468359522790033,0.9999238999041309,3.7440373663307295e-12,7.623760074136061e-29
CHEBTT_CONDITIONAL_CORE_CONTROL_PRODUCER,outgoing,9,top,-2,0,p,-2.0413753338436687e-07,-1.538516495042978e-07,-1.731002669799771e-16,1.1404235647096274e-15,0.24681716803937087,0.9130801710515086,0.27031270184647066,3.7440373663307295e-12,7.623760074136061e-29
CHEBTT_CONDITIONAL_CORE_CONTROL_PRODUCER,boundary_outgoing,9,top,-2,0,p,-1.538516234704572e-07,2.0413755300520154e-07,1.1404235867852477e-15,1.7310012154075433e-16,0.23633021357832082,0.9095181214967073,0.25984112684793426,3.7440373663307295e-12,7.623760074136061e-29
CHEBTT_CONDITIONAL_CORE_CONTROL_PRODUCER,total,10,top,-2,1,s,4.416526813969299e-06,-5.951190423959803e-06,2.3445165013757525e-06,9.658174394089157e-07,0.2468171680393709,0.4382342339399896,0.5632083231388291,2.345620461244445e-09,2.745931743859139e-10
CHEBTT_CONDITIONAL_CORE_CONTROL_PRODUCER,scattered,10,top,-2,1,s,4.416526813969296e-06,-5.951190423959804e-06,2.344516501375749e-06,9.658174394089149e-07,0.24681716803937093,0.2468359522790033,0.9999238999041309,2.345620461244445e-09,2.745931743859139e-10
CHEBTT_CONDITIONAL_CORE_CONTROL_PRODUCER,outgoing,10,top,-2,1,s,4.416526813969299e-06,-5.951190423959803e-06,2.3445165013757525e-06,9.658174394089157e-07,0.24681716803937087,0.9130801710515086,0.27031270184647066,2.345620461244445e-09,2.745931743859139e-10
CHEBTT_CONDITIONAL_CORE_CONTROL_PRODUCER,boundary_outgoing,10,top,-2,1,s,4.127597434723947e-06,6.155104871373108e-06,-1.6954805762582626e-06,1.885445986237883e-06,0.23633021357832082,0.9095181214967073,0.25984112684793426,2.345620461244445e-09,2.745931743859139e-10
CHEBTT_CONDITIONAL_CORE_CONTROL_PRODUCER,total,11,top,-2,1,p,5.567743778539204e-05,-4.843104236019718e-05,0.0001145021053115565,0.0001433630897223461,0.2468171680393709,0.4382342339399896,0.5632083231388291,2.3256781203285228e-07,1.4377069298335635e-06
CHEBTT_CONDITIONAL_CORE_CONTROL_PRODUCER,scattered,11,top,-2,1,p,5.567743778538138e-05,-4.843104236018985e-05,0.00011450210531154583,0.0001433630897223534,0.24681716803937093,0.2468359522790033,0.9999238999041309,2.3256781203285228e-07,1.4377069298335635e-06
CHEBTT_CONDITIONAL_CORE_CONTROL_PRODUCER,outgoing,11,top,-2,1,p,5.567743778539204e-05,-4.843104236019718e-05,0.0001145021053115565,0.0001433630897223461,0.24681716803937087,0.9130801710515086,0.27031270184647066,2.3256781203285228e-07,1.4377069298335635e-06
CHEBTT_CONDITIONAL_CORE_CONTROL_PRODUCER,boundary_outgoing,11,top,-2,1,p,2.6978593465877022e-05,6.868550383482932e-05,-0.00017343931198806085,5.9854094869309646e-05,0.23633021357832082,0.9095181214967073,0.25984112684793426,2.3256781203285228e-07,1.4377069298335635e-06
CHEBTT_CONDITIONAL_CORE_CONTROL_PRODUCER,total,12,top,-1,-1,s,-5.167023113537439e-05,-5.834153609351131e-05,-0.0001675317294758279,-0.0002780507862091289,0.2468171680393709,0.4382342339399896,0.5632083231388291,1.9241565733672156e-07,3.3385088803210597e-06
CHEBTT_CONDITIONAL_CORE_CONTROL_PRODUCER,scattered,12,top,-1,-1,s,-5.167023113532991e-05,-5.834153609350154e-05,-0.00016753172947578341,-0.00027805078620911914,0.24681716803937093,0.2468359522790033,0.9999238999041309,1.9241565733672156e-07,3.3385088803210597e-06
CHEBTT_CONDITIONAL_CORE_CONTROL_PRODUCER,outgoing,12,top,-1,-1,s,-5.167023113537439e-05,-5.834153609351131e-05,-0.0001675317294758279,-0.0002780507862091289,0.24681716803937087,0.9130801710515086,0.27031270184647066,1.9241565733672156e-07,3.3385088803210597e-06
CHEBTT_CONDITIONAL_CORE_CONTROL_PRODUCER,boundary_outgoing,12,top,-1,-1,s,-6.240122435068817e-05,-4.6686559295675e-05,-0.00022030138827274493,-0.0002384248695454775,0.23633021357832082,0.9095181214967073,0.25984112684793426,1.9241565733672156e-07,3.3385088803210597e-06
CHEBTT_CONDITIONAL_CORE_CONTROL_PRODUCER,total,13,top,-1,-1,p,-4.197955351339946e-05,-5.3184802696190845e-05,-0.00012312018254765662,-0.00020515373533905003,0.2468171680393709,0.4382342339399896,0.5632083231388291,1.45444191794465e-07,1.8136268113864188e-06
CHEBTT_CONDITIONAL_CORE_CONTROL_PRODUCER,scattered,13,top,-1,-1,p,-4.197955351338416e-05,-5.318480269615386e-05,-0.00012312018254764134,-0.00020515373533901306,0.24681716803937093,0.2468359522790033,0.9999238999041309,1.45444191794465e-07,1.8136268113864188e-06
CHEBTT_CONDITIONAL_CORE_CONTROL_PRODUCER,outgoing,13,top,-1,-1,p,-4.197955351339946e-05,-5.3184802696190845e-05,-0.00012312018254765662,-0.00020515373533905003,0.24681716803937087,0.9130801710515086,0.27031270184647066,1.45444191794465e-07,1.8136268113864188e-06
CHEBTT_CONDITIONAL_CORE_CONTROL_PRODUCER,boundary_outgoing,13,top,-1,-1,p,-5.186791607904935e-05,-4.359616304944521e-05,-0.00016206524324860404,-0.0001760155998907599,0.23633021357832082,0.9095181214967073,0.25984112684793426,1.45444191794465e-07,1.8136268113864188e-06
CHEBTT_CONDITIONAL_CORE_CONTROL_PRODUCER,total,14,top,-1,0,s,-0.0010962155815273994,0.0017559019569234348,-0.0010285581087383054,0.0013279322632824794,0.2468171680393709,0.4382342339399896,0.5632083231388291,0.00021264642775436788,0.00014001487940183894
CHEBTT_CONDITIONAL_CORE_CONTROL_PRODUCER,scattered,14,top,-1,0,s,-0.0010962155815269878,0.001755901956923263,-0.0010285581087378939,0.0013279322632823076,0.24681716803937093,0.2468359522790033,0.9999238999041309,0.00021264642775436788,0.00014001487940183894
CHEBTT_CONDITIONAL_CORE_CONTROL_PRODUCER,outgoing,14,top,-1,0,s,-0.0010962155815273994,0.0017559019569234348,-0.0010285581087383054,0.0013279322632824794,0.24681716803937087,0.9130801710515086,0.27031270184647066,0.00021264642775436788,0.00014001487940183894
CHEBTT_CONDITIONAL_CORE_CONTROL_PRODUCER,boundary_outgoing,14,top,-1,0,s,0.0012638007602527009,-0.0016394169457144509,0.0011543275989399616,-0.0012201900152203147,0.23633021357832082,0.9095181214967073,0.25984112684793426,0.00021264642775436788,0.00014001487940183894
CHEBTT_CONDITIONAL_CORE_CONTROL_PRODUCER,total,15,top,-1,0,p,2.2847816454279464e-06,-1.3792677557738617e-06,1.0695710033665002e-15,-1.898478834981676e-15,0.2468171680393709,0.4382342339399896,0.5632083231388291,3.5347472340873826e-10,2.3563986760300565e-28
CHEBTT_CONDITIONAL_CORE_CONTROL_PRODUCER,scattered,15,top,-1,0,p,2.2847816454279464e-06,-1.3792677557738617e-06,1.0695710033665002e-15,-1.898478834981676e-15,0.24681716803937093,0.2468359522790033,0.9999238999041309,3.5347472340873826e-10,2.3563986760300565e-28
CHEBTT_CONDITIONAL_CORE_CONTROL_PRODUCER,outgoing,15,top,-1,0,p,2.2847816454279464e-06,-1.3792677557738617e-06,1.0695710033665002e-15,-1.898478834981676e-15,0.24681716803937087,0.9130801710515086,0.27031270184647066,3.5347472340873826e-10,2.3563986760300565e-28
CHEBTT_CONDITIONAL_CORE_CONTROL_PRODUCER,boundary_outgoing,15,top,-1,0,p,-2.4095005170801747e-06,1.1475687202047074e-06,-1.2513260214317444e-15,1.783924663825131e-15,0.23633021357832082,0.9095181214967073,0.25984112684793426,3.5347472340873826e-10,2.3563986760300565e-28
CHEBTT_CONDITIONAL_CORE_CONTROL_PRODUCER,total,16,top,-1,1,s,-5.1735680871923524e-05,-5.585130154602583e-05,-0.0001675317294752791,-0.00027805078621218255,0.2468171680393709,0.4382342339399896,0.5632083231388291,1.836210600289098e-07,3.338508880369034e-06
CHEBTT_CONDITIONAL_CORE_CONTROL_PRODUCER,scattered,16,top,-1,1,s,-5.173568087192177e-05,-5.585130154600854e-05,-0.00016753172947527734,-0.00027805078621216526,0.24681716803937093,0.2468359522790033,0.9999238999041309,1.836210600289098e-07,3.338508880369034e-06
CHEBTT_CONDITIONAL_CORE_CONTROL_PRODUCER,outgoing,16,top,-1,1,s,-5.1735680871923524e-05,-5.585130154602583e-05,-0.0001675317294752791,-0.00027805078621218255,0.24681716803937087,0.9130801710515086,0.27031270184647066,1.836210600289098e-07,3.338508880369034e-06
CHEBTT_CONDITIONAL_CORE_CONTROL_PRODUCER,boundary_outgoing,16,top,-1,1,s,-6.196171156161589e-05,-4.42345437415346e-05,-0.00022030138827282503,-0.00023842486954857905,0.23633021357832082,0.9095181214967073,0.25984112684793426,1.836210600289098e-07,3.338508880369034e-06
CHEBTT_CONDITIONAL_CORE_CONTROL_PRODUCER,total,17,top,-1,1,p,4.486370332826196e-05,5.3308061598439035e-05,0.00012312018254904267,0.00020515373533914856,0.2468171680393709,0.4382342339399896,0.5632083231388291,1.5379513238547052e-07,1.8136268113985115e-06
CHEBTT_CONDITIONAL_CORE_CONTROL_PRODUCER,scattered,17,top,-1,1,p,4.486370332825788e-05,5.330806159841968e-05,0.00012312018254903858,0.0002051537353391292,0.24681716803937093,0.2468359522790033,0.9999238999041309,1.5379513238547052e-07,1.8136268113985115e-06
CHEBTT_CONDITIONAL_CORE_CONTROL_PRODUCER,outgoing,17,top,-1,1,p,4.486370332826196e-05,5.3308061598439035e-05,0.00012312018254904267,0.00020515373533914856,0.24681716803937087,0.9130801710515086,0.27031270184647066,1.5379513238547052e-07,1.8136268113985115e-06
CHEBTT_CONDITIONAL_CORE_CONTROL_PRODUCER,boundary_outgoing,17,top,-1,1,p,5.471739849809145e-05,4.313360185876358e-05,0.00016206524324998136,0.0001760155998905761,0.23633021357832082,0.9095181214967073,0.25984112684793426,1.5379513238547052e-07,1.8136268113985115e-06
CHEBTT_CONDITIONAL_CORE_CONTROL_PRODUCER,total,18,top,0,0,s,0.04574071772531265,-0.6214790379641845,0.026785429987131376,-0.4121567714282053,0.2468171680393709,0.4382342339399896,0.5632083231388291,0.8380825484352326,0.812256818464021
CHEBTT_CONDITIONAL_CORE_CONTROL_PRODUCER,scattered,18,top,0,0,s,-0.0003180873722485022,-5.0714313183197227e-05,-0.01927337511042978,0.20927155222279603,0.24681716803937093,0.2468359522790033,0.9999238999041309,0.8380825484352326,0.812256818464021
CHEBTT_CONDITIONAL_CORE_CONTROL_PRODUCER,outgoing,18,top,0,0,s,-0.881508294049068,-0.24703375469380495,-0.9004635817872493,-0.03771148815782577,0.24681716803937087,0.9130801710515086,0.27031270184647066,0.8380825484352326,0.812256818464021
CHEBTT_CONDITIONAL_CORE_CONTROL_PRODUCER,boundary_outgoing,18,top,0,0,s,-0.8182119630141184,-0.4106235892103623,-0.8767420008873494,-0.208758909616445,0.23633021357832082,0.9095181214967073,0.25984112684793426,0.8380825484352326,0.812256818464021
CHEBTT_CONDITIONAL_CORE_CONTROL_PRODUCER,total,19,top,0,0,p,2.906620854622118e-06,-1.1620169093649355e-05,1.1196540890151039e-13,-5.214558791588342e-15,0.2468171680393709,0.4382342339399896,0.5632083231388291,1.4347677455749633e-10,1.2563444413870592e-26
CHEBTT_CONDITIONAL_CORE_CONTROL_PRODUCER,scattered,19,top,0,0,p,2.906620854512503e-06,-1.162016909217042e-05,1.1185579377514874e-13,-3.735624544869974e-15,0.24681716803937093,0.2468359522790033,0.9999238999041309,1.4347677455749633e-10,1.2563444413870592e-26
CHEBTT_CONDITIONAL_CORE_CONTROL_PRODUCER,outgoing,19,top,0,0,p,2.906620854622118e-06,-1.1620169093649355e-05,1.1196540890151039e-13,-5.214558791588342e-15,0.24681716803937087,0.9130801710515086,0.27031270184647066,1.4347677455749633e-10,1.2563444413870592e-26
CHEBTT_CONDITIONAL_CORE_CONTROL_PRODUCER,boundary_outgoing,19,top,0,0,p,5.069506834256538e-06,-1.0852505471777204e-05,1.109046864019619e-13,1.6235607409513206e-14,0.23633021357832082,0.9095181214967073,0.25984112684793426,1.4347677455749633e-10,1.2563444413870592e-26
CHEBTT_CONDITIONAL_CORE_CONTROL_PRODUCER,total,20,bottom,-3,-1,s,1.3167308978544434e-06,1.2466994782592623e-05,-4.909306826319978e-06,0.00011217325597253058,0.2468171680393709,0.4382342339399896,0.5632083231388291,4.756986355431177e-09,3.815929255738811e-07
CHEBTT_CONDITIONAL_CORE_CONTROL_PRODUCER,scattered,20,bottom,-3,-1,s,1.316730897854377e-06,1.2466994782594424e-05,-4.909306826320045e-06,0.00011217325597253238,0.24681716803937093,0.2468359522790033,0.9999238999041309,4.756986355431177e-09,3.815929255738811e-07
CHEBTT_CONDITIONAL_CORE_CONTROL_PRODUCER,outgoing,20,bottom,-3,-1,s,1.3167308978544434e-06,1.2466994782592623e-05,-4.909306826319978e-06,0.00011217325597253058,0.24681716803937087,0.9130801710515086,0.27031270184647066,4.756986355431177e-09,3.815929255738811e-07
CHEBTT_CONDITIONAL_CORE_CONTROL_PRODUCER,boundary_outgoing,20,bottom,-3,-1,s,-8.39918569760363e-06,9.094946486118423e-06,-8.648303367237041e-05,6.939127777564956e-05,0.23633021357832082,0.9095181214967073,0.25984112684793426,4.756986355431177e-09,3.815929255738811e-07
CHEBTT_CONDITIONAL_CORE_CONTROL_PRODUCER,total,21,bottom,-3,-1,p,1.2165668824397063e-07,7.384457125778548e-06,-1.5732873803997091e-06,7.928198517251047e-05,0.2468171680393709,0.4382342339399896,0.5632083231388291,1.6509944423289696e-09,1.903314808729246e-07
CHEBTT_CONDITIONAL_CORE_CONTROL_PRODUCER,scattered,21,bottom,-3,-1,p,1.2165668824034726e-07,7.384457125785712e-06,-1.5732873804033325e-06,7.928198517251764e-05,0.24681716803937093,0.2468359522790033,0.9999238999041309,1.6509944423289696e-09,1.903314808729246e-07
CHEBTT_CONDITIONAL_CORE_CONTROL_PRODUCER,outgoing,21,bottom,-3,-1,p,1.2165668824397063e-07,7.384457125778548e-06,-1.5732873803997091e-06,7.928198517251047e-05,0.24681716803937087,0.9130801710515086,0.27031270184647066,1.6509944423289696e-09,1.903314808729246e-07
CHEBTT_CONDITIONAL_CORE_CONTROL_PRODUCER,boundary_outgoing,21,bottom,-3,-1,p,-5.403611879517525e-06,4.898370284665722e-06,-5.9889780695573525e-05,5.0452604324837186e-05,0.23633021357832082,0.9095181214967073,0.25984112684793426,1.6509944423289696e-09,1.903314808729246e-07
CHEBTT_CONDITIONAL_CORE_CONTROL_PRODUCER,total,22,bottom,-3,0,s,-0.00015407200810824793,-0.00030324516895586736,-0.0004924362020247129,-0.0001736752134376343,0.2468171680393709,0.4382342339399896,0.5632083231388291,5.604875195862867e-06,1.3208823483228831e-05
CHEBTT_CONDITIONAL_CORE_CONTROL_PRODUCER,scattered,22,bottom,-3,0,s,-0.00015407200810825018,-0.00030324516895594125,-0.0004924362020247152,-0.0001736752134377082,0.24681716803937093,0.2468359522790033,0.9999238999041309,5.604875195862867e-06,1.3208823483228831e-05
CHEBTT_CONDITIONAL_CORE_CONTROL_PRODUCER,outgoing,22,bottom,-3,0,s,-0.00015407200810824793,-0.00030324516895586736,-0.0004924362020247129,-0.0001736752134376343,0.24681716803937087,0.9130801710515086,0.27031270184647066,5.604875195862867e-06,1.3208823483228831e-05
CHEBTT_CONDITIONAL_CORE_CONTROL_PRODUCER,boundary_outgoing,22,bottom,-3,0,s,0.00025991617570244685,-0.00021522692502329795,6.074845422874771e-05,-0.0005144750722767751,0.23633021357832082,0.9095181214967073,0.25984112684793426,5.604875195862867e-06,1.3208823483228831e-05
CHEBTT_CONDITIONAL_CORE_CONTROL_PRODUCER,total,23,bottom,-3,0,p,2.873407809375467e-07,3.986011991955151e-07,-1.3274970028758873e-16,2.3198170478591657e-16,0.2468171680393709,0.4382342339399896,0.5632083231388291,1.1696912951837724e-11,3.46080831114775e-30
CHEBTT_CONDITIONAL_CORE_CONTROL_PRODUCER,scattered,23,bottom,-3,0,p,2.873407809375467e-07,3.986011991955151e-07,-1.3274970028758873e-16,2.3198170478591657e-16,0.24681716803937093,0.2468359522790033,0.9999238999041309,1.1696912951837724e-11,3.46080831114775e-30
CHEBTT_CONDITIONAL_CORE_CONTROL_PRODUCER,outgoing,23,bottom,-3,0,p,2.873407809375467e-07,3.986011991955151e-07,-1.3274970028758873e-16,2.3198170478591657e-16,0.24681716803937087,0.9130801710515086,0.27031270184647066,1.1696912951837724e-11,3.46080831114775e-30
CHEBTT_CONDITIONAL_CORE_CONTROL_PRODUCER,boundary_outgoing,23,bottom,-3,0,p,-3.231571552516637e-07,3.650008864280612e-07,-2.5346697492730613e-16,-7.791468315616378e-17,0.23633021357832082,0.9095181214967073,0.25984112684793426,1.1696912951837724e-11,3.46080831114775e-30
CHEBTT_CONDITIONAL_CORE_CONTROL_PRODUCER,total,24,bottom,-3,1,s,2.1235668754017114e-06,1.233333749979579e-05,-4.909306828951654e-06,0.00011217325597379069,0.2468171680393709,0.4382342339399896,0.5632083231388291,4.740671977638201e-09,3.8159292558322023e-07
CHEBTT_CONDITIONAL_CORE_CONTROL_PRODUCER,scattered,24,bottom,-3,1,s,2.123566875400508e-06,1.2333337499794905e-05,-4.9093068289528565e-06,0.00011217325597378981,0.24681716803937093,0.2468359522790033,0.9999238999041309,4.740671977638201e-09,3.8159292558322023e-07
CHEBTT_CONDITIONAL_CORE_CONTROL_PRODUCER,outgoing,24,bottom,-3,1,s,2.1235668754017114e-06,1.233333749979579e-05,-4.909306828951654e-06,0.00011217325597379069,0.24681716803937087,0.9130801710515086,0.27031270184647066,4.740671977638201e-09,3.8159292558322023e-07
CHEBTT_CONDITIONAL_CORE_CONTROL_PRODUCER,boundary_outgoing,24,bottom,-3,1,s,-7.774614282417217e-06,9.606982623136439e-06,-8.648303367501951e-05,6.939127777451605e-05,0.23633021357832082,0.9095181214967073,0.25984112684793426,4.740671977638201e-09,3.8159292558322023e-07
CHEBTT_CONDITIONAL_CORE_CONTROL_PRODUCER,total,25,bottom,-3,1,p,-8.653788107182025e-08,-8.434312498063707e-06,1.5732873796791848e-06,-7.9281985174855e-05,0.2468171680393709,0.4382342339399896,0.5632083231388291,2.1534544943412074e-09,1.903314808841085e-07
CHEBTT_CONDITIONAL_CORE_CONTROL_PRODUCER,scattered,25,bottom,-3,1,p,-8.653788106313468e-08,-8.434312498063878e-06,1.5732873796878703e-06,-7.928198517485518e-05,0.24681716803937093,0.2468359522790033,0.9999238999041309,2.1534544943412074e-09,1.903314808841085e-07
CHEBTT_CONDITIONAL_CORE_CONTROL_PRODUCER,outgoing,25,bottom,-3,1,p,-8.653788107182025e-08,-8.434312498063707e-06,1.5732873796791848e-06,-7.9281985174855e-05,0.24681716803937087,0.9130801710515086,0.27031270184647066,2.1534544943412074e-09,1.903314808841085e-07
CHEBTT_CONDITIONAL_CORE_CONTROL_PRODUCER,boundary_outgoing,25,bottom,-3,1,p,6.205976049375251e-06,-5.555859238125652e-06,5.9889780696845165e-05,-5.0452604326898695e-05,0.23633021357832082,0.9095181214967073,0.25984112684793426,2.1534544943412074e-09,1.903314808841085e-07
CHEBTT_CONDITIONAL_CORE_CONTROL_PRODUCER,total,26,bottom,-2,-1,s,4.00793058262447e-06,3.3142055279774926e-07,7.745485652971132e-07,2.4717345258705883e-06,0.2468171680393709,0.4382342339399896,0.5632083231388291,6.707389191609963e-10,2.7825122930511906e-10
CHEBTT_CONDITIONAL_CORE_CONTROL_PRODUCER,scattered,26,bottom,-2,-1,s,4.00793058262447e-06,3.314205527977489e-07,7.745485652971132e-07,2.471734525870588e-06,0.24681716803937093,0.2468359522790033,0.9999238999041309,6.707389191609963e-10,2.7825122930511906e-10
CHEBTT_CONDITIONAL_CORE_CONTROL_PRODUCER,outgoing,26,bottom,-2,-1,s,4.00793058262447e-06,3.3142055279774926e-07,7.745485652971132e-07,2.4717345258705883e-06,0.24681716803937087,0.9130801710515086,0.27031270184647066,6.707389191609963e-10,2.7825122930511906e-10
CHEBTT_CONDITIONAL_CORE_CONTROL_PRODUCER,boundary_outgoing,26,bottom,-2,-1,s,1.2920279757619227e-06,3.7694161723463286e-06,-1.935589521620524e-06,1.6853186586884327e-06,0.23633021357832082,0.9095181214967073,0.25984112684793426,6.707389191609963e-10,2.7825122930511906e-10
CHEBTT_CONDITIONAL_CORE_CONTROL_PRODUCER,total,27,bottom,-2,-1,p,4.3870776095387295e-05,6.717616262154202e-06,-3.630225008417201e-05,0.0001883234131536643,0.2468171680393709,0.4382342339399896,0.5632083231388291,8.169009816274404e-08,1.5254830024257906e-06
CHEBTT_CONDITIONAL_CORE_CONTROL_PRODUCER,scattered,27,bottom,-2,-1,p,4.3870776095380444e-05,6.7176162621499195e-06,-3.630225008417886e-05,0.00018832341315366003,0.24681716803937093,0.2468359522790033,0.9999238999041309,8.169009816274404e-08,1.5254830024257906e-06
CHEBTT_CONDITIONAL_CORE_CONTROL_PRODUCER,outgoing,27,bottom,-2,-1,p,4.3870776095387295e-05,6.717616262154202e-06,-3.630225008417201e-05,0.0001883234131536643,0.24681716803937087,0.9130801710515086,0.27031270184647066,8.169009816274404e-08,1.5254830024257906e-06
CHEBTT_CONDITIONAL_CORE_CONTROL_PRODUCER,boundary_outgoing,27,bottom,-2,-1,p,1.1338063159047556e-05,4.2487984853554586e-05,-0.0001853545253180435,4.1894719858193056e-05,0.23633021357832082,0.9095181214967073,0.25984112684793426,8.169009816274404e-08,1.5254830024257906e-06
CHEBTT_CONDITIONAL_CORE_CONTROL_PRODUCER,total,28,bottom,-2,0,s,4.958352815085228e-05,4.995034188944029e-06,-0.00018404130862068258,1.7489532595230964e-05,0.2468171680393709,0.4382342339399896,0.5632083231388291,1.3952022322959525e-07,1.9200481909981673e-06
CHEBTT_CONDITIONAL_CORE_CONTROL_PRODUCER,scattered,28,bottom,-2,0,s,4.9583528150836524e-05,4.9950341889860475e-06,-0.00018404130862069833,1.7489532595272983e-05,0.24681716803937093,0.2468359522790033,0.9999238999041309,1.3952022322959525e-07,1.9200481909981673e-06
CHEBTT_CONDITIONAL_CORE_CONTROL_PRODUCER,outgoing,28,bottom,-2,0,s,4.958352815085228e-05,4.995034188944029e-06,-0.00018404130862068258,1.7489532595230964e-05,0.24681716803937087,0.9130801710515086,0.27031270184647066,1.3952022322959525e-07,1.9200481909981673e-06
CHEBTT_CONDITIONAL_CORE_CONTROL_PRODUCER,boundary_outgoing,28,bottom,-2,0,s,-4.494211452451452e-06,4.929037661354799e-05,-1.910128656019509e-05,-0.00018261418318362527,0.23633021357832082,0.9095181214967073,0.25984112684793426,1.3952022322959525e-07,1.9200481909981673e-06
CHEBTT_CONDITIONAL_CORE_CONTROL_PRODUCER,total,29,bottom,-2,0,p,-8.409609141829638e-08,-8.182124951697083e-08,-1.953215047833636e-16,3.0838854490696276e-16,0.2468171680393709,0.4382342339399896,0.5632083231388291,7.734144454190866e-13,7.486128714139298e-30
CHEBTT_CONDITIONAL_CORE_CONTROL_PRODUCER,scattered,29,bottom,-2,0,p,-8.409609141829638e-08,-8.182124951697083e-08,-1.953215047833636e-16,3.0838854490696276e-16,0.24681716803937093,0.2468359522790033,0.9999238999041309,7.734144454190866e-13,7.486128714139298e-30
CHEBTT_CONDITIONAL_CORE_CONTROL_PRODUCER,outgoing,29,bottom,-2,0,p,-8.409609141829638e-08,-8.182124951697083e-08,-1.953215047833636e-16,3.0838854490696276e-16,0.24681716803937087,0.9130801710515086,0.27031270184647066,7.734144454190866e-13,7.486128714139298e-30
CHEBTT_CONDITIONAL_CORE_CONTROL_PRODUCER,boundary_outgoing,29,bottom,-2,0,p,8.046863884667185e-08,-8.428907298738098e-08,-3.081108181661143e-16,-1.9107978283180129e-16,0.23633021357832082,0.9095181214967073,0.25984112684793426,7.734144454190866e-13,7.486128714139298e-30
CHEBTT_CONDITIONAL_CORE_CONTROL_PRODUCER,total,30,bottom,-2,1,s,4.174154517237221e-06,3.2172458988216546e-07,7.745485660026084e-07,2.4717345262717786e-06,0.2468171680393709,0.4382342339399896,0.5632083231388291,7.268804448471864e-10,2.7825122943269296e-10
CHEBTT_CONDITIONAL_CORE_CONTROL_PRODUCER,scattered,30,bottom,-2,1,s,4.174154517237221e-06,3.2172458988216414e-07,7.745485660026087e-07,2.4717345262717774e-06,0.24681716803937093,0.2468359522790033,0.9999238999041309,7.268804448471864e-10,2.7825122943269296e-10
CHEBTT_CONDITIONAL_CORE_CONTROL_PRODUCER,outgoing,30,bottom,-2,1,s,4.174154517237221e-06,3.2172458988216546e-07,7.745485660026084e-07,2.4717345262717786e-06,0.24681716803937087,0.9130801710515086,0.27031270184647066,7.268804448471864e-10,2.7825122943269296e-10
CHEBTT_CONDITIONAL_CORE_CONTROL_PRODUCER,boundary_outgoing,30,bottom,-2,1,s,1.3668890924500843e-06,3.916431996896805e-06,-1.9355895217042767e-06,1.6853186594882002e-06,0.23633021357832082,0.9095181214967073,0.25984112684793426,7.268804448471864e-10,2.7825122943269296e-10
CHEBTT_CONDITIONAL_CORE_CONTROL_PRODUCER,total,31,bottom,-2,1,p,-4.5117802518200116e-05,-6.689312230829819e-06,3.630225008297548e-05,-0.00018832341315286793,0.2468171680393709,0.4382342339399896,0.5632083231388291,8.627654001680758e-08,1.5254830024097482e-06
CHEBTT_CONDITIONAL_CORE_CONTROL_PRODUCER,scattered,31,bottom,-2,1,p,-4.511780251820783e-05,-6.6893122308181705e-06,3.630225008296777e-05,-0.00018832341315285628,0.24681716803937093,0.2468359522790033,0.9999238999041309,8.627654001680758e-08,1.5254830024097482e-06
CHEBTT_CONDITIONAL_CORE_CONTROL_PRODUCER,outgoing,31,bottom,-2,1,p,-4.5117802518200116e-05,-6.689312230829819e-06,3.630225008297548e-05,-0.00018832341315286793,0.24681716803937087,0.9130801710515086,0.27031270184647066,8.627654001680758e-08,1.5254830024097482e-06
CHEBTT_CONDITIONAL_CORE_CONTROL_PRODUCER,boundary_outgoing,31,bottom,-2,1,p,-1.185934655987577e-05,-4.360857011313964e-05,0.00018535452531684516,-4.189471985896257e-05,0.23633021357832082,0.9095181214967073,0.25984112684793426,8.627654001680758e-08,1.5254830024097482e-06
CHEBTT_CONDITIONAL_CORE_CONTROL_PRODUCER,total,32,bottom,-1,-1,s,-4.123203569026516e-05,-1.6771011405760126e-06,-0.00033718347041335526,-1.6668060240140516e-05,0.2468171680393709,0.4382342339399896,0.5632083231388291,5.157140828703892e-08,3.4515489579344382e-06
CHEBTT_CONDITIONAL_CORE_CONTROL_PRODUCER,scattered,32,bottom,-1,-1,s,-4.1232035690265245e-05,-1.6771011405716857e-06,-0.00033718347041335536,-1.666806024013619e-05,0.24681716803937093,0.2468359522790033,0.9999238999041309,5.157140828703892e-08,3.4515489579344382e-06
CHEBTT_CONDITIONAL_CORE_CONTROL_PRODUCER,outgoing,32,bottom,-1,-1,s,-4.123203569026516e-05,-1.6771011405760126e-06,-0.00033718347041335526,-1.6668060240140516e-05,0.24681716803937087,0.9130801710515086,0.27031270184647066,5.157140828703892e-08,3.4515489579344382e-06
CHEBTT_CONDITIONAL_CORE_CONTROL_PRODUCER,boundary_outgoing,32,bottom,-1,-1,s,-2.5587254390345422e-05,-3.171749487303565e-05,-0.00020705147255067278,-0.00026129824663100645,0.23633021357832082,0.9095181214967073,0.25984112684793426,5.157140828703892e-08,3.4515489579344382e-06
CHEBTT_CONDITIONAL_CORE_CONTROL_PRODUCER,total,33,bottom,-1,-1,p,3.6377846688284446e-05,8.753516044261082e-06,0.0002479992366175502,8.609260274623294e-06,0.2468171680393709,0.4382342339399896,0.5632083231388291,4.2397553707860365e-08,1.8648558637476027e-06
CHEBTT_CONDITIONAL_CORE_CONTROL_PRODUCER,scattered,33,bottom,-1,-1,p,3.637784668826698e-05,8.753516044252993e-06,0.00024799923661753275,8.609260274615205e-06,0.24681716803937093,0.2468359522790033,0.9999238999041309,4.2397553707860365e-08,1.8648558637476027e-06
CHEBTT_CONDITIONAL_CORE_CONTROL_PRODUCER,outgoing,33,bottom,-1,-1,p,3.6377846688284446e-05,8.753516044261082e-06,0.0002479992366175502,8.609260274623294e-06,0.24681716803937087,0.9130801710515086,0.27031270184647066,4.2397553707860365e-08,1.8648558637476027e-06
CHEBTT_CONDITIONAL_CORE_CONTROL_PRODUCER,boundary_outgoing,33,bottom,-1,-1,p,1.717207307942161e-05,3.271711623574193e-05,0.00015499807170421564,0.00018981004150854804,0.23633021357832082,0.9095181214967073,0.25984112684793426,4.2397553707860365e-08,1.8648558637476027e-06
CHEBTT_CONDITIONAL_CORE_CONTROL_PRODUCER,total,34,bottom,-1,0,s,-0.0005848546931758935,-0.0009620174076855054,-0.0011348134234953988,-0.0008861976207941805,0.2468171680393709,0.4382342339399896,0.5632083231388291,6.141839215511798e-05,0.00010045454435778903
CHEBTT_CONDITIONAL_CORE_CONTROL_PRODUCER,scattered,34,bottom,-1,0,s,-0.0005848546931759078,-0.0009620174076854949,-0.0011348134234954131,-0.00088619762079417,0.24681716803937093,0.2468359522790033,0.9999238999041309,6.141839215511798e-05,0.00010045454435778903
CHEBTT_CONDITIONAL_CORE_CONTROL_PRODUCER,outgoing,34,bottom,-1,0,s,-0.0005848546931758935,-0.0009620174076855054,-0.0011348134234953988,-0.0008861976207941805,0.24681716803937087,0.9130801710515086,0.27031270184647066,6.141839215511798e-05,0.00010045454435778903
CHEBTT_CONDITIONAL_CORE_CONTROL_PRODUCER,boundary_outgoing,34,bottom,-1,0,s,0.0008038338468515368,-0.0007755537988011567,0.0006107069086373302,-0.0012913701554319347,0.23633021357832082,0.9095181214967073,0.25984112684793426,6.141839215511798e-05,0.00010045454435778903
CHEBTT_CONDITIONAL_CORE_CONTROL_PRODUCER,total,35,bottom,-1,0,p,9.638680801714139e-08,-1.5241353424248699e-06,-4.465027736885759e-16,-2.0865938982257457e-16,0.2468171680393709,0.4382342339399896,0.5632083231388291,1.1301076947636483e-10,1.1769907587313279e-29
CHEBTT_CONDITIONAL_CORE_CONTROL_PRODUCER,scattered,35,bottom,-1,0,p,9.638680801714139e-08,-1.5241353424248699e-06,-4.465027736885759e-16,-2.0865938982257457e-16,0.24681716803937093,0.2468359522790033,0.9999238999041309,1.1301076947636483e-10,1.1769907587313279e-29
CHEBTT_CONDITIONAL_CORE_CONTROL_PRODUCER,outgoing,35,bottom,-1,0,p,9.638680801714139e-08,-1.5241353424248699e-06,-4.465027736885759e-16,-2.0865938982257457e-16,0.24681716803937087,0.9130801710515086,0.27031270184647066,1.1301076947636483e-10,1.1769907587313279e-29
CHEBTT_CONDITIONAL_CORE_CONTROL_PRODUCER,boundary_outgoing,35,bottom,-1,0,p,1.496248740224945e-06,-2.385423343882913e-07,1.0475495179447351e-16,-4.776152653530708e-16,0.23633021357832082,0.9095181214967073,0.25984112684793426,1.1301076947636483e-10,1.1769907587313279e-29
CHEBTT_CONDITIONAL_CORE_CONTROL_PRODUCER,total,36,bottom,-1,1,s,-3.995193441656362e-05,-1.171055907182408e-06,-0.00033718347041209904,-1.6668060241286416e-05,0.2468171680393709,0.4382342339399896,0.5632083231388291,4.838047377948626e-08,3.4515489579099395e-06
CHEBTT_CONDITIONAL_CORE_CONTROL_PRODUCER,scattered,36,bottom,-1,1,s,-3.9951934416562034e-05,-1.1710559071844191e-06,-0.00033718347041209747,-1.666806024128843e-05,0.24681716803937093,0.2468359522790033,0.9999238999041309,4.838047377948626e-08,3.4515489579099395e-06
CHEBTT_CONDITIONAL_CORE_CONTROL_PRODUCER,outgoing,36,bottom,-1,1,s,-3.995193441656362e-05,-1.171055907182408e-06,-0.00033718347041209904,-1.6668060241286416e-05,0.24681716803937087,0.9130801710515086,0.27031270184647066,4.838047377948626e-08,3.4515489579099395e-06
CHEBTT_CONDITIONAL_CORE_CONTROL_PRODUCER,boundary_outgoing,36,bottom,-1,1,s,-2.5130067895869894e-05,-3.0437345473897933e-05,-0.00020705147254900414,-0.0002612982466308191,0.23633021357832082,0.9095181214967073,0.25984112684793426,4.838047377948626e-08,3.4515489579099395e-06
CHEBTT_CONDITIONAL_CORE_CONTROL_PRODUCER,total,37,bottom,-1,1,p,-3.7299957849628996e-05,-7.885565981802166e-06,-0.000247999236616804,-8.609260275602887e-06,0.2468171680393709,0.4382342339399896,0.5632083231388291,4.401769482773231e-08,1.8648558637369045e-06
CHEBTT_CONDITIONAL_CORE_CONTROL_PRODUCER,scattered,37,bottom,-1,1,p,-3.729995784962276e-05,-7.885565981797922e-06,-0.00024799923661679776,-8.609260275598644e-06,0.24681716803937093,0.2468359522790033,0.9999238999041309,4.401769482773231e-08,1.8648558637369045e-06
CHEBTT_CONDITIONAL_CORE_CONTROL_PRODUCER,outgoing,37,bottom,-1,1,p,-3.7299957849628996e-05,-7.885565981802166e-06,-0.000247999236616804,-8.609260275602887e-06,0.24681716803937087,0.9130801710515086,0.27031270184647066,4.401769482773231e-08,1.8648558637369045e-06
CHEBTT_CONDITIONAL_CORE_CONTROL_PRODUCER,boundary_outgoing,37,bottom,-1,1,p,-1.8416854546969575e-05,-3.2837192105976937e-05,-0.0001549980717030024,-0.00018981004150863128,0.23633021357832082,0.9095181214967073,0.25984112684793426,4.401769482773231e-08,1.8648558637369045e-06
CHEBTT_CONDITIONAL_CORE_CONTROL_PRODUCER,total,38,bottom,0,0,s,0.1186053546794498,-0.24705894919084273,0.07718950242782177,-0.12447475436113979,0.2468171680393709,0.4382342339399896,0.5632083231388291,0.11319617554487316,0.032331984498269135
CHEBTT_CONDITIONAL_CORE_CONTROL_PRODUCER,scattered,38,bottom,0,0,s,-0.00019169333535365925,-1.0309418117487367e-05,-0.041607545586981674,0.12257388541158544,0.24681716803937093,0.2468359522790033,0.9999238999041309,0.11319617554487316,0.032331984498269135
CHEBTT_CONDITIONAL_CORE_CONTROL_PRODUCER,outgoing,38,bottom,0,0,s,0.1186053546794498,-0.24705894919084273,0.07718950242782177,-0.12447475436113979,0.24681716803937087,0.9130801710515086,0.27031270184647066,0.11319617554487316,0.032331984498269135
CHEBTT_CONDITIONAL_CORE_CONTROL_PRODUCER,boundary_outgoing,38,bottom,0,0,s,0.111088410621074,-0.20008839615191165,0.07050175899447489,-0.09994772920440079,0.23633021357832082,0.9095181214967073,0.25984112684793426,0.11319617554487316,0.032331984498269135
CHEBTT_CONDITIONAL_CORE_CONTROL_PRODUCER,total,39,bottom,0,0,p,7.631974543684221e-07,4.991830766694441e-07,2.4167599005431038e-15,5.725178855579965e-15,0.2468171680393709,0.4382342339399896,0.5632083231388291,1.2534401028781348e-12,5.820430999983165e-29
CHEBTT_CONDITIONAL_CORE_CONTROL_PRODUCER,scattered,39,bottom,0,0,p,7.631974546174802e-07,4.991830769110561e-07,2.6658179463359154e-15,5.966790876859179e-15,0.24681716803937093,0.2468359522790033,0.9999238999041309,1.2534401028781348e-12,5.820430999983165e-29
CHEBTT_CONDITIONAL_CORE_CONTROL_PRODUCER,outgoing,39,bottom,0,0,p,7.631974543684221e-07,4.991830766694441e-07,2.4167599005431038e-15,5.725178855579965e-15,0.24681716803937087,0.9130801710515086,0.27031270184647066,1.2534401028781348e-12,5.820430999983165e-29
CHEBTT_CONDITIONAL_CORE_CONTROL_PRODUCER,boundary_outgoing,39,bottom,0,0,p,6.115327493139731e-07,4.538676908064694e-07,1.7315585978917311e-15,4.892126973773713e-15,0.23633021357832082,0.9095181214967073,0.25984112684793426,1.2534401028781348e-12,5.820430999983165e-29
