implementation,degree,local_mode_index,mode_key,quantity,direction,numerator,reference_norm,denominator,near_zero,relative
analytic,4,0,"[-142, 0, ""bottom"", ""s"", 0.21153846153846154]",B,-1,2.0263578573264487e-15,0.5636817769590136,0.5636817769590136,False,3.594861391933537e-15
analytic,4,0,"[-142, 0, ""bottom"", ""s"", 0.21153846153846154]",D,-1,1.4708746618122771e-15,0.40917623837845024,0.40917623837845024,False,3.59472159879395e-15
analytic,4,0,"[-142, 0, ""bottom"", ""s"", 0.21153846153846154]",H,-1,0.0,1250.0,1250.0,False,0.0
analytic,4,0,"[-142, 0, ""bottom"", ""s"", 0.21153846153846154]",forward,0,2.0039622902143636e-16,0.0566821635498898,0.0566821635498898,False,3.5354371899557806e-15
analytic,4,0,"[-142, 0, ""bottom"", ""s"", 0.21153846153846154]",forward,1,5.721958498152797e-17,0.022459378536059484,0.022459378536059484,False,2.5476922653785587e-15
analytic,4,0,"[-142, 0, ""bottom"", ""s"", 0.21153846153846154]",forward,2,1.0380838064411855e-16,0.029394004396249975,0.029394004396249975,False,3.5316175109969774e-15
analytic,4,0,"[-142, 0, ""bottom"", ""s"", 0.21153846153846154]",projection,0,2.2061915819741345e-19,0.0009264436722664739,0.0009264436722664739,False,2.381355335480736e-16
analytic,4,0,"[-142, 0, ""bottom"", ""s"", 0.21153846153846154]",projection,1,2.710505431213761e-20,0.0009153728572841196,0.0009153728572841196,False,2.961094388636057e-17
analytic,4,0,"[-142, 0, ""bottom"", ""s"", 0.21153846153846154]",projection,2,1.0842021724855044e-19,0.0009141145621350159,0.0009141145621350159,False,1.186068155345026e-16
analytic,4,1,"[-142, 0, ""bottom"", ""p"", 0.21153846153846154]",B,-1,4.57790283344497e-13,124.58480803120176,124.58480803120176,False,3.674527340683828e-15
analytic,4,1,"[-142, 0, ""bottom"", ""p"", 0.21153846153846154]",D,-1,7.685438196903496e-15,2.13022275786603,2.13022275786603,False,3.6078096379941285e-15
analytic,4,1,"[-142, 0, ""bottom"", ""p"", 0.21153846153846154]",H,-1,0.0,29.44377804032904,29.44377804032904,False,0.0
analytic,4,1,"[-142, 0, ""bottom"", ""p"", 0.21153846153846154]",forward,0,2.0688314210901167e-14,6.432580452955183,6.432580452955183,False,3.2161765192375908e-15
analytic,4,1,"[-142, 0, ""bottom"", ""p"", 0.21153846153846154]",forward,1,3.344554923459017e-14,8.501171363742397,8.501171363742397,False,3.934228332019733e-15
analytic,4,1,"[-142, 0, ""bottom"", ""p"", 0.21153846153846154]",forward,2,7.381104677948019e-15,2.402485444612475,2.402485444612475,False,3.072278624829964e-15
analytic,4,1,"[-142, 0, ""bottom"", ""p"", 0.21153846153846154]",projection,0,9.813077866773595e-18,0.043409806405787274,0.043409806405787274,False,2.2605670652024247e-16
analytic,4,1,"[-142, 0, ""bottom"", ""p"", 0.21153846153846154]",projection,1,1.4821483875836085e-17,0.04245446378911823,0.04245446378911823,False,3.4911485278575286e-16
analytic,4,1,"[-142, 0, ""bottom"", ""p"", 0.21153846153846154]",projection,2,6.938893903907228e-18,0.04678609241529945,0.04678609241529945,False,1.4831103744065086e-16
analytic,4,2,"[-142, 0, ""top"", ""s"", 0.21153846153846154]",B,-1,3.0247462701695766e-16,0.5636817769590133,0.5636817769590133,False,5.366052964294273e-16
analytic,4,2,"[-142, 0, ""top"", ""s"", 0.21153846153846154]",D,-1,2.1231984736510917e-16,0.40917623837845013,0.40917623837845013,False,5.188958386403977e-16
analytic,4,2,"[-142, 0, ""top"", ""s"", 0.21153846153846154]",H,-1,0.0,1250.0,1250.0,False,0.0
analytic,4,2,"[-142, 0, ""top"", ""s"", 0.21153846153846154]",forward,0,2.0888836804026048e-17,0.02520466377947018,0.02520466377947018,False,8.287687146630585e-16
analytic,4,2,"[-142, 0, ""top"", ""s"", 0.21153846153846154]",forward,1,1.4770638155225948e-17,0.00912605771412692,0.00912605771412692,False,1.618512463751062e-15
analytic,4,2,"[-142, 0, ""top"", ""s"", 0.21153846153846154]",forward,2,1.5515838457795457e-17,0.036182744325011486,0.036182744325011486,False,4.2881872968021563e-16
analytic,4,2,"[-142, 0, ""top"", ""s"", 0.21153846153846154]",projection,0,0.0,0.0005406070822691982,0.0005406070822691982,False,0.0
analytic,4,2,"[-142, 0, ""top"", ""s"", 0.21153846153846154]",projection,1,0.0,0.000552630212167833,0.000552630212167833,False,0.0
analytic,4,2,"[-142, 0, ""top"", ""s"", 0.21153846153846154]",projection,2,0.0,0.0005668192528831565,0.0005668192528831565,False,0.0
analytic,4,3,"[-142, 0, ""top"", ""p"", 0.21153846153846154]",B,-1,1.2349193908807408e-13,124.58480803120177,124.58480803120177,False,9.91227911649918e-16
analytic,4,3,"[-142, 0, ""top"", ""p"", 0.21153846153846154]",D,-1,2.072767357891147e-15,2.13022275786603,2.13022275786603,False,9.730284545300606e-16
analytic,4,3,"[-142, 0, ""top"", ""p"", 0.21153846153846154]",H,-1,0.0,29.44377804032904,29.44377804032904,False,0.0
analytic,4,3,"[-142, 0, ""top"", ""p"", 0.21153846153846154]",forward,0,6.2803698347351005e-15,1.8858970723305175,1.8858970723305175,False,3.33017635314215e-15
analytic,4,3,"[-142, 0, ""top"", ""p"", 0.21153846153846154]",forward,1,9.325873406851315e-15,5.03187906104871,5.03187906104871,False,1.8533580186857035e-15
analytic,4,3,"[-142, 0, ""top"", ""p"", 0.21153846153846154]",forward,2,5.4025784115714076e-15,7.967524237895385,7.967524237895385,False,6.780749264464734e-16
analytic,4,3,"[-142, 0, ""top"", ""p"", 0.21153846153846154]",projection,0,1.3877787807814457e-17,0.08709440114909989,0.08709440114909989,False,1.5934190515939821e-16
analytic,4,3,"[-142, 0, ""top"", ""p"", 0.21153846153846154]",projection,1,5.637851296924623e-18,0.07764310783407886,0.07764310783407886,False,7.26123857506136e-17
analytic,4,3,"[-142, 0, ""top"", ""p"", 0.21153846153846154]",projection,2,2.7755575615628914e-17,0.08017989362790634,0.08017989362790634,False,3.461662813427415e-16
analytic,4,4,"[-71, 35, ""bottom"", ""s"", 0.21153846153846154]",B,-1,6.188106709772831e-16,0.4453838401467848,0.4453838401467848,False,1.3893873445730365e-15
analytic,4,4,"[-71, 35, ""bottom"", ""s"", 0.21153846153846154]",D,-1,3.483054675174827e-16,0.24945523765283184,0.24945523765283184,False,1.3962643991553356e-15
analytic,4,4,"[-71, 35, ""bottom"", ""s"", 0.21153846153846154]",H,-1,0.0,1249.9999999999998,1249.9999999999998,False,0.0
analytic,4,4,"[-71, 35, ""bottom"", ""s"", 0.21153846153846154]",forward,0,2.7755575615628914e-17,0.020556825726433792,0.020556825726433792,False,1.3501878152295823e-15
analytic,4,4,"[-71, 35, ""bottom"", ""s"", 0.21153846153846154]",forward,1,4.3885418357208765e-17,0.03659366581328725,0.03659366581328725,False,1.1992626970232063e-15
analytic,4,4,"[-71, 35, ""bottom"", ""s"", 0.21153846153846154]",forward,2,1.5515838457795457e-17,0.017396597243819117,0.017396597243819117,False,8.918892723867662e-16
analytic,4,4,"[-71, 35, ""bottom"", ""s"", 0.21153846153846154]",projection,0,0.0,0.0010597151666386173,0.0010597151666386173,False,0.0
analytic,4,4,"[-71, 35, ""bottom"", ""s"", 0.21153846153846154]",projection,1,0.0,0.0010607788980815526,0.0010607788980815526,False,0.0
analytic,4,4,"[-71, 35, ""bottom"", ""s"", 0.21153846153846154]",projection,2,0.0,0.0010556063150942588,0.0010556063150942588,False,0.0
analytic,4,5,"[-71, 35, ""bottom"", ""p"", 0.21153846153846154]",B,-1,1.207519091538808e-15,0.9067385714304235,0.9067385714304235,False,1.3317169133258431e-15
analytic,4,5,"[-71, 35, ""bottom"", ""p"", 0.21153846153846154]",D,-1,2.696828347542444e-17,0.020093716115496013,0.020093716115496013,False,1.3421252355917804e-15
analytic,4,5,"[-71, 35, ""bottom"", ""p"", 0.21153846153846154]",H,-1,0.0,49.457255576697435,49.457255576697435,False,0.0
analytic,4,5,"[-71, 35, ""bottom"", ""p"", 0.21153846153846154]",forward,0,1.1548621071314795e-16,0.08157241433256672,0.08157241433256672,False,1.4157507983313618e-15
analytic,4,5,"[-71, 35, ""bottom"", ""p"", 0.21153846153846154]",forward,1,1.0270090413943892e-16,0.07368716979404231,0.07368716979404231,False,1.3937420099929309e-15
analytic,4,5,"[-71, 35, ""bottom"", ""p"", 0.21153846153846154]",forward,2,4.347204570675246e-17,0.04081523494508285,0.04081523494508285,False,1.0650936045142057e-15
analytic,4,5,"[-71, 35, ""bottom"", ""p"", 0.21153846153846154]",projection,0,0.0,0.035399067974125585,0.035399067974125585,False,0.0
analytic,4,5,"[-71, 35, ""bottom"", ""p"", 0.21153846153846154]",projection,1,0.0,0.035374358797478,0.035374358797478,False,0.0
analytic,4,5,"[-71, 35, ""bottom"", ""p"", 0.21153846153846154]",projection,2,0.0,0.035383777807442486,0.035383777807442486,False,0.0
analytic,4,6,"[-71, 35, ""top"", ""s"", 0.21153846153846154]",B,-1,1.390751018504552e-15,0.44538384014678517,0.44538384014678517,False,3.122589759983663e-15
analytic,4,6,"[-71, 35, ""top"", ""s"", 0.21153846153846154]",D,-1,7.806857451052241e-16,0.24945523765283206,0.24945523765283206,False,3.1295624515677954e-15
analytic,4,6,"[-71, 35, ""top"", ""s"", 0.21153846153846154]",H,-1,0.0,1249.9999999999998,1249.9999999999998,False,0.0
analytic,4,6,"[-71, 35, ""top"", ""s"", 0.21153846153846154]",forward,0,9.020562075079397e-17,0.033878638295872815,0.033878638295872815,False,2.6626105796519885e-15
analytic,4,6,"[-71, 35, ""top"", ""s"", 0.21153846153846154]",forward,1,1.2533302082415627e-16,0.042911645347806386,0.042911645347806386,False,2.9207227970009127e-15
analytic,4,6,"[-71, 35, ""top"", ""s"", 0.21153846153846154]",forward,2,9.825719394846134e-17,0.026019177402822287,0.026019177402822287,False,3.776337446310022e-15
analytic,4,6,"[-71, 35, ""top"", ""s"", 0.21153846153846154]",projection,0,1.21217487951527e-19,0.000937851528064197,0.000937851528064197,False,1.2925018974136546e-16
analytic,4,6,"[-71, 35, ""top"", ""s"", 0.21153846153846154]",projection,1,0.0,0.0009256881463810606,0.0009256881463810606,False,0.0
analytic,4,6,"[-71, 35, ""top"", ""s"", 0.21153846153846154]",projection,2,1.21217487951527e-19,0.0009489172376934674,0.0009489172376934674,False,1.2774295074054117e-16
analytic,4,7,"[-71, 35, ""top"", ""p"", 0.21153846153846154]",B,-1,2.8034557441417588e-15,0.9067385714304235,0.9067385714304235,False,3.091801575970429e-15
analytic,4,7,"[-71, 35, ""top"", ""p"", 0.21153846153846154]",D,-1,6.163483461228333e-17,0.020093716115496013,0.020093716115496013,False,3.0673686369417423e-15
analytic,4,7,"[-71, 35, ""top"", ""p"", 0.21153846153846154]",H,-1,0.0,49.457255576697435,49.457255576697435,False,0.0
analytic,4,7,"[-71, 35, ""top"", ""p"", 0.21153846153846154]",forward,0,9.140795285775094e-18,0.002745241945273999,0.002745241945273999,False,3.329686587920309e-15
analytic,4,7,"[-71, 35, ""top"", ""p"", 0.21153846153846154]",forward,1,1.8388068845354155e-16,0.06054429998549099,0.06054429998549099,False,3.0371263438111803e-15
analytic,4,7,"[-71, 35, ""top"", ""p"", 0.21153846153846154]",forward,2,7.650504213196888e-17,0.026970418909332224,0.026970418909332224,False,2.8366278769773513e-15
analytic,4,7,"[-71, 35, ""top"", ""p"", 0.21153846153846154]",projection,0,0.0,0.04273688150332002,0.04273688150332002,False,0.0
analytic,4,7,"[-71, 35, ""top"", ""p"", 0.21153846153846154]",projection,1,0.0,0.04274207593022784,0.04274207593022784,False,0.0
analytic,4,7,"[-71, 35, ""top"", ""p"", 0.21153846153846154]",projection,2,0.0,0.04273774267850937,0.04273774267850937,False,0.0
analytic,4,8,"[-70, 1, ""bottom"", ""s"", 0.21153846153846154]",B,-1,2.4073705103798283e-13,89.31887653444578,89.31887653444578,False,2.6952539080039e-15
analytic,4,8,"[-70, 1, ""bottom"", ""s"", 0.21153846153846154]",D,-1,2.6848179958090524e-14,9.956744405189621,9.956744405189621,False,2.6964817881733315e-15
analytic,4,8,"[-70, 1, ""bottom"", ""s"", 0.21153846153846154]",H,-1,0.0,1249.9999999999998,1249.9999999999998,False,0.0
analytic,4,8,"[-70, 1, ""bottom"", ""s"", 0.21153846153846154]",forward,0,1.6091724337024826e-14,5.657918094482106,5.657918094482106,False,2.8441069786284653e-15
analytic,4,8,"[-70, 1, ""bottom"", ""s"", 0.21153846153846154]",forward,1,1.983115968983845e-15,1.441623613621366,1.441623613621366,False,1.3756128508482512e-15
analytic,4,8,"[-70, 1, ""bottom"", ""s"", 0.21153846153846154]",forward,2,5.443490401604861e-15,2.1004745153596147,2.1004745153596147,False,2.5915527000206906e-15
analytic,4,8,"[-70, 1, ""bottom"", ""s"", 0.21153846153846154]",projection,0,6.85709661831387e-19,0.0019754494793869544,0.0019754494793869544,False,3.471157673159957e-16
analytic,4,8,"[-70, 1, ""bottom"", ""s"", 0.21153846153846154]",projection,1,8.940560153363745e-19,0.002118449264854947,0.002118449264854947,False,4.2203324392457973e-16
analytic,4,8,"[-70, 1, ""bottom"", ""s"", 0.21153846153846154]",projection,2,4.84869951806108e-19,0.0019790233046861464,0.0019790233046861464,False,2.450046700602162e-16
analytic,4,9,"[-70, 1, ""bottom"", ""p"", 0.21153846153846154]",B,-1,1.6939733746734857e-13,63.417172128718626,63.417172128718626,False,2.6711588010187634e-15
analytic,4,9,"[-70, 1, ""bottom"", ""p"", 0.21153846153846154]",D,-1,1.8795972105258726e-14,7.06104710406974,7.06104710406974,False,2.661924191728644e-15
analytic,4,9,"[-70, 1, ""bottom"", ""p"", 0.21153846153846154]",H,-1,0.0,1248.5275862462233,1248.5275862462233,False,0.0
analytic,4,9,"[-70, 1, ""bottom"", ""p"", 0.21153846153846154]",forward,0,1.2250746394334408e-14,4.6134213173847325,4.6134213173847325,False,2.6554579674243024e-15
analytic,4,9,"[-70, 1, ""bottom"", ""p"", 0.21153846153846154]",forward,1,2.0640876831032096e-15,1.2519772619892917,1.2519772619892917,False,1.6486622766802805e-15
analytic,4,9,"[-70, 1, ""bottom"", ""p"", 0.21153846153846154]",forward,2,3.580361673049448e-15,1.0857376466103652,1.0857376466103652,False,3.2976305871194675e-15
analytic,4,9,"[-70, 1, ""bottom"", ""p"", 0.21153846153846154]",projection,0,5.587850095852341e-19,0.000439548462349831,0.000439548462349831,False,1.2712705365819349e-15
analytic,4,9,"[-70, 1, ""bottom"", ""p"", 0.21153846153846154]",projection,1,6.555838024382534e-19,0.00046568871090962144,0.00046568871090962144,False,1.4077725894572648e-15
analytic,4,9,"[-70, 1, ""bottom"", ""p"", 0.21153846153846154]",projection,2,3.030437198788175e-19,0.0003679156363940254,0.0003679156363940254,False,8.236771963512521e-16
analytic,4,10,"[-70, 1, ""top"", ""s"", 0.21153846153846154]",B,-1,9.911599079811468e-12,89.31887653444578,89.31887653444578,False,1.1096869401384673e-13
analytic,4,10,"[-70, 1, ""top"", ""s"", 0.21153846153846154]",D,-1,1.1047441555611942e-12,9.956744405189621,9.956744405189621,False,1.1095435521930071e-13
analytic,4,10,"[-70, 1, ""top"", ""s"", 0.21153846153846154]",H,-1,0.0,1249.9999999999998,1249.9999999999998,False,0.0
analytic,4,10,"[-70, 1, ""top"", ""s"", 0.21153846153846154]",forward,0,4.3800908463852846e-13,3.9482526131758706,3.9482526131758706,False,1.1093745196972224e-13
analytic,4,10,"[-70, 1, ""top"", ""s"", 0.21153846153846154]",forward,1,2.7947610481572325e-13,2.5178982307562636,2.5178982307562636,False,1.1099579061691511e-13
analytic,4,10,"[-70, 1, ""top"", ""s"", 0.21153846153846154]",forward,2,8.846560248454097e-13,7.970962126352219,7.970962126352219,False,1.1098484860700978e-13
analytic,4,10,"[-70, 1, ""top"", ""s"", 0.21153846153846154]",projection,0,8.497345905402043e-17,0.0005127537835060143,0.0005127537835060143,False,1.6571980897538075e-13
analytic,4,10,"[-70, 1, ""top"", ""s"", 0.21153846153846154]",projection,1,4.860881724080236e-17,0.0014550037092082519,0.0014550037092082519,False,3.3408036648410406e-14
analytic,4,10,"[-70, 1, ""top"", ""s"", 0.21153846153846154]",projection,2,3.658712481031949e-17,0.0009313131891236525,0.0009313131891236525,False,3.928552203233293e-14
analytic,4,11,"[-70, 1, ""top"", ""p"", 0.21153846153846154]",B,-1,7.037698149571488e-12,63.417172128718626,63.417172128718626,False,1.1097464477424166e-13
analytic,4,11,"[-70, 1, ""top"", ""p"", 0.21153846153846154]",D,-1,7.836166436497128e-13,7.061047104069739,7.061047104069739,False,1.1097739925825784e-13
analytic,4,11,"[-70, 1, ""top"", ""p"", 0.21153846153846154]",H,-1,0.0,1248.5275862462233,1248.5275862462233,False,0.0
analytic,4,11,"[-70, 1, ""top"", ""p"", 0.21153846153846154]",forward,0,3.1346847769208354e-13,2.823768564488511,2.823768564488511,False,1.110106832529543e-13
analytic,4,11,"[-70, 1, ""top"", ""p"", 0.21153846153846154]",forward,1,1.7833738144008877e-13,1.5996341770351823,1.5996341770351823,False,1.114863535678048e-13
analytic,4,11,"[-70, 1, ""top"", ""p"", 0.21153846153846154]",forward,2,5.979388698881468e-13,5.37853304774782,5.37853304774782,False,1.1117136672396663e-13
analytic,4,11,"[-70, 1, ""top"", ""p"", 0.21153846153846154]",projection,0,6.012497376933453e-17,0.0005914759496683279,0.0005914759496683279,False,1.016524404805467e-13
analytic,4,11,"[-70, 1, ""top"", ""p"", 0.21153846153846154]",projection,1,3.378002736063663e-17,0.000284462929197368,0.000284462929197368,False,1.1875019165396819e-13
analytic,4,11,"[-70, 1, ""top"", ""p"", 0.21153846153846154]",projection,2,2.415831767004124e-17,0.0001891800185592088,0.0001891800185592088,False,1.277001548790961e-13
analytic,4,12,"[-142, 0, ""bottom"", ""s"", 0.14655172413793102]",B,-1,1.4340710119544191e-15,0.3969187719765802,0.3969187719765802,False,3.613008789715381e-15
analytic,4,12,"[-142, 0, ""bottom"", ""s"", 0.14655172413793102]",D,-1,1.039824798637046e-15,0.28812308060648917,0.28812308060648917,False,3.608960436103385e-15
analytic,4,12,"[-142, 0, ""bottom"", ""s"", 0.14655172413793102]",H,-1,0.0,1250.0,1250.0,False,0.0
analytic,4,12,"[-142, 0, ""bottom"", ""s"", 0.14655172413793102]",forward,0,1.5011122659325205e-16,0.042538962187882244,0.042538962187882244,False,3.5287938133105917e-15
analytic,4,12,"[-142, 0, ""bottom"", ""s"", 0.14655172413793102]",forward,1,4.690975831039126e-17,0.01363289856409369,0.01363289856409369,False,3.4409232996086486e-15
analytic,4,12,"[-142, 0, ""bottom"", ""s"", 0.14655172413793102]",forward,2,7.954350302169256e-17,0.021963681803722192,0.021963681803722192,False,3.621592396599567e-15
analytic,4,12,"[-142, 0, ""bottom"", ""s"", 0.14655172413793102]",projection,0,1.2197274440461925e-19,0.0002064621123345093,0.0002064621123345093,False,5.907754358678622e-16
analytic,4,12,"[-142, 0, ""bottom"", ""s"", 0.14655172413793102]",projection,1,1.3552527156068805e-20,0.00023941986007611972,0.00023941986007611972,False,5.660569324432817e-17
analytic,4,12,"[-142, 0, ""bottom"", ""s"", 0.14655172413793102]",projection,2,6.776263578034403e-20,0.00021201743101321375,0.00021201743101321375,False,3.196087956377549e-16
analytic,4,13,"[-142, 0, ""bottom"", ""p"", 0.14655172413793102]",B,-1,4.355516852080232e-13,119.06119040026886,119.06119040026886,False,3.65821712132856e-15
analytic,4,13,"[-142, 0, ""bottom"", ""p"", 0.14655172413793102]",D,-1,7.348468830491633e-15,2.0357767642564686,2.0357767642564686,False,3.609663377396652e-15
analytic,4,13,"[-142, 0, ""bottom"", ""p"", 0.14655172413793102]",H,-1,0.0,29.44377804032904,29.44377804032904,False,0.0
analytic,4,13,"[-142, 0, ""bottom"", ""p"", 0.14655172413793102]",forward,0,2.1541760083527534e-14,6.327291877885531,6.327291877885531,False,3.4045782143886822e-15
analytic,4,13,"[-142, 0, ""bottom"", ""p"", 0.14655172413793102]",forward,1,3.00540469234687e-14,7.958088988671431,7.958088988671431,False,3.776540695417141e-15
analytic,4,13,"[-142, 0, ""bottom"", ""p"", 0.14655172413793102]",forward,2,3.062686598583602e-15,1.5583736144216802,1.5583736144216802,False,1.9653095831709006e-15
analytic,4,13,"[-142, 0, ""bottom"", ""p"", 0.14655172413793102]",projection,0,6.952433221959954e-18,0.01923076665461297,0.01923076665461297,False,3.615265759720631e-16
analytic,4,13,"[-142, 0, ""bottom"", ""p"", 0.14655172413793102]",projection,1,1.0152208857194486e-17,0.017986162163120763,0.017986162163120763,False,5.644455312435027e-16
analytic,4,13,"[-142, 0, ""bottom"", ""p"", 0.14655172413793102]",projection,2,5.553824967135427e-18,0.01806341274179408,0.01806341274179408,False,3.0746266204089487e-16
analytic,4,14,"[-142, 0, ""top"", ""s"", 0.14655172413793102]",B,-1,1.1915736714707875e-16,0.39691877197658004,0.39691877197658004,False,3.0020592514105015e-16
analytic,4,14,"[-142, 0, ""top"", ""s"", 0.14655172413793102]",D,-1,8.755632483987309e-17,0.28812308060648906,0.28812308060648906,False,3.0388514747090053e-16
analytic,4,14,"[-142, 0, ""top"", ""s"", 0.14655172413793102]",H,-1,0.0,1250.0,1250.0,False,0.0
analytic,4,14,"[-142, 0, ""top"", ""s"", 0.14655172413793102]",forward,0,6.345130535746554e-18,0.016022375928917306,0.016022375928917306,False,3.96016830705789e-16
analytic,4,14,"[-142, 0, ""top"", ""s"", 0.14655172413793102]",forward,1,6.619851161367216e-18,0.009330705853206119,0.009330705853206119,False,7.094694941104132e-16
analytic,4,14,"[-142, 0, ""top"", ""s"", 0.14655172413793102]",forward,2,7.757919228897728e-18,0.02651156646122569,0.02651156646122569,False,2.9262394737195253e-16
analytic,4,14,"[-142, 0, ""top"", ""s"", 0.14655172413793102]",projection,0,0.0,0.000308917878106037,0.000308917878106037,False,0.0
analytic,4,14,"[-142, 0, ""top"", ""s"", 0.14655172413793102]",projection,1,0.0,0.00031522597756881526,0.00031522597756881526,False,0.0
analytic,4,14,"[-142, 0, ""top"", ""s"", 0.14655172413793102]",projection,2,0.0,0.0003081673418375283,0.0003081673418375283,False,0.0
analytic,4,15,"[-142, 0, ""top"", ""p"", 0.14655172413793102]",B,-1,7.169015344746773e-14,119.06119040026887,119.06119040026887,False,6.021286466770101e-16
analytic,4,15,"[-142, 0, ""top"", ""p"", 0.14655172413793102]",D,-1,1.2219203028218971e-15,2.0357767642564686,2.0357767642564686,False,6.002231306870142e-16
analytic,4,15,"[-142, 0, ""top"", ""p"", 0.14655172413793102]",H,-1,0.0,29.44377804032904,29.44377804032904,False,0.0
analytic,4,15,"[-142, 0, ""top"", ""p"", 0.14655172413793102]",forward,0,5.129621610332541e-15,3.6419533584002823,3.6419533584002823,False,1.4084808632985108e-15
analytic,4,15,"[-142, 0, ""top"", ""p"", 0.14655172413793102]",forward,1,7.021666937153402e-15,3.6910742534476535,3.6910742534476535,False,1.9023369498987464e-15
analytic,4,15,"[-142, 0, ""top"", ""p"", 0.14655172413793102]",forward,2,2.7035697373913694e-15,7.788831577254668,7.788831577254668,False,3.4710851179353626e-16
analytic,4,15,"[-142, 0, ""top"", ""p"", 0.14655172413793102]",projection,0,6.938893903907228e-18,0.06029793270967059,0.06029793270967059,False,1.150768126217098e-16
analytic,4,15,"[-142, 0, ""top"", ""p"", 0.14655172413793102]",projection,1,1.3877787807814457e-17,0.05068840000542031,0.05068840000542031,False,2.737862668052345e-16
analytic,4,15,"[-142, 0, ""top"", ""p"", 0.14655172413793102]",projection,2,0.0,0.05801248906849584,0.05801248906849584,False,0.0
analytic,4,16,"[-71, 35, ""bottom"", ""s"", 0.14655172413793102]",B,-1,5.667679395309896e-16,0.44538313880710934,0.44538313880710934,False,1.272540179785411e-15
analytic,4,16,"[-71, 35, ""bottom"", ""s"", 0.14655172413793102]",D,-1,3.160254911357409e-16,0.24945484483917393,0.24945484483917393,False,1.2668645154576401e-15
analytic,4,16,"[-71, 35, ""bottom"", ""s"", 0.14655172413793102]",H,-1,0.0,1249.9999999999998,1249.9999999999998,False,0.0
analytic,4,16,"[-71, 35, ""bottom"", ""s"", 0.14655172413793102]",forward,0,2.5018537765542006e-17,0.02055289570798548,0.02055289570798548,False,1.2172755664702505e-15
analytic,4,16,"[-71, 35, ""bottom"", ""s"", 0.14655172413793102]",forward,1,5.135045206971946e-17,0.036632681013321816,0.036632681013321816,False,1.4017661456731869e-15
analytic,4,16,"[-71, 35, ""bottom"", ""s"", 0.14655172413793102]",forward,2,2.6251129656189234e-17,0.017321030844854556,0.017321030844854556,False,1.5155639344633742e-15
analytic,4,16,"[-71, 35, ""bottom"", ""s"", 0.14655172413793102]",projection,0,0.0,0.0005471187960153916,0.0005471187960153916,False,0.0
analytic,4,16,"[-71, 35, ""bottom"", ""s"", 0.14655172413793102]",projection,1,0.0,0.0005560698136445076,0.0005560698136445076,False,0.0
analytic,4,16,"[-71, 35, ""bottom"", ""s"", 0.14655172413793102]",projection,2,0.0,0.0005501743279619475,0.0005501743279619475,False,0.0
analytic,4,17,"[-71, 35, ""bottom"", ""p"", 0.14655172413793102]",B,-1,8.928060816916857e-16,0.6282533314780935,0.6282533314780935,False,1.4210924748957212e-15
analytic,4,17,"[-71, 35, ""bottom"", ""p"", 0.14655172413793102]",D,-1,1.944600712349294e-17,0.013922363610737933,0.013922363610737933,False,1.3967461034055147e-15
analytic,4,17,"[-71, 35, ""bottom"", ""p"", 0.14655172413793102]",H,-1,0.0,49.457255576697435,49.457255576697435,False,0.0
analytic,4,17,"[-71, 35, ""bottom"", ""p"", 0.14655172413793102]",forward,0,7.850462293418876e-17,0.056311634132609915,0.056311634132609915,False,1.3941101895447737e-15
analytic,4,17,"[-71, 35, ""bottom"", ""p"", 0.14655172413793102]",forward,1,7.05981306231723e-17,0.05103067877791223,0.05103067877791223,False,1.3834448671635054e-15
analytic,4,17,"[-71, 35, ""bottom"", ""p"", 0.14655172413793102]",forward,2,4.579801393138379e-17,0.028167410389330575,0.028167410389330575,False,1.6259220602235926e-15
analytic,4,17,"[-71, 35, ""bottom"", ""p"", 0.14655172413793102]",projection,0,0.0,0.02309644693897435,0.02309644693897435,False,0.0
analytic,4,17,"[-71, 35, ""bottom"", ""p"", 0.14655172413793102]",projection,1,0.0,0.023077762248364626,0.023077762248364626,False,0.0
analytic,4,17,"[-71, 35, ""bottom"", ""p"", 0.14655172413793102]",projection,2,0.0,0.023091369790414363,0.023091369790414363,False,0.0
analytic,4,18,"[-71, 35, ""top"", ""s"", 0.14655172413793102]",B,-1,1.334804197513978e-15,0.44538313880710984,0.44538313880710984,False,2.9969796366540627e-15
analytic,4,18,"[-71, 35, ""top"", ""s"", 0.14655172413793102]",D,-1,7.519935853904402e-16,0.2494548448391742,0.2494548448391742,False,3.014547927001607e-15
analytic,4,18,"[-71, 35, ""top"", ""s"", 0.14655172413793102]",H,-1,0.0,1249.9999999999998,1249.9999999999998,False,0.0
analytic,4,18,"[-71, 35, ""top"", ""s"", 0.14655172413793102]",forward,0,1.0270090413943892e-16,0.033862037791934606,0.033862037791934606,False,3.0329215498040885e-15
analytic,4,18,"[-71, 35, ""top"", ""s"", 0.14655172413793102]",forward,1,1.193812447098184e-16,0.04293718848798999,0.04293718848798999,False,2.7803693933805348e-15
analytic,4,18,"[-71, 35, ""top"", ""s"", 0.14655172413793102]",forward,2,9.597583973135935e-17,0.02603774321184673,0.02603774321184673,False,3.686027585051687e-15
analytic,4,18,"[-71, 35, ""top"", ""s"", 0.14655172413793102]",projection,0,5.421010862427522e-20,0.0010799335059331731,0.0010799335059331731,False,5.0197635619641356e-17
analytic,4,18,"[-71, 35, ""top"", ""s"", 0.14655172413793102]",projection,1,5.421010862427522e-20,0.0010916675673929507,0.0010916675673929507,False,4.9658073797810324e-17
analytic,4,18,"[-71, 35, ""top"", ""s"", 0.14655172413793102]",projection,2,5.421010862427522e-20,0.0010680617443364789,0.0010680617443364789,False,5.075559433874549e-17
analytic,4,19,"[-71, 35, ""top"", ""p"", 0.14655172413793102]",B,-1,1.9833393541201666e-15,0.6282533314780934,0.6282533314780934,False,3.1569102060373618e-15
analytic,4,19,"[-71, 35, ""top"", ""p"", 0.14655172413793102]",D,-1,4.385545983916118e-17,0.013922363610737933,0.013922363610737933,False,3.150001039000065e-15
analytic,4,19,"[-71, 35, ""top"", ""p"", 0.14655172413793102]",H,-1,0.0,49.457255576697435,49.457255576697435,False,0.0
analytic,4,19,"[-71, 35, ""top"", ""p"", 0.14655172413793102]",forward,0,5.0601586632028125e-18,0.0016017740938243663,0.0016017740938243663,False,3.1590963311944138e-15
analytic,4,19,"[-71, 35, ""top"", ""p"", 0.14655172413793102]",forward,1,1.2723933587929954e-16,0.042004253303679955,0.042004253303679955,False,3.0292012325369015e-15
analytic,4,19,"[-71, 35, ""top"", ""p"", 0.14655172413793102]",forward,2,5.974731160962076e-17,0.018724463427494974,0.018724463427494974,False,3.1908690917085452e-15
analytic,4,19,"[-71, 35, ""top"", ""p"", 0.14655172413793102]",projection,0,0.0,0.009855759541270248,0.009855759541270248,False,0.0
analytic,4,19,"[-71, 35, ""top"", ""p"", 0.14655172413793102]",projection,1,0.0,0.009859491827847401,0.009859491827847401,False,0.0
analytic,4,19,"[-71, 35, ""top"", ""p"", 0.14655172413793102]",projection,2,2.168404344971009e-19,0.009838459391096751,0.009838459391096751,False,2.2040080248064976e-17
analytic,4,20,"[-70, 1, ""bottom"", ""s"", 0.14655172413793102]",B,-1,2.33326370457683e-13,89.29985325248472,89.29985325248472,False,2.6128415888655543e-15
analytic,4,20,"[-70, 1, ""bottom"", ""s"", 0.14655172413793102]",D,-1,2.612373359747178e-14,9.954623801308525,9.954623801308525,False,2.6242813509474703e-15
analytic,4,20,"[-70, 1, ""bottom"", ""s"", 0.14655172413793102]",H,-1,0.0,1249.9999999999998,1249.9999999999998,False,0.0
analytic,4,20,"[-70, 1, ""bottom"", ""s"", 0.14655172413793102]",forward,0,1.541571755377705e-14,5.758582583079472,5.758582583079472,False,2.676998607100518e-15
analytic,4,20,"[-70, 1, ""bottom"", ""s"", 0.14655172413793102]",forward,1,2.220446049250313e-16,1.4844039436434833,1.4844039436434833,False,1.4958502763070056e-16
analytic,4,20,"[-70, 1, ""bottom"", ""s"", 0.14655172413793102]",forward,2,6.2063353831181824e-15,2.0241711264815017,2.0241711264815017,False,3.066112001066971e-15
analytic,4,20,"[-70, 1, ""bottom"", ""s"", 0.14655172413793102]",projection,0,7.818293051731877e-19,0.0017303675229492297,0.0017303675229492297,False,4.51828466960962e-16
analytic,4,20,"[-70, 1, ""bottom"", ""s"", 0.14655172413793102]",projection,1,1.0228342838563028e-18,0.00160870495717675,0.00160870495717675,False,6.358122285216051e-16
analytic,4,20,"[-70, 1, ""bottom"", ""s"", 0.14655172413793102]",projection,2,4.84869951806108e-19,0.0016848823104870917,0.0016848823104870917,False,2.8777674784058617e-16
analytic,4,21,"[-70, 1, ""bottom"", ""p"", 0.14655172413793102]",B,-1,1.6569624778188267e-13,63.36911364965135,63.36911364965135,False,2.614779318170159e-15
analytic,4,21,"[-70, 1, ""bottom"", ""p"", 0.14655172413793102]",D,-1,1.8554230701373214e-14,7.05569613724083,7.05569613724083,False,2.6296810889348973e-15
analytic,4,21,"[-70, 1, ""bottom"", ""p"", 0.14655172413793102]",H,-1,0.0,1248.5275862462233,1248.5275862462233,False,0.0
analytic,4,21,"[-70, 1, ""bottom"", ""p"", 0.14655172413793102]",forward,0,1.162292691274871e-14,4.499706485969525,4.499706485969525,False,2.5830411270135076e-15
analytic,4,21,"[-70, 1, ""bottom"", ""p"", 0.14655172413793102]",forward,1,1.268796068370383e-15,1.2139624445981534,1.2139624445981534,False,1.0451691269497062e-15
analytic,4,21,"[-70, 1, ""bottom"", ""p"", 0.14655172413793102]",forward,2,3.393452566852845e-15,1.1561254813947432,1.1561254813947432,False,2.935193991883133e-15
analytic,4,21,"[-70, 1, ""bottom"", ""p"", 0.14655172413793102]",projection,0,5.838607383087711e-19,0.0011462740543806233,0.0011462740543806233,False,5.093552768445534e-16
analytic,4,21,"[-70, 1, ""bottom"", ""p"", 0.14655172413793102]",projection,1,8.467889666272201e-19,0.0009246521271211689,0.0009246521271211689,False,9.157919414122049e-16
analytic,4,21,"[-70, 1, ""bottom"", ""p"", 0.14655172413793102]",projection,2,3.4711406044596416e-19,0.0010690554570348054,0.0010690554570348054,False,3.2469228622501957e-16
analytic,4,22,"[-70, 1, ""top"", ""s"", 0.14655172413793102]",B,-1,9.916014799245558e-12,89.29985325248472,89.29985325248472,False,1.110417815716808e-13
analytic,4,22,"[-70, 1, ""top"", ""s"", 0.14655172413793102]",D,-1,1.1052989678677537e-12,9.954623801308525,9.954623801308525,False,1.1103372562632284e-13
analytic,4,22,"[-70, 1, ""top"", ""s"", 0.14655172413793102]",H,-1,0.0,1249.9999999999998,1249.9999999999998,False,0.0
analytic,4,22,"[-70, 1, ""top"", ""s"", 0.14655172413793102]",forward,0,4.35664190007651e-13,3.926253350693046,3.926253350693046,False,1.109618129789687e-13
analytic,4,22,"[-70, 1, ""top"", ""s"", 0.14655172413793102]",forward,1,2.7159976537365305e-13,2.453273616549173,2.453273616549173,False,1.1070912088301471e-13
analytic,4,22,"[-70, 1, ""top"", ""s"", 0.14655172413793102]",forward,2,8.810074341437769e-13,7.925072908135836,7.925072908135836,False,1.111671077800861e-13
analytic,4,22,"[-70, 1, ""top"", ""s"", 0.14655172413793102]",projection,0,8.512361186599626e-17,0.0014822303177751265,0.0014822303177751265,False,5.742940948190118e-14
analytic,4,22,"[-70, 1, ""top"", ""s"", 0.14655172413793102]",projection,1,4.911232399652116e-17,0.0007897978657603311,0.0007897978657603311,False,6.218340935783762e-14
analytic,4,22,"[-70, 1, ""top"", ""s"", 0.14655172413793102]",projection,2,3.6288485207630133e-17,0.000621494729707793,0.000621494729707793,False,5.838904736117685e-14
analytic,4,23,"[-70, 1, ""top"", ""p"", 0.14655172413793102]",B,-1,7.0374780534704965e-12,63.36911364965135,63.36911364965135,False,1.1105533355537499e-13
analytic,4,23,"[-70, 1, ""top"", ""p"", 0.14655172413793102]",D,-1,7.835924914397606e-13,7.0556961372408304,7.0556961372408304,False,1.1105814028808061e-13
analytic,4,23,"[-70, 1, ""top"", ""p"", 0.14655172413793102]",H,-1,0.0,1248.5275862462233,1248.5275862462233,False,0.0
analytic,4,23,"[-70, 1, ""top"", ""p"", 0.14655172413793102]",forward,0,3.1019917405697397e-13,2.8008234640618244,2.8008234640618244,False,1.1075284752403329e-13
analytic,4,23,"[-70, 1, ""top"", ""p"", 0.14655172413793102]",forward,1,1.783518951920563e-13,1.6097543024272076,1.6097543024272076,False,1.1079448268790776e-13
analytic,4,23,"[-70, 1, ""top"", ""p"", 0.14655172413793102]",forward,2,6.037475798451816e-13,5.430212844332105,5.430212844332105,False,1.11183041466847e-13
analytic,4,23,"[-70, 1, ""top"", ""p"", 0.14655172413793102]",projection,0,6.065895570364617e-17,0.001249302709475135,0.001249302709475135,False,4.855424969752174e-14
analytic,4,23,"[-70, 1, ""top"", ""p"", 0.14655172413793102]",projection,1,3.442137002944092e-17,0.0013949523355248365,0.0013949523355248365,False,2.4675660345405443e-14
analytic,4,23,"[-70, 1, ""top"", ""p"", 0.14655172413793102]",projection,2,2.4295807111699744e-17,0.0015777393859735312,0.0015777393859735312,False,1.5399125690652777e-14
analytic,6,0,"[-142, 0, ""bottom"", ""s"", 0.21153846153846154]",B,-1,2.4818059971622294e-15,0.6982591834766516,0.6982591834766516,False,3.554276199856405e-15
analytic,6,0,"[-142, 0, ""bottom"", ""s"", 0.21153846153846154]",D,-1,1.801065573553475e-15,0.5068658909811786,0.5068658909811786,False,3.553337491435883e-15
analytic,6,0,"[-142, 0, ""bottom"", ""s"", 0.21153846153846154]",H,-1,0.0,1250.0,1250.0,False,0.0
analytic,6,0,"[-142, 0, ""bottom"", ""s"", 0.21153846153846154]",forward,0,4.579801393138379e-17,0.010389882165251066,0.010389882165251066,False,4.407943536121625e-15
analytic,6,0,"[-142, 0, ""bottom"", ""s"", 0.21153846153846154]",forward,1,8.051177583542933e-17,0.020363533513947797,0.020363533513947797,False,3.953723246522201e-15
analytic,6,0,"[-142, 0, ""bottom"", ""s"", 0.21153846153846154]",forward,2,1.161908667681062e-16,0.03534039777454516,0.03534039777454516,False,3.2877634119838824e-15
analytic,6,0,"[-142, 0, ""bottom"", ""s"", 0.21153846153846154]",projection,0,2.710505431213761e-20,0.0006613314645990049,0.0006613314645990049,False,4.098558100297349e-17
analytic,6,0,"[-142, 0, ""bottom"", ""s"", 0.21153846153846154]",projection,1,0.0,0.0006628150576318409,0.0006628150576318409,False,0.0
analytic,6,0,"[-142, 0, ""bottom"", ""s"", 0.21153846153846154]",projection,2,2.710505431213761e-20,0.0006747341360820992,0.0006747341360820992,False,4.017145844958342e-17
analytic,6,1,"[-142, 0, ""bottom"", ""p"", 0.21153846153846154]",B,-1,5.381393813411673e-13,147.70336319611127,147.70336319611127,False,3.64337933609988e-15
analytic,6,1,"[-142, 0, ""bottom"", ""p"", 0.21153846153846154]",D,-1,9.248897469963837e-15,2.5255171209551284,2.5255171209551284,False,3.662179675291999e-15
analytic,6,1,"[-142, 0, ""bottom"", ""p"", 0.21153846153846154]",H,-1,0.0,29.44377804032904,29.44377804032904,False,0.0
analytic,6,1,"[-142, 0, ""bottom"", ""p"", 0.21153846153846154]",forward,0,1.2147686737931035e-14,4.41494170775785,4.41494170775785,False,2.7514942533862573e-15
analytic,6,1,"[-142, 0, ""bottom"", ""p"", 0.21153846153846154]",forward,1,1.6011864169946884e-15,1.2595365662066382,1.2595365662066382,False,1.2712504423885058e-15
analytic,6,1,"[-142, 0, ""bottom"", ""p"", 0.21153846153846154]",forward,2,1.2796012724280023e-14,3.417818894399702,3.417818894399702,False,3.7439118688374756e-15
analytic,6,1,"[-142, 0, ""bottom"", ""p"", 0.21153846153846154]",projection,0,7.152448122690996e-18,0.044664445115811344,0.044664445115811344,False,1.60137400210509e-16
analytic,6,1,"[-142, 0, ""bottom"", ""p"", 0.21153846153846154]",projection,1,1.0772409308654041e-17,0.04096760446674585,0.04096760446674585,False,2.62949456012206e-16
analytic,6,1,"[-142, 0, ""bottom"", ""p"", 0.21153846153846154]",projection,2,2.6020852139652106e-18,0.04337804522072188,0.04337804522072188,False,5.998622576754987e-17
analytic,6,2,"[-142, 0, ""top"", ""s"", 0.21153846153846154]",B,-1,3.5302112230910676e-16,0.6982591834766518,0.6982591834766518,False,5.055731892438633e-16
analytic,6,2,"[-142, 0, ""top"", ""s"", 0.21153846153846154]",D,-1,2.617944698625618e-16,0.5068658909811788,0.5068658909811788,False,5.164965220993394e-16
analytic,6,2,"[-142, 0, ""top"", ""s"", 0.21153846153846154]",H,-1,0.0,1250.0,1250.0,False,0.0
analytic,6,2,"[-142, 0, ""top"", ""s"", 0.21153846153846154]",forward,0,3.878959614448864e-18,0.012487735591957835,0.012487735591957835,False,3.106215362973359e-16
analytic,6,2,"[-142, 0, ""top"", ""s"", 0.21153846153846154]",forward,1,4.336808689942018e-18,0.008468285054169246,0.008468285054169246,False,5.121236073420613e-16
analytic,6,2,"[-142, 0, ""top"", ""s"", 0.21153846153846154]",forward,2,7.152448122690996e-18,0.016013305269644687,0.016013305269644687,False,4.466565772807314e-16
analytic,6,2,"[-142, 0, ""top"", ""s"", 0.21153846153846154]",projection,0,0.0,0.0005301268501970456,0.0005301268501970456,False,0.0
analytic,6,2,"[-142, 0, ""top"", ""s"", 0.21153846153846154]",projection,1,0.0,0.0005360206220611751,0.0005360206220611751,False,0.0
analytic,6,2,"[-142, 0, ""top"", ""s"", 0.21153846153846154]",projection,2,0.0,0.0005446625797272994,0.0005446625797272994,False,0.0
analytic,6,3,"[-142, 0, ""top"", ""p"", 0.21153846153846154]",B,-1,1.5293184141307054e-13,147.70336319611127,147.70336319611127,False,1.0353985048398473e-15
analytic,6,3,"[-142, 0, ""top"", ""p"", 0.21153846153846154]",D,-1,2.708267268975562e-15,2.525517120955128,2.525517120955128,False,1.0723614765879392e-15
analytic,6,3,"[-142, 0, ""top"", ""p"", 0.21153846153846154]",H,-1,0.0,29.44377804032904,29.44377804032904,False,0.0
analytic,6,3,"[-142, 0, ""top"", ""p"", 0.21153846153846154]",forward,0,4.440892098500626e-15,5.167924473939768,5.167924473939768,False,8.593183048426232e-16
analytic,6,3,"[-142, 0, ""top"", ""p"", 0.21153846153846154]",forward,1,1.2809491335957507e-14,9.011246519644594,9.011246519644594,False,1.4215004891978825e-15
analytic,6,3,"[-142, 0, ""top"", ""p"", 0.21153846153846154]",forward,2,4.0943002132167226e-15,4.365074312940792,4.365074312940792,False,9.37968043540215e-16
analytic,6,3,"[-142, 0, ""top"", ""p"", 0.21153846153846154]",projection,0,0.0,0.045831457954318845,0.045831457954318845,False,0.0
analytic,6,3,"[-142, 0, ""top"", ""p"", 0.21153846153846154]",projection,1,6.938893903907228e-18,0.045811871141319106,0.045811871141319106,False,1.514649747115182e-16
analytic,6,3,"[-142, 0, ""top"", ""p"", 0.21153846153846154]",projection,2,1.734723475976807e-18,0.04615616122597673,0.04615616122597673,False,3.758379011382132e-17
analytic,6,4,"[-71, 35, ""bottom"", ""s"", 0.21153846153846154]",B,-1,1.6479917579707532e-15,1.2433617760624505,1.2433617760624505,False,1.3254322190840612e-15
analytic,6,4,"[-71, 35, ""bottom"", ""s"", 0.21153846153846154]",D,-1,9.179794183353383e-16,0.6963950628156725,0.6963950628156725,False,1.3181877175058556e-15
analytic,6,4,"[-71, 35, ""bottom"", ""s"", 0.21153846153846154]",H,-1,0.0,1249.9999999999998,1249.9999999999998,False,0.0
analytic,6,4,"[-71, 35, ""bottom"", ""s"", 0.21153846153846154]",forward,0,1.1622647289044608e-16,0.07727029000697942,0.07727029000697942,False,1.5041547389035028e-15
analytic,6,4,"[-71, 35, ""bottom"", ""s"", 0.21153846153846154]",forward,1,1.9491530832281063e-17,0.014668635672474431,0.014668635672474431,False,1.3287896207591243e-15
analytic,6,4,"[-71, 35, ""bottom"", ""s"", 0.21153846153846154]",forward,2,3.3682237275240583e-17,0.0166517620537225,0.0166517620537225,False,2.0227431287195774e-15
analytic,6,4,"[-71, 35, ""bottom"", ""s"", 0.21153846153846154]",projection,0,2.541098841762901e-20,0.0008140845161093883,0.0008140845161093883,False,3.1214189577110863e-17
analytic,6,4,"[-71, 35, ""bottom"", ""s"", 0.21153846153846154]",projection,1,1.6940658945086007e-21,0.0007959692600952575,0.0007959692600952575,False,2.1283056764099957e-18
analytic,6,4,"[-71, 35, ""bottom"", ""s"", 0.21153846153846154]",projection,2,1.0164395367051604e-20,0.0007970537488246994,0.0007970537488246994,False,1.275245914348885e-17
analytic,6,5,"[-71, 35, ""bottom"", ""p"", 0.21153846153846154]",B,-1,2.938512143957767e-15,2.187259243283539,2.187259243283539,False,1.343467699579332e-15
analytic,6,5,"[-71, 35, ""bottom"", ""p"", 0.21153846153846154]",D,-1,6.666390422890659e-17,0.0484706040862479,0.0484706040862479,False,1.3753470889342703e-15
analytic,6,5,"[-71, 35, ""bottom"", ""p"", 0.21153846153846154]",H,-1,0.0,49.457255576697435,49.457255576697435,False,0.0
analytic,6,5,"[-71, 35, ""bottom"", ""p"", 0.21153846153846154]",forward,0,9.60385280722898e-17,0.07427991562526996,0.07427991562526996,False,1.2929272639025128e-15
analytic,6,5,"[-71, 35, ""bottom"", ""p"", 0.21153846153846154]",forward,1,1.2794688166302258e-16,0.10552241818314616,0.10552241818314616,False,1.2125089991868477e-15
analytic,6,5,"[-71, 35, ""bottom"", ""p"", 0.21153846153846154]",forward,2,5.553824967135427e-17,0.04302370007788126,0.04302370007788126,False,1.29087571665894e-15
analytic,6,5,"[-71, 35, ""bottom"", ""p"", 0.21153846153846154]",projection,0,0.0,0.020614220894151325,0.020614220894151325,False,0.0
analytic,6,5,"[-71, 35, ""bottom"", ""p"", 0.21153846153846154]",projection,1,0.0,0.020663090629291093,0.020663090629291093,False,0.0
analytic,6,5,"[-71, 35, ""bottom"", ""p"", 0.21153846153846154]",projection,2,0.0,0.020623228549177246,0.020623228549177246,False,0.0
analytic,6,6,"[-71, 35, ""top"", ""s"", 0.21153846153846154]",B,-1,3.77753317315476e-15,1.2433617760624505,1.2433617760624505,False,3.0381609326270826e-15
analytic,6,6,"[-71, 35, ""top"", ""s"", 0.21153846153846154]",D,-1,2.109641397824642e-15,0.6963950628156725,0.6963950628156725,False,3.029374431942288e-15
analytic,6,6,"[-71, 35, ""top"", ""s"", 0.21153846153846154]",H,-1,0.0,1249.9999999999998,1249.9999999999998,False,0.0
analytic,6,6,"[-71, 35, ""top"", ""s"", 0.21153846153846154]",forward,0,1.8763903324156507e-17,0.006205153940500144,0.006205153940500144,False,3.02392229170774e-15
analytic,6,6,"[-71, 35, ""top"", ""s"", 0.21153846153846154]",forward,1,1.5654858205147556e-16,0.05276935279018466,0.05276935279018466,False,2.966657231403344e-15
analytic,6,6,"[-71, 35, ""top"", ""s"", 0.21153846153846154]",forward,2,8.275921921288956e-17,0.028133864903111747,0.028133864903111747,False,2.9416228270768433e-15
analytic,6,6,"[-71, 35, ""top"", ""s"", 0.21153846153846154]",projection,0,0.0,0.0015125954379725775,0.0015125954379725775,False,0.0
analytic,6,6,"[-71, 35, ""top"", ""s"", 0.21153846153846154]",projection,1,0.0,0.001509296750930423,0.001509296750930423,False,0.0
analytic,6,6,"[-71, 35, ""top"", ""s"", 0.21153846153846154]",projection,2,5.421010862427522e-20,0.0015292498156345893,0.0015292498156345893,False,3.5448824691719695e-17
analytic,6,7,"[-71, 35, ""top"", ""p"", 0.21153846153846154]",B,-1,6.631456197517878e-15,2.1872592432835387,2.1872592432835387,False,3.0318565199261245e-15
analytic,6,7,"[-71, 35, ""top"", ""p"", 0.21153846153846154]",D,-1,1.4722411747728907e-16,0.04847060408624789,0.04847060408624789,False,3.0373897799028994e-15
analytic,6,7,"[-71, 35, ""top"", ""p"", 0.21153846153846154]",H,-1,0.0,49.457255576697435,49.457255576697435,False,0.0
analytic,6,7,"[-71, 35, ""top"", ""p"", 0.21153846153846154]",forward,0,1.5301008426393776e-16,0.05074219025896151,0.05074219025896151,False,3.0154410655719547e-15
analytic,6,7,"[-71, 35, ""top"", ""p"", 0.21153846153846154]",forward,1,1.519542512530666e-16,0.05250667685573881,0.05250667685573881,False,2.893998636983984e-15
analytic,6,7,"[-71, 35, ""top"", ""p"", 0.21153846153846154]",forward,2,6.628369094757308e-17,0.026694431254796803,0.026694431254796803,False,2.483053125009448e-15
analytic,6,7,"[-71, 35, ""top"", ""p"", 0.21153846153846154]",projection,0,0.0,0.01296780133078743,0.01296780133078743,False,0.0
analytic,6,7,"[-71, 35, ""top"", ""p"", 0.21153846153846154]",projection,1,0.0,0.012940201427829015,0.012940201427829015,False,0.0
analytic,6,7,"[-71, 35, ""top"", ""p"", 0.21153846153846154]",projection,2,0.0,0.012992176160924433,0.012992176160924433,False,0.0
analytic,6,8,"[-70, 1, ""bottom"", ""s"", 0.21153846153846154]",B,-1,2.95716799777969e-13,110.29306959937352,110.29306959937352,False,2.6811911288000703e-15
analytic,6,8,"[-70, 1, ""bottom"", ""s"", 0.21153846153846154]",D,-1,3.295699791696846e-14,12.294824411962313,12.294824411962313,False,2.680558649125788e-15
analytic,6,8,"[-70, 1, ""bottom"", ""s"", 0.21153846153846154]",H,-1,0.0,1249.9999999999998,1249.9999999999998,False,0.0
analytic,6,8,"[-70, 1, ""bottom"", ""s"", 0.21153846153846154]",forward,0,4.88624276255076e-15,1.6452727264506688,1.6452727264506688,False,2.969867964134922e-15
analytic,6,8,"[-70, 1, ""bottom"", ""s"", 0.21153846153846154]",forward,1,8.992121150493565e-15,2.832206494320279,2.832206494320279,False,3.1749525214797753e-15
analytic,6,8,"[-70, 1, ""bottom"", ""s"", 0.21153846153846154]",forward,2,2.7844251801988247e-15,1.1631398028298752,1.1631398028298752,False,2.3938869372576052e-15
analytic,6,8,"[-70, 1, ""bottom"", ""s"", 0.21153846153846154]",projection,0,7.791229874700925e-19,0.0005883867963599751,0.0005883867963599751,False,1.324168034174283e-15
analytic,6,8,"[-70, 1, ""bottom"", ""s"", 0.21153846153846154]",projection,1,3.9091465258659384e-19,0.0004790575753160804,0.0004790575753160804,False,8.160076632306041e-16
analytic,6,8,"[-70, 1, ""bottom"", ""s"", 0.21153846153846154]",projection,2,5.587850095852341e-19,0.0005845759484671196,0.0005845759484671196,False,9.558809442134683e-16
analytic,6,9,"[-70, 1, ""bottom"", ""p"", 0.21153846153846154]",B,-1,2.122043781967404e-13,78.30369037140865,78.30369037140865,False,2.7100175890844534e-15
analytic,6,9,"[-70, 1, ""bottom"", ""p"", 0.21153846153846154]",D,-1,2.3433739345026227e-14,8.718554100973918,8.718554100973918,False,2.687801104819494e-15
analytic,6,9,"[-70, 1, ""bottom"", ""p"", 0.21153846153846154]",H,-1,0.0,1248.5275862462233,1248.5275862462233,False,0.0
analytic,6,9,"[-70, 1, ""bottom"", ""p"", 0.21153846153846154]",forward,0,3.881416545151359e-15,1.2338850790240905,1.2338850790240905,False,3.1456872371139016e-15
analytic,6,9,"[-70, 1, ""bottom"", ""p"", 0.21153846153846154]",forward,1,4.956371820863329e-15,1.9190190575182031,1.9190190575182031,False,2.582763209904347e-15
analytic,6,9,"[-70, 1, ""bottom"", ""p"", 0.21153846153846154]",forward,2,2.3557928023801794e-15,0.9398195370769834,0.9398195370769834,False,2.5066437857922607e-15
analytic,6,9,"[-70, 1, ""bottom"", ""p"", 0.21153846153846154]",projection,0,6.257687716862152e-19,0.00019506120321107498,0.00019506120321107498,False,3.208063732740709e-15
analytic,6,9,"[-70, 1, ""bottom"", ""p"", 0.21153846153846154]",projection,1,3.3881317890172014e-19,0.00030448708384714026,0.00030448708384714026,False,1.1127341581155948e-15
analytic,6,9,"[-70, 1, ""bottom"", ""p"", 0.21153846153846154]",projection,2,2.7906361414913366e-19,0.000134067844990852,0.000134067844990852,False,2.081510403692812e-15
analytic,6,10,"[-70, 1, ""top"", ""s"", 0.21153846153846154]",B,-1,1.2243599682313004e-11,110.29306959937355,110.29306959937355,False,1.1100969196692433e-13
analytic,6,10,"[-70, 1, ""top"", ""s"", 0.21153846153846154]",D,-1,1.3647469960598398e-12,12.294824411962315,12.294824411962315,False,1.1100174759161276e-13
analytic,6,10,"[-70, 1, ""top"", ""s"", 0.21153846153846154]",H,-1,0.0,1249.9999999999998,1249.9999999999998,False,0.0
analytic,6,10,"[-70, 1, ""top"", ""s"", 0.21153846153846154]",forward,0,2.9057190023269244e-13,2.6192294903253246,2.6192294903253246,False,1.1093793090906349e-13
analytic,6,10,"[-70, 1, ""top"", ""s"", 0.21153846153846154]",forward,1,2.3911142136607207e-13,2.146032877770367,2.146032877770367,False,1.1142020415572489e-13
analytic,6,10,"[-70, 1, ""top"", ""s"", 0.21153846153846154]",forward,2,2.6690214094908625e-13,2.393984368315909,2.393984368315909,False,1.1148867322673595e-13
analytic,6,10,"[-70, 1, ""top"", ""s"", 0.21153846153846154]",projection,0,1.0355124078542423e-17,0.0009368261402830481,0.0009368261402830481,False,1.1053410695194497e-14
analytic,6,10,"[-70, 1, ""top"", ""s"", 0.21153846153846154]",projection,1,2.0232956280029496e-17,0.0009370931828850723,0.0009370931828850723,False,2.1591189275048777e-14
analytic,6,10,"[-70, 1, ""top"", ""s"", 0.21153846153846154]",projection,2,4.793723498698374e-17,0.0011779483549494497,0.0011779483549494497,False,4.069553201170769e-14
analytic,6,11,"[-70, 1, ""top"", ""p"", 0.21153846153846154]",B,-1,8.69287941331442e-12,78.30369037140866,78.30369037140866,False,1.1101493904160213e-13
analytic,6,11,"[-70, 1, ""top"", ""p"", 0.21153846153846154]",D,-1,9.679650019554242e-13,8.718554100973918,8.718554100973918,False,1.1102357004899429e-13
analytic,6,11,"[-70, 1, ""top"", ""p"", 0.21153846153846154]",H,-1,0.0,1248.5275862462233,1248.5275862462233,False,0.0
analytic,6,11,"[-70, 1, ""top"", ""p"", 0.21153846153846154]",forward,0,1.9727351079000253e-13,1.7819910091761628,1.7819910091761628,False,1.1070398771607977e-13
analytic,6,11,"[-70, 1, ""top"", ""p"", 0.21153846153846154]",forward,1,1.71923197446363e-13,1.542128461888748,1.542128461888748,False,1.114843553537668e-13
analytic,6,11,"[-70, 1, ""top"", ""p"", 0.21153846153846154]",forward,2,1.7955735519325267e-13,1.6146859981012507,1.6146859981012507,False,1.1120264584222481e-13
analytic,6,11,"[-70, 1, ""top"", ""p"", 0.21153846153846154]",projection,0,6.761929673143576e-18,0.0005825696002734427,0.0005825696002734427,False,1.1607076081501172e-14
analytic,6,11,"[-70, 1, ""top"", ""p"", 0.21153846153846154]",projection,1,1.414785822522522e-17,0.0005578048395847229,0.0005578048395847229,False,2.5363455497729423e-14
analytic,6,11,"[-70, 1, ""top"", ""p"", 0.21153846153846154]",projection,2,3.6668560589642995e-17,0.00044456834766828484,0.00044456834766828484,False,8.248126701319565e-14
analytic,6,12,"[-142, 0, ""bottom"", ""s"", 0.14655172413793102]",B,-1,1.7683497605580716e-15,0.48894021931100484,0.48894021931100484,False,3.6166993237945526e-15
analytic,6,12,"[-142, 0, ""bottom"", ""s"", 0.14655172413793102]",D,-1,1.2808247543382448e-15,0.3549213898822889,0.3549213898822889,False,3.608756166437406e-15
analytic,6,12,"[-142, 0, ""bottom"", ""s"", 0.14655172413793102]",H,-1,0.0,1250.0,1250.0,False,0.0
analytic,6,12,"[-142, 0, ""bottom"", ""s"", 0.14655172413793102]",forward,0,3.5341664893008787e-17,0.0083004996796398,0.0083004996796398,False,4.257775586655096e-15
analytic,6,12,"[-142, 0, ""bottom"", ""s"", 0.14655172413793102]",forward,1,4.947004344918182e-17,0.011806650681426195,0.011806650681426195,False,4.190014999512634e-15
analytic,6,12,"[-142, 0, ""bottom"", ""s"", 0.14655172413793102]",forward,2,7.943821393640659e-17,0.024095719173661708,0.024095719173661708,False,3.2967770483994545e-15
analytic,6,12,"[-142, 0, ""bottom"", ""s"", 0.14655172413793102]",projection,0,2.710505431213761e-20,0.00048555039506784916,0.00048555039506784916,False,5.582335960894449e-17
analytic,6,12,"[-142, 0, ""bottom"", ""s"", 0.14655172413793102]",projection,1,2.710505431213761e-20,0.0004886937053961384,0.0004886937053961384,False,5.5464300057161713e-17
analytic,6,12,"[-142, 0, ""bottom"", ""s"", 0.14655172413793102]",projection,2,1.1175700191704681e-19,0.00048184928908222356,0.00048184928908222356,False,2.3193352039578587e-16
analytic,6,13,"[-142, 0, ""bottom"", ""p"", 0.14655172413793102]",B,-1,5.240945108572638e-13,143.0735190028209,143.0735190028209,False,3.663113303636088e-15
analytic,6,13,"[-142, 0, ""bottom"", ""p"", 0.14655172413793102]",D,-1,8.986465027144437e-15,2.4463533800321495,2.4463533800321495,False,3.673412476093842e-15
analytic,6,13,"[-142, 0, ""bottom"", ""p"", 0.14655172413793102]",H,-1,0.0,29.44377804032904,29.44377804032904,False,0.0
analytic,6,13,"[-142, 0, ""bottom"", ""p"", 0.14655172413793102]",forward,0,1.3655743202889425e-14,4.198802841788407,4.198802841788407,False,3.2522944556913275e-15
analytic,6,13,"[-142, 0, ""bottom"", ""p"", 0.14655172413793102]",forward,1,5.17892563931115e-15,1.7563203655514714,1.7563203655514714,False,2.9487363130843193e-15
analytic,6,13,"[-142, 0, ""bottom"", ""p"", 0.14655172413793102]",forward,2,1.0341177711654675e-14,3.023376729041505,3.023376729041505,False,3.420406597802027e-15
analytic,6,13,"[-142, 0, ""bottom"", ""p"", 0.14655172413793102]",projection,0,6.2546344413855015e-18,0.01727458960813239,0.01727458960813239,False,3.6207137670240195e-16
analytic,6,13,"[-142, 0, ""bottom"", ""p"", 0.14655172413793102]",projection,1,8.845388854693243e-18,0.013524576445400446,0.013524576445400446,False,6.540233544763954e-16
analytic,6,13,"[-142, 0, ""bottom"", ""p"", 0.14655172413793102]",projection,2,8.673617379884035e-19,0.015338728169015152,0.015338728169015152,False,5.654717447438107e-17
analytic,6,14,"[-142, 0, ""top"", ""s"", 0.14655172413793102]",B,-1,1.6381937117873414e-16,0.48894021931100495,0.48894021931100495,False,3.350498991667772e-16
analytic,6,14,"[-142, 0, ""top"", ""s"", 0.14655172413793102]",D,-1,1.177061328269719e-16,0.354921389882289,0.354921389882289,False,3.3164000869603713e-16
analytic,6,14,"[-142, 0, ""top"", ""s"", 0.14655172413793102]",H,-1,0.0,1250.0,1250.0,False,0.0
analytic,6,14,"[-142, 0, ""top"", ""s"", 0.14655172413793102]",forward,0,5.204170427930421e-18,0.008756623457106191,0.008756623457106191,False,5.943124599821776e-16
analytic,6,14,"[-142, 0, ""top"", ""s"", 0.14655172413793102]",forward,1,1.734723475976807e-18,0.00557600614735638,0.00557600614735638,False,3.1110501497550365e-16
analytic,6,14,"[-142, 0, ""top"", ""s"", 0.14655172413793102]",forward,2,6.2546344413855015e-18,0.011928057580620032,0.011928057580620032,False,5.243631998849204e-16
analytic,6,14,"[-142, 0, ""top"", ""s"", 0.14655172413793102]",projection,0,0.0,0.0006911497935620685,0.0006911497935620685,False,0.0
analytic,6,14,"[-142, 0, ""top"", ""s"", 0.14655172413793102]",projection,1,0.0,0.0006870098909071124,0.0006870098909071124,False,0.0
analytic,6,14,"[-142, 0, ""top"", ""s"", 0.14655172413793102]",projection,2,0.0,0.0006783915522417485,0.0006783915522417485,False,0.0
analytic,6,15,"[-142, 0, ""top"", ""p"", 0.14655172413793102]",B,-1,9.642592163518081e-14,143.0735190028209,143.0735190028209,False,6.739606483941983e-16
analytic,6,15,"[-142, 0, ""top"", ""p"", 0.14655172413793102]",D,-1,1.581672121920912e-15,2.44635338003215,2.44635338003215,False,6.465427827520673e-16
analytic,6,15,"[-142, 0, ""top"", ""p"", 0.14655172413793102]",H,-1,0.0,29.44377804032904,29.44377804032904,False,0.0
analytic,6,15,"[-142, 0, ""top"", ""p"", 0.14655172413793102]",forward,0,2.886579864025407e-15,4.473939614241182,4.473939614241182,False,6.451986644694567e-16
analytic,6,15,"[-142, 0, ""top"", ""p"", 0.14655172413793102]",forward,1,8.188600426433445e-15,6.387204335648936,6.387204335648936,False,1.2820320121481583e-15
analytic,6,15,"[-142, 0, ""top"", ""p"", 0.14655172413793102]",forward,2,2.220446049250313e-15,4.556451088382192,4.556451088382192,False,4.873191890311066e-16
analytic,6,15,"[-142, 0, ""top"", ""p"", 0.14655172413793102]",projection,0,8.673617379884035e-19,0.06316473582406203,0.06316473582406203,False,1.3731740134310672e-17
analytic,6,15,"[-142, 0, ""top"", ""p"", 0.14655172413793102]",projection,1,3.686287386450715e-18,0.06112114430671144,0.06112114430671144,False,6.031116446303084e-17
analytic,6,15,"[-142, 0, ""top"", ""p"", 0.14655172413793102]",projection,2,1.3010426069826053e-18,0.06438407963577882,0.06438407963577882,False,2.0207520466901325e-17
analytic,6,16,"[-71, 35, ""bottom"", ""s"", 0.14655172413793102]",B,-1,1.6071352963626087e-15,1.2433603579669272,1.2433603579669272,False,1.2925740201259962e-15
analytic,6,16,"[-71, 35, ""bottom"", ""s"", 0.14655172413793102]",D,-1,9.157923471797392e-16,0.6963942685539058,0.6963942685539058,False,1.315048656390328e-15
analytic,6,16,"[-71, 35, ""bottom"", ""s"", 0.14655172413793102]",H,-1,0.0,1249.9999999999998,1249.9999999999998,False,0.0
analytic,6,16,"[-71, 35, ""bottom"", ""s"", 0.14655172413793102]",forward,0,1.2412670766236366e-16,0.07723097104451827,0.07723097104451827,False,1.6072141264521103e-15
analytic,6,16,"[-71, 35, ""bottom"", ""s"", 0.14655172413793102]",forward,1,2.823925224926892e-17,0.01467085222775215,0.01467085222775215,False,1.924854249151939e-15
analytic,6,16,"[-71, 35, ""bottom"", ""s"", 0.14655172413793102]",forward,2,9.341771812940338e-18,0.016713460076768816,0.016713460076768816,False,5.589370345835874e-16
analytic,6,16,"[-71, 35, ""bottom"", ""s"", 0.14655172413793102]",projection,0,0.0,0.0016659730313408065,0.0016659730313408065,False,0.0
analytic,6,16,"[-71, 35, ""bottom"", ""s"", 0.14655172413793102]",projection,1,0.0,0.0016667046835845427,0.0016667046835845427,False,0.0
analytic,6,16,"[-71, 35, ""bottom"", ""s"", 0.14655172413793102]",projection,2,0.0,0.0016578552529522205,0.0016578552529522205,False,0.0
analytic,6,17,"[-71, 35, ""bottom"", ""p"", 0.14655172413793102]",B,-1,2.1137021449490345e-15,1.51554999272293,1.51554999272293,False,1.3946766224131135e-15
analytic,6,17,"[-71, 35, ""bottom"", ""p"", 0.14655172413793102]",D,-1,4.713039695351056e-17,0.03358523864775653,0.03358523864775653,False,1.4033068946692993e-15
analytic,6,17,"[-71, 35, ""bottom"", ""p"", 0.14655172413793102]",H,-1,0.0,49.457255576697435,49.457255576697435,False,0.0
analytic,6,17,"[-71, 35, ""bottom"", ""p"", 0.14655172413793102]",forward,0,8.121767085755589e-17,0.05142236789138534,0.05142236789138534,False,1.5794230057453672e-15
analytic,6,17,"[-71, 35, ""bottom"", ""p"", 0.14655172413793102]",forward,1,1.1816510524180758e-16,0.0729211999050856,0.0729211999050856,False,1.620449271207983e-15
analytic,6,17,"[-71, 35, ""bottom"", ""p"", 0.14655172413793102]",forward,2,4.798008062363347e-17,0.029970357105068516,0.029970357105068516,False,1.6009178821402561e-15
analytic,6,17,"[-71, 35, ""bottom"", ""p"", 0.14655172413793102]",projection,0,0.0,0.042090110998183355,0.042090110998183355,False,0.0
analytic,6,17,"[-71, 35, ""bottom"", ""p"", 0.14655172413793102]",projection,1,0.0,0.04204243178526359,0.04204243178526359,False,0.0
analytic,6,17,"[-71, 35, ""bottom"", ""p"", 0.14655172413793102]",projection,2,0.0,0.042055774033657914,0.042055774033657914,False,0.0
analytic,6,18,"[-71, 35, ""top"", ""s"", 0.14655172413793102]",B,-1,3.848185305667978e-15,1.243360357966927,1.243360357966927,False,3.0949879341177603e-15
analytic,6,18,"[-71, 35, ""top"", ""s"", 0.14655172413793102]",D,-1,2.1556991923176746e-15,0.6963942685539057,0.6963942685539057,False,3.095515413695293e-15
analytic,6,18,"[-71, 35, ""top"", ""s"", 0.14655172413793102]",H,-1,0.0,1249.9999999999998,1249.9999999999998,False,0.0
analytic,6,18,"[-71, 35, ""top"", ""s"", 0.14655172413793102]",forward,0,2.6479404645468863e-17,0.0061984927783046906,0.0061984927783046906,False,4.2719102195535785e-15
analytic,6,18,"[-71, 35, ""top"", ""s"", 0.14655172413793102]",forward,1,1.6768594809361232e-16,0.052716805542415195,0.052716805542415195,False,3.180882194363894e-15
analytic,6,18,"[-71, 35, ""top"", ""s"", 0.14655172413793102]",forward,2,9.159602786276758e-17,0.02811117315523879,0.02811117315523879,False,3.2583495308767564e-15
analytic,6,18,"[-71, 35, ""top"", ""s"", 0.14655172413793102]",projection,0,0.0,0.0010943251587987686,0.0010943251587987686,False,0.0
analytic,6,18,"[-71, 35, ""top"", ""s"", 0.14655172413793102]",projection,1,0.0,0.0011035072330163342,0.0011035072330163342,False,0.0
analytic,6,18,"[-71, 35, ""top"", ""s"", 0.14655172413793102]",projection,2,1.0842021724855044e-19,0.0010695869658274312,0.0010695869658274312,False,1.0136643462617057e-16
analytic,6,19,"[-71, 35, ""top"", ""p"", 0.14655172413793102]",B,-1,4.728452400972332e-15,1.5155499927229297,1.5155499927229297,False,3.1199580506591575e-15
analytic,6,19,"[-71, 35, ""top"", ""p"", 0.14655172413793102]",D,-1,1.0499891378968857e-16,0.033585238647756525,0.033585238647756525,False,3.126341155140264e-15
analytic,6,19,"[-71, 35, ""top"", ""p"", 0.14655172413793102]",H,-1,0.0,49.457255576697435,49.457255576697435,False,0.0
analytic,6,19,"[-71, 35, ""top"", ""p"", 0.14655172413793102]",forward,0,1.097135458930219e-16,0.03524755481690526,0.03524755481690526,False,3.1126569335925007e-15
analytic,6,19,"[-71, 35, ""top"", ""p"", 0.14655172413793102]",forward,1,1.1959531388233124e-16,0.03597524948035443,0.03597524948035443,False,3.3243776098798295e-15
analytic,6,19,"[-71, 35, ""top"", ""p"", 0.14655172413793102]",forward,2,5.594315114139762e-17,0.018467931446971165,0.018467931446971165,False,3.0292050467066567e-15
analytic,6,19,"[-71, 35, ""top"", ""p"", 0.14655172413793102]",projection,0,0.0,0.051193453572367494,0.051193453572367494,False,0.0
analytic,6,19,"[-71, 35, ""top"", ""p"", 0.14655172413793102]",projection,1,0.0,0.05117614876552053,0.05117614876552053,False,0.0
analytic,6,19,"[-71, 35, ""top"", ""p"", 0.14655172413793102]",projection,2,0.0,0.051207843706525966,0.051207843706525966,False,0.0
analytic,6,20,"[-70, 1, ""bottom"", ""s"", 0.14655172413793102]",B,-1,2.9676463208020367e-13,110.27198503578619,110.27198503578619,False,2.691206039175731e-15
analytic,6,20,"[-70, 1, ""bottom"", ""s"", 0.14655172413793102]",D,-1,3.3391076313437907e-14,12.292474028497143,12.292474028497143,False,2.716383718690699e-15
analytic,6,20,"[-70, 1, ""bottom"", ""s"", 0.14655172413793102]",H,-1,0.0,1249.9999999999998,1249.9999999999998,False,0.0
analytic,6,20,"[-70, 1, ""bottom"", ""s"", 0.14655172413793102]",forward,0,4.530199718267439e-15,1.6688188377067799,1.6688188377067799,False,2.714614442207908e-15
analytic,6,20,"[-70, 1, ""bottom"", ""s"", 0.14655172413793102]",forward,1,8.005932084973442e-15,2.8054583280466097,2.8054583280466097,False,2.8536984509578614e-15
analytic,6,20,"[-70, 1, ""bottom"", ""s"", 0.14655172413793102]",forward,2,2.7035697373913694e-15,1.183420533931458,1.183420533931458,False,2.2845384712142878e-15
analytic,6,20,"[-70, 1, ""bottom"", ""s"", 0.14655172413793102]",projection,0,7.047314121155779e-19,0.0018613395616860853,0.0018613395616860853,False,3.786151794233613e-16
analytic,6,20,"[-70, 1, ""bottom"", ""s"", 0.14655172413793102]",projection,1,6.377252501945207e-19,0.002124339491396176,0.002124339491396176,False,3.001993103161631e-16
analytic,6,20,"[-70, 1, ""bottom"", ""s"", 0.14655172413793102]",projection,2,2.881306796001149e-19,0.0018745105370632513,0.0018745105370632513,False,1.5370982125900556e-16
analytic,6,21,"[-70, 1, ""bottom"", ""p"", 0.14655172413793102]",B,-1,2.101916112552453e-13,78.248826847883,78.248826847883,False,2.686195048826243e-15
analytic,6,21,"[-70, 1, ""bottom"", ""p"", 0.14655172413793102]",D,-1,2.328886072402001e-14,8.712445441270145,8.712445441270145,False,2.6730567073284124e-15
analytic,6,21,"[-70, 1, ""bottom"", ""p"", 0.14655172413793102]",H,-1,0.0,1248.5275862462233,1248.5275862462233,False,0.0
analytic,6,21,"[-70, 1, ""bottom"", ""p"", 0.14655172413793102]",forward,0,3.2864289324620454e-15,1.2295499617687276,1.2295499617687276,False,2.6728714038870483e-15
analytic,6,21,"[-70, 1, ""bottom"", ""p"", 0.14655172413793102]",forward,1,5.183683495748049e-15,1.9276641779112054,1.9276641779112054,False,2.6891009103904338e-15
analytic,6,21,"[-70, 1, ""bottom"", ""p"", 0.14655172413793102]",forward,2,2.2650998591337196e-15,0.9174729284717551,0.9174729284717551,False,2.468846533604781e-15
analytic,6,21,"[-70, 1, ""bottom"", ""p"", 0.14655172413793102]",projection,0,5.838607383087711e-19,0.0017585729488773804,0.0017585729488773804,False,3.3200825628614956e-16
analytic,6,21,"[-70, 1, ""bottom"", ""p"", 0.14655172413793102]",projection,1,2.710505431213761e-19,0.001469111483094379,0.001469111483094379,False,1.8449964229430997e-16
analytic,6,21,"[-70, 1, ""bottom"", ""p"", 0.14655172413793102]",projection,2,2.710505431213761e-19,0.001625197652300373,0.001625197652300373,False,1.6678004840686287e-16
analytic,6,22,"[-70, 1, ""top"", ""s"", 0.14655172413793102]",B,-1,1.2241248268382368e-11,110.2719850357862,110.2719850357862,False,1.1100959381850029e-13
analytic,6,22,"[-70, 1, ""top"", ""s"", 0.14655172413793102]",D,-1,1.3647126036537499e-12,12.292474028497145,12.292474028497145,False,1.1102017384702152e-13
analytic,6,22,"[-70, 1, ""top"", ""s"", 0.14655172413793102]",H,-1,0.0,1249.9999999999998,1249.9999999999998,False,0.0
analytic,6,22,"[-70, 1, ""top"", ""s"", 0.14655172413793102]",forward,0,2.9023090085967884e-13,2.61065235253369,2.61065235253369,False,1.1117179220665056e-13
analytic,6,22,"[-70, 1, ""top"", ""s"", 0.14655172413793102]",forward,1,2.422479418253843e-13,2.1744277072367337,2.1744277072367337,False,1.1140767799230877e-13
analytic,6,22,"[-70, 1, ""top"", ""s"", 0.14655172413793102]",forward,2,2.654988743142898e-13,2.386029343564082,2.386029343564082,False,1.1127225867126442e-13
analytic,6,22,"[-70, 1, ""top"", ""s"", 0.14655172413793102]",projection,0,9.994233023361363e-18,0.00045132208952867276,0.00045132208952867276,False,2.214434714196816e-14
analytic,6,22,"[-70, 1, ""top"", ""s"", 0.14655172413793102]",projection,1,2.049923557764602e-17,0.0003603984319362387,0.0003603984319362387,False,5.687936950089929e-14
analytic,6,22,"[-70, 1, ""top"", ""s"", 0.14655172413793102]",projection,2,4.8312727815184005e-17,0.0005429483069411281,0.0005429483069411281,False,8.898218706559582e-14
analytic,6,23,"[-70, 1, ""top"", ""p"", 0.14655172413793102]",B,-1,8.686403406538019e-12,78.248826847883,78.248826847883,False,1.1101001454532385e-13
analytic,6,23,"[-70, 1, ""top"", ""p"", 0.14655172413793102]",D,-1,9.67200130760864e-13,8.712445441270145,8.712445441270145,False,1.1101362267123256e-13
analytic,6,23,"[-70, 1, ""top"", ""p"", 0.14655172413793102]",H,-1,0.0,1248.5275862462233,1248.5275862462233,False,0.0
analytic,6,23,"[-70, 1, ""top"", ""p"", 0.14655172413793102]",forward,0,2.0007836116649598e-13,1.799261500436957,1.799261500436957,False,1.112002680643732e-13
analytic,6,23,"[-70, 1, ""top"", ""p"", 0.14655172413793102]",forward,1,1.734479653865528e-13,1.5565905220418852,1.5565905220418852,False,1.1142812636365623e-13
analytic,6,23,"[-70, 1, ""top"", ""p"", 0.14655172413793102]",forward,2,1.8142471013483049e-13,1.63465348801284,1.63465348801284,False,1.1098664730185643e-13
analytic,6,23,"[-70, 1, ""top"", ""p"", 0.14655172413793102]",projection,0,6.732537572691846e-18,0.0009674009568978355,0.0009674009568978355,False,6.959407601043804e-15
analytic,6,23,"[-70, 1, ""top"", ""p"", 0.14655172413793102]",projection,1,1.44178507760142e-17,0.0009335324035936164,0.0009335324035936164,False,1.5444403129996282e-14
analytic,6,23,"[-70, 1, ""top"", ""p"", 0.14655172413793102]",projection,2,3.602623712470928e-17,0.0010535881232127554,0.0010535881232127554,False,3.4193852731419176e-14
q60,4,0,"[-142, 0, ""bottom"", ""s"", 0.21153846153846154]",B,-1,2.0683835711355405e-15,0.5636817769590136,0.5636817769590136,False,3.669417135132855e-15
q60,4,0,"[-142, 0, ""bottom"", ""s"", 0.21153846153846154]",D,-1,1.4967987818419735e-15,0.40917623837845024,0.40917623837845024,False,3.6580784548333736e-15
q60,4,0,"[-142, 0, ""bottom"", ""s"", 0.21153846153846154]",H,-1,0.0,1250.0,1250.0,False,0.0
q60,4,0,"[-142, 0, ""bottom"", ""s"", 0.21153846153846154]",forward,0,1.9022728010386232e-16,0.0566821635498898,0.0566821635498898,False,3.3560342123573044e-15
q60,4,0,"[-142, 0, ""bottom"", ""s"", 0.21153846153846154]",forward,1,6.254634441385502e-17,0.022459378536059484,0.022459378536059484,False,2.784865320891859e-15
q60,4,0,"[-142, 0, ""bottom"", ""s"", 0.21153846153846154]",forward,2,9.309503074677274e-17,0.029394004396249975,0.029394004396249975,False,3.1671435266795296e-15
q60,4,0,"[-142, 0, ""bottom"", ""s"", 0.21153846153846154]",projection,0,2.2351400383409363e-19,0.0009264436722664739,0.0009264436722664739,False,2.412602196173283e-16
q60,4,0,"[-142, 0, ""bottom"", ""s"", 0.21153846153846154]",projection,1,2.1852793414608445e-19,0.0009153728572841196,0.0009153728572841196,False,2.387310617822441e-16
q60,4,0,"[-142, 0, ""bottom"", ""s"", 0.21153846153846154]",projection,2,1.0842021724855044e-19,0.0009141145621350159,0.0009141145621350159,False,1.186068155345026e-16
q60,4,1,"[-142, 0, ""bottom"", ""p"", 0.21153846153846154]",B,-1,4.865666704507644e-13,124.58480803120176,124.58480803120176,False,3.905505640213418e-15
q60,4,1,"[-142, 0, ""bottom"", ""p"", 0.21153846153846154]",D,-1,8.281310427952028e-15,2.13022275786603,2.13022275786603,False,3.887532605391891e-15
q60,4,1,"[-142, 0, ""bottom"", ""p"", 0.21153846153846154]",H,-1,0.0,29.44377804032904,29.44377804032904,False,0.0
q60,4,1,"[-142, 0, ""bottom"", ""p"", 0.21153846153846154]",forward,0,1.6431300764452317e-14,6.432580452955183,6.432580452955183,False,2.5543871366433722e-15
q60,4,1,"[-142, 0, ""bottom"", ""p"", 0.21153846153846154]",forward,1,3.4298525112762993e-14,8.501171363742397,8.501171363742397,False,4.034564608242887e-15
q60,4,1,"[-142, 0, ""bottom"", ""p"", 0.21153846153846154]",forward,2,6.157485465446498e-15,2.402485444612475,2.402485444612475,False,2.5629647327331515e-15
q60,4,1,"[-142, 0, ""bottom"", ""p"", 0.21153846153846154]",projection,0,3.469446951953614e-18,0.043409806405787274,0.043409806405787274,False,7.992311505658033e-17
q60,4,1,"[-142, 0, ""bottom"", ""p"", 0.21153846153846154]",projection,1,1.5515838457795457e-17,0.04245446378911823,0.04245446378911823,False,3.6547013135924755e-16
q60,4,1,"[-142, 0, ""bottom"", ""p"", 0.21153846153846154]",projection,2,8.673617379884035e-18,0.04678609241529945,0.04678609241529945,False,1.8538879680081358e-16
q60,4,2,"[-142, 0, ""top"", ""s"", 0.21153846153846154]",B,-1,5.173022422517375e-16,0.5636817769590133,0.5636817769590133,False,9.177203581824357e-16
q60,4,2,"[-142, 0, ""top"", ""s"", 0.21153846153846154]",D,-1,3.7987212257503424e-16,0.40917623837845013,0.40917623837845013,False,9.28382655064363e-16
q60,4,2,"[-142, 0, ""top"", ""s"", 0.21153846153846154]",H,-1,0.0,1250.0,1250.0,False,0.0
q60,4,2,"[-142, 0, ""top"", ""s"", 0.21153846153846154]",forward,0,1.2049774363595733e-17,0.02520466377947018,0.02520466377947018,False,4.780771713134523e-16
q60,4,2,"[-142, 0, ""top"", ""s"", 0.21153846153846154]",forward,1,4.498589861696274e-17,0.00912605771412692,0.00912605771412692,False,4.929390107551658e-15
q60,4,2,"[-142, 0, ""top"", ""s"", 0.21153846153846154]",forward,2,3.6880726988814706e-17,0.036182744325011486,0.036182744325011486,False,1.0192904843682831e-15
q60,4,2,"[-142, 0, ""top"", ""s"", 0.21153846153846154]",projection,0,0.0,0.0005406070822691982,0.0005406070822691982,False,0.0
q60,4,2,"[-142, 0, ""top"", ""s"", 0.21153846153846154]",projection,1,2.710505431213761e-20,0.000552630212167833,0.000552630212167833,False,4.9047362441172224e-17
q60,4,2,"[-142, 0, ""top"", ""s"", 0.21153846153846154]",projection,2,0.0,0.0005668192528831565,0.0005668192528831565,False,0.0
q60,4,3,"[-142, 0, ""top"", ""p"", 0.21153846153846154]",B,-1,1.4705358186651846e-13,124.58480803120177,124.58480803120177,False,1.1803492270878603e-15
q60,4,3,"[-142, 0, ""top"", ""p"", 0.21153846153846154]",D,-1,2.5417292550276327e-15,2.13022275786603,2.13022275786603,False,1.193175336073225e-15
q60,4,3,"[-142, 0, ""top"", ""p"", 0.21153846153846154]",H,-1,0.0,29.44377804032904,29.44377804032904,False,0.0
q60,4,3,"[-142, 0, ""top"", ""p"", 0.21153846153846154]",forward,0,8.8067002465425e-15,1.8858970723305175,1.8858970723305175,False,4.66976717645546e-15
q60,4,3,"[-142, 0, ""top"", ""p"", 0.21153846153846154]",forward,1,1.4106387324258476e-14,5.03187906104871,5.03187906104871,False,2.8034034906471936e-15
q60,4,3,"[-142, 0, ""top"", ""p"", 0.21153846153846154]",forward,2,4.440892098500626e-15,7.967524237895385,7.967524237895385,False,5.573741561247743e-16
q60,4,3,"[-142, 0, ""top"", ""p"", 0.21153846153846154]",projection,0,1.3904866443919908e-17,0.08709440114909989,0.08709440114909989,False,1.596528164894973e-16
q60,4,3,"[-142, 0, ""top"", ""p"", 0.21153846153846154]",projection,1,9.540979117872439e-18,0.07764310783407886,0.07764310783407886,False,1.2288249896257687e-16
q60,4,3,"[-142, 0, ""top"", ""p"", 0.21153846153846154]",projection,2,2.797157557069881e-17,0.08017989362790634,0.08017989362790634,False,3.4886022299440163e-16
q60,4,4,"[-71, 35, ""bottom"", ""s"", 0.21153846153846154]",B,-1,2.907011790377652e-13,0.4453838401467848,0.4453838401467848,False,6.526980838414772e-13
q60,4,4,"[-71, 35, ""bottom"", ""s"", 0.21153846153846154]",D,-1,1.6280859374895162e-13,0.24945523765283184,0.24945523765283184,False,6.52656545843039e-13
q60,4,4,"[-71, 35, ""bottom"", ""s"", 0.21153846153846154]",H,-1,0.0,1249.9999999999998,1249.9999999999998,False,0.0
q60,4,4,"[-71, 35, ""bottom"", ""s"", 0.21153846153846154]",forward,0,1.1071108105192107e-14,0.020556825726433792,0.020556825726433792,False,5.385611695367877e-13
q60,4,4,"[-71, 35, ""bottom"", ""s"", 0.21153846153846154]",forward,1,2.313911264740175e-14,0.03659366581328725,0.03659366581328725,False,6.323256261196954e-13
q60,4,4,"[-71, 35, ""bottom"", ""s"", 0.21153846153846154]",forward,2,9.883247513391381e-15,0.017396597243819117,0.017396597243819117,False,5.681138313932529e-13
q60,4,4,"[-71, 35, ""bottom"", ""s"", 0.21153846153846154]",projection,0,6.167576281863827e-18,0.0010597151666386173,0.0010597151666386173,False,5.820032095442383e-15
q60,4,4,"[-71, 35, ""bottom"", ""s"", 0.21153846153846154]",projection,1,1.002227480554013e-17,0.0010607788980815526,0.0010607788980815526,False,9.448033726600035e-15
q60,4,4,"[-71, 35, ""bottom"", ""s"", 0.21153846153846154]",projection,2,2.6821680460091233e-18,0.0010556063150942588,0.0010556063150942588,False,2.5408791209908812e-15
q60,4,5,"[-71, 35, ""bottom"", ""p"", 0.21153846153846154]",B,-1,4.153076172135352e-14,0.9067385714304235,0.9067385714304235,False,4.580235475792847e-14
q60,4,5,"[-71, 35, ""bottom"", ""p"", 0.21153846153846154]",D,-1,9.202327872678211e-16,0.020093716115496013,0.020093716115496013,False,4.57970433133645e-14
q60,4,5,"[-71, 35, ""bottom"", ""p"", 0.21153846153846154]",H,-1,0.0,49.457255576697435,49.457255576697435,False,0.0
q60,4,5,"[-71, 35, ""bottom"", ""p"", 0.21153846153846154]",forward,0,3.1740794382517712e-15,0.08157241433256672,0.08157241433256672,False,3.8911186633648057e-14
q60,4,5,"[-71, 35, ""bottom"", ""p"", 0.21153846153846154]",forward,1,3.281440728431685e-15,0.07368716979404231,0.07368716979404231,False,4.453204998378148e-14
q60,4,5,"[-71, 35, ""bottom"", ""p"", 0.21153846153846154]",forward,2,2.5883213666122995e-15,0.04081523494508285,0.04081523494508285,False,6.341556945819133e-14
q60,4,5,"[-71, 35, ""bottom"", ""p"", 0.21153846153846154]",projection,0,0.0,0.035399067974125585,0.035399067974125585,False,0.0
q60,4,5,"[-71, 35, ""bottom"", ""p"", 0.21153846153846154]",projection,1,0.0,0.035374358797478,0.035374358797478,False,0.0
q60,4,5,"[-71, 35, ""bottom"", ""p"", 0.21153846153846154]",projection,2,6.938893903907228e-18,0.035383777807442486,0.035383777807442486,False,1.961038174518417e-16
q60,4,6,"[-71, 35, ""top"", ""s"", 0.21153846153846154]",B,-1,2.9062330669100593e-13,0.44538384014678517,0.44538384014678517,False,6.525232406169591e-13
q60,4,6,"[-71, 35, ""top"", ""s"", 0.21153846153846154]",D,-1,1.6278784599115946e-13,0.24945523765283206,0.24945523765283206,False,6.525733735753908e-13
q60,4,6,"[-71, 35, ""top"", ""s"", 0.21153846153846154]",H,-1,0.0,1249.9999999999998,1249.9999999999998,False,0.0
q60,4,6,"[-71, 35, ""top"", ""s"", 0.21153846153846154]",forward,0,1.5013417854510317e-14,0.033878638295872815,0.033878638295872815,False,4.4315293086438163e-13
q60,4,6,"[-71, 35, ""top"", ""s"", 0.21153846153846154]",forward,1,1.776752021015912e-14,0.042911645347806386,0.042911645347806386,False,4.140489153037657e-13
q60,4,6,"[-71, 35, ""top"", ""s"", 0.21153846153846154]",forward,2,3.618302177828692e-15,0.026019177402822287,0.026019177402822287,False,1.3906289664008426e-13
q60,4,6,"[-71, 35, ""top"", ""s"", 0.21153846153846154]",projection,0,3.588119546138493e-18,0.000937851528064197,0.000937851528064197,False,3.825892946556975e-15
q60,4,6,"[-71, 35, ""top"", ""s"", 0.21153846153846154]",projection,1,1.0203171979570806e-17,0.0009256881463810606,0.0009256881463810606,False,1.1022256274383207e-14
q60,4,6,"[-71, 35, ""top"", ""s"", 0.21153846153846154]",projection,2,4.773260861802232e-18,0.0009489172376934674,0.0009489172376934674,False,5.030218307978675e-15
q60,4,7,"[-71, 35, ""top"", ""p"", 0.21153846153846154]",B,-1,4.152251172275561e-14,0.9067385714304235,0.9067385714304235,False,4.579325621634454e-14
q60,4,7,"[-71, 35, ""top"", ""p"", 0.21153846153846154]",D,-1,9.221741908749783e-16,0.020093716115496013,0.020093716115496013,False,4.589366076311835e-14
q60,4,7,"[-71, 35, ""top"", ""p"", 0.21153846153846154]",H,-1,0.0,49.457255576697435,49.457255576697435,False,0.0
q60,4,7,"[-71, 35, ""top"", ""p"", 0.21153846153846154]",forward,0,6.600666368561663e-16,0.002745241945273999,0.002745241945273999,False,2.4044024170346335e-13
q60,4,7,"[-71, 35, ""top"", ""p"", 0.21153846153846154]",forward,1,2.0045028141134233e-15,0.06054429998549099,0.06054429998549099,False,3.310803518405181e-14
q60,4,7,"[-71, 35, ""top"", ""p"", 0.21153846153846154]",forward,2,2.3072474372957582e-15,0.026970418909332224,0.026970418909332224,False,8.554733410156308e-14
q60,4,7,"[-71, 35, ""top"", ""p"", 0.21153846153846154]",projection,0,0.0,0.04273688150332002,0.04273688150332002,False,0.0
q60,4,7,"[-71, 35, ""top"", ""p"", 0.21153846153846154]",projection,1,0.0,0.04274207593022784,0.04274207593022784,False,0.0
q60,4,7,"[-71, 35, ""top"", ""p"", 0.21153846153846154]",projection,2,0.0,0.04273774267850937,0.04273774267850937,False,0.0
q60,4,8,"[-70, 1, ""bottom"", ""s"", 0.21153846153846154]",B,-1,2.6259339273881036e-13,89.31887653444578,89.31887653444578,False,2.9399540492153564e-15
q60,4,8,"[-70, 1, ""bottom"", ""s"", 0.21153846153846154]",D,-1,2.957236581948865e-14,9.956744405189621,9.956744405189621,False,2.970083856333104e-15
q60,4,8,"[-70, 1, ""bottom"", ""s"", 0.21153846153846154]",H,-1,0.0,1249.9999999999998,1249.9999999999998,False,0.0
q60,4,8,"[-70, 1, ""bottom"", ""s"", 0.21153846153846154]",forward,0,1.6758116906701664e-14,5.657918094482106,5.657918094482106,False,2.961887504706907e-15
q60,4,8,"[-70, 1, ""bottom"", ""s"", 0.21153846153846154]",forward,1,3.956897784362198e-15,1.441623613621366,1.441623613621366,False,2.744750950924319e-15
q60,4,8,"[-70, 1, ""bottom"", ""s"", 0.21153846153846154]",forward,2,7.444291678311382e-15,2.1004745153596147,2.1004745153596147,False,3.544099975446201e-15
q60,4,8,"[-70, 1, ""bottom"", ""s"", 0.21153846153846154]",projection,0,7.818293051731877e-19,0.0019754494793869544,0.0019754494793869544,False,3.9577286755812884e-16
q60,4,8,"[-70, 1, ""bottom"", ""s"", 0.21153846153846154]",projection,1,1.454609855418324e-18,0.002118449264854947,0.002118449264854947,False,6.866389861443875e-16
q60,4,8,"[-70, 1, ""bottom"", ""s"", 0.21153846153846154]",projection,2,0.0,0.0019790233046861464,0.0019790233046861464,False,0.0
q60,4,9,"[-70, 1, ""bottom"", ""p"", 0.21153846153846154]",B,-1,1.8616297511076085e-13,63.417172128718626,63.417172128718626,False,2.93552942936187e-15
q60,4,9,"[-70, 1, ""bottom"", ""p"", 0.21153846153846154]",D,-1,2.092319807738373e-14,7.06104710406974,7.06104710406974,False,2.9631863049496346e-15
q60,4,9,"[-70, 1, ""bottom"", ""p"", 0.21153846153846154]",H,-1,0.0,1248.5275862462233,1248.5275862462233,False,0.0
q60,4,9,"[-70, 1, ""bottom"", ""p"", 0.21153846153846154]",forward,0,1.2724531456859724e-14,4.6134213173847325,4.6134213173847325,False,2.7581550830638288e-15
q60,4,9,"[-70, 1, ""bottom"", ""p"", 0.21153846153846154]",forward,1,3.5202835435742485e-15,1.2519772619892917,1.2519772619892917,False,2.8117791356536295e-15
q60,4,9,"[-70, 1, ""bottom"", ""p"", 0.21153846153846154]",forward,2,4.133624374154424e-15,1.0857376466103652,1.0857376466103652,False,3.807203689638518e-15
q60,4,9,"[-70, 1, ""bottom"", ""p"", 0.21153846153846154]",projection,0,5.564896876688427e-19,0.000439548462349831,0.000439548462349831,False,1.2660485369322933e-15
q60,4,9,"[-70, 1, ""bottom"", ""p"", 0.21153846153846154]",projection,1,8.50684259713891e-19,0.00046568871090962144,0.00046568871090962144,False,1.826722958459235e-15
q60,4,9,"[-70, 1, ""bottom"", ""p"", 0.21153846153846154]",projection,2,1.1175700191704681e-19,0.0003679156363940254,0.0003679156363940254,False,3.0375714120874923e-16
q60,4,10,"[-70, 1, ""top"", ""s"", 0.21153846153846154]",B,-1,9.897800209909977e-12,89.31887653444578,89.31887653444578,False,1.1081420405117719e-13
q60,4,10,"[-70, 1, ""top"", ""s"", 0.21153846153846154]",D,-1,1.1031872245675682e-12,9.956744405189621,9.956744405189621,False,1.1079798573443028e-13
q60,4,10,"[-70, 1, ""top"", ""s"", 0.21153846153846154]",H,-1,0.0,1249.9999999999998,1249.9999999999998,False,0.0
q60,4,10,"[-70, 1, ""top"", ""s"", 0.21153846153846154]",forward,0,4.342872902517999e-13,3.9482526131758706,3.9482526131758706,False,1.0999480853948467e-13
q60,4,10,"[-70, 1, ""top"", ""s"", 0.21153846153846154]",forward,1,2.730339772969876e-13,2.5178982307562636,2.5178982307562636,False,1.0843725690016488e-13
q60,4,10,"[-70, 1, ""top"", ""s"", 0.21153846153846154]",forward,2,8.849025496493213e-13,7.970962126352219,7.970962126352219,False,1.1101577646741154e-13
q60,4,10,"[-70, 1, ""top"", ""s"", 0.21153846153846154]",projection,0,8.548241866089083e-17,0.0005127537835060143,0.0005127537835060143,False,1.667124093680884e-13
q60,4,10,"[-70, 1, ""top"", ""s"", 0.21153846153846154]",projection,1,4.87217102223848e-17,0.0014550037092082519,0.0014550037092082519,False,3.348562612867632e-14
q60,4,10,"[-70, 1, ""top"", ""s"", 0.21153846153846154]",projection,2,3.635490102160295e-17,0.0009313131891236525,0.0009313131891236525,False,3.903617112500275e-14
q60,4,11,"[-70, 1, ""top"", ""p"", 0.21153846153846154]",B,-1,7.028004501126541e-12,63.417172128718626,63.417172128718626,False,1.1082178951249534e-13
q60,4,11,"[-70, 1, ""top"", ""p"", 0.21153846153846154]",D,-1,7.825074957054587e-13,7.061047104069739,7.061047104069739,False,1.1082031944730251e-13
q60,4,11,"[-70, 1, ""top"", ""p"", 0.21153846153846154]",H,-1,0.0,1248.5275862462233,1248.5275862462233,False,0.0
q60,4,11,"[-70, 1, ""top"", ""p"", 0.21153846153846154]",forward,0,3.1057494461159134e-13,2.823768564488511,2.823768564488511,False,1.0998597707948066e-13
q60,4,11,"[-70, 1, ""top"", ""p"", 0.21153846153846154]",forward,1,1.727907972936786e-13,1.5996341770351823,1.5996341770351823,False,1.0801894569040471e-13
q60,4,11,"[-70, 1, ""top"", ""p"", 0.21153846153846154]",forward,2,5.974889119634926e-13,5.37853304774782,5.37853304774782,False,1.1108770861112067e-13
q60,4,11,"[-70, 1, ""top"", ""p"", 0.21153846153846154]",projection,0,6.043133709646016e-17,0.0005914759496683279,0.0005914759496683279,False,1.0217040461298086e-13
q60,4,11,"[-70, 1, ""top"", ""p"", 0.21153846153846154]",projection,1,3.38752458138993e-17,0.000284462929197368,0.000284462929197368,False,1.1908492227609646e-13
q60,4,11,"[-70, 1, ""top"", ""p"", 0.21153846153846154]",projection,2,2.4030480385634175e-17,0.0001891800185592088,0.0001891800185592088,False,1.270244107630913e-13
q60,4,12,"[-142, 0, ""bottom"", ""s"", 0.14655172413793102]",B,-1,1.4152427428347308e-15,0.3969187719765802,0.3969187719765802,False,3.565572713497753e-15
q60,4,12,"[-142, 0, ""bottom"", ""s"", 0.14655172413793102]",D,-1,1.0253412783628316e-15,0.28812308060648917,0.28812308060648917,False,3.558691918066832e-15
q60,4,12,"[-142, 0, ""bottom"", ""s"", 0.14655172413793102]",H,-1,0.0,1250.0,1250.0,False,0.0
q60,4,12,"[-142, 0, ""bottom"", ""s"", 0.14655172413793102]",forward,0,1.3985787785349405e-16,0.042538962187882244,0.042538962187882244,False,3.28775951880966e-15
q60,4,12,"[-142, 0, ""bottom"", ""s"", 0.14655172413793102]",forward,1,4.120652957816004e-17,0.01363289856409369,0.01363289856409369,False,3.022580222718721e-15
q60,4,12,"[-142, 0, ""bottom"", ""s"", 0.14655172413793102]",forward,2,7.770636641423872e-17,0.021963681803722192,0.021963681803722192,False,3.5379481049060634e-15
q60,4,12,"[-142, 0, ""bottom"", ""s"", 0.14655172413793102]",projection,0,1.249481266240455e-19,0.0002064621123345093,0.0002064621123345093,False,6.05186710584482e-16
q60,4,12,"[-142, 0, ""bottom"", ""s"", 0.14655172413793102]",projection,1,1.3552527156068805e-20,0.00023941986007611972,0.00023941986007611972,False,5.660569324432817e-17
q60,4,12,"[-142, 0, ""bottom"", ""s"", 0.14655172413793102]",projection,2,6.776263578034403e-20,0.00021201743101321375,0.00021201743101321375,False,3.196087956377549e-16
q60,4,13,"[-142, 0, ""bottom"", ""p"", 0.14655172413793102]",B,-1,4.2394049090995447e-13,119.06119040026886,119.06119040026886,False,3.560694206774848e-15
q60,4,13,"[-142, 0, ""bottom"", ""p"", 0.14655172413793102]",D,-1,7.207232435538512e-15,2.0357767642564686,2.0357767642564686,False,3.540286224934307e-15
q60,4,13,"[-142, 0, ""bottom"", ""p"", 0.14655172413793102]",H,-1,0.0,29.44377804032904,29.44377804032904,False,0.0
q60,4,13,"[-142, 0, ""bottom"", ""p"", 0.14655172413793102]",forward,0,1.6641498776827508e-14,6.327291877885531,6.327291877885531,False,2.630113972613004e-15
q60,4,13,"[-142, 0, ""bottom"", ""p"", 0.14655172413793102]",forward,1,2.930988785010413e-14,7.958088988671431,7.958088988671431,False,3.683030925116269e-15
q60,4,13,"[-142, 0, ""bottom"", ""p"", 0.14655172413793102]",forward,2,4.7791200441584545e-15,1.5583736144216802,1.5583736144216802,False,3.0667357300784437e-15
q60,4,13,"[-142, 0, ""bottom"", ""p"", 0.14655172413793102]",projection,0,3.878959614448864e-18,0.01923076665461297,0.01923076665461297,False,2.0170592697189223e-16
q60,4,13,"[-142, 0, ""bottom"", ""p"", 0.14655172413793102]",projection,1,8.741117365843378e-18,0.017986162163120763,0.017986162163120763,False,4.859912463019134e-16
q60,4,13,"[-142, 0, ""bottom"", ""p"", 0.14655172413793102]",projection,2,7.489632195324384e-18,0.01806341274179408,0.01806341274179408,False,4.1462996513362653e-16
q60,4,14,"[-142, 0, ""top"", ""s"", 0.14655172413793102]",B,-1,2.945576812572321e-16,0.39691877197658004,0.39691877197658004,False,7.421107341192024e-16
q60,4,14,"[-142, 0, ""top"", ""s"", 0.14655172413793102]",D,-1,2.1295606172874882e-16,0.28812308060648906,0.28812308060648906,False,7.391148993703792e-16
q60,4,14,"[-142, 0, ""top"", ""s"", 0.14655172413793102]",H,-1,0.0,1250.0,1250.0,False,0.0
q60,4,14,"[-142, 0, ""top"", ""s"", 0.14655172413793102]",forward,0,9.437542421722125e-18,0.016022375928917306,0.016022375928917306,False,5.890226557903424e-16
q60,4,14,"[-142, 0, ""top"", ""s"", 0.14655172413793102]",forward,1,1.7482234731686756e-17,0.009330705853206119,0.009330705853206119,False,1.8736240330285083e-15
q60,4,14,"[-142, 0, ""top"", ""s"", 0.14655172413793102]",forward,2,1.8683543625880677e-17,0.02651156646122569,0.02651156646122569,False,7.047317876597811e-16
q60,4,14,"[-142, 0, ""top"", ""s"", 0.14655172413793102]",projection,0,0.0,0.000308917878106037,0.000308917878106037,False,0.0
q60,4,14,"[-142, 0, ""top"", ""s"", 0.14655172413793102]",projection,1,0.0,0.00031522597756881526,0.00031522597756881526,False,0.0
q60,4,14,"[-142, 0, ""top"", ""s"", 0.14655172413793102]",projection,2,0.0,0.0003081673418375283,0.0003081673418375283,False,0.0
q60,4,15,"[-142, 0, ""top"", ""p"", 0.14655172413793102]",B,-1,1.426665556050503e-13,119.06119040026887,119.06119040026887,False,1.1982624659254887e-15
q60,4,15,"[-142, 0, ""top"", ""p"", 0.14655172413793102]",D,-1,2.4095034375186475e-15,2.0357767642564686,2.0357767642564686,False,1.1835793982051248e-15
q60,4,15,"[-142, 0, ""top"", ""p"", 0.14655172413793102]",H,-1,0.0,29.44377804032904,29.44377804032904,False,0.0
q60,4,15,"[-142, 0, ""top"", ""p"", 0.14655172413793102]",forward,0,6.159549458560325e-15,3.6419533584002823,3.6419533584002823,False,1.6912763158685507e-15
q60,4,15,"[-142, 0, ""top"", ""p"", 0.14655172413793102]",forward,1,1.510556244683321e-14,3.6910742534476535,3.6910742534476535,False,4.092456940611216e-15
q60,4,15,"[-142, 0, ""top"", ""p"", 0.14655172413793102]",forward,2,2.673771110915334e-15,7.788831577254668,7.788831577254668,False,3.4328269707659526e-16
q60,4,15,"[-142, 0, ""top"", ""p"", 0.14655172413793102]",projection,0,9.813077866773595e-18,0.06029793270967059,0.06029793270967059,False,1.6274318912428936e-16
q60,4,15,"[-142, 0, ""top"", ""p"", 0.14655172413793102]",projection,1,1.4304896245381992e-17,0.05068840000542031,0.05068840000542031,False,2.8221242422038007e-16
q60,4,15,"[-142, 0, ""top"", ""p"", 0.14655172413793102]",projection,2,0.0,0.05801248906849584,0.05801248906849584,False,0.0
q60,4,16,"[-71, 35, ""bottom"", ""s"", 0.14655172413793102]",B,-1,2.9072465617259455e-13,0.44538313880710934,0.44538313880710934,False,6.527518238594665e-13
q60,4,16,"[-71, 35, ""bottom"", ""s"", 0.14655172413793102]",D,-1,1.6283092056470613e-13,0.24945484483917393,0.24945484483917393,False,6.527470760076233e-13
q60,4,16,"[-71, 35, ""bottom"", ""s"", 0.14655172413793102]",H,-1,0.0,1249.9999999999998,1249.9999999999998,False,0.0
q60,4,16,"[-71, 35, ""bottom"", ""s"", 0.14655172413793102]",forward,0,1.106012945530197e-14,0.02055289570798548,0.02055289570798548,False,5.381299848178933e-13
q60,4,16,"[-71, 35, ""bottom"", ""s"", 0.14655172413793102]",forward,1,2.3154807995541342e-14,0.036632681013321816,0.036632681013321816,False,6.320806273262085e-13
q60,4,16,"[-71, 35, ""bottom"", ""s"", 0.14655172413793102]",forward,2,9.876905870535526e-15,0.017321030844854556,0.017321030844854556,False,5.702262156914058e-13
q60,4,16,"[-71, 35, ""bottom"", ""s"", 0.14655172413793102]",projection,0,6.06087439757635e-18,0.0005471187960153916,0.0005471187960153916,False,1.1077803288274974e-14
q60,4,16,"[-71, 35, ""bottom"", ""s"", 0.14655172413793102]",projection,1,9.919857400346577e-18,0.0005560698136445076,0.0005560698136445076,False,1.7839230177468844e-14
q60,4,16,"[-71, 35, ""bottom"", ""s"", 0.14655172413793102]",projection,2,2.7110474781007344e-18,0.0005501743279619475,0.0005501743279619475,False,4.927615376281684e-15
q60,4,17,"[-71, 35, ""bottom"", ""p"", 0.14655172413793102]",B,-1,2.955382479229049e-14,0.6282533314780935,0.6282533314780935,False,4.7041254397742894e-14
q60,4,17,"[-71, 35, ""bottom"", ""p"", 0.14655172413793102]",D,-1,6.551235157087713e-16,0.013922363610737933,0.013922363610737933,False,4.7055480953212044e-14
q60,4,17,"[-71, 35, ""bottom"", ""p"", 0.14655172413793102]",H,-1,0.0,49.457255576697435,49.457255576697435,False,0.0
q60,4,17,"[-71, 35, ""bottom"", ""p"", 0.14655172413793102]",forward,0,2.2803637863494822e-15,0.056311634132609915,0.056311634132609915,False,4.049542907917371e-14
q60,4,17,"[-71, 35, ""bottom"", ""p"", 0.14655172413793102]",forward,1,2.2386840015506016e-15,0.05103067877791223,0.05103067877791223,False,4.386937534759146e-14
q60,4,17,"[-71, 35, ""bottom"", ""p"", 0.14655172413793102]",forward,2,1.8250379259440193e-15,0.028167410389330575,0.028167410389330575,False,6.479253508641031e-14
q60,4,17,"[-71, 35, ""bottom"", ""p"", 0.14655172413793102]",projection,0,0.0,0.02309644693897435,0.02309644693897435,False,0.0
q60,4,17,"[-71, 35, ""bottom"", ""p"", 0.14655172413793102]",projection,1,1.734723475976807e-18,0.023077762248364626,0.023077762248364626,False,7.516861718686506e-17
q60,4,17,"[-71, 35, ""bottom"", ""p"", 0.14655172413793102]",projection,2,3.469446951953614e-18,0.023091369790414363,0.023091369790414363,False,1.502486419577345e-16
q60,4,18,"[-71, 35, ""top"", ""s"", 0.14655172413793102]",B,-1,2.9071472495935337e-13,0.44538313880710984,0.44538313880710984,False,6.527295257247232e-13
q60,4,18,"[-71, 35, ""top"", ""s"", 0.14655172413793102]",D,-1,1.6282756297616013e-13,0.2494548448391742,0.2494548448391742,False,6.527336163029286e-13
q60,4,18,"[-71, 35, ""top"", ""s"", 0.14655172413793102]",H,-1,0.0,1249.9999999999998,1249.9999999999998,False,0.0
q60,4,18,"[-71, 35, ""top"", ""s"", 0.14655172413793102]",forward,0,1.5016685446688817e-14,0.033862037791934606,0.033862037791934606,False,4.434666790864415e-13
q60,4,18,"[-71, 35, ""top"", ""s"", 0.14655172413793102]",forward,1,1.7790874721985155e-14,0.04293718848798999,0.04293718848798999,False,4.1434652217532736e-13
q60,4,18,"[-71, 35, ""top"", ""s"", 0.14655172413793102]",forward,2,3.6259559246658584e-15,0.02603774321184673,0.02603774321184673,False,1.392576881630859e-13
q60,4,18,"[-71, 35, ""top"", ""s"", 0.14655172413793102]",projection,0,3.540297800417733e-18,0.0010799335059331731,0.0010799335059331731,False,3.2782553564337774e-15
q60,4,18,"[-71, 35, ""top"", ""s"", 0.14655172413793102]",projection,1,1.0198562589729646e-17,0.0010916675673929507,0.0010916675673929507,False,9.342187030512583e-15
q60,4,18,"[-71, 35, ""top"", ""s"", 0.14655172413793102]",projection,2,4.773260861802232e-18,0.0010680617443364789,0.0010680617443364789,False,4.469087004672717e-15
q60,4,19,"[-71, 35, ""top"", ""p"", 0.14655172413793102]",B,-1,2.9669594662793705e-14,0.6282533314780934,0.6282533314780934,False,4.722552699082386e-14
q60,4,19,"[-71, 35, ""top"", ""p"", 0.14655172413793102]",D,-1,6.573198373490712e-16,0.013922363610737933,0.013922363610737933,False,4.7213235893515856e-14
q60,4,19,"[-71, 35, ""top"", ""p"", 0.14655172413793102]",H,-1,0.0,49.457255576697435,49.457255576697435,False,0.0
q60,4,19,"[-71, 35, ""top"", ""p"", 0.14655172413793102]",forward,0,5.761085123774591e-16,0.0016017740938243663,0.0016017740938243663,False,3.596690161232119e-13
q60,4,19,"[-71, 35, ""top"", ""p"", 0.14655172413793102]",forward,1,1.5130289582145769e-15,0.042004253303679955,0.042004253303679955,False,3.602085120465698e-14
q60,4,19,"[-71, 35, ""top"", ""p"", 0.14655172413793102]",forward,2,1.6402120070674012e-15,0.018724463427494974,0.018724463427494974,False,8.759727686823412e-14
q60,4,19,"[-71, 35, ""top"", ""p"", 0.14655172413793102]",projection,0,2.168404344971009e-19,0.009855759541270248,0.009855759541270248,False,2.2001392545049214e-17
q60,4,19,"[-71, 35, ""top"", ""p"", 0.14655172413793102]",projection,1,1.788112030672749e-18,0.009859491827847401,0.009859491827847401,False,1.8135945157156675e-16
q60,4,19,"[-71, 35, ""top"", ""p"", 0.14655172413793102]",projection,2,2.168404344971009e-19,0.009838459391096751,0.009838459391096751,False,2.2040080248064976e-17
q60,4,20,"[-70, 1, ""bottom"", ""s"", 0.14655172413793102]",B,-1,2.593015468069793e-13,89.29985325248472,89.29985325248472,False,2.9037175019071417e-15
q60,4,20,"[-70, 1, ""bottom"", ""s"", 0.14655172413793102]",D,-1,2.9254387991272346e-14,9.954623801308525,9.954623801308525,False,2.9387738376840404e-15
q60,4,20,"[-70, 1, ""bottom"", ""s"", 0.14655172413793102]",H,-1,0.0,1249.9999999999998,1249.9999999999998,False,0.0
q60,4,20,"[-70, 1, ""bottom"", ""s"", 0.14655172413793102]",forward,0,1.6693265551392945e-14,5.758582583079472,5.758582583079472,False,2.8988497274386604e-15
q60,4,20,"[-70, 1, ""bottom"", ""s"", 0.14655172413793102]",forward,1,3.0537440611031887e-15,1.4844039436434833,1.4844039436434833,False,2.057219043495496e-15
q60,4,20,"[-70, 1, ""bottom"", ""s"", 0.14655172413793102]",forward,2,7.552781223416605e-15,2.0241711264815017,2.0241711264815017,False,3.731295800343306e-15
q60,4,20,"[-70, 1, ""bottom"", ""s"", 0.14655172413793102]",projection,0,8.467889666272201e-19,0.0017303675229492297,0.0017303675229492297,False,4.893694289776991e-16
q60,4,20,"[-70, 1, ""bottom"", ""s"", 0.14655172413793102]",projection,1,1.454609855418324e-18,0.00160870495717675,0.00160870495717675,False,9.04211707018756e-16
q60,4,20,"[-70, 1, ""bottom"", ""s"", 0.14655172413793102]",projection,2,3.0665868333667484e-19,0.0016848823104870917,0.0016848823104870917,False,1.820059961624389e-16
q60,4,21,"[-70, 1, ""bottom"", ""p"", 0.14655172413793102]",B,-1,1.8349806209720802e-13,63.36911364965135,63.36911364965135,False,2.895701888963025e-15
q60,4,21,"[-70, 1, ""bottom"", ""p"", 0.14655172413793102]",D,-1,2.0458047566523933e-14,7.05569613724083,7.05569613724083,False,2.899508024239288e-15
q60,4,21,"[-70, 1, ""bottom"", ""p"", 0.14655172413793102]",H,-1,0.0,1248.5275862462233,1248.5275862462233,False,0.0
q60,4,21,"[-70, 1, ""bottom"", ""p"", 0.14655172413793102]",forward,0,1.290917759688582e-14,4.499706485969525,4.499706485969525,False,2.8688932571797195e-15
q60,4,21,"[-70, 1, ""bottom"", ""p"", 0.14655172413793102]",forward,1,4.378755790645951e-15,1.2139624445981534,1.2139624445981534,False,3.606994442151305e-15
q60,4,21,"[-70, 1, ""bottom"", ""p"", 0.14655172413793102]",forward,2,4.628777964573276e-15,1.1561254813947432,1.1561254813947432,False,4.003698594195108e-15
q60,4,21,"[-70, 1, ""bottom"", ""p"", 0.14655172413793102]",projection,0,5.838607383087711e-19,0.0011462740543806233,0.0011462740543806233,False,5.093552768445534e-16
q60,4,21,"[-70, 1, ""bottom"", ""p"", 0.14655172413793102]",projection,1,9.69739903612216e-19,0.0009246521271211689,0.0009246521271211689,False,1.0487618804613842e-15
q60,4,21,"[-70, 1, ""bottom"", ""p"", 0.14655172413793102]",projection,2,5.421010862427522e-20,0.0010690554570348054,0.0010690554570348054,False,5.070841579597334e-17
q60,4,22,"[-70, 1, ""top"", ""s"", 0.14655172413793102]",B,-1,9.898543124688186e-12,89.29985325248472,89.29985325248472,False,1.10846129799354e-13
q60,4,22,"[-70, 1, ""top"", ""s"", 0.14655172413793102]",D,-1,1.1033562190096251e-12,9.954623801308525,9.954623801308525,False,1.1083856517657554e-13
q60,4,22,"[-70, 1, ""top"", ""s"", 0.14655172413793102]",H,-1,0.0,1249.9999999999998,1249.9999999999998,False,0.0
q60,4,22,"[-70, 1, ""top"", ""s"", 0.14655172413793102]",forward,0,4.322119766237317e-13,3.926253350693046,3.926253350693046,False,1.1008254893878395e-13
q60,4,22,"[-70, 1, ""top"", ""s"", 0.14655172413793102]",forward,1,2.643170329710816e-13,2.453273616549173,2.453273616549173,False,1.0774054356923938e-13
q60,4,22,"[-70, 1, ""top"", ""s"", 0.14655172413793102]",forward,2,8.800365849872121e-13,7.925072908135836,7.925072908135836,False,1.1104460428165543e-13
q60,4,22,"[-70, 1, ""top"", ""s"", 0.14655172413793102]",projection,0,8.534819944274782e-17,0.0014822303177751265,0.0014822303177751265,False,5.758092950821442e-14
q60,4,22,"[-70, 1, ""top"", ""s"", 0.14655172413793102]",projection,1,4.912300374618166e-17,0.0007897978657603311,0.0007897978657603311,False,6.219693148814905e-14
q60,4,22,"[-70, 1, ""top"", ""s"", 0.14655172413793102]",projection,2,3.5901429747927106e-17,0.000621494729707793,0.000621494729707793,False,5.776626579730904e-14
q60,4,23,"[-70, 1, ""top"", ""p"", 0.14655172413793102]",B,-1,7.025101361599262e-12,63.36911364965135,63.36911364965135,False,1.1086002244624916e-13
q60,4,23,"[-70, 1, ""top"", ""p"", 0.14655172413793102]",D,-1,7.82253684745587e-13,7.0556961372408304,7.0556961372408304,False,1.1086839193892663e-13
q60,4,23,"[-70, 1, ""top"", ""p"", 0.14655172413793102]",H,-1,0.0,1248.5275862462233,1248.5275862462233,False,0.0
q60,4,23,"[-70, 1, ""top"", ""p"", 0.14655172413793102]",forward,0,3.074201741445968e-13,2.8008234640618244,2.8008234640618244,False,1.0976063935810092e-13
q60,4,23,"[-70, 1, ""top"", ""p"", 0.14655172413793102]",forward,1,1.73533257062248e-13,1.6097543024272076,1.6097543024272076,False,1.078010829358197e-13
q60,4,23,"[-70, 1, ""top"", ""p"", 0.14655172413793102]",forward,2,6.029738993419076e-13,5.430212844332105,5.430212844332105,False,1.1104056445435171e-13
q60,4,23,"[-70, 1, ""top"", ""p"", 0.14655172413793102]",projection,0,6.045192811278949e-17,0.001249302709475135,0.001249302709475135,False,4.838853518390826e-14
q60,4,23,"[-70, 1, ""top"", ""p"", 0.14655172413793102]",projection,1,3.438412623608314e-17,0.0013949523355248365,0.0013949523355248365,False,2.4648961373398082e-14
q60,4,23,"[-70, 1, ""top"", ""p"", 0.14655172413793102]",projection,2,2.415509006346593e-17,0.0015777393859735312,0.0015777393859735312,False,1.530993665887426e-14
q60,6,0,"[-142, 0, ""bottom"", ""s"", 0.21153846153846154]",B,-1,3.49456956328148e-15,0.6982591834766516,0.6982591834766516,False,5.004688296231096e-15
q60,6,0,"[-142, 0, ""bottom"", ""s"", 0.21153846153846154]",D,-1,2.5383889826578996e-15,0.5068658909811786,0.5068658909811786,False,5.0080090766102805e-15
q60,6,0,"[-142, 0, ""bottom"", ""s"", 0.21153846153846154]",H,-1,0.0,1250.0,1250.0,False,0.0
q60,6,0,"[-142, 0, ""bottom"", ""s"", 0.21153846153846154]",forward,0,3.6880726988814706e-17,0.010389882165251066,0.010389882165251066,False,3.5496771187802497e-15
q60,6,0,"[-142, 0, ""bottom"", ""s"", 0.21153846153846154]",forward,1,8.081372738633268e-17,0.020363533513947797,0.020363533513947797,False,3.968551299359717e-15
q60,6,0,"[-142, 0, ""bottom"", ""s"", 0.21153846153846154]",forward,2,1.2919032080893355e-16,0.03534039777454516,0.03534039777454516,False,3.655598944672497e-15
q60,6,0,"[-142, 0, ""bottom"", ""s"", 0.21153846153846154]",projection,0,8.131516293641283e-20,0.0006613314645990049,0.0006613314645990049,False,1.2295674300892047e-16
q60,6,0,"[-142, 0, ""bottom"", ""s"", 0.21153846153846154]",projection,1,5.421010862427522e-20,0.0006628150576318409,0.0006628150576318409,False,8.178768421158304e-17
q60,6,0,"[-142, 0, ""bottom"", ""s"", 0.21153846153846154]",projection,2,1.0842021724855044e-19,0.0006747341360820992,0.0006747341360820992,False,1.6068583379833367e-16
q60,6,1,"[-142, 0, ""bottom"", ""p"", 0.21153846153846154]",B,-1,6.611630747858409e-13,147.70336319611127,147.70336319611127,False,4.476289912965557e-15
q60,6,1,"[-142, 0, ""bottom"", ""p"", 0.21153846153846154]",D,-1,1.1352579650998172e-14,2.5255171209551284,2.5255171209551284,False,4.495150540379123e-15
q60,6,1,"[-142, 0, ""bottom"", ""p"", 0.21153846153846154]",H,-1,0.0,29.44377804032904,29.44377804032904,False,0.0
q60,6,1,"[-142, 0, ""bottom"", ""p"", 0.21153846153846154]",forward,0,3.044603204756352e-14,4.41494170775785,4.41494170775785,False,6.896134550103877e-15
q60,6,1,"[-142, 0, ""bottom"", ""p"", 0.21153846153846154]",forward,1,1.306105549923297e-14,1.2595365662066382,1.2595365662066382,False,1.036973109766008e-14
q60,6,1,"[-142, 0, ""bottom"", ""p"", 0.21153846153846154]",forward,2,9.979663786127904e-15,3.417818894399702,3.417818894399702,False,2.919892508781016e-15
q60,6,1,"[-142, 0, ""bottom"", ""p"", 0.21153846153846154]",projection,0,2.223222581375413e-17,0.044664445115811344,0.044664445115811344,False,4.977611555703366e-16
q60,6,1,"[-142, 0, ""bottom"", ""p"", 0.21153846153846154]",projection,1,1.3985787785349405e-17,0.04096760446674585,0.04096760446674585,False,3.413865166732393e-16
q60,6,1,"[-142, 0, ""bottom"", ""p"", 0.21153846153846154]",projection,2,2.6020852139652106e-18,0.04337804522072188,0.04337804522072188,False,5.998622576754987e-17
q60,6,2,"[-142, 0, ""top"", ""s"", 0.21153846153846154]",B,-1,2.3767932307565704e-15,0.6982591834766518,0.6982591834766518,False,3.403883954554598e-15
q60,6,2,"[-142, 0, ""top"", ""s"", 0.21153846153846154]",D,-1,1.7243142667832876e-15,0.5068658909811788,0.5068658909811788,False,3.40191418965952e-15
q60,6,2,"[-142, 0, ""top"", ""s"", 0.21153846153846154]",H,-1,0.0,1250.0,1250.0,False,0.0
q60,6,2,"[-142, 0, ""top"", ""s"", 0.21153846153846154]",forward,0,9.553586958348489e-17,0.012487735591957835,0.012487735591957835,False,7.650375753071717e-15
q60,6,2,"[-142, 0, ""top"", ""s"", 0.21153846153846154]",forward,1,9.998766140864343e-17,0.008468285054169246,0.008468285054169246,False,1.1807309362999755e-14
q60,6,2,"[-142, 0, ""top"", ""s"", 0.21153846153846154]",forward,2,1.260632036191878e-16,0.016013305269644687,0.016013305269644687,False,7.872403697827274e-15
q60,6,2,"[-142, 0, ""top"", ""s"", 0.21153846153846154]",projection,0,0.0,0.0005301268501970456,0.0005301268501970456,False,0.0
q60,6,2,"[-142, 0, ""top"", ""s"", 0.21153846153846154]",projection,1,0.0,0.0005360206220611751,0.0005360206220611751,False,0.0
q60,6,2,"[-142, 0, ""top"", ""s"", 0.21153846153846154]",projection,2,0.0,0.0005446625797272994,0.0005446625797272994,False,0.0
q60,6,3,"[-142, 0, ""top"", ""p"", 0.21153846153846154]",B,-1,4.655821515747434e-13,147.70336319611127,147.70336319611127,False,3.152143197691258e-15
q60,6,3,"[-142, 0, ""top"", ""p"", 0.21153846153846154]",D,-1,7.988360704620435e-15,2.525517120955128,2.525517120955128,False,3.1630594139861973e-15
q60,6,3,"[-142, 0, ""top"", ""p"", 0.21153846153846154]",H,-1,0.0,29.44377804032904,29.44377804032904,False,0.0
q60,6,3,"[-142, 0, ""top"", ""p"", 0.21153846153846154]",forward,0,1.807312143953211e-15,5.167924473939768,5.167924473939768,False,3.497172129869395e-16
q60,6,3,"[-142, 0, ""top"", ""p"", 0.21153846153846154]",forward,1,4.5288390936029406e-15,9.011246519644594,9.011246519644594,False,5.025763176859087e-16
q60,6,3,"[-142, 0, ""top"", ""p"", 0.21153846153846154]",forward,2,9.441466109136565e-15,4.365074312940792,4.365074312940792,False,2.1629565574969007e-15
q60,6,3,"[-142, 0, ""top"", ""p"", 0.21153846153846154]",projection,0,1.734723475976807e-18,0.045831457954318845,0.045831457954318845,False,3.7850060927711305e-17
q60,6,3,"[-142, 0, ""top"", ""p"", 0.21153846153846154]",projection,1,1.5612511283791264e-17,0.045811871141319106,0.045811871141319106,False,3.407961931009159e-16
q60,6,3,"[-142, 0, ""top"", ""p"", 0.21153846153846154]",projection,2,1.3985787785349405e-17,0.04615616122597673,0.04615616122597673,False,3.0301020305558234e-16
q60,6,4,"[-71, 35, ""bottom"", ""s"", 0.21153846153846154]",B,-1,6.0545371745495304e-12,1.2433617760624505,1.2433617760624505,False,4.869489549311534e-12
q60,6,4,"[-71, 35, ""bottom"", ""s"", 0.21153846153846154]",D,-1,3.391125216196026e-12,0.6963950628156725,0.6963950628156725,False,4.869542300436464e-12
q60,6,4,"[-71, 35, ""bottom"", ""s"", 0.21153846153846154]",H,-1,0.0,1249.9999999999998,1249.9999999999998,False,0.0
q60,6,4,"[-71, 35, ""bottom"", ""s"", 0.21153846153846154]",forward,0,4.0453162881377526e-13,0.07727029000697942,0.07727029000697942,False,5.235280322841238e-12
q60,6,4,"[-71, 35, ""bottom"", ""s"", 0.21153846153846154]",forward,1,1.6683907945695592e-13,0.014668635672474431,0.014668635672474431,False,1.1373864835298078e-11
q60,6,4,"[-71, 35, ""bottom"", ""s"", 0.21153846153846154]",forward,2,7.059525770566338e-14,0.0166517620537225,0.0166517620537225,False,4.239506754775049e-12
q60,6,4,"[-71, 35, ""bottom"", ""s"", 0.21153846153846154]",projection,0,1.5205057225530358e-16,0.0008140845161093883,0.0008140845161093883,False,1.8677492231638586e-13
q60,6,4,"[-71, 35, ""bottom"", ""s"", 0.21153846153846154]",projection,1,4.498096271428433e-17,0.0007959692600952575,0.0007959692600952575,False,5.6510929465920884e-14
q60,6,4,"[-71, 35, ""bottom"", ""s"", 0.21153846153846154]",projection,2,3.847863906795198e-17,0.0007970537488246994,0.0007970537488246994,False,4.8276090696130464e-14
q60,6,5,"[-71, 35, ""bottom"", ""p"", 0.21153846153846154]",B,-1,7.54303285891493e-13,2.187259243283539,2.187259243283539,False,3.448623148845969e-13
q60,6,5,"[-71, 35, ""bottom"", ""p"", 0.21153846153846154]",D,-1,1.6714640458652165e-14,0.0484706040862479,0.0484706040862479,False,3.448407704783372e-13
q60,6,5,"[-71, 35, ""bottom"", ""p"", 0.21153846153846154]",H,-1,0.0,49.457255576697435,49.457255576697435,False,0.0
q60,6,5,"[-71, 35, ""bottom"", ""p"", 0.21153846153846154]",forward,0,3.432754779182288e-14,0.07427991562526996,0.07427991562526996,False,4.621376788444369e-13
q60,6,5,"[-71, 35, ""bottom"", ""p"", 0.21153846153846154]",forward,1,3.802748103106511e-14,0.10552241818314616,0.10552241818314616,False,3.6037347973834424e-13
q60,6,5,"[-71, 35, ""bottom"", ""p"", 0.21153846153846154]",forward,2,1.908475511467582e-14,0.04302370007788126,0.04302370007788126,False,4.4358702482884327e-13
q60,6,5,"[-71, 35, ""bottom"", ""p"", 0.21153846153846154]",projection,0,1.8683543625880677e-17,0.020614220894151325,0.020614220894151325,False,9.063424575595568e-16
q60,6,5,"[-71, 35, ""bottom"", ""p"", 0.21153846153846154]",projection,1,1.214306433183765e-17,0.020663090629291093,0.020663090629291093,False,5.876693157713867e-16
q60,6,5,"[-71, 35, ""bottom"", ""p"", 0.21153846153846154]",projection,2,8.673617379884035e-18,0.020623228549177246,0.020623228549177246,False,4.205751470581489e-16
q60,6,6,"[-71, 35, ""top"", ""s"", 0.21153846153846154]",B,-1,6.054590167127427e-12,1.2433617760624505,1.2433617760624505,False,4.869532169712866e-12
q60,6,6,"[-71, 35, ""top"", ""s"", 0.21153846153846154]",D,-1,3.3910986489889458e-12,0.6963950628156725,0.6963950628156725,False,4.869504150816372e-12
q60,6,6,"[-71, 35, ""top"", ""s"", 0.21153846153846154]",H,-1,0.0,1249.9999999999998,1249.9999999999998,False,0.0
q60,6,6,"[-71, 35, ""top"", ""s"", 0.21153846153846154]",forward,0,1.2266064042583932e-13,0.006205153940500144,0.006205153940500144,False,1.9767541885665567e-11
q60,6,6,"[-71, 35, ""top"", ""s"", 0.21153846153846154]",forward,1,2.1574738907054491e-13,0.05276935279018466,0.05276935279018466,False,4.088497919017019e-12
q60,6,6,"[-71, 35, ""top"", ""s"", 0.21153846153846154]",forward,2,1.8616035275764862e-13,0.028133864903111747,0.028133864903111747,False,6.616949125146981e-12
q60,6,6,"[-71, 35, ""top"", ""s"", 0.21153846153846154]",projection,0,2.9771370399488044e-17,0.0015125954379725775,0.0015125954379725775,False,1.968230873378304e-14
q60,6,6,"[-71, 35, ""top"", ""s"", 0.21153846153846154]",projection,1,9.609976884854473e-17,0.001509296750930423,0.001509296750930423,False,6.367188479621582e-14
q60,6,6,"[-71, 35, ""top"", ""s"", 0.21153846153846154]",projection,2,5.927069112084249e-17,0.0015292498156345893,0.0015292498156345893,False,3.875801750301148e-14
q60,6,7,"[-71, 35, ""top"", ""p"", 0.21153846153846154]",B,-1,7.546496344650732e-13,2.1872592432835387,2.1872592432835387,False,3.450206630889279e-13
q60,6,7,"[-71, 35, ""top"", ""p"", 0.21153846153846154]",D,-1,1.6720806374670163e-14,0.04847060408624789,0.04847060408624789,False,3.449679798691471e-13
q60,6,7,"[-71, 35, ""top"", ""p"", 0.21153846153846154]",H,-1,0.0,49.457255576697435,49.457255576697435,False,0.0
q60,6,7,"[-71, 35, ""top"", ""p"", 0.21153846153846154]",forward,0,2.0801845985008632e-14,0.05074219025896151,0.05074219025896151,False,4.0995167687573053e-13
q60,6,7,"[-71, 35, ""top"", ""p"", 0.21153846153846154]",forward,1,2.885792255709794e-14,0.05250667685573881,0.05250667685573881,False,5.49604817619378e-13
q60,6,7,"[-71, 35, ""top"", ""p"", 0.21153846153846154]",forward,2,1.8059923095147955e-14,0.026694431254796803,0.026694431254796803,False,6.7654271869541e-13
q60,6,7,"[-71, 35, ""top"", ""p"", 0.21153846153846154]",projection,0,8.845388854693243e-18,0.01296780133078743,0.01296780133078743,False,6.821039765386453e-16
q60,6,7,"[-71, 35, ""top"", ""p"", 0.21153846153846154]",projection,1,7.152448122690996e-18,0.012940201427829015,0.012940201427829015,False,5.52730818185646e-16
q60,6,7,"[-71, 35, ""top"", ""p"", 0.21153846153846154]",projection,2,7.806255641895632e-18,0.012992176160924433,0.012992176160924433,False,6.008428107197242e-16
q60,6,8,"[-70, 1, ""bottom"", ""s"", 0.21153846153846154]",B,-1,4.916533698260277e-13,110.29306959937352,110.29306959937352,False,4.457699578150288e-15
q60,6,8,"[-70, 1, ""bottom"", ""s"", 0.21153846153846154]",D,-1,5.490585209068744e-14,12.294824411962313,12.294824411962313,False,4.465769518210159e-15
q60,6,8,"[-70, 1, ""bottom"", ""s"", 0.21153846153846154]",H,-1,0.0,1249.9999999999998,1249.9999999999998,False,0.0
q60,6,8,"[-70, 1, ""bottom"", ""s"", 0.21153846153846154]",forward,0,2.22313670985976e-14,1.6452727264506688,1.6452727264506688,False,1.3512268659893924e-14
q60,6,8,"[-70, 1, ""bottom"", ""s"", 0.21153846153846154]",forward,1,2.482534153247273e-15,2.832206494320279,2.832206494320279,False,8.765371304054839e-16
q60,6,8,"[-70, 1, ""bottom"", ""s"", 0.21153846153846154]",forward,2,8.005932084973442e-15,1.1631398028298752,1.1631398028298752,False,6.883035096465027e-15
q60,6,8,"[-70, 1, ""bottom"", ""s"", 0.21153846153846154]",projection,0,9.010137546323265e-19,0.0005883867963599751,0.0005883867963599751,False,1.5313289832579557e-15
q60,6,8,"[-70, 1, ""bottom"", ""s"", 0.21153846153846154]",projection,1,9.606055722280064e-19,0.0004790575753160804,0.0004790575753160804,False,2.005198585147521e-15
q60,6,8,"[-70, 1, ""bottom"", ""s"", 0.21153846153846154]",projection,2,1.1322647774993079e-18,0.0005845759484671196,0.0005845759484671196,False,1.936899354939838e-15
q60,6,9,"[-70, 1, ""bottom"", ""p"", 0.21153846153846154]",B,-1,3.519058407427621e-13,78.30369037140865,78.30369037140865,False,4.494115655004364e-15
q60,6,9,"[-70, 1, ""bottom"", ""p"", 0.21153846153846154]",D,-1,3.9245139690679486e-14,8.718554100973918,8.718554100973918,False,4.501335799051308e-15
q60,6,9,"[-70, 1, ""bottom"", ""p"", 0.21153846153846154]",H,-1,0.0,1248.5275862462233,1248.5275862462233,False,0.0
q60,6,9,"[-70, 1, ""bottom"", ""p"", 0.21153846153846154]",forward,0,1.5537173583032202e-14,1.2338850790240905,1.2338850790240905,False,1.259207510258648e-14
q60,6,9,"[-70, 1, ""bottom"", ""p"", 0.21153846153846154]",forward,1,2.589462819655575e-15,1.9190190575182031,1.9190190575182031,False,1.3493679541694766e-15
q60,6,9,"[-70, 1, ""bottom"", ""p"", 0.21153846153846154]",forward,2,6.509969526829772e-15,0.9398195370769834,0.9398195370769834,False,6.926829322017511e-15
q60,6,9,"[-70, 1, ""bottom"", ""p"", 0.21153846153846154]",projection,0,4.99792506496182e-19,0.00019506120321107498,0.00019506120321107498,False,2.5622343052778075e-15
q60,6,9,"[-70, 1, ""bottom"", ""p"", 0.21153846153846154]",projection,1,7.473576704850915e-19,0.00030448708384714026,0.00030448708384714026,False,2.454480699287339e-15
q60,6,9,"[-70, 1, ""bottom"", ""p"", 0.21153846153846154]",projection,2,7.484627756700706e-19,0.000134067844990852,0.000134067844990852,False,5.582716539682884e-15
q60,6,10,"[-70, 1, ""top"", ""s"", 0.21153846153846154]",B,-1,1.223745113773471e-11,110.29306959937355,110.29306959937355,False,1.1095394463301995e-13
q60,6,10,"[-70, 1, ""top"", ""s"", 0.21153846153846154]",D,-1,1.3638821783160787e-12,12.294824411962315,12.294824411962315,False,1.1093140760831707e-13
q60,6,10,"[-70, 1, ""top"", ""s"", 0.21153846153846154]",H,-1,0.0,1249.9999999999998,1249.9999999999998,False,0.0
q60,6,10,"[-70, 1, ""top"", ""s"", 0.21153846153846154]",forward,0,2.9193926114875013e-13,2.6192294903253246,2.6192294903253246,False,1.1145997791605861e-13
q60,6,10,"[-70, 1, ""top"", ""s"", 0.21153846153846154]",forward,1,2.280771289402968e-13,2.146032877770367,2.146032877770367,False,1.0627848776355132e-13
q60,6,10,"[-70, 1, ""top"", ""s"", 0.21153846153846154]",forward,2,2.616409158531885e-13,2.393984368315909,2.393984368315909,False,1.0929098757534682e-13
q60,6,10,"[-70, 1, ""top"", ""s"", 0.21153846153846154]",projection,0,9.548522429447065e-18,0.0009368261402830481,0.0009368261402830481,False,1.019241673440295e-14
q60,6,10,"[-70, 1, ""top"", ""s"", 0.21153846153846154]",projection,1,2.0486562369064236e-17,0.0009370931828850723,0.0009370931828850723,False,2.1861819873655793e-14
q60,6,10,"[-70, 1, ""top"", ""s"", 0.21153846153846154]",projection,2,4.8445889289546745e-17,0.0011779483549494497,0.0011779483549494497,False,4.112734576689124e-14
q60,6,11,"[-70, 1, ""top"", ""p"", 0.21153846153846154]",B,-1,8.687100700431095e-12,78.30369037140866,78.30369037140866,False,1.1094114031186262e-13
q60,6,11,"[-70, 1, ""top"", ""p"", 0.21153846153846154]",D,-1,9.673045819380337e-13,8.718554100973918,8.718554100973918,False,1.1094782124824798e-13
q60,6,11,"[-70, 1, ""top"", ""p"", 0.21153846153846154]",H,-1,0.0,1248.5275862462233,1248.5275862462233,False,0.0
q60,6,11,"[-70, 1, ""top"", ""p"", 0.21153846153846154]",forward,0,1.9946691516510996e-13,1.7819910091761628,1.7819910091761628,False,1.1193486057896895e-13
q60,6,11,"[-70, 1, ""top"", ""p"", 0.21153846153846154]",forward,1,1.6441863242032666e-13,1.542128461888748,1.542128461888748,False,1.0661798707673947e-13
q60,6,11,"[-70, 1, ""top"", ""p"", 0.21153846153846154]",forward,2,1.7613851861743014e-13,1.6146859981012507,1.6146859981012507,False,1.0908530749913964e-13
q60,6,11,"[-70, 1, ""top"", ""p"", 0.21153846153846154]",projection,0,6.191731793068154e-18,0.0005825696002734427,0.0005825696002734427,False,1.0628312548684173e-14
q60,6,11,"[-70, 1, ""top"", ""p"", 0.21153846153846154]",projection,1,1.4160211930986152e-17,0.0005578048395847229,0.0005578048395847229,False,2.5385602501276632e-14
q60,6,11,"[-70, 1, ""top"", ""p"", 0.21153846153846154]",projection,2,3.703566223164332e-17,0.00044456834766828484,0.00044456834766828484,False,8.330701550367126e-14
q60,6,12,"[-142, 0, ""bottom"", ""s"", 0.14655172413793102]",B,-1,2.360373512987147e-15,0.48894021931100484,0.48894021931100484,False,4.827529869220601e-15
q60,6,12,"[-142, 0, ""bottom"", ""s"", 0.14655172413793102]",D,-1,1.7142774175607663e-15,0.3549213898822889,0.3549213898822889,False,4.830020016909416e-15
q60,6,12,"[-142, 0, ""bottom"", ""s"", 0.14655172413793102]",H,-1,0.0,1250.0,1250.0,False,0.0
q60,6,12,"[-142, 0, ""bottom"", ""s"", 0.14655172413793102]",forward,0,1.4046172853913364e-17,0.0083004996796398,0.0083004996796398,False,1.6922081074669588e-15
q60,6,12,"[-142, 0, ""bottom"", ""s"", 0.14655172413793102]",forward,1,4.1777673608052095e-17,0.011806650681426195,0.011806650681426195,False,3.5384864628692073e-15
q60,6,12,"[-142, 0, ""bottom"", ""s"", 0.14655172413793102]",forward,2,7.911556306605241e-17,0.024095719173661708,0.024095719173661708,False,3.2833866669782242e-15
q60,6,12,"[-142, 0, ""bottom"", ""s"", 0.14655172413793102]",projection,0,1.21217487951527e-19,0.00048555039506784916,0.00048555039506784916,False,2.496496536360319e-16
q60,6,12,"[-142, 0, ""bottom"", ""s"", 0.14655172413793102]",projection,1,2.710505431213761e-20,0.0004886937053961384,0.0004886937053961384,False,5.5464300057161713e-17
q60,6,12,"[-142, 0, ""bottom"", ""s"", 0.14655172413793102]",projection,2,1.3552527156068805e-19,0.00048184928908222356,0.00048184928908222356,False,2.81260706680345e-16
q60,6,13,"[-142, 0, ""bottom"", ""p"", 0.14655172413793102]",B,-1,6.483543860497694e-13,143.0735190028209,143.0735190028209,False,4.531616965659356e-15
q60,6,13,"[-142, 0, ""bottom"", ""p"", 0.14655172413793102]",D,-1,1.104565966980032e-14,2.4463533800321495,2.4463533800321495,False,4.515152945587591e-15
q60,6,13,"[-142, 0, ""bottom"", ""p"", 0.14655172413793102]",H,-1,0.0,29.44377804032904,29.44377804032904,False,0.0
q60,6,13,"[-142, 0, ""bottom"", ""p"", 0.14655172413793102]",forward,0,3.1840182109620495e-14,4.198802841788407,4.198802841788407,False,7.583157225848386e-15
q60,6,13,"[-142, 0, ""bottom"", ""p"", 0.14655172413793102]",forward,1,8.251579053847122e-15,1.7563203655514714,1.7563203655514714,False,4.69821976428326e-15
q60,6,13,"[-142, 0, ""bottom"", ""p"", 0.14655172413793102]",forward,2,8.152394204457378e-15,3.023376729041505,3.023376729041505,False,2.6964533153107635e-15
q60,6,13,"[-142, 0, ""bottom"", ""p"", 0.14655172413793102]",projection,0,1.4304896245381992e-17,0.01727458960813239,0.01727458960813239,False,8.280889196144867e-16
q60,6,13,"[-142, 0, ""bottom"", ""p"", 0.14655172413793102]",projection,1,1.2266347333466993e-17,0.013524576445400446,0.013524576445400446,False,9.069672076598478e-16
q60,6,13,"[-142, 0, ""bottom"", ""p"", 0.14655172413793102]",projection,2,0.0,0.015338728169015152,0.015338728169015152,False,0.0
q60,6,14,"[-142, 0, ""top"", ""s"", 0.14655172413793102]",B,-1,1.6622783149471295e-15,0.48894021931100495,0.48894021931100495,False,3.3997577807968953e-15
q60,6,14,"[-142, 0, ""top"", ""s"", 0.14655172413793102]",D,-1,1.1975527577868215e-15,0.354921389882289,0.354921389882289,False,3.374135208317522e-15
q60,6,14,"[-142, 0, ""top"", ""s"", 0.14655172413793102]",H,-1,0.0,1250.0,1250.0,False,0.0
q60,6,14,"[-142, 0, ""top"", ""s"", 0.14655172413793102]",forward,0,5.621815659904578e-17,0.008756623457106191,0.008756623457106191,False,6.4200724028419335e-15
q60,6,14,"[-142, 0, ""top"", ""s"", 0.14655172413793102]",forward,1,7.870083096006503e-17,0.00557600614735638,0.00557600614735638,False,1.4114193722217755e-14
q60,6,14,"[-142, 0, ""top"", ""s"", 0.14655172413793102]",forward,2,9.583856602997124e-17,0.011928057580620032,0.011928057580620032,False,8.034716917001123e-15
q60,6,14,"[-142, 0, ""top"", ""s"", 0.14655172413793102]",projection,0,0.0,0.0006911497935620685,0.0006911497935620685,False,0.0
q60,6,14,"[-142, 0, ""top"", ""s"", 0.14655172413793102]",projection,1,5.421010862427522e-20,0.0006870098909071124,0.0006870098909071124,False,7.890731900918837e-17
q60,6,14,"[-142, 0, ""top"", ""s"", 0.14655172413793102]",projection,2,2.710505431213761e-20,0.0006783915522417485,0.0006783915522417485,False,3.995488184156895e-17
q60,6,15,"[-142, 0, ""top"", ""p"", 0.14655172413793102]",B,-1,4.599383655793684e-13,143.0735190028209,143.0735190028209,False,3.2146994690911325e-15
q60,6,15,"[-142, 0, ""top"", ""p"", 0.14655172413793102]",D,-1,7.852192094903237e-15,2.44635338003215,2.44635338003215,False,3.2097538152072056e-15
q60,6,15,"[-142, 0, ""top"", ""p"", 0.14655172413793102]",H,-1,0.0,29.44377804032904,29.44377804032904,False,0.0
q60,6,15,"[-142, 0, ""top"", ""p"", 0.14655172413793102]",forward,0,4.189529226675416e-15,4.473939614241182,4.473939614241182,False,9.364295426204575e-16
q60,6,15,"[-142, 0, ""top"", ""p"", 0.14655172413793102]",forward,1,5.687116766346677e-15,6.387204335648936,6.387204335648936,False,8.903921759016136e-16
q60,6,15,"[-142, 0, ""top"", ""p"", 0.14655172413793102]",forward,2,6.936895214610187e-15,4.556451088382192,4.556451088382192,False,1.5224338152773176e-15
q60,6,15,"[-142, 0, ""top"", ""p"", 0.14655172413793102]",projection,0,3.903127820947816e-18,0.06316473582406203,0.06316473582406203,False,6.179283060439802e-17
q60,6,15,"[-142, 0, ""top"", ""p"", 0.14655172413793102]",projection,1,1.6046192152785466e-17,0.06112114430671144,0.06112114430671144,False,2.6253095119201663e-16
q60,6,15,"[-142, 0, ""top"", ""p"", 0.14655172413793102]",projection,2,2.168404344971009e-18,0.06438407963577882,0.06438407963577882,False,3.367920077816888e-17
q60,6,16,"[-71, 35, ""bottom"", ""s"", 0.14655172413793102]",B,-1,6.0547735158906845e-12,1.2433603579669272,1.2433603579669272,False,4.8696851858709e-12
q60,6,16,"[-71, 35, ""bottom"", ""s"", 0.14655172413793102]",D,-1,3.3912422826155765e-12,0.6963942685539058,0.6963942685539058,False,4.869715957969678e-12
q60,6,16,"[-71, 35, ""bottom"", ""s"", 0.14655172413793102]",H,-1,0.0,1249.9999999999998,1249.9999999999998,False,0.0
q60,6,16,"[-71, 35, ""bottom"", ""s"", 0.14655172413793102]",forward,0,4.045271981616962e-13,0.07723097104451827,0.07723097104451827,False,5.2378882809658635e-12
q60,6,16,"[-71, 35, ""bottom"", ""s"", 0.14655172413793102]",forward,1,1.6727279661546083e-13,0.01467085222775215,0.01467085222775215,False,1.140170959523666e-11
q60,6,16,"[-71, 35, ""bottom"", ""s"", 0.14655172413793102]",forward,2,7.077638252422296e-14,0.016713460076768816,0.016713460076768816,False,4.2346936061791245e-12
q60,6,16,"[-71, 35, ""bottom"", ""s"", 0.14655172413793102]",projection,0,1.5227591529387058e-16,0.0016659730313408065,0.0016659730313408065,False,9.140358963152966e-14
q60,6,16,"[-71, 35, ""bottom"", ""s"", 0.14655172413793102]",projection,1,4.488924337882154e-17,0.0016667046835845427,0.0016667046835845427,False,2.693293168306175e-14
q60,6,16,"[-71, 35, ""bottom"", ""s"", 0.14655172413793102]",projection,2,3.8311630364084603e-17,0.0016578552529522205,0.0016578552529522205,False,2.3109152802008067e-14
q60,6,17,"[-71, 35, ""bottom"", ""p"", 0.14655172413793102]",B,-1,5.385139166064559e-13,1.51554999272293,1.51554999272293,False,3.5532573599827533e-13
q60,6,17,"[-71, 35, ""bottom"", ""p"", 0.14655172413793102]",D,-1,1.1933822511548042e-14,0.03358523864775653,0.03358523864775653,False,3.5532939446137337e-13
q60,6,17,"[-71, 35, ""bottom"", ""p"", 0.14655172413793102]",H,-1,0.0,49.457255576697435,49.457255576697435,False,0.0
q60,6,17,"[-71, 35, ""bottom"", ""p"", 0.14655172413793102]",forward,0,2.532494664706005e-14,0.05142236789138534,0.05142236789138534,False,4.924889242858588e-13
q60,6,17,"[-71, 35, ""bottom"", ""p"", 0.14655172413793102]",forward,1,2.6908248625186803e-14,0.0729211999050856,0.0729211999050856,False,3.6900446866220854e-13
q60,6,17,"[-71, 35, ""bottom"", ""p"", 0.14655172413793102]",forward,2,1.2911622811567635e-14,0.029970357105068516,0.029970357105068516,False,4.3081311197937153e-13
q60,6,17,"[-71, 35, ""bottom"", ""p"", 0.14655172413793102]",projection,0,7.152448122690996e-18,0.042090110998183355,0.042090110998183355,False,1.6993179521431298e-16
q60,6,17,"[-71, 35, ""bottom"", ""p"", 0.14655172413793102]",projection,1,7.152448122690996e-18,0.04204243178526359,0.04204243178526359,False,1.7012451038091524e-16
q60,6,17,"[-71, 35, ""bottom"", ""p"", 0.14655172413793102]",projection,2,6.938893903907228e-18,0.042055774033657914,0.042055774033657914,False,1.649926570927911e-16
q60,6,18,"[-71, 35, ""top"", ""s"", 0.14655172413793102]",B,-1,6.0547415094781785e-12,1.243360357966927,1.243360357966927,False,4.869659444007489e-12
q60,6,18,"[-71, 35, ""top"", ""s"", 0.14655172413793102]",D,-1,3.3912615348038277e-12,0.6963942685539057,0.6963942685539057,False,4.869743603499115e-12
q60,6,18,"[-71, 35, ""top"", ""s"", 0.14655172413793102]",H,-1,0.0,1249.9999999999998,1249.9999999999998,False,0.0
q60,6,18,"[-71, 35, ""top"", ""s"", 0.14655172413793102]",forward,0,1.2236969029377112e-13,0.0061984927783046906,0.0061984927783046906,False,1.9741846069753696e-11
q60,6,18,"[-71, 35, ""top"", ""s"", 0.14655172413793102]",forward,1,2.1571208636593933e-13,0.052716805542415195,0.052716805542415195,False,4.091903599742599e-12
q60,6,18,"[-71, 35, ""top"", ""s"", 0.14655172413793102]",forward,2,1.866382596451432e-13,0.02811117315523879,0.02811117315523879,False,6.639291025474735e-12
q60,6,18,"[-71, 35, ""top"", ""s"", 0.14655172413793102]",projection,0,2.9820487527823224e-17,0.0010943251587987686,0.0010943251587987686,False,2.725011600807654e-14
q60,6,18,"[-71, 35, ""top"", ""s"", 0.14655172413793102]",projection,1,9.599696488769796e-17,0.0011035072330163342,0.0011035072330163342,False,8.699260142165014e-14
q60,6,18,"[-71, 35, ""top"", ""s"", 0.14655172413793102]",projection,2,5.909568238665961e-17,0.0010695869658274312,0.0010695869658274312,False,5.5250937300776905e-14
q60,6,19,"[-71, 35, ""top"", ""p"", 0.14655172413793102]",B,-1,5.384317447769026e-13,1.5155499927229297,1.5155499927229297,False,3.5527151685014574e-13
q60,6,19,"[-71, 35, ""top"", ""p"", 0.14655172413793102]",D,-1,1.1932140079851955e-14,0.033585238647756525,0.033585238647756525,False,3.5527930008170466e-13
q60,6,19,"[-71, 35, ""top"", ""p"", 0.14655172413793102]",H,-1,0.0,49.457255576697435,49.457255576697435,False,0.0
q60,6,19,"[-71, 35, ""top"", ""p"", 0.14655172413793102]",forward,0,1.5295038295029222e-14,0.03524755481690526,0.03524755481690526,False,4.339318961125068e-13
q60,6,19,"[-71, 35, ""top"", ""p"", 0.14655172413793102]",forward,1,2.1574682712887595e-14,0.03597524948035443,0.03597524948035443,False,5.997090506535395e-13
q60,6,19,"[-71, 35, ""top"", ""p"", 0.14655172413793102]",forward,2,1.3938903718541086e-14,0.018467931446971165,0.018467931446971165,False,7.547625871671262e-13
q60,6,19,"[-71, 35, ""top"", ""p"", 0.14655172413793102]",projection,0,6.938893903907228e-18,0.051193453572367494,0.051193453572367494,False,1.35542602026221e-16
q60,6,19,"[-71, 35, ""top"", ""p"", 0.14655172413793102]",projection,1,6.938893903907228e-18,0.05117614876552053,0.05117614876552053,False,1.355884346768635e-16
q60,6,19,"[-71, 35, ""top"", ""p"", 0.14655172413793102]",projection,2,6.938893903907228e-18,0.051207843706525966,0.051207843706525966,False,1.3550451262260297e-16
q60,6,20,"[-70, 1, ""bottom"", ""s"", 0.14655172413793102]",B,-1,4.782151999111636e-13,110.27198503578619,110.27198503578619,False,4.3366880514209485e-15
q60,6,20,"[-70, 1, ""bottom"", ""s"", 0.14655172413793102]",D,-1,5.338624702282968e-14,12.292474028497143,12.292474028497143,False,4.343002629012395e-15
q60,6,20,"[-70, 1, ""bottom"", ""s"", 0.14655172413793102]",H,-1,0.0,1249.9999999999998,1249.9999999999998,False,0.0
q60,6,20,"[-70, 1, ""bottom"", ""s"", 0.14655172413793102]",forward,0,2.085919684541963e-14,1.6688188377067799,1.6688188377067799,False,1.2499377628121369e-14
q60,6,20,"[-70, 1, ""bottom"", ""s"", 0.14655172413793102]",forward,1,1.4043333874306805e-15,2.8054583280466097,2.8054583280466097,False,5.00571822219328e-16
q60,6,20,"[-70, 1, ""bottom"", ""s"", 0.14655172413793102]",forward,2,7.978943554234763e-15,1.183420533931458,1.183420533931458,False,6.7422723583541366e-15
q60,6,20,"[-70, 1, ""bottom"", ""s"", 0.14655172413793102]",projection,0,9.087270115126198e-19,0.0018613395616860853,0.0018613395616860853,False,4.882113023426278e-16
q60,6,20,"[-70, 1, ""bottom"", ""s"", 0.14655172413793102]",projection,1,1.1113278859457928e-18,0.002124339491396176,0.002124339491396176,False,5.231404351549274e-16
q60,6,20,"[-70, 1, ""bottom"", ""s"", 0.14655172413793102]",projection,2,1.0203171979570805e-18,0.0018745105370632513,0.0018745105370632513,False,5.443112630114024e-16
q60,6,21,"[-70, 1, ""bottom"", ""p"", 0.14655172413793102]",B,-1,3.398060234928037e-13,78.248826847883,78.248826847883,False,4.342634096654154e-15
q60,6,21,"[-70, 1, ""bottom"", ""p"", 0.14655172413793102]",D,-1,3.7803323835714265e-14,8.712445441270145,8.712445441270145,False,4.339002647482072e-15
q60,6,21,"[-70, 1, ""bottom"", ""p"", 0.14655172413793102]",H,-1,0.0,1248.5275862462233,1248.5275862462233,False,0.0
q60,6,21,"[-70, 1, ""bottom"", ""p"", 0.14655172413793102]",forward,0,1.4054849075529413e-14,1.2295499617687276,1.2295499617687276,False,1.1430888953313687e-14
q60,6,21,"[-70, 1, ""bottom"", ""p"", 0.14655172413793102]",forward,1,1.6946818973100072e-15,1.9276641779112054,1.9276641779112054,False,8.791375161343429e-16
q60,6,21,"[-70, 1, ""bottom"", ""p"", 0.14655172413793102]",forward,2,6.473657049138937e-15,0.9174729284717551,0.9174729284717551,False,7.055965193351459e-15
q60,6,21,"[-70, 1, ""bottom"", ""p"", 0.14655172413793102]",projection,0,6.133173666733497e-19,0.0017585729488773804,0.0017585729488773804,False,3.487585585032869e-16
q60,6,21,"[-70, 1, ""bottom"", ""p"", 0.14655172413793102]",projection,1,6.705420115022808e-19,0.001469111483094379,0.001469111483094379,False,4.564269078408692e-16
q60,6,21,"[-70, 1, ""bottom"", ""p"", 0.14655172413793102]",projection,2,7.818293051731877e-19,0.001625197652300373,0.001625197652300373,False,4.810672130042482e-16
q60,6,22,"[-70, 1, ""top"", ""s"", 0.14655172413793102]",B,-1,1.2239667100037441e-11,110.2719850357862,110.2719850357862,False,1.1099525501481942e-13
q60,6,22,"[-70, 1, ""top"", ""s"", 0.14655172413793102]",D,-1,1.3643985512547523e-12,12.292474028497145,12.292474028497145,False,1.109946254994497e-13
q60,6,22,"[-70, 1, ""top"", ""s"", 0.14655172413793102]",H,-1,0.0,1249.9999999999998,1249.9999999999998,False,0.0
q60,6,22,"[-70, 1, ""top"", ""s"", 0.14655172413793102]",forward,0,2.9134993746460297e-13,2.61065235253369,2.61065235253369,False,1.1160043472729797e-13
q60,6,22,"[-70, 1, ""top"", ""s"", 0.14655172413793102]",forward,1,2.3157080710593514e-13,2.1744277072367337,2.1744277072367337,False,1.0649735851656144e-13
q60,6,22,"[-70, 1, ""top"", ""s"", 0.14655172413793102]",forward,2,2.59294863217692e-13,2.386029343564082,2.386029343564082,False,1.0867211835306924e-13
q60,6,22,"[-70, 1, ""top"", ""s"", 0.14655172413793102]",projection,0,9.30082598272763e-18,0.00045132208952867276,0.00045132208952867276,False,2.0607956487218966e-14
q60,6,22,"[-70, 1, ""top"", ""s"", 0.14655172413793102]",projection,1,2.0765019180366783e-17,0.0003603984319362387,0.0003603984319362387,False,5.761684108559193e-14
q60,6,22,"[-70, 1, ""top"", ""s"", 0.14655172413793102]",projection,2,4.888576750656432e-17,0.0005429483069411281,0.0005429483069411281,False,9.003760925598578e-14
q60,6,23,"[-70, 1, ""top"", ""p"", 0.14655172413793102]",B,-1,8.683436794494552e-12,78.248826847883,78.248826847883,False,1.1097210200192899e-13
q60,6,23,"[-70, 1, ""top"", ""p"", 0.14655172413793102]",D,-1,9.668641261005225e-13,8.712445441270145,8.712445441270145,False,1.109750566150539e-13
q60,6,23,"[-70, 1, ""top"", ""p"", 0.14655172413793102]",H,-1,0.0,1248.5275862462233,1248.5275862462233,False,0.0
q60,6,23,"[-70, 1, ""top"", ""p"", 0.14655172413793102]",forward,0,2.0047950447041465e-13,1.799261500436957,1.799261500436957,False,1.1142321692634868e-13
q60,6,23,"[-70, 1, ""top"", ""p"", 0.14655172413793102]",forward,1,1.6587483452158133e-13,1.5565905220418852,1.5565905220418852,False,1.0656292208691601e-13
q60,6,23,"[-70, 1, ""top"", ""p"", 0.14655172413793102]",forward,2,1.7773349541512082e-13,1.63465348801284,1.63465348801284,False,1.0872854505157654e-13
q60,6,23,"[-70, 1, ""top"", ""p"", 0.14655172413793102]",projection,0,6.153265234002666e-18,0.0009674009568978355,0.0009674009568978355,False,6.360615203166989e-15
q60,6,23,"[-70, 1, ""top"", ""p"", 0.14655172413793102]",projection,1,1.4416220074117224e-17,0.0009335324035936164,0.0009335324035936164,False,1.5442656321968302e-14
q60,6,23,"[-70, 1, ""top"", ""p"", 0.14655172413793102]",projection,2,3.658379131265786e-17,0.0010535881232127554,0.0010535881232127554,False,3.472304832091425e-14
