route,kind,side,m,n,polarization,reference_plane_nm,real,imag,reference_real,reference_imag,absolute_difference,vector_denominator,vector_relative,power,reference_power,power_absolute_difference
V10-PHASE-CACHED-GN-CONTINUE,ordered_total_channels,top,-3,-1,s,8.75,6.49771403479842e-06,-1.057169891592932e-05,-9.195140170809825e-05,5.576925993858354e-05,0.00011871542112250807,0.4382342339399896,0.18400802692388035,4.875834168890244e-09,3.662159813318062e-07,3.6134014716291597e-07
V10-PHASE-CACHED-GN-CONTINUE,ordered_total_channels,top,-3,-1,p,8.75,-1.3340048147949362e-05,2.1857573941238005e-05,6.491873565175626e-05,-4.0080513039853855e-05,9.980362649065598e-05,0.4382342339399896,0.18400802692388035,2.0763166187395758e-08,1.843193233752179e-07,1.6355615718782214e-07
V10-PHASE-CACHED-GN-CONTINUE,ordered_total_channels,top,-3,0,s,8.75,-4.08993686718219e-05,-7.1534751054282616e-06,-0.0001921902009470994,0.00048817928501632254,0.0005179222520614249,0.4382342339399896,0.18400802692388035,8.55364013219005e-08,1.365740342110789e-05,1.357186701978599e-05
V10-PHASE-CACHED-GN-CONTINUE,ordered_total_channels,top,-3,0,p,8.75,-2.272615456824752e-07,-5.9261794443514e-07,1.2553482268998042e-15,3.668039838538298e-15,6.346998055227335e-07,0.4382342339399896,0.18400802692388035,1.9987935093334185e-11,7.457653301374714e-28,1.9987935093334185e-11
V10-PHASE-CACHED-GN-CONTINUE,ordered_total_channels,top,-3,1,s,8.75,2.709220530364053e-06,-7.355383192801264e-06,-9.195140170915746e-05,5.576925994137385e-05,0.00011377765146807327,0.4382342339399896,0.18400802692388035,1.9455552557018802e-09,3.6621598134782935e-07,3.6427042609212746e-07
V10-PHASE-CACHED-GN-CONTINUE,ordered_total_channels,top,-3,1,p,8.75,8.939316944842826e-06,1.573458921230828e-05,-6.491873565012055e-05,4.0080513039672495e-05,7.776719064057925e-05,0.4382342339399896,0.18400802692388035,1.0369976979480768e-08,1.843193233680326e-07,1.7394934638855183e-07
V10-PHASE-CACHED-GN-CONTINUE,ordered_total_channels,top,-2,-1,s,8.75,4.793443253488621e-06,-1.5642998822794044e-06,2.344516502433825e-06,9.65817440460633e-07,3.5211838774567017e-06,0.4382342339399896,0.18400802692388035,1.0858118088622945e-09,2.745931746845648e-10,8.112186341777298e-10
V10-PHASE-CACHED-GN-CONTINUE,ordered_total_channels,top,-2,-1,p,8.75,-3.199396497182671e-05,2.26950831068081e-07,-0.00011450210530953003,-0.00014336308972240936,0.00016560704383611054,0.4382342339399896,0.18400802692388035,4.371861573643872e-08,1.437706929814518e-06,1.3939883140780792e-06
V10-PHASE-CACHED-GN-CONTINUE,ordered_total_channels,top,-2,0,s,8.75,4.040711455263487e-05,-9.331390728374308e-05,0.00016425932553326252,-5.6207388544626634e-05,0.0001292913914293071,0.4382342339399896,0.18400802692388035,5.924810493187479e-07,1.7270051732052553e-06,1.1345241238865075e-06
V10-PHASE-CACHED-GN-CONTINUE,ordered_total_channels,top,-2,0,p,8.75,1.5867543675678762e-06,5.000087099723671e-07,-1.731002669799771e-16,1.1404235647096274e-15,1.6636700792082706e-06,0.4382342339399896,0.18400802692388035,1.5859120121275448e-10,7.623760074136061e-29,1.5859120121275448e-10
V10-PHASE-CACHED-GN-CONTINUE,ordered_total_channels,top,-2,1,s,8.75,1.6391023218930142e-05,-1.276192881195545e-05,2.3445165013757525e-06,9.658174394089157e-07,1.9640655999944326e-05,0.4382342339399896,0.18400802692388035,1.842985414597173e-08,2.745931743859139e-10,1.8155260971585816e-08
V10-PHASE-CACHED-GN-CONTINUE,ordered_total_channels,top,-2,1,p,8.75,-3.2199547120230072e-06,2.056505343140439e-05,0.0001145021053115565,0.0001433630897223461,0.0001701112610414334,0.4382342339399896,0.18400802692388035,1.8504894601475805e-08,1.4377069298335635e-06,1.4192020352320876e-06
V10-PHASE-CACHED-GN-CONTINUE,ordered_total_channels,top,-1,-1,s,8.75,-8.624683982654478e-06,-9.872065021169885e-06,-0.0001675317294758279,-0.0002780507862091289,0.0003117230751891469,0.4382342339399896,0.18400802692388035,5.444141611160231e-09,3.3385088803210597e-06,3.3330647387098993e-06
V10-PHASE-CACHED-GN-CONTINUE,ordered_total_channels,top,-1,-1,p,8.75,-2.0497799623977062e-05,6.583246120534924e-05,-0.00012312018254765662,-0.00020515373533905003,0.0002897669273649671,0.4382342339399896,0.18400802692388035,1.50613461554884e-07,1.8136268113864188e-06,1.6630133498315348e-06
V10-PHASE-CACHED-GN-CONTINUE,ordered_total_channels,top,-1,0,s,8.75,0.0004907667752999366,0.0003323673633854996,-0.0010285581087383054,0.0013279322632824794,0.0018164519187593986,0.4382342339399896,0.18400802692388035,1.743501746030601e-05,0.00014001487940183894,0.00012257986194153293
V10-PHASE-CACHED-GN-CONTINUE,ordered_total_channels,top,-1,0,p,8.75,-8.347517440004797e-06,1.2471626646301394e-05,1.0695710033665002e-15,-1.898478834981676e-15,1.5007415456404543e-05,0.4382342339399896,0.18400802692388035,1.1177153354276175e-08,2.3563986760300565e-28,1.1177153354276175e-08
V10-PHASE-CACHED-GN-CONTINUE,ordered_total_channels,top,-1,1,s,8.75,-3.118821412196852e-05,-0.00012175298764346863,-0.0001675317294752791,-0.00027805078621218255,0.00020740915123572707,0.4382342339399896,0.18400802692388035,5.004476957890445e-07,3.338508880369034e-06,2.8380611845799895e-06
V10-PHASE-CACHED-GN-CONTINUE,ordered_total_channels,top,-1,1,p,8.75,2.5135486450767995e-05,6.835347210322731e-05,0.00012312018254904267,0.00020515373533914856,0.00016827154450734858,0.4382342339399896,0.18400802692388035,1.6803534822914343e-07,1.8136268113985115e-06,1.645591463169368e-06
V10-PHASE-CACHED-GN-CONTINUE,ordered_total_channels,top,0,0,s,8.75,0.04241902854617688,-0.4810865765788944,0.026785429987131376,-0.4121567714282053,0.07068046011464102,0.4382342339399896,0.18400802692388035,0.7942964646579611,0.812256818464021,0.01796035380605987
V10-PHASE-CACHED-GN-CONTINUE,ordered_total_channels,top,0,0,p,8.75,0.0006279117784509621,-0.00026496444184415455,1.1196540890151039e-13,-5.214558791588342e-15,0.0006815272238259175,0.4382342339399896,0.18400802692388035,4.6447935695913255e-07,1.2563444413870592e-26,4.6447935695913255e-07
V10-PHASE-CACHED-GN-CONTINUE,ordered_total_channels,bottom,-3,-1,s,-1.25,-1.3870268591276588e-05,-9.250895386077808e-06,-4.909306826319978e-06,0.00011217325597253058,0.00012175435667322649,0.4382342339399896,0.18400802692388035,8.413529987812906e-09,3.815929255738811e-07,3.731793955860682e-07
V10-PHASE-CACHED-GN-CONTINUE,ordered_total_channels,bottom,-3,-1,p,-1.25,-1.9023955402197467e-05,-3.4617008330247336e-06,-1.5732873803997091e-06,7.928198517251047e-05,8.456384208507556e-05,0.4382342339399896,0.18400802692388035,1.1317210524968376e-08,1.903314808729246e-07,1.7901427034795623e-07
V10-PHASE-CACHED-GN-CONTINUE,ordered_total_channels,bottom,-3,0,s,-1.25,2.0725280152948487e-05,4.1058648914005184e-05,-0.0004924362020247129,-0.0001736752134376343,0.0005562781124862159,0.4382342339399896,0.18400802692388035,1.0247796774232913e-07,1.3208823483228831e-05,1.3106345515486503e-05
V10-PHASE-CACHED-GN-CONTINUE,ordered_total_channels,bottom,-3,0,p,-1.25,-9.207263685923457e-06,3.4967969864951636e-07,-1.3274970028758873e-16,2.3198170478591657e-16,9.213901479349866e-06,0.4382342339399896,0.18400802692388035,4.112779449652316e-09,3.46080831114775e-30,4.112779449652316e-09
V10-PHASE-CACHED-GN-CONTINUE,ordered_total_channels,bottom,-3,1,s,-1.25,1.730564448602433e-06,6.29619917303105e-06,-4.909306828951654e-06,0.00011217325597379069,0.00010608505572121726,0.4382342339399896,0.18400802692388035,1.2905564777957893e-09,3.8159292558322023e-07,3.803023691054244e-07
V10-PHASE-CACHED-GN-CONTINUE,ordered_total_channels,bottom,-3,1,p,-1.25,-8.072649470988156e-06,-2.4939524796319827e-05,1.5732873796791848e-06,-7.9281985174855e-05,5.519191152442291e-05,0.4382342339399896,0.18400802692388035,2.0798912085053425e-08,1.903314808841085e-07,1.6953256879905508e-07
V10-PHASE-CACHED-GN-CONTINUE,ordered_total_channels,bottom,-2,-1,s,-1.25,1.2222106156188707e-05,7.935392099699752e-06,7.745485652971132e-07,2.4717345258705883e-06,1.268456262079385e-05,0.4382342339399896,0.18400802692388035,8.806564737567158e-09,2.7825122930511906e-10,8.528313508262038e-09
V10-PHASE-CACHED-GN-CONTINUE,ordered_total_channels,bottom,-2,-1,p,-1.25,3.314324953059731e-05,1.9198788015603755e-06,-3.630225008417201e-05,0.0001883234131536643,0.00019891946871963267,0.4382342339399896,0.18400802692388035,4.570867246216306e-08,1.5254830024257906e-06,1.4797743299636274e-06
V10-PHASE-CACHED-GN-CONTINUE,ordered_total_channels,bottom,-2,0,s,-1.25,-9.545023709260852e-05,-5.7509718592207746e-05,-0.00018404130862068258,1.7489532595230964e-05,0.00011607439697525403,0.4382342339399896,0.18400802692388035,6.97642258648134e-07,1.9200481909981673e-06,1.2224059323500333e-06
V10-PHASE-CACHED-GN-CONTINUE,ordered_total_channels,bottom,-2,0,p,-1.25,1.0882474294815886e-05,-3.0114277153407083e-06,-1.953215047833636e-16,3.0838854490696276e-16,1.129145445317649e-05,0.4382342339399896,0.18400802692388035,7.162701602593332e-09,7.486128714139298e-30,7.162701602593332e-09
V10-PHASE-CACHED-GN-CONTINUE,ordered_total_channels,bottom,-2,1,s,-1.25,5.6849503570659974e-06,5.743581607428084e-06,7.745485660026084e-07,2.4717345262717786e-06,5.900595654012362e-06,0.4382342339399896,0.18400802692388035,2.7084194738113984e-09,2.7825122943269296e-10,2.4301682443787055e-09
V10-PHASE-CACHED-GN-CONTINUE,ordered_total_channels,bottom,-2,1,p,-1.25,1.9474453980431037e-05,2.3346766994684788e-05,3.630225008297548e-05,-0.00018832341315286793,0.00021233803212181805,0.4382342339399896,0.18400802692388035,3.833352126003659e-08,1.5254830024097482e-06,1.4871494811497115e-06
V10-PHASE-CACHED-GN-CONTINUE,ordered_total_channels,bottom,-1,-1,s,-1.25,7.910955403123493e-06,-2.8133921114832483e-05,-0.00033718347041335526,-1.6668060240140516e-05,0.0003452848515287095,0.4382342339399896,0.18400802692388035,2.5866079866165374e-08,3.4515489579344382e-06,3.425682878068273e-06
V10-PHASE-CACHED-GN-CONTINUE,ordered_total_channels,bottom,-1,-1,p,-1.25,-0.0001096213832137275,-5.457176387539481e-05,0.0002479992366175502,8.609260274623294e-06,0.0003631588489093339,0.4382342339399896,0.18400802692388035,4.5411497099682994e-07,1.8648558637476027e-06,1.4107408927507727e-06
V10-PHASE-CACHED-GN-CONTINUE,ordered_total_channels,bottom,-1,0,s,-1.25,-0.000615774865180171,-0.0002520548691299633,-0.0011348134234953988,-0.0008861976207941805,0.0008194742549380153,0.4382342339399896,0.18400802692388035,2.1451566149637867e-05,0.00010045454435778903,7.900297820815116e-05
V10-PHASE-CACHED-GN-CONTINUE,ordered_total_channels,bottom,-1,0,p,-1.25,1.3188078337215016e-05,-1.6469873238480902e-05,-4.465027736885759e-16,-2.0865938982257457e-16,2.1099339675095362e-05,0.4382342339399896,0.18400802692388035,2.157133708739223e-08,1.1769907587313279e-29,2.157133708739223e-08
V10-PHASE-CACHED-GN-CONTINUE,ordered_total_channels,bottom,-1,1,s,-1.25,-4.113969738242252e-05,-3.957556197325989e-05,-0.00033718347041209904,-1.6668060241286416e-05,0.0002969287274502873,0.4382342339399896,0.18400802692388035,9.86883469616019e-08,3.4515489579099395e-06,3.3528606109483374e-06
V10-PHASE-CACHED-GN-CONTINUE,ordered_total_channels,bottom,-1,1,p,-1.25,-3.760359875194804e-05,7.261220348160855e-06,-0.000247999236616804,-8.609260275602887e-06,0.0002109933567385212,0.4382342339399896,0.18400802692388035,4.4420084604443813e-08,1.8648558637369045e-06,1.8204357791324608e-06
V10-PHASE-CACHED-GN-CONTINUE,ordered_total_channels,bottom,0,0,s,-1.25,0.09026772215167388,-0.16093822972265173,0.07718950242782177,-0.12447475436113979,0.03873789961504034,0.4382342339399896,0.18400802692388035,0.05131803324016008,0.032331984498269135,0.018986048741890943
V10-PHASE-CACHED-GN-CONTINUE,ordered_total_channels,bottom,0,0,p,-1.25,0.0005736622454777773,-6.027179135271861e-05,2.4167599005431038e-15,5.725178855579965e-15,0.0005768197818360502,0.4382342339399896,0.18400802692388035,5.014655989629503e-07,5.820430999983165e-29,5.014655989629503e-07
V10-PHASE-CACHED-GN-CONTINUE,ordered_outgoing_channels,top,-3,-1,s,8.75,6.49771403479842e-06,-1.057169891592932e-05,-9.195140170809825e-05,5.576925993858354e-05,0.00011871542112250807,0.9130801710515086,0.08831493583409195,4.875834168890244e-09,3.662159813318062e-07,3.6134014716291597e-07
V10-PHASE-CACHED-GN-CONTINUE,ordered_outgoing_channels,top,-3,-1,p,8.75,-1.3340048147949362e-05,2.1857573941238005e-05,6.491873565175626e-05,-4.0080513039853855e-05,9.980362649065598e-05,0.9130801710515086,0.08831493583409195,2.0763166187395758e-08,1.843193233752179e-07,1.6355615718782214e-07
V10-PHASE-CACHED-GN-CONTINUE,ordered_outgoing_channels,top,-3,0,s,8.75,-4.08993686718219e-05,-7.1534751054282616e-06,-0.0001921902009470994,0.00048817928501632254,0.0005179222520614249,0.9130801710515086,0.08831493583409195,8.55364013219005e-08,1.365740342110789e-05,1.357186701978599e-05
V10-PHASE-CACHED-GN-CONTINUE,ordered_outgoing_channels,top,-3,0,p,8.75,-2.272615456824752e-07,-5.9261794443514e-07,1.2553482268998042e-15,3.668039838538298e-15,6.346998055227335e-07,0.9130801710515086,0.08831493583409195,1.9987935093334185e-11,7.457653301374714e-28,1.9987935093334185e-11
V10-PHASE-CACHED-GN-CONTINUE,ordered_outgoing_channels,top,-3,1,s,8.75,2.709220530364053e-06,-7.355383192801264e-06,-9.195140170915746e-05,5.576925994137385e-05,0.00011377765146807327,0.9130801710515086,0.08831493583409195,1.9455552557018802e-09,3.6621598134782935e-07,3.6427042609212746e-07
V10-PHASE-CACHED-GN-CONTINUE,ordered_outgoing_channels,top,-3,1,p,8.75,8.939316944842826e-06,1.573458921230828e-05,-6.491873565012055e-05,4.0080513039672495e-05,7.776719064057925e-05,0.9130801710515086,0.08831493583409195,1.0369976979480768e-08,1.843193233680326e-07,1.7394934638855183e-07
V10-PHASE-CACHED-GN-CONTINUE,ordered_outgoing_channels,top,-2,-1,s,8.75,4.793443253488621e-06,-1.5642998822794044e-06,2.344516502433825e-06,9.65817440460633e-07,3.5211838774567017e-06,0.9130801710515086,0.08831493583409195,1.0858118088622945e-09,2.745931746845648e-10,8.112186341777298e-10
V10-PHASE-CACHED-GN-CONTINUE,ordered_outgoing_channels,top,-2,-1,p,8.75,-3.199396497182671e-05,2.26950831068081e-07,-0.00011450210530953003,-0.00014336308972240936,0.00016560704383611054,0.9130801710515086,0.08831493583409195,4.371861573643872e-08,1.437706929814518e-06,1.3939883140780792e-06
V10-PHASE-CACHED-GN-CONTINUE,ordered_outgoing_channels,top,-2,0,s,8.75,4.040711455263487e-05,-9.331390728374308e-05,0.00016425932553326252,-5.6207388544626634e-05,0.0001292913914293071,0.9130801710515086,0.08831493583409195,5.924810493187479e-07,1.7270051732052553e-06,1.1345241238865075e-06
V10-PHASE-CACHED-GN-CONTINUE,ordered_outgoing_channels,top,-2,0,p,8.75,1.5867543675678762e-06,5.000087099723671e-07,-1.731002669799771e-16,1.1404235647096274e-15,1.6636700792082706e-06,0.9130801710515086,0.08831493583409195,1.5859120121275448e-10,7.623760074136061e-29,1.5859120121275448e-10
V10-PHASE-CACHED-GN-CONTINUE,ordered_outgoing_channels,top,-2,1,s,8.75,1.6391023218930142e-05,-1.276192881195545e-05,2.3445165013757525e-06,9.658174394089157e-07,1.9640655999944326e-05,0.9130801710515086,0.08831493583409195,1.842985414597173e-08,2.745931743859139e-10,1.8155260971585816e-08
V10-PHASE-CACHED-GN-CONTINUE,ordered_outgoing_channels,top,-2,1,p,8.75,-3.2199547120230072e-06,2.056505343140439e-05,0.0001145021053115565,0.0001433630897223461,0.0001701112610414334,0.9130801710515086,0.08831493583409195,1.8504894601475805e-08,1.4377069298335635e-06,1.4192020352320876e-06
V10-PHASE-CACHED-GN-CONTINUE,ordered_outgoing_channels,top,-1,-1,s,8.75,-8.624683982654478e-06,-9.872065021169885e-06,-0.0001675317294758279,-0.0002780507862091289,0.0003117230751891469,0.9130801710515086,0.08831493583409195,5.444141611160231e-09,3.3385088803210597e-06,3.3330647387098993e-06
V10-PHASE-CACHED-GN-CONTINUE,ordered_outgoing_channels,top,-1,-1,p,8.75,-2.0497799623977062e-05,6.583246120534924e-05,-0.00012312018254765662,-0.00020515373533905003,0.0002897669273649671,0.9130801710515086,0.08831493583409195,1.50613461554884e-07,1.8136268113864188e-06,1.6630133498315348e-06
V10-PHASE-CACHED-GN-CONTINUE,ordered_outgoing_channels,top,-1,0,s,8.75,0.0004907667752999366,0.0003323673633854996,-0.0010285581087383054,0.0013279322632824794,0.0018164519187593986,0.9130801710515086,0.08831493583409195,1.743501746030601e-05,0.00014001487940183894,0.00012257986194153293
V10-PHASE-CACHED-GN-CONTINUE,ordered_outgoing_channels,top,-1,0,p,8.75,-8.347517440004797e-06,1.2471626646301394e-05,1.0695710033665002e-15,-1.898478834981676e-15,1.5007415456404543e-05,0.9130801710515086,0.08831493583409195,1.1177153354276175e-08,2.3563986760300565e-28,1.1177153354276175e-08
V10-PHASE-CACHED-GN-CONTINUE,ordered_outgoing_channels,top,-1,1,s,8.75,-3.118821412196852e-05,-0.00012175298764346863,-0.0001675317294752791,-0.00027805078621218255,0.00020740915123572707,0.9130801710515086,0.08831493583409195,5.004476957890445e-07,3.338508880369034e-06,2.8380611845799895e-06
V10-PHASE-CACHED-GN-CONTINUE,ordered_outgoing_channels,top,-1,1,p,8.75,2.5135486450767995e-05,6.835347210322731e-05,0.00012312018254904267,0.00020515373533914856,0.00016827154450734858,0.9130801710515086,0.08831493583409195,1.6803534822914343e-07,1.8136268113985115e-06,1.645591463169368e-06
V10-PHASE-CACHED-GN-CONTINUE,ordered_outgoing_channels,top,0,0,s,8.75,-0.8848299832282038,-0.1066412933085149,-0.9004635817872493,-0.03771148815782577,0.070680460114641,0.9130801710515086,0.08831493583409195,0.7942964646579611,0.812256818464021,0.01796035380605987
V10-PHASE-CACHED-GN-CONTINUE,ordered_outgoing_channels,top,0,0,p,8.75,0.0006279117784509621,-0.00026496444184415455,1.1196540890151039e-13,-5.214558791588342e-15,0.0006815272238259175,0.9130801710515086,0.08831493583409195,4.6447935695913255e-07,1.2563444413870592e-26,4.6447935695913255e-07
V10-PHASE-CACHED-GN-CONTINUE,ordered_outgoing_channels,bottom,-3,-1,s,-1.25,-1.3870268591276588e-05,-9.250895386077808e-06,-4.909306826319978e-06,0.00011217325597253058,0.00012175435667322649,0.9130801710515086,0.08831493583409195,8.413529987812906e-09,3.815929255738811e-07,3.731793955860682e-07
V10-PHASE-CACHED-GN-CONTINUE,ordered_outgoing_channels,bottom,-3,-1,p,-1.25,-1.9023955402197467e-05,-3.4617008330247336e-06,-1.5732873803997091e-06,7.928198517251047e-05,8.456384208507556e-05,0.9130801710515086,0.08831493583409195,1.1317210524968376e-08,1.903314808729246e-07,1.7901427034795623e-07
V10-PHASE-CACHED-GN-CONTINUE,ordered_outgoing_channels,bottom,-3,0,s,-1.25,2.0725280152948487e-05,4.1058648914005184e-05,-0.0004924362020247129,-0.0001736752134376343,0.0005562781124862159,0.9130801710515086,0.08831493583409195,1.0247796774232913e-07,1.3208823483228831e-05,1.3106345515486503e-05
V10-PHASE-CACHED-GN-CONTINUE,ordered_outgoing_channels,bottom,-3,0,p,-1.25,-9.207263685923457e-06,3.4967969864951636e-07,-1.3274970028758873e-16,2.3198170478591657e-16,9.213901479349866e-06,0.9130801710515086,0.08831493583409195,4.112779449652316e-09,3.46080831114775e-30,4.112779449652316e-09
V10-PHASE-CACHED-GN-CONTINUE,ordered_outgoing_channels,bottom,-3,1,s,-1.25,1.730564448602433e-06,6.29619917303105e-06,-4.909306828951654e-06,0.00011217325597379069,0.00010608505572121726,0.9130801710515086,0.08831493583409195,1.2905564777957893e-09,3.8159292558322023e-07,3.803023691054244e-07
V10-PHASE-CACHED-GN-CONTINUE,ordered_outgoing_channels,bottom,-3,1,p,-1.25,-8.072649470988156e-06,-2.4939524796319827e-05,1.5732873796791848e-06,-7.9281985174855e-05,5.519191152442291e-05,0.9130801710515086,0.08831493583409195,2.0798912085053425e-08,1.903314808841085e-07,1.6953256879905508e-07
V10-PHASE-CACHED-GN-CONTINUE,ordered_outgoing_channels,bottom,-2,-1,s,-1.25,1.2222106156188707e-05,7.935392099699752e-06,7.745485652971132e-07,2.4717345258705883e-06,1.268456262079385e-05,0.9130801710515086,0.08831493583409195,8.806564737567158e-09,2.7825122930511906e-10,8.528313508262038e-09
V10-PHASE-CACHED-GN-CONTINUE,ordered_outgoing_channels,bottom,-2,-1,p,-1.25,3.314324953059731e-05,1.9198788015603755e-06,-3.630225008417201e-05,0.0001883234131536643,0.00019891946871963267,0.9130801710515086,0.08831493583409195,4.570867246216306e-08,1.5254830024257906e-06,1.4797743299636274e-06
V10-PHASE-CACHED-GN-CONTINUE,ordered_outgoing_channels,bottom,-2,0,s,-1.25,-9.545023709260852e-05,-5.7509718592207746e-05,-0.00018404130862068258,1.7489532595230964e-05,0.00011607439697525403,0.9130801710515086,0.08831493583409195,6.97642258648134e-07,1.9200481909981673e-06,1.2224059323500333e-06
V10-PHASE-CACHED-GN-CONTINUE,ordered_outgoing_channels,bottom,-2,0,p,-1.25,1.0882474294815886e-05,-3.0114277153407083e-06,-1.953215047833636e-16,3.0838854490696276e-16,1.129145445317649e-05,0.9130801710515086,0.08831493583409195,7.162701602593332e-09,7.486128714139298e-30,7.162701602593332e-09
V10-PHASE-CACHED-GN-CONTINUE,ordered_outgoing_channels,bottom,-2,1,s,-1.25,5.6849503570659974e-06,5.743581607428084e-06,7.745485660026084e-07,2.4717345262717786e-06,5.900595654012362e-06,0.9130801710515086,0.08831493583409195,2.7084194738113984e-09,2.7825122943269296e-10,2.4301682443787055e-09
V10-PHASE-CACHED-GN-CONTINUE,ordered_outgoing_channels,bottom,-2,1,p,-1.25,1.9474453980431037e-05,2.3346766994684788e-05,3.630225008297548e-05,-0.00018832341315286793,0.00021233803212181805,0.9130801710515086,0.08831493583409195,3.833352126003659e-08,1.5254830024097482e-06,1.4871494811497115e-06
V10-PHASE-CACHED-GN-CONTINUE,ordered_outgoing_channels,bottom,-1,-1,s,-1.25,7.910955403123493e-06,-2.8133921114832483e-05,-0.00033718347041335526,-1.6668060240140516e-05,0.0003452848515287095,0.9130801710515086,0.08831493583409195,2.5866079866165374e-08,3.4515489579344382e-06,3.425682878068273e-06
V10-PHASE-CACHED-GN-CONTINUE,ordered_outgoing_channels,bottom,-1,-1,p,-1.25,-0.0001096213832137275,-5.457176387539481e-05,0.0002479992366175502,8.609260274623294e-06,0.0003631588489093339,0.9130801710515086,0.08831493583409195,4.5411497099682994e-07,1.8648558637476027e-06,1.4107408927507727e-06
V10-PHASE-CACHED-GN-CONTINUE,ordered_outgoing_channels,bottom,-1,0,s,-1.25,-0.000615774865180171,-0.0002520548691299633,-0.0011348134234953988,-0.0008861976207941805,0.0008194742549380153,0.9130801710515086,0.08831493583409195,2.1451566149637867e-05,0.00010045454435778903,7.900297820815116e-05
V10-PHASE-CACHED-GN-CONTINUE,ordered_outgoing_channels,bottom,-1,0,p,-1.25,1.3188078337215016e-05,-1.6469873238480902e-05,-4.465027736885759e-16,-2.0865938982257457e-16,2.1099339675095362e-05,0.9130801710515086,0.08831493583409195,2.157133708739223e-08,1.1769907587313279e-29,2.157133708739223e-08
V10-PHASE-CACHED-GN-CONTINUE,ordered_outgoing_channels,bottom,-1,1,s,-1.25,-4.113969738242252e-05,-3.957556197325989e-05,-0.00033718347041209904,-1.6668060241286416e-05,0.0002969287274502873,0.9130801710515086,0.08831493583409195,9.86883469616019e-08,3.4515489579099395e-06,3.3528606109483374e-06
V10-PHASE-CACHED-GN-CONTINUE,ordered_outgoing_channels,bottom,-1,1,p,-1.25,-3.760359875194804e-05,7.261220348160855e-06,-0.000247999236616804,-8.609260275602887e-06,0.0002109933567385212,0.9130801710515086,0.08831493583409195,4.4420084604443813e-08,1.8648558637369045e-06,1.8204357791324608e-06
V10-PHASE-CACHED-GN-CONTINUE,ordered_outgoing_channels,bottom,0,0,s,-1.25,0.09026772215167388,-0.16093822972265173,0.07718950242782177,-0.12447475436113979,0.03873789961504034,0.9130801710515086,0.08831493583409195,0.05131803324016008,0.032331984498269135,0.018986048741890943
V10-PHASE-CACHED-GN-CONTINUE,ordered_outgoing_channels,bottom,0,0,p,-1.25,0.0005736622454777773,-6.027179135271861e-05,2.4167599005431038e-15,5.725178855579965e-15,0.0005768197818360502,0.9130801710515086,0.08831493583409195,5.014655989629503e-07,5.820430999983165e-29,5.014655989629503e-07
V10-PHASE-CACHED-GN-CONTINUE,ordered_boundary_outgoing_channels,top,-3,-1,s,8.75,4.190129275082306e-06,-1.1680065166991825e-05,-7.855082196187339e-05,7.345092919286605e-05,0.00011871542112250806,0.9095181214967073,0.08550785562704513,4.875834168890244e-09,3.662159813318062e-07,3.6134014716291597e-07
V10-PHASE-CACHED-GN-CONTINUE,ordered_boundary_outgoing_channels,top,-3,-1,p,8.75,-8.57099611851855e-06,2.4129824879651196e-05,5.531274235513715e-05,-5.254893240889601e-05,9.980362649065598e-05,0.9095181214967073,0.08550785562704513,2.0763166187395758e-08,1.843193233752179e-07,1.6355615718782214e-07
V10-PHASE-CACHED-GN-CONTINUE,ordered_boundary_outgoing_channels,top,-3,0,s,8.75,4.001761337756829e-05,1.1068928737735038e-05,0.0002384264874377627,-0.00046734237743567054,0.0005179222520614249,0.9095181214967073,0.08550785562704513,8.55364013219005e-08,1.365740342110789e-05,1.357186701978599e-05
V10-PHASE-CACHED-GN-CONTINUE,ordered_boundary_outgoing_channels,top,-3,0,p,8.75,1.6898194180666645e-07,6.117915834299838e-07,-8.953304260694988e-16,-3.7721080122444466e-15,6.346998055227334e-07,0.9095181214967073,0.08550785562704513,1.9987935093334185e-11,7.457653301374714e-28,1.9987935093334185e-11
V10-PHASE-CACHED-GN-CONTINUE,ordered_boundary_outgoing_channels,top,-3,1,s,8.75,1.1422430637670327e-06,-7.75479326470832e-06,-7.855082196233748e-05,7.345092919581435e-05,0.00011377765146807329,0.9095181214967073,0.08550785562704513,1.9455552557018802e-09,3.6621598134782935e-07,3.6427042609212746e-07
V10-PHASE-CACHED-GN-CONTINUE,ordered_boundary_outgoing_channels,top,-3,1,p,8.75,1.1977827925379076e-05,1.3565409072728008e-05,-5.5312742353573465e-05,5.2548932408382856e-05,7.776719064057925e-05,0.9095181214967073,0.08550785562704513,1.0369976979480768e-08,1.843193233680326e-07,1.7394934638855183e-07
V10-PHASE-CACHED-GN-CONTINUE,ordered_boundary_outgoing_channels,top,-2,-1,s,8.75,-1.3204376034667546e-07,5.040505608713122e-06,-1.6954805776036832e-06,1.8854459868824524e-06,3.5211838774567017e-06,0.9095181214967073,0.08550785562704513,1.0858118088622945e-09,2.745931746845648e-10,8.112186341777298e-10
V10-PHASE-CACHED-GN-CONTINUE,ordered_boundary_outgoing_channels,top,-2,-1,p,8.75,1.0505052277893015e-05,-3.0221005574549168e-05,0.00017343931198744156,-5.9854094867379096e-05,0.00016560704383611057,0.9095181214967073,0.08550785562704513,4.371861573643872e-08,1.437706929814518e-06,1.3939883140780792e-06
V10-PHASE-CACHED-GN-CONTINUE,ordered_boundary_outgoing_channels,top,-2,0,s,8.75,-9.331391243689722e-05,-4.040710265222978e-05,-5.6207409492762594e-05,-0.00016425931836508344,0.0001292913914293071,0.9095181214967073,0.08550785562704513,5.924810493187479e-07,1.7270051732052553e-06,1.1345241238865075e-06
V10-PHASE-CACHED-GN-CONTINUE,ordered_boundary_outgoing_channels,top,-2,0,p,8.75,5.000085076121813e-07,-1.5867544313344145e-06,1.1404235867852477e-15,1.7310012154075433e-16,1.6636700792082706e-06,0.9095181214967073,0.08550785562704513,1.5859120121275448e-10,7.623760074136061e-29,1.5859120121275448e-10
V10-PHASE-CACHED-GN-CONTINUE,ordered_boundary_outgoing_channels,top,-2,1,s,8.75,6.532933335313078e-06,1.9719362342664145e-05,-1.6954805762582626e-06,1.885445986237883e-06,1.9640655999944322e-05,0.9095181214967073,0.08550785562704513,1.842985414597173e-08,2.745931743859139e-10,1.8155260971585816e-08
V10-PHASE-CACHED-GN-CONTINUE,ordered_boundary_outgoing_channels,top,-2,1,p,8.75,-1.8297782106976633e-05,-9.923744300897838e-06,-0.00017343931198806085,5.9854094869309646e-05,0.00017011126104143337,0.9095181214967073,0.08550785562704513,1.8504894601475805e-08,1.4377069298335635e-06,1.4192020352320876e-06
V10-PHASE-CACHED-GN-CONTINUE,ordered_boundary_outgoing_channels,top,-1,-1,s,8.75,-1.0442941506597707e-05,-7.923876215126121e-06,-0.00022030138827274493,-0.0002384248695454775,0.0003117230751891469,0.9095181214967073,0.08550785562704513,5.444141611160231e-09,3.3385088803210597e-06,3.3330647387098993e-06
V10-PHASE-CACHED-GN-CONTINUE,ordered_boundary_outgoing_channels,top,-1,-1,p,8.75,-6.7606946783772235e-06,6.861753234592664e-05,-0.00016206524324860404,-0.0001760155998907599,0.0002897669273649671,0.9095181214967073,0.08550785562704513,1.50613461554884e-07,1.8136268113864188e-06,1.6630133498315348e-06
V10-PHASE-CACHED-GN-CONTINUE,ordered_boundary_outgoing_channels,top,-1,0,s,8.75,-0.00045565134030076896,-0.00037908039788973533,0.0011543275989399616,-0.0012201900152203147,0.0018164519187593988,0.9095181214967073,0.08550785562704513,1.743501746030601e-05,0.00014001487940183894,0.00012257986194153293
V10-PHASE-CACHED-GN-CONTINUE,ordered_boundary_outgoing_channels,top,-1,0,p,8.75,9.535094067283401e-06,-1.1588981825163766e-05,-1.2513260214317444e-15,1.783924663825131e-15,1.5007415456404543e-05,0.9095181214967073,0.08550785562704513,1.1177153354276175e-08,2.3563986760300565e-28,1.1177153354276175e-08
V10-PHASE-CACHED-GN-CONTINUE,ordered_boundary_outgoing_channels,top,-1,1,s,8.75,-5.516637564639117e-05,-0.00011292991498389452,-0.00022030138827282503,-0.00023842486954857905,0.0002074091512357271,0.9095181214967073,0.08550785562704513,5.004476957890445e-07,3.338508880369034e-06,2.8380611845799895e-06
V10-PHASE-CACHED-GN-CONTINUE,ordered_boundary_outgoing_channels,top,-1,1,p,8.75,3.8439515237295716e-05,6.18578491058744e-05,0.00016206524324998136,0.0001760155998905761,0.00016827154450734858,0.9095181214967073,0.08550785562704513,1.6803534822914343e-07,1.8136268113985115e-06,1.645591463169368e-06
V10-PHASE-CACHED-GN-CONTINUE,ordered_boundary_outgoing_channels,top,0,0,s,8.75,-0.8482488351018013,-0.2734417276250524,-0.8767420008873494,-0.208758909616445,0.07068046011464103,0.9095181214967073,0.08550785562704513,0.7942964646579611,0.812256818464021,0.01796035380605987
V10-PHASE-CACHED-GN-CONTINUE,ordered_boundary_outgoing_channels,top,0,0,p,8.75,0.0006669206640979072,-0.00014034309658277086,1.109046864019619e-13,1.6235607409513206e-14,0.0006815272238259176,0.9095181214967073,0.08550785562704513,4.6447935695913255e-07,1.2563444413870592e-26,4.6447935695913255e-07
V10-PHASE-CACHED-GN-CONTINUE,ordered_boundary_outgoing_channels,bottom,-3,-1,s,-1.25,-2.1623551418739517e-06,-1.6321704102289878e-05,-8.648303367237041e-05,6.939127777564956e-05,0.00012023598500553527,0.9095181214967073,0.08550785562704513,8.413529987812906e-09,3.815929255738811e-07,3.731793955860682e-07
V10-PHASE-CACHED-GN-CONTINUE,ordered_boundary_outgoing_channels,bottom,-3,-1,p,-1.25,-9.816306208765553e-06,-1.6378859155880355e-05,-5.9889780695573525e-05,5.0452604324837186e-05,8.350926510367271e-05,0.9095181214967073,0.08550785562704513,1.1317210524968376e-08,1.903314808729246e-07,1.7901427034795623e-07
V10-PHASE-CACHED-GN-CONTINUE,ordered_boundary_outgoing_channels,bottom,-3,0,s,-1.25,-3.5221589289517384e-05,2.9009864687305478e-05,6.074845422874771e-05,-0.0005144750722767751,0.0005518932197080775,0.9095181214967073,0.08550785562704513,1.0247796774232913e-07,1.3208823483228831e-05,1.3106345515486503e-05
V10-PHASE-CACHED-GN-CONTINUE,ordered_boundary_outgoing_channels,bottom,-3,0,p,-1.25,-2.345551578491933e-06,-8.835227715879872e-06,-2.5346697492730613e-16,-7.791468315616378e-17,9.141272394817475e-06,0.9095181214967073,0.08550785562704513,4.112779449652316e-09,3.46080831114775e-30,4.112779449652316e-09
V10-PHASE-CACHED-GN-CONTINUE,ordered_boundary_outgoing_channels,bottom,-3,1,s,-1.25,-3.548035740504588e-06,5.384386501681794e-06,-8.648303367501951e-05,6.939127777451605e-05,0.00010476209244192491,0.9095181214967073,0.08550785562704513,1.2905564777957893e-09,3.8159292558322023e-07,3.803023691054244e-07
V10-PHASE-CACHED-GN-CONTINUE,ordered_boundary_outgoing_channels,bottom,-3,1,p,-1.25,1.326100960166297e-05,-2.2231993286625108e-05,5.9889780696845165e-05,-5.0452604326898695e-05,5.450362539623681e-05,0.9095181214967073,0.08550785562704513,2.0798912085053425e-08,1.903314808841085e-07,1.6953256879905508e-07
V10-PHASE-CACHED-GN-CONTINUE,ordered_boundary_outgoing_channels,bottom,-2,-1,s,-1.25,-2.3450537526451775e-06,1.4246791712239532e-05,-1.935589521620524e-06,1.6853186586884327e-06,1.2568144900166412e-05,0.9095181214967073,0.08550785562704513,8.806564737567158e-09,2.7825122930511906e-10,8.528313508262038e-09
V10-PHASE-CACHED-GN-CONTINUE,ordered_boundary_outgoing_channels,bottom,-2,-1,p,-1.25,1.1429275965612082e-05,3.0844681163833805e-05,-0.0001853545253180435,4.1894719858193056e-05,0.00019709380457739426,0.9095181214967073,0.08550785562704513,4.570867246216306e-08,1.5254830024257906e-06,1.4797743299636274e-06
V10-PHASE-CACHED-GN-CONTINUE,ordered_boundary_outgoing_channels,bottom,-2,0,s,-1.25,5.621705281551382e-05,-9.533656791538082e-05,-1.910128656019509e-05,-0.00018261418318362527,0.00011528327881018201,0.9095181214967073,0.08550785562704513,6.97642258648134e-07,1.9200481909981673e-06,1.2224059323500333e-06
V10-PHASE-CACHED-GN-CONTINUE,ordered_boundary_outgoing_channels,bottom,-2,0,p,-1.25,3.093167325112694e-06,1.0779482477287055e-05,-3.081108181661143e-16,-1.9107978283180129e-16,1.1214496269797813e-05,0.9095181214967073,0.08550785562704513,7.162701602593332e-09,7.486128714139298e-30,7.162701602593332e-09
V10-PHASE-CACHED-GN-CONTINUE,ordered_boundary_outgoing_channels,bottom,-2,1,s,-1.25,-2.9537091258777296e-06,7.44242726493258e-06,-1.9355895217042767e-06,1.6853186594882002e-06,5.846440543038477e-06,0.9095181214967073,0.08550785562704513,2.7084194738113984e-09,2.7825122943269296e-10,2.4301682443787055e-09
V10-PHASE-CACHED-GN-CONTINUE,ordered_boundary_outgoing_channels,bottom,-2,1,p,-1.25,-1.3450589482478338e-05,2.695400967079063e-05,0.00018535452531684516,-4.189471985896257e-05,0.00021038921366893623,0.9095181214967073,0.08550785562704513,3.833352126003659e-08,1.5254830024097482e-06,1.4871494811497115e-06
V10-PHASE-CACHED-GN-CONTINUE,ordered_boundary_outgoing_channels,bottom,-1,-1,s,-1.25,2.6045423949034565e-05,-1.2432927716360373e-05,-0.00020705147255067278,-0.00026129824663100645,0.00034098109935344476,0.9095181214967073,0.08550785562704513,2.5866079866165374e-08,3.4515489579344382e-06,3.425682878068273e-06
V10-PHASE-CACHED-GN-CONTINUE,ordered_boundary_outgoing_channels,bottom,-1,-1,p,-1.25,-3.080487090413707e-05,-0.00011693806284407677,0.00015499807170421564,0.00018981004150854804,0.0003586323089263593,0.9095181214967073,0.08550785562704513,4.5411497099682994e-07,1.8648558637476027e-06,1.4107408927507727e-06
V10-PHASE-CACHED-GN-CONTINUE,ordered_boundary_outgoing_channels,bottom,-1,0,s,-1.25,0.00010990460195518784,-0.000650907730644643,0.0006107069086373302,-0.0012913701554319347,0.0008130160317869334,0.9095181214967073,0.08550785562704513,2.1451566149637867e-05,0.00010045454435778903,7.900297820815116e-05
V10-PHASE-CACHED-GN-CONTINUE,ordered_boundary_outgoing_channels,bottom,-1,0,p,-1.25,1.88130988691587e-05,9.179335095984048e-06,1.0475495179447351e-16,-4.776152653530708e-16,2.0933057155368675e-05,0.9095181214967073,0.08550785562704513,2.157133708739223e-08,1.1769907587313279e-29,2.157133708739223e-08
V10-PHASE-CACHED-GN-CONTINUE,ordered_boundary_outgoing_channels,bottom,-1,1,s,-1.25,2.622817667313068e-06,-5.631244745224822e-05,-0.00020705147254900414,-0.0002612982466308191,0.0002932277030612793,0.9095181214967073,0.08550785562704513,9.86883469616019e-08,3.4515489579099395e-06,3.3528606109483374e-06
V10-PHASE-CACHED-GN-CONTINUE,ordered_boundary_outgoing_channels,bottom,-1,1,p,-1.25,-2.9865092411544016e-05,-2.320551148700502e-05,-0.0001549980717030024,-0.00018981004150863128,0.00020836346112042658,0.9095181214967073,0.08550785562704513,4.4420084604443813e-08,1.8648558637369045e-06,1.8204357791324608e-06
V10-PHASE-CACHED-GN-CONTINUE,ordered_boundary_outgoing_channels,bottom,0,0,s,-1.25,0.0832070779014698,-0.12969770806444947,0.07050175899447489,-0.09994772920440079,0.0323494415825341,0.9095181214967073,0.08550785562704513,0.05131803324016008,0.032331984498269135,0.018986048741890943
V10-PHASE-CACHED-GN-CONTINUE,ordered_boundary_outgoing_channels,bottom,0,0,p,-1.25,0.0004811965323452858,-2.1877144659448517e-05,1.7315585978917311e-15,4.892126973773713e-15,0.00048169358745796655,0.9095181214967073,0.08550785562704513,5.014655989629503e-07,5.820430999983165e-29,5.014655989629503e-07
V10-PHASE-CACHED-GN-CONTINUE,ordered_scattered_channels,top,-3,-1,s,8.75,6.497714034793759e-06,-1.05716989159336e-05,-9.195140170810291e-05,5.5769259938579254e-05,0.00011871542112250807,0.2468359522790033,0.3266891065635704,4.875834168890244e-09,3.662159813318062e-07,3.6134014716291597e-07
V10-PHASE-CACHED-GN-CONTINUE,ordered_scattered_channels,top,-3,-1,p,8.75,-1.3340048147961322e-05,2.1857573941235976e-05,6.49187356517443e-05,-4.008051303985588e-05,9.980362649065598e-05,0.2468359522790033,0.3266891065635704,2.0763166187395758e-08,1.843193233752179e-07,1.6355615718782214e-07
V10-PHASE-CACHED-GN-CONTINUE,ordered_scattered_channels,top,-3,0,s,8.75,-4.0899368671972334e-05,-7.153475105363128e-06,-0.00019219020094724982,0.00048817928501638765,0.0005179222520614249,0.2468359522790033,0.3266891065635704,8.55364013219005e-08,1.365740342110789e-05,1.357186701978599e-05
V10-PHASE-CACHED-GN-CONTINUE,ordered_scattered_channels,top,-3,0,p,8.75,-2.272615456824752e-07,-5.9261794443514e-07,1.2553482268998042e-15,3.668039838538298e-15,6.346998055227335e-07,0.2468359522790033,0.3266891065635704,1.9987935093334185e-11,7.457653301374714e-28,1.9987935093334185e-11
V10-PHASE-CACHED-GN-CONTINUE,ordered_scattered_channels,top,-3,1,s,8.75,2.7092205303742763e-06,-7.35538319279824e-06,-9.195140170914724e-05,5.5769259941376876e-05,0.00011377765146807329,0.2468359522790033,0.3266891065635704,1.9455552557018802e-09,3.6621598134782935e-07,3.6427042609212746e-07
V10-PHASE-CACHED-GN-CONTINUE,ordered_scattered_channels,top,-3,1,p,8.75,8.939316944856226e-06,1.573458921232309e-05,-6.491873565010715e-05,4.00805130396873e-05,7.776719064057925e-05,0.2468359522790033,0.3266891065635704,1.0369976979480768e-08,1.843193233680326e-07,1.7394934638855183e-07
V10-PHASE-CACHED-GN-CONTINUE,ordered_scattered_channels,top,-2,-1,s,8.75,4.793443253488621e-06,-1.5642998822793997e-06,2.3445165024338254e-06,9.658174404606376e-07,3.5211838774567012e-06,0.2468359522790033,0.3266891065635704,1.0858118088622945e-09,2.745931746845648e-10,8.112186341777298e-10
V10-PHASE-CACHED-GN-CONTINUE,ordered_scattered_channels,top,-2,-1,p,8.75,-3.199396497179207e-05,2.2695083105342893e-07,-0.00011450210530949539,-0.00014336308972242402,0.00016560704383611057,0.2468359522790033,0.3266891065635704,4.371861573643872e-08,1.437706929814518e-06,1.3939883140780792e-06
V10-PHASE-CACHED-GN-CONTINUE,ordered_scattered_channels,top,-2,0,s,8.75,4.040711455257566e-05,-9.331390728389869e-05,0.0001642593255332033,-5.620738854478225e-05,0.0001292913914293071,0.2468359522790033,0.3266891065635704,5.924810493187479e-07,1.7270051732052553e-06,1.1345241238865075e-06
V10-PHASE-CACHED-GN-CONTINUE,ordered_scattered_channels,top,-2,0,p,8.75,1.5867543675678762e-06,5.000087099723671e-07,-1.731002669799771e-16,1.1404235647096274e-15,1.6636700792082706e-06,0.2468359522790033,0.3266891065635704,1.5859120121275448e-10,7.623760074136061e-29,1.5859120121275448e-10
V10-PHASE-CACHED-GN-CONTINUE,ordered_scattered_channels,top,-2,1,s,8.75,1.639102321893014e-05,-1.276192881195545e-05,2.344516501375749e-06,9.658174394089149e-07,1.9640655999944326e-05,0.2468359522790033,0.3266891065635704,1.842985414597173e-08,2.745931743859139e-10,1.8155260971585816e-08
V10-PHASE-CACHED-GN-CONTINUE,ordered_scattered_channels,top,-2,1,p,8.75,-3.219954712033668e-06,2.0565053431411717e-05,0.00011450210531154583,0.0001433630897223534,0.00017011126104143337,0.2468359522790033,0.3266891065635704,1.8504894601475805e-08,1.4377069298335635e-06,1.4192020352320876e-06
V10-PHASE-CACHED-GN-CONTINUE,ordered_scattered_channels,top,-1,-1,s,8.75,-8.624683982609995e-06,-9.872065021160122e-06,-0.00016753172947578341,-0.00027805078620911914,0.0003117230751891469,0.2468359522790033,0.3266891065635704,5.444141611160231e-09,3.3385088803210597e-06,3.3330647387098993e-06
V10-PHASE-CACHED-GN-CONTINUE,ordered_scattered_channels,top,-1,-1,p,8.75,-2.0497799623961765e-05,6.583246120538622e-05,-0.00012312018254764134,-0.00020515373533901306,0.0002897669273649671,0.2468359522790033,0.3266891065635704,1.50613461554884e-07,1.8136268113864188e-06,1.6630133498315348e-06
V10-PHASE-CACHED-GN-CONTINUE,ordered_scattered_channels,top,-1,0,s,8.75,0.0004907667753003481,0.0003323673633853279,-0.0010285581087378939,0.0013279322632823076,0.0018164519187593986,0.2468359522790033,0.3266891065635704,1.743501746030601e-05,0.00014001487940183894,0.00012257986194153293
V10-PHASE-CACHED-GN-CONTINUE,ordered_scattered_channels,top,-1,0,p,8.75,-8.347517440004797e-06,1.2471626646301394e-05,1.0695710033665002e-15,-1.898478834981676e-15,1.5007415456404543e-05,0.2468359522790033,0.3266891065635704,1.1177153354276175e-08,2.3563986760300565e-28,1.1177153354276175e-08
V10-PHASE-CACHED-GN-CONTINUE,ordered_scattered_channels,top,-1,1,s,8.75,-3.118821412196677e-05,-0.00012175298764345134,-0.00016753172947527734,-0.00027805078621216526,0.00020740915123572707,0.2468359522790033,0.3266891065635704,5.004476957890445e-07,3.338508880369034e-06,2.8380611845799895e-06
V10-PHASE-CACHED-GN-CONTINUE,ordered_scattered_channels,top,-1,1,p,8.75,2.5135486450763913e-05,6.835347210320795e-05,0.00012312018254903858,0.0002051537353391292,0.00016827154450734855,0.2468359522790033,0.3266891065635704,1.6803534822914343e-07,1.8136268113985115e-06,1.645591463169368e-06
V10-PHASE-CACHED-GN-CONTINUE,ordered_scattered_channels,top,0,0,s,8.75,-0.003639776551384273,0.1403417470721069,-0.01927337511042978,0.20927155222279603,0.07068046011464102,0.2468359522790033,0.3266891065635704,0.7942964646579611,0.812256818464021,0.01796035380605987
V10-PHASE-CACHED-GN-CONTINUE,ordered_scattered_channels,top,0,0,p,8.75,0.0006279117784508525,-0.0002649644418426756,1.1185579377514874e-13,-3.735624544869974e-15,0.0006815272238259175,0.2468359522790033,0.3266891065635704,4.6447935695913255e-07,1.2563444413870592e-26,4.6447935695913255e-07
V10-PHASE-CACHED-GN-CONTINUE,ordered_scattered_channels,bottom,-3,-1,s,-1.25,-1.3870268591276654e-05,-9.250895386076007e-06,-4.909306826320045e-06,0.00011217325597253238,0.0001217543566732265,0.2468359522790033,0.3266891065635704,8.413529987812906e-09,3.815929255738811e-07,3.731793955860682e-07
V10-PHASE-CACHED-GN-CONTINUE,ordered_scattered_channels,bottom,-3,-1,p,-1.25,-1.902395540220109e-05,-3.461700833017569e-06,-1.5732873804033325e-06,7.928198517251764e-05,8.456384208507556e-05,0.2468359522790033,0.3266891065635704,1.1317210524968376e-08,1.903314808729246e-07,1.7901427034795623e-07
V10-PHASE-CACHED-GN-CONTINUE,ordered_scattered_channels,bottom,-3,0,s,-1.25,2.072528015294623e-05,4.10586489139313e-05,-0.0004924362020247152,-0.0001736752134377082,0.000556278112486216,0.2468359522790033,0.3266891065635704,1.0247796774232913e-07,1.3208823483228831e-05,1.3106345515486503e-05
V10-PHASE-CACHED-GN-CONTINUE,ordered_scattered_channels,bottom,-3,0,p,-1.25,-9.207263685923457e-06,3.4967969864951636e-07,-1.3274970028758873e-16,2.3198170478591657e-16,9.213901479349866e-06,0.2468359522790033,0.3266891065635704,4.112779449652316e-09,3.46080831114775e-30,4.112779449652316e-09
V10-PHASE-CACHED-GN-CONTINUE,ordered_scattered_channels,bottom,-3,1,s,-1.25,1.7305644486012297e-06,6.296199173030164e-06,-4.9093068289528565e-06,0.00011217325597378981,0.00010608505572121726,0.2468359522790033,0.3266891065635704,1.2905564777957893e-09,3.8159292558322023e-07,3.803023691054244e-07
V10-PHASE-CACHED-GN-CONTINUE,ordered_scattered_channels,bottom,-3,1,p,-1.25,-8.07264947097947e-06,-2.4939524796319997e-05,1.5732873796878703e-06,-7.928198517485518e-05,5.5191911524422925e-05,0.2468359522790033,0.3266891065635704,2.0798912085053425e-08,1.903314808841085e-07,1.6953256879905508e-07
V10-PHASE-CACHED-GN-CONTINUE,ordered_scattered_channels,bottom,-2,-1,s,-1.25,1.2222106156188707e-05,7.935392099699752e-06,7.745485652971132e-07,2.471734525870588e-06,1.268456262079385e-05,0.2468359522790033,0.3266891065635704,8.806564737567158e-09,2.7825122930511906e-10,8.528313508262038e-09
V10-PHASE-CACHED-GN-CONTINUE,ordered_scattered_channels,bottom,-2,-1,p,-1.25,3.3143249530590456e-05,1.9198788015560933e-06,-3.630225008417886e-05,0.00018832341315366003,0.00019891946871963267,0.2468359522790033,0.3266891065635704,4.570867246216306e-08,1.5254830024257906e-06,1.4797743299636274e-06
V10-PHASE-CACHED-GN-CONTINUE,ordered_scattered_channels,bottom,-2,0,s,-1.25,-9.545023709262428e-05,-5.7509718592165726e-05,-0.00018404130862069833,1.7489532595272983e-05,0.00011607439697525402,0.2468359522790033,0.3266891065635704,6.97642258648134e-07,1.9200481909981673e-06,1.2224059323500333e-06
V10-PHASE-CACHED-GN-CONTINUE,ordered_scattered_channels,bottom,-2,0,p,-1.25,1.0882474294815886e-05,-3.0114277153407083e-06,-1.953215047833636e-16,3.0838854490696276e-16,1.129145445317649e-05,0.2468359522790033,0.3266891065635704,7.162701602593332e-09,7.486128714139298e-30,7.162701602593332e-09
V10-PHASE-CACHED-GN-CONTINUE,ordered_scattered_channels,bottom,-2,1,s,-1.25,5.6849503570659974e-06,5.743581607428082e-06,7.745485660026087e-07,2.4717345262717774e-06,5.900595654012361e-06,0.2468359522790033,0.3266891065635704,2.7084194738113984e-09,2.7825122943269296e-10,2.4301682443787055e-09
V10-PHASE-CACHED-GN-CONTINUE,ordered_scattered_channels,bottom,-2,1,p,-1.25,1.947445398042333e-05,2.3346766994696437e-05,3.630225008296777e-05,-0.00018832341315285628,0.00021233803212181802,0.2468359522790033,0.3266891065635704,3.833352126003659e-08,1.5254830024097482e-06,1.4871494811497115e-06
V10-PHASE-CACHED-GN-CONTINUE,ordered_scattered_channels,bottom,-1,-1,s,-1.25,7.910955403123403e-06,-2.8133921114828156e-05,-0.00033718347041335536,-1.666806024013619e-05,0.0003452848515287095,0.2468359522790033,0.3266891065635704,2.5866079866165374e-08,3.4515489579344382e-06,3.425682878068273e-06
V10-PHASE-CACHED-GN-CONTINUE,ordered_scattered_channels,bottom,-1,-1,p,-1.25,-0.00010962138321374497,-5.45717638754029e-05,0.00024799923661753275,8.609260274615205e-06,0.000363158848909334,0.2468359522790033,0.3266891065635704,4.5411497099682994e-07,1.8648558637476027e-06,1.4107408927507727e-06
V10-PHASE-CACHED-GN-CONTINUE,ordered_scattered_channels,bottom,-1,0,s,-1.25,-0.0006157748651801853,-0.0002520548691299528,-0.0011348134234954131,-0.00088619762079417,0.0008194742549380153,0.2468359522790033,0.3266891065635704,2.1451566149637867e-05,0.00010045454435778903,7.900297820815116e-05
V10-PHASE-CACHED-GN-CONTINUE,ordered_scattered_channels,bottom,-1,0,p,-1.25,1.3188078337215016e-05,-1.6469873238480902e-05,-4.465027736885759e-16,-2.0865938982257457e-16,2.1099339675095362e-05,0.2468359522790033,0.3266891065635704,2.157133708739223e-08,1.1769907587313279e-29,2.157133708739223e-08
V10-PHASE-CACHED-GN-CONTINUE,ordered_scattered_channels,bottom,-1,1,s,-1.25,-4.1139697382420936e-05,-3.9575561973261904e-05,-0.00033718347041209747,-1.666806024128843e-05,0.0002969287274502873,0.2468359522790033,0.3266891065635704,9.86883469616019e-08,3.4515489579099395e-06,3.3528606109483374e-06
V10-PHASE-CACHED-GN-CONTINUE,ordered_scattered_channels,bottom,-1,1,p,-1.25,-3.7603598751941805e-05,7.261220348165099e-06,-0.00024799923661679776,-8.609260275598644e-06,0.0002109933567385212,0.2468359522790033,0.3266891065635704,4.4420084604443813e-08,1.8648558637369045e-06,1.8204357791324608e-06
V10-PHASE-CACHED-GN-CONTINUE,ordered_scattered_channels,bottom,0,0,s,-1.25,-0.028529325863129576,0.0861104100500735,-0.041607545586981674,0.12257388541158544,0.03873789961504034,0.2468359522790033,0.3266891065635704,0.05131803324016008,0.032331984498269135,0.018986048741890943
V10-PHASE-CACHED-GN-CONTINUE,ordered_scattered_channels,bottom,0,0,p,-1.25,0.0005736622454780263,-6.0271791352476996e-05,2.6658179463359154e-15,5.966790876859179e-15,0.0005768197818360502,0.2468359522790033,0.3266891065635704,5.014655989629503e-07,5.820430999983165e-29,5.014655989629503e-07
V11-PHASE-IDENTITY-METRIC-CONTROL,ordered_total_channels,top,-3,-1,s,8.75,7.4701225462728345e-06,-9.577587448823872e-06,-9.195140170809825e-05,5.576925993858354e-05,0.00011897415664141356,0.4382342339399896,0.07662653288164387,4.671651182781202e-09,3.662159813318062e-07,3.61544330149025e-07
V11-PHASE-IDENTITY-METRIC-CONTROL,ordered_total_channels,top,-3,-1,p,8.75,-1.6631824946909683e-05,1.7029015833479793e-05,6.491873565175626e-05,-4.0080513039853855e-05,9.955898865542384e-05,0.4382342339399896,0.07662653288164387,1.7941629374470464e-08,1.843193233752179e-07,1.6637769400074744e-07
V11-PHASE-IDENTITY-METRIC-CONTROL,ordered_total_channels,top,-3,0,s,8.75,-4.177819483608551e-05,-6.5145690560886046e-06,-0.0001921902009470994,0.00048817928501632254,0.0005170549108550809,0.4382342339399896,0.07662653288164387,8.870825306302482e-08,1.365740342110789e-05,1.3568695168044866e-05
V11-PHASE-IDENTITY-METRIC-CONTROL,ordered_total_channels,top,-3,0,p,8.75,-8.258875727756246e-07,1.4749203510025056e-06,1.2553482268998042e-15,3.668039838538298e-15,1.6904083281621595e-06,0.4382342339399896,0.07662653288164387,1.417798308976095e-10,7.457653301374714e-28,1.417798308976095e-10
V11-PHASE-IDENTITY-METRIC-CONTROL,ordered_total_channels,top,-3,1,s,8.75,3.422360669241967e-06,-1.4919160282930062e-05,-9.195140170915746e-05,5.576925994137385e-05,0.00011871397265705153,0.4382342339399896,0.07662653288164387,7.4189503923683175e-09,3.6621598134782935e-07,3.5879703095546104e-07
V11-PHASE-IDENTITY-METRIC-CONTROL,ordered_total_channels,top,-3,1,p,8.75,1.3427607742549416e-05,9.393391141351922e-06,-6.491873565012055e-05,4.0080513039672495e-05,8.414183842420218e-05,0.4382342339399896,0.07662653288164387,8.503245755417915e-09,1.843193233680326e-07,1.7581607761261468e-07
V11-PHASE-IDENTITY-METRIC-CONTROL,ordered_total_channels,top,-2,-1,s,8.75,6.959430602853602e-06,-3.3074646619636983e-06,2.344516502433825e-06,9.65817440460633e-07,6.289544664055848e-06,0.4382342339399896,0.07662653288164387,2.5356971943795643e-09,2.745931746845648e-10,2.2611040196949996e-09
V11-PHASE-IDENTITY-METRIC-CONTROL,ordered_total_channels,top,-2,-1,p,8.75,-2.511393296124609e-05,-7.832984918917942e-06,-0.00011450210530953003,-0.00014336308972240936,0.00016235348676210153,0.4382342339399896,0.07662653288164387,2.9556668638683374e-08,1.437706929814518e-06,1.4081502611758345e-06
V11-PHASE-IDENTITY-METRIC-CONTROL,ordered_total_channels,top,-2,0,s,8.75,5.8960109714703744e-05,-0.00010510851690806225,0.00016425932553326252,-5.6207388544626634e-05,0.0001161001516244515,0.4382342339399896,0.07662653288164387,8.322115776938729e-07,1.7270051732052553e-06,8.947935955113824e-07
V11-PHASE-IDENTITY-METRIC-CONTROL,ordered_total_channels,top,-2,0,p,8.75,-8.836772315159837e-07,-9.59418237225473e-07,-1.731002669799771e-16,1.1404235647096274e-15,1.3043652882927175e-06,0.4382342339399896,0.07662653288164387,9.74861999576658e-11,7.623760074136061e-29,9.74861999576658e-11
V11-PHASE-IDENTITY-METRIC-CONTROL,ordered_total_channels,top,-2,1,s,8.75,2.203992636371955e-05,-1.8396129280512576e-05,2.3445165013757525e-06,9.658174394089157e-07,2.7618728255131298e-05,0.4382342339399896,0.07662653288164387,3.519883949332034e-08,2.745931743859139e-10,3.492424631893443e-08
V11-PHASE-IDENTITY-METRIC-CONTROL,ordered_total_channels,top,-2,1,p,8.75,1.0411604721527196e-05,1.8002623355028187e-05,0.0001145021053115565,0.0001433630897223461,0.00016294194929763892,0.4382342339399896,0.07662653288164387,1.847100285849859e-08,1.4377069298335635e-06,1.419235926975065e-06
V11-PHASE-IDENTITY-METRIC-CONTROL,ordered_total_channels,top,-1,-1,s,8.75,-1.3262849868189525e-05,-4.935946854727481e-05,-0.0001675317294758279,-0.0002780507862091289,0.00027585975782870375,0.4382342339399896,0.07662653288164387,8.275884515536681e-08,3.3385088803210597e-06,3.2557500351656927e-06
V11-PHASE-IDENTITY-METRIC-CONTROL,ordered_total_channels,top,-1,-1,p,8.75,-2.656704841992178e-05,2.103559005702449e-05,-0.00012312018254765662,-0.00020515373533905003,0.0002459351919368589,0.4382342339399896,0.07662653288164387,3.637934600158249e-08,1.8136268113864188e-06,1.7772474653848363e-06
V11-PHASE-IDENTITY-METRIC-CONTROL,ordered_total_channels,top,-1,0,s,8.75,0.0006723217312616801,0.0005933596031714041,-0.0010285581087383054,0.0013279322632824794,0.0018527248104079131,0.4382342339399896,0.07662653288164387,3.99048065533502e-05,0.00014001487940183894,0.00010011007284848873
V11-PHASE-IDENTITY-METRIC-CONTROL,ordered_total_channels,top,-1,0,p,8.75,2.628635039957884e-08,5.07000367598529e-06,1.0695710033665002e-15,-1.898478834981676e-15,5.070071820587559e-06,0.4382342339399896,0.07662653288164387,1.2756972559728475e-09,2.3563986760300565e-28,1.2756972559728475e-09
V11-PHASE-IDENTITY-METRIC-CONTROL,ordered_total_channels,top,-1,1,s,8.75,-3.9924503916176384e-05,-0.00014617324046401595,-0.0001675317294752791,-0.00027805078621218255,0.00018350828615474422,0.4382342339399896,0.07662653288164387,7.274126756848751e-07,3.338508880369034e-06,2.6110962046841588e-06
V11-PHASE-IDENTITY-METRIC-CONTROL,ordered_total_channels,top,-1,1,p,8.75,1.4365734075087224e-05,3.2775853608313866e-05,0.00012312018254904267,0.00020515373533914856,0.00020381772291163462,0.4382342339399896,0.07662653288164387,4.057158204121943e-08,1.8136268113985115e-06,1.773055229357292e-06
V11-PHASE-IDENTITY-METRIC-CONTROL,ordered_total_channels,top,0,0,s,8.75,0.036118058390509605,-0.44122933440517076,0.026785429987131376,-0.4121567714282053,0.03053378245427785,0.4382342339399896,0.07662653288164387,0.7985744855646454,0.812256818464021,0.013682332899375593
V11-PHASE-IDENTITY-METRIC-CONTROL,ordered_total_channels,top,0,0,p,8.75,0.000794804832664597,6.696631122563159e-05,1.1196540890151039e-13,-5.214558791588342e-15,0.0007976209680599446,0.4382342339399896,0.07662653288164387,6.361992088660262e-07,1.2563444413870592e-26,6.361992088660262e-07
V11-PHASE-IDENTITY-METRIC-CONTROL,ordered_total_channels,bottom,-3,-1,s,-1.25,-1.2778143127383108e-05,-7.84462155172902e-06,-4.909306826319978e-06,0.00011217325597253058,0.00012027555657805582,0.4382342339399896,0.07662653288164387,6.804930190242048e-09,3.815929255738811e-07,3.747879953836391e-07
V11-PHASE-IDENTITY-METRIC-CONTROL,ordered_total_channels,bottom,-3,-1,p,-1.25,-1.3931817031984253e-05,4.321047773783137e-07,-1.5732873803997091e-06,7.928198517251047e-05,7.981251088316756e-05,0.4382342339399896,0.07662653288164387,5.880628024422801e-09,1.903314808729246e-07,1.8445085284850182e-07
V11-PHASE-IDENTITY-METRIC-CONTROL,ordered_total_channels,bottom,-3,0,s,-1.25,1.7779644414661935e-05,4.2024997767121924e-05,-0.0004924362020247129,-0.0001736752134376343,0.00055393753354654,0.4382342339399896,0.07662653288164387,1.0087280834555883e-07,1.3208823483228831e-05,1.3107950674883273e-05
V11-PHASE-IDENTITY-METRIC-CONTROL,ordered_total_channels,bottom,-3,0,p,-1.25,-1.2001193016217098e-05,1.2665324555358883e-06,-1.3274970028758873e-16,2.3198170478591657e-16,1.2067839005789307e-05,0.4382342339399896,0.07662653288164387,7.055167156619057e-09,3.46080831114775e-30,7.055167156619057e-09
V11-PHASE-IDENTITY-METRIC-CONTROL,ordered_total_channels,bottom,-3,1,s,-1.25,-4.72599651919894e-07,6.179528244846654e-06,-4.909306828951654e-06,0.00011217325597379069,0.00010608654339006547,0.4382342339399896,0.07662653288164387,1.1626098718399125e-09,3.8159292558322023e-07,3.804303157113803e-07
V11-PHASE-IDENTITY-METRIC-CONTROL,ordered_total_channels,bottom,-3,1,p,-1.25,-1.1894753135788214e-06,-2.054910078147685e-05,1.5732873796791848e-06,-7.9281985174855e-05,5.8797827909414995e-05,0.4382342339399896,0.07662653288164387,1.282416136693381e-08,1.903314808841085e-07,1.775073195171747e-07
V11-PHASE-IDENTITY-METRIC-CONTROL,ordered_total_channels,bottom,-2,-1,s,-1.25,1.3493736078640568e-05,7.464192357663959e-06,7.745485652971132e-07,2.4717345258705883e-06,1.3663907428031963e-05,0.4382342339399896,0.07662653288164387,9.861806229248175e-09,2.7825122930511906e-10,9.583554999943056e-09
V11-PHASE-IDENTITY-METRIC-CONTROL,ordered_total_channels,bottom,-2,-1,p,-1.25,2.3470940539384728e-05,-1.9459294940047498e-07,-3.630225008417201e-05,0.0001883234131536643,0.00019776721907938946,0.4382342339399896,0.07662653288164387,2.284780251199835e-08,1.5254830024257906e-06,1.5026351999137922e-06
V11-PHASE-IDENTITY-METRIC-CONTROL,ordered_total_channels,bottom,-2,0,s,-1.25,-0.00010085577537101649,-5.044468782932064e-05,-0.00018404130862068258,1.7489532595230964e-05,0.00010740061101652479,0.4382342339399896,0.07662653288164387,7.144083519423568e-07,1.9200481909981673e-06,1.2056398390558105e-06
V11-PHASE-IDENTITY-METRIC-CONTROL,ordered_total_channels,bottom,-2,0,p,-1.25,1.347066282490921e-05,-5.45956432840823e-06,-1.953215047833636e-16,3.0838854490696276e-16,1.453497848663864e-05,0.4382342339399896,0.07662653288164387,1.1868774304327468e-08,7.486128714139298e-30,1.1868774304327468e-08
V11-PHASE-IDENTITY-METRIC-CONTROL,ordered_total_channels,bottom,-2,1,s,-1.25,4.385393221820019e-06,4.016251180233592e-06,7.745485660026084e-07,2.4717345262717786e-06,3.927305796956808e-06,0.4382342339399896,0.07662653288164387,1.4665260120493661e-09,2.7825122943269296e-10,1.1882747826166732e-09
V11-PHASE-IDENTITY-METRIC-CONTROL,ordered_total_channels,bottom,-2,1,p,-1.25,8.290881088647224e-06,2.1642687926180502e-05,3.630225008297548e-05,-0.00018832341315286793,0.0002118263449037291,0.4382342339399896,0.07662653288164387,2.2276392068465398e-08,1.5254830024097482e-06,1.5032066103412828e-06
V11-PHASE-IDENTITY-METRIC-CONTROL,ordered_total_channels,bottom,-1,-1,s,-1.25,-4.51216881287584e-06,-3.2298454925614765e-05,-0.00033718347041335526,-1.6668060240140516e-05,0.0003330382923127322,0.4382342339399896,0.07662653288164387,3.220915814179895e-08,3.4515489579344382e-06,3.419339799792639e-06
V11-PHASE-IDENTITY-METRIC-CONTROL,ordered_total_channels,bottom,-1,-1,p,-1.25,-8.77334976438776e-05,-3.938036692128508e-05,0.0002479992366175502,8.609260274623294e-06,0.00033914520956819776,0.4382342339399896,0.07662653288164387,2.800711646044455e-07,1.8648558637476027e-06,1.5847846991431572e-06
V11-PHASE-IDENTITY-METRIC-CONTROL,ordered_total_channels,bottom,-1,0,s,-1.25,-0.0008391066983036884,-0.00016445264506205484,-0.0011348134234953988,-0.0008861976207941805,0.0007799732542325875,0.4382342339399896,0.07662653288164387,3.5427677937903336e-05,0.00010045454435778903,6.502686641988569e-05
V11-PHASE-IDENTITY-METRIC-CONTROL,ordered_total_channels,bottom,-1,0,p,-1.25,8.540651056406935e-06,-3.678801919342656e-05,-4.465027736885759e-16,-2.0865938982257457e-16,3.776640142554623e-05,0.4382342339399896,0.07662653288164387,6.911153640907537e-08,1.1769907587313279e-29,6.911153640907537e-08
V11-PHASE-IDENTITY-METRIC-CONTROL,ordered_total_channels,bottom,-1,1,s,-1.25,-3.269014347194297e-05,-2.098689747757617e-05,-0.00033718347041209904,-1.6668060241286416e-05,0.000304523953911935,0.4382342339399896,0.07662653288164387,4.570231501999287e-08,3.4515489579099395e-06,3.4058466428899467e-06
V11-PHASE-IDENTITY-METRIC-CONTROL,ordered_total_channels,bottom,-1,1,p,-1.25,-2.2015328538218222e-05,3.3794335462645376e-05,-0.000247999236616804,-8.609260275602887e-06,0.0002299277965840657,0.4382342339399896,0.07662653288164387,4.926488533443586e-08,1.8648558637369045e-06,1.8155909784024687e-06
V11-PHASE-IDENTITY-METRIC-CONTROL,ordered_total_channels,bottom,0,0,s,-1.25,0.08150483691131324,-0.13751865178994316,0.07718950242782177,-0.12447475436113979,0.013739191091092433,0.4382342339399896,0.07662653288164387,0.03851472917249397,0.032331984498269135,0.006182744674224833
V11-PHASE-IDENTITY-METRIC-CONTROL,ordered_total_channels,bottom,0,0,p,-1.25,0.0006436818809190124,0.0002636110617187361,2.4167599005431038e-15,5.725178855579965e-15,0.00069556966270661,0.4382342339399896,0.07662653288164387,7.291923728511609e-07,5.820430999983165e-29,7.291923728511609e-07
V11-PHASE-IDENTITY-METRIC-CONTROL,ordered_outgoing_channels,top,-3,-1,s,8.75,7.4701225462728345e-06,-9.577587448823872e-06,-9.195140170809825e-05,5.576925993858354e-05,0.00011897415664141356,0.9130801710515086,0.0367770224362591,4.671651182781202e-09,3.662159813318062e-07,3.61544330149025e-07
V11-PHASE-IDENTITY-METRIC-CONTROL,ordered_outgoing_channels,top,-3,-1,p,8.75,-1.6631824946909683e-05,1.7029015833479793e-05,6.491873565175626e-05,-4.0080513039853855e-05,9.955898865542384e-05,0.9130801710515086,0.0367770224362591,1.7941629374470464e-08,1.843193233752179e-07,1.6637769400074744e-07
V11-PHASE-IDENTITY-METRIC-CONTROL,ordered_outgoing_channels,top,-3,0,s,8.75,-4.177819483608551e-05,-6.5145690560886046e-06,-0.0001921902009470994,0.00048817928501632254,0.0005170549108550809,0.9130801710515086,0.0367770224362591,8.870825306302482e-08,1.365740342110789e-05,1.3568695168044866e-05
V11-PHASE-IDENTITY-METRIC-CONTROL,ordered_outgoing_channels,top,-3,0,p,8.75,-8.258875727756246e-07,1.4749203510025056e-06,1.2553482268998042e-15,3.668039838538298e-15,1.6904083281621595e-06,0.9130801710515086,0.0367770224362591,1.417798308976095e-10,7.457653301374714e-28,1.417798308976095e-10
V11-PHASE-IDENTITY-METRIC-CONTROL,ordered_outgoing_channels,top,-3,1,s,8.75,3.422360669241967e-06,-1.4919160282930062e-05,-9.195140170915746e-05,5.576925994137385e-05,0.00011871397265705153,0.9130801710515086,0.0367770224362591,7.4189503923683175e-09,3.6621598134782935e-07,3.5879703095546104e-07
V11-PHASE-IDENTITY-METRIC-CONTROL,ordered_outgoing_channels,top,-3,1,p,8.75,1.3427607742549416e-05,9.393391141351922e-06,-6.491873565012055e-05,4.0080513039672495e-05,8.414183842420218e-05,0.9130801710515086,0.0367770224362591,8.503245755417915e-09,1.843193233680326e-07,1.7581607761261468e-07
V11-PHASE-IDENTITY-METRIC-CONTROL,ordered_outgoing_channels,top,-2,-1,s,8.75,6.959430602853602e-06,-3.3074646619636983e-06,2.344516502433825e-06,9.65817440460633e-07,6.289544664055848e-06,0.9130801710515086,0.0367770224362591,2.5356971943795643e-09,2.745931746845648e-10,2.2611040196949996e-09
V11-PHASE-IDENTITY-METRIC-CONTROL,ordered_outgoing_channels,top,-2,-1,p,8.75,-2.511393296124609e-05,-7.832984918917942e-06,-0.00011450210530953003,-0.00014336308972240936,0.00016235348676210153,0.9130801710515086,0.0367770224362591,2.9556668638683374e-08,1.437706929814518e-06,1.4081502611758345e-06
V11-PHASE-IDENTITY-METRIC-CONTROL,ordered_outgoing_channels,top,-2,0,s,8.75,5.8960109714703744e-05,-0.00010510851690806225,0.00016425932553326252,-5.6207388544626634e-05,0.0001161001516244515,0.9130801710515086,0.0367770224362591,8.322115776938729e-07,1.7270051732052553e-06,8.947935955113824e-07
V11-PHASE-IDENTITY-METRIC-CONTROL,ordered_outgoing_channels,top,-2,0,p,8.75,-8.836772315159837e-07,-9.59418237225473e-07,-1.731002669799771e-16,1.1404235647096274e-15,1.3043652882927175e-06,0.9130801710515086,0.0367770224362591,9.74861999576658e-11,7.623760074136061e-29,9.74861999576658e-11
V11-PHASE-IDENTITY-METRIC-CONTROL,ordered_outgoing_channels,top,-2,1,s,8.75,2.203992636371955e-05,-1.8396129280512576e-05,2.3445165013757525e-06,9.658174394089157e-07,2.7618728255131298e-05,0.9130801710515086,0.0367770224362591,3.519883949332034e-08,2.745931743859139e-10,3.492424631893443e-08
V11-PHASE-IDENTITY-METRIC-CONTROL,ordered_outgoing_channels,top,-2,1,p,8.75,1.0411604721527196e-05,1.8002623355028187e-05,0.0001145021053115565,0.0001433630897223461,0.00016294194929763892,0.9130801710515086,0.0367770224362591,1.847100285849859e-08,1.4377069298335635e-06,1.419235926975065e-06
V11-PHASE-IDENTITY-METRIC-CONTROL,ordered_outgoing_channels,top,-1,-1,s,8.75,-1.3262849868189525e-05,-4.935946854727481e-05,-0.0001675317294758279,-0.0002780507862091289,0.00027585975782870375,0.9130801710515086,0.0367770224362591,8.275884515536681e-08,3.3385088803210597e-06,3.2557500351656927e-06
V11-PHASE-IDENTITY-METRIC-CONTROL,ordered_outgoing_channels,top,-1,-1,p,8.75,-2.656704841992178e-05,2.103559005702449e-05,-0.00012312018254765662,-0.00020515373533905003,0.0002459351919368589,0.9130801710515086,0.0367770224362591,3.637934600158249e-08,1.8136268113864188e-06,1.7772474653848363e-06
V11-PHASE-IDENTITY-METRIC-CONTROL,ordered_outgoing_channels,top,-1,0,s,8.75,0.0006723217312616801,0.0005933596031714041,-0.0010285581087383054,0.0013279322632824794,0.0018527248104079131,0.9130801710515086,0.0367770224362591,3.99048065533502e-05,0.00014001487940183894,0.00010011007284848873
V11-PHASE-IDENTITY-METRIC-CONTROL,ordered_outgoing_channels,top,-1,0,p,8.75,2.628635039957884e-08,5.07000367598529e-06,1.0695710033665002e-15,-1.898478834981676e-15,5.070071820587559e-06,0.9130801710515086,0.0367770224362591,1.2756972559728475e-09,2.3563986760300565e-28,1.2756972559728475e-09
V11-PHASE-IDENTITY-METRIC-CONTROL,ordered_outgoing_channels,top,-1,1,s,8.75,-3.9924503916176384e-05,-0.00014617324046401595,-0.0001675317294752791,-0.00027805078621218255,0.00018350828615474422,0.9130801710515086,0.0367770224362591,7.274126756848751e-07,3.338508880369034e-06,2.6110962046841588e-06
V11-PHASE-IDENTITY-METRIC-CONTROL,ordered_outgoing_channels,top,-1,1,p,8.75,1.4365734075087224e-05,3.2775853608313866e-05,0.00012312018254904267,0.00020515373533914856,0.00020381772291163462,0.9130801710515086,0.0367770224362591,4.057158204121943e-08,1.8136268113985115e-06,1.773055229357292e-06
V11-PHASE-IDENTITY-METRIC-CONTROL,ordered_outgoing_channels,top,0,0,s,8.75,-0.891130953383871,-0.06678405113479124,-0.9004635817872493,-0.03771148815782577,0.03053378245427785,0.9130801710515086,0.0367770224362591,0.7985744855646454,0.812256818464021,0.013682332899375593
V11-PHASE-IDENTITY-METRIC-CONTROL,ordered_outgoing_channels,top,0,0,p,8.75,0.000794804832664597,6.696631122563159e-05,1.1196540890151039e-13,-5.214558791588342e-15,0.0007976209680599446,0.9130801710515086,0.0367770224362591,6.361992088660262e-07,1.2563444413870592e-26,6.361992088660262e-07
V11-PHASE-IDENTITY-METRIC-CONTROL,ordered_outgoing_channels,bottom,-3,-1,s,-1.25,-1.2778143127383108e-05,-7.84462155172902e-06,-4.909306826319978e-06,0.00011217325597253058,0.00012027555657805582,0.9130801710515086,0.0367770224362591,6.804930190242048e-09,3.815929255738811e-07,3.747879953836391e-07
V11-PHASE-IDENTITY-METRIC-CONTROL,ordered_outgoing_channels,bottom,-3,-1,p,-1.25,-1.3931817031984253e-05,4.321047773783137e-07,-1.5732873803997091e-06,7.928198517251047e-05,7.981251088316756e-05,0.9130801710515086,0.0367770224362591,5.880628024422801e-09,1.903314808729246e-07,1.8445085284850182e-07
V11-PHASE-IDENTITY-METRIC-CONTROL,ordered_outgoing_channels,bottom,-3,0,s,-1.25,1.7779644414661935e-05,4.2024997767121924e-05,-0.0004924362020247129,-0.0001736752134376343,0.00055393753354654,0.9130801710515086,0.0367770224362591,1.0087280834555883e-07,1.3208823483228831e-05,1.3107950674883273e-05
V11-PHASE-IDENTITY-METRIC-CONTROL,ordered_outgoing_channels,bottom,-3,0,p,-1.25,-1.2001193016217098e-05,1.2665324555358883e-06,-1.3274970028758873e-16,2.3198170478591657e-16,1.2067839005789307e-05,0.9130801710515086,0.0367770224362591,7.055167156619057e-09,3.46080831114775e-30,7.055167156619057e-09
V11-PHASE-IDENTITY-METRIC-CONTROL,ordered_outgoing_channels,bottom,-3,1,s,-1.25,-4.72599651919894e-07,6.179528244846654e-06,-4.909306828951654e-06,0.00011217325597379069,0.00010608654339006547,0.9130801710515086,0.0367770224362591,1.1626098718399125e-09,3.8159292558322023e-07,3.804303157113803e-07
V11-PHASE-IDENTITY-METRIC-CONTROL,ordered_outgoing_channels,bottom,-3,1,p,-1.25,-1.1894753135788214e-06,-2.054910078147685e-05,1.5732873796791848e-06,-7.9281985174855e-05,5.8797827909414995e-05,0.9130801710515086,0.0367770224362591,1.282416136693381e-08,1.903314808841085e-07,1.775073195171747e-07
V11-PHASE-IDENTITY-METRIC-CONTROL,ordered_outgoing_channels,bottom,-2,-1,s,-1.25,1.3493736078640568e-05,7.464192357663959e-06,7.745485652971132e-07,2.4717345258705883e-06,1.3663907428031963e-05,0.9130801710515086,0.0367770224362591,9.861806229248175e-09,2.7825122930511906e-10,9.583554999943056e-09
V11-PHASE-IDENTITY-METRIC-CONTROL,ordered_outgoing_channels,bottom,-2,-1,p,-1.25,2.3470940539384728e-05,-1.9459294940047498e-07,-3.630225008417201e-05,0.0001883234131536643,0.00019776721907938946,0.9130801710515086,0.0367770224362591,2.284780251199835e-08,1.5254830024257906e-06,1.5026351999137922e-06
V11-PHASE-IDENTITY-METRIC-CONTROL,ordered_outgoing_channels,bottom,-2,0,s,-1.25,-0.00010085577537101649,-5.044468782932064e-05,-0.00018404130862068258,1.7489532595230964e-05,0.00010740061101652479,0.9130801710515086,0.0367770224362591,7.144083519423568e-07,1.9200481909981673e-06,1.2056398390558105e-06
V11-PHASE-IDENTITY-METRIC-CONTROL,ordered_outgoing_channels,bottom,-2,0,p,-1.25,1.347066282490921e-05,-5.45956432840823e-06,-1.953215047833636e-16,3.0838854490696276e-16,1.453497848663864e-05,0.9130801710515086,0.0367770224362591,1.1868774304327468e-08,7.486128714139298e-30,1.1868774304327468e-08
V11-PHASE-IDENTITY-METRIC-CONTROL,ordered_outgoing_channels,bottom,-2,1,s,-1.25,4.385393221820019e-06,4.016251180233592e-06,7.745485660026084e-07,2.4717345262717786e-06,3.927305796956808e-06,0.9130801710515086,0.0367770224362591,1.4665260120493661e-09,2.7825122943269296e-10,1.1882747826166732e-09
V11-PHASE-IDENTITY-METRIC-CONTROL,ordered_outgoing_channels,bottom,-2,1,p,-1.25,8.290881088647224e-06,2.1642687926180502e-05,3.630225008297548e-05,-0.00018832341315286793,0.0002118263449037291,0.9130801710515086,0.0367770224362591,2.2276392068465398e-08,1.5254830024097482e-06,1.5032066103412828e-06
V11-PHASE-IDENTITY-METRIC-CONTROL,ordered_outgoing_channels,bottom,-1,-1,s,-1.25,-4.51216881287584e-06,-3.2298454925614765e-05,-0.00033718347041335526,-1.6668060240140516e-05,0.0003330382923127322,0.9130801710515086,0.0367770224362591,3.220915814179895e-08,3.4515489579344382e-06,3.419339799792639e-06
V11-PHASE-IDENTITY-METRIC-CONTROL,ordered_outgoing_channels,bottom,-1,-1,p,-1.25,-8.77334976438776e-05,-3.938036692128508e-05,0.0002479992366175502,8.609260274623294e-06,0.00033914520956819776,0.9130801710515086,0.0367770224362591,2.800711646044455e-07,1.8648558637476027e-06,1.5847846991431572e-06
V11-PHASE-IDENTITY-METRIC-CONTROL,ordered_outgoing_channels,bottom,-1,0,s,-1.25,-0.0008391066983036884,-0.00016445264506205484,-0.0011348134234953988,-0.0008861976207941805,0.0007799732542325875,0.9130801710515086,0.0367770224362591,3.5427677937903336e-05,0.00010045454435778903,6.502686641988569e-05
V11-PHASE-IDENTITY-METRIC-CONTROL,ordered_outgoing_channels,bottom,-1,0,p,-1.25,8.540651056406935e-06,-3.678801919342656e-05,-4.465027736885759e-16,-2.0865938982257457e-16,3.776640142554623e-05,0.9130801710515086,0.0367770224362591,6.911153640907537e-08,1.1769907587313279e-29,6.911153640907537e-08
V11-PHASE-IDENTITY-METRIC-CONTROL,ordered_outgoing_channels,bottom,-1,1,s,-1.25,-3.269014347194297e-05,-2.098689747757617e-05,-0.00033718347041209904,-1.6668060241286416e-05,0.000304523953911935,0.9130801710515086,0.0367770224362591,4.570231501999287e-08,3.4515489579099395e-06,3.4058466428899467e-06
V11-PHASE-IDENTITY-METRIC-CONTROL,ordered_outgoing_channels,bottom,-1,1,p,-1.25,-2.2015328538218222e-05,3.3794335462645376e-05,-0.000247999236616804,-8.609260275602887e-06,0.0002299277965840657,0.9130801710515086,0.0367770224362591,4.926488533443586e-08,1.8648558637369045e-06,1.8155909784024687e-06
V11-PHASE-IDENTITY-METRIC-CONTROL,ordered_outgoing_channels,bottom,0,0,s,-1.25,0.08150483691131324,-0.13751865178994316,0.07718950242782177,-0.12447475436113979,0.013739191091092433,0.9130801710515086,0.0367770224362591,0.03851472917249397,0.032331984498269135,0.006182744674224833
V11-PHASE-IDENTITY-METRIC-CONTROL,ordered_outgoing_channels,bottom,0,0,p,-1.25,0.0006436818809190124,0.0002636110617187361,2.4167599005431038e-15,5.725178855579965e-15,0.00069556966270661,0.9130801710515086,0.0367770224362591,7.291923728511609e-07,5.820430999983165e-29,7.291923728511609e-07
V11-PHASE-IDENTITY-METRIC-CONTROL,ordered_boundary_outgoing_channels,top,-3,-1,s,8.75,5.345836745765349e-06,-1.0906646674566259e-05,-7.855082196187339e-05,7.345092919286605e-05,0.00011897415664141357,0.9095181214967073,0.035970786492993054,4.671651182781202e-09,3.662159813318062e-07,3.61544330149025e-07
V11-PHASE-IDENTITY-METRIC-CONTROL,ordered_boundary_outgoing_channels,top,-3,-1,p,8.75,-1.2783544648462154e-05,2.0079491217217817e-05,5.531274235513715e-05,-5.254893240889601e-05,9.955898865542386e-05,0.9095181214967073,0.035970786492993054,1.7941629374470464e-08,1.843193233752179e-07,1.6637769400074744e-07
V11-PHASE-IDENTITY-METRIC-CONTROL,ordered_boundary_outgoing_channels,top,-3,0,s,8.75,4.0954020710263556e-05,1.0517859164857322e-05,0.0002384264874377627,-0.00046734237743567054,0.000517054910855081,0.9095181214967073,0.035970786492993054,8.870825306302482e-08,1.365740342110789e-05,1.3568695168044866e-05
V11-PHASE-IDENTITY-METRIC-CONTROL,ordered_boundary_outgoing_channels,top,-3,0,p,8.75,9.644340735412086e-07,-1.3882893223169575e-06,-8.953304260694988e-16,-3.7721080122444466e-15,1.6904083281621592e-06,0.9095181214967073,0.035970786492993054,1.417798308976095e-10,7.457653301374714e-28,1.417798308976095e-10
V11-PHASE-IDENTITY-METRIC-CONTROL,ordered_boundary_outgoing_channels,top,-3,1,s,8.75,2.8811979601797215e-07,-1.5303949917628283e-05,-7.855082196233748e-05,7.345092919581435e-05,0.00011871397265705153,0.9095181214967073,0.035970786492993054,7.4189503923683175e-09,3.6621598134782935e-07,3.5879703095546104e-07
V11-PHASE-IDENTITY-METRIC-CONTROL,ordered_boundary_outgoing_channels,top,-3,1,p,8.75,1.5069393602719139e-05,6.438153715820191e-06,-5.5312742353573465e-05,5.2548932408382856e-05,8.414183842420218e-05,0.9095181214967073,0.035970786492993054,8.503245755417915e-09,1.843193233680326e-07,1.7581607761261468e-07
V11-PHASE-IDENTITY-METRIC-CONTROL,ordered_boundary_outgoing_channels,top,-2,-1,s,8.75,7.847127918081531e-07,7.6653259970106e-06,-1.6954805776036832e-06,1.8854459868824524e-06,6.289544664055847e-06,0.9095181214967073,0.035970786492993054,2.5356971943795643e-09,2.745931746845648e-10,2.2611040196949996e-09
V11-PHASE-IDENTITY-METRIC-CONTROL,ordered_boundary_outgoing_channels,top,-2,-1,p,8.75,1.5794182258975542e-05,-2.1038276742457327e-05,0.00017343931198744156,-5.9854094867379096e-05,0.00016235348676210156,0.9095181214967073,0.035970786492993054,2.9556668638683374e-08,1.437706929814518e-06,1.4081502611758345e-06
V11-PHASE-IDENTITY-METRIC-CONTROL,ordered_boundary_outgoing_channels,top,-2,0,s,8.75,-0.0001051085244272961,-5.896009631012156e-05,-5.6207409492762594e-05,-0.00016425931836508344,0.0001161001516244515,0.9095181214967073,0.035970786492993054,8.322115776938729e-07,1.7270051732052553e-06,8.947935955113824e-07
V11-PHASE-IDENTITY-METRIC-CONTROL,ordered_boundary_outgoing_channels,top,-2,0,p,8.75,-9.594181245293297e-07,8.836773538714291e-07,1.1404235867852477e-15,1.7310012154075433e-16,1.3043652882927175e-06,0.9095181214967073,0.035970786492993054,9.74861999576658e-11,7.623760074136061e-29,9.74861999576658e-11
V11-PHASE-IDENTITY-METRIC-CONTROL,ordered_boundary_outgoing_channels,top,-2,1,s,8.75,9.94897920867335e-06,2.692942144437748e-05,-1.6954805762582626e-06,1.885445986237883e-06,2.7618728255131298e-05,0.9095181214967073,0.035970786492993054,3.519883949332034e-08,2.745931743859139e-10,3.492424631893443e-08
V11-PHASE-IDENTITY-METRIC-CONTROL,ordered_boundary_outgoing_channels,top,-2,1,p,8.75,-2.0450399586593434e-05,3.778507283173194e-06,-0.00017343931198806085,5.9854094869309646e-05,0.00016294194929763892,0.9095181214967073,0.035970786492993054,1.847100285849859e-08,1.4377069298335635e-06,1.419235926975065e-06
V11-PHASE-IDENTITY-METRIC-CONTROL,ordered_boundary_outgoing_channels,top,-1,-1,s,8.75,-2.297096651198904e-05,-4.56573654452447e-05,-0.00022030138827274493,-0.0002384248695454775,0.00027585975782870375,0.9095181214967073,0.035970786492993054,8.275884515536681e-08,3.3385088803210597e-06,3.2557500351656927e-06
V11-PHASE-IDENTITY-METRIC-CONTROL,ordered_boundary_outgoing_channels,top,-1,-1,p,8.75,-2.176398745034488e-05,2.5973697485242384e-05,-0.00016206524324860404,-0.0001760155998907599,0.0002459351919368589,0.9095181214967073,0.035970786492993054,3.637934600158249e-08,1.8136268113864188e-06,1.7772474653848363e-06
V11-PHASE-IDENTITY-METRIC-CONTROL,ordered_boundary_outgoing_channels,top,-1,0,s,8.75,-0.0006106224962009158,-0.0006566827971980016,0.0011543275989399616,-0.0012201900152203147,0.0018527248104079133,0.9095181214967073,0.035970786492993054,3.99048065533502e-05,0.00014001487940183894,0.00010011007284848873
V11-PHASE-IDENTITY-METRIC-CONTROL,ordered_boundary_outgoing_channels,top,-1,0,p,8.75,4.731126795003401e-07,-5.047949349906128e-06,-1.2513260214317444e-15,1.783924663825131e-15,5.0700718205875595e-06,0.9095181214967073,0.035970786492993054,1.2756972559728475e-09,2.3563986760300565e-28,1.2756972559728475e-09
V11-PHASE-IDENTITY-METRIC-CONTROL,ordered_boundary_outgoing_channels,top,-1,1,s,8.75,-6.86607554345171e-05,-0.00013507880257044495,-0.00022030138827282503,-0.00023842486954857905,0.00018350828615474425,0.9095181214967073,0.035970786492993054,7.274126756848751e-07,3.338508880369034e-06,2.6110962046841588e-06
V11-PHASE-IDENTITY-METRIC-CONTROL,ordered_boundary_outgoing_channels,top,-1,1,p,8.75,2.069729089422238e-05,2.9193373304736173e-05,0.00016206524324998136,0.0001760155998905761,0.0002038177229116346,0.9095181214967073,0.035970786492993054,4.057158204121943e-08,1.8136268113985115e-06,1.773055229357292e-06
V11-PHASE-IDENTITY-METRIC-CONTROL,ordered_boundary_outgoing_channels,top,0,0,s,8.75,-0.8620358602235934,-0.2355178576103962,-0.8767420008873494,-0.208758909616445,0.030533782454277843,0.9095181214967073,0.035970786492993054,0.7985744855646454,0.812256818464021,0.013682332899375593
V11-PHASE-IDENTITY-METRIC-CONTROL,ordered_boundary_outgoing_channels,top,0,0,p,8.75,0.000767443161907788,0.00021732510694151943,1.109046864019619e-13,1.6235607409513206e-14,0.0007976209680599447,0.9095181214967073,0.035970786492993054,6.361992088660262e-07,1.2563444413870592e-26,6.361992088660262e-07
V11-PHASE-IDENTITY-METRIC-CONTROL,ordered_boundary_outgoing_channels,bottom,-3,-1,s,-1.25,-2.49540126615793e-06,-1.4595191971848281e-05,-8.648303367237041e-05,6.939127777564956e-05,0.00011877562669945565,0.9095181214967073,0.035970786492993054,6.804930190242048e-09,3.815929255738811e-07,3.747879953836391e-07
V11-PHASE-IDENTITY-METRIC-CONTROL,ordered_boundary_outgoing_channels,bottom,-3,-1,p,-1.25,-9.391878154992773e-06,-1.0062771892770064e-05,-5.9889780695573525e-05,5.0452604324837186e-05,7.881718670287933e-05,0.9095181214967073,0.035970786492993054,5.880628024422801e-09,1.903314808729246e-07,1.8445085284850182e-07
V11-PHASE-IDENTITY-METRIC-CONTROL,ordered_boundary_outgoing_channels,bottom,-3,0,s,-1.25,-3.679901542116391e-05,2.6369521566741146e-05,6.074845422874771e-05,-0.0005144750722767751,0.000549571090510462,0.9095181214967073,0.035970786492993054,1.0087280834555883e-07,1.3208823483228831e-05,1.3107950674883273e-05
V11-PHASE-IDENTITY-METRIC-CONTROL,ordered_boundary_outgoing_channels,bottom,-3,0,p,-1.25,-3.842001087170828e-06,-1.133952814908583e-05,-2.5346697492730613e-16,-7.791468315616378e-17,1.197271360193741e-05,0.9095181214967073,0.035970786492993054,7.055167156619057e-09,3.46080831114775e-30,7.055167156619057e-09
V11-PHASE-IDENTITY-METRIC-CONTROL,ordered_boundary_outgoing_channels,bottom,-3,1,s,-1.25,-4.895896564176544e-06,3.672613085907398e-06,-8.648303367501951e-05,6.939127777451605e-05,0.00010476356155838376,0.9095181214967073,0.035970786492993054,1.1626098718399125e-09,3.8159292558322023e-07,3.804303157113803e-07
V11-PHASE-IDENTITY-METRIC-CONTROL,ordered_boundary_outgoing_channels,bottom,-3,1,p,-1.25,1.4482856505709631e-05,-1.4262745307703739e-05,5.9889780696845165e-05,-5.0452604326898695e-05,5.8064573195096644e-05,0.9095181214967073,0.035970786492993054,1.282416136693381e-08,1.903314808841085e-07,1.775073195171747e-07
V11-PHASE-IDENTITY-METRIC-CONTROL,ordered_boundary_outgoing_channels,bottom,-2,-1,s,-1.25,-1.412008661236574e-06,1.5213691898302644e-05,-1.935589521620524e-06,1.6853186586884327e-06,1.353850137303499e-05,0.9095181214967073,0.035970786492993054,9.861806229248175e-09,2.7825122930511906e-10,9.583554999943056e-09
V11-PHASE-IDENTITY-METRIC-CONTROL,ordered_boundary_outgoing_channels,bottom,-2,-1,p,-1.25,9.504451634563775e-06,2.1225505518698907e-05,-0.0001853545253180435,4.1894719858193056e-05,0.00019595213017578727,0.9095181214967073,0.035970786492993054,2.284780251199835e-08,1.5254830024257906e-06,1.5026351999137922e-06
V11-PHASE-IDENTITY-METRIC-CONTROL,ordered_boundary_outgoing_channels,bottom,-2,0,s,-1.25,4.9149626109786806e-05,-0.00010063854483169444,-1.910128656019509e-05,-0.00018261418318362527,0.00010666861001949941,0.9095181214967073,0.035970786492993054,7.144083519423568e-07,1.9200481909981673e-06,1.2056398390558105e-06
V11-PHASE-IDENTITY-METRIC-CONTROL,ordered_boundary_outgoing_channels,bottom,-2,0,p,-1.25,5.548862805318527e-06,1.3326879825318335e-05,-3.081108181661143e-16,-1.9107978283180129e-16,1.4435913698801215e-05,0.9095181214967073,0.035970786492993054,1.1868774304327468e-08,7.486128714139298e-30,1.1868774304327468e-08
V11-PHASE-IDENTITY-METRIC-CONTROL,ordered_boundary_outgoing_channels,bottom,-2,1,s,-1.25,-1.902409465232331e-06,5.576438551227292e-06,-1.9355895217042767e-06,1.6853186594882002e-06,3.891261354372786e-06,0.9095181214967073,0.035970786492993054,1.4665260120493661e-09,2.7825122943269296e-10,1.1882747826166732e-09
V11-PHASE-IDENTITY-METRIC-CONTROL,ordered_boundary_outgoing_channels,bottom,-2,1,p,-1.25,-1.6348504290156888e-05,1.6126269786038667e-05,0.00018535452531684516,-4.189471985896257e-05,0.00020988222266792508,0.9095181214967073,0.035970786492993054,2.2276392068465398e-08,1.5254830024097482e-06,1.5032066103412828e-06
V11-PHASE-IDENTITY-METRIC-CONTROL,ordered_boundary_outgoing_channels,bottom,-1,-1,s,-1.25,2.1054016362385966e-05,-2.4370690697616447e-05,-0.00020705147255067278,-0.00026129824663100645,0.0003288871855710332,0.9095181214967073,0.035970786492993054,3.220915814179895e-08,3.4515489579344382e-06,3.419339799792639e-06
V11-PHASE-IDENTITY-METRIC-CONTROL,ordered_boundary_outgoing_channels,bottom,-1,-1,p,-1.25,-2.784445523874116e-05,-9.07940681996813e-05,0.00015499807170421564,0.00018981004150854804,0.0003349179840558489,0.9095181214967073,0.035970786492993054,2.800711646044455e-07,1.8648558637476027e-06,1.5847846991431572e-06
V11-PHASE-IDENTITY-METRIC-CONTROL,ordered_boundary_outgoing_channels,bottom,-1,0,s,-1.25,-2.351296182240498e-05,-0.0008480053462360142,0.0006107069086373302,-0.0012913701554319347,0.0007738263358915218,0.9095181214967073,0.035970786492993054,3.5427677937903336e-05,0.00010045454435778903,6.502686641988569e-05
V11-PHASE-IDENTITY-METRIC-CONTROL,ordered_boundary_outgoing_channels,bottom,-1,0,p,-1.25,3.746788401441472e-05,2.5721381409531654e-07,1.0475495179447351e-16,-4.776152653530708e-16,3.746876687931151e-05,0.9095181214967073,0.035970786492993054,6.911153640907537e-08,1.1769907587313279e-29,6.911153640907537e-08
V11-PHASE-IDENTITY-METRIC-CONTROL,ordered_boundary_outgoing_channels,bottom,-1,1,s,-1.25,-5.685557594280805e-06,-3.793922034841818e-05,-0.00020705147254900414,-0.0002612982466308191,0.0003007282599413882,0.9095181214967073,0.035970786492993054,4.570231501999287e-08,3.4515489579099395e-06,3.4058466428899467e-06
V11-PHASE-IDENTITY-METRIC-CONTROL,ordered_boundary_outgoing_channels,bottom,-1,1,p,-1.25,-3.942866691272855e-05,5.64025148779842e-06,-0.0001549980717030024,-0.00018981004150863128,0.00022706189542934848,0.9095181214967073,0.035970786492993054,4.926488533443586e-08,1.8648558637369045e-06,1.8155909784024687e-06
V11-PHASE-IDENTITY-METRIC-CONTROL,ordered_boundary_outgoing_channels,bottom,0,0,s,-1.25,0.074744105511422,-0.11060799425033982,0.07050175899447489,-0.09994772920440079,0.011473393343711474,0.9095181214967073,0.035970786492993054,0.03851472917249397,0.032331984498269135,0.006182744674224833
V11-PHASE-IDENTITY-METRIC-CONTROL,ordered_boundary_outgoing_channels,bottom,0,0,p,-1.25,0.0005235508346702536,0.00025158035929830384,1.7315585978917311e-15,4.892126973773713e-15,0.0005808598399479071,0.9095181214967073,0.035970786492993054,7.291923728511609e-07,5.820430999983165e-29,7.291923728511609e-07
V11-PHASE-IDENTITY-METRIC-CONTROL,ordered_scattered_channels,top,-3,-1,s,8.75,7.470122546268173e-06,-9.577587448828152e-06,-9.195140170810291e-05,5.5769259938579254e-05,0.00011897415664141356,0.2468359522790033,0.13604326933261376,4.671651182781202e-09,3.662159813318062e-07,3.61544330149025e-07
V11-PHASE-IDENTITY-METRIC-CONTROL,ordered_scattered_channels,top,-3,-1,p,8.75,-1.6631824946921643e-05,1.7029015833477764e-05,6.49187356517443e-05,-4.008051303985588e-05,9.955898865542386e-05,0.2468359522790033,0.13604326933261376,1.7941629374470464e-08,1.843193233752179e-07,1.6637769400074744e-07
V11-PHASE-IDENTITY-METRIC-CONTROL,ordered_scattered_channels,top,-3,0,s,8.75,-4.177819483623594e-05,-6.514569056023471e-06,-0.00019219020094724982,0.00048817928501638765,0.0005170549108550809,0.2468359522790033,0.13604326933261376,8.870825306302482e-08,1.365740342110789e-05,1.3568695168044866e-05
V11-PHASE-IDENTITY-METRIC-CONTROL,ordered_scattered_channels,top,-3,0,p,8.75,-8.258875727756246e-07,1.4749203510025056e-06,1.2553482268998042e-15,3.668039838538298e-15,1.6904083281621595e-06,0.2468359522790033,0.13604326933261376,1.417798308976095e-10,7.457653301374714e-28,1.417798308976095e-10
V11-PHASE-IDENTITY-METRIC-CONTROL,ordered_scattered_channels,top,-3,1,s,8.75,3.42236066925219e-06,-1.4919160282927038e-05,-9.195140170914724e-05,5.5769259941376876e-05,0.00011871397265705153,0.2468359522790033,0.13604326933261376,7.4189503923683175e-09,3.6621598134782935e-07,3.5879703095546104e-07
V11-PHASE-IDENTITY-METRIC-CONTROL,ordered_scattered_channels,top,-3,1,p,8.75,1.3427607742562816e-05,9.393391141366732e-06,-6.491873565010715e-05,4.00805130396873e-05,8.414183842420217e-05,0.2468359522790033,0.13604326933261376,8.503245755417915e-09,1.843193233680326e-07,1.7581607761261468e-07
V11-PHASE-IDENTITY-METRIC-CONTROL,ordered_scattered_channels,top,-2,-1,s,8.75,6.959430602853602e-06,-3.3074646619636936e-06,2.3445165024338254e-06,9.658174404606376e-07,6.289544664055847e-06,0.2468359522790033,0.13604326933261376,2.5356971943795643e-09,2.745931746845648e-10,2.2611040196949996e-09
V11-PHASE-IDENTITY-METRIC-CONTROL,ordered_scattered_channels,top,-2,-1,p,8.75,-2.511393296121145e-05,-7.832984918932594e-06,-0.00011450210530949539,-0.00014336308972242402,0.00016235348676210156,0.2468359522790033,0.13604326933261376,2.9556668638683374e-08,1.437706929814518e-06,1.4081502611758345e-06
V11-PHASE-IDENTITY-METRIC-CONTROL,ordered_scattered_channels,top,-2,0,s,8.75,5.896010971464453e-05,-0.00010510851690821786,0.0001642593255332033,-5.620738854478225e-05,0.00011610015162445148,0.2468359522790033,0.13604326933261376,8.322115776938729e-07,1.7270051732052553e-06,8.947935955113824e-07
V11-PHASE-IDENTITY-METRIC-CONTROL,ordered_scattered_channels,top,-2,0,p,8.75,-8.836772315159837e-07,-9.59418237225473e-07,-1.731002669799771e-16,1.1404235647096274e-15,1.3043652882927175e-06,0.2468359522790033,0.13604326933261376,9.74861999576658e-11,7.623760074136061e-29,9.74861999576658e-11
V11-PHASE-IDENTITY-METRIC-CONTROL,ordered_scattered_channels,top,-2,1,s,8.75,2.2039926363719546e-05,-1.8396129280512576e-05,2.344516501375749e-06,9.658174394089149e-07,2.7618728255131298e-05,0.2468359522790033,0.13604326933261376,3.519883949332034e-08,2.745931743859139e-10,3.492424631893443e-08
V11-PHASE-IDENTITY-METRIC-CONTROL,ordered_scattered_channels,top,-2,1,p,8.75,1.0411604721516535e-05,1.8002623355035516e-05,0.00011450210531154583,0.0001433630897223534,0.00016294194929763892,0.2468359522790033,0.13604326933261376,1.847100285849859e-08,1.4377069298335635e-06,1.419235926975065e-06
V11-PHASE-IDENTITY-METRIC-CONTROL,ordered_scattered_channels,top,-1,-1,s,8.75,-1.3262849868145042e-05,-4.9359468547265046e-05,-0.00016753172947578341,-0.00027805078620911914,0.00027585975782870375,0.2468359522790033,0.13604326933261376,8.275884515536681e-08,3.3385088803210597e-06,3.2557500351656927e-06
V11-PHASE-IDENTITY-METRIC-CONTROL,ordered_scattered_channels,top,-1,-1,p,8.75,-2.6567048419906483e-05,2.1035590057061474e-05,-0.00012312018254764134,-0.00020515373533901306,0.00024593519193685895,0.2468359522790033,0.13604326933261376,3.637934600158249e-08,1.8136268113864188e-06,1.7772474653848363e-06
V11-PHASE-IDENTITY-METRIC-CONTROL,ordered_scattered_channels,top,-1,0,s,8.75,0.0006723217312620917,0.0005933596031712324,-0.0010285581087378939,0.0013279322632823076,0.0018527248104079131,0.2468359522790033,0.13604326933261376,3.99048065533502e-05,0.00014001487940183894,0.00010011007284848873
V11-PHASE-IDENTITY-METRIC-CONTROL,ordered_scattered_channels,top,-1,0,p,8.75,2.628635039957884e-08,5.07000367598529e-06,1.0695710033665002e-15,-1.898478834981676e-15,5.070071820587559e-06,0.2468359522790033,0.13604326933261376,1.2756972559728475e-09,2.3563986760300565e-28,1.2756972559728475e-09
V11-PHASE-IDENTITY-METRIC-CONTROL,ordered_scattered_channels,top,-1,1,s,8.75,-3.992450391617463e-05,-0.00014617324046399866,-0.00016753172947527734,-0.00027805078621216526,0.00018350828615474422,0.2468359522790033,0.13604326933261376,7.274126756848751e-07,3.338508880369034e-06,2.6110962046841588e-06
V11-PHASE-IDENTITY-METRIC-CONTROL,ordered_scattered_channels,top,-1,1,p,8.75,1.4365734075083142e-05,3.277585360829451e-05,0.00012312018254903858,0.0002051537353391292,0.0002038177229116346,0.2468359522790033,0.13604326933261376,4.057158204121943e-08,1.8136268113985115e-06,1.773055229357292e-06
V11-PHASE-IDENTITY-METRIC-CONTROL,ordered_scattered_channels,top,0,0,s,8.75,-0.009940746707051553,0.18019898924583053,-0.01927337511042978,0.20927155222279603,0.030533782454277875,0.2468359522790033,0.13604326933261376,0.7985744855646454,0.812256818464021,0.013682332899375593
V11-PHASE-IDENTITY-METRIC-CONTROL,ordered_scattered_channels,top,0,0,p,8.75,0.0007948048326644874,6.696631122711053e-05,1.1185579377514874e-13,-3.735624544869974e-15,0.0007976209680599446,0.2468359522790033,0.13604326933261376,6.361992088660262e-07,1.2563444413870592e-26,6.361992088660262e-07
V11-PHASE-IDENTITY-METRIC-CONTROL,ordered_scattered_channels,bottom,-3,-1,s,-1.25,-1.2778143127383174e-05,-7.84462155172722e-06,-4.909306826320045e-06,0.00011217325597253238,0.00012027555657805582,0.2468359522790033,0.13604326933261376,6.804930190242048e-09,3.815929255738811e-07,3.747879953836391e-07
V11-PHASE-IDENTITY-METRIC-CONTROL,ordered_scattered_channels,bottom,-3,-1,p,-1.25,-1.3931817031987877e-05,4.3210477738547826e-07,-1.5732873804033325e-06,7.928198517251764e-05,7.981251088316756e-05,0.2468359522790033,0.13604326933261376,5.880628024422801e-09,1.903314808729246e-07,1.8445085284850182e-07
V11-PHASE-IDENTITY-METRIC-CONTROL,ordered_scattered_channels,bottom,-3,0,s,-1.25,1.777964441465968e-05,4.202499776704804e-05,-0.0004924362020247152,-0.0001736752134377082,0.00055393753354654,0.2468359522790033,0.13604326933261376,1.0087280834555883e-07,1.3208823483228831e-05,1.3107950674883273e-05
V11-PHASE-IDENTITY-METRIC-CONTROL,ordered_scattered_channels,bottom,-3,0,p,-1.25,-1.2001193016217098e-05,1.2665324555358883e-06,-1.3274970028758873e-16,2.3198170478591657e-16,1.2067839005789307e-05,0.2468359522790033,0.13604326933261376,7.055167156619057e-09,3.46080831114775e-30,7.055167156619057e-09
V11-PHASE-IDENTITY-METRIC-CONTROL,ordered_scattered_channels,bottom,-3,1,s,-1.25,-4.725996519210972e-07,6.179528244845768e-06,-4.9093068289528565e-06,0.00011217325597378981,0.00010608654339006547,0.2468359522790033,0.13604326933261376,1.1626098718399125e-09,3.8159292558322023e-07,3.804303157113803e-07
V11-PHASE-IDENTITY-METRIC-CONTROL,ordered_scattered_channels,bottom,-3,1,p,-1.25,-1.1894753135701359e-06,-2.0549100781477018e-05,1.5732873796878703e-06,-7.928198517485518e-05,5.8797827909415e-05,0.2468359522790033,0.13604326933261376,1.282416136693381e-08,1.903314808841085e-07,1.775073195171747e-07
V11-PHASE-IDENTITY-METRIC-CONTROL,ordered_scattered_channels,bottom,-2,-1,s,-1.25,1.3493736078640568e-05,7.464192357663959e-06,7.745485652971132e-07,2.471734525870588e-06,1.3663907428031963e-05,0.2468359522790033,0.13604326933261376,9.861806229248175e-09,2.7825122930511906e-10,9.583554999943056e-09
V11-PHASE-IDENTITY-METRIC-CONTROL,ordered_scattered_channels,bottom,-2,-1,p,-1.25,2.3470940539377877e-05,-1.9459294940475737e-07,-3.630225008417886e-05,0.00018832341315366003,0.00019776721907938946,0.2468359522790033,0.13604326933261376,2.284780251199835e-08,1.5254830024257906e-06,1.5026351999137922e-06
V11-PHASE-IDENTITY-METRIC-CONTROL,ordered_scattered_channels,bottom,-2,0,s,-1.25,-0.00010085577537103225,-5.044468782927862e-05,-0.00018404130862069833,1.7489532595272983e-05,0.00010740061101652478,0.2468359522790033,0.13604326933261376,7.144083519423568e-07,1.9200481909981673e-06,1.2056398390558105e-06
V11-PHASE-IDENTITY-METRIC-CONTROL,ordered_scattered_channels,bottom,-2,0,p,-1.25,1.347066282490921e-05,-5.45956432840823e-06,-1.953215047833636e-16,3.0838854490696276e-16,1.453497848663864e-05,0.2468359522790033,0.13604326933261376,1.1868774304327468e-08,7.486128714139298e-30,1.1868774304327468e-08
V11-PHASE-IDENTITY-METRIC-CONTROL,ordered_scattered_channels,bottom,-2,1,s,-1.25,4.385393221820019e-06,4.01625118023359e-06,7.745485660026087e-07,2.4717345262717774e-06,3.9273057969568075e-06,0.2468359522790033,0.13604326933261376,1.4665260120493661e-09,2.7825122943269296e-10,1.1882747826166732e-09
V11-PHASE-IDENTITY-METRIC-CONTROL,ordered_scattered_channels,bottom,-2,1,p,-1.25,8.290881088639516e-06,2.164268792619215e-05,3.630225008296777e-05,-0.00018832341315285628,0.0002118263449037291,0.2468359522790033,0.13604326933261376,2.2276392068465398e-08,1.5254830024097482e-06,1.5032066103412828e-06
V11-PHASE-IDENTITY-METRIC-CONTROL,ordered_scattered_channels,bottom,-1,-1,s,-1.25,-4.51216881287593e-06,-3.2298454925610435e-05,-0.00033718347041335536,-1.666806024013619e-05,0.0003330382923127322,0.2468359522790033,0.13604326933261376,3.220915814179895e-08,3.4515489579344382e-06,3.419339799792639e-06
V11-PHASE-IDENTITY-METRIC-CONTROL,ordered_scattered_channels,bottom,-1,-1,p,-1.25,-8.773349764389507e-05,-3.938036692129317e-05,0.00024799923661753275,8.609260274615205e-06,0.00033914520956819776,0.2468359522790033,0.13604326933261376,2.800711646044455e-07,1.8648558637476027e-06,1.5847846991431572e-06
V11-PHASE-IDENTITY-METRIC-CONTROL,ordered_scattered_channels,bottom,-1,0,s,-1.25,-0.0008391066983037027,-0.00016445264506204432,-0.0011348134234954131,-0.00088619762079417,0.0007799732542325875,0.2468359522790033,0.13604326933261376,3.5427677937903336e-05,0.00010045454435778903,6.502686641988569e-05
V11-PHASE-IDENTITY-METRIC-CONTROL,ordered_scattered_channels,bottom,-1,0,p,-1.25,8.540651056406935e-06,-3.678801919342656e-05,-4.465027736885759e-16,-2.0865938982257457e-16,3.776640142554623e-05,0.2468359522790033,0.13604326933261376,6.911153640907537e-08,1.1769907587313279e-29,6.911153640907537e-08
V11-PHASE-IDENTITY-METRIC-CONTROL,ordered_scattered_channels,bottom,-1,1,s,-1.25,-3.2690143471941386e-05,-2.098689747757818e-05,-0.00033718347041209747,-1.666806024128843e-05,0.000304523953911935,0.2468359522790033,0.13604326933261376,4.570231501999287e-08,3.4515489579099395e-06,3.4058466428899467e-06
V11-PHASE-IDENTITY-METRIC-CONTROL,ordered_scattered_channels,bottom,-1,1,p,-1.25,-2.2015328538211984e-05,3.379433546264962e-05,-0.00024799923661679776,-8.609260275598644e-06,0.00022992779658406571,0.2468359522790033,0.13604326933261376,4.926488533443586e-08,1.8648558637369045e-06,1.8155909784024687e-06
V11-PHASE-IDENTITY-METRIC-CONTROL,ordered_scattered_channels,bottom,0,0,s,-1.25,-0.03729221110349021,0.10952998798278209,-0.041607545586981674,0.12257388541158544,0.013739191091092418,0.2468359522790033,0.13604326933261376,0.03851472917249397,0.032331984498269135,0.006182744674224833
V11-PHASE-IDENTITY-METRIC-CONTROL,ordered_scattered_channels,bottom,0,0,p,-1.25,0.0006436818809192615,0.0002636110617189777,2.6658179463359154e-15,5.966790876859179e-15,0.00069556966270661,0.2468359522790033,0.13604326933261376,7.291923728511609e-07,5.820430999983165e-29,7.291923728511609e-07
V11-PHASE-BLOCK-METRIC,ordered_total_channels,top,-3,-1,s,8.75,4.8432978555649365e-06,-5.297222256890437e-06,-9.195140170809825e-05,5.576925993858354e-05,0.00011444793187886778,0.4382342339399896,0.07129184613397482,1.6313280795220752e-09,3.662159813318062e-07,3.645846532522841e-07
V11-PHASE-BLOCK-METRIC,ordered_total_channels,top,-3,-1,p,8.75,-6.742636021263861e-06,9.750522592325349e-06,6.491873565175626e-05,-4.0080513039853855e-05,8.728392923232916e-05,0.4382342339399896,0.07129184613397482,4.4500875968843e-09,1.843193233752179e-07,1.7986923577833359e-07
V11-PHASE-BLOCK-METRIC,ordered_total_channels,top,-3,0,s,8.75,-2.293441141619677e-05,-2.3651736045427662e-05,-0.0001921902009470994,0.00048817928501632254,0.0005390904529027045,0.4382342339399896,0.07129184613397482,5.385397439453652e-08,1.365740342110789e-05,1.3603549446713354e-05
V11-PHASE-BLOCK-METRIC,ordered_total_channels,top,-3,0,p,8.75,-1.5848782540763168e-06,1.987544919923901e-06,1.2553482268998042e-15,3.668039838538298e-15,2.5420806199563496e-06,0.4382342339399896,0.07129184613397482,3.206342011522012e-10,7.457653301374714e-28,3.206342011522012e-10
V11-PHASE-BLOCK-METRIC,ordered_total_channels,top,-3,1,s,8.75,1.1918964637685271e-06,-1.3549288809625385e-05,-9.195140170915746e-05,5.576925994137385e-05,0.00011610656827016831,0.4382342339399896,0.07129184613397482,5.858173717109306e-09,3.6621598134782935e-07,3.6035780763072007e-07
V11-PHASE-BLOCK-METRIC,ordered_total_channels,top,-3,1,p,8.75,4.579621910196107e-06,-3.0109308945439176e-07,-6.491873565012055e-05,4.0080513039672495e-05,8.037845368722617e-05,0.4382342339399896,0.07129184613397482,6.669817726750883e-10,1.843193233680326e-07,1.836523415953575e-07
V11-PHASE-BLOCK-METRIC,ordered_total_channels,top,-2,-1,s,8.75,5.575816240860899e-06,-3.2550242235299383e-07,2.344516502433825e-06,9.65817440460633e-07,3.4797708240135417e-06,0.4382342339399896,0.07129184613397482,1.3323025433163304e-09,2.745931746845648e-10,1.0577093686317657e-09
V11-PHASE-BLOCK-METRIC,ordered_total_channels,top,-2,-1,p,8.75,-1.3346062631231014e-05,-2.6545778794098584e-06,-0.00011450210530953003,-0.00014336308972240936,0.0001732957883948868,0.4382342339399896,0.07129184613397482,7.907976611679297e-09,1.437706929814518e-06,1.4297989532028387e-06
V11-PHASE-BLOCK-METRIC,ordered_total_channels,top,-2,0,s,8.75,0.00010195114355377122,-8.240983917782932e-05,0.00016425932553326252,-5.6207388544626634e-05,6.759347572639559e-05,0.4382342339399896,0.07129184613397482,9.847018591775001e-07,1.7270051732052553e-06,7.423033140277552e-07
V11-PHASE-BLOCK-METRIC,ordered_total_channels,top,-2,0,p,8.75,-2.299881559230412e-06,-1.9931272865340197e-06,-1.731002669799771e-16,1.1404235647096274e-15,3.0433553145441914e-06,0.4382342339399896,0.07129184613397482,5.307011094816068e-10,7.623760074136061e-29,5.307011094816068e-10
V11-PHASE-BLOCK-METRIC,ordered_total_channels,top,-2,1,s,8.75,1.6328000897503297e-05,-1.2345047719992394e-05,2.3445165013757525e-06,9.658174394089157e-07,1.9305879082510235e-05,0.4382342339399896,0.07129184613397482,1.7894781451720774e-08,2.745931743859139e-10,1.762018827733486e-08
V11-PHASE-BLOCK-METRIC,ordered_total_channels,top,-2,1,p,8.75,1.3808638772917516e-05,-1.9377399659294698e-07,0.0001145021053115565,0.0001433630897223461,0.00017535035592888324,0.4382342339399896,0.07129184613397482,8.145085928639572e-09,1.4377069298335635e-06,1.4295618439049239e-06
V11-PHASE-BLOCK-METRIC,ordered_total_channels,top,-1,-1,s,8.75,-3.5019389185804075e-06,-2.9808006610004434e-05,-0.0001675317294758279,-0.0002780507862091289,0.00029754033308671614,0.4382342339399896,0.07129184613397482,2.8537577574447363e-08,3.3385088803210597e-06,3.3099713027466125e-06
V11-PHASE-BLOCK-METRIC,ordered_total_channels,top,-1,-1,p,8.75,-2.0710663965664076e-05,2.7147678558616437e-05,-0.00012312018254765662,-0.00020515373533905003,0.00025387330776403106,0.4382342339399896,0.07129184613397482,3.693768894066982e-08,1.8136268113864188e-06,1.776689122445749e-06
V11-PHASE-BLOCK-METRIC,ordered_total_channels,top,-1,0,s,8.75,0.0007234616048915794,0.0009079360453370249,-0.0010285581087383054,0.0013279322632824794,0.0018016575423859633,0.4382342339399896,0.07129184613397482,6.688473106209601e-05,0.00014001487940183894,7.313014833974293e-05
V11-PHASE-BLOCK-METRIC,ordered_total_channels,top,-1,0,p,8.75,-4.6610838298686765e-07,-8.918684284092797e-06,1.0695710033665002e-15,-1.898478834981676e-15,8.930855857707461e-06,0.4382342339399896,0.07129184613397482,3.958271314335474e-09,2.3563986760300565e-28,3.958271314335474e-09
V11-PHASE-BLOCK-METRIC,ordered_total_channels,top,-1,1,s,8.75,-1.4115273153183665e-05,-8.724823128367296e-05,-0.0001675317294752791,-0.00027805078621218255,0.0002448310111846053,0.4382342339399896,0.07129184613397482,2.4747544608298243e-07,3.338508880369034e-06,3.0910334342860516e-06
V11-PHASE-BLOCK-METRIC,ordered_total_channels,top,-1,1,p,8.75,-1.611179766566194e-05,-2.1572583325378566e-05,0.00012312018254904267,0.00020515373533914856,0.0002660645934536886,0.4382342339399896,0.07129184613397482,2.2967611419703938e-08,1.8136268113985115e-06,1.7906591999788075e-06
V11-PHASE-BLOCK-METRIC,ordered_total_channels,top,0,0,s,8.75,0.0355402822682139,-0.390147499694086,0.026785429987131376,-0.4121567714282053,0.02368660973482438,0.4382342339399896,0.07129184613397482,0.7953910178779435,0.812256818464021,0.01686580058607745
V11-PHASE-BLOCK-METRIC,ordered_total_channels,top,0,0,p,8.75,0.0013713098898434503,0.0003273390388723154,1.1196540890151039e-13,-5.214558791588342e-15,0.0014098374587336805,0.4382342339399896,0.07129184613397482,1.9876416603518695e-06,1.2563444413870592e-26,1.9876416603518695e-06
V11-PHASE-BLOCK-METRIC,ordered_total_channels,bottom,-3,-1,s,-1.25,-6.419271468091488e-06,-1.6176230035792177e-06,-4.909306826319978e-06,0.00011217325597253058,0.00011380089688299942,0.4382342339399896,0.07129184613397482,1.3264782928823017e-09,3.815929255738811e-07,3.802664472809988e-07
V11-PHASE-BLOCK-METRIC,ordered_total_channels,bottom,-3,-1,p,-1.25,2.637173451634992e-06,1.567183335363006e-05,-1.5732873803997091e-06,7.928198517251047e-05,6.374934819148438e-05,0.4382342339399896,0.07129184613397482,7.644638816954515e-09,1.903314808729246e-07,1.826868420559701e-07
V11-PHASE-BLOCK-METRIC,ordered_total_channels,bottom,-3,0,s,-1.25,1.1617184300525629e-05,1.5025113699123768e-05,-0.0004924362020247129,-0.0001736752134376343,0.0005382170842025174,0.4382342339399896,0.07129184613397482,1.7474715030753637e-08,1.3208823483228831e-05,1.3191348768198078e-05
V11-PHASE-BLOCK-METRIC,ordered_total_channels,bottom,-3,0,p,-1.25,-9.258233982876897e-06,-9.097403328814922e-07,-1.3274970028758873e-16,2.3198170478591657e-16,9.302823439845129e-06,0.4382342339399896,0.07129184613397482,4.192546125938151e-09,3.46080831114775e-30,4.192546125938151e-09
V11-PHASE-BLOCK-METRIC,ordered_total_channels,bottom,-3,1,s,-1.25,-3.60629792323093e-06,-2.953166236349599e-07,-4.909306828951654e-06,0.00011217325597379069,0.00011247612037366328,0.4382342339399896,0.07129184613397482,3.962929933928242e-10,3.8159292558322023e-07,3.8119663258982743e-07
V11-PHASE-BLOCK-METRIC,ordered_total_channels,bottom,-3,1,p,-1.25,3.7271026793387183e-06,-1.009597134276521e-05,1.5732873796791848e-06,-7.9281985174855e-05,6.921953069993445e-05,0.4382342339399896,0.07129184613397482,3.5056932384731984e-09,1.903314808841085e-07,1.868257876456353e-07
V11-PHASE-BLOCK-METRIC,ordered_total_channels,bottom,-2,-1,s,-1.25,1.3466789646344055e-05,7.580953131224478e-06,7.745485652971132e-07,2.4717345258705883e-06,1.3681999065074884e-05,0.4382342339399896,0.07129184613397482,9.904530251007202e-09,2.7825122930511906e-10,9.626279021702082e-09
V11-PHASE-BLOCK-METRIC,ordered_total_channels,bottom,-2,-1,p,-1.25,-6.439997317365233e-06,-1.2102585211119168e-05,-3.630225008417201e-05,0.0001883234131536643,0.00020263843406626703,0.4382342339399896,0.07129184613397482,7.794477288182802e-09,1.5254830024257906e-06,1.5176885251376078e-06
V11-PHASE-BLOCK-METRIC,ordered_total_channels,bottom,-2,0,s,-1.25,-8.792355511914286e-05,-9.714737964775597e-06,-0.00018404130862068258,1.7489532595230964e-05,9.989341757535774e-05,0.4382342339399896,0.07129184613397482,4.3959973010510675e-07,1.9200481909981673e-06,1.4804484608930606e-06
V11-PHASE-BLOCK-METRIC,ordered_total_channels,bottom,-2,0,p,-1.25,1.0276035424168068e-05,-6.940314771974202e-07,-1.953215047833636e-16,3.0838854490696276e-16,1.0299445797446586e-05,0.4382342339399896,0.07129184613397482,5.959431025251778e-09,7.486128714139298e-30,5.959431025251778e-09
V11-PHASE-BLOCK-METRIC,ordered_total_channels,bottom,-2,1,s,-1.25,6.00483834683346e-06,6.125642055964087e-06,7.745485660026084e-07,2.4717345262717786e-06,6.380201519310012e-06,0.4382342339399896,0.07129184613397482,3.0515653381809537e-09,2.7825122943269296e-10,2.7733141087482608e-09
V11-PHASE-BLOCK-METRIC,ordered_total_channels,bottom,-2,1,p,-1.25,-5.767938030881618e-06,9.88518575425775e-06,3.630225008297548e-05,-0.00018832341315286793,0.00020262415800851867,0.4382342339399896,0.07129184613397482,5.432234384874697e-09,1.5254830024097482e-06,1.5200507680248735e-06
V11-PHASE-BLOCK-METRIC,ordered_total_channels,bottom,-1,-1,s,-1.25,-3.0939883108073034e-05,-4.598843607471219e-05,-0.00033718347041335526,-1.6668060240140516e-05,0.0003076439812586759,0.4382342339399896,0.07129184613397482,9.304066129035577e-08,3.4515489579344382e-06,3.3585082966440823e-06
V11-PHASE-BLOCK-METRIC,ordered_total_channels,bottom,-1,-1,p,-1.25,-1.4335738905279301e-05,-7.413519522772736e-06,0.0002479992366175502,8.609260274623294e-06,0.0002628238361621704,0.4382342339399896,0.07129184613397482,7.888335409863959e-09,1.8648558637476027e-06,1.8569675283377388e-06
V11-PHASE-BLOCK-METRIC,ordered_total_channels,bottom,-1,0,s,-1.25,-0.000967017331225816,-9.918646991796982e-05,-0.0011348134234953988,-0.0008861976207941805,0.000804699993901106,0.4382342339399896,0.07129184613397482,4.57881378078137e-05,0.00010045454435778903,5.466640654997533e-05
V11-PHASE-BLOCK-METRIC,ordered_total_channels,bottom,-1,0,p,-1.25,-1.1411698311190861e-05,-9.038165258815733e-06,-4.465027736885759e-16,-2.0865938982257457e-16,1.4557310520056152e-05,0.4382342339399896,0.07129184613397482,1.0268372850630873e-08,1.1769907587313279e-29,1.0268372850630873e-08
V11-PHASE-BLOCK-METRIC,ordered_total_channels,bottom,-1,1,s,-1.25,-2.752510377679869e-05,-2.308997702849026e-05,-0.00033718347041209904,-1.6668060241286416e-05,0.0003097249506295285,0.4382342339399896,0.07129184613397482,3.9090677848490534e-08,3.4515489579099395e-06,3.412458280061449e-06
V11-PHASE-BLOCK-METRIC,ordered_total_channels,bottom,-1,1,p,-1.25,-1.8127596709092173e-05,4.908070153439485e-05,-0.000247999236616804,-8.609260275602887e-06,0.00023700021630264332,0.4382342339399896,0.07129184613397482,8.29047889046833e-08,1.8648558637369045e-06,1.7819510748322211e-06
V11-PHASE-BLOCK-METRIC,ordered_total_channels,bottom,0,0,s,-1.25,0.07541200237923879,-0.1043995139540572,0.07718950242782177,-0.12447475436113979,0.020153778400708745,0.4382342339399896,0.07129184613397482,0.02499818631805047,0.032331984498269135,0.007333798180218665
V11-PHASE-BLOCK-METRIC,ordered_total_channels,bottom,0,0,p,-1.25,0.0010947228623513557,0.0006100730165476168,2.4167599005431038e-15,5.725178855579965e-15,0.0012532386966823109,0.4382342339399896,0.07129184613397482,2.3671645373538776e-06,5.820430999983165e-29,2.3671645373538776e-06
V11-PHASE-BLOCK-METRIC,ordered_outgoing_channels,top,-3,-1,s,8.75,4.8432978555649365e-06,-5.297222256890437e-06,-9.195140170809825e-05,5.576925993858354e-05,0.00011444793187886778,0.9130801710515086,0.03421663131804843,1.6313280795220752e-09,3.662159813318062e-07,3.645846532522841e-07
V11-PHASE-BLOCK-METRIC,ordered_outgoing_channels,top,-3,-1,p,8.75,-6.742636021263861e-06,9.750522592325349e-06,6.491873565175626e-05,-4.0080513039853855e-05,8.728392923232916e-05,0.9130801710515086,0.03421663131804843,4.4500875968843e-09,1.843193233752179e-07,1.7986923577833359e-07
V11-PHASE-BLOCK-METRIC,ordered_outgoing_channels,top,-3,0,s,8.75,-2.293441141619677e-05,-2.3651736045427662e-05,-0.0001921902009470994,0.00048817928501632254,0.0005390904529027045,0.9130801710515086,0.03421663131804843,5.385397439453652e-08,1.365740342110789e-05,1.3603549446713354e-05
V11-PHASE-BLOCK-METRIC,ordered_outgoing_channels,top,-3,0,p,8.75,-1.5848782540763168e-06,1.987544919923901e-06,1.2553482268998042e-15,3.668039838538298e-15,2.5420806199563496e-06,0.9130801710515086,0.03421663131804843,3.206342011522012e-10,7.457653301374714e-28,3.206342011522012e-10
V11-PHASE-BLOCK-METRIC,ordered_outgoing_channels,top,-3,1,s,8.75,1.1918964637685271e-06,-1.3549288809625385e-05,-9.195140170915746e-05,5.576925994137385e-05,0.00011610656827016831,0.9130801710515086,0.03421663131804843,5.858173717109306e-09,3.6621598134782935e-07,3.6035780763072007e-07
V11-PHASE-BLOCK-METRIC,ordered_outgoing_channels,top,-3,1,p,8.75,4.579621910196107e-06,-3.0109308945439176e-07,-6.491873565012055e-05,4.0080513039672495e-05,8.037845368722617e-05,0.9130801710515086,0.03421663131804843,6.669817726750883e-10,1.843193233680326e-07,1.836523415953575e-07
V11-PHASE-BLOCK-METRIC,ordered_outgoing_channels,top,-2,-1,s,8.75,5.575816240860899e-06,-3.2550242235299383e-07,2.344516502433825e-06,9.65817440460633e-07,3.4797708240135417e-06,0.9130801710515086,0.03421663131804843,1.3323025433163304e-09,2.745931746845648e-10,1.0577093686317657e-09
V11-PHASE-BLOCK-METRIC,ordered_outgoing_channels,top,-2,-1,p,8.75,-1.3346062631231014e-05,-2.6545778794098584e-06,-0.00011450210530953003,-0.00014336308972240936,0.0001732957883948868,0.9130801710515086,0.03421663131804843,7.907976611679297e-09,1.437706929814518e-06,1.4297989532028387e-06
V11-PHASE-BLOCK-METRIC,ordered_outgoing_channels,top,-2,0,s,8.75,0.00010195114355377122,-8.240983917782932e-05,0.00016425932553326252,-5.6207388544626634e-05,6.759347572639559e-05,0.9130801710515086,0.03421663131804843,9.847018591775001e-07,1.7270051732052553e-06,7.423033140277552e-07
V11-PHASE-BLOCK-METRIC,ordered_outgoing_channels,top,-2,0,p,8.75,-2.299881559230412e-06,-1.9931272865340197e-06,-1.731002669799771e-16,1.1404235647096274e-15,3.0433553145441914e-06,0.9130801710515086,0.03421663131804843,5.307011094816068e-10,7.623760074136061e-29,5.307011094816068e-10
V11-PHASE-BLOCK-METRIC,ordered_outgoing_channels,top,-2,1,s,8.75,1.6328000897503297e-05,-1.2345047719992394e-05,2.3445165013757525e-06,9.658174394089157e-07,1.9305879082510235e-05,0.9130801710515086,0.03421663131804843,1.7894781451720774e-08,2.745931743859139e-10,1.762018827733486e-08
V11-PHASE-BLOCK-METRIC,ordered_outgoing_channels,top,-2,1,p,8.75,1.3808638772917516e-05,-1.9377399659294698e-07,0.0001145021053115565,0.0001433630897223461,0.00017535035592888324,0.9130801710515086,0.03421663131804843,8.145085928639572e-09,1.4377069298335635e-06,1.4295618439049239e-06
V11-PHASE-BLOCK-METRIC,ordered_outgoing_channels,top,-1,-1,s,8.75,-3.5019389185804075e-06,-2.9808006610004434e-05,-0.0001675317294758279,-0.0002780507862091289,0.00029754033308671614,0.9130801710515086,0.03421663131804843,2.8537577574447363e-08,3.3385088803210597e-06,3.3099713027466125e-06
V11-PHASE-BLOCK-METRIC,ordered_outgoing_channels,top,-1,-1,p,8.75,-2.0710663965664076e-05,2.7147678558616437e-05,-0.00012312018254765662,-0.00020515373533905003,0.00025387330776403106,0.9130801710515086,0.03421663131804843,3.693768894066982e-08,1.8136268113864188e-06,1.776689122445749e-06
V11-PHASE-BLOCK-METRIC,ordered_outgoing_channels,top,-1,0,s,8.75,0.0007234616048915794,0.0009079360453370249,-0.0010285581087383054,0.0013279322632824794,0.0018016575423859633,0.9130801710515086,0.03421663131804843,6.688473106209601e-05,0.00014001487940183894,7.313014833974293e-05
V11-PHASE-BLOCK-METRIC,ordered_outgoing_channels,top,-1,0,p,8.75,-4.6610838298686765e-07,-8.918684284092797e-06,1.0695710033665002e-15,-1.898478834981676e-15,8.930855857707461e-06,0.9130801710515086,0.03421663131804843,3.958271314335474e-09,2.3563986760300565e-28,3.958271314335474e-09
V11-PHASE-BLOCK-METRIC,ordered_outgoing_channels,top,-1,1,s,8.75,-1.4115273153183665e-05,-8.724823128367296e-05,-0.0001675317294752791,-0.00027805078621218255,0.0002448310111846053,0.9130801710515086,0.03421663131804843,2.4747544608298243e-07,3.338508880369034e-06,3.0910334342860516e-06
V11-PHASE-BLOCK-METRIC,ordered_outgoing_channels,top,-1,1,p,8.75,-1.611179766566194e-05,-2.1572583325378566e-05,0.00012312018254904267,0.00020515373533914856,0.0002660645934536886,0.9130801710515086,0.03421663131804843,2.2967611419703938e-08,1.8136268113985115e-06,1.7906591999788075e-06
V11-PHASE-BLOCK-METRIC,ordered_outgoing_channels,top,0,0,s,8.75,-0.8917087295061668,-0.015702216423706505,-0.9004635817872493,-0.03771148815782577,0.02368660973482438,0.9130801710515086,0.03421663131804843,0.7953910178779435,0.812256818464021,0.01686580058607745
V11-PHASE-BLOCK-METRIC,ordered_outgoing_channels,top,0,0,p,8.75,0.0013713098898434503,0.0003273390388723154,1.1196540890151039e-13,-5.214558791588342e-15,0.0014098374587336805,0.9130801710515086,0.03421663131804843,1.9876416603518695e-06,1.2563444413870592e-26,1.9876416603518695e-06
V11-PHASE-BLOCK-METRIC,ordered_outgoing_channels,bottom,-3,-1,s,-1.25,-6.419271468091488e-06,-1.6176230035792177e-06,-4.909306826319978e-06,0.00011217325597253058,0.00011380089688299942,0.9130801710515086,0.03421663131804843,1.3264782928823017e-09,3.815929255738811e-07,3.802664472809988e-07
V11-PHASE-BLOCK-METRIC,ordered_outgoing_channels,bottom,-3,-1,p,-1.25,2.637173451634992e-06,1.567183335363006e-05,-1.5732873803997091e-06,7.928198517251047e-05,6.374934819148438e-05,0.9130801710515086,0.03421663131804843,7.644638816954515e-09,1.903314808729246e-07,1.826868420559701e-07
V11-PHASE-BLOCK-METRIC,ordered_outgoing_channels,bottom,-3,0,s,-1.25,1.1617184300525629e-05,1.5025113699123768e-05,-0.0004924362020247129,-0.0001736752134376343,0.0005382170842025174,0.9130801710515086,0.03421663131804843,1.7474715030753637e-08,1.3208823483228831e-05,1.3191348768198078e-05
V11-PHASE-BLOCK-METRIC,ordered_outgoing_channels,bottom,-3,0,p,-1.25,-9.258233982876897e-06,-9.097403328814922e-07,-1.3274970028758873e-16,2.3198170478591657e-16,9.302823439845129e-06,0.9130801710515086,0.03421663131804843,4.192546125938151e-09,3.46080831114775e-30,4.192546125938151e-09
V11-PHASE-BLOCK-METRIC,ordered_outgoing_channels,bottom,-3,1,s,-1.25,-3.60629792323093e-06,-2.953166236349599e-07,-4.909306828951654e-06,0.00011217325597379069,0.00011247612037366328,0.9130801710515086,0.03421663131804843,3.962929933928242e-10,3.8159292558322023e-07,3.8119663258982743e-07
V11-PHASE-BLOCK-METRIC,ordered_outgoing_channels,bottom,-3,1,p,-1.25,3.7271026793387183e-06,-1.009597134276521e-05,1.5732873796791848e-06,-7.9281985174855e-05,6.921953069993445e-05,0.9130801710515086,0.03421663131804843,3.5056932384731984e-09,1.903314808841085e-07,1.868257876456353e-07
V11-PHASE-BLOCK-METRIC,ordered_outgoing_channels,bottom,-2,-1,s,-1.25,1.3466789646344055e-05,7.580953131224478e-06,7.745485652971132e-07,2.4717345258705883e-06,1.3681999065074884e-05,0.9130801710515086,0.03421663131804843,9.904530251007202e-09,2.7825122930511906e-10,9.626279021702082e-09
V11-PHASE-BLOCK-METRIC,ordered_outgoing_channels,bottom,-2,-1,p,-1.25,-6.439997317365233e-06,-1.2102585211119168e-05,-3.630225008417201e-05,0.0001883234131536643,0.00020263843406626703,0.9130801710515086,0.03421663131804843,7.794477288182802e-09,1.5254830024257906e-06,1.5176885251376078e-06
V11-PHASE-BLOCK-METRIC,ordered_outgoing_channels,bottom,-2,0,s,-1.25,-8.792355511914286e-05,-9.714737964775597e-06,-0.00018404130862068258,1.7489532595230964e-05,9.989341757535774e-05,0.9130801710515086,0.03421663131804843,4.3959973010510675e-07,1.9200481909981673e-06,1.4804484608930606e-06
V11-PHASE-BLOCK-METRIC,ordered_outgoing_channels,bottom,-2,0,p,-1.25,1.0276035424168068e-05,-6.940314771974202e-07,-1.953215047833636e-16,3.0838854490696276e-16,1.0299445797446586e-05,0.9130801710515086,0.03421663131804843,5.959431025251778e-09,7.486128714139298e-30,5.959431025251778e-09
V11-PHASE-BLOCK-METRIC,ordered_outgoing_channels,bottom,-2,1,s,-1.25,6.00483834683346e-06,6.125642055964087e-06,7.745485660026084e-07,2.4717345262717786e-06,6.380201519310012e-06,0.9130801710515086,0.03421663131804843,3.0515653381809537e-09,2.7825122943269296e-10,2.7733141087482608e-09
V11-PHASE-BLOCK-METRIC,ordered_outgoing_channels,bottom,-2,1,p,-1.25,-5.767938030881618e-06,9.88518575425775e-06,3.630225008297548e-05,-0.00018832341315286793,0.00020262415800851867,0.9130801710515086,0.03421663131804843,5.432234384874697e-09,1.5254830024097482e-06,1.5200507680248735e-06
V11-PHASE-BLOCK-METRIC,ordered_outgoing_channels,bottom,-1,-1,s,-1.25,-3.0939883108073034e-05,-4.598843607471219e-05,-0.00033718347041335526,-1.6668060240140516e-05,0.0003076439812586759,0.9130801710515086,0.03421663131804843,9.304066129035577e-08,3.4515489579344382e-06,3.3585082966440823e-06
V11-PHASE-BLOCK-METRIC,ordered_outgoing_channels,bottom,-1,-1,p,-1.25,-1.4335738905279301e-05,-7.413519522772736e-06,0.0002479992366175502,8.609260274623294e-06,0.0002628238361621704,0.9130801710515086,0.03421663131804843,7.888335409863959e-09,1.8648558637476027e-06,1.8569675283377388e-06
V11-PHASE-BLOCK-METRIC,ordered_outgoing_channels,bottom,-1,0,s,-1.25,-0.000967017331225816,-9.918646991796982e-05,-0.0011348134234953988,-0.0008861976207941805,0.000804699993901106,0.9130801710515086,0.03421663131804843,4.57881378078137e-05,0.00010045454435778903,5.466640654997533e-05
V11-PHASE-BLOCK-METRIC,ordered_outgoing_channels,bottom,-1,0,p,-1.25,-1.1411698311190861e-05,-9.038165258815733e-06,-4.465027736885759e-16,-2.0865938982257457e-16,1.4557310520056152e-05,0.9130801710515086,0.03421663131804843,1.0268372850630873e-08,1.1769907587313279e-29,1.0268372850630873e-08
V11-PHASE-BLOCK-METRIC,ordered_outgoing_channels,bottom,-1,1,s,-1.25,-2.752510377679869e-05,-2.308997702849026e-05,-0.00033718347041209904,-1.6668060241286416e-05,0.0003097249506295285,0.9130801710515086,0.03421663131804843,3.9090677848490534e-08,3.4515489579099395e-06,3.412458280061449e-06
V11-PHASE-BLOCK-METRIC,ordered_outgoing_channels,bottom,-1,1,p,-1.25,-1.8127596709092173e-05,4.908070153439485e-05,-0.000247999236616804,-8.609260275602887e-06,0.00023700021630264332,0.9130801710515086,0.03421663131804843,8.29047889046833e-08,1.8648558637369045e-06,1.7819510748322211e-06
V11-PHASE-BLOCK-METRIC,ordered_outgoing_channels,bottom,0,0,s,-1.25,0.07541200237923879,-0.1043995139540572,0.07718950242782177,-0.12447475436113979,0.020153778400708745,0.9130801710515086,0.03421663131804843,0.02499818631805047,0.032331984498269135,0.007333798180218665
V11-PHASE-BLOCK-METRIC,ordered_outgoing_channels,bottom,0,0,p,-1.25,0.0010947228623513557,0.0006100730165476168,2.4167599005431038e-15,5.725178855579965e-15,0.0012532386966823109,0.9130801710515086,0.03421663131804843,2.3671645373538776e-06,5.820430999983165e-29,2.3671645373538776e-06
V11-PHASE-BLOCK-METRIC,ordered_boundary_outgoing_channels,top,-3,-1,s,8.75,3.653242140879344e-06,-6.178342788864878e-06,-7.855082196187339e-05,7.345092919286605e-05,0.00011444793187886777,0.9095181214967073,0.032105539913263356,1.6313280795220752e-09,3.662159813318062e-07,3.645846532522841e-07
V11-PHASE-BLOCK-METRIC,ordered_boundary_outgoing_channels,top,-3,-1,p,8.75,-4.598344795332105e-06,1.092662145779445e-05,5.531274235513715e-05,-5.254893240889601e-05,8.728392923232916e-05,0.9095181214967073,0.032105539913263356,4.4500875968843e-09,1.843193233752179e-07,1.7986923577833359e-07
V11-PHASE-BLOCK-METRIC,ordered_boundary_outgoing_channels,top,-3,0,s,8.75,2.0543664319828304e-05,2.575557612021468e-05,0.0002384264874377627,-0.00046734237743567054,0.0005390904529027045,0.9095181214967073,0.032105539913263356,5.385397439453652e-08,1.365740342110789e-05,1.3603549446713354e-05
V11-PHASE-BLOCK-METRIC,ordered_boundary_outgoing_channels,top,-3,0,p,8.75,1.7693731883860068e-06,-1.8252376308798907e-06,-8.953304260694988e-16,-3.7721080122444466e-15,2.5420806199563496e-06,0.9095181214967073,0.032105539913263356,3.206342011522012e-10,7.457653301374714e-28,3.206342011522012e-10
V11-PHASE-BLOCK-METRIC,ordered_boundary_outgoing_channels,top,-3,1,s,8.75,-1.6137824599958222e-06,-1.3505537775253284e-05,-7.855082196233748e-05,7.345092919581435e-05,0.00011610656827016832,0.9095181214967073,0.032105539913263356,5.858173717109306e-09,3.6621598134782935e-07,3.6035780763072007e-07
V11-PHASE-BLOCK-METRIC,ordered_boundary_outgoing_channels,top,-3,1,p,8.75,4.420383412596944e-06,-1.2344247139875404e-06,-5.5312742353573465e-05,5.2548932408382856e-05,8.037845368722617e-05,0.9095181214967073,0.032105539913263356,6.669817726750883e-10,1.843193233680326e-07,1.836523415953575e-07
V11-PHASE-BLOCK-METRIC,ordered_boundary_outgoing_channels,top,-2,-1,s,8.75,-1.5613658473739996e-06,5.36263137549654e-06,-1.6954805776036832e-06,1.8854459868824524e-06,3.479770824013542e-06,0.9095181214967073,0.032105539913263356,1.3323025433163304e-09,2.745931746845648e-10,1.0577093686317657e-09
V11-PHASE-BLOCK-METRIC,ordered_boundary_outgoing_channels,top,-2,-1,p,8.75,6.972474710950477e-06,-1.1685408331750718e-05,0.00017343931198744156,-5.9854094867379096e-05,0.0001732957883948868,0.9095181214967073,0.032105539913263356,7.907976611679297e-09,1.437706929814518e-06,1.4297989532028387e-06
V11-PHASE-BLOCK-METRIC,ordered_boundary_outgoing_channels,top,-2,0,s,8.75,-8.240985217974776e-05,-0.00010195113304397104,-5.6207409492762594e-05,-0.00016425931836508344,6.759347572639559e-05,0.9095181214967073,0.032105539913263356,9.847018591775001e-07,1.7270051732052553e-06,7.423033140277552e-07
V11-PHASE-BLOCK-METRIC,ordered_boundary_outgoing_channels,top,-2,0,p,8.75,-1.993126993228083e-06,2.299881813415671e-06,1.1404235867852477e-15,1.7310012154075433e-16,3.0433553145441914e-06,0.9095181214967073,0.032105539913263356,5.307011094816068e-10,7.623760074136061e-29,5.307011094816068e-10
V11-PHASE-BLOCK-METRIC,ordered_boundary_outgoing_channels,top,-2,1,s,8.75,6.161258892393913e-06,1.9520315196703532e-05,-1.6954805762582626e-06,1.885445986237883e-06,1.9305879082510235e-05,0.9095181214967073,0.032105539913263356,1.7894781451720774e-08,2.745931743859139e-10,1.762018827733486e-08
V11-PHASE-BLOCK-METRIC,ordered_boundary_outgoing_channels,top,-2,1,p,8.75,-4.44371085949221e-06,1.3075530081794296e-05,-0.00017343931198806085,5.9854094869309646e-05,0.00017535035592888327,0.9095181214967073,0.032105539913263356,8.145085928639572e-09,1.4377069298335635e-06,1.4295618439049239e-06
V11-PHASE-BLOCK-METRIC,ordered_boundary_outgoing_channels,top,-1,-1,s,8.75,-9.457772255905604e-06,-2.8483879268929616e-05,-0.00022030138827274493,-0.0002384248695454775,0.0002975403330867161,0.9095181214967073,0.032105539913263356,2.8537577574447363e-08,3.3385088803210597e-06,3.3099713027466125e-06
V11-PHASE-BLOCK-METRIC,ordered_boundary_outgoing_channels,top,-1,-1,p,8.75,-1.4792539901467919e-05,3.077513308312571e-05,-0.00016206524324860404,-0.0001760155998907599,0.00025387330776403106,0.9095181214967073,0.032105539913263356,3.693768894066982e-08,1.8136268113864188e-06,1.776689122445749e-06
V11-PHASE-BLOCK-METRIC,ordered_boundary_outgoing_channels,top,-1,0,s,8.75,-0.0006305357233954937,-0.0009747662579801669,0.0011543275989399616,-0.0012201900152203147,0.0018016575423859635,0.9095181214967073,0.032105539913263356,6.688473106209601e-05,0.00014001487940183894,7.313014833974293e-05
V11-PHASE-BLOCK-METRIC,ordered_boundary_outgoing_channels,top,-1,0,p,8.75,-4.1442924998263383e-07,8.921235047950104e-06,-1.2513260214317444e-15,1.783924663825131e-15,8.930855857707461e-06,0.9095181214967073,0.032105539913263356,3.958271314335474e-09,2.3563986760300565e-28,3.958271314335474e-09
V11-PHASE-BLOCK-METRIC,ordered_boundary_outgoing_channels,top,-1,1,s,8.75,-3.1468173306257147e-05,-8.259085219977842e-05,-0.00022030138827282503,-0.00023842486954857905,0.0002448310111846053,0.9095181214967073,0.032105539913263356,2.4747544608298243e-07,3.338508880369034e-06,3.0910334342860516e-06
V11-PHASE-BLOCK-METRIC,ordered_boundary_outgoing_channels,top,-1,1,p,8.75,-2.0141593537567974e-05,-1.7868480212850532e-05,0.00016206524324998136,0.0001760155998905761,0.0002660645934536886,0.9095181214967073,0.032105539913263356,2.2967611419703938e-08,1.8136268113985115e-06,1.7906591999788075e-06
V11-PHASE-BLOCK-METRIC,ordered_boundary_outgoing_channels,top,0,0,s,8.75,-0.8723455423064421,-0.18548388796927476,-0.8767420008873494,-0.208758909616445,0.023686609734824376,0.9095181214967073,0.032105539913263356,0.7953910178779435,0.812256818464021,0.01686580058607745
V11-PHASE-BLOCK-METRIC,ordered_boundary_outgoing_channels,top,0,0,p,8.75,0.0012837065383037316,0.0005828714985900043,1.109046864019619e-13,1.6235607409513206e-14,0.0014098374587336805,0.9095181214967073,0.032105539913263356,1.9876416603518695e-06,1.2563444413870592e-26,1.9876416603518695e-06
V11-PHASE-BLOCK-METRIC,ordered_boundary_outgoing_channels,bottom,-3,-1,s,-1.25,-2.9785519525514374e-06,-5.8194296547060705e-06,-8.648303367237041e-05,6.939127777564956e-05,0.00011238171105420192,0.9095181214967073,0.032105539913263356,1.3264782928823017e-09,3.815929255738811e-07,3.802664472809988e-07
V11-PHASE-BLOCK-METRIC,ordered_boundary_outgoing_channels,bottom,-3,-1,p,-1.25,-9.918974943387881e-06,1.2162030793211693e-05,-5.9889780695573525e-05,5.0452604324837186e-05,6.295434416228548e-05,0.9095181214967073,0.032105539913263356,7.644638816954515e-09,1.903314808729246e-07,1.826868420559701e-07
V11-PHASE-BLOCK-METRIC,ordered_boundary_outgoing_channels,bottom,-3,0,s,-1.25,-1.2009941705849762e-05,1.451929906975194e-05,6.074845422874771e-05,-0.0005144750722767751,0.000533974558471921,0.9095181214967073,0.032105539913263356,1.7474715030753637e-08,1.3208823483228831e-05,1.3191348768198078e-05
V11-PHASE-BLOCK-METRIC,ordered_boundary_outgoing_channels,bottom,-3,0,p,-1.25,-1.1377049847061826e-06,-9.159103461385106e-06,-2.5346697492730613e-16,-7.791468315616378e-17,9.229493423074634e-06,0.9095181214967073,0.032105539913263356,4.192546125938151e-09,3.46080831114775e-30,4.192546125938151e-09
V11-PHASE-BLOCK-METRIC,ordered_boundary_outgoing_channels,bottom,-3,1,s,-1.25,-2.128804386676537e-06,-2.869891097404034e-06,-8.648303367501951e-05,6.939127777451605e-05,0.00011107345553986557,0.9095181214967073,0.032105539913263356,3.962929933928242e-10,3.8159292558322023e-07,3.8119663258982743e-07
V11-PHASE-BLOCK-METRIC,ordered_boundary_outgoing_channels,bottom,-3,1,p,-1.25,9.92279996795124e-06,-3.8062127310150562e-06,5.9889780696845165e-05,-5.0452604326898695e-05,6.835630923388258e-05,0.9095181214967073,0.032105539913263356,3.5056932384731984e-09,1.903314808841085e-07,1.868257876456353e-07
V11-PHASE-BLOCK-METRIC,ordered_boundary_outgoing_channels,bottom,-2,-1,s,-1.25,-1.5286928651611037e-06,1.5235637740372622e-05,-1.935589521620524e-06,1.6853186586884327e-06,1.3556426966737679e-05,0.9095181214967073,0.032105539913263356,9.904530251007202e-09,2.7825122930511906e-10,9.626279021702082e-09
V11-PHASE-BLOCK-METRIC,ordered_boundary_outgoing_channels,bottom,-2,-1,p,-1.25,8.425236277677451e-06,-1.0654926350143503e-05,-0.0001853545253180435,4.1894719858193056e-05,0.00020077863761046836,0.9095181214967073,0.032105539913263356,7.794477288182802e-09,1.5254830024257906e-06,1.5176885251376078e-06
V11-PHASE-BLOCK-METRIC,ordered_boundary_outgoing_channels,bottom,-2,0,s,-1.25,8.820776957099595e-06,-8.741179384599723e-05,-1.910128656019509e-05,-0.00018261418318362527,9.921258270328997e-05,0.9095181214967073,0.032105539913263356,4.3959973010510675e-07,1.9200481909981673e-06,1.4804484608930606e-06
V11-PHASE-BLOCK-METRIC,ordered_boundary_outgoing_channels,bottom,-2,0,p,-1.25,7.859625762189693e-07,1.0199009414711247e-05,-3.081108181661143e-16,-1.9107978283180129e-16,1.0229248761124514e-05,0.9095181214967073,0.032105539913263356,5.959431025251778e-09,7.486128714139298e-30,5.959431025251778e-09
V11-PHASE-BLOCK-METRIC,ordered_boundary_outgoing_channels,bottom,-2,1,s,-1.25,-3.1733471427856585e-06,7.88460465956401e-06,-1.9355895217042767e-06,1.6853186594882002e-06,6.321644630891631e-06,0.9095181214967073,0.032105539913263356,3.0515653381809537e-09,2.7825122943269296e-10,2.7733141087482608e-09
V11-PHASE-BLOCK-METRIC,ordered_boundary_outgoing_channels,bottom,-2,1,p,-1.25,-1.1264350733318696e-05,-1.3065558147015456e-06,0.00018535452531684516,-4.189471985896257e-05,0.000200764492577033,0.9095181214967073,0.032105539913263356,5.432234384874697e-09,1.5254830024097482e-06,1.5200507680248735e-06
V11-PHASE-BLOCK-METRIC,ordered_boundary_outgoing_channels,bottom,-1,-1,s,-1.25,1.4023961328959492e-05,-5.290966021271871e-05,-0.00020705147255067278,-0.00026129824663100645,0.0003038093981668109,0.9095181214967073,0.032105539913263356,9.304066129035577e-08,3.4515489579344382e-06,3.3585082966440823e-06
V11-PHASE-BLOCK-METRIC,ordered_boundary_outgoing_channels,bottom,-1,-1,p,-1.25,-3.822836743054984e-06,-1.5472775977320076e-05,0.00015499807170421564,0.00018981004150854804,0.00025954790716735236,0.9095181214967073,0.032105539913263356,7.888335409863959e-09,1.8648558637476027e-06,1.8569675283377388e-06
V11-PHASE-BLOCK-METRIC,ordered_boundary_outgoing_channels,bottom,-1,0,s,-1.25,-0.00011453535781527069,-0.0009576045496256918,0.0006107069086373302,-0.0012913701554319347,0.0007983582057375711,0.9095181214967073,0.032105539913263356,4.57881378078137e-05,0.00010045454435778903,5.466640654997533e-05
V11-PHASE-BLOCK-METRIC,ordered_boundary_outgoing_channels,bottom,-1,0,p,-1.25,6.263769220883333e-06,-1.301358772454697e-05,1.0475495179447351e-16,-4.776152653530708e-16,1.4442585305381502e-05,0.9095181214967073,0.032105539913263356,1.0268372850630873e-08,1.1769907587313279e-29,1.0268372850630873e-08
V11-PHASE-BLOCK-METRIC,ordered_boundary_outgoing_channels,bottom,-1,1,s,-1.25,-7.62143772609137e-07,-3.5471405603448824e-05,-0.00020705147254900414,-0.0002612982466308191,0.0003058644296014441,0.9095181214967073,0.032105539913263356,3.9090677848490534e-08,3.4515489579099395e-06,3.412458280061449e-06
V11-PHASE-BLOCK-METRIC,ordered_boundary_outgoing_channels,bottom,-1,1,p,-1.25,-4.825292174820358e-05,1.8476009187583898e-05,-0.0001549980717030024,-0.00018981004150863128,0.0002340461620140326,0.9095181214967073,0.032105539913263356,8.29047889046833e-08,1.8648558637369045e-06,1.7819510748322211e-06
V11-PHASE-BLOCK-METRIC,ordered_boundary_outgoing_channels,bottom,0,0,s,-1.25,0.06802731362953243,-0.08330050600623135,0.07050175899447489,-0.09994772920440079,0.01683011943135746,0.9095181214967073,0.032105539913263356,0.02499818631805047,0.032331984498269135,0.007333798180218665
V11-PHASE-BLOCK-METRIC,ordered_boundary_outgoing_channels,bottom,0,0,p,-1.25,0.0008824155704060245,0.0005627011003583328,1.7315585978917311e-15,4.892126973773713e-15,0.0010465609238027697,0.9095181214967073,0.032105539913263356,2.3671645373538776e-06,5.820430999983165e-29,2.3671645373538776e-06
V11-PHASE-BLOCK-METRIC,ordered_scattered_channels,top,-3,-1,s,8.75,4.843297855560275e-06,-5.297222256894717e-06,-9.195140170810291e-05,5.5769259938579254e-05,0.00011444793187886777,0.2468359522790033,0.1265720300800269,1.6313280795220752e-09,3.662159813318062e-07,3.645846532522841e-07
V11-PHASE-BLOCK-METRIC,ordered_scattered_channels,top,-3,-1,p,8.75,-6.74263602127582e-06,9.75052259232332e-06,6.49187356517443e-05,-4.008051303985588e-05,8.728392923232916e-05,0.2468359522790033,0.1265720300800269,4.4500875968843e-09,1.843193233752179e-07,1.7986923577833359e-07
V11-PHASE-BLOCK-METRIC,ordered_scattered_channels,top,-3,0,s,8.75,-2.2934411416347206e-05,-2.365173604536253e-05,-0.00019219020094724982,0.00048817928501638765,0.0005390904529027044,0.2468359522790033,0.1265720300800269,5.385397439453652e-08,1.365740342110789e-05,1.3603549446713354e-05
V11-PHASE-BLOCK-METRIC,ordered_scattered_channels,top,-3,0,p,8.75,-1.5848782540763168e-06,1.987544919923901e-06,1.2553482268998042e-15,3.668039838538298e-15,2.5420806199563496e-06,0.2468359522790033,0.1265720300800269,3.206342011522012e-10,7.457653301374714e-28,3.206342011522012e-10
V11-PHASE-BLOCK-METRIC,ordered_scattered_channels,top,-3,1,s,8.75,1.1918964637787502e-06,-1.3549288809622361e-05,-9.195140170914724e-05,5.5769259941376876e-05,0.00011610656827016831,0.2468359522790033,0.1265720300800269,5.858173717109306e-09,3.6621598134782935e-07,3.6035780763072007e-07
V11-PHASE-BLOCK-METRIC,ordered_scattered_channels,top,-3,1,p,8.75,4.579621910209506e-06,-3.0109308943958235e-07,-6.491873565010715e-05,4.00805130396873e-05,8.037845368722616e-05,0.2468359522790033,0.1265720300800269,6.669817726750883e-10,1.843193233680326e-07,1.836523415953575e-07
V11-PHASE-BLOCK-METRIC,ordered_scattered_channels,top,-2,-1,s,8.75,5.575816240860899e-06,-3.255024223529892e-07,2.3445165024338254e-06,9.658174404606376e-07,3.4797708240135413e-06,0.2468359522790033,0.1265720300800269,1.3323025433163304e-09,2.745931746845648e-10,1.0577093686317657e-09
V11-PHASE-BLOCK-METRIC,ordered_scattered_channels,top,-2,-1,p,8.75,-1.3346062631196376e-05,-2.6545778794245103e-06,-0.00011450210530949539,-0.00014336308972242402,0.0001732957883948868,0.2468359522790033,0.1265720300800269,7.907976611679297e-09,1.437706929814518e-06,1.4297989532028387e-06
V11-PHASE-BLOCK-METRIC,ordered_scattered_channels,top,-2,0,s,8.75,0.00010195114355371201,-8.240983917798493e-05,0.0001642593255332033,-5.620738854478225e-05,6.759347572639556e-05,0.2468359522790033,0.1265720300800269,9.847018591775001e-07,1.7270051732052553e-06,7.423033140277552e-07
V11-PHASE-BLOCK-METRIC,ordered_scattered_channels,top,-2,0,p,8.75,-2.299881559230412e-06,-1.9931272865340197e-06,-1.731002669799771e-16,1.1404235647096274e-15,3.0433553145441914e-06,0.2468359522790033,0.1265720300800269,5.307011094816068e-10,7.623760074136061e-29,5.307011094816068e-10
V11-PHASE-BLOCK-METRIC,ordered_scattered_channels,top,-2,1,s,8.75,1.6328000897503294e-05,-1.2345047719992394e-05,2.344516501375749e-06,9.658174394089149e-07,1.9305879082510235e-05,0.2468359522790033,0.1265720300800269,1.7894781451720774e-08,2.745931743859139e-10,1.762018827733486e-08
V11-PHASE-BLOCK-METRIC,ordered_scattered_channels,top,-2,1,p,8.75,1.3808638772906855e-05,-1.93773996585618e-07,0.00011450210531154583,0.0001433630897223534,0.00017535035592888324,0.2468359522790033,0.1265720300800269,8.145085928639572e-09,1.4377069298335635e-06,1.4295618439049239e-06
V11-PHASE-BLOCK-METRIC,ordered_scattered_channels,top,-1,-1,s,8.75,-3.501938918535925e-06,-2.9808006609994673e-05,-0.00016753172947578341,-0.00027805078620911914,0.00029754033308671614,0.2468359522790033,0.1265720300800269,2.8537577574447363e-08,3.3385088803210597e-06,3.3099713027466125e-06
V11-PHASE-BLOCK-METRIC,ordered_scattered_channels,top,-1,-1,p,8.75,-2.071066396564878e-05,2.7147678558653422e-05,-0.00012312018254764134,-0.00020515373533901306,0.00025387330776403106,0.2468359522790033,0.1265720300800269,3.693768894066982e-08,1.8136268113864188e-06,1.776689122445749e-06
V11-PHASE-BLOCK-METRIC,ordered_scattered_channels,top,-1,0,s,8.75,0.000723461604891991,0.0009079360453368531,-0.0010285581087378939,0.0013279322632823076,0.0018016575423859633,0.2468359522790033,0.1265720300800269,6.688473106209601e-05,0.00014001487940183894,7.313014833974293e-05
V11-PHASE-BLOCK-METRIC,ordered_scattered_channels,top,-1,0,p,8.75,-4.6610838298686765e-07,-8.918684284092797e-06,1.0695710033665002e-15,-1.898478834981676e-15,8.930855857707461e-06,0.2468359522790033,0.1265720300800269,3.958271314335474e-09,2.3563986760300565e-28,3.958271314335474e-09
V11-PHASE-BLOCK-METRIC,ordered_scattered_channels,top,-1,1,s,8.75,-1.4115273153181907e-05,-8.724823128365567e-05,-0.00016753172947527734,-0.00027805078621216526,0.0002448310111846053,0.2468359522790033,0.1265720300800269,2.4747544608298243e-07,3.338508880369034e-06,3.0910334342860516e-06
V11-PHASE-BLOCK-METRIC,ordered_scattered_channels,top,-1,1,p,8.75,-1.611179766566602e-05,-2.157258332539792e-05,0.00012312018254903858,0.0002051537353391292,0.0002660645934536886,0.2468359522790033,0.1265720300800269,2.2967611419703938e-08,1.8136268113985115e-06,1.7906591999788075e-06
V11-PHASE-BLOCK-METRIC,ordered_scattered_channels,top,0,0,s,8.75,-0.010518522829347253,0.23128082395691532,-0.01927337511042978,0.20927155222279603,0.023686609734824404,0.2468359522790033,0.1265720300800269,0.7953910178779435,0.812256818464021,0.01686580058607745
V11-PHASE-BLOCK-METRIC,ordered_scattered_channels,top,0,0,p,8.75,0.0013713098898433405,0.0003273390388737944,1.1185579377514874e-13,-3.735624544869974e-15,0.0014098374587336803,0.2468359522790033,0.1265720300800269,1.9876416603518695e-06,1.2563444413870592e-26,1.9876416603518695e-06
V11-PHASE-BLOCK-METRIC,ordered_scattered_channels,bottom,-3,-1,s,-1.25,-6.419271468091555e-06,-1.6176230035774172e-06,-4.909306826320045e-06,0.00011217325597253238,0.00011380089688299942,0.2468359522790033,0.1265720300800269,1.3264782928823017e-09,3.815929255738811e-07,3.802664472809988e-07
V11-PHASE-BLOCK-METRIC,ordered_scattered_channels,bottom,-3,-1,p,-1.25,2.637173451631369e-06,1.5671833353637226e-05,-1.5732873804033325e-06,7.928198517251764e-05,6.374934819148438e-05,0.2468359522790033,0.1265720300800269,7.644638816954515e-09,1.903314808729246e-07,1.826868420559701e-07
V11-PHASE-BLOCK-METRIC,ordered_scattered_channels,bottom,-3,0,s,-1.25,1.1617184300523372e-05,1.5025113699049888e-05,-0.0004924362020247152,-0.0001736752134377082,0.0005382170842025174,0.2468359522790033,0.1265720300800269,1.7474715030753637e-08,1.3208823483228831e-05,1.3191348768198078e-05
V11-PHASE-BLOCK-METRIC,ordered_scattered_channels,bottom,-3,0,p,-1.25,-9.258233982876897e-06,-9.097403328814922e-07,-1.3274970028758873e-16,2.3198170478591657e-16,9.302823439845129e-06,0.2468359522790033,0.1265720300800269,4.192546125938151e-09,3.46080831114775e-30,4.192546125938151e-09
V11-PHASE-BLOCK-METRIC,ordered_scattered_channels,bottom,-3,1,s,-1.25,-3.606297923232133e-06,-2.9531662363584604e-07,-4.9093068289528565e-06,0.00011217325597378981,0.00011247612037366329,0.2468359522790033,0.1265720300800269,3.962929933928242e-10,3.8159292558322023e-07,3.8119663258982743e-07
V11-PHASE-BLOCK-METRIC,ordered_scattered_channels,bottom,-3,1,p,-1.25,3.7271026793474037e-06,-1.009597134276538e-05,1.5732873796878703e-06,-7.928198517485518e-05,6.921953069993445e-05,0.2468359522790033,0.1265720300800269,3.5056932384731984e-09,1.903314808841085e-07,1.868257876456353e-07
V11-PHASE-BLOCK-METRIC,ordered_scattered_channels,bottom,-2,-1,s,-1.25,1.3466789646344055e-05,7.580953131224478e-06,7.745485652971132e-07,2.471734525870588e-06,1.3681999065074884e-05,0.2468359522790033,0.1265720300800269,9.904530251007202e-09,2.7825122930511906e-10,9.626279021702082e-09
V11-PHASE-BLOCK-METRIC,ordered_scattered_channels,bottom,-2,-1,p,-1.25,-6.439997317372084e-06,-1.210258521112345e-05,-3.630225008417886e-05,0.00018832341315366003,0.00020263843406626703,0.2468359522790033,0.1265720300800269,7.794477288182802e-09,1.5254830024257906e-06,1.5176885251376078e-06
V11-PHASE-BLOCK-METRIC,ordered_scattered_channels,bottom,-2,0,s,-1.25,-8.792355511915863e-05,-9.714737964733578e-06,-0.00018404130862069833,1.7489532595272983e-05,9.989341757535773e-05,0.2468359522790033,0.1265720300800269,4.3959973010510675e-07,1.9200481909981673e-06,1.4804484608930606e-06
V11-PHASE-BLOCK-METRIC,ordered_scattered_channels,bottom,-2,0,p,-1.25,1.0276035424168068e-05,-6.940314771974202e-07,-1.953215047833636e-16,3.0838854490696276e-16,1.0299445797446586e-05,0.2468359522790033,0.1265720300800269,5.959431025251778e-09,7.486128714139298e-30,5.959431025251778e-09
V11-PHASE-BLOCK-METRIC,ordered_scattered_channels,bottom,-2,1,s,-1.25,6.00483834683346e-06,6.125642055964085e-06,7.745485660026087e-07,2.4717345262717774e-06,6.380201519310011e-06,0.2468359522790033,0.1265720300800269,3.0515653381809537e-09,2.7825122943269296e-10,2.7733141087482608e-09
V11-PHASE-BLOCK-METRIC,ordered_scattered_channels,bottom,-2,1,p,-1.25,-5.767938030889326e-06,9.885185754269398e-06,3.630225008296777e-05,-0.00018832341315285628,0.00020262415800851867,0.2468359522790033,0.1265720300800269,5.432234384874697e-09,1.5254830024097482e-06,1.5200507680248735e-06
V11-PHASE-BLOCK-METRIC,ordered_scattered_channels,bottom,-1,-1,s,-1.25,-3.093988310807312e-05,-4.598843607470786e-05,-0.00033718347041335536,-1.666806024013619e-05,0.00030764398125867595,0.2468359522790033,0.1265720300800269,9.304066129035577e-08,3.4515489579344382e-06,3.3585082966440823e-06
V11-PHASE-BLOCK-METRIC,ordered_scattered_channels,bottom,-1,-1,p,-1.25,-1.4335738905296769e-05,-7.413519522780826e-06,0.00024799923661753275,8.609260274615205e-06,0.00026282383616217046,0.2468359522790033,0.1265720300800269,7.888335409863959e-09,1.8648558637476027e-06,1.8569675283377388e-06
V11-PHASE-BLOCK-METRIC,ordered_scattered_channels,bottom,-1,0,s,-1.25,-0.0009670173312258303,-9.918646991795929e-05,-0.0011348134234954131,-0.00088619762079417,0.000804699993901106,0.2468359522790033,0.1265720300800269,4.57881378078137e-05,0.00010045454435778903,5.466640654997533e-05
V11-PHASE-BLOCK-METRIC,ordered_scattered_channels,bottom,-1,0,p,-1.25,-1.1411698311190861e-05,-9.038165258815733e-06,-4.465027736885759e-16,-2.0865938982257457e-16,1.4557310520056152e-05,0.2468359522790033,0.1265720300800269,1.0268372850630873e-08,1.1769907587313279e-29,1.0268372850630873e-08
V11-PHASE-BLOCK-METRIC,ordered_scattered_channels,bottom,-1,1,s,-1.25,-2.7525103776797104e-05,-2.3089977028492272e-05,-0.00033718347041209747,-1.666806024128843e-05,0.00030972495062952854,0.2468359522790033,0.1265720300800269,3.9090677848490534e-08,3.4515489579099395e-06,3.412458280061449e-06
V11-PHASE-BLOCK-METRIC,ordered_scattered_channels,bottom,-1,1,p,-1.25,-1.8127596709085935e-05,4.908070153439909e-05,-0.00024799923661679776,-8.609260275598644e-06,0.00023700021630264332,0.2468359522790033,0.1265720300800269,8.29047889046833e-08,1.8648558637369045e-06,1.7819510748322211e-06
V11-PHASE-BLOCK-METRIC,ordered_scattered_channels,bottom,0,0,s,-1.25,-0.04338504563556467,0.14264912581866804,-0.041607545586981674,0.12257388541158544,0.020153778400708748,0.2468359522790033,0.1265720300800269,0.02499818631805047,0.032331984498269135,0.007333798180218665
V11-PHASE-BLOCK-METRIC,ordered_scattered_channels,bottom,0,0,p,-1.25,0.0010947228623516049,0.0006100730165478584,2.6658179463359154e-15,5.966790876859179e-15,0.0012532386966823109,0.2468359522790033,0.1265720300800269,2.3671645373538776e-06,5.820430999983165e-29,2.3671645373538776e-06
V11-PHASE-IDENTITY-METRIC-CONTROL-TIME-1800,ordered_total_channels,top,-3,-1,s,8.75,6.6807879675704425e-06,-1.0622047656861185e-05,-9.195140170809825e-05,5.576925993858354e-05,0.00011889539336933978,0.4382342339399896,0.17198775517130255,4.986019967316788e-09,3.662159813318062e-07,3.612299613644894e-07
V11-PHASE-IDENTITY-METRIC-CONTROL-TIME-1800,ordered_total_channels,top,-3,-1,p,8.75,-1.3937586921571601e-05,2.185192522964501e-05,6.491873565175626e-05,-4.0080513039853855e-05,0.00010026936979852833,0.4382342339399896,0.17198775517130255,2.1271472279115667e-08,1.843193233752179e-07,1.6304785109610222e-07
V11-PHASE-IDENTITY-METRIC-CONTROL-TIME-1800,ordered_total_channels,top,-3,0,s,8.75,-4.133257252297564e-05,-6.815126632168841e-06,-0.0001921902009470994,0.00048817928501632254,0.000517472213376706,0.4382342339399896,0.17198775517130255,8.706941720443066e-08,1.365740342110789e-05,1.3570334003903459e-05
V11-PHASE-IDENTITY-METRIC-CONTROL-TIME-1800,ordered_total_channels,top,-3,0,p,8.75,-2.7821955003724125e-07,-5.01209620393857e-07,1.2553482268998042e-15,3.668039838538298e-15,5.732514334685242e-07,0.4382342339399896,0.17198775517130255,1.6305026099553744e-11,7.457653301374714e-28,1.6305026099553744e-11
V11-PHASE-IDENTITY-METRIC-CONTROL-TIME-1800,ordered_total_channels,top,-3,1,s,8.75,2.811937070481514e-06,-8.175520073624676e-06,-9.195140170915746e-05,5.576925994137385e-05,0.00011431983759536741,0.4382342339399896,0.17198775517130255,2.366846746215098e-09,3.6621598134782935e-07,3.6384913460161426e-07
V11-PHASE-IDENTITY-METRIC-CONTROL-TIME-1800,ordered_total_channels,top,-3,1,p,8.75,9.614306339593854e-06,1.5533415810792758e-05,-6.491873565012055e-05,4.0080513039672495e-05,7.847123250341238e-05,0.4382342339399896,0.17198775517130255,1.0567352420631378e-08,1.843193233680326e-07,1.7375197094740122e-07
V11-PHASE-IDENTITY-METRIC-CONTROL-TIME-1800,ordered_total_channels,top,-2,-1,s,8.75,4.98542895252464e-06,-1.7588156931130927e-06,2.344516502433825e-06,9.65817440460633e-07,3.794475494928443e-06,0.4382342339399896,0.17198775517130255,1.193598148477274e-09,2.745931746845648e-10,9.190049737927092e-10
V11-PHASE-IDENTITY-METRIC-CONTROL-TIME-1800,ordered_total_channels,top,-2,-1,p,8.75,-3.185696206465222e-05,-6.049462527281989e-07,-0.00011450210530953003,-0.00014336308972240936,0.00016495486421708346,0.4382342339399896,0.17198775517130255,4.3358446636255204e-08,1.437706929814518e-06,1.3943484831782627e-06
V11-PHASE-IDENTITY-METRIC-CONTROL-TIME-1800,ordered_total_channels,top,-2,0,s,8.75,4.24526589073293e-05,-9.523637483984718e-05,0.00016425932553326252,-5.6207388544626634e-05,0.00012790670743066505,0.4382342339399896,0.17198775517130255,6.229625269104377e-07,1.7270051732052553e-06,1.1040426462948177e-06
V11-PHASE-IDENTITY-METRIC-CONTROL-TIME-1800,ordered_total_channels,top,-2,0,p,8.75,1.4665809578829161e-06,3.9771601275692503e-07,-1.731002669799771e-16,1.1404235647096274e-15,1.51955181959308e-06,0.4382342339399896,0.17198775517130255,1.323048322501913e-10,7.623760074136061e-29,1.323048322501913e-10
V11-PHASE-IDENTITY-METRIC-CONTROL-TIME-1800,ordered_total_channels,top,-2,1,s,8.75,1.720600515503284e-05,-1.359204837430588e-05,2.3445165013757525e-06,9.658174394089157e-07,2.0803732887462873e-05,0.4382342339399896,0.17198775517130255,2.0533557588253488e-08,2.745931743859139e-10,2.0258964413867575e-08
V11-PHASE-IDENTITY-METRIC-CONTROL-TIME-1800,ordered_total_channels,top,-2,1,p,8.75,-2.0931823142441832e-06,2.0785931401422075e-05,0.0001145021053115565,0.0001433630897223461,0.00016917334553225594,0.4382342339399896,0.17198775517130255,1.8639288970497632e-08,1.4377069298335635e-06,1.4190676408630658e-06
V11-PHASE-IDENTITY-METRIC-CONTROL-TIME-1800,ordered_total_channels,top,-1,-1,s,8.75,-9.415769084821006e-06,-1.4101742179724695e-05,-0.0001675317294758279,-0.0002780507862091289,0.0003076845052556381,0.4382342339399896,0.17198775517130255,9.108770163408662e-09,3.3385088803210597e-06,3.329400110157651e-06
V11-PHASE-IDENTITY-METRIC-CONTROL-TIME-1800,ordered_total_channels,top,-1,-1,p,8.75,-2.15841917055358e-05,6.153678637540264e-05,-0.00012312018254765662,-0.00020515373533905003,0.00028536536546788256,0.4382342339399896,0.17198775517130255,1.3472802921836394e-07,1.8136268113864188e-06,1.6788987821680549e-06
V11-PHASE-IDENTITY-METRIC-CONTROL-TIME-1800,ordered_total_channels,top,-1,0,s,8.75,0.000512946112932144,0.00036369082538525023,-0.0010285581087383054,0.0013279322632824794,0.0018182400325550897,0.4382342339399896,0.17198775517130255,1.9621820243307914e-05,0.00014001487940183894,0.00012039305915853102
V11-PHASE-IDENTITY-METRIC-CONTROL-TIME-1800,ordered_total_channels,top,-1,0,p,8.75,-7.794875197771001e-06,1.1651840650324245e-05,1.0695710033665002e-15,-1.898478834981676e-15,1.401875422247961e-05,0.4382342339399896,0.17198775517130255,9.753000403661495e-09,2.3563986760300565e-28,9.753000403661495e-09
V11-PHASE-IDENTITY-METRIC-CONTROL-TIME-1800,ordered_total_channels,top,-1,1,s,8.75,-3.266428224702458e-05,-0.00012629700599499488,-0.0001675317294752791,-0.00027805078621218255,0.00020302324529982403,0.4382342339399896,0.17198775517130255,5.391426090342114e-07,3.338508880369034e-06,2.7993662713348228e-06
V11-PHASE-IDENTITY-METRIC-CONTROL-TIME-1800,ordered_total_channels,top,-1,1,p,8.75,2.414008288960173e-05,6.620943570601847e-05,0.00012312018254904267,0.00020515373533914856,0.00017059477872764423,0.4382342339399896,0.17198775517130255,1.573412321854035e-07,1.8136268113985115e-06,1.656285579213108e-06
V11-PHASE-IDENTITY-METRIC-CONTROL-TIME-1800,ordered_total_channels,top,0,0,s,8.75,0.0418988189488674,-0.47658240290700027,0.026785429987131376,-0.4121567714282053,0.06617459117629836,0.4382342339399896,0.17198775517130255,0.7942769551436636,0.812256818464021,0.017979863320357392
V11-PHASE-IDENTITY-METRIC-CONTROL-TIME-1800,ordered_total_channels,top,0,0,p,8.75,0.0006724386130391557,-0.00021605921950634845,1.1196540890151039e-13,-5.214558791588342e-15,0.0007062968741873935,0.4382342339399896,0.17198775517130255,4.98855274639606e-07,1.2563444413870592e-26,4.98855274639606e-07
V11-PHASE-IDENTITY-METRIC-CONTROL-TIME-1800,ordered_total_channels,bottom,-3,-1,s,-1.25,-1.3950048238432336e-05,-9.230459082603063e-06,-4.909306826319978e-06,0.00011217325597253058,0.00012173987446382868,0.4382342339399896,0.17198775517130255,8.469278609462133e-09,3.815929255738811e-07,3.73123646964419e-07
V11-PHASE-IDENTITY-METRIC-CONTROL-TIME-1800,ordered_total_channels,bottom,-3,-1,p,-1.25,-1.8841781261812864e-05,-3.272488483415634e-06,-1.5732873803997091e-06,7.928198517251047e-05,8.434122361893619e-05,0.4382342339399896,0.17198775517130255,1.106984592163875e-08,1.903314808729246e-07,1.7926163495128584e-07
V11-PHASE-IDENTITY-METRIC-CONTROL-TIME-1800,ordered_total_channels,bottom,-3,0,s,-1.25,1.986669113008538e-05,4.142383894973941e-05,-0.0004924362020247129,-0.0001736752134376343,0.0005556274441320576,0.4382342339399896,0.17198775517130255,1.0224882139072766e-07,1.3208823483228831e-05,1.3106574661838104e-05
V11-PHASE-IDENTITY-METRIC-CONTROL-TIME-1800,ordered_total_channels,bottom,-3,0,p,-1.25,-9.756621313079845e-06,3.7406191854134397e-07,-1.3274970028758873e-16,2.3198170478591657e-16,9.763789313733822e-06,0.4382342339399896,0.17198775517130255,4.6183313768328574e-09,3.46080831114775e-30,4.6183313768328574e-09
V11-PHASE-IDENTITY-METRIC-CONTROL-TIME-1800,ordered_total_channels,bottom,-3,1,s,-1.25,1.5941261314166245e-06,6.4805097980721064e-06,-4.909306828951654e-06,0.00011217325597379069,0.00010589264013346197,0.4382342339399896,0.17198775517130255,1.3481049702894774e-09,3.8159292558322023e-07,3.8024482061293076e-07
V11-PHASE-IDENTITY-METRIC-CONTROL-TIME-1800,ordered_total_channels,bottom,-3,1,p,-1.25,-7.535770793052094e-06,-2.4902150992495613e-05,1.5732873796791848e-06,-7.9281985174855e-05,5.5137476424797546e-05,0.4382342339399896,0.17198775517130255,2.048888412437023e-08,1.903314808841085e-07,1.6984259675973827e-07
V11-PHASE-IDENTITY-METRIC-CONTROL-TIME-1800,ordered_total_channels,bottom,-2,-1,s,-1.25,1.2437273083782932e-05,7.91362974881816e-06,7.745485652971132e-07,2.4717345258705883e-06,1.2869862734762555e-05,0.4382342339399896,0.17198775517130255,9.01230546805884e-09,2.7825122930511906e-10,8.73405423875372e-09
V11-PHASE-IDENTITY-METRIC-CONTROL-TIME-1800,ordered_total_channels,bottom,-2,-1,p,-1.25,3.279389330412875e-05,1.835271594697648e-06,-3.630225008417201e-05,0.0001883234131536643,0.00019887710771542764,0.4382342339399896,0.17198775517130255,4.474016897003482e-08,1.5254830024257906e-06,1.4807428334557557e-06
V11-PHASE-IDENTITY-METRIC-CONTROL-TIME-1800,ordered_total_channels,bottom,-2,0,s,-1.25,-9.527587657858555e-05,-5.7289724319451646e-05,-0.00018404130862068258,1.7489532595230964e-05,0.00011606566757802348,0.4382342339399896,0.17198775517130255,6.943551838875521e-07,1.9200481909981673e-06,1.2256930071106152e-06
V11-PHASE-IDENTITY-METRIC-CONTROL-TIME-1800,ordered_total_channels,bottom,-2,0,p,-1.25,1.1448738770233102e-05,-3.2515268546882104e-06,-1.953215047833636e-16,3.0838854490696276e-16,1.190151445498744e-05,0.4382342339399896,0.17198775517130255,7.957589678670508e-09,7.486128714139298e-30,7.957589678670508e-09
V11-PHASE-IDENTITY-METRIC-CONTROL-TIME-1800,ordered_total_channels,bottom,-2,1,s,-1.25,5.528844545286751e-06,5.557147005661915e-06,7.745485660026084e-07,2.4717345262717786e-06,5.667724448719587e-06,0.4382342339399896,0.17198775517130255,2.548446495517825e-09,2.7825122943269296e-10,2.270195266085132e-09
V11-PHASE-IDENTITY-METRIC-CONTROL-TIME-1800,ordered_total_channels,bottom,-2,1,p,-1.25,1.8755056160597954e-05,2.3580468425105587e-05,3.630225008297548e-05,-0.00018832341315286793,0.00021262915849516346,0.4382342339399896,0.17198775517130255,3.764777296399125e-08,1.5254830024097482e-06,1.487835229445757e-06
V11-PHASE-IDENTITY-METRIC-CONTROL-TIME-1800,ordered_total_channels,bottom,-1,-1,s,-1.25,7.334549578734852e-06,-2.8515655528686956e-05,-0.00033718347041335526,-1.6668060240140516e-05,0.00034472167267723594,0.4382342339399896,0.17198775517130255,2.6254857980968967e-08,3.4515489579344382e-06,3.4252940999534693e-06
V11-PHASE-IDENTITY-METRIC-CONTROL-TIME-1800,ordered_total_channels,bottom,-1,-1,p,-1.25,-0.00010954551044295274,-5.3721455669557475e-05,0.0002479992366175502,8.609260274623294e-06,0.00036293713546656144,0.4382342339399896,0.17198775517130255,4.508226917894289e-07,1.8648558637476027e-06,1.414033171958174e-06
V11-PHASE-IDENTITY-METRIC-CONTROL-TIME-1800,ordered_total_channels,bottom,-1,0,s,-1.25,-0.0006373857631290998,-0.00024351439895844718,-0.0011348134234953988,-0.0008861976207941805,0.0008126967459801033,0.4382342339399896,0.17198775517130255,2.255874210406693e-05,0.00010045454435778903,7.78958022537221e-05
V11-PHASE-IDENTITY-METRIC-CONTROL-TIME-1800,ordered_total_channels,bottom,-1,0,p,-1.25,1.2459660103221994e-05,-1.896917270777809e-05,-4.465027736885759e-16,-2.0865938982257457e-16,2.269521189829576e-05,0.4382342339399896,0.17198775517130255,2.4957887440617395e-08,1.1769907587313279e-29,2.4957887440617395e-08
V11-PHASE-IDENTITY-METRIC-CONTROL-TIME-1800,ordered_total_channels,bottom,-1,1,s,-1.25,-4.056306781602717e-05,-3.7737265727177514e-05,-0.00033718347041209904,-1.6668060241286416e-05,0.0002973677431330817,0.4382342339399896,0.17198775517130255,9.295741128445265e-08,3.4515489579099395e-06,3.3585915466254868e-06
V11-PHASE-IDENTITY-METRIC-CONTROL-TIME-1800,ordered_total_channels,bottom,-1,1,p,-1.25,-3.6784832633669124e-05,9.997392022158855e-06,-0.000247999236616804,-8.609260275602887e-06,0.00021203238422392158,0.4382342339399896,0.17198775517130255,4.400566436090079e-08,1.8648558637369045e-06,1.8208501993760037e-06
V11-PHASE-IDENTITY-METRIC-CONTROL-TIME-1800,ordered_total_channels,bottom,0,0,s,-1.25,0.08936992264751004,-0.15834295647670063,0.07718950242782177,-0.12447475436113979,0.03599191230358107,0.4382342339399896,0.17198775517130255,0.04982608965672665,0.032331984498269135,0.017494105158457514
V11-PHASE-IDENTITY-METRIC-CONTROL-TIME-1800,ordered_total_channels,bottom,0,0,p,-1.25,0.0005981333565843929,-7.294167454571156e-06,2.4167599005431038e-15,5.725178855579965e-15,0.0005981778306949867,0.4382342339399896,0.17198775517130255,5.39288898606071e-07,5.820430999983165e-29,5.39288898606071e-07
V11-PHASE-IDENTITY-METRIC-CONTROL-TIME-1800,ordered_outgoing_channels,top,-3,-1,s,8.75,6.6807879675704425e-06,-1.0622047656861185e-05,-9.195140170809825e-05,5.576925993858354e-05,0.00011889539336933978,0.9130801710515086,0.08254578789916842,4.986019967316788e-09,3.662159813318062e-07,3.612299613644894e-07
V11-PHASE-IDENTITY-METRIC-CONTROL-TIME-1800,ordered_outgoing_channels,top,-3,-1,p,8.75,-1.3937586921571601e-05,2.185192522964501e-05,6.491873565175626e-05,-4.0080513039853855e-05,0.00010026936979852833,0.9130801710515086,0.08254578789916842,2.1271472279115667e-08,1.843193233752179e-07,1.6304785109610222e-07
V11-PHASE-IDENTITY-METRIC-CONTROL-TIME-1800,ordered_outgoing_channels,top,-3,0,s,8.75,-4.133257252297564e-05,-6.815126632168841e-06,-0.0001921902009470994,0.00048817928501632254,0.000517472213376706,0.9130801710515086,0.08254578789916842,8.706941720443066e-08,1.365740342110789e-05,1.3570334003903459e-05
V11-PHASE-IDENTITY-METRIC-CONTROL-TIME-1800,ordered_outgoing_channels,top,-3,0,p,8.75,-2.7821955003724125e-07,-5.01209620393857e-07,1.2553482268998042e-15,3.668039838538298e-15,5.732514334685242e-07,0.9130801710515086,0.08254578789916842,1.6305026099553744e-11,7.457653301374714e-28,1.6305026099553744e-11
V11-PHASE-IDENTITY-METRIC-CONTROL-TIME-1800,ordered_outgoing_channels,top,-3,1,s,8.75,2.811937070481514e-06,-8.175520073624676e-06,-9.195140170915746e-05,5.576925994137385e-05,0.00011431983759536741,0.9130801710515086,0.08254578789916842,2.366846746215098e-09,3.6621598134782935e-07,3.6384913460161426e-07
V11-PHASE-IDENTITY-METRIC-CONTROL-TIME-1800,ordered_outgoing_channels,top,-3,1,p,8.75,9.614306339593854e-06,1.5533415810792758e-05,-6.491873565012055e-05,4.0080513039672495e-05,7.847123250341238e-05,0.9130801710515086,0.08254578789916842,1.0567352420631378e-08,1.843193233680326e-07,1.7375197094740122e-07
V11-PHASE-IDENTITY-METRIC-CONTROL-TIME-1800,ordered_outgoing_channels,top,-2,-1,s,8.75,4.98542895252464e-06,-1.7588156931130927e-06,2.344516502433825e-06,9.65817440460633e-07,3.794475494928443e-06,0.9130801710515086,0.08254578789916842,1.193598148477274e-09,2.745931746845648e-10,9.190049737927092e-10
V11-PHASE-IDENTITY-METRIC-CONTROL-TIME-1800,ordered_outgoing_channels,top,-2,-1,p,8.75,-3.185696206465222e-05,-6.049462527281989e-07,-0.00011450210530953003,-0.00014336308972240936,0.00016495486421708346,0.9130801710515086,0.08254578789916842,4.3358446636255204e-08,1.437706929814518e-06,1.3943484831782627e-06
V11-PHASE-IDENTITY-METRIC-CONTROL-TIME-1800,ordered_outgoing_channels,top,-2,0,s,8.75,4.24526589073293e-05,-9.523637483984718e-05,0.00016425932553326252,-5.6207388544626634e-05,0.00012790670743066505,0.9130801710515086,0.08254578789916842,6.229625269104377e-07,1.7270051732052553e-06,1.1040426462948177e-06
V11-PHASE-IDENTITY-METRIC-CONTROL-TIME-1800,ordered_outgoing_channels,top,-2,0,p,8.75,1.4665809578829161e-06,3.9771601275692503e-07,-1.731002669799771e-16,1.1404235647096274e-15,1.51955181959308e-06,0.9130801710515086,0.08254578789916842,1.323048322501913e-10,7.623760074136061e-29,1.323048322501913e-10
V11-PHASE-IDENTITY-METRIC-CONTROL-TIME-1800,ordered_outgoing_channels,top,-2,1,s,8.75,1.720600515503284e-05,-1.359204837430588e-05,2.3445165013757525e-06,9.658174394089157e-07,2.0803732887462873e-05,0.9130801710515086,0.08254578789916842,2.0533557588253488e-08,2.745931743859139e-10,2.0258964413867575e-08
V11-PHASE-IDENTITY-METRIC-CONTROL-TIME-1800,ordered_outgoing_channels,top,-2,1,p,8.75,-2.0931823142441832e-06,2.0785931401422075e-05,0.0001145021053115565,0.0001433630897223461,0.00016917334553225594,0.9130801710515086,0.08254578789916842,1.8639288970497632e-08,1.4377069298335635e-06,1.4190676408630658e-06
V11-PHASE-IDENTITY-METRIC-CONTROL-TIME-1800,ordered_outgoing_channels,top,-1,-1,s,8.75,-9.415769084821006e-06,-1.4101742179724695e-05,-0.0001675317294758279,-0.0002780507862091289,0.0003076845052556381,0.9130801710515086,0.08254578789916842,9.108770163408662e-09,3.3385088803210597e-06,3.329400110157651e-06
V11-PHASE-IDENTITY-METRIC-CONTROL-TIME-1800,ordered_outgoing_channels,top,-1,-1,p,8.75,-2.15841917055358e-05,6.153678637540264e-05,-0.00012312018254765662,-0.00020515373533905003,0.00028536536546788256,0.9130801710515086,0.08254578789916842,1.3472802921836394e-07,1.8136268113864188e-06,1.6788987821680549e-06
V11-PHASE-IDENTITY-METRIC-CONTROL-TIME-1800,ordered_outgoing_channels,top,-1,0,s,8.75,0.000512946112932144,0.00036369082538525023,-0.0010285581087383054,0.0013279322632824794,0.0018182400325550897,0.9130801710515086,0.08254578789916842,1.9621820243307914e-05,0.00014001487940183894,0.00012039305915853102
V11-PHASE-IDENTITY-METRIC-CONTROL-TIME-1800,ordered_outgoing_channels,top,-1,0,p,8.75,-7.794875197771001e-06,1.1651840650324245e-05,1.0695710033665002e-15,-1.898478834981676e-15,1.401875422247961e-05,0.9130801710515086,0.08254578789916842,9.753000403661495e-09,2.3563986760300565e-28,9.753000403661495e-09
V11-PHASE-IDENTITY-METRIC-CONTROL-TIME-1800,ordered_outgoing_channels,top,-1,1,s,8.75,-3.266428224702458e-05,-0.00012629700599499488,-0.0001675317294752791,-0.00027805078621218255,0.00020302324529982403,0.9130801710515086,0.08254578789916842,5.391426090342114e-07,3.338508880369034e-06,2.7993662713348228e-06
V11-PHASE-IDENTITY-METRIC-CONTROL-TIME-1800,ordered_outgoing_channels,top,-1,1,p,8.75,2.414008288960173e-05,6.620943570601847e-05,0.00012312018254904267,0.00020515373533914856,0.00017059477872764423,0.9130801710515086,0.08254578789916842,1.573412321854035e-07,1.8136268113985115e-06,1.656285579213108e-06
V11-PHASE-IDENTITY-METRIC-CONTROL-TIME-1800,ordered_outgoing_channels,top,0,0,s,8.75,-0.8853501928255133,-0.10213711963662075,-0.9004635817872493,-0.03771148815782577,0.06617459117629834,0.9130801710515086,0.08254578789916842,0.7942769551436636,0.812256818464021,0.017979863320357392
V11-PHASE-IDENTITY-METRIC-CONTROL-TIME-1800,ordered_outgoing_channels,top,0,0,p,8.75,0.0006724386130391557,-0.00021605921950634845,1.1196540890151039e-13,-5.214558791588342e-15,0.0007062968741873935,0.9130801710515086,0.08254578789916842,4.98855274639606e-07,1.2563444413870592e-26,4.98855274639606e-07
V11-PHASE-IDENTITY-METRIC-CONTROL-TIME-1800,ordered_outgoing_channels,bottom,-3,-1,s,-1.25,-1.3950048238432336e-05,-9.230459082603063e-06,-4.909306826319978e-06,0.00011217325597253058,0.00012173987446382868,0.9130801710515086,0.08254578789916842,8.469278609462133e-09,3.815929255738811e-07,3.73123646964419e-07
V11-PHASE-IDENTITY-METRIC-CONTROL-TIME-1800,ordered_outgoing_channels,bottom,-3,-1,p,-1.25,-1.8841781261812864e-05,-3.272488483415634e-06,-1.5732873803997091e-06,7.928198517251047e-05,8.434122361893619e-05,0.9130801710515086,0.08254578789916842,1.106984592163875e-08,1.903314808729246e-07,1.7926163495128584e-07
V11-PHASE-IDENTITY-METRIC-CONTROL-TIME-1800,ordered_outgoing_channels,bottom,-3,0,s,-1.25,1.986669113008538e-05,4.142383894973941e-05,-0.0004924362020247129,-0.0001736752134376343,0.0005556274441320576,0.9130801710515086,0.08254578789916842,1.0224882139072766e-07,1.3208823483228831e-05,1.3106574661838104e-05
V11-PHASE-IDENTITY-METRIC-CONTROL-TIME-1800,ordered_outgoing_channels,bottom,-3,0,p,-1.25,-9.756621313079845e-06,3.7406191854134397e-07,-1.3274970028758873e-16,2.3198170478591657e-16,9.763789313733822e-06,0.9130801710515086,0.08254578789916842,4.6183313768328574e-09,3.46080831114775e-30,4.6183313768328574e-09
V11-PHASE-IDENTITY-METRIC-CONTROL-TIME-1800,ordered_outgoing_channels,bottom,-3,1,s,-1.25,1.5941261314166245e-06,6.4805097980721064e-06,-4.909306828951654e-06,0.00011217325597379069,0.00010589264013346197,0.9130801710515086,0.08254578789916842,1.3481049702894774e-09,3.8159292558322023e-07,3.8024482061293076e-07
V11-PHASE-IDENTITY-METRIC-CONTROL-TIME-1800,ordered_outgoing_channels,bottom,-3,1,p,-1.25,-7.535770793052094e-06,-2.4902150992495613e-05,1.5732873796791848e-06,-7.9281985174855e-05,5.5137476424797546e-05,0.9130801710515086,0.08254578789916842,2.048888412437023e-08,1.903314808841085e-07,1.6984259675973827e-07
V11-PHASE-IDENTITY-METRIC-CONTROL-TIME-1800,ordered_outgoing_channels,bottom,-2,-1,s,-1.25,1.2437273083782932e-05,7.91362974881816e-06,7.745485652971132e-07,2.4717345258705883e-06,1.2869862734762555e-05,0.9130801710515086,0.08254578789916842,9.01230546805884e-09,2.7825122930511906e-10,8.73405423875372e-09
V11-PHASE-IDENTITY-METRIC-CONTROL-TIME-1800,ordered_outgoing_channels,bottom,-2,-1,p,-1.25,3.279389330412875e-05,1.835271594697648e-06,-3.630225008417201e-05,0.0001883234131536643,0.00019887710771542764,0.9130801710515086,0.08254578789916842,4.474016897003482e-08,1.5254830024257906e-06,1.4807428334557557e-06
V11-PHASE-IDENTITY-METRIC-CONTROL-TIME-1800,ordered_outgoing_channels,bottom,-2,0,s,-1.25,-9.527587657858555e-05,-5.7289724319451646e-05,-0.00018404130862068258,1.7489532595230964e-05,0.00011606566757802348,0.9130801710515086,0.08254578789916842,6.943551838875521e-07,1.9200481909981673e-06,1.2256930071106152e-06
V11-PHASE-IDENTITY-METRIC-CONTROL-TIME-1800,ordered_outgoing_channels,bottom,-2,0,p,-1.25,1.1448738770233102e-05,-3.2515268546882104e-06,-1.953215047833636e-16,3.0838854490696276e-16,1.190151445498744e-05,0.9130801710515086,0.08254578789916842,7.957589678670508e-09,7.486128714139298e-30,7.957589678670508e-09
V11-PHASE-IDENTITY-METRIC-CONTROL-TIME-1800,ordered_outgoing_channels,bottom,-2,1,s,-1.25,5.528844545286751e-06,5.557147005661915e-06,7.745485660026084e-07,2.4717345262717786e-06,5.667724448719587e-06,0.9130801710515086,0.08254578789916842,2.548446495517825e-09,2.7825122943269296e-10,2.270195266085132e-09
V11-PHASE-IDENTITY-METRIC-CONTROL-TIME-1800,ordered_outgoing_channels,bottom,-2,1,p,-1.25,1.8755056160597954e-05,2.3580468425105587e-05,3.630225008297548e-05,-0.00018832341315286793,0.00021262915849516346,0.9130801710515086,0.08254578789916842,3.764777296399125e-08,1.5254830024097482e-06,1.487835229445757e-06
V11-PHASE-IDENTITY-METRIC-CONTROL-TIME-1800,ordered_outgoing_channels,bottom,-1,-1,s,-1.25,7.334549578734852e-06,-2.8515655528686956e-05,-0.00033718347041335526,-1.6668060240140516e-05,0.00034472167267723594,0.9130801710515086,0.08254578789916842,2.6254857980968967e-08,3.4515489579344382e-06,3.4252940999534693e-06
V11-PHASE-IDENTITY-METRIC-CONTROL-TIME-1800,ordered_outgoing_channels,bottom,-1,-1,p,-1.25,-0.00010954551044295274,-5.3721455669557475e-05,0.0002479992366175502,8.609260274623294e-06,0.00036293713546656144,0.9130801710515086,0.08254578789916842,4.508226917894289e-07,1.8648558637476027e-06,1.414033171958174e-06
V11-PHASE-IDENTITY-METRIC-CONTROL-TIME-1800,ordered_outgoing_channels,bottom,-1,0,s,-1.25,-0.0006373857631290998,-0.00024351439895844718,-0.0011348134234953988,-0.0008861976207941805,0.0008126967459801033,0.9130801710515086,0.08254578789916842,2.255874210406693e-05,0.00010045454435778903,7.78958022537221e-05
V11-PHASE-IDENTITY-METRIC-CONTROL-TIME-1800,ordered_outgoing_channels,bottom,-1,0,p,-1.25,1.2459660103221994e-05,-1.896917270777809e-05,-4.465027736885759e-16,-2.0865938982257457e-16,2.269521189829576e-05,0.9130801710515086,0.08254578789916842,2.4957887440617395e-08,1.1769907587313279e-29,2.4957887440617395e-08
V11-PHASE-IDENTITY-METRIC-CONTROL-TIME-1800,ordered_outgoing_channels,bottom,-1,1,s,-1.25,-4.056306781602717e-05,-3.7737265727177514e-05,-0.00033718347041209904,-1.6668060241286416e-05,0.0002973677431330817,0.9130801710515086,0.08254578789916842,9.295741128445265e-08,3.4515489579099395e-06,3.3585915466254868e-06
V11-PHASE-IDENTITY-METRIC-CONTROL-TIME-1800,ordered_outgoing_channels,bottom,-1,1,p,-1.25,-3.6784832633669124e-05,9.997392022158855e-06,-0.000247999236616804,-8.609260275602887e-06,0.00021203238422392158,0.9130801710515086,0.08254578789916842,4.400566436090079e-08,1.8648558637369045e-06,1.8208501993760037e-06
V11-PHASE-IDENTITY-METRIC-CONTROL-TIME-1800,ordered_outgoing_channels,bottom,0,0,s,-1.25,0.08936992264751004,-0.15834295647670063,0.07718950242782177,-0.12447475436113979,0.03599191230358107,0.9130801710515086,0.08254578789916842,0.04982608965672665,0.032331984498269135,0.017494105158457514
V11-PHASE-IDENTITY-METRIC-CONTROL-TIME-1800,ordered_outgoing_channels,bottom,0,0,p,-1.25,0.0005981333565843929,-7.294167454571156e-06,2.4167599005431038e-15,5.725178855579965e-15,0.0005981778306949867,0.9130801710515086,0.08254578789916842,5.39288898606071e-07,5.820430999983165e-29,5.39288898606071e-07
V11-PHASE-IDENTITY-METRIC-CONTROL-TIME-1800,ordered_boundary_outgoing_channels,top,-3,-1,s,8.75,4.358975835442087e-06,-1.1766909278068569e-05,-7.855082196187339e-05,7.345092919286605e-05,0.00011889539336933977,0.9095181214967073,0.07995749422635383,4.986019967316788e-09,3.662159813318062e-07,3.612299613644894e-07
V11-PHASE-IDENTITY-METRIC-CONTROL-TIME-1800,ordered_boundary_outgoing_channels,top,-3,-1,p,8.75,-9.15697840783654e-06,2.4246911388396983e-05,5.531274235513715e-05,-5.254893240889601e-05,0.00010026936979852833,0.9095181214967073,0.07995749422635383,2.1271472279115667e-08,1.843193233752179e-07,1.6304785109610222e-07
V11-PHASE-IDENTITY-METRIC-CONTROL-TIME-1800,ordered_boundary_outgoing_channels,top,-3,0,s,8.75,4.0481461196414135e-05,1.0773987274113258e-05,0.0002384264874377627,-0.00046734237743567054,0.000517472213376706,0.9095181214967073,0.07995749422635383,8.706941720443066e-08,1.365740342110789e-05,1.3570334003903459e-05
V11-PHASE-IDENTITY-METRIC-CONTROL-TIME-1800,ordered_boundary_outgoing_channels,top,-3,0,p,8.75,2.2852743623738925e-07,5.257303610074704e-07,-8.953304260694988e-16,-3.7721080122444466e-15,5.732514334685242e-07,0.9095181214967073,0.07995749422635383,1.6305026099553744e-11,7.457653301374714e-28,1.6305026099553744e-11
V11-PHASE-IDENTITY-METRIC-CONTROL-TIME-1800,ordered_boundary_outgoing_channels,top,-3,1,s,8.75,1.0744816303378153e-06,-8.578555110777967e-06,-7.855082196233748e-05,7.345092919581435e-05,0.00011431983759536743,0.9095181214967073,0.07995749422635383,2.366846746215098e-09,3.6621598134782935e-07,3.6384913460161426e-07
V11-PHASE-IDENTITY-METRIC-CONTROL-TIME-1800,ordered_boundary_outgoing_channels,top,-3,1,p,8.75,1.259717277154565e-05,1.3230008741734449e-05,-5.5312742353573465e-05,5.2548932408382856e-05,7.84712325034124e-05,0.9095181214967073,0.07995749422635383,1.0567352420631378e-08,1.843193233680326e-07,1.7375197094740122e-07
V11-PHASE-IDENTITY-METRIC-CONTROL-TIME-1800,ordered_boundary_outgoing_channels,top,-2,-1,s,8.75,-1.3090065322812944e-08,5.286564397905474e-06,-1.6954805776036832e-06,1.8854459868824524e-06,3.7944754949284426e-06,0.9095181214967073,0.07995749422635383,1.193598148477274e-09,2.745931746845648e-10,9.190049737927092e-10
V11-PHASE-IDENTITY-METRIC-CONTROL-TIME-1800,ordered_boundary_outgoing_channels,top,-2,-1,p,8.75,1.1242972521561102e-05,-2.9813211179555997e-05,0.00017343931198744156,-5.9854094867379096e-05,0.00016495486421708348,0.9095181214967073,0.07995749422635383,4.3358446636255204e-08,1.437706929814518e-06,1.3943484831782627e-06
V11-PHASE-IDENTITY-METRIC-CONTROL-TIME-1800,ordered_boundary_outgoing_channels,top,-2,0,s,8.75,-9.523638025387138e-05,-4.2452646761750214e-05,-5.6207409492762594e-05,-0.00016425931836508344,0.00012790670743066508,0.9095181214967073,0.07995749422635383,6.229625269104377e-07,1.7270051732052553e-06,1.1040426462948177e-06
V11-PHASE-IDENTITY-METRIC-CONTROL-TIME-1800,ordered_boundary_outgoing_channels,top,-2,0,p,8.75,3.977158257225609e-07,-1.4665810086039775e-06,1.1404235867852477e-15,1.7310012154075433e-16,1.5195518195930798e-06,0.9095181214967073,0.07995749422635383,1.323048322501913e-10,7.623760074136061e-29,1.323048322501913e-10
V11-PHASE-IDENTITY-METRIC-CONTROL-TIME-1800,ordered_boundary_outgoing_channels,top,-2,1,s,8.75,7.042036548812586e-06,2.076535850038895e-05,-1.6954805762582626e-06,1.885445986237883e-06,2.0803732887462876e-05,0.9095181214967073,0.07995749422635383,2.0533557588253488e-08,2.745931743859139e-10,2.0258964413867575e-08
V11-PHASE-IDENTITY-METRIC-CONTROL-TIME-1800,ordered_boundary_outgoing_channels,top,-2,1,p,8.75,-1.8883395866620017e-05,-8.936090698387466e-06,-0.00017343931198806085,5.9854094869309646e-05,0.0001691733455322559,0.9095181214967073,0.07995749422635383,1.8639288970497632e-08,1.4377069298335635e-06,1.4190676408630658e-06
V11-PHASE-IDENTITY-METRIC-CONTROL-TIME-1800,ordered_boundary_outgoing_channels,top,-1,-1,s,8.75,-1.2073065225651385e-05,-1.190617218165708e-05,-0.00022030138827274493,-0.0002384248695454775,0.0003076845052556381,0.9095181214967073,0.07995749422635383,9.108770163408662e-09,3.3385088803210597e-06,3.329400110157651e-06
V11-PHASE-IDENTITY-METRIC-CONTROL-TIME-1800,ordered_boundary_outgoing_channels,top,-1,-1,p,8.75,-8.693370489699883e-06,6.46303235217191e-05,-0.00016206524324860404,-0.0001760155998907599,0.0002853653654678826,0.9095181214967073,0.07995749422635383,1.3472802921836394e-07,1.8136268113864188e-06,1.6788987821680549e-06
V11-PHASE-IDENTITY-METRIC-CONTROL-TIME-1800,ordered_boundary_outgoing_channels,top,-1,0,s,8.75,-0.0004746382803629816,-0.0004124357332429771,0.0011543275989399616,-0.0012201900152203147,0.0018182400325550902,0.9095181214967073,0.07995749422635383,1.9621820243307914e-05,0.00014001487940183894,0.00012039305915853102
V11-PHASE-IDENTITY-METRIC-CONTROL-TIME-1800,ordered_boundary_outgoing_channels,top,-1,0,p,8.75,8.90440910258884e-06,-1.0827602154822047e-05,-1.2513260214317444e-15,1.783924663825131e-15,1.4018754222479612e-05,0.9095181214967073,0.07995749422635383,9.753000403661495e-09,2.3563986760300565e-28,9.753000403661495e-09
V11-PHASE-IDENTITY-METRIC-CONTROL-TIME-1800,ordered_boundary_outgoing_channels,top,-1,1,s,8.75,-5.7530899222303525e-05,-0.00011708153010909198,-0.00022030138827282503,-0.00023842486954857905,0.00020302324529982403,0.9095181214967073,0.07995749422635383,5.391426090342114e-07,3.338508880369034e-06,2.7993662713348228e-06
V11-PHASE-IDENTITY-METRIC-CONTROL-TIME-1800,ordered_boundary_outgoing_channels,top,-1,1,p,8.75,3.703108236874978e-05,5.9959418918340975e-05,0.00016206524324998136,0.0001760155998905761,0.0001705947787276442,0.9095181214967073,0.07995749422635383,1.573412321854035e-07,1.8136268113985115e-06,1.656285579213108e-06
V11-PHASE-IDENTITY-METRIC-CONTROL-TIME-1800,ordered_boundary_outgoing_channels,top,0,0,s,8.75,-0.8496185478634276,-0.2691194498178823,-0.8767420008873494,-0.208758909616445,0.06617459117629831,0.9095181214967073,0.07995749422635383,0.7942769551436636,0.812256818464021,0.017979863320357392
V11-PHASE-IDENTITY-METRIC-CONTROL-TIME-1800,ordered_boundary_outgoing_channels,top,0,0,p,8.75,0.0007013027738171655,-8.384327090509736e-05,1.109046864019619e-13,1.6235607409513206e-14,0.0007062968741873936,0.9095181214967073,0.07995749422635383,4.98855274639606e-07,1.2563444413870592e-26,4.98855274639606e-07
V11-PHASE-IDENTITY-METRIC-CONTROL-TIME-1800,ordered_boundary_outgoing_channels,bottom,-3,-1,s,-1.25,-2.2294734898013676e-06,-1.63676328764161e-05,-8.648303367237041e-05,6.939127777564956e-05,0.00012022168340056948,0.9095181214967073,0.07995749422635383,8.469278609462133e-09,3.815929255738811e-07,3.73123646964419e-07
V11-PHASE-IDENTITY-METRIC-CONTROL-TIME-1800,ordered_boundary_outgoing_channels,bottom,-3,-1,p,-1.25,-9.8381787452638e-06,-1.6120401489043398e-05,-5.9889780695573525e-05,5.0452604324837186e-05,8.32894228632137e-05,0.9095181214967073,0.07995749422635383,1.106984592163875e-08,1.903314808729246e-07,1.7926163495128584e-07
V11-PHASE-IDENTITY-METRIC-CONTROL-TIME-1800,ordered_boundary_outgoing_channels,bottom,-3,0,s,-1.25,-3.5762211798564676e-05,2.8258468570214987e-05,6.074845422874771e-05,-0.0005144750722767751,0.0005512476802829621,0.9095181214967073,0.07995749422635383,1.0224882139072766e-07,1.3208823483228831e-05,1.3106574661838104e-05
V11-PHASE-IDENTITY-METRIC-CONTROL-TIME-1800,ordered_boundary_outgoing_channels,bottom,-3,0,p,-1.25,-2.4889058101139515e-06,-9.361620595335603e-06,-2.5346697492730613e-16,-7.791468315616378e-17,9.686825708141453e-06,0.9095181214967073,0.07995749422635383,4.6183313768328574e-09,3.46080831114775e-30,4.6183313768328574e-09
V11-PHASE-IDENTITY-METRIC-CONTROL-TIME-1800,ordered_boundary_outgoing_channels,bottom,-3,1,s,-1.25,-3.7737183750560086e-06,5.4030887804027095e-06,-8.648303367501951e-05,6.939127777451605e-05,0.00010457207642643013,0.9095181214967073,0.07995749422635383,1.3481049702894774e-09,3.8159292558322023e-07,3.8024482061293076e-07
V11-PHASE-IDENTITY-METRIC-CONTROL-TIME-1800,ordered_boundary_outgoing_channels,bottom,-3,1,p,-1.25,1.3582823579495537e-05,-2.1809036595075915e-05,5.9889780696845165e-05,-5.0452604326898695e-05,5.4449869144705723e-05,0.9095181214967073,0.07995749422635383,2.048888412437023e-08,1.903314808841085e-07,1.6984259675973827e-07
V11-PHASE-IDENTITY-METRIC-CONTROL-TIME-1800,ordered_boundary_outgoing_channels,bottom,-2,-1,s,-1.25,-2.239789915075838e-06,1.4433434049428839e-05,-1.935589521620524e-06,1.6853186586884327e-06,1.2751744347147601e-05,0.9095181214967073,0.07995749422635383,9.01230546805884e-09,2.7825122930511906e-10,8.73405423875372e-09
V11-PHASE-IDENTITY-METRIC-CONTROL-TIME-1800,ordered_boundary_outgoing_channels,bottom,-2,-1,p,-1.25,1.1367226342108921e-05,3.0493971654604867e-05,-0.0001853545253180435,4.1894719858193056e-05,0.00019705183235849472,0.9095181214967073,0.07995749422635383,4.474016897003482e-08,1.5254830024257906e-06,1.4807428334557557e-06
V11-PHASE-IDENTITY-METRIC-CONTROL-TIME-1800,ordered_boundary_outgoing_channels,bottom,-2,0,s,-1.25,5.600020838867602e-05,-9.516133351249742e-05,-1.910128656019509e-05,-0.00018261418318362527,0.00011527460890914443,0.9095181214967073,0.07995749422635383,6.943551838875521e-07,1.9200481909981673e-06,1.2256930071106152e-06
V11-PHASE-IDENTITY-METRIC-CONTROL-TIME-1800,ordered_boundary_outgoing_channels,bottom,-2,0,p,-1.25,3.336947601149542e-06,1.1339603061285784e-05,-3.081108181661143e-16,-1.9107978283180129e-16,1.182039833875024e-05,0.9095181214967073,0.07995749422635383,7.957589678670508e-09,7.486128714139298e-30,7.957589678670508e-09
V11-PHASE-IDENTITY-METRIC-CONTROL-TIME-1800,ordered_boundary_outgoing_channels,bottom,-2,1,s,-1.25,-2.846535852027411e-06,7.226648597990654e-06,-1.9355895217042767e-06,1.6853186594882002e-06,5.615706607727365e-06,0.9095181214967073,0.07995749422635383,2.548446495517825e-09,2.7825122943269296e-10,2.270195266085132e-09
V11-PHASE-IDENTITY-METRIC-CONTROL-TIME-1800,ordered_boundary_outgoing_channels,bottom,-2,1,p,-1.25,-1.3948606498938254e-05,2.639394310547039e-05,0.00018535452531684516,-4.189471985896257e-05,0.00021067766811185627,0.9095181214967073,0.07995749422635383,3.764777296399125e-08,1.5254830024097482e-06,1.487835229445757e-06
V11-PHASE-IDENTITY-METRIC-CONTROL-TIME-1800,ordered_boundary_outgoing_channels,bottom,-1,-1,s,-1.25,2.595385317560692e-05,-1.31094917137743e-05,-0.00020705147255067278,-0.00026129824663100645,0.00034042494016181546,0.9095181214967073,0.07995749422635383,2.6254857980968967e-08,3.4515489579344382e-06,3.4252940999534693e-06
V11-PHASE-IDENTITY-METRIC-CONTROL-TIME-1800,ordered_boundary_outgoing_channels,bottom,-1,-1,p,-1.25,-3.138708104187335e-05,-0.00011632834344855836,0.00015499807170421564,0.00018981004150854804,0.00035841335899813837,0.9095181214967073,0.07995749422635383,4.508226917894289e-07,1.8648558637476027e-06,1.414033171958174e-06
V11-PHASE-IDENTITY-METRIC-CONTROL-TIME-1800,ordered_boundary_outgoing_channels,bottom,-1,0,s,-1.25,9.693280907044585e-05,-0.0006699662122773132,0.0006107069086373302,-0.0012913701554319347,0.0008062919359350402,0.9095181214967073,0.07995749422635383,2.255874210406693e-05,0.00010045454435778903,7.78958022537221e-05
V11-PHASE-IDENTITY-METRIC-CONTROL-TIME-1800,ordered_boundary_outgoing_channels,bottom,-1,0,p,-1.25,2.1073664046156536e-05,7.93012040786662e-06,1.0475495179447351e-16,-4.776152653530708e-16,2.2516352413672452e-05,0.9095181214967073,0.07995749422635383,2.4957887440617395e-08,1.1769907587313279e-29,2.4957887440617395e-08
V11-PHASE-IDENTITY-METRIC-CONTROL-TIME-1800,ordered_boundary_outgoing_channels,bottom,-1,1,s,-1.25,1.6326382180195497e-06,-5.468781677439128e-05,-0.00020705147254900414,-0.0002612982466308191,0.0002936612466977577,0.9095181214967073,0.07995749422635383,9.295741128445265e-08,3.4515489579099395e-06,3.3585915466254868e-06
V11-PHASE-IDENTITY-METRIC-CONTROL-TIME-1800,ordered_boundary_outgoing_channels,bottom,-1,1,p,-1.25,-3.136461263032779e-05,-2.0816709278787476e-05,-0.0001549980717030024,-0.00018981004150863128,0.00020938953780077235,0.9095181214967073,0.07995749422635383,4.400566436090079e-08,1.8648558637369045e-06,1.8208501993760037e-06
V11-PHASE-IDENTITY-METRIC-CONTROL-TIME-1800,ordered_boundary_outgoing_channels,bottom,0,0,s,-1.25,0.08233032266979588,-0.127578631591734,0.07050175899447489,-0.09994772920440079,0.030056308578390978,0.9095181214967073,0.07995749422635383,0.04982608965672665,0.032331984498269135,0.017494105158457514
V11-PHASE-IDENTITY-METRIC-CONTROL-TIME-1800,ordered_boundary_outgoing_channels,bottom,0,0,p,-1.25,0.0004989764821179483,2.3496105022175296e-05,1.7315585978917311e-15,4.892126973773713e-15,0.0004995293751683261,0.9095181214967073,0.07995749422635383,5.39288898606071e-07,5.820430999983165e-29,5.39288898606071e-07
V11-PHASE-IDENTITY-METRIC-CONTROL-TIME-1800,ordered_scattered_channels,top,-3,-1,s,8.75,6.680787967565781e-06,-1.0622047656865465e-05,-9.195140170810291e-05,5.5769259938579254e-05,0.00011889539336933977,0.2468359522790033,0.3053482340747555,4.986019967316788e-09,3.662159813318062e-07,3.612299613644894e-07
V11-PHASE-IDENTITY-METRIC-CONTROL-TIME-1800,ordered_scattered_channels,top,-3,-1,p,8.75,-1.3937586921583561e-05,2.185192522964298e-05,6.49187356517443e-05,-4.008051303985588e-05,0.00010026936979852833,0.2468359522790033,0.3053482340747555,2.1271472279115667e-08,1.843193233752179e-07,1.6304785109610222e-07
V11-PHASE-IDENTITY-METRIC-CONTROL-TIME-1800,ordered_scattered_channels,top,-3,0,s,8.75,-4.133257252312607e-05,-6.8151266321037076e-06,-0.00019219020094724982,0.00048817928501638765,0.000517472213376706,0.2468359522790033,0.3053482340747555,8.706941720443066e-08,1.365740342110789e-05,1.3570334003903459e-05
V11-PHASE-IDENTITY-METRIC-CONTROL-TIME-1800,ordered_scattered_channels,top,-3,0,p,8.75,-2.7821955003724125e-07,-5.01209620393857e-07,1.2553482268998042e-15,3.668039838538298e-15,5.732514334685242e-07,0.2468359522790033,0.3053482340747555,1.6305026099553744e-11,7.457653301374714e-28,1.6305026099553744e-11
V11-PHASE-IDENTITY-METRIC-CONTROL-TIME-1800,ordered_scattered_channels,top,-3,1,s,8.75,2.811937070491737e-06,-8.175520073621652e-06,-9.195140170914724e-05,5.5769259941376876e-05,0.00011431983759536743,0.2468359522790033,0.3053482340747555,2.366846746215098e-09,3.6621598134782935e-07,3.6384913460161426e-07
V11-PHASE-IDENTITY-METRIC-CONTROL-TIME-1800,ordered_scattered_channels,top,-3,1,p,8.75,9.614306339607254e-06,1.5533415810807568e-05,-6.491873565010715e-05,4.00805130396873e-05,7.847123250341238e-05,0.2468359522790033,0.3053482340747555,1.0567352420631378e-08,1.843193233680326e-07,1.7375197094740122e-07
V11-PHASE-IDENTITY-METRIC-CONTROL-TIME-1800,ordered_scattered_channels,top,-2,-1,s,8.75,4.98542895252464e-06,-1.758815693113088e-06,2.3445165024338254e-06,9.658174404606376e-07,3.7944754949284426e-06,0.2468359522790033,0.3053482340747555,1.193598148477274e-09,2.745931746845648e-10,9.190049737927092e-10
V11-PHASE-IDENTITY-METRIC-CONTROL-TIME-1800,ordered_scattered_channels,top,-2,-1,p,8.75,-3.185696206461758e-05,-6.04946252742851e-07,-0.00011450210530949539,-0.00014336308972242402,0.00016495486421708346,0.2468359522790033,0.3053482340747555,4.3358446636255204e-08,1.437706929814518e-06,1.3943484831782627e-06
V11-PHASE-IDENTITY-METRIC-CONTROL-TIME-1800,ordered_scattered_channels,top,-2,0,s,8.75,4.245265890727009e-05,-9.52363748400028e-05,0.0001642593255332033,-5.620738854478225e-05,0.00012790670743066505,0.2468359522790033,0.3053482340747555,6.229625269104377e-07,1.7270051732052553e-06,1.1040426462948177e-06
V11-PHASE-IDENTITY-METRIC-CONTROL-TIME-1800,ordered_scattered_channels,top,-2,0,p,8.75,1.4665809578829161e-06,3.9771601275692503e-07,-1.731002669799771e-16,1.1404235647096274e-15,1.51955181959308e-06,0.2468359522790033,0.3053482340747555,1.323048322501913e-10,7.623760074136061e-29,1.323048322501913e-10
V11-PHASE-IDENTITY-METRIC-CONTROL-TIME-1800,ordered_scattered_channels,top,-2,1,s,8.75,1.7206005155032838e-05,-1.359204837430588e-05,2.344516501375749e-06,9.658174394089149e-07,2.0803732887462873e-05,0.2468359522790033,0.3053482340747555,2.0533557588253488e-08,2.745931743859139e-10,2.0258964413867575e-08
V11-PHASE-IDENTITY-METRIC-CONTROL-TIME-1800,ordered_scattered_channels,top,-2,1,p,8.75,-2.093182314254844e-06,2.0785931401429404e-05,0.00011450210531154583,0.0001433630897223534,0.00016917334553225594,0.2468359522790033,0.3053482340747555,1.8639288970497632e-08,1.4377069298335635e-06,1.4190676408630658e-06
V11-PHASE-IDENTITY-METRIC-CONTROL-TIME-1800,ordered_scattered_channels,top,-1,-1,s,8.75,-9.415769084776523e-06,-1.4101742179714932e-05,-0.00016753172947578341,-0.00027805078620911914,0.0003076845052556382,0.2468359522790033,0.3053482340747555,9.108770163408662e-09,3.3385088803210597e-06,3.329400110157651e-06
V11-PHASE-IDENTITY-METRIC-CONTROL-TIME-1800,ordered_scattered_channels,top,-1,-1,p,8.75,-2.1584191705520502e-05,6.153678637543962e-05,-0.00012312018254764134,-0.00020515373533901306,0.00028536536546788256,0.2468359522790033,0.3053482340747555,1.3472802921836394e-07,1.8136268113864188e-06,1.6788987821680549e-06
V11-PHASE-IDENTITY-METRIC-CONTROL-TIME-1800,ordered_scattered_channels,top,-1,0,s,8.75,0.0005129461129325556,0.0003636908253850785,-0.0010285581087378939,0.0013279322632823076,0.0018182400325550897,0.2468359522790033,0.3053482340747555,1.9621820243307914e-05,0.00014001487940183894,0.00012039305915853102
V11-PHASE-IDENTITY-METRIC-CONTROL-TIME-1800,ordered_scattered_channels,top,-1,0,p,8.75,-7.794875197771001e-06,1.1651840650324245e-05,1.0695710033665002e-15,-1.898478834981676e-15,1.401875422247961e-05,0.2468359522790033,0.3053482340747555,9.753000403661495e-09,2.3563986760300565e-28,9.753000403661495e-09
V11-PHASE-IDENTITY-METRIC-CONTROL-TIME-1800,ordered_scattered_channels,top,-1,1,s,8.75,-3.266428224702282e-05,-0.00012629700599497759,-0.00016753172947527734,-0.00027805078621216526,0.00020302324529982403,0.2468359522790033,0.3053482340747555,5.391426090342114e-07,3.338508880369034e-06,2.7993662713348228e-06
V11-PHASE-IDENTITY-METRIC-CONTROL-TIME-1800,ordered_scattered_channels,top,-1,1,p,8.75,2.4140082889597647e-05,6.620943570599911e-05,0.00012312018254903858,0.0002051537353391292,0.00017059477872764423,0.2468359522790033,0.3053482340747555,1.573412321854035e-07,1.8136268113985115e-06,1.656285579213108e-06
V11-PHASE-IDENTITY-METRIC-CONTROL-TIME-1800,ordered_scattered_channels,top,0,0,s,8.75,-0.004159986148693758,0.14484592074400104,-0.01927337511042978,0.20927155222279603,0.06617459117629836,0.2468359522790033,0.3053482340747555,0.7942769551436636,0.812256818464021,0.017979863320357392
V11-PHASE-IDENTITY-METRIC-CONTROL-TIME-1800,ordered_scattered_channels,top,0,0,p,8.75,0.0006724386130390461,-0.00021605921950486952,1.1185579377514874e-13,-3.735624544869974e-15,0.0007062968741873935,0.2468359522790033,0.3053482340747555,4.98855274639606e-07,1.2563444413870592e-26,4.98855274639606e-07
V11-PHASE-IDENTITY-METRIC-CONTROL-TIME-1800,ordered_scattered_channels,bottom,-3,-1,s,-1.25,-1.3950048238432402e-05,-9.230459082601263e-06,-4.909306826320045e-06,0.00011217325597253238,0.00012173987446382868,0.2468359522790033,0.3053482340747555,8.469278609462133e-09,3.815929255738811e-07,3.73123646964419e-07
V11-PHASE-IDENTITY-METRIC-CONTROL-TIME-1800,ordered_scattered_channels,bottom,-3,-1,p,-1.25,-1.8841781261816486e-05,-3.272488483408469e-06,-1.5732873804033325e-06,7.928198517251764e-05,8.43412236189362e-05,0.2468359522790033,0.3053482340747555,1.106984592163875e-08,1.903314808729246e-07,1.7926163495128584e-07
V11-PHASE-IDENTITY-METRIC-CONTROL-TIME-1800,ordered_scattered_channels,bottom,-3,0,s,-1.25,1.9866691130083125e-05,4.142383894966553e-05,-0.0004924362020247152,-0.0001736752134377082,0.0005556274441320576,0.2468359522790033,0.3053482340747555,1.0224882139072766e-07,1.3208823483228831e-05,1.3106574661838104e-05
V11-PHASE-IDENTITY-METRIC-CONTROL-TIME-1800,ordered_scattered_channels,bottom,-3,0,p,-1.25,-9.756621313079845e-06,3.7406191854134397e-07,-1.3274970028758873e-16,2.3198170478591657e-16,9.763789313733822e-06,0.2468359522790033,0.3053482340747555,4.6183313768328574e-09,3.46080831114775e-30,4.6183313768328574e-09
V11-PHASE-IDENTITY-METRIC-CONTROL-TIME-1800,ordered_scattered_channels,bottom,-3,1,s,-1.25,1.5941261314154213e-06,6.4805097980712204e-06,-4.9093068289528565e-06,0.00011217325597378981,0.00010589264013346197,0.2468359522790033,0.3053482340747555,1.3481049702894774e-09,3.8159292558322023e-07,3.8024482061293076e-07
V11-PHASE-IDENTITY-METRIC-CONTROL-TIME-1800,ordered_scattered_channels,bottom,-3,1,p,-1.25,-7.535770793043409e-06,-2.4902150992495782e-05,1.5732873796878703e-06,-7.928198517485518e-05,5.513747642479755e-05,0.2468359522790033,0.3053482340747555,2.048888412437023e-08,1.903314808841085e-07,1.6984259675973827e-07
V11-PHASE-IDENTITY-METRIC-CONTROL-TIME-1800,ordered_scattered_channels,bottom,-2,-1,s,-1.25,1.2437273083782932e-05,7.91362974881816e-06,7.745485652971132e-07,2.471734525870588e-06,1.2869862734762555e-05,0.2468359522790033,0.3053482340747555,9.01230546805884e-09,2.7825122930511906e-10,8.73405423875372e-09
V11-PHASE-IDENTITY-METRIC-CONTROL-TIME-1800,ordered_scattered_channels,bottom,-2,-1,p,-1.25,3.27938933041219e-05,1.8352715946933656e-06,-3.630225008417886e-05,0.00018832341315366003,0.00019887710771542764,0.2468359522790033,0.3053482340747555,4.474016897003482e-08,1.5254830024257906e-06,1.4807428334557557e-06
V11-PHASE-IDENTITY-METRIC-CONTROL-TIME-1800,ordered_scattered_channels,bottom,-2,0,s,-1.25,-9.527587657860132e-05,-5.7289724319409626e-05,-0.00018404130862069833,1.7489532595272983e-05,0.00011606566757802348,0.2468359522790033,0.3053482340747555,6.943551838875521e-07,1.9200481909981673e-06,1.2256930071106152e-06
V11-PHASE-IDENTITY-METRIC-CONTROL-TIME-1800,ordered_scattered_channels,bottom,-2,0,p,-1.25,1.1448738770233102e-05,-3.2515268546882104e-06,-1.953215047833636e-16,3.0838854490696276e-16,1.190151445498744e-05,0.2468359522790033,0.3053482340747555,7.957589678670508e-09,7.486128714139298e-30,7.957589678670508e-09
V11-PHASE-IDENTITY-METRIC-CONTROL-TIME-1800,ordered_scattered_channels,bottom,-2,1,s,-1.25,5.528844545286751e-06,5.557147005661913e-06,7.745485660026087e-07,2.4717345262717774e-06,5.667724448719586e-06,0.2468359522790033,0.3053482340747555,2.548446495517825e-09,2.7825122943269296e-10,2.270195266085132e-09
V11-PHASE-IDENTITY-METRIC-CONTROL-TIME-1800,ordered_scattered_channels,bottom,-2,1,p,-1.25,1.8755056160590246e-05,2.3580468425117235e-05,3.630225008296777e-05,-0.00018832341315285628,0.00021262915849516346,0.2468359522790033,0.3053482340747555,3.764777296399125e-08,1.5254830024097482e-06,1.487835229445757e-06
V11-PHASE-IDENTITY-METRIC-CONTROL-TIME-1800,ordered_scattered_channels,bottom,-1,-1,s,-1.25,7.334549578734762e-06,-2.851565552868263e-05,-0.00033718347041335536,-1.666806024013619e-05,0.00034472167267723594,0.2468359522790033,0.3053482340747555,2.6254857980968967e-08,3.4515489579344382e-06,3.4252940999534693e-06
V11-PHASE-IDENTITY-METRIC-CONTROL-TIME-1800,ordered_scattered_channels,bottom,-1,-1,p,-1.25,-0.00010954551044297021,-5.3721455669565566e-05,0.00024799923661753275,8.609260274615205e-06,0.0003629371354665615,0.2468359522790033,0.3053482340747555,4.508226917894289e-07,1.8648558637476027e-06,1.414033171958174e-06
V11-PHASE-IDENTITY-METRIC-CONTROL-TIME-1800,ordered_scattered_channels,bottom,-1,0,s,-1.25,-0.0006373857631291141,-0.00024351439895843667,-0.0011348134234954131,-0.00088619762079417,0.0008126967459801033,0.2468359522790033,0.3053482340747555,2.255874210406693e-05,0.00010045454435778903,7.78958022537221e-05
V11-PHASE-IDENTITY-METRIC-CONTROL-TIME-1800,ordered_scattered_channels,bottom,-1,0,p,-1.25,1.2459660103221994e-05,-1.896917270777809e-05,-4.465027736885759e-16,-2.0865938982257457e-16,2.269521189829576e-05,0.2468359522790033,0.3053482340747555,2.4957887440617395e-08,1.1769907587313279e-29,2.4957887440617395e-08
V11-PHASE-IDENTITY-METRIC-CONTROL-TIME-1800,ordered_scattered_channels,bottom,-1,1,s,-1.25,-4.0563067816025586e-05,-3.7737265727179526e-05,-0.00033718347041209747,-1.666806024128843e-05,0.0002973677431330817,0.2468359522790033,0.3053482340747555,9.295741128445265e-08,3.4515489579099395e-06,3.3585915466254868e-06
V11-PHASE-IDENTITY-METRIC-CONTROL-TIME-1800,ordered_scattered_channels,bottom,-1,1,p,-1.25,-3.678483263366289e-05,9.997392022163098e-06,-0.00024799923661679776,-8.609260275598644e-06,0.00021203238422392158,0.2468359522790033,0.3053482340747555,4.400566436090079e-08,1.8648558637369045e-06,1.8208501993760037e-06
V11-PHASE-IDENTITY-METRIC-CONTROL-TIME-1800,ordered_scattered_channels,bottom,0,0,s,-1.25,-0.029427125367293423,0.0887056832960246,-0.041607545586981674,0.12257388541158544,0.035991912303581064,0.2468359522790033,0.3053482340747555,0.04982608965672665,0.032331984498269135,0.017494105158457514
V11-PHASE-IDENTITY-METRIC-CONTROL-TIME-1800,ordered_scattered_channels,bottom,0,0,p,-1.25,0.000598133356584642,-7.294167454329544e-06,2.6658179463359154e-15,5.966790876859179e-15,0.0005981778306949867,0.2468359522790033,0.3053482340747555,5.39288898606071e-07,5.820430999983165e-29,5.39288898606071e-07
V11-PHASE-BLOCK-METRIC-TIME-1800,ordered_total_channels,top,-3,-1,s,8.75,6.474061184327325e-06,-6.97253080515185e-06,-9.195140170809825e-05,5.576925993858354e-05,0.00011672233741370554,0.4382342339399896,0.09344965123968108,2.8666346994083544e-09,3.662159813318062e-07,3.6334934663239786e-07
V11-PHASE-BLOCK-METRIC-TIME-1800,ordered_total_channels,top,-3,-1,p,8.75,-1.6771158463470108e-05,1.1791551786305322e-05,6.491873565175626e-05,-4.0080513039853855e-05,9.676750441075845e-05,0.4382342339399896,0.09344965123968108,1.3309255024636725e-08,1.843193233752179e-07,1.7101006835058117e-07
V11-PHASE-BLOCK-METRIC-TIME-1800,ordered_total_channels,top,-3,0,s,8.75,-4.259191386304068e-05,-2.2594923796414037e-05,-0.0001921902009470994,0.00048817928501632254,0.0005322310963169678,0.4382342339399896,0.09344965123968108,1.1533994974622404e-07,1.365740342110789e-05,1.3542063471361666e-05
V11-PHASE-BLOCK-METRIC-TIME-1800,ordered_total_channels,top,-3,0,p,8.75,-2.0464783085850066e-06,-3.7481295856189535e-06,1.2553482268998042e-15,3.668039838538298e-15,4.270427249203025e-06,0.4382342339399896,0.09344965123968108,9.048443101911006e-10,7.457653301374714e-28,9.048443101911006e-10
V11-PHASE-BLOCK-METRIC-TIME-1800,ordered_total_channels,top,-3,1,s,8.75,1.7319737531588867e-06,-1.5810931802813297e-05,-9.195140170915746e-05,5.576925994137385e-05,0.00011789952793861363,0.4382342339399896,0.09344965123968108,8.010816345688359e-09,3.6621598134782935e-07,3.58205165002141e-07
V11-PHASE-BLOCK-METRIC-TIME-1800,ordered_total_channels,top,-3,1,p,8.75,1.1104270052347045e-05,5.714282969811088e-07,-6.491873565012055e-05,4.0080513039672495e-05,8.56765147122745e-05,0.4382342339399896,0.09344965123968108,3.914804530049595e-09,1.843193233680326e-07,1.80404518837983e-07
V11-PHASE-BLOCK-METRIC-TIME-1800,ordered_total_channels,top,-2,-1,s,8.75,5.288445608458337e-06,-4.081631810017681e-06,2.344516502433825e-06,9.65817440460633e-07,5.8432407547055925e-06,0.4382342339399896,0.09344965123968108,1.905942366724533e-09,2.745931746845648e-10,1.631349192039968e-09
V11-PHASE-BLOCK-METRIC-TIME-1800,ordered_total_channels,top,-2,-1,p,8.75,-1.89335751409748e-05,-1.0466573825100212e-05,-0.00011450210530953003,-0.00014336308972240936,0.00016369125784910382,0.4382342339399896,0.09344965123968108,1.9988563651924064e-08,1.437706929814518e-06,1.4177183661625938e-06
V11-PHASE-BLOCK-METRIC-TIME-1800,ordered_total_channels,top,-2,0,s,8.75,9.075461530095678e-05,-0.00010450080340936591,0.00016425932553326252,-5.6207388544626634e-05,8.794996501211955e-05,0.4382342339399896,0.09344965123968108,1.0976605408704558e-06,1.7270051732052553e-06,6.293446323347995e-07
V11-PHASE-BLOCK-METRIC-TIME-1800,ordered_total_channels,top,-2,0,p,8.75,5.327027238954153e-06,-1.1555555562544734e-06,-1.731002669799771e-16,1.1404235647096274e-15,5.450919908843824e-06,0.4382342339399896,0.09344965123968108,1.7024888579295457e-09,7.623760074136061e-29,1.7024888579295457e-09
V11-PHASE-BLOCK-METRIC-TIME-1800,ordered_total_channels,top,-2,1,s,8.75,1.823402554214858e-05,-1.6776141520632713e-05,2.3445165013757525e-06,9.658174394089157e-07,2.3817086414937552e-05,0.4382342339399896,0.09344965123968108,2.6219186924032406e-08,2.745931743859139e-10,2.5944593749646493e-08
V11-PHASE-BLOCK-METRIC-TIME-1800,ordered_total_channels,top,-2,1,p,8.75,1.618875681245364e-05,9.750077542964722e-06,0.0001145021053115565,0.0001433630897223461,0.00016588535654708515,0.4382342339399896,0.09344965123968108,1.5252700516362198e-08,1.4377069298335635e-06,1.4224542293172014e-06
V11-PHASE-BLOCK-METRIC-TIME-1800,ordered_total_channels,top,-1,-1,s,8.75,-1.3457157007610587e-05,-4.4347851134516776e-05,-0.0001675317294758279,-0.0002780507862091289,0.00027992148139032184,0.4382342339399896,0.09344965123968108,6.804516324530685e-08,3.3385088803210597e-06,3.270463717075753e-06
V11-PHASE-BLOCK-METRIC-TIME-1800,ordered_total_channels,top,-1,-1,p,8.75,-1.4366536631893035e-05,1.7404160895966904e-05,-0.00012312018254765662,-0.00020515373533905003,0.00024770824103474606,0.4382342339399896,0.09344965123968108,1.613516877809732e-08,1.8136268113864188e-06,1.7974916426083214e-06
V11-PHASE-BLOCK-METRIC-TIME-1800,ordered_total_channels,top,-1,0,s,8.75,0.0006983803187776018,0.0007009299218195646,-0.0010285581087383054,0.0013279322632824794,0.0018372393063047316,0.4382342339399896,0.09344965123968108,4.85868641219334e-05,0.00014001487940183894,9.142801527990555e-05
V11-PHASE-BLOCK-METRIC-TIME-1800,ordered_total_channels,top,-1,0,p,8.75,-8.11290232987088e-06,9.938825610769202e-06,1.0695710033665002e-15,-1.898478834981676e-15,1.2829631280375835e-05,0.4382342339399896,0.09344965123968108,8.168602234262846e-09,2.3563986760300565e-28,8.168602234262846e-09
V11-PHASE-BLOCK-METRIC-TIME-1800,ordered_total_channels,top,-1,1,s,8.75,-4.220020744085706e-05,-0.0001238021673761914,-0.0001675317294752791,-0.00027805078621218255,0.00019874764609493042,0.4382342339399896,0.09344965123968108,5.419921536601446e-07,3.338508880369034e-06,2.7965167267088892e-06
V11-PHASE-BLOCK-METRIC-TIME-1800,ordered_total_channels,top,-1,1,p,8.75,2.755605120833478e-05,2.5916981949914356e-05,0.00012312018254904267,0.00020515373533914856,0.0002031214340349566,0.4382342339399896,0.09344965123968108,4.533623652964953e-08,1.8136268113985115e-06,1.768290574868862e-06
V11-PHASE-BLOCK-METRIC-TIME-1800,ordered_total_channels,top,0,0,s,8.75,0.04933095701198889,-0.4419892491844918,0.026785429987131376,-0.4121567714282053,0.03739354914832115,0.4382342339399896,0.09344965123968108,0.775302298209018,0.812256818464021,0.03695452025500301
V11-PHASE-BLOCK-METRIC-TIME-1800,ordered_total_channels,top,0,0,p,8.75,0.0009975000770822528,-0.00023690289902158544,1.1196540890151039e-13,-5.214558791588342e-15,0.0010252460129735158,0.4382342339399896,0.09344965123968108,1.0511293873437005e-06,1.2563444413870592e-26,1.0511293873437005e-06
V11-PHASE-BLOCK-METRIC-TIME-1800,ordered_total_channels,bottom,-3,-1,s,-1.25,-8.357169591447224e-06,-5.011869788626229e-06,-4.909306826319978e-06,0.00011217325597253058,0.0001172358369156176,0.4382342339399896,0.09344965123968108,2.874328792798423e-09,3.815929255738811e-07,3.787185967810827e-07
V11-PHASE-BLOCK-METRIC-TIME-1800,ordered_total_channels,bottom,-3,-1,p,-1.25,-6.1366840082542205e-06,1.2004228653802685e-05,-1.5732873803997091e-06,7.928198517251047e-05,6.743234469432041e-05,0.4382342339399896,0.09344965123968108,5.5016108401464346e-09,1.903314808729246e-07,1.8482987003277816e-07
V11-PHASE-BLOCK-METRIC-TIME-1800,ordered_total_channels,bottom,-3,0,s,-1.25,1.640564745052452e-05,4.988092853968111e-05,-0.0004924362020247129,-0.0001736752134376343,0.0005557853689988265,0.4382342339399896,0.09344965123968108,1.335748822817944e-07,1.3208823483228831e-05,1.3075248600947036e-05
V11-PHASE-BLOCK-METRIC-TIME-1800,ordered_total_channels,bottom,-3,0,p,-1.25,-1.4334338705841811e-05,4.7621363814628197e-07,-1.3274970028758873e-16,2.3198170478591657e-16,1.4342246879723012e-05,0.4382342339399896,0.09344965123968108,9.965123383494137e-09,3.46080831114775e-30,9.965123383494137e-09
V11-PHASE-BLOCK-METRIC-TIME-1800,ordered_total_channels,bottom,-3,1,s,-1.25,-3.2711696877345478e-06,2.456665186548965e-06,-4.909306828951654e-06,0.00011217325597379069,0.00010972881931046415,0.4382342339399896,0.09344965123968108,5.065658573714441e-10,3.8159292558322023e-07,3.810863597258488e-07
V11-PHASE-BLOCK-METRIC-TIME-1800,ordered_total_channels,bottom,-3,1,p,-1.25,6.5682021945896994e-06,-2.0714628581970043e-05,1.5732873796791848e-06,-7.9281985174855e-05,5.877996624944895e-05,0.4382342339399896,0.09344965123968108,1.4293899542677017e-08,1.903314808841085e-07,1.7603758134143148e-07
V11-PHASE-BLOCK-METRIC-TIME-1800,ordered_total_channels,bottom,-2,-1,s,-1.25,1.2927521767365455e-05,1.0502254394056238e-05,7.745485652971132e-07,2.4717345258705883e-06,1.4566537234480805e-05,0.4382342339399896,0.09344965123968108,1.1505049604249249e-08,2.7825122930511906e-10,1.1226798374944129e-08
V11-PHASE-BLOCK-METRIC-TIME-1800,ordered_total_channels,bottom,-2,-1,p,-1.25,7.861729220013046e-06,-8.242253366165017e-06,-3.630225008417201e-05,0.0001883234131536643,0.0002014659234768134,0.4382342339399896,0.09344965123968108,5.380623489256388e-09,1.5254830024257906e-06,1.5201023789365343e-06
V11-PHASE-BLOCK-METRIC-TIME-1800,ordered_total_channels,bottom,-2,0,s,-1.25,-0.00010065337920095104,-6.019786222441845e-05,-0.00018404130862068258,1.7489532595230964e-05,0.00011396875925785197,0.4382342339399896,0.09344965123968108,7.727411856992177e-07,1.9200481909981673e-06,1.1473070052989496e-06
V11-PHASE-BLOCK-METRIC-TIME-1800,ordered_total_channels,bottom,-2,0,p,-1.25,1.6377735835089095e-05,-4.652126865003067e-06,-1.953215047833636e-16,3.0838854490696276e-16,1.7025642879530627e-05,0.4382342339399896,0.09344965123968108,1.6284863553118423e-08,7.486128714139298e-30,1.6284863553118423e-08
V11-PHASE-BLOCK-METRIC-TIME-1800,ordered_total_channels,bottom,-2,1,s,-1.25,5.547735529470997e-06,8.670168417661793e-06,7.745485660026084e-07,2.4717345262717786e-06,7.823291921829132e-06,0.4382342339399896,0.09344965123968108,4.39391082812893e-09,2.7825122943269296e-10,4.115659598696237e-09
V11-PHASE-BLOCK-METRIC-TIME-1800,ordered_total_channels,bottom,-2,1,p,-1.25,-2.5506295943950216e-06,2.3079501844298567e-05,3.630225008297548e-05,-0.00018832341315286793,0.0002149435710332445,0.4382342339399896,0.09344965123968108,2.2360350489082765e-08,1.5254830024097482e-06,1.5031226519206655e-06
V11-PHASE-BLOCK-METRIC-TIME-1800,ordered_total_channels,bottom,-1,-1,s,-1.25,-1.4917705661679888e-05,-4.702492667711278e-05,-0.00033718347041335526,-1.6668060240140516e-05,0.00032369238865140825,0.4382342339399896,0.09344965123968108,7.370907819501698e-08,3.4515489579344382e-06,3.3778398797394212e-06
V11-PHASE-BLOCK-METRIC-TIME-1800,ordered_total_channels,bottom,-1,-1,p,-1.25,-5.606481429399457e-05,-3.0454132456417298e-05,0.0002479992366175502,8.609260274623294e-06,0.00030656303708764045,0.4382342339399896,0.09344965123968108,1.23279962362121e-07,1.8648558637476027e-06,1.7415759013854816e-06
V11-PHASE-BLOCK-METRIC-TIME-1800,ordered_total_channels,bottom,-1,0,s,-1.25,-0.0008186394749917923,-0.000154090916182405,-0.0011348134234953988,-0.0008861976207941805,0.0007974623456000131,0.4382342339399896,0.09344965123968108,3.362368924776883e-05,0.00010045454435778903,6.68308551100202e-05
V11-PHASE-BLOCK-METRIC-TIME-1800,ordered_total_channels,bottom,-1,0,p,-1.25,6.558475913690245e-06,-2.434973881861667e-05,-4.465027736885759e-16,-2.0865938982257457e-16,2.5217521425409712e-05,0.4382342339399896,0.09344965123968108,3.0813720204696434e-08,1.1769907587313279e-29,3.0813720204696434e-08
V11-PHASE-BLOCK-METRIC-TIME-1800,ordered_total_channels,bottom,-1,1,s,-1.25,-2.236498835196016e-05,-3.912062108299834e-05,-0.00033718347041209904,-1.6668060241286416e-05,0.00031561811439618094,0.4382342339399896,0.09344965123968108,6.149633855748579e-08,3.4515489579099395e-06,3.3900526193524535e-06
V11-PHASE-BLOCK-METRIC-TIME-1800,ordered_total_channels,bottom,-1,1,p,-1.25,5.639254296791822e-07,3.196122410564313e-05,-0.000247999236616804,-8.609260275602887e-06,0.0002518523570059951,0.4382342339399896,0.09344965123968108,3.0945927850817164e-08,1.8648558637369045e-06,1.8339099358860874e-06
V11-PHASE-BLOCK-METRIC-TIME-1800,ordered_total_channels,bottom,0,0,s,-1.25,0.08895607869168068,-0.13600708349744123,0.07718950242782177,-0.12447475436113979,0.01647564664227765,0.4382342339399896,0.09344965123968108,0.03980590653519165,0.032331984498269135,0.0074739220369225146
V11-PHASE-BLOCK-METRIC-TIME-1800,ordered_total_channels,bottom,0,0,p,-1.25,0.0009613863479173209,-8.40285660885838e-05,2.4167599005431038e-15,5.725178855579965e-15,0.0009650515581444458,0.4382342339399896,0.09344965123968108,1.4036598770342704e-06,5.820430999983165e-29,1.4036598770342704e-06
V11-PHASE-BLOCK-METRIC-TIME-1800,ordered_outgoing_channels,top,-3,-1,s,8.75,6.474061184327325e-06,-6.97253080515185e-06,-9.195140170809825e-05,5.576925993858354e-05,0.00011672233741370554,0.9130801710515086,0.04485130399428045,2.8666346994083544e-09,3.662159813318062e-07,3.6334934663239786e-07
V11-PHASE-BLOCK-METRIC-TIME-1800,ordered_outgoing_channels,top,-3,-1,p,8.75,-1.6771158463470108e-05,1.1791551786305322e-05,6.491873565175626e-05,-4.0080513039853855e-05,9.676750441075845e-05,0.9130801710515086,0.04485130399428045,1.3309255024636725e-08,1.843193233752179e-07,1.7101006835058117e-07
V11-PHASE-BLOCK-METRIC-TIME-1800,ordered_outgoing_channels,top,-3,0,s,8.75,-4.259191386304068e-05,-2.2594923796414037e-05,-0.0001921902009470994,0.00048817928501632254,0.0005322310963169678,0.9130801710515086,0.04485130399428045,1.1533994974622404e-07,1.365740342110789e-05,1.3542063471361666e-05
V11-PHASE-BLOCK-METRIC-TIME-1800,ordered_outgoing_channels,top,-3,0,p,8.75,-2.0464783085850066e-06,-3.7481295856189535e-06,1.2553482268998042e-15,3.668039838538298e-15,4.270427249203025e-06,0.9130801710515086,0.04485130399428045,9.048443101911006e-10,7.457653301374714e-28,9.048443101911006e-10
V11-PHASE-BLOCK-METRIC-TIME-1800,ordered_outgoing_channels,top,-3,1,s,8.75,1.7319737531588867e-06,-1.5810931802813297e-05,-9.195140170915746e-05,5.576925994137385e-05,0.00011789952793861363,0.9130801710515086,0.04485130399428045,8.010816345688359e-09,3.6621598134782935e-07,3.58205165002141e-07
V11-PHASE-BLOCK-METRIC-TIME-1800,ordered_outgoing_channels,top,-3,1,p,8.75,1.1104270052347045e-05,5.714282969811088e-07,-6.491873565012055e-05,4.0080513039672495e-05,8.56765147122745e-05,0.9130801710515086,0.04485130399428045,3.914804530049595e-09,1.843193233680326e-07,1.80404518837983e-07
V11-PHASE-BLOCK-METRIC-TIME-1800,ordered_outgoing_channels,top,-2,-1,s,8.75,5.288445608458337e-06,-4.081631810017681e-06,2.344516502433825e-06,9.65817440460633e-07,5.8432407547055925e-06,0.9130801710515086,0.04485130399428045,1.905942366724533e-09,2.745931746845648e-10,1.631349192039968e-09
V11-PHASE-BLOCK-METRIC-TIME-1800,ordered_outgoing_channels,top,-2,-1,p,8.75,-1.89335751409748e-05,-1.0466573825100212e-05,-0.00011450210530953003,-0.00014336308972240936,0.00016369125784910382,0.9130801710515086,0.04485130399428045,1.9988563651924064e-08,1.437706929814518e-06,1.4177183661625938e-06
V11-PHASE-BLOCK-METRIC-TIME-1800,ordered_outgoing_channels,top,-2,0,s,8.75,9.075461530095678e-05,-0.00010450080340936591,0.00016425932553326252,-5.6207388544626634e-05,8.794996501211955e-05,0.9130801710515086,0.04485130399428045,1.0976605408704558e-06,1.7270051732052553e-06,6.293446323347995e-07
V11-PHASE-BLOCK-METRIC-TIME-1800,ordered_outgoing_channels,top,-2,0,p,8.75,5.327027238954153e-06,-1.1555555562544734e-06,-1.731002669799771e-16,1.1404235647096274e-15,5.450919908843824e-06,0.9130801710515086,0.04485130399428045,1.7024888579295457e-09,7.623760074136061e-29,1.7024888579295457e-09
V11-PHASE-BLOCK-METRIC-TIME-1800,ordered_outgoing_channels,top,-2,1,s,8.75,1.823402554214858e-05,-1.6776141520632713e-05,2.3445165013757525e-06,9.658174394089157e-07,2.3817086414937552e-05,0.9130801710515086,0.04485130399428045,2.6219186924032406e-08,2.745931743859139e-10,2.5944593749646493e-08
V11-PHASE-BLOCK-METRIC-TIME-1800,ordered_outgoing_channels,top,-2,1,p,8.75,1.618875681245364e-05,9.750077542964722e-06,0.0001145021053115565,0.0001433630897223461,0.00016588535654708515,0.9130801710515086,0.04485130399428045,1.5252700516362198e-08,1.4377069298335635e-06,1.4224542293172014e-06
V11-PHASE-BLOCK-METRIC-TIME-1800,ordered_outgoing_channels,top,-1,-1,s,8.75,-1.3457157007610587e-05,-4.4347851134516776e-05,-0.0001675317294758279,-0.0002780507862091289,0.00027992148139032184,0.9130801710515086,0.04485130399428045,6.804516324530685e-08,3.3385088803210597e-06,3.270463717075753e-06
V11-PHASE-BLOCK-METRIC-TIME-1800,ordered_outgoing_channels,top,-1,-1,p,8.75,-1.4366536631893035e-05,1.7404160895966904e-05,-0.00012312018254765662,-0.00020515373533905003,0.00024770824103474606,0.9130801710515086,0.04485130399428045,1.613516877809732e-08,1.8136268113864188e-06,1.7974916426083214e-06
V11-PHASE-BLOCK-METRIC-TIME-1800,ordered_outgoing_channels,top,-1,0,s,8.75,0.0006983803187776018,0.0007009299218195646,-0.0010285581087383054,0.0013279322632824794,0.0018372393063047316,0.9130801710515086,0.04485130399428045,4.85868641219334e-05,0.00014001487940183894,9.142801527990555e-05
V11-PHASE-BLOCK-METRIC-TIME-1800,ordered_outgoing_channels,top,-1,0,p,8.75,-8.11290232987088e-06,9.938825610769202e-06,1.0695710033665002e-15,-1.898478834981676e-15,1.2829631280375835e-05,0.9130801710515086,0.04485130399428045,8.168602234262846e-09,2.3563986760300565e-28,8.168602234262846e-09
V11-PHASE-BLOCK-METRIC-TIME-1800,ordered_outgoing_channels,top,-1,1,s,8.75,-4.220020744085706e-05,-0.0001238021673761914,-0.0001675317294752791,-0.00027805078621218255,0.00019874764609493042,0.9130801710515086,0.04485130399428045,5.419921536601446e-07,3.338508880369034e-06,2.7965167267088892e-06
V11-PHASE-BLOCK-METRIC-TIME-1800,ordered_outgoing_channels,top,-1,1,p,8.75,2.755605120833478e-05,2.5916981949914356e-05,0.00012312018254904267,0.00020515373533914856,0.0002031214340349566,0.9130801710515086,0.04485130399428045,4.533623652964953e-08,1.8136268113985115e-06,1.768290574868862e-06
V11-PHASE-BLOCK-METRIC-TIME-1800,ordered_outgoing_channels,top,0,0,s,8.75,-0.8779180547623918,-0.06754396591411227,-0.9004635817872493,-0.03771148815782577,0.03739354914832112,0.9130801710515086,0.04485130399428045,0.775302298209018,0.812256818464021,0.03695452025500301
V11-PHASE-BLOCK-METRIC-TIME-1800,ordered_outgoing_channels,top,0,0,p,8.75,0.0009975000770822528,-0.00023690289902158544,1.1196540890151039e-13,-5.214558791588342e-15,0.0010252460129735158,0.9130801710515086,0.04485130399428045,1.0511293873437005e-06,1.2563444413870592e-26,1.0511293873437005e-06
V11-PHASE-BLOCK-METRIC-TIME-1800,ordered_outgoing_channels,bottom,-3,-1,s,-1.25,-8.357169591447224e-06,-5.011869788626229e-06,-4.909306826319978e-06,0.00011217325597253058,0.0001172358369156176,0.9130801710515086,0.04485130399428045,2.874328792798423e-09,3.815929255738811e-07,3.787185967810827e-07
V11-PHASE-BLOCK-METRIC-TIME-1800,ordered_outgoing_channels,bottom,-3,-1,p,-1.25,-6.1366840082542205e-06,1.2004228653802685e-05,-1.5732873803997091e-06,7.928198517251047e-05,6.743234469432041e-05,0.9130801710515086,0.04485130399428045,5.5016108401464346e-09,1.903314808729246e-07,1.8482987003277816e-07
V11-PHASE-BLOCK-METRIC-TIME-1800,ordered_outgoing_channels,bottom,-3,0,s,-1.25,1.640564745052452e-05,4.988092853968111e-05,-0.0004924362020247129,-0.0001736752134376343,0.0005557853689988265,0.9130801710515086,0.04485130399428045,1.335748822817944e-07,1.3208823483228831e-05,1.3075248600947036e-05
V11-PHASE-BLOCK-METRIC-TIME-1800,ordered_outgoing_channels,bottom,-3,0,p,-1.25,-1.4334338705841811e-05,4.7621363814628197e-07,-1.3274970028758873e-16,2.3198170478591657e-16,1.4342246879723012e-05,0.9130801710515086,0.04485130399428045,9.965123383494137e-09,3.46080831114775e-30,9.965123383494137e-09
V11-PHASE-BLOCK-METRIC-TIME-1800,ordered_outgoing_channels,bottom,-3,1,s,-1.25,-3.2711696877345478e-06,2.456665186548965e-06,-4.909306828951654e-06,0.00011217325597379069,0.00010972881931046415,0.9130801710515086,0.04485130399428045,5.065658573714441e-10,3.8159292558322023e-07,3.810863597258488e-07
V11-PHASE-BLOCK-METRIC-TIME-1800,ordered_outgoing_channels,bottom,-3,1,p,-1.25,6.5682021945896994e-06,-2.0714628581970043e-05,1.5732873796791848e-06,-7.9281985174855e-05,5.877996624944895e-05,0.9130801710515086,0.04485130399428045,1.4293899542677017e-08,1.903314808841085e-07,1.7603758134143148e-07
V11-PHASE-BLOCK-METRIC-TIME-1800,ordered_outgoing_channels,bottom,-2,-1,s,-1.25,1.2927521767365455e-05,1.0502254394056238e-05,7.745485652971132e-07,2.4717345258705883e-06,1.4566537234480805e-05,0.9130801710515086,0.04485130399428045,1.1505049604249249e-08,2.7825122930511906e-10,1.1226798374944129e-08
V11-PHASE-BLOCK-METRIC-TIME-1800,ordered_outgoing_channels,bottom,-2,-1,p,-1.25,7.861729220013046e-06,-8.242253366165017e-06,-3.630225008417201e-05,0.0001883234131536643,0.0002014659234768134,0.9130801710515086,0.04485130399428045,5.380623489256388e-09,1.5254830024257906e-06,1.5201023789365343e-06
V11-PHASE-BLOCK-METRIC-TIME-1800,ordered_outgoing_channels,bottom,-2,0,s,-1.25,-0.00010065337920095104,-6.019786222441845e-05,-0.00018404130862068258,1.7489532595230964e-05,0.00011396875925785197,0.9130801710515086,0.04485130399428045,7.727411856992177e-07,1.9200481909981673e-06,1.1473070052989496e-06
V11-PHASE-BLOCK-METRIC-TIME-1800,ordered_outgoing_channels,bottom,-2,0,p,-1.25,1.6377735835089095e-05,-4.652126865003067e-06,-1.953215047833636e-16,3.0838854490696276e-16,1.7025642879530627e-05,0.9130801710515086,0.04485130399428045,1.6284863553118423e-08,7.486128714139298e-30,1.6284863553118423e-08
V11-PHASE-BLOCK-METRIC-TIME-1800,ordered_outgoing_channels,bottom,-2,1,s,-1.25,5.547735529470997e-06,8.670168417661793e-06,7.745485660026084e-07,2.4717345262717786e-06,7.823291921829132e-06,0.9130801710515086,0.04485130399428045,4.39391082812893e-09,2.7825122943269296e-10,4.115659598696237e-09
V11-PHASE-BLOCK-METRIC-TIME-1800,ordered_outgoing_channels,bottom,-2,1,p,-1.25,-2.5506295943950216e-06,2.3079501844298567e-05,3.630225008297548e-05,-0.00018832341315286793,0.0002149435710332445,0.9130801710515086,0.04485130399428045,2.2360350489082765e-08,1.5254830024097482e-06,1.5031226519206655e-06
V11-PHASE-BLOCK-METRIC-TIME-1800,ordered_outgoing_channels,bottom,-1,-1,s,-1.25,-1.4917705661679888e-05,-4.702492667711278e-05,-0.00033718347041335526,-1.6668060240140516e-05,0.00032369238865140825,0.9130801710515086,0.04485130399428045,7.370907819501698e-08,3.4515489579344382e-06,3.3778398797394212e-06
V11-PHASE-BLOCK-METRIC-TIME-1800,ordered_outgoing_channels,bottom,-1,-1,p,-1.25,-5.606481429399457e-05,-3.0454132456417298e-05,0.0002479992366175502,8.609260274623294e-06,0.00030656303708764045,0.9130801710515086,0.04485130399428045,1.23279962362121e-07,1.8648558637476027e-06,1.7415759013854816e-06
V11-PHASE-BLOCK-METRIC-TIME-1800,ordered_outgoing_channels,bottom,-1,0,s,-1.25,-0.0008186394749917923,-0.000154090916182405,-0.0011348134234953988,-0.0008861976207941805,0.0007974623456000131,0.9130801710515086,0.04485130399428045,3.362368924776883e-05,0.00010045454435778903,6.68308551100202e-05
V11-PHASE-BLOCK-METRIC-TIME-1800,ordered_outgoing_channels,bottom,-1,0,p,-1.25,6.558475913690245e-06,-2.434973881861667e-05,-4.465027736885759e-16,-2.0865938982257457e-16,2.5217521425409712e-05,0.9130801710515086,0.04485130399428045,3.0813720204696434e-08,1.1769907587313279e-29,3.0813720204696434e-08
V11-PHASE-BLOCK-METRIC-TIME-1800,ordered_outgoing_channels,bottom,-1,1,s,-1.25,-2.236498835196016e-05,-3.912062108299834e-05,-0.00033718347041209904,-1.6668060241286416e-05,0.00031561811439618094,0.9130801710515086,0.04485130399428045,6.149633855748579e-08,3.4515489579099395e-06,3.3900526193524535e-06
V11-PHASE-BLOCK-METRIC-TIME-1800,ordered_outgoing_channels,bottom,-1,1,p,-1.25,5.639254296791822e-07,3.196122410564313e-05,-0.000247999236616804,-8.609260275602887e-06,0.0002518523570059951,0.9130801710515086,0.04485130399428045,3.0945927850817164e-08,1.8648558637369045e-06,1.8339099358860874e-06
V11-PHASE-BLOCK-METRIC-TIME-1800,ordered_outgoing_channels,bottom,0,0,s,-1.25,0.08895607869168068,-0.13600708349744123,0.07718950242782177,-0.12447475436113979,0.01647564664227765,0.9130801710515086,0.04485130399428045,0.03980590653519165,0.032331984498269135,0.0074739220369225146
V11-PHASE-BLOCK-METRIC-TIME-1800,ordered_outgoing_channels,bottom,0,0,p,-1.25,0.0009613863479173209,-8.40285660885838e-05,2.4167599005431038e-15,5.725178855579965e-15,0.0009650515581444458,0.9130801710515086,0.04485130399428045,1.4036598770342704e-06,5.820430999983165e-29,1.4036598770342704e-06
V11-PHASE-BLOCK-METRIC-TIME-1800,ordered_boundary_outgoing_channels,top,-3,-1,s,8.75,4.905529411866303e-06,-8.15263363806567e-06,-7.855082196187339e-05,7.345092919286605e-05,0.00011672233741370554,0.9095181214967073,0.04390612519444393,2.8666346994083544e-09,3.662159813318062e-07,3.6334934663239786e-07
V11-PHASE-BLOCK-METRIC-TIME-1800,ordered_boundary_outgoing_channels,top,-3,-1,p,8.75,-1.3994641298771643e-05,1.4982071440714077e-05,5.531274235513715e-05,-5.254893240889601e-05,9.676750441075845e-05,0.9095181214967073,0.04390612519444393,1.3309255024636725e-08,1.843193233752179e-07,1.7101006835058117e-07
V11-PHASE-BLOCK-METRIC-TIME-1800,ordered_boundary_outgoing_channels,top,-3,0,s,8.75,4.021136396491937e-05,2.6601652504369314e-05,0.0002384264874377627,-0.00046734237743567054,0.0005322310963169678,0.9095181214967073,0.04390612519444393,1.1533994974622404e-07,1.365740342110789e-05,1.3542063471361666e-05
V11-PHASE-BLOCK-METRIC-TIME-1800,ordered_boundary_outgoing_channels,top,-3,0,p,8.75,1.6750316355264851e-06,3.928207972865811e-06,-8.953304260694988e-16,-3.7721080122444466e-15,4.270427249203025e-06,0.9095181214967073,0.04390612519444393,9.048443101911006e-10,7.457653301374714e-28,9.048443101911006e-10
V11-PHASE-BLOCK-METRIC-TIME-1800,ordered_boundary_outgoing_channels,top,-3,1,s,8.75,-1.549287361016198e-06,-1.58298770124041e-05,-7.855082196233748e-05,7.345092919581435e-05,0.00011789952793861362,0.9095181214967073,0.04390612519444393,8.010816345688359e-09,3.6621598134782935e-07,3.58205165002141e-07
V11-PHASE-BLOCK-METRIC-TIME-1800,ordered_boundary_outgoing_channels,top,-3,1,p,8.75,1.0985228786651839e-05,-1.7193289967187713e-06,-5.5312742353573465e-05,5.2548932408382856e-05,8.567651471227451e-05,0.9095181214967073,0.04390612519444393,3.914804530049595e-09,1.843193233680326e-07,1.80404518837983e-07
V11-PHASE-BLOCK-METRIC-TIME-1800,ordered_boundary_outgoing_channels,top,-2,-1,s,8.75,2.0739667362602136e-06,6.350278510668381e-06,-1.6954805776036832e-06,1.8854459868824524e-06,5.8432407547055925e-06,0.9095181214967073,0.04390612519444393,1.905942366724533e-09,2.745931746845648e-10,1.631349192039968e-09
V11-PHASE-BLOCK-METRIC-TIME-1800,ordered_boundary_outgoing_channels,top,-2,-1,p,8.75,1.6204975419376078e-05,-1.4332766896612425e-05,0.00017343931198744156,-5.9854094867379096e-05,0.00016369125784910385,0.9095181214967073,0.04390612519444393,1.9988563651924064e-08,1.437706929814518e-06,1.4177183661625938e-06
V11-PHASE-BLOCK-METRIC-TIME-1800,ordered_boundary_outgoing_channels,top,-2,0,s,8.75,-0.00010450081498338107,-9.075460197387658e-05,-5.6207409492762594e-05,-0.00016425931836508344,8.794996501211955e-05,0.9095181214967073,0.04390612519444393,1.0976605408704558e-06,1.7270051732052553e-06,6.293446323347995e-07
V11-PHASE-BLOCK-METRIC-TIME-1800,ordered_boundary_outgoing_channels,top,-2,0,p,8.75,-1.1555562356149383e-06,-5.327027091585092e-06,1.1404235867852477e-15,1.7310012154075433e-16,5.450919908843824e-06,0.9095181214967073,0.04390612519444393,1.7024888579295457e-09,7.623760074136061e-29,1.7024888579295457e-09
V11-PHASE-BLOCK-METRIC-TIME-1800,ordered_boundary_outgoing_channels,top,-2,1,s,8.75,9.697698634270665e-06,2.280072922059487e-05,-1.6954805762582626e-06,1.885445986237883e-06,2.3817086414937556e-05,0.9095181214967073,0.04390612519444393,2.6219186924032406e-08,2.745931743859139e-10,2.5944593749646493e-08
V11-PHASE-BLOCK-METRIC-TIME-1800,ordered_boundary_outgoing_channels,top,-2,1,p,8.75,-1.4610294754549651e-05,1.1986623645204186e-05,-0.00017343931198806085,5.9854094869309646e-05,0.00016588535654708515,0.9095181214967073,0.04390612519444393,1.5252700516362198e-08,1.4377069298335635e-06,1.4224542293172014e-06
V11-PHASE-BLOCK-METRIC-TIME-1800,ordered_boundary_outgoing_channels,top,-1,-1,s,8.75,-2.2147739172168664e-05,-4.071000644237642e-05,-0.00022030138827274493,-0.0002384248695454775,0.00027992148139032184,0.9095181214967073,0.04390612519444393,6.804516324530685e-08,3.3385088803210597e-06,3.270463717075753e-06
V11-PHASE-BLOCK-METRIC-TIME-1800,ordered_boundary_outgoing_channels,top,-1,-1,p,8.75,-1.054997062693346e-05,1.9949945139249614e-05,-0.00016206524324860404,-0.0001760155998907599,0.00024770824103474606,0.9095181214967073,0.04390612519444393,1.613516877809732e-08,1.8136268113864188e-06,1.7974916426083214e-06
V11-PHASE-BLOCK-METRIC-TIME-1800,ordered_boundary_outgoing_channels,top,-1,0,s,8.75,-0.0006259613818518415,-0.0007662964004796179,0.0011543275989399616,-0.0012201900152203147,0.0018372393063047319,0.9095181214967073,0.04390612519444393,4.85868641219334e-05,0.00014001487940183894,9.142801527990555e-05
V11-PHASE-BLOCK-METRIC-TIME-1800,ordered_boundary_outgoing_channels,top,-1,0,p,8.75,9.052200403131765e-06,-9.091595382376367e-06,-1.2513260214317444e-15,1.783924663825131e-15,1.2829631280375837e-05,0.9095181214967073,0.04390612519444393,8.168602234262846e-09,2.3563986760300565e-28,8.168602234262846e-09
V11-PHASE-BLOCK-METRIC-TIME-1800,ordered_boundary_outgoing_channels,top,-1,1,s,8.75,-6.636524448422557e-05,-0.00011270975325872576,-0.00022030138827282503,-0.00023842486954857905,0.0001987476460949304,0.9095181214967073,0.04390612519444393,5.419921536601446e-07,3.338508880369034e-06,2.7965167267088892e-06
V11-PHASE-BLOCK-METRIC-TIME-1800,ordered_boundary_outgoing_channels,top,-1,1,p,8.75,3.222796225500446e-05,1.980869406292508e-05,0.00016206524324998136,0.0001760155998905761,0.0002031214340349566,0.9095181214967073,0.04390612519444393,4.533623652964953e-08,1.8136268113985115e-06,1.768290574868862e-06
V11-PHASE-BLOCK-METRIC-TIME-1800,ordered_boundary_outgoing_channels,top,0,0,s,8.75,-0.8489205668217789,-0.23374381154627083,-0.8767420008873494,-0.208758909616445,0.037393549148321104,0.9095181214967073,0.04390612519444393,0.775302298209018,0.812256818464021,0.03695452025500301
V11-PHASE-BLOCK-METRIC-TIME-1800,ordered_boundary_outgoing_channels,top,0,0,p,8.75,0.0010243727190291192,-4.2307444413731937e-05,1.109046864019619e-13,1.6235607409513206e-14,0.0010252460129735155,0.9095181214967073,0.04390612519444393,1.0511293873437005e-06,1.2563444413870592e-26,1.0511293873437005e-06
V11-PHASE-BLOCK-METRIC-TIME-1800,ordered_boundary_outgoing_channels,bottom,-3,-1,s,-1.25,-1.7201578039600487e-06,-9.468287571785815e-06,-8.648303367237041e-05,6.939127777564956e-05,0.0001157738147089832,0.9095181214967073,0.04390612519444393,2.874328792798423e-09,3.815929255738811e-07,3.787185967810827e-07
V11-PHASE-BLOCK-METRIC-TIME-1800,ordered_boundary_outgoing_channels,bottom,-3,-1,p,-1.25,-1.2908531463367734e-05,3.259615259775505e-06,-5.9889780695573525e-05,5.0452604324837186e-05,6.659141082987857e-05,0.9095181214967073,0.04390612519444393,5.5016108401464346e-09,1.903314808729246e-07,1.8482987003277816e-07
V11-PHASE-BLOCK-METRIC-TIME-1800,ordered_boundary_outgoing_channels,bottom,-3,0,s,-1.25,-4.4702072582496504e-05,2.6752195099141426e-05,6.074845422874771e-05,-0.0005144750722767751,0.0005514043602982939,0.9095181214967073,0.04390612519444393,1.335748822817944e-07,1.3208823483228831e-05,1.3075248600947036e-05
V11-PHASE-BLOCK-METRIC-TIME-1800,ordered_boundary_outgoing_channels,bottom,-3,0,p,-1.25,-3.585679643264528e-06,-1.3769997979199205e-05,-2.5346697492730613e-16,-7.791468315616378e-17,1.4229193330871161e-05,0.9095181214967073,0.04390612519444393,9.965123383494137e-09,3.46080831114775e-30,9.965123383494137e-09
V11-PHASE-BLOCK-METRIC-TIME-1800,ordered_boundary_outgoing_channels,bottom,-3,1,s,-1.25,-3.953897000854119e-06,-8.292408698265537e-07,-8.648303367501951e-05,6.939127777451605e-05,0.0001083604154609216,0.9095181214967073,0.04390612519444393,5.065658573714441e-10,3.8159292558322023e-07,3.810863597258488e-07
V11-PHASE-BLOCK-METRIC-TIME-1800,ordered_boundary_outgoing_channels,bottom,-3,1,p,-1.25,1.965680520378248e-05,-8.610588807338836e-06,5.9889780696845165e-05,-5.0452604326898695e-05,5.804693428394363e-05,0.9095181214967073,0.04390612519444393,1.4293899542677017e-08,1.903314808841085e-07,1.7603758134143148e-07
V11-PHASE-BLOCK-METRIC-TIME-1800,ordered_boundary_outgoing_channels,bottom,-2,-1,s,-1.25,-4.394458586313938e-06,1.590716921951549e-05,-1.935589521620524e-06,1.6853186586884327e-06,1.443284692816366e-05,0.9095181214967073,0.04390612519444393,1.1505049604249249e-08,2.7825122930511906e-10,1.1226798374944129e-08
V11-PHASE-BLOCK-METRIC-TIME-1800,ordered_boundary_outgoing_channels,bottom,-2,-1,p,-1.25,1.060529787516312e-05,3.8598706561480185e-06,-0.0001853545253180435,4.1894719858193056e-05,0.00019961688821273392,0.9095181214967073,0.04390612519444393,5.380623489256388e-09,1.5254830024257906e-06,1.5201023789365343e-06
V11-PHASE-BLOCK-METRIC-TIME-1800,ordered_boundary_outgoing_channels,bottom,-2,0,s,-1.25,5.883779634967493e-05,-0.00010052930956471543,-1.910128656019509e-05,-0.00018261418318362527,0.00011319199230450887,0.9095181214967073,0.04390612519444393,7.727411856992177e-07,1.9200481909981673e-06,1.1473070052989496e-06
V11-PHASE-BLOCK-METRIC-TIME-1800,ordered_boundary_outgoing_channels,bottom,-2,0,p,-1.25,4.774318597464083e-06,1.6221607348177914e-05,-3.081108181661143e-16,-1.9107978283180129e-16,1.6909602687162475e-05,0.9095181214967073,0.04390612519444393,1.6284863553118423e-08,7.486128714139298e-30,1.6284863553118423e-08
V11-PHASE-BLOCK-METRIC-TIME-1800,ordered_boundary_outgoing_channels,bottom,-2,1,s,-1.25,-5.664488005694871e-06,8.480973215554139e-06,-1.9355895217042767e-06,1.6853186594882002e-06,7.751490485660619e-06,0.9095181214967073,0.04390612519444393,4.39391082812893e-09,2.7825122943269296e-10,4.115659598696237e-09
V11-PHASE-BLOCK-METRIC-TIME-1800,ordered_boundary_outgoing_channels,bottom,-2,1,p,-1.25,-2.1961233338986464e-05,6.857249928224928e-06,0.00018535452531684516,-4.189471985896257e-05,0.00021297083918972066,0.9095181214967073,0.04390612519444393,2.2360350489082765e-08,1.5254830024097482e-06,1.5031226519206655e-06
V11-PHASE-BLOCK-METRIC-TIME-1800,ordered_boundary_outgoing_channels,bottom,-1,-1,s,-1.25,2.522074293043893e-05,-4.168333487247651e-05,-0.00020705147255067278,-0.00026129824663100645,0.00031965777254934827,0.9095181214967073,0.04390612519444393,7.370907819501698e-08,3.4515489579344382e-06,3.3778398797394212e-06
V11-PHASE-BLOCK-METRIC-TIME-1800,ordered_boundary_outgoing_channels,bottom,-1,-1,p,-1.25,-1.3865299531980191e-05,-6.14623930699087e-05,0.00015499807170421564,0.00018981004150854804,0.00030274192726518427,0.9095181214967073,0.04390612519444393,1.23279962362121e-07,1.8648558637476027e-06,1.7415759013854816e-06
V11-PHASE-BLOCK-METRIC-TIME-1800,ordered_boundary_outgoing_channels,bottom,-1,0,s,-1.25,-2.908626301679127e-05,-0.0008259384340218318,0.0006107069086373302,-0.0012913701554319347,0.0007911775968706469,0.9095181214967073,0.04390612519444393,3.362368924776883e-05,0.00010045454435778903,6.68308551100202e-05
V11-PHASE-BLOCK-METRIC-TIME-1800,ordered_boundary_outgoing_channels,bottom,-1,0,p,-1.25,2.4996879415277357e-05,1.0466907514595119e-06,1.0475495179447351e-16,-4.776152653530708e-16,2.501878378392664e-05,0.9095181214967073,0.04390612519444393,3.0813720204696434e-08,1.1769907587313279e-29,3.0813720204696434e-08
V11-PHASE-BLOCK-METRIC-TIME-1800,ordered_boundary_outgoing_channels,bottom,-1,1,s,-1.25,1.4503094130170352e-05,-4.207102107900368e-05,-0.00020705147254900414,-0.0002612982466308191,0.0003116841388963245,0.9095181214967073,0.04390612519444393,6.149633855748579e-08,3.4515489579099395e-06,3.3900526193524535e-06
V11-PHASE-BLOCK-METRIC-TIME-1800,ordered_boundary_outgoing_channels,bottom,-1,1,p,-1.25,-2.3372965787101564e-05,2.1218576446112912e-05,-0.0001549980717030024,-0.00018981004150863128,0.0002487131803971424,0.9095181214967073,0.04390612519444393,3.0945927850817164e-08,1.8648558637369045e-06,1.8339099358860874e-06
V11-PHASE-BLOCK-METRIC-TIME-1800,ordered_boundary_outgoing_channels,bottom,0,0,s,-1.25,0.08088086360054095,-0.10897946991057819,0.07050175899447489,-0.09994772920440079,0.01375856651716608,0.9095181214967073,0.04390612519444393,0.03980590653519165,0.032331984498269135,0.0074739220369225146
V11-PHASE-BLOCK-METRIC-TIME-1800,ordered_boundary_outgoing_channels,bottom,0,0,p,-1.25,0.0008055857456420319,-2.2508971002552654e-05,1.7315585978917311e-15,4.892126973773713e-15,0.0008059001472605974,0.9095181214967073,0.04390612519444393,1.4036598770342704e-06,5.820430999983165e-29,1.4036598770342704e-06
V11-PHASE-BLOCK-METRIC-TIME-1800,ordered_scattered_channels,top,-3,-1,s,8.75,6.474061184322664e-06,-6.97253080515613e-06,-9.195140170810291e-05,5.5769259938579254e-05,0.00011672233741370554,0.2468359522790033,0.16591114845657107,2.8666346994083544e-09,3.662159813318062e-07,3.6334934663239786e-07
V11-PHASE-BLOCK-METRIC-TIME-1800,ordered_scattered_channels,top,-3,-1,p,8.75,-1.6771158463482068e-05,1.1791551786303294e-05,6.49187356517443e-05,-4.008051303985588e-05,9.676750441075846e-05,0.2468359522790033,0.16591114845657107,1.3309255024636725e-08,1.843193233752179e-07,1.7101006835058117e-07
V11-PHASE-BLOCK-METRIC-TIME-1800,ordered_scattered_channels,top,-3,0,s,8.75,-4.2591913863191114e-05,-2.2594923796348904e-05,-0.00019219020094724982,0.00048817928501638765,0.0005322310963169678,0.2468359522790033,0.16591114845657107,1.1533994974622404e-07,1.365740342110789e-05,1.3542063471361666e-05
V11-PHASE-BLOCK-METRIC-TIME-1800,ordered_scattered_channels,top,-3,0,p,8.75,-2.0464783085850066e-06,-3.7481295856189535e-06,1.2553482268998042e-15,3.668039838538298e-15,4.270427249203025e-06,0.2468359522790033,0.16591114845657107,9.048443101911006e-10,7.457653301374714e-28,9.048443101911006e-10
V11-PHASE-BLOCK-METRIC-TIME-1800,ordered_scattered_channels,top,-3,1,s,8.75,1.7319737531691098e-06,-1.5810931802810275e-05,-9.195140170914724e-05,5.5769259941376876e-05,0.00011789952793861363,0.2468359522790033,0.16591114845657107,8.010816345688359e-09,3.6621598134782935e-07,3.58205165002141e-07
V11-PHASE-BLOCK-METRIC-TIME-1800,ordered_scattered_channels,top,-3,1,p,8.75,1.1104270052360445e-05,5.714282969959182e-07,-6.491873565010715e-05,4.00805130396873e-05,8.56765147122745e-05,0.2468359522790033,0.16591114845657107,3.914804530049595e-09,1.843193233680326e-07,1.80404518837983e-07
V11-PHASE-BLOCK-METRIC-TIME-1800,ordered_scattered_channels,top,-2,-1,s,8.75,5.288445608458337e-06,-4.081631810017677e-06,2.3445165024338254e-06,9.658174404606376e-07,5.843240754705592e-06,0.2468359522790033,0.16591114845657107,1.905942366724533e-09,2.745931746845648e-10,1.631349192039968e-09
V11-PHASE-BLOCK-METRIC-TIME-1800,ordered_scattered_channels,top,-2,-1,p,8.75,-1.8933575140940163e-05,-1.0466573825114864e-05,-0.00011450210530949539,-0.00014336308972242402,0.00016369125784910382,0.2468359522790033,0.16591114845657107,1.9988563651924064e-08,1.437706929814518e-06,1.4177183661625938e-06
V11-PHASE-BLOCK-METRIC-TIME-1800,ordered_scattered_channels,top,-2,0,s,8.75,9.075461530089757e-05,-0.00010450080340952152,0.0001642593255332033,-5.620738854478225e-05,8.794996501211954e-05,0.2468359522790033,0.16591114845657107,1.0976605408704558e-06,1.7270051732052553e-06,6.293446323347995e-07
V11-PHASE-BLOCK-METRIC-TIME-1800,ordered_scattered_channels,top,-2,0,p,8.75,5.327027238954153e-06,-1.1555555562544734e-06,-1.731002669799771e-16,1.1404235647096274e-15,5.450919908843824e-06,0.2468359522790033,0.16591114845657107,1.7024888579295457e-09,7.623760074136061e-29,1.7024888579295457e-09
V11-PHASE-BLOCK-METRIC-TIME-1800,ordered_scattered_channels,top,-2,1,s,8.75,1.8234025542148578e-05,-1.6776141520632713e-05,2.344516501375749e-06,9.658174394089149e-07,2.3817086414937552e-05,0.2468359522790033,0.16591114845657107,2.6219186924032406e-08,2.745931743859139e-10,2.5944593749646493e-08
V11-PHASE-BLOCK-METRIC-TIME-1800,ordered_scattered_channels,top,-2,1,p,8.75,1.6188756812442977e-05,9.75007754297205e-06,0.00011450210531154583,0.0001433630897223534,0.00016588535654708513,0.2468359522790033,0.16591114845657107,1.5252700516362198e-08,1.4377069298335635e-06,1.4224542293172014e-06
V11-PHASE-BLOCK-METRIC-TIME-1800,ordered_scattered_channels,top,-1,-1,s,8.75,-1.3457157007566104e-05,-4.434785113450701e-05,-0.00016753172947578341,-0.00027805078620911914,0.0002799214813903219,0.2468359522790033,0.16591114845657107,6.804516324530685e-08,3.3385088803210597e-06,3.270463717075753e-06
V11-PHASE-BLOCK-METRIC-TIME-1800,ordered_scattered_channels,top,-1,-1,p,8.75,-1.4366536631877736e-05,1.740416089600389e-05,-0.00012312018254764134,-0.00020515373533901306,0.00024770824103474606,0.2468359522790033,0.16591114845657107,1.613516877809732e-08,1.8136268113864188e-06,1.7974916426083214e-06
V11-PHASE-BLOCK-METRIC-TIME-1800,ordered_scattered_channels,top,-1,0,s,8.75,0.0006983803187780134,0.0007009299218193928,-0.0010285581087378939,0.0013279322632823076,0.0018372393063047316,0.2468359522790033,0.16591114845657107,4.85868641219334e-05,0.00014001487940183894,9.142801527990555e-05
V11-PHASE-BLOCK-METRIC-TIME-1800,ordered_scattered_channels,top,-1,0,p,8.75,-8.11290232987088e-06,9.938825610769202e-06,1.0695710033665002e-15,-1.898478834981676e-15,1.2829631280375835e-05,0.2468359522790033,0.16591114845657107,8.168602234262846e-09,2.3563986760300565e-28,8.168602234262846e-09
V11-PHASE-BLOCK-METRIC-TIME-1800,ordered_scattered_channels,top,-1,1,s,8.75,-4.220020744085531e-05,-0.0001238021673761741,-0.00016753172947527734,-0.00027805078621216526,0.0001987476460949304,0.2468359522790033,0.16591114845657107,5.419921536601446e-07,3.338508880369034e-06,2.7965167267088892e-06
V11-PHASE-BLOCK-METRIC-TIME-1800,ordered_scattered_channels,top,-1,1,p,8.75,2.75560512083307e-05,2.5916981949895003e-05,0.00012312018254903858,0.0002051537353391292,0.0002031214340349566,0.2468359522790033,0.16591114845657107,4.533623652964953e-08,1.8136268113985115e-06,1.768290574868862e-06
V11-PHASE-BLOCK-METRIC-TIME-1800,ordered_scattered_channels,top,0,0,s,8.75,0.0032721519144277376,0.17943907446650956,-0.01927337511042978,0.20927155222279603,0.03739354914832113,0.2468359522790033,0.16591114845657107,0.775302298209018,0.812256818464021,0.03695452025500301
V11-PHASE-BLOCK-METRIC-TIME-1800,ordered_scattered_channels,top,0,0,p,8.75,0.000997500077082143,-0.0002369028990201065,1.1185579377514874e-13,-3.735624544869974e-15,0.0010252460129735155,0.2468359522790033,0.16591114845657107,1.0511293873437005e-06,1.2563444413870592e-26,1.0511293873437005e-06
V11-PHASE-BLOCK-METRIC-TIME-1800,ordered_scattered_channels,bottom,-3,-1,s,-1.25,-8.35716959144729e-06,-5.011869788624428e-06,-4.909306826320045e-06,0.00011217325597253238,0.0001172358369156176,0.2468359522790033,0.16591114845657107,2.874328792798423e-09,3.815929255738811e-07,3.787185967810827e-07
V11-PHASE-BLOCK-METRIC-TIME-1800,ordered_scattered_channels,bottom,-3,-1,p,-1.25,-6.136684008257844e-06,1.2004228653809849e-05,-1.5732873804033325e-06,7.928198517251764e-05,6.743234469432041e-05,0.2468359522790033,0.16591114845657107,5.5016108401464346e-09,1.903314808729246e-07,1.8482987003277816e-07
V11-PHASE-BLOCK-METRIC-TIME-1800,ordered_scattered_channels,bottom,-3,0,s,-1.25,1.6405647450522262e-05,4.988092853960723e-05,-0.0004924362020247152,-0.0001736752134377082,0.0005557853689988265,0.2468359522790033,0.16591114845657107,1.335748822817944e-07,1.3208823483228831e-05,1.3075248600947036e-05
V11-PHASE-BLOCK-METRIC-TIME-1800,ordered_scattered_channels,bottom,-3,0,p,-1.25,-1.4334338705841811e-05,4.7621363814628197e-07,-1.3274970028758873e-16,2.3198170478591657e-16,1.4342246879723012e-05,0.2468359522790033,0.16591114845657107,9.965123383494137e-09,3.46080831114775e-30,9.965123383494137e-09
V11-PHASE-BLOCK-METRIC-TIME-1800,ordered_scattered_channels,bottom,-3,1,s,-1.25,-3.271169687735751e-06,2.456665186548079e-06,-4.9093068289528565e-06,0.00011217325597378981,0.00010972881931046416,0.2468359522790033,0.16591114845657107,5.065658573714441e-10,3.8159292558322023e-07,3.810863597258488e-07
V11-PHASE-BLOCK-METRIC-TIME-1800,ordered_scattered_channels,bottom,-3,1,p,-1.25,6.568202194598385e-06,-2.0714628581970212e-05,1.5732873796878703e-06,-7.928198517485518e-05,5.877996624944896e-05,0.2468359522790033,0.16591114845657107,1.4293899542677017e-08,1.903314808841085e-07,1.7603758134143148e-07
V11-PHASE-BLOCK-METRIC-TIME-1800,ordered_scattered_channels,bottom,-2,-1,s,-1.25,1.2927521767365455e-05,1.0502254394056238e-05,7.745485652971132e-07,2.471734525870588e-06,1.4566537234480805e-05,0.2468359522790033,0.16591114845657107,1.1505049604249249e-08,2.7825122930511906e-10,1.1226798374944129e-08
V11-PHASE-BLOCK-METRIC-TIME-1800,ordered_scattered_channels,bottom,-2,-1,p,-1.25,7.861729220006195e-06,-8.2422533661693e-06,-3.630225008417886e-05,0.00018832341315366003,0.0002014659234768134,0.2468359522790033,0.16591114845657107,5.380623489256388e-09,1.5254830024257906e-06,1.5201023789365343e-06
V11-PHASE-BLOCK-METRIC-TIME-1800,ordered_scattered_channels,bottom,-2,0,s,-1.25,-0.0001006533792009668,-6.019786222437643e-05,-0.00018404130862069833,1.7489532595272983e-05,0.00011396875925785196,0.2468359522790033,0.16591114845657107,7.727411856992177e-07,1.9200481909981673e-06,1.1473070052989496e-06
V11-PHASE-BLOCK-METRIC-TIME-1800,ordered_scattered_channels,bottom,-2,0,p,-1.25,1.6377735835089095e-05,-4.652126865003067e-06,-1.953215047833636e-16,3.0838854490696276e-16,1.7025642879530627e-05,0.2468359522790033,0.16591114845657107,1.6284863553118423e-08,7.486128714139298e-30,1.6284863553118423e-08
V11-PHASE-BLOCK-METRIC-TIME-1800,ordered_scattered_channels,bottom,-2,1,s,-1.25,5.547735529470997e-06,8.670168417661792e-06,7.745485660026087e-07,2.4717345262717774e-06,7.82329192182913e-06,0.2468359522790033,0.16591114845657107,4.39391082812893e-09,2.7825122943269296e-10,4.115659598696237e-09
V11-PHASE-BLOCK-METRIC-TIME-1800,ordered_scattered_channels,bottom,-2,1,p,-1.25,-2.5506295944027296e-06,2.3079501844310215e-05,3.630225008296777e-05,-0.00018832341315285628,0.0002149435710332445,0.2468359522790033,0.16591114845657107,2.2360350489082765e-08,1.5254830024097482e-06,1.5031226519206655e-06
V11-PHASE-BLOCK-METRIC-TIME-1800,ordered_scattered_channels,bottom,-1,-1,s,-1.25,-1.4917705661679978e-05,-4.702492667710845e-05,-0.00033718347041335536,-1.666806024013619e-05,0.00032369238865140825,0.2468359522790033,0.16591114845657107,7.370907819501698e-08,3.4515489579344382e-06,3.3778398797394212e-06
V11-PHASE-BLOCK-METRIC-TIME-1800,ordered_scattered_channels,bottom,-1,-1,p,-1.25,-5.606481429401204e-05,-3.045413245642539e-05,0.00024799923661753275,8.609260274615205e-06,0.00030656303708764045,0.2468359522790033,0.16591114845657107,1.23279962362121e-07,1.8648558637476027e-06,1.7415759013854816e-06
V11-PHASE-BLOCK-METRIC-TIME-1800,ordered_scattered_channels,bottom,-1,0,s,-1.25,-0.0008186394749918066,-0.00015409091618239447,-0.0011348134234954131,-0.00088619762079417,0.0007974623456000131,0.2468359522790033,0.16591114845657107,3.362368924776883e-05,0.00010045454435778903,6.68308551100202e-05
V11-PHASE-BLOCK-METRIC-TIME-1800,ordered_scattered_channels,bottom,-1,0,p,-1.25,6.558475913690245e-06,-2.434973881861667e-05,-4.465027736885759e-16,-2.0865938982257457e-16,2.5217521425409712e-05,0.2468359522790033,0.16591114845657107,3.0813720204696434e-08,1.1769907587313279e-29,3.0813720204696434e-08
V11-PHASE-BLOCK-METRIC-TIME-1800,ordered_scattered_channels,bottom,-1,1,s,-1.25,-2.2364988351958575e-05,-3.9120621083000356e-05,-0.00033718347041209747,-1.666806024128843e-05,0.00031561811439618094,0.2468359522790033,0.16591114845657107,6.149633855748579e-08,3.4515489579099395e-06,3.3900526193524535e-06
V11-PHASE-BLOCK-METRIC-TIME-1800,ordered_scattered_channels,bottom,-1,1,p,-1.25,5.639254296854188e-07,3.196122410564737e-05,-0.00024799923661679776,-8.609260275598644e-06,0.0002518523570059951,0.2468359522790033,0.16591114845657107,3.0945927850817164e-08,1.8648558637369045e-06,1.8339099358860874e-06
V11-PHASE-BLOCK-METRIC-TIME-1800,ordered_scattered_channels,bottom,0,0,s,-1.25,-0.02984096932312278,0.11104155627528402,-0.041607545586981674,0.12257388541158544,0.016475646642277634,0.2468359522790033,0.16591114845657107,0.03980590653519165,0.032331984498269135,0.0074739220369225146
V11-PHASE-BLOCK-METRIC-TIME-1800,ordered_scattered_channels,bottom,0,0,p,-1.25,0.0009613863479175699,-8.402856608834218e-05,2.6658179463359154e-15,5.966790876859179e-15,0.0009650515581444458,0.2468359522790033,0.16591114845657107,1.4036598770342704e-06,5.820430999983165e-29,1.4036598770342704e-06
V11-PHASE-IDENTITY-METRIC-CONTROL-TIME-3600,ordered_total_channels,top,-3,-1,s,8.75,7.075982812825162e-06,-1.0589963180844923e-05,-9.195140170809825e-05,5.576925993858354e-05,0.00011920557611986493,0.4382342339399896,0.1406216362319976,5.136620308097303e-09,3.662159813318062e-07,3.610793610237089e-07
V11-PHASE-IDENTITY-METRIC-CONTROL-TIME-3600,ordered_total_channels,top,-3,-1,p,8.75,-1.5174148423573644e-05,2.115338365660759e-05,6.491873565175626e-05,-4.0080513039853855e-05,0.00010081894754527617,0.4382342339399896,0.1406216362319976,2.1460115962689402e-08,1.843193233752179e-07,1.628592074125285e-07
V11-PHASE-IDENTITY-METRIC-CONTROL-TIME-3600,ordered_total_channels,top,-3,0,s,8.75,-4.219320652358241e-05,-6.8133976135834985e-06,-0.0001921902009470994,0.00048817928501632254,0.0005172203149463867,0.4382342339399896,0.1406216362319976,9.063497807139263e-08,1.365740342110789e-05,1.3566768443036498e-05
V11-PHASE-IDENTITY-METRIC-CONTROL-TIME-3600,ordered_total_channels,top,-3,0,p,8.75,-3.6924325598544363e-07,-4.5180483628395986e-08,1.2553482268998042e-15,3.668039838538298e-15,3.7199712290571956e-07,0.4382342339399896,0.1406216362319976,6.866103778333217e-12,7.457653301374714e-28,6.8661037783332165e-12
V11-PHASE-IDENTITY-METRIC-CONTROL-TIME-3600,ordered_total_channels,top,-3,1,s,8.75,3.1161395378674764e-06,-1.0305494823445812e-05,-9.195140170915746e-05,5.576925994137385e-05,0.00011577439533845921,0.4382342339399896,0.1406216362319976,3.6704194409589366e-09,3.6621598134782935e-07,3.6254556190687044e-07
V11-PHASE-IDENTITY-METRIC-CONTROL-TIME-3600,ordered_total_channels,top,-3,1,p,8.75,1.1238505591298907e-05,1.4386271903733703e-05,-6.491873565012055e-05,4.0080513039672495e-05,8.03748680935498e-05,0.4382342339399896,0.1406216362319976,1.0553006021917319e-08,1.843193233680326e-07,1.7376631734611527e-07
V11-PHASE-IDENTITY-METRIC-CONTROL-TIME-3600,ordered_total_channels,top,-2,-1,s,8.75,5.6104287894590426e-06,-2.26779689572402e-06,2.344516502433825e-06,9.65817440460633e-07,4.595916093851279e-06,0.4382342339399896,0.1406216362319976,1.5639560830161104e-09,2.745931746845648e-10,1.2893629083315456e-09
V11-PHASE-IDENTITY-METRIC-CONTROL-TIME-3600,ordered_total_channels,top,-2,-1,p,8.75,-3.07149223668382e-05,-2.8058449506920785e-06,-0.00011450210530953003,-0.00014336308972240936,0.00016363566568229724,0.4382342339399896,0.1406216362319976,4.062715685199796e-08,1.437706929814518e-06,1.39707977296252e-06
V11-PHASE-IDENTITY-METRIC-CONTROL-TIME-3600,ordered_total_channels,top,-2,0,s,8.75,4.866641677077806e-05,-9.964676039113923e-05,0.00016425932553326252,-5.6207388544626634e-05,0.00012348562500385073,0.4382342339399896,0.1406216362319976,7.046533599428791e-07,1.7270051732052553e-06,1.0223518132623762e-06
V11-PHASE-IDENTITY-METRIC-CONTROL-TIME-3600,ordered_total_channels,top,-2,0,p,8.75,8.980824146090162e-07,1.1700365482292616e-07,-1.731002669799771e-16,1.1404235647096274e-15,9.056720591449934e-07,0.4382342339399896,0.1406216362319976,4.699878335437634e-11,7.623760074136061e-29,4.699878335437634e-11
V11-PHASE-IDENTITY-METRIC-CONTROL-TIME-3600,ordered_total_channels,top,-2,1,s,8.75,1.9085263074062166e-05,-1.544616904877676e-05,2.3445165013757525e-06,9.658174394089157e-07,2.3443674974271868e-05,0.4382342339399896,0.1406216362319976,2.5745675379248262e-08,2.745931743859139e-10,2.547108220486235e-08
V11-PHASE-IDENTITY-METRIC-CONTROL-TIME-3600,ordered_total_channels,top,-2,1,p,8.75,1.3815020444102452e-06,2.090118419061513e-05,0.0001145021053115565,0.0001433630897223461,0.00016671289449225486,0.4382342339399896,0.1406216362319976,1.8738870687621007e-08,1.4377069298335635e-06,1.4189680591459425e-06
V11-PHASE-IDENTITY-METRIC-CONTROL-TIME-3600,ordered_total_channels,top,-1,-1,s,8.75,-1.0969956837825472e-05,-2.5433926022445538e-05,-0.0001675317294758279,-0.0002780507862091289,0.00029719836254954684,0.4382342339399896,0.1406216362319976,2.4306389705711754e-08,3.3385088803210597e-06,3.314202490615348e-06
V11-PHASE-IDENTITY-METRIC-CONTROL-TIME-3600,ordered_total_channels,top,-1,-1,p,8.75,-2.371114779467067e-05,4.962591144956697e-05,-0.00012312018254765662,-0.00020515373533905003,0.0002734864249067087,0.4382342339399896,0.1406216362319976,9.583322720667756e-08,1.8136268113864188e-06,1.7177935841797411e-06
V11-PHASE-IDENTITY-METRIC-CONTROL-TIME-3600,ordered_total_channels,top,-1,0,s,8.75,0.0005690651346243396,0.00044456060486335573,-0.0010285581087383054,0.0013279322632824794,0.0018255808704712947,0.4382342339399896,0.1406216362319976,2.5879036925040856e-05,0.00014001487940183894,0.00011413584247679809
V11-PHASE-IDENTITY-METRIC-CONTROL-TIME-3600,ordered_total_channels,top,-1,0,p,8.75,-5.898364320222135e-06,9.455066017216935e-06,1.0695710033665002e-15,-1.898478834981676e-15,1.1144010727405011e-05,0.4382342339399896,0.1406216362319976,6.163145796909905e-09,2.3563986760300565e-28,6.163145796909905e-09
V11-PHASE-IDENTITY-METRIC-CONTROL-TIME-3600,ordered_total_channels,top,-1,1,s,8.75,-3.5996826016685904e-05,-0.00013581281295492134,-0.0001675317294752791,-0.00027805078621218255,0.0001937345396778664,0.4382342339399896,0.1406216362319976,6.254098725409674e-07,3.338508880369034e-06,2.7130990078280664e-06
V11-PHASE-IDENTITY-METRIC-CONTROL-TIME-3600,ordered_total_channels,top,-1,1,p,8.75,2.1913003215129604e-05,5.8508471634159376e-05,0.00012312018254904267,0.00020515373533914856,0.00017817891714743542,0.4382342339399896,0.1406216362319976,1.2366401936851585e-07,1.8136268113985115e-06,1.6899627920299956e-06
V11-PHASE-IDENTITY-METRIC-CONTROL-TIME-3600,ordered_total_channels,top,0,0,s,8.75,0.04025416499282572,-0.46490511078648356,0.026785429987131376,-0.4121567714282053,0.05444073959554283,0.4382342339399896,0.1406216362319976,0.7949428386111022,0.812256818464021,0.017313979852918826
V11-PHASE-IDENTITY-METRIC-CONTROL-TIME-3600,ordered_total_channels,top,0,0,p,8.75,0.0007529509291761061,-9.584755604746536e-05,1.1196540890151039e-13,-5.214558791588342e-15,0.0007590269136057199,0.4382342339399896,0.1406216362319976,5.761218557473068e-07,1.2563444413870592e-26,5.761218557473068e-07
V11-PHASE-IDENTITY-METRIC-CONTROL-TIME-3600,ordered_total_channels,bottom,-3,-1,s,-1.25,-1.387530315800018e-05,-9.001659004669683e-06,-4.909306826319978e-06,0.00011217325597253058,0.00012150616902014242,0.4382342339399896,0.1406216362319976,8.280060713176074e-09,3.815929255738811e-07,3.73312864860705e-07
V11-PHASE-IDENTITY-METRIC-CONTROL-TIME-3600,ordered_total_channels,bottom,-3,-1,p,-1.25,-1.7816958376903245e-05,-2.430331412214516e-06,-1.5732873803997091e-06,7.928198517251047e-05,8.331122090742022e-05,0.4382342339399896,0.1406216362319976,9.787328507529823e-09,1.903314808729246e-07,1.805441523653948e-07
V11-PHASE-IDENTITY-METRIC-CONTROL-TIME-3600,ordered_total_channels,bottom,-3,0,s,-1.25,1.8810534876512762e-05,4.235447810394427e-05,-0.0004924362020247129,-0.0001736752134376343,0.0005550153634087084,0.4382342339399896,0.1406216362319976,1.0404700924351881e-07,1.3208823483228831e-05,1.3104776473985312e-05
V11-PHASE-IDENTITY-METRIC-CONTROL-TIME-3600,ordered_total_channels,bottom,-3,0,p,-1.25,-1.0844889694819981e-05,4.770562526689724e-07,-1.3274970028758873e-16,2.3198170478591657e-16,1.0855377246227905e-05,0.4382342339399896,0.1406216362319976,5.708711999941382e-09,3.46080831114775e-30,5.708711999941382e-09
V11-PHASE-IDENTITY-METRIC-CONTROL-TIME-3600,ordered_total_channels,bottom,-3,1,s,-1.25,1.075243341977097e-06,6.716522940086888e-06,-4.909306828951654e-06,0.00011217325597379069,0.00010562640476173672,0.4382342339399896,0.1406216362319976,1.4004568265815186e-09,3.8159292558322023e-07,3.8019246875663873e-07
V11-PHASE-IDENTITY-METRIC-CONTROL-TIME-3600,ordered_total_channels,bottom,-3,1,p,-1.25,-5.7628996892640375e-06,-2.4275611249688665e-05,1.5732873796791848e-06,-7.9281985174855e-05,5.549343035987007e-05,0.4382342339399896,0.1406216362319976,1.884262234855576e-08,1.903314808841085e-07,1.7148885853555275e-07
V11-PHASE-IDENTITY-METRIC-CONTROL-TIME-3600,ordered_total_channels,bottom,-2,-1,s,-1.25,1.2903847240177961e-05,7.833780764674526e-06,7.745485652971132e-07,2.4717345258705883e-06,1.3261652469113257e-05,0.4382342339399896,0.1406216362319976,9.450501253471383e-09,2.7825122930511906e-10,9.172250024166263e-09
V11-PHASE-IDENTITY-METRIC-CONTROL-TIME-3600,ordered_total_channels,bottom,-2,-1,p,-1.25,3.08496131364338e-05,1.4306673721420027e-06,-3.630225008417201e-05,0.0001883234131536643,0.00019859071267246028,0.4382342339399896,0.1406216362319976,3.955360507555098e-08,1.5254830024257906e-06,1.4859293973502395e-06
V11-PHASE-IDENTITY-METRIC-CONTROL-TIME-3600,ordered_total_channels,bottom,-2,0,s,-1.25,-9.666737976879227e-05,-5.6249260203389207e-05,-0.00018404130862068258,1.7489532595230964e-05,0.0001143311550121533,0.4382342339399896,0.1406216362319976,7.027234656464824e-07,1.9200481909981673e-06,1.2173247253516849e-06
V11-PHASE-IDENTITY-METRIC-CONTROL-TIME-3600,ordered_total_channels,bottom,-2,0,p,-1.25,1.2546297549822629e-05,-3.840828647261227e-06,-1.953215047833636e-16,3.0838854490696276e-16,1.3121034521468871e-05,0.4382342339399896,0.1406216362319976,9.67193214607074e-09,7.486128714139298e-30,9.67193214607074e-09
V11-PHASE-IDENTITY-METRIC-CONTROL-TIME-3600,ordered_total_channels,bottom,-2,1,s,-1.25,5.126661362787198e-06,5.0774824564261245e-06,7.745485660026084e-07,2.4717345262717786e-06,5.072554393147485e-06,0.4382342339399896,0.1406216362319976,2.1591699751910916e-09,2.7825122943269296e-10,1.8809187457583987e-09
V11-PHASE-IDENTITY-METRIC-CONTROL-TIME-3600,ordered_total_channels,bottom,-2,1,p,-1.25,1.611262185314483e-05,2.3748425355912287e-05,3.630225008297548e-05,-0.00018832341315286793,0.00021303071557067288,0.4382342339399896,0.1406216362319976,3.415640847193126e-08,1.5254830024097482e-06,1.491326593937817e-06
V11-PHASE-IDENTITY-METRIC-CONTROL-TIME-3600,ordered_total_channels,bottom,-1,-1,s,-1.25,4.660152865028824e-06,-2.961801252605105e-05,-0.00033718347041335526,-1.6668060240140516e-05,0.0003420888247813733,0.4382342339399896,0.1406216362319976,2.7224129905845493e-08,3.4515489579344382e-06,3.4243248280285927e-06
V11-PHASE-IDENTITY-METRIC-CONTROL-TIME-3600,ordered_total_channels,bottom,-1,-1,p,-1.25,-0.00010593109426581157,-5.0480085190370306e-05,0.0002479992366175502,8.609260274623294e-06,0.00035882897021657445,0.4382342339399896,0.1406216362319976,4.170076010617749e-07,1.8648558637476027e-06,1.4478482626858278e-06
V11-PHASE-IDENTITY-METRIC-CONTROL-TIME-3600,ordered_total_channels,bottom,-1,0,s,-1.25,-0.0007001279748622607,-0.00022039780524835156,-0.0011348134234953988,-0.0008861976207941805,0.0007951357328370122,0.4382342339399896,0.1406216362319976,2.610538765357959e-05,0.00010045454435778903,7.434915670420944e-05
V11-PHASE-IDENTITY-METRIC-CONTROL-TIME-3600,ordered_total_channels,bottom,-1,0,p,-1.25,1.0939750740186717e-05,-2.5026144595920744e-05,-4.465027736885759e-16,-2.0865938982257457e-16,2.731274536901544e-05,0.4382342339399896,0.1406216362319976,3.6146816098312904e-08,1.1769907587313279e-29,3.6146816098312904e-08
V11-PHASE-IDENTITY-METRIC-CONTROL-TIME-3600,ordered_total_channels,bottom,-1,1,s,-1.25,-3.840189958073643e-05,-3.27512329942223e-05,-0.00033718347041209904,-1.6668060241286416e-05,0.0002992141298706619,0.4382342339399896,0.1406216362319976,7.714539297781391e-08,3.4515489579099395e-06,3.3744035649321255e-06
V11-PHASE-IDENTITY-METRIC-CONTROL-TIME-3600,ordered_total_channels,bottom,-1,1,p,-1.25,-3.312294570299006e-05,1.7090761358491942e-05,-0.000247999236616804,-8.609260275602887e-06,0.0002164077436435003,0.4382342339399896,0.1406216362319976,4.207205152645542e-08,1.8648558637369045e-06,1.822783812210449e-06
V11-PHASE-IDENTITY-METRIC-CONTROL-TIME-3600,ordered_total_channels,bottom,0,0,s,-1.25,0.08689041653713767,-0.15155542553142204,0.07718950242782177,-0.12447475436113979,0.028765786719456853,0.4382342339399896,0.1406216362319976,0.045997161454685555,0.032331984498269135,0.01366517695641642
V11-PHASE-IDENTITY-METRIC-CONTROL-TIME-3600,ordered_total_channels,bottom,0,0,p,-1.25,0.0006376892785634906,0.00012177576019594996,2.4167599005431038e-15,5.725178855579965e-15,0.0006492125628495261,0.4382342339399896,0.1406216362319976,6.352353878935274e-07,5.820430999983165e-29,6.352353878935274e-07
V11-PHASE-IDENTITY-METRIC-CONTROL-TIME-3600,ordered_outgoing_channels,top,-3,-1,s,8.75,7.075982812825162e-06,-1.0589963180844923e-05,-9.195140170809825e-05,5.576925993858354e-05,0.00011920557611986493,0.9130801710515086,0.06749157082071927,5.136620308097303e-09,3.662159813318062e-07,3.610793610237089e-07
V11-PHASE-IDENTITY-METRIC-CONTROL-TIME-3600,ordered_outgoing_channels,top,-3,-1,p,8.75,-1.5174148423573644e-05,2.115338365660759e-05,6.491873565175626e-05,-4.0080513039853855e-05,0.00010081894754527617,0.9130801710515086,0.06749157082071927,2.1460115962689402e-08,1.843193233752179e-07,1.628592074125285e-07
V11-PHASE-IDENTITY-METRIC-CONTROL-TIME-3600,ordered_outgoing_channels,top,-3,0,s,8.75,-4.219320652358241e-05,-6.8133976135834985e-06,-0.0001921902009470994,0.00048817928501632254,0.0005172203149463867,0.9130801710515086,0.06749157082071927,9.063497807139263e-08,1.365740342110789e-05,1.3566768443036498e-05
V11-PHASE-IDENTITY-METRIC-CONTROL-TIME-3600,ordered_outgoing_channels,top,-3,0,p,8.75,-3.6924325598544363e-07,-4.5180483628395986e-08,1.2553482268998042e-15,3.668039838538298e-15,3.7199712290571956e-07,0.9130801710515086,0.06749157082071927,6.866103778333217e-12,7.457653301374714e-28,6.8661037783332165e-12
V11-PHASE-IDENTITY-METRIC-CONTROL-TIME-3600,ordered_outgoing_channels,top,-3,1,s,8.75,3.1161395378674764e-06,-1.0305494823445812e-05,-9.195140170915746e-05,5.576925994137385e-05,0.00011577439533845921,0.9130801710515086,0.06749157082071927,3.6704194409589366e-09,3.6621598134782935e-07,3.6254556190687044e-07
V11-PHASE-IDENTITY-METRIC-CONTROL-TIME-3600,ordered_outgoing_channels,top,-3,1,p,8.75,1.1238505591298907e-05,1.4386271903733703e-05,-6.491873565012055e-05,4.0080513039672495e-05,8.03748680935498e-05,0.9130801710515086,0.06749157082071927,1.0553006021917319e-08,1.843193233680326e-07,1.7376631734611527e-07
V11-PHASE-IDENTITY-METRIC-CONTROL-TIME-3600,ordered_outgoing_channels,top,-2,-1,s,8.75,5.6104287894590426e-06,-2.26779689572402e-06,2.344516502433825e-06,9.65817440460633e-07,4.595916093851279e-06,0.9130801710515086,0.06749157082071927,1.5639560830161104e-09,2.745931746845648e-10,1.2893629083315456e-09
V11-PHASE-IDENTITY-METRIC-CONTROL-TIME-3600,ordered_outgoing_channels,top,-2,-1,p,8.75,-3.07149223668382e-05,-2.8058449506920785e-06,-0.00011450210530953003,-0.00014336308972240936,0.00016363566568229724,0.9130801710515086,0.06749157082071927,4.062715685199796e-08,1.437706929814518e-06,1.39707977296252e-06
V11-PHASE-IDENTITY-METRIC-CONTROL-TIME-3600,ordered_outgoing_channels,top,-2,0,s,8.75,4.866641677077806e-05,-9.964676039113923e-05,0.00016425932553326252,-5.6207388544626634e-05,0.00012348562500385073,0.9130801710515086,0.06749157082071927,7.046533599428791e-07,1.7270051732052553e-06,1.0223518132623762e-06
V11-PHASE-IDENTITY-METRIC-CONTROL-TIME-3600,ordered_outgoing_channels,top,-2,0,p,8.75,8.980824146090162e-07,1.1700365482292616e-07,-1.731002669799771e-16,1.1404235647096274e-15,9.056720591449934e-07,0.9130801710515086,0.06749157082071927,4.699878335437634e-11,7.623760074136061e-29,4.699878335437634e-11
V11-PHASE-IDENTITY-METRIC-CONTROL-TIME-3600,ordered_outgoing_channels,top,-2,1,s,8.75,1.9085263074062166e-05,-1.544616904877676e-05,2.3445165013757525e-06,9.658174394089157e-07,2.3443674974271868e-05,0.9130801710515086,0.06749157082071927,2.5745675379248262e-08,2.745931743859139e-10,2.547108220486235e-08
V11-PHASE-IDENTITY-METRIC-CONTROL-TIME-3600,ordered_outgoing_channels,top,-2,1,p,8.75,1.3815020444102452e-06,2.090118419061513e-05,0.0001145021053115565,0.0001433630897223461,0.00016671289449225486,0.9130801710515086,0.06749157082071927,1.8738870687621007e-08,1.4377069298335635e-06,1.4189680591459425e-06
V11-PHASE-IDENTITY-METRIC-CONTROL-TIME-3600,ordered_outgoing_channels,top,-1,-1,s,8.75,-1.0969956837825472e-05,-2.5433926022445538e-05,-0.0001675317294758279,-0.0002780507862091289,0.00029719836254954684,0.9130801710515086,0.06749157082071927,2.4306389705711754e-08,3.3385088803210597e-06,3.314202490615348e-06
V11-PHASE-IDENTITY-METRIC-CONTROL-TIME-3600,ordered_outgoing_channels,top,-1,-1,p,8.75,-2.371114779467067e-05,4.962591144956697e-05,-0.00012312018254765662,-0.00020515373533905003,0.0002734864249067087,0.9130801710515086,0.06749157082071927,9.583322720667756e-08,1.8136268113864188e-06,1.7177935841797411e-06
V11-PHASE-IDENTITY-METRIC-CONTROL-TIME-3600,ordered_outgoing_channels,top,-1,0,s,8.75,0.0005690651346243396,0.00044456060486335573,-0.0010285581087383054,0.0013279322632824794,0.0018255808704712947,0.9130801710515086,0.06749157082071927,2.5879036925040856e-05,0.00014001487940183894,0.00011413584247679809
V11-PHASE-IDENTITY-METRIC-CONTROL-TIME-3600,ordered_outgoing_channels,top,-1,0,p,8.75,-5.898364320222135e-06,9.455066017216935e-06,1.0695710033665002e-15,-1.898478834981676e-15,1.1144010727405011e-05,0.9130801710515086,0.06749157082071927,6.163145796909905e-09,2.3563986760300565e-28,6.163145796909905e-09
V11-PHASE-IDENTITY-METRIC-CONTROL-TIME-3600,ordered_outgoing_channels,top,-1,1,s,8.75,-3.5996826016685904e-05,-0.00013581281295492134,-0.0001675317294752791,-0.00027805078621218255,0.0001937345396778664,0.9130801710515086,0.06749157082071927,6.254098725409674e-07,3.338508880369034e-06,2.7130990078280664e-06
V11-PHASE-IDENTITY-METRIC-CONTROL-TIME-3600,ordered_outgoing_channels,top,-1,1,p,8.75,2.1913003215129604e-05,5.8508471634159376e-05,0.00012312018254904267,0.00020515373533914856,0.00017817891714743542,0.9130801710515086,0.06749157082071927,1.2366401936851585e-07,1.8136268113985115e-06,1.6899627920299956e-06
V11-PHASE-IDENTITY-METRIC-CONTROL-TIME-3600,ordered_outgoing_channels,top,0,0,s,8.75,-0.8869948467815549,-0.09045982751610404,-0.9004635817872493,-0.03771148815782577,0.05444073959554283,0.9130801710515086,0.06749157082071927,0.7949428386111022,0.812256818464021,0.017313979852918826
V11-PHASE-IDENTITY-METRIC-CONTROL-TIME-3600,ordered_outgoing_channels,top,0,0,p,8.75,0.0007529509291761061,-9.584755604746536e-05,1.1196540890151039e-13,-5.214558791588342e-15,0.0007590269136057199,0.9130801710515086,0.06749157082071927,5.761218557473068e-07,1.2563444413870592e-26,5.761218557473068e-07
V11-PHASE-IDENTITY-METRIC-CONTROL-TIME-3600,ordered_outgoing_channels,bottom,-3,-1,s,-1.25,-1.387530315800018e-05,-9.001659004669683e-06,-4.909306826319978e-06,0.00011217325597253058,0.00012150616902014242,0.9130801710515086,0.06749157082071927,8.280060713176074e-09,3.815929255738811e-07,3.73312864860705e-07
V11-PHASE-IDENTITY-METRIC-CONTROL-TIME-3600,ordered_outgoing_channels,bottom,-3,-1,p,-1.25,-1.7816958376903245e-05,-2.430331412214516e-06,-1.5732873803997091e-06,7.928198517251047e-05,8.331122090742022e-05,0.9130801710515086,0.06749157082071927,9.787328507529823e-09,1.903314808729246e-07,1.805441523653948e-07
V11-PHASE-IDENTITY-METRIC-CONTROL-TIME-3600,ordered_outgoing_channels,bottom,-3,0,s,-1.25,1.8810534876512762e-05,4.235447810394427e-05,-0.0004924362020247129,-0.0001736752134376343,0.0005550153634087084,0.9130801710515086,0.06749157082071927,1.0404700924351881e-07,1.3208823483228831e-05,1.3104776473985312e-05
V11-PHASE-IDENTITY-METRIC-CONTROL-TIME-3600,ordered_outgoing_channels,bottom,-3,0,p,-1.25,-1.0844889694819981e-05,4.770562526689724e-07,-1.3274970028758873e-16,2.3198170478591657e-16,1.0855377246227905e-05,0.9130801710515086,0.06749157082071927,5.708711999941382e-09,3.46080831114775e-30,5.708711999941382e-09
V11-PHASE-IDENTITY-METRIC-CONTROL-TIME-3600,ordered_outgoing_channels,bottom,-3,1,s,-1.25,1.075243341977097e-06,6.716522940086888e-06,-4.909306828951654e-06,0.00011217325597379069,0.00010562640476173672,0.9130801710515086,0.06749157082071927,1.4004568265815186e-09,3.8159292558322023e-07,3.8019246875663873e-07
V11-PHASE-IDENTITY-METRIC-CONTROL-TIME-3600,ordered_outgoing_channels,bottom,-3,1,p,-1.25,-5.7628996892640375e-06,-2.4275611249688665e-05,1.5732873796791848e-06,-7.9281985174855e-05,5.549343035987007e-05,0.9130801710515086,0.06749157082071927,1.884262234855576e-08,1.903314808841085e-07,1.7148885853555275e-07
V11-PHASE-IDENTITY-METRIC-CONTROL-TIME-3600,ordered_outgoing_channels,bottom,-2,-1,s,-1.25,1.2903847240177961e-05,7.833780764674526e-06,7.745485652971132e-07,2.4717345258705883e-06,1.3261652469113257e-05,0.9130801710515086,0.06749157082071927,9.450501253471383e-09,2.7825122930511906e-10,9.172250024166263e-09
V11-PHASE-IDENTITY-METRIC-CONTROL-TIME-3600,ordered_outgoing_channels,bottom,-2,-1,p,-1.25,3.08496131364338e-05,1.4306673721420027e-06,-3.630225008417201e-05,0.0001883234131536643,0.00019859071267246028,0.9130801710515086,0.06749157082071927,3.955360507555098e-08,1.5254830024257906e-06,1.4859293973502395e-06
V11-PHASE-IDENTITY-METRIC-CONTROL-TIME-3600,ordered_outgoing_channels,bottom,-2,0,s,-1.25,-9.666737976879227e-05,-5.6249260203389207e-05,-0.00018404130862068258,1.7489532595230964e-05,0.0001143311550121533,0.9130801710515086,0.06749157082071927,7.027234656464824e-07,1.9200481909981673e-06,1.2173247253516849e-06
V11-PHASE-IDENTITY-METRIC-CONTROL-TIME-3600,ordered_outgoing_channels,bottom,-2,0,p,-1.25,1.2546297549822629e-05,-3.840828647261227e-06,-1.953215047833636e-16,3.0838854490696276e-16,1.3121034521468871e-05,0.9130801710515086,0.06749157082071927,9.67193214607074e-09,7.486128714139298e-30,9.67193214607074e-09
V11-PHASE-IDENTITY-METRIC-CONTROL-TIME-3600,ordered_outgoing_channels,bottom,-2,1,s,-1.25,5.126661362787198e-06,5.0774824564261245e-06,7.745485660026084e-07,2.4717345262717786e-06,5.072554393147485e-06,0.9130801710515086,0.06749157082071927,2.1591699751910916e-09,2.7825122943269296e-10,1.8809187457583987e-09
V11-PHASE-IDENTITY-METRIC-CONTROL-TIME-3600,ordered_outgoing_channels,bottom,-2,1,p,-1.25,1.611262185314483e-05,2.3748425355912287e-05,3.630225008297548e-05,-0.00018832341315286793,0.00021303071557067288,0.9130801710515086,0.06749157082071927,3.415640847193126e-08,1.5254830024097482e-06,1.491326593937817e-06
V11-PHASE-IDENTITY-METRIC-CONTROL-TIME-3600,ordered_outgoing_channels,bottom,-1,-1,s,-1.25,4.660152865028824e-06,-2.961801252605105e-05,-0.00033718347041335526,-1.6668060240140516e-05,0.0003420888247813733,0.9130801710515086,0.06749157082071927,2.7224129905845493e-08,3.4515489579344382e-06,3.4243248280285927e-06
V11-PHASE-IDENTITY-METRIC-CONTROL-TIME-3600,ordered_outgoing_channels,bottom,-1,-1,p,-1.25,-0.00010593109426581157,-5.0480085190370306e-05,0.0002479992366175502,8.609260274623294e-06,0.00035882897021657445,0.9130801710515086,0.06749157082071927,4.170076010617749e-07,1.8648558637476027e-06,1.4478482626858278e-06
V11-PHASE-IDENTITY-METRIC-CONTROL-TIME-3600,ordered_outgoing_channels,bottom,-1,0,s,-1.25,-0.0007001279748622607,-0.00022039780524835156,-0.0011348134234953988,-0.0008861976207941805,0.0007951357328370122,0.9130801710515086,0.06749157082071927,2.610538765357959e-05,0.00010045454435778903,7.434915670420944e-05
V11-PHASE-IDENTITY-METRIC-CONTROL-TIME-3600,ordered_outgoing_channels,bottom,-1,0,p,-1.25,1.0939750740186717e-05,-2.5026144595920744e-05,-4.465027736885759e-16,-2.0865938982257457e-16,2.731274536901544e-05,0.9130801710515086,0.06749157082071927,3.6146816098312904e-08,1.1769907587313279e-29,3.6146816098312904e-08
V11-PHASE-IDENTITY-METRIC-CONTROL-TIME-3600,ordered_outgoing_channels,bottom,-1,1,s,-1.25,-3.840189958073643e-05,-3.27512329942223e-05,-0.00033718347041209904,-1.6668060241286416e-05,0.0002992141298706619,0.9130801710515086,0.06749157082071927,7.714539297781391e-08,3.4515489579099395e-06,3.3744035649321255e-06
V11-PHASE-IDENTITY-METRIC-CONTROL-TIME-3600,ordered_outgoing_channels,bottom,-1,1,p,-1.25,-3.312294570299006e-05,1.7090761358491942e-05,-0.000247999236616804,-8.609260275602887e-06,0.0002164077436435003,0.9130801710515086,0.06749157082071927,4.207205152645542e-08,1.8648558637369045e-06,1.822783812210449e-06
V11-PHASE-IDENTITY-METRIC-CONTROL-TIME-3600,ordered_outgoing_channels,bottom,0,0,s,-1.25,0.08689041653713767,-0.15155542553142204,0.07718950242782177,-0.12447475436113979,0.028765786719456853,0.9130801710515086,0.06749157082071927,0.045997161454685555,0.032331984498269135,0.01366517695641642
V11-PHASE-IDENTITY-METRIC-CONTROL-TIME-3600,ordered_outgoing_channels,bottom,0,0,p,-1.25,0.0006376892785634906,0.00012177576019594996,2.4167599005431038e-15,5.725178855579965e-15,0.0006492125628495261,0.9130801710515086,0.06749157082071927,6.352353878935274e-07,5.820430999983165e-29,6.352353878935274e-07
V11-PHASE-IDENTITY-METRIC-CONTROL-TIME-3600,ordered_boundary_outgoing_channels,top,-3,-1,s,8.75,4.752344688350875e-06,-1.1816601580071634e-05,-7.855082196187339e-05,7.345092919286605e-05,0.00011920557611986492,0.9095181214967073,0.06548245067588578,5.136620308097303e-09,3.662159813318062e-07,3.610793610237089e-07
V11-PHASE-IDENTITY-METRIC-CONTROL-TIME-3600,ordered_boundary_outgoing_channels,top,-3,-1,p,8.75,-1.0510566732526464e-05,2.3816977294891633e-05,5.531274235513715e-05,-5.254893240889601e-05,0.00010081894754527617,0.9095181214967073,0.06548245067588578,2.1460115962689402e-08,1.843193233752179e-07,1.628592074125285e-07
V11-PHASE-IDENTITY-METRIC-CONTROL-TIME-3600,ordered_boundary_outgoing_channels,top,-3,0,s,8.75,4.133824128777729e-05,1.0855361394995895e-05,0.0002384264874377627,-0.00046734237743567054,0.0005172203149463868,0.9095181214967073,0.06548245067588578,9.063497807139263e-08,1.365740342110789e-05,1.3566768443036498e-05
V11-PHASE-IDENTITY-METRIC-CONTROL-TIME-3600,ordered_boundary_outgoing_channels,top,-3,0,p,8.75,3.6315594598037233e-07,8.062020274551856e-08,-8.953304260694988e-16,-3.7721080122444466e-15,3.7199712290571956e-07,0.9095181214967073,0.06548245067588578,6.866103778333217e-12,7.457653301374714e-28,6.8661037783332165e-12
V11-PHASE-IDENTITY-METRIC-CONTROL-TIME-3600,ordered_boundary_outgoing_channels,top,-3,1,s,8.75,9.351396504893052e-07,-1.0725626462338324e-05,-7.855082196233748e-05,7.345092919581435e-05,0.00011577439533845923,0.9095181214967073,0.06548245067588578,3.6704194409589366e-09,3.6621598134782935e-07,3.6254556190687044e-07
V11-PHASE-IDENTITY-METRIC-CONTROL-TIME-3600,ordered_boundary_outgoing_channels,top,-3,1,p,8.75,1.39514150858565e-05,1.1773990161196425e-05,-5.5312742353573465e-05,5.2548932408382856e-05,8.03748680935498e-05,0.9095181214967073,0.06548245067588578,1.0553006021917319e-08,1.843193233680326e-07,1.7376631734611527e-07
V11-PHASE-IDENTITY-METRIC-CONTROL-TIME-3600,ordered_boundary_outgoing_channels,top,-2,-1,s,8.75,2.5708340835165213e-07,6.045967423249703e-06,-1.6954805776036832e-06,1.8854459868824524e-06,4.5959160938512784e-06,0.9095181214967073,0.06548245067588578,1.5639560830161104e-09,2.745931746845648e-10,1.2893629083315456e-09
V11-PHASE-IDENTITY-METRIC-CONTROL-TIME-3600,ordered_boundary_outgoing_channels,top,-2,-1,p,8.75,1.293406119785242e-05,-2.7999808621103647e-05,0.00017343931198744156,-5.9854094867379096e-05,0.00016363566568229724,0.9095181214967073,0.06548245067588578,4.062715685199796e-08,1.437706929814518e-06,1.39707977296252e-06
V11-PHASE-IDENTITY-METRIC-CONTROL-TIME-3600,ordered_boundary_outgoing_channels,top,-2,0,s,8.75,-9.96467665976094e-05,-4.8666404062738575e-05,-5.6207409492762594e-05,-0.00016425931836508344,0.00012348562500385076,0.9095181214967073,0.06548245067588578,7.046533599428791e-07,1.7270051732052553e-06,1.0223518132623762e-06
V11-PHASE-IDENTITY-METRIC-CONTROL-TIME-3600,ordered_boundary_outgoing_channels,top,-2,0,p,8.75,1.1700354028968411e-07,-8.98082429530588e-07,1.1404235867852477e-15,1.7310012154075433e-16,9.056720591449934e-07,0.9095181214967073,0.06548245067588578,4.699878335437634e-11,7.623760074136061e-29,4.699878335437634e-11
V11-PHASE-IDENTITY-METRIC-CONTROL-TIME-3600,ordered_boundary_outgoing_channels,top,-2,1,s,8.75,8.159399140405627e-06,2.3157193494832182e-05,-1.6954805762582626e-06,1.885445986237883e-06,2.3443674974271868e-05,0.9095181214967073,0.06548245067588578,2.5745675379248262e-08,2.745931743859139e-10,2.547108220486235e-08
V11-PHASE-IDENTITY-METRIC-CONTROL-TIME-3600,ordered_boundary_outgoing_channels,top,-2,1,p,8.75,-2.0156105941104442e-05,-5.700828164372589e-06,-0.00017343931198806085,5.9854094869309646e-05,0.00016671289449225483,0.9095181214967073,0.06548245067588578,1.8738870687621007e-08,1.4377069298335635e-06,1.4189680591459425e-06
V11-PHASE-IDENTITY-METRIC-CONTROL-TIME-3600,ordered_boundary_outgoing_channels,top,-1,-1,s,8.75,-1.58868922818182e-05,-2.268989201307251e-05,-0.00022030138827274493,-0.0002384248695454775,0.00029719836254954684,0.9095181214967073,0.06548245067588578,2.4306389705711754e-08,3.3385088803210597e-06,3.314202490615348e-06
V11-PHASE-IDENTITY-METRIC-CONTROL-TIME-3600,ordered_boundary_outgoing_channels,top,-1,-1,p,8.75,-1.3185161924765405e-05,5.339570321625791e-05,-0.00016206524324860404,-0.0001760155998907599,0.0002734864249067087,0.9095181214967073,0.06548245067588578,9.583322720667756e-08,1.8136268113864188e-06,1.7177935841797411e-06
V11-PHASE-IDENTITY-METRIC-CONTROL-TIME-3600,ordered_boundary_outgoing_channels,top,-1,0,s,8.75,-0.0005225208402108491,-0.0004984387930196031,0.0011543275989399616,-0.0012201900152203147,0.001825580870471295,0.9095181214967073,0.06548245067588578,2.5879036925040856e-05,0.00014001487940183894,0.00011413584247679809
V11-PHASE-IDENTITY-METRIC-CONTROL-TIME-3600,ordered_boundary_outgoing_channels,top,-1,0,p,8.75,6.800787735528929e-06,-8.828264904287782e-06,-1.2513260214317444e-15,1.783924663825131e-15,1.1144010727405011e-05,0.9095181214967073,0.06548245067588578,6.163145796909905e-09,2.3563986760300565e-28,6.163145796909905e-09
V11-PHASE-IDENTITY-METRIC-CONTROL-TIME-3600,ordered_boundary_outgoing_channels,top,-1,1,s,8.75,-6.27190033188302e-05,-0.00012572676035234732,-0.00022030138827282503,-0.00023842486954857905,0.00019373453967786637,0.9095181214967073,0.06548245067588578,6.254098725409674e-07,3.338508880369034e-06,2.7130990078280664e-06
V11-PHASE-IDENTITY-METRIC-CONTROL-TIME-3600,ordered_boundary_outgoing_channels,top,-1,1,p,8.75,3.329262339078743e-05,5.286796942034664e-05,0.00016206524324998136,0.0001760155998905761,0.00017817891714743542,0.9095181214967073,0.06548245067588578,1.2366401936851585e-07,1.8136268113985115e-06,1.6899627920299956e-06
V11-PHASE-IDENTITY-METRIC-CONTROL-TIME-3600,ordered_boundary_outgoing_channels,top,0,0,s,8.75,-0.8534601474539966,-0.2579701830039278,-0.8767420008873494,-0.208758909616445,0.054440739595542784,0.9095181214967073,0.06548245067588578,0.7949428386111022,0.812256818464021,0.017313979852918826
V11-PHASE-IDENTITY-METRIC-CONTROL-TIME-3600,ordered_boundary_outgoing_channels,top,0,0,p,8.75,0.0007574099859546826,4.951735982017952e-05,1.109046864019619e-13,1.6235607409513206e-14,0.00075902691360572,0.9095181214967073,0.06548245067588578,5.761218557473068e-07,1.2563444413870592e-26,5.761218557473068e-07
V11-PHASE-IDENTITY-METRIC-CONTROL-TIME-3600,ordered_boundary_outgoing_channels,bottom,-3,-1,s,-1.25,-2.3506865697474397e-06,-1.6163163610789553e-05,-8.648303367237041e-05,6.939127777564956e-05,0.00011999089244580973,0.9095181214967073,0.06548245067588578,8.280060713176074e-09,3.815929255738811e-07,3.73312864860705e-07
V11-PHASE-IDENTITY-METRIC-CONTROL-TIME-3600,ordered_boundary_outgoing_channels,bottom,-3,-1,p,-1.25,-9.796199513691642e-06,-1.4811158415719916e-05,-5.9889780695573525e-05,5.0452604324837186e-05,8.227226508782605e-05,0.9095181214967073,0.06548245067588578,9.787328507529823e-09,1.903314808729246e-07,1.805441523653948e-07
V11-PHASE-IDENTITY-METRIC-CONTROL-TIME-3600,ordered_boundary_outgoing_channels,bottom,-3,0,s,-1.25,-3.6893184814616004e-05,2.743911578229817e-05,6.074845422874771e-05,-0.0005144750722767751,0.0005506404243195363,0.9095181214967073,0.06548245067588578,1.0404700924351881e-07,1.3208823483228831e-05,1.3104776473985312e-05
V11-PHASE-IDENTITY-METRIC-CONTROL-TIME-3600,ordered_boundary_outgoing_channels,bottom,-3,0,p,-1.25,-2.8258245522040763e-06,-1.0392473453866383e-05,-2.5346697492730613e-16,-7.791468315616378e-17,1.0769809138796512e-05,0.9095181214967073,0.06548245067588578,5.708711999941382e-09,3.46080831114775e-30,5.708711999941382e-09
V11-PHASE-IDENTITY-METRIC-CONTROL-TIME-3600,ordered_boundary_outgoing_channels,bottom,-3,1,s,-1.25,-4.286799929163807e-06,5.1714967734346495e-06,-8.648303367501951e-05,6.939127777451605e-05,0.00010430916121717307,0.9095181214967073,0.06548245067588578,1.4004568265815186e-09,3.8159292558322023e-07,3.8019246875663873e-07
V11-PHASE-IDENTITY-METRIC-CONTROL-TIME-3600,ordered_boundary_outgoing_channels,bottom,-3,1,p,-1.25,1.4271951157067143e-05,-2.0084770643280214e-05,5.9889780696845165e-05,-5.0452604326898695e-05,5.4801384056939265e-05,0.9095181214967073,0.06548245067588578,1.884262234855576e-08,1.903314808841085e-07,1.7148885853555275e-07
V11-PHASE-IDENTITY-METRIC-CONTROL-TIME-3600,ordered_boundary_outgoing_channels,bottom,-2,-1,s,-1.25,-1.9818907290243896e-06,1.4825175354870598e-05,-1.935589521620524e-06,1.6853186586884327e-06,1.3139938272229833e-05,0.9095181214967073,0.06548245067588578,9.450501253471383e-09,2.7825122930511906e-10,9.172250024166263e-09
V11-PHASE-IDENTITY-METRIC-CONTROL-TIME-3600,ordered_boundary_outgoing_channels,bottom,-2,-1,p,-1.25,1.0961758854976945e-05,2.8568493988633234e-05,-0.0001853545253180435,4.1894719858193056e-05,0.0001967680658222483,0.9095181214967073,0.06548245067588578,3.955360507555098e-08,1.5254830024257906e-06,1.4859293973502395e-06
V11-PHASE-IDENTITY-METRIC-CONTROL-TIME-3600,ordered_boundary_outgoing_channels,bottom,-2,0,s,-1.25,5.495378871134403e-05,-9.653350049059677e-05,-1.910128656019509e-05,-0.00018261418318362527,0.00011355191810960827,0.9095181214967073,0.06548245067588578,7.027234656464824e-07,1.9200481909981673e-06,1.2173247253516849e-06
V11-PHASE-IDENTITY-METRIC-CONTROL-TIME-3600,ordered_boundary_outgoing_channels,bottom,-2,0,p,-1.25,3.9325341450031295e-06,1.2424087351189179e-05,-3.081108181661143e-16,-1.9107978283180129e-16,1.3031606628453981e-05,0.9095181214967073,0.06548245067588578,9.67193214607074e-09,7.486128714139298e-30,9.67193214607074e-09
V11-PHASE-IDENTITY-METRIC-CONTROL-TIME-3600,ordered_boundary_outgoing_channels,bottom,-2,1,s,-1.25,-2.5710155956601427e-06,6.670988054796488e-06,-1.9355895217042767e-06,1.6853186594882002e-06,5.025998966849941e-06,0.9095181214967073,0.06548245067588578,2.1591699751910916e-09,2.7825122943269296e-10,1.8809187457583987e-09
V11-PHASE-IDENTITY-METRIC-CONTROL-TIME-3600,ordered_boundary_outgoing_channels,bottom,-2,1,p,-1.25,-1.5151206292923984e-05,2.4062350010633203e-05,0.00018535452531684516,-4.189471985896257e-05,0.0002110755397343603,0.9095181214967073,0.06548245067588578,3.415640847193126e-08,1.5254830024097482e-06,1.491326593937817e-06
V11-PHASE-IDENTITY-METRIC-CONTROL-TIME-3600,ordered_boundary_outgoing_channels,bottom,-1,-1,s,-1.25,2.5032212576672218e-05,-1.5813354538151264e-05,-0.00020705147255067278,-0.00026129824663100645,0.00033782490901076165,0.9095181214967073,0.06548245067588578,2.7224129905845493e-08,3.4515489579344382e-06,3.4243248280285927e-06
V11-PHASE-IDENTITY-METRIC-CONTROL-TIME-3600,ordered_boundary_outgoing_channels,bottom,-1,-1,p,-1.25,-3.144249807471812e-05,-0.00011153423289224956,0.00015499807170421564,0.00018981004150854804,0.00035435639936882285,0.9095181214967073,0.06548245067588578,4.170076010617749e-07,1.8648558637476027e-06,1.4478482626858278e-06
V11-PHASE-IDENTITY-METRIC-CONTROL-TIME-3600,ordered_boundary_outgoing_channels,bottom,-1,0,s,-1.25,6.089707384611486e-05,-0.0007256635622318611,0.0006107069086373302,-0.0012913701554319347,0.0007888693199910725,0.9095181214967073,0.06548245067588578,2.610538765357959e-05,0.00010045454435778903,7.434915670420944e-05
V11-PHASE-IDENTITY-METRIC-CONTROL-TIME-3600,ordered_boundary_outgoing_channels,bottom,-1,0,p,-1.25,2.660549770064783e-05,5.140209070404635e-06,1.0475495179447351e-16,-4.776152653530708e-16,2.7097495404298586e-05,0.9095181214967073,0.06548245067588578,3.6146816098312904e-08,1.1769907587313279e-29,3.6146816098312904e-08
V11-PHASE-IDENTITY-METRIC-CONTROL-TIME-3600,ordered_boundary_outgoing_channels,bottom,-1,1,s,-1.25,-6.64411940953999e-07,-4.983775025565023e-05,-0.00020705147254900414,-0.0002612982466308191,0.0002954846194197995,0.9095181214967073,0.06548245067588578,7.714539297781391e-08,3.4515489579099395e-06,3.3744035649321255e-06
V11-PHASE-IDENTITY-METRIC-CONTROL-TIME-3600,ordered_boundary_outgoing_channels,bottom,-1,1,p,-1.25,-3.425030013757475e-05,-1.3480537043079835e-05,-0.0001549980717030024,-0.00018981004150863128,0.00021371036119730748,0.9095181214967073,0.06548245067588578,4.207205152645542e-08,1.8648558637369045e-06,1.822783812210449e-06
V11-PHASE-IDENTITY-METRIC-CONTROL-TIME-3600,ordered_boundary_outgoing_channels,bottom,0,0,s,-1.25,0.0799277255787284,-0.12204301884682915,0.07050175899447489,-0.09994772920440079,0.024021878994580463,0.9095181214967073,0.06548245067588578,0.045997161454685555,0.032331984498269135,0.01366517695641642
V11-PHASE-IDENTITY-METRIC-CONTROL-TIME-3600,ordered_boundary_outgoing_channels,bottom,0,0,p,-1.25,0.0005255687948886672,0.00013304732232910304,1.7315585978917311e-15,4.892126973773713e-15,0.0005421477180036344,0.9095181214967073,0.06548245067588578,6.352353878935274e-07,5.820430999983165e-29,6.352353878935274e-07
V11-PHASE-IDENTITY-METRIC-CONTROL-TIME-3600,ordered_scattered_channels,top,-3,-1,s,8.75,7.075982812820501e-06,-1.0589963180849202e-05,-9.195140170810291e-05,5.5769259938579254e-05,0.00011920557611986493,0.2468359522790033,0.2496606124859041,5.136620308097303e-09,3.662159813318062e-07,3.610793610237089e-07
V11-PHASE-IDENTITY-METRIC-CONTROL-TIME-3600,ordered_scattered_channels,top,-3,-1,p,8.75,-1.5174148423585604e-05,2.115338365660556e-05,6.49187356517443e-05,-4.008051303985588e-05,0.00010081894754527617,0.2468359522790033,0.2496606124859041,2.1460115962689402e-08,1.843193233752179e-07,1.628592074125285e-07
V11-PHASE-IDENTITY-METRIC-CONTROL-TIME-3600,ordered_scattered_channels,top,-3,0,s,8.75,-4.219320652373284e-05,-6.813397613518365e-06,-0.00019219020094724982,0.00048817928501638765,0.0005172203149463867,0.2468359522790033,0.2496606124859041,9.063497807139263e-08,1.365740342110789e-05,1.3566768443036498e-05
V11-PHASE-IDENTITY-METRIC-CONTROL-TIME-3600,ordered_scattered_channels,top,-3,0,p,8.75,-3.6924325598544363e-07,-4.5180483628395986e-08,1.2553482268998042e-15,3.668039838538298e-15,3.7199712290571956e-07,0.2468359522790033,0.2496606124859041,6.866103778333217e-12,7.457653301374714e-28,6.8661037783332165e-12
V11-PHASE-IDENTITY-METRIC-CONTROL-TIME-3600,ordered_scattered_channels,top,-3,1,s,8.75,3.1161395378776996e-06,-1.0305494823442788e-05,-9.195140170914724e-05,5.5769259941376876e-05,0.00011577439533845921,0.2468359522790033,0.2496606124859041,3.6704194409589366e-09,3.6621598134782935e-07,3.6254556190687044e-07
V11-PHASE-IDENTITY-METRIC-CONTROL-TIME-3600,ordered_scattered_channels,top,-3,1,p,8.75,1.1238505591312308e-05,1.4386271903748512e-05,-6.491873565010715e-05,4.00805130396873e-05,8.03748680935498e-05,0.2468359522790033,0.2496606124859041,1.0553006021917319e-08,1.843193233680326e-07,1.7376631734611527e-07
V11-PHASE-IDENTITY-METRIC-CONTROL-TIME-3600,ordered_scattered_channels,top,-2,-1,s,8.75,5.6104287894590426e-06,-2.2677968957240154e-06,2.3445165024338254e-06,9.658174404606376e-07,4.595916093851279e-06,0.2468359522790033,0.2496606124859041,1.5639560830161104e-09,2.745931746845648e-10,1.2893629083315456e-09
V11-PHASE-IDENTITY-METRIC-CONTROL-TIME-3600,ordered_scattered_channels,top,-2,-1,p,8.75,-3.071492236680356e-05,-2.8058449507067305e-06,-0.00011450210530949539,-0.00014336308972242402,0.00016363566568229726,0.2468359522790033,0.2496606124859041,4.062715685199796e-08,1.437706929814518e-06,1.39707977296252e-06
V11-PHASE-IDENTITY-METRIC-CONTROL-TIME-3600,ordered_scattered_channels,top,-2,0,s,8.75,4.866641677071885e-05,-9.964676039129484e-05,0.0001642593255332033,-5.620738854478225e-05,0.00012348562500385073,0.2468359522790033,0.2496606124859041,7.046533599428791e-07,1.7270051732052553e-06,1.0223518132623762e-06
V11-PHASE-IDENTITY-METRIC-CONTROL-TIME-3600,ordered_scattered_channels,top,-2,0,p,8.75,8.980824146090162e-07,1.1700365482292616e-07,-1.731002669799771e-16,1.1404235647096274e-15,9.056720591449934e-07,0.2468359522790033,0.2496606124859041,4.699878335437634e-11,7.623760074136061e-29,4.699878335437634e-11
V11-PHASE-IDENTITY-METRIC-CONTROL-TIME-3600,ordered_scattered_channels,top,-2,1,s,8.75,1.9085263074062163e-05,-1.544616904877676e-05,2.344516501375749e-06,9.658174394089149e-07,2.3443674974271868e-05,0.2468359522790033,0.2496606124859041,2.5745675379248262e-08,2.745931743859139e-10,2.547108220486235e-08
V11-PHASE-IDENTITY-METRIC-CONTROL-TIME-3600,ordered_scattered_channels,top,-2,1,p,8.75,1.3815020443995844e-06,2.090118419062246e-05,0.00011450210531154583,0.0001433630897223534,0.00016671289449225483,0.2468359522790033,0.2496606124859041,1.8738870687621007e-08,1.4377069298335635e-06,1.4189680591459425e-06
V11-PHASE-IDENTITY-METRIC-CONTROL-TIME-3600,ordered_scattered_channels,top,-1,-1,s,8.75,-1.0969956837780989e-05,-2.5433926022435777e-05,-0.00016753172947578341,-0.00027805078620911914,0.00029719836254954684,0.2468359522790033,0.2496606124859041,2.4306389705711754e-08,3.3385088803210597e-06,3.314202490615348e-06
V11-PHASE-IDENTITY-METRIC-CONTROL-TIME-3600,ordered_scattered_channels,top,-1,-1,p,8.75,-2.3711147794655373e-05,4.9625911449603956e-05,-0.00012312018254764134,-0.00020515373533901306,0.0002734864249067087,0.2468359522790033,0.2496606124859041,9.583322720667756e-08,1.8136268113864188e-06,1.7177935841797411e-06
V11-PHASE-IDENTITY-METRIC-CONTROL-TIME-3600,ordered_scattered_channels,top,-1,0,s,8.75,0.0005690651346247511,0.000444560604863184,-0.0010285581087378939,0.0013279322632823076,0.0018255808704712947,0.2468359522790033,0.2496606124859041,2.5879036925040856e-05,0.00014001487940183894,0.00011413584247679809
V11-PHASE-IDENTITY-METRIC-CONTROL-TIME-3600,ordered_scattered_channels,top,-1,0,p,8.75,-5.898364320222135e-06,9.455066017216935e-06,1.0695710033665002e-15,-1.898478834981676e-15,1.1144010727405011e-05,0.2468359522790033,0.2496606124859041,6.163145796909905e-09,2.3563986760300565e-28,6.163145796909905e-09
V11-PHASE-IDENTITY-METRIC-CONTROL-TIME-3600,ordered_scattered_channels,top,-1,1,s,8.75,-3.599682601668415e-05,-0.00013581281295490404,-0.00016753172947527734,-0.00027805078621216526,0.0001937345396778664,0.2468359522790033,0.2496606124859041,6.254098725409674e-07,3.338508880369034e-06,2.7130990078280664e-06
V11-PHASE-IDENTITY-METRIC-CONTROL-TIME-3600,ordered_scattered_channels,top,-1,1,p,8.75,2.191300321512552e-05,5.850847163414002e-05,0.00012312018254903858,0.0002051537353391292,0.00017817891714743542,0.2468359522790033,0.2496606124859041,1.2366401936851585e-07,1.8136268113985115e-06,1.6899627920299956e-06
V11-PHASE-IDENTITY-METRIC-CONTROL-TIME-3600,ordered_scattered_channels,top,0,0,s,8.75,-0.005804640104735434,0.15652321286451776,-0.01927337511042978,0.20927155222279603,0.05444073959554283,0.2468359522790033,0.2496606124859041,0.7949428386111022,0.812256818464021,0.017313979852918826
V11-PHASE-IDENTITY-METRIC-CONTROL-TIME-3600,ordered_scattered_channels,top,0,0,p,8.75,0.0007529509291759965,-9.584755604598643e-05,1.1185579377514874e-13,-3.735624544869974e-15,0.0007590269136057199,0.2468359522790033,0.2496606124859041,5.761218557473068e-07,1.2563444413870592e-26,5.761218557473068e-07
V11-PHASE-IDENTITY-METRIC-CONTROL-TIME-3600,ordered_scattered_channels,bottom,-3,-1,s,-1.25,-1.3875303158000246e-05,-9.001659004667882e-06,-4.909306826320045e-06,0.00011217325597253238,0.00012150616902014242,0.2468359522790033,0.2496606124859041,8.280060713176074e-09,3.815929255738811e-07,3.73312864860705e-07
V11-PHASE-IDENTITY-METRIC-CONTROL-TIME-3600,ordered_scattered_channels,bottom,-3,-1,p,-1.25,-1.7816958376906867e-05,-2.4303314122073514e-06,-1.5732873804033325e-06,7.928198517251764e-05,8.331122090742023e-05,0.2468359522790033,0.2496606124859041,9.787328507529823e-09,1.903314808729246e-07,1.805441523653948e-07
V11-PHASE-IDENTITY-METRIC-CONTROL-TIME-3600,ordered_scattered_channels,bottom,-3,0,s,-1.25,1.8810534876510506e-05,4.2354478103870385e-05,-0.0004924362020247152,-0.0001736752134377082,0.0005550153634087085,0.2468359522790033,0.2496606124859041,1.0404700924351881e-07,1.3208823483228831e-05,1.3104776473985312e-05
V11-PHASE-IDENTITY-METRIC-CONTROL-TIME-3600,ordered_scattered_channels,bottom,-3,0,p,-1.25,-1.0844889694819981e-05,4.770562526689724e-07,-1.3274970028758873e-16,2.3198170478591657e-16,1.0855377246227905e-05,0.2468359522790033,0.2496606124859041,5.708711999941382e-09,3.46080831114775e-30,5.708711999941382e-09
V11-PHASE-IDENTITY-METRIC-CONTROL-TIME-3600,ordered_scattered_channels,bottom,-3,1,s,-1.25,1.0752433419758939e-06,6.716522940086002e-06,-4.9093068289528565e-06,0.00011217325597378981,0.00010562640476173672,0.2468359522790033,0.2496606124859041,1.4004568265815186e-09,3.8159292558322023e-07,3.8019246875663873e-07
V11-PHASE-IDENTITY-METRIC-CONTROL-TIME-3600,ordered_scattered_channels,bottom,-3,1,p,-1.25,-5.762899689255352e-06,-2.4275611249688835e-05,1.5732873796878703e-06,-7.928198517485518e-05,5.549343035987007e-05,0.2468359522790033,0.2496606124859041,1.884262234855576e-08,1.903314808841085e-07,1.7148885853555275e-07
V11-PHASE-IDENTITY-METRIC-CONTROL-TIME-3600,ordered_scattered_channels,bottom,-2,-1,s,-1.25,1.2903847240177961e-05,7.833780764674526e-06,7.745485652971132e-07,2.471734525870588e-06,1.3261652469113257e-05,0.2468359522790033,0.2496606124859041,9.450501253471383e-09,2.7825122930511906e-10,9.172250024166263e-09
V11-PHASE-IDENTITY-METRIC-CONTROL-TIME-3600,ordered_scattered_channels,bottom,-2,-1,p,-1.25,3.084961313642695e-05,1.4306673721377203e-06,-3.630225008417886e-05,0.00018832341315366003,0.00019859071267246028,0.2468359522790033,0.2496606124859041,3.955360507555098e-08,1.5254830024257906e-06,1.4859293973502395e-06
V11-PHASE-IDENTITY-METRIC-CONTROL-TIME-3600,ordered_scattered_channels,bottom,-2,0,s,-1.25,-9.666737976880804e-05,-5.624926020334719e-05,-0.00018404130862069833,1.7489532595272983e-05,0.00011433115501215329,0.2468359522790033,0.2496606124859041,7.027234656464824e-07,1.9200481909981673e-06,1.2173247253516849e-06
V11-PHASE-IDENTITY-METRIC-CONTROL-TIME-3600,ordered_scattered_channels,bottom,-2,0,p,-1.25,1.2546297549822629e-05,-3.840828647261227e-06,-1.953215047833636e-16,3.0838854490696276e-16,1.3121034521468871e-05,0.2468359522790033,0.2496606124859041,9.67193214607074e-09,7.486128714139298e-30,9.67193214607074e-09
V11-PHASE-IDENTITY-METRIC-CONTROL-TIME-3600,ordered_scattered_channels,bottom,-2,1,s,-1.25,5.126661362787198e-06,5.077482456426123e-06,7.745485660026087e-07,2.4717345262717774e-06,5.072554393147483e-06,0.2468359522790033,0.2496606124859041,2.1591699751910916e-09,2.7825122943269296e-10,1.8809187457583987e-09
V11-PHASE-IDENTITY-METRIC-CONTROL-TIME-3600,ordered_scattered_channels,bottom,-2,1,p,-1.25,1.611262185313712e-05,2.3748425355923935e-05,3.630225008296777e-05,-0.00018832341315285628,0.00021303071557067288,0.2468359522790033,0.2496606124859041,3.415640847193126e-08,1.5254830024097482e-06,1.491326593937817e-06
V11-PHASE-IDENTITY-METRIC-CONTROL-TIME-3600,ordered_scattered_channels,bottom,-1,-1,s,-1.25,4.660152865028734e-06,-2.9618012526046725e-05,-0.00033718347041335536,-1.666806024013619e-05,0.0003420888247813733,0.2468359522790033,0.2496606124859041,2.7224129905845493e-08,3.4515489579344382e-06,3.4243248280285927e-06
V11-PHASE-IDENTITY-METRIC-CONTROL-TIME-3600,ordered_scattered_channels,bottom,-1,-1,p,-1.25,-0.00010593109426582904,-5.04800851903784e-05,0.00024799923661753275,8.609260274615205e-06,0.0003588289702165745,0.2468359522790033,0.2496606124859041,4.170076010617749e-07,1.8648558637476027e-06,1.4478482626858278e-06
V11-PHASE-IDENTITY-METRIC-CONTROL-TIME-3600,ordered_scattered_channels,bottom,-1,0,s,-1.25,-0.000700127974862275,-0.00022039780524834104,-0.0011348134234954131,-0.00088619762079417,0.0007951357328370122,0.2468359522790033,0.2496606124859041,2.610538765357959e-05,0.00010045454435778903,7.434915670420944e-05
V11-PHASE-IDENTITY-METRIC-CONTROL-TIME-3600,ordered_scattered_channels,bottom,-1,0,p,-1.25,1.0939750740186717e-05,-2.5026144595920744e-05,-4.465027736885759e-16,-2.0865938982257457e-16,2.731274536901544e-05,0.2468359522790033,0.2496606124859041,3.6146816098312904e-08,1.1769907587313279e-29,3.6146816098312904e-08
V11-PHASE-IDENTITY-METRIC-CONTROL-TIME-3600,ordered_scattered_channels,bottom,-1,1,s,-1.25,-3.840189958073484e-05,-3.2751232994224315e-05,-0.00033718347041209747,-1.666806024128843e-05,0.0002992141298706619,0.2468359522790033,0.2496606124859041,7.714539297781391e-08,3.4515489579099395e-06,3.3744035649321255e-06
V11-PHASE-IDENTITY-METRIC-CONTROL-TIME-3600,ordered_scattered_channels,bottom,-1,1,p,-1.25,-3.3122945702983825e-05,1.7090761358496187e-05,-0.00024799923661679776,-8.609260275598644e-06,0.0002164077436435003,0.2468359522790033,0.2496606124859041,4.207205152645542e-08,1.8648558637369045e-06,1.822783812210449e-06
V11-PHASE-IDENTITY-METRIC-CONTROL-TIME-3600,ordered_scattered_channels,bottom,0,0,s,-1.25,-0.031906631477665794,0.09549321424130319,-0.041607545586981674,0.12257388541158544,0.02876578671945685,0.2468359522790033,0.2496606124859041,0.045997161454685555,0.032331984498269135,0.01366517695641642
V11-PHASE-IDENTITY-METRIC-CONTROL-TIME-3600,ordered_scattered_channels,bottom,0,0,p,-1.25,0.0006376892785637397,0.00012177576019619158,2.6658179463359154e-15,5.966790876859179e-15,0.0006492125628495261,0.2468359522790033,0.2496606124859041,6.352353878935274e-07,5.820430999983165e-29,6.352353878935274e-07
V11-PHASE-BLOCK-METRIC-TIME-3600,ordered_total_channels,top,-3,-1,s,8.75,5.4118361332799504e-06,-5.8409788338815735e-06,-9.195140170809825e-05,5.576925993858354e-05,0.00011521901581144037,0.4382342339399896,0.05768994412118367,2.007728701716001e-09,3.662159813318062e-07,3.642082526300902e-07
V11-PHASE-BLOCK-METRIC-TIME-3600,ordered_total_channels,top,-3,-1,p,8.75,-7.4773511247117465e-06,9.794217350986814e-06,6.491873565175626e-05,-4.0080513039853855e-05,8.791292346467003e-05,0.4382342339399896,0.05768994412118367,4.807955739884136e-09,1.843193233752179e-07,1.7951136763533374e-07
V11-PHASE-BLOCK-METRIC-TIME-3600,ordered_total_channels,top,-3,0,s,8.75,-2.726409448422775e-05,-2.5451020816692114e-05,-0.0001921902009470994,0.00048817928501632254,0.0005394596478543309,0.4382342339399896,0.05768994412118367,6.902159154796449e-08,1.365740342110789e-05,1.3588381829559926e-05
V11-PHASE-BLOCK-METRIC-TIME-3600,ordered_total_channels,top,-3,0,p,8.75,-2.101343223932724e-06,5.656295635446911e-07,1.2553482268998042e-15,3.668039838538298e-15,2.1761388165854823e-06,0.4382342339399896,0.05768994412118367,2.349656607532543e-10,7.457653301374714e-28,2.349656607532543e-10
V11-PHASE-BLOCK-METRIC-TIME-3600,ordered_total_channels,top,-3,1,s,8.75,1.2367826073609494e-06,-1.540308124348961e-05,-9.195140170915746e-05,5.576925994137385e-05,0.00011725843187568228,0.4382342339399896,0.05768994412118367,7.561147381850749e-09,3.6621598134782935e-07,3.586548339659786e-07
V11-PHASE-BLOCK-METRIC-TIME-3600,ordered_total_channels,top,-3,1,p,8.75,4.274412569688069e-06,-1.787761687783516e-06,-6.491873565012055e-05,4.0080513039672495e-05,8.087424923436469e-05,0.4382342339399896,0.05768994412118367,6.797460176465361e-10,1.843193233680326e-07,1.8363957735038605e-07
V11-PHASE-BLOCK-METRIC-TIME-3600,ordered_total_channels,top,-2,-1,s,8.75,6.606548025610443e-06,-6.756067236240221e-07,2.344516502433825e-06,9.65817440460633e-07,4.5671857845934205e-06,0.4382342339399896,0.05768994412118367,1.8835440304190913e-09,2.745931746845648e-10,1.6089508557345266e-09
V11-PHASE-BLOCK-METRIC-TIME-3600,ordered_total_channels,top,-2,-1,p,8.75,-1.3722433687693381e-05,-3.724033887723005e-06,-0.00011450210530953003,-0.00014336308972240936,0.00017220803734613514,0.4382342339399896,0.05768994412118367,8.634414551657055e-09,1.437706929814518e-06,1.429072515262861e-06
V11-PHASE-BLOCK-METRIC-TIME-3600,ordered_total_channels,top,-2,0,s,8.75,0.00010611302107886597,-8.931801765826777e-05,0.00016425932553326252,-5.6207388544626634e-05,6.691267803641158e-05,0.4382342339399896,0.05768994412118367,1.1022939081147718e-06,1.7270051732052553e-06,6.247112650904835e-07
V11-PHASE-BLOCK-METRIC-TIME-3600,ordered_total_channels,top,-2,0,p,8.75,-5.4502461059413e-07,-2.3218823514439793e-06,-1.731002669799771e-16,1.1404235647096274e-15,2.384992554539212e-06,0.4382342339399896,0.05768994412118367,3.25925793360788e-10,7.623760074136061e-29,3.25925793360788e-10
V11-PHASE-BLOCK-METRIC-TIME-3600,ordered_total_channels,top,-2,1,s,8.75,1.8014946025683443e-05,-1.3284204222750092e-05,2.3445165013757525e-06,9.658174394089157e-07,2.1180780883817648e-05,0.4382342339399896,0.05768994412118367,2.139702502113188e-08,2.745931743859139e-10,2.112243184674597e-08
V11-PHASE-BLOCK-METRIC-TIME-3600,ordered_total_channels,top,-2,1,p,8.75,1.58433892600237e-05,-1.0770737434890503e-06,0.0001145021053115565,0.0001433630897223461,0.00017491856126487592,0.4382342339399896,0.05768994412118367,1.0769787332085163e-08,1.4377069298335635e-06,1.4269371425014783e-06
V11-PHASE-BLOCK-METRIC-TIME-3600,ordered_total_channels,top,-1,-1,s,8.75,-4.082214360465812e-06,-3.646306252926352e-05,-0.0001675317294758279,-0.0002780507862091289,0.00029168539940193435,0.4382342339399896,0.05768994412118367,4.264948718635935e-08,3.3385088803210597e-06,3.2958593931347003e-06
V11-PHASE-BLOCK-METRIC-TIME-3600,ordered_total_channels,top,-1,-1,p,8.75,-2.0304700606541e-05,2.700163760996135e-05,-0.00012312018254765662,-0.00020515373533905003,0.00025390380169638743,0.4382342339399896,0.05768994412118367,3.615964473382324e-08,1.8136268113864188e-06,1.7774671666525955e-06
V11-PHASE-BLOCK-METRIC-TIME-3600,ordered_total_channels,top,-1,0,s,8.75,0.0007530171331469237,0.0009161640620633294,-0.0010285581087383054,0.0013279322632824794,0.0018285413295940748,0.4382342339399896,0.05768994412118367,6.979520677923386e-05,0.00014001487940183894,7.021967262260507e-05
V11-PHASE-BLOCK-METRIC-TIME-3600,ordered_total_channels,top,-1,0,p,8.75,-1.3193837253648406e-06,-7.879117283168952e-06,1.0695710033665002e-15,-1.898478834981676e-15,7.988821098860268e-06,0.4382342339399896,0.05768994412118367,3.1672678356806323e-09,2.3563986760300565e-28,3.1672678356806323e-09
V11-PHASE-BLOCK-METRIC-TIME-3600,ordered_total_channels,top,-1,1,s,8.75,-1.739258240922672e-05,-9.803165946958477e-05,-0.0001675317294752791,-0.00027805078621218255,0.00023441128273803116,0.4382342339399896,0.05768994412118367,3.140438472245505e-07,3.338508880369034e-06,3.0244650331444836e-06
V11-PHASE-BLOCK-METRIC-TIME-3600,ordered_total_channels,top,-1,1,p,8.75,-1.2960210279030572e-05,-1.7667788496338577e-05,0.00012312018254904267,0.00020515373533914856,0.00026108869143762485,0.4382342339399896,0.05768994412118367,1.5210580049017064e-08,1.8136268113985115e-06,1.7984162313494944e-06
V11-PHASE-BLOCK-METRIC-TIME-3600,ordered_total_channels,top,0,0,s,8.75,0.03944399565257462,-0.3978173227262129,0.026785429987131376,-0.4121567714282053,0.019127442949422428,0.4382342339399896,0.05768994412118367,0.7887439988791914,0.812256818464021,0.023512819584829536
V11-PHASE-BLOCK-METRIC-TIME-3600,ordered_total_channels,top,0,0,p,8.75,0.0013081111835433975,0.00019037771427574498,1.1196540890151039e-13,-5.214558791588342e-15,0.0013218920312617157,0.4382342339399896,0.05768994412118367,1.7473985426037812e-06,1.2563444413870592e-26,1.7473985426037812e-06
V11-PHASE-BLOCK-METRIC-TIME-3600,ordered_total_channels,bottom,-3,-1,s,-1.25,-6.492392854258128e-06,-2.2242414605376557e-06,-4.909306826319978e-06,0.00011217325597253058,0.00011440845065081821,0.4382342339399896,0.05768994412118367,1.4255974140560141e-09,3.815929255738811e-07,3.801673281598251e-07
V11-PHASE-BLOCK-METRIC-TIME-3600,ordered_total_channels,bottom,-3,-1,p,-1.25,4.202004592378245e-06,1.581040664198348e-05,-1.5732873803997091e-06,7.928198517251047e-05,6.373378443594642e-05,0.4382342339399896,0.05768994412118367,8.100626085405962e-09,1.903314808729246e-07,1.8223085478751865e-07
V11-PHASE-BLOCK-METRIC-TIME-3600,ordered_total_channels,bottom,-3,0,s,-1.25,1.5928520956267464e-05,1.9772762157878702e-05,-0.0004924362020247129,-0.0001736752134376343,0.000543927210969934,0.4382342339399896,0.05768994412118367,3.123146988484111e-08,1.3208823483228831e-05,1.317759201334399e-05
V11-PHASE-BLOCK-METRIC-TIME-3600,ordered_total_channels,bottom,-3,0,p,-1.25,-1.1771012408744818e-05,-1.0490342275485038e-06,-1.3274970028758873e-16,2.3198170478591657e-16,1.1817664995029868e-05,0.4382342339399896,0.05768994412118367,6.765682937752487e-09,3.46080831114775e-30,6.765682937752487e-09
V11-PHASE-BLOCK-METRIC-TIME-3600,ordered_total_channels,bottom,-3,1,s,-1.25,-4.028059742601553e-06,-8.176776870660231e-08,-4.909306828951654e-06,0.00011217325597379069,0.00011225848276124096,0.4382342339399896,0.05768994412118367,4.91316485161247e-10,3.8159292558322023e-07,3.81101609098059e-07
V11-PHASE-BLOCK-METRIC-TIME-3600,ordered_total_channels,bottom,-3,1,p,-1.25,4.185505208103191e-06,-1.1593112837052104e-05,1.5732873796791848e-06,-7.9281985174855e-05,6.773925833921209e-05,0.4382342339399896,0.05768994412118367,4.598348646569602e-09,1.903314808841085e-07,1.8573313223753892e-07
V11-PHASE-BLOCK-METRIC-TIME-3600,ordered_total_channels,bottom,-2,-1,s,-1.25,1.4866930690815119e-05,8.160086208463123e-06,7.745485652971132e-07,2.4717345258705883e-06,1.519712403175261e-05,0.4382342339399896,0.05768994412118367,1.1927833265137786e-08,2.7825122930511906e-10,1.1649582035832666e-08
V11-PHASE-BLOCK-METRIC-TIME-3600,ordered_total_channels,bottom,-2,-1,p,-1.25,-7.5990959719195005e-06,-1.1276691656825352e-05,-3.630225008417201e-05,0.0001883234131536643,0.00020165334833904984,0.4382342339399896,0.05768994412118367,7.668564552506953e-09,1.5254830024257906e-06,1.5178144378732836e-06
V11-PHASE-BLOCK-METRIC-TIME-3600,ordered_total_channels,bottom,-2,0,s,-1.25,-9.769610487643498e-05,-1.4729397042894174e-05,-0.00018404130862068258,1.7489532595230964e-05,9.216047762822244e-05,0.4382342339399896,0.05768994412118367,5.483943019066176e-07,1.9200481909981673e-06,1.3716538890915497e-06
V11-PHASE-BLOCK-METRIC-TIME-3600,ordered_total_channels,bottom,-2,0,p,-1.25,1.3318079083787894e-05,-1.1878902776038518e-06,-1.953215047833636e-16,3.0838854490696276e-16,1.3370950370096719e-05,0.4382342339399896,0.05768994412118367,1.0043882847258486e-08,7.486128714139298e-30,1.0043882847258486e-08
V11-PHASE-BLOCK-METRIC-TIME-3600,ordered_total_channels,bottom,-2,1,s,-1.25,6.754532327127283e-06,6.621556166762545e-06,7.745485660026084e-07,2.4717345262717786e-06,7.278820332389053e-06,0.4382342339399896,0.05768994412118367,3.7104346653246423e-09,2.7825122943269296e-10,3.4321834358919494e-09
V11-PHASE-BLOCK-METRIC-TIME-3600,ordered_total_channels,bottom,-2,1,p,-1.25,-5.850338741197973e-06,1.1911037386881368e-05,3.630225008297548e-05,-0.00018832341315286793,0.00020462325363344007,0.4382342339399896,0.05768994412118367,7.303165905202726e-09,1.5254830024097482e-06,1.5181798365045454e-06
V11-PHASE-BLOCK-METRIC-TIME-3600,ordered_total_channels,bottom,-1,-1,s,-1.25,-3.570198889487712e-05,-4.959968567627064e-05,-0.00033718347041335526,-1.6668060240140516e-05,0.000303274752744837,0.4382342339399896,0.05768994412118367,1.1310565395734617e-07,3.4515489579344382e-06,3.338443303977092e-06
V11-PHASE-BLOCK-METRIC-TIME-3600,ordered_total_channels,bottom,-1,-1,p,-1.25,-1.5999298757941164e-05,-9.255919889779718e-06,0.0002479992366175502,8.609260274623294e-06,0.00026460232679005515,0.4382342339399896,0.05768994412118367,1.0346714219248053e-08,1.8648558637476027e-06,1.8545091495283546e-06
V11-PHASE-BLOCK-METRIC-TIME-3600,ordered_total_channels,bottom,-1,0,s,-1.25,-0.0009963659439628616,-0.00010457558921160829,-0.0011348134234953988,-0.0008861976207941805,0.0007937888288733849,0.4382342339399896,0.05768994412118367,4.8633452886806846e-05,0.00010045454435778903,5.182109147098218e-05
V11-PHASE-BLOCK-METRIC-TIME-3600,ordered_total_channels,bottom,-1,0,p,-1.25,-9.492233395467481e-06,-1.0273169090989925e-05,-4.465027736885759e-16,-2.0865938982257457e-16,1.3987154749745748e-05,0.4382342339399896,0.05768994412118367,9.479776480895325e-09,1.1769907587313279e-29,9.479776480895325e-09
V11-PHASE-BLOCK-METRIC-TIME-3600,ordered_total_channels,bottom,-1,1,s,-1.25,-2.9917661641664378e-05,-2.7971594906737595e-05,-0.00033718347041209904,-1.6668060241286416e-05,0.00030747365274976386,0.4382342339399896,0.05768994412118367,5.080167015644679e-08,3.4515489579099395e-06,3.4007472877534926e-06
V11-PHASE-BLOCK-METRIC-TIME-3600,ordered_total_channels,bottom,-1,1,p,-1.25,-1.5634456309793546e-05,4.639127192480982e-05,-0.000247999236616804,-8.609260275602887e-06,0.00023878536318094095,0.4382342339399896,0.05768994412118367,7.257960469119839e-08,1.8648558637369045e-06,1.792276259045706e-06
V11-PHASE-BLOCK-METRIC-TIME-3600,ordered_total_channels,bottom,0,0,s,-1.25,0.07839701828564422,-0.10825242371452398,0.07718950242782177,-0.12447475436113979,0.016267209538056094,0.4382342339399896,0.05768994412118367,0.02692502330561185,0.032331984498269135,0.005406961192657284
V11-PHASE-BLOCK-METRIC-TIME-3600,ordered_total_channels,bottom,0,0,p,-1.25,0.0011407132035874139,0.0005054629563251958,2.4167599005431038e-15,5.725178855579965e-15,0.0012476856226807964,0.4382342339399896,0.05768994412118367,2.3462333018449904e-06,5.820430999983165e-29,2.3462333018449904e-06
V11-PHASE-BLOCK-METRIC-TIME-3600,ordered_outgoing_channels,top,-3,-1,s,8.75,5.4118361332799504e-06,-5.8409788338815735e-06,-9.195140170809825e-05,5.576925993858354e-05,0.00011521901581144037,0.9130801710515086,0.027688377504543928,2.007728701716001e-09,3.662159813318062e-07,3.642082526300902e-07
V11-PHASE-BLOCK-METRIC-TIME-3600,ordered_outgoing_channels,top,-3,-1,p,8.75,-7.4773511247117465e-06,9.794217350986814e-06,6.491873565175626e-05,-4.0080513039853855e-05,8.791292346467003e-05,0.9130801710515086,0.027688377504543928,4.807955739884136e-09,1.843193233752179e-07,1.7951136763533374e-07
V11-PHASE-BLOCK-METRIC-TIME-3600,ordered_outgoing_channels,top,-3,0,s,8.75,-2.726409448422775e-05,-2.5451020816692114e-05,-0.0001921902009470994,0.00048817928501632254,0.0005394596478543309,0.9130801710515086,0.027688377504543928,6.902159154796449e-08,1.365740342110789e-05,1.3588381829559926e-05
V11-PHASE-BLOCK-METRIC-TIME-3600,ordered_outgoing_channels,top,-3,0,p,8.75,-2.101343223932724e-06,5.656295635446911e-07,1.2553482268998042e-15,3.668039838538298e-15,2.1761388165854823e-06,0.9130801710515086,0.027688377504543928,2.349656607532543e-10,7.457653301374714e-28,2.349656607532543e-10
V11-PHASE-BLOCK-METRIC-TIME-3600,ordered_outgoing_channels,top,-3,1,s,8.75,1.2367826073609494e-06,-1.540308124348961e-05,-9.195140170915746e-05,5.576925994137385e-05,0.00011725843187568228,0.9130801710515086,0.027688377504543928,7.561147381850749e-09,3.6621598134782935e-07,3.586548339659786e-07
V11-PHASE-BLOCK-METRIC-TIME-3600,ordered_outgoing_channels,top,-3,1,p,8.75,4.274412569688069e-06,-1.787761687783516e-06,-6.491873565012055e-05,4.0080513039672495e-05,8.087424923436469e-05,0.9130801710515086,0.027688377504543928,6.797460176465361e-10,1.843193233680326e-07,1.8363957735038605e-07
V11-PHASE-BLOCK-METRIC-TIME-3600,ordered_outgoing_channels,top,-2,-1,s,8.75,6.606548025610443e-06,-6.756067236240221e-07,2.344516502433825e-06,9.65817440460633e-07,4.5671857845934205e-06,0.9130801710515086,0.027688377504543928,1.8835440304190913e-09,2.745931746845648e-10,1.6089508557345266e-09
V11-PHASE-BLOCK-METRIC-TIME-3600,ordered_outgoing_channels,top,-2,-1,p,8.75,-1.3722433687693381e-05,-3.724033887723005e-06,-0.00011450210530953003,-0.00014336308972240936,0.00017220803734613514,0.9130801710515086,0.027688377504543928,8.634414551657055e-09,1.437706929814518e-06,1.429072515262861e-06
V11-PHASE-BLOCK-METRIC-TIME-3600,ordered_outgoing_channels,top,-2,0,s,8.75,0.00010611302107886597,-8.931801765826777e-05,0.00016425932553326252,-5.6207388544626634e-05,6.691267803641158e-05,0.9130801710515086,0.027688377504543928,1.1022939081147718e-06,1.7270051732052553e-06,6.247112650904835e-07
V11-PHASE-BLOCK-METRIC-TIME-3600,ordered_outgoing_channels,top,-2,0,p,8.75,-5.4502461059413e-07,-2.3218823514439793e-06,-1.731002669799771e-16,1.1404235647096274e-15,2.384992554539212e-06,0.9130801710515086,0.027688377504543928,3.25925793360788e-10,7.623760074136061e-29,3.25925793360788e-10
V11-PHASE-BLOCK-METRIC-TIME-3600,ordered_outgoing_channels,top,-2,1,s,8.75,1.8014946025683443e-05,-1.3284204222750092e-05,2.3445165013757525e-06,9.658174394089157e-07,2.1180780883817648e-05,0.9130801710515086,0.027688377504543928,2.139702502113188e-08,2.745931743859139e-10,2.112243184674597e-08
V11-PHASE-BLOCK-METRIC-TIME-3600,ordered_outgoing_channels,top,-2,1,p,8.75,1.58433892600237e-05,-1.0770737434890503e-06,0.0001145021053115565,0.0001433630897223461,0.00017491856126487592,0.9130801710515086,0.027688377504543928,1.0769787332085163e-08,1.4377069298335635e-06,1.4269371425014783e-06
V11-PHASE-BLOCK-METRIC-TIME-3600,ordered_outgoing_channels,top,-1,-1,s,8.75,-4.082214360465812e-06,-3.646306252926352e-05,-0.0001675317294758279,-0.0002780507862091289,0.00029168539940193435,0.9130801710515086,0.027688377504543928,4.264948718635935e-08,3.3385088803210597e-06,3.2958593931347003e-06
V11-PHASE-BLOCK-METRIC-TIME-3600,ordered_outgoing_channels,top,-1,-1,p,8.75,-2.0304700606541e-05,2.700163760996135e-05,-0.00012312018254765662,-0.00020515373533905003,0.00025390380169638743,0.9130801710515086,0.027688377504543928,3.615964473382324e-08,1.8136268113864188e-06,1.7774671666525955e-06
V11-PHASE-BLOCK-METRIC-TIME-3600,ordered_outgoing_channels,top,-1,0,s,8.75,0.0007530171331469237,0.0009161640620633294,-0.0010285581087383054,0.0013279322632824794,0.0018285413295940748,0.9130801710515086,0.027688377504543928,6.979520677923386e-05,0.00014001487940183894,7.021967262260507e-05
V11-PHASE-BLOCK-METRIC-TIME-3600,ordered_outgoing_channels,top,-1,0,p,8.75,-1.3193837253648406e-06,-7.879117283168952e-06,1.0695710033665002e-15,-1.898478834981676e-15,7.988821098860268e-06,0.9130801710515086,0.027688377504543928,3.1672678356806323e-09,2.3563986760300565e-28,3.1672678356806323e-09
V11-PHASE-BLOCK-METRIC-TIME-3600,ordered_outgoing_channels,top,-1,1,s,8.75,-1.739258240922672e-05,-9.803165946958477e-05,-0.0001675317294752791,-0.00027805078621218255,0.00023441128273803116,0.9130801710515086,0.027688377504543928,3.140438472245505e-07,3.338508880369034e-06,3.0244650331444836e-06
V11-PHASE-BLOCK-METRIC-TIME-3600,ordered_outgoing_channels,top,-1,1,p,8.75,-1.2960210279030572e-05,-1.7667788496338577e-05,0.00012312018254904267,0.00020515373533914856,0.00026108869143762485,0.9130801710515086,0.027688377504543928,1.5210580049017064e-08,1.8136268113985115e-06,1.7984162313494944e-06
V11-PHASE-BLOCK-METRIC-TIME-3600,ordered_outgoing_channels,top,0,0,s,8.75,-0.8878050161218061,-0.023372039455833382,-0.9004635817872493,-0.03771148815782577,0.019127442949422403,0.9130801710515086,0.027688377504543928,0.7887439988791914,0.812256818464021,0.023512819584829536
V11-PHASE-BLOCK-METRIC-TIME-3600,ordered_outgoing_channels,top,0,0,p,8.75,0.0013081111835433975,0.00019037771427574498,1.1196540890151039e-13,-5.214558791588342e-15,0.0013218920312617157,0.9130801710515086,0.027688377504543928,1.7473985426037812e-06,1.2563444413870592e-26,1.7473985426037812e-06
V11-PHASE-BLOCK-METRIC-TIME-3600,ordered_outgoing_channels,bottom,-3,-1,s,-1.25,-6.492392854258128e-06,-2.2242414605376557e-06,-4.909306826319978e-06,0.00011217325597253058,0.00011440845065081821,0.9130801710515086,0.027688377504543928,1.4255974140560141e-09,3.815929255738811e-07,3.801673281598251e-07
V11-PHASE-BLOCK-METRIC-TIME-3600,ordered_outgoing_channels,bottom,-3,-1,p,-1.25,4.202004592378245e-06,1.581040664198348e-05,-1.5732873803997091e-06,7.928198517251047e-05,6.373378443594642e-05,0.9130801710515086,0.027688377504543928,8.100626085405962e-09,1.903314808729246e-07,1.8223085478751865e-07
V11-PHASE-BLOCK-METRIC-TIME-3600,ordered_outgoing_channels,bottom,-3,0,s,-1.25,1.5928520956267464e-05,1.9772762157878702e-05,-0.0004924362020247129,-0.0001736752134376343,0.000543927210969934,0.9130801710515086,0.027688377504543928,3.123146988484111e-08,1.3208823483228831e-05,1.317759201334399e-05
V11-PHASE-BLOCK-METRIC-TIME-3600,ordered_outgoing_channels,bottom,-3,0,p,-1.25,-1.1771012408744818e-05,-1.0490342275485038e-06,-1.3274970028758873e-16,2.3198170478591657e-16,1.1817664995029868e-05,0.9130801710515086,0.027688377504543928,6.765682937752487e-09,3.46080831114775e-30,6.765682937752487e-09
V11-PHASE-BLOCK-METRIC-TIME-3600,ordered_outgoing_channels,bottom,-3,1,s,-1.25,-4.028059742601553e-06,-8.176776870660231e-08,-4.909306828951654e-06,0.00011217325597379069,0.00011225848276124096,0.9130801710515086,0.027688377504543928,4.91316485161247e-10,3.8159292558322023e-07,3.81101609098059e-07
V11-PHASE-BLOCK-METRIC-TIME-3600,ordered_outgoing_channels,bottom,-3,1,p,-1.25,4.185505208103191e-06,-1.1593112837052104e-05,1.5732873796791848e-06,-7.9281985174855e-05,6.773925833921209e-05,0.9130801710515086,0.027688377504543928,4.598348646569602e-09,1.903314808841085e-07,1.8573313223753892e-07
V11-PHASE-BLOCK-METRIC-TIME-3600,ordered_outgoing_channels,bottom,-2,-1,s,-1.25,1.4866930690815119e-05,8.160086208463123e-06,7.745485652971132e-07,2.4717345258705883e-06,1.519712403175261e-05,0.9130801710515086,0.027688377504543928,1.1927833265137786e-08,2.7825122930511906e-10,1.1649582035832666e-08
V11-PHASE-BLOCK-METRIC-TIME-3600,ordered_outgoing_channels,bottom,-2,-1,p,-1.25,-7.5990959719195005e-06,-1.1276691656825352e-05,-3.630225008417201e-05,0.0001883234131536643,0.00020165334833904984,0.9130801710515086,0.027688377504543928,7.668564552506953e-09,1.5254830024257906e-06,1.5178144378732836e-06
V11-PHASE-BLOCK-METRIC-TIME-3600,ordered_outgoing_channels,bottom,-2,0,s,-1.25,-9.769610487643498e-05,-1.4729397042894174e-05,-0.00018404130862068258,1.7489532595230964e-05,9.216047762822244e-05,0.9130801710515086,0.027688377504543928,5.483943019066176e-07,1.9200481909981673e-06,1.3716538890915497e-06
V11-PHASE-BLOCK-METRIC-TIME-3600,ordered_outgoing_channels,bottom,-2,0,p,-1.25,1.3318079083787894e-05,-1.1878902776038518e-06,-1.953215047833636e-16,3.0838854490696276e-16,1.3370950370096719e-05,0.9130801710515086,0.027688377504543928,1.0043882847258486e-08,7.486128714139298e-30,1.0043882847258486e-08
V11-PHASE-BLOCK-METRIC-TIME-3600,ordered_outgoing_channels,bottom,-2,1,s,-1.25,6.754532327127283e-06,6.621556166762545e-06,7.745485660026084e-07,2.4717345262717786e-06,7.278820332389053e-06,0.9130801710515086,0.027688377504543928,3.7104346653246423e-09,2.7825122943269296e-10,3.4321834358919494e-09
V11-PHASE-BLOCK-METRIC-TIME-3600,ordered_outgoing_channels,bottom,-2,1,p,-1.25,-5.850338741197973e-06,1.1911037386881368e-05,3.630225008297548e-05,-0.00018832341315286793,0.00020462325363344007,0.9130801710515086,0.027688377504543928,7.303165905202726e-09,1.5254830024097482e-06,1.5181798365045454e-06
V11-PHASE-BLOCK-METRIC-TIME-3600,ordered_outgoing_channels,bottom,-1,-1,s,-1.25,-3.570198889487712e-05,-4.959968567627064e-05,-0.00033718347041335526,-1.6668060240140516e-05,0.000303274752744837,0.9130801710515086,0.027688377504543928,1.1310565395734617e-07,3.4515489579344382e-06,3.338443303977092e-06
V11-PHASE-BLOCK-METRIC-TIME-3600,ordered_outgoing_channels,bottom,-1,-1,p,-1.25,-1.5999298757941164e-05,-9.255919889779718e-06,0.0002479992366175502,8.609260274623294e-06,0.00026460232679005515,0.9130801710515086,0.027688377504543928,1.0346714219248053e-08,1.8648558637476027e-06,1.8545091495283546e-06
V11-PHASE-BLOCK-METRIC-TIME-3600,ordered_outgoing_channels,bottom,-1,0,s,-1.25,-0.0009963659439628616,-0.00010457558921160829,-0.0011348134234953988,-0.0008861976207941805,0.0007937888288733849,0.9130801710515086,0.027688377504543928,4.8633452886806846e-05,0.00010045454435778903,5.182109147098218e-05
V11-PHASE-BLOCK-METRIC-TIME-3600,ordered_outgoing_channels,bottom,-1,0,p,-1.25,-9.492233395467481e-06,-1.0273169090989925e-05,-4.465027736885759e-16,-2.0865938982257457e-16,1.3987154749745748e-05,0.9130801710515086,0.027688377504543928,9.479776480895325e-09,1.1769907587313279e-29,9.479776480895325e-09
V11-PHASE-BLOCK-METRIC-TIME-3600,ordered_outgoing_channels,bottom,-1,1,s,-1.25,-2.9917661641664378e-05,-2.7971594906737595e-05,-0.00033718347041209904,-1.6668060241286416e-05,0.00030747365274976386,0.9130801710515086,0.027688377504543928,5.080167015644679e-08,3.4515489579099395e-06,3.4007472877534926e-06
V11-PHASE-BLOCK-METRIC-TIME-3600,ordered_outgoing_channels,bottom,-1,1,p,-1.25,-1.5634456309793546e-05,4.639127192480982e-05,-0.000247999236616804,-8.609260275602887e-06,0.00023878536318094095,0.9130801710515086,0.027688377504543928,7.257960469119839e-08,1.8648558637369045e-06,1.792276259045706e-06
V11-PHASE-BLOCK-METRIC-TIME-3600,ordered_outgoing_channels,bottom,0,0,s,-1.25,0.07839701828564422,-0.10825242371452398,0.07718950242782177,-0.12447475436113979,0.016267209538056094,0.9130801710515086,0.027688377504543928,0.02692502330561185,0.032331984498269135,0.005406961192657284
V11-PHASE-BLOCK-METRIC-TIME-3600,ordered_outgoing_channels,bottom,0,0,p,-1.25,0.0011407132035874139,0.0005054629563251958,2.4167599005431038e-15,5.725178855579965e-15,0.0012476856226807964,0.9130801710515086,0.027688377504543928,2.3462333018449904e-06,5.820430999983165e-29,2.3462333018449904e-06
V11-PHASE-BLOCK-METRIC-TIME-3600,ordered_boundary_outgoing_channels,top,-3,-1,s,8.75,4.0981030435936675e-06,-6.827192359631839e-06,-7.855082196187339e-05,7.345092919286605e-05,0.00011521901581144036,0.9095181214967073,0.025985643578738574,2.007728701716001e-09,3.662159813318062e-07,3.642082526300902e-07
V11-PHASE-BLOCK-METRIC-TIME-3600,ordered_boundary_outgoing_channels,top,-3,-1,p,8.75,-5.308459022806779e-06,1.1120150006352455e-05,5.531274235513715e-05,-5.254893240889601e-05,8.791292346467003e-05,0.9095181214967073,0.025985643578738574,4.807955739884136e-09,1.843193233752179e-07,1.7951136763533374e-07
V11-PHASE-BLOCK-METRIC-TIME-3600,ordered_boundary_outgoing_channels,top,-3,0,s,8.75,2.4679396562194553e-05,2.796448987524237e-05,0.0002384264874377627,-0.00046734237743567054,0.0005394596478543309,0.9095181214967073,0.025985643578738574,6.902159154796449e-08,1.365740342110789e-05,1.3588381829559926e-05
V11-PHASE-BLOCK-METRIC-TIME-3600,ordered_boundary_outgoing_channels,top,-3,0,p,8.75,2.1461379244932582e-06,-3.601002040758971e-07,-8.953304260694988e-16,-3.7721080122444466e-15,2.1761388165854823e-06,0.9095181214967073,0.025985643578738574,2.349656607532543e-10,7.457653301374714e-28,2.349656607532543e-10
V11-PHASE-BLOCK-METRIC-TIME-3600,ordered_boundary_outgoing_channels,top,-3,1,s,8.75,-1.9502498841494912e-06,-1.5329092223637603e-05,-7.855082196233748e-05,7.345092919581435e-05,0.00011725843187568228,0.9095181214967073,0.025985643578738574,7.561147381850749e-09,3.6621598134782935e-07,3.586548339659786e-07
V11-PHASE-BLOCK-METRIC-TIME-3600,ordered_boundary_outgoing_channels,top,-3,1,p,8.75,3.816604369517353e-06,-2.626828078652079e-06,-5.5312742353573465e-05,5.2548932408382856e-05,8.087424923436469e-05,0.9095181214967073,0.025985643578738574,6.797460176465361e-10,1.843193233680326e-07,1.8363957735038605e-07
V11-PHASE-BLOCK-METRIC-TIME-3600,ordered_boundary_outgoing_channels,top,-2,-1,s,8.75,-1.5768191942169879e-06,6.451090023279176e-06,-1.6954805776036832e-06,1.8854459868824524e-06,4.5671857845934205e-06,0.9095181214967073,0.025985643578738574,1.8835440304190913e-09,2.745931746845648e-10,1.6089508557345266e-09
V11-PHASE-BLOCK-METRIC-TIME-3600,ordered_boundary_outgoing_channels,top,-2,-1,p,8.75,8.106219742191555e-06,-1.1681730017482657e-05,0.00017343931198744156,-5.9854094867379096e-05,0.00017220803734613517,0.9095181214967073,0.025985643578738574,8.634414551657055e-09,1.437706929814518e-06,1.429072515262861e-06
V11-PHASE-BLOCK-METRIC-TIME-3600,ordered_boundary_outgoing_channels,top,-2,0,s,8.75,-8.931803119095406e-05,-0.00010611300968805967,-5.6207409492762594e-05,-0.00016425931836508344,6.691267803641159e-05,0.9095181214967073,0.025985643578738574,1.1022939081147718e-06,1.7270051732052553e-06,6.247112650904835e-07
V11-PHASE-BLOCK-METRIC-TIME-3600,ordered_boundary_outgoing_channels,top,-2,0,p,8.75,-2.321882281936492e-06,5.450249067058263e-07,1.1404235867852477e-15,1.7310012154075433e-16,2.384992554539212e-06,0.9095181214967073,0.025985643578738574,3.25925793360788e-10,7.623760074136061e-29,3.25925793360788e-10
V11-PHASE-BLOCK-METRIC-TIME-3600,ordered_boundary_outgoing_channels,top,-2,1,s,8.75,6.480965145651445e-06,2.1424412545525495e-05,-1.6954805762582626e-06,1.885445986237883e-06,2.118078088381765e-05,0.9095181214967073,0.025985643578738574,2.139702502113188e-08,2.745931743859139e-10,2.112243184674597e-08
V11-PHASE-BLOCK-METRIC-TIME-3600,ordered_boundary_outgoing_channels,top,-2,1,p,8.75,-4.293157965885399e-06,1.5288618831454416e-05,-0.00017343931198806085,5.9854094869309646e-05,0.00017491856126487592,0.9095181214967073,0.025985643578738574,1.0769787332085163e-08,1.4377069298335635e-06,1.4269371425014783e-06
V11-PHASE-BLOCK-METRIC-TIME-3600,ordered_boundary_outgoing_channels,top,-1,-1,s,8.75,-1.137193633302317e-05,-3.488407182562612e-05,-0.00022030138827274493,-0.0002384248695454775,0.00029168539940193435,0.9095181214967073,0.025985643578738574,4.264948718635935e-08,3.3385088803210597e-06,3.2958593931347003e-06
V11-PHASE-BLOCK-METRIC-TIME-3600,ordered_boundary_outgoing_channels,top,-1,-1,p,8.75,-1.4424499320684313e-05,3.055001014220002e-05,-0.00016206524324860404,-0.0001760155998907599,0.00025390380169638743,0.9095181214967073,0.025985643578738574,3.615964473382324e-08,1.8136268113864188e-06,1.7774671666525955e-06
V11-PHASE-BLOCK-METRIC-TIME-3600,ordered_boundary_outgoing_channels,top,-1,0,s,8.75,-0.0006591373379652557,-0.0009858647783186436,0.0011543275989399616,-0.0012201900152203147,0.001828541329594075,0.9095181214967073,0.025985643578738574,6.979520677923386e-05,0.00014001487940183894,7.021967262260507e-05
V11-PHASE-BLOCK-METRIC-TIME-3600,ordered_boundary_outgoing_channels,top,-1,0,p,8.75,5.370706290906268e-07,7.97074762591675e-06,-1.2513260214317444e-15,1.783924663825131e-15,7.988821098860268e-06,0.9095181214967073,0.025985643578738574,3.1672678356806323e-09,2.3563986760300565e-28,3.1672678356806323e-09
V11-PHASE-BLOCK-METRIC-TIME-3600,ordered_boundary_outgoing_channels,top,-1,1,s,8.75,-3.685854032853076e-05,-9.24886813943871e-05,-0.00022030138827282503,-0.00023842486954857905,0.00023441128273803116,0.9095181214967073,0.025985643578738574,3.140438472245505e-07,3.338508880369034e-06,3.0244650331444836e-06
V11-PHASE-BLOCK-METRIC-TIME-3600,ordered_boundary_outgoing_channels,top,-1,1,p,8.75,-1.626544432308144e-05,-1.4681727480129209e-05,0.00016206524324998136,0.0001760155998905761,0.00026108869143762485,0.9095181214967073,0.025985643578738574,1.5210580049017064e-08,1.8136268113985115e-06,1.7984162313494944e-06
V11-PHASE-BLOCK-METRIC-TIME-3600,ordered_boundary_outgoing_channels,top,0,0,s,8.75,-0.8670506700429387,-0.19226839172744034,-0.8767420008873494,-0.208758909616445,0.019127442949422434,0.9095181214967073,0.025985643578738574,0.7887439988791914,0.812256818464021,0.023512819584829536
V11-PHASE-BLOCK-METRIC-TIME-3600,ordered_boundary_outgoing_channels,top,0,0,p,8.75,0.001247789679309948,0.0004363707813451112,1.109046864019619e-13,1.6235607409513206e-14,0.0013218920312617155,0.9095181214967073,0.025985643578738574,1.7473985426037812e-06,1.2563444413870592e-26,1.7473985426037812e-06
V11-PHASE-BLOCK-METRIC-TIME-3600,ordered_boundary_outgoing_channels,bottom,-3,-1,s,-1.25,-2.5757585176740923e-06,-6.268692050409731e-06,-8.648303367237041e-05,6.939127777564956e-05,0.00011298168815328492,0.9095181214967073,0.025985643578738574,1.4255974140560141e-09,3.815929255738811e-07,3.801673281598251e-07
V11-PHASE-BLOCK-METRIC-TIME-3600,ordered_boundary_outgoing_channels,bottom,-3,-1,p,-1.25,-9.002996744393715e-06,1.34141144787401e-05,-5.9889780695573525e-05,5.0452604324837186e-05,6.29389744989024e-05,0.9095181214967073,0.025985643578738574,8.100626085405962e-09,1.903314808729246e-07,1.8223085478751865e-07
V11-PHASE-BLOCK-METRIC-TIME-3600,ordered_boundary_outgoing_channels,bottom,-3,0,s,-1.25,-1.5665223618981506e-05,1.9727069717756842e-05,6.074845422874771e-05,-0.0005144750722767751,0.0005396396748514351,0.9095181214967073,0.025985643578738574,3.123146988484111e-08,1.3208823483228831e-05,1.317759201334399e-05
V11-PHASE-BLOCK-METRIC-TIME-3600,ordered_boundary_outgoing_channels,bottom,-3,0,p,-1.25,-1.550650923984993e-06,-1.1621516854939977e-05,-2.5346697492730613e-16,-7.791468315616378e-17,1.1724511601559888e-05,0.9095181214967073,0.025985643578738574,6.765682937752487e-09,3.46080831114775e-30,6.765682937752487e-09
V11-PHASE-BLOCK-METRIC-TIME-3600,ordered_boundary_outgoing_channels,bottom,-3,1,s,-1.25,-2.561970864541148e-06,-3.0439991448107455e-06,-8.648303367501951e-05,6.939127777451605e-05,0.00011085853203799792,0.9095181214967073,0.025985643578738574,4.91316485161247e-10,3.8159292558322023e-07,3.81101609098059e-07
V11-PHASE-BLOCK-METRIC-TIME-3600,ordered_boundary_outgoing_channels,bottom,-3,1,p,-1.25,1.1332867131129634e-05,-4.440650696656924e-06,5.9889780696845165e-05,-5.0452604326898695e-05,6.689449702254953e-05,0.9095181214967073,0.025985643578738574,4.598348646569602e-09,1.903314808841085e-07,1.8573313223753892e-07
V11-PHASE-BLOCK-METRIC-TIME-3600,ordered_boundary_outgoing_channels,bottom,-2,-1,s,-1.25,-1.4978844072976785e-06,1.6736601829925627e-05,-1.935589521620524e-06,1.6853186586884327e-06,1.5057646259222335e-05,0.9095181214967073,0.025985643578738574,1.1927833265137786e-08,2.7825122930511906e-10,1.1649582035832666e-08
V11-PHASE-BLOCK-METRIC-TIME-3600,ordered_boundary_outgoing_channels,bottom,-2,-1,p,-1.25,7.214984024312198e-06,-1.1378727600198597e-05,-0.0001853545253180435,4.1894719858193056e-05,0.0001998025929072434,0.9095181214967073,0.025985643578738574,7.668564552506953e-09,1.5254830024257906e-06,1.5178144378732836e-06
V11-PHASE-BLOCK-METRIC-TIME-3600,ordered_boundary_outgoing_channels,bottom,-2,0,s,-1.25,1.3709079796160223e-05,-9.716448748426252e-05,-1.910128656019509e-05,-0.00018261418318362527,9.153234748192547e-05,0.9095181214967073,0.025985643578738574,5.483943019066176e-07,1.9200481909981673e-06,1.3716538890915497e-06
V11-PHASE-BLOCK-METRIC-TIME-3600,ordered_boundary_outgoing_channels,bottom,-2,0,p,-1.25,1.3050575018113425e-06,1.321553712485132e-05,-3.081108181661143e-16,-1.9107978283180129e-16,1.3279819147383455e-05,0.9095181214967073,0.025985643578738574,1.0043882847258486e-08,7.486128714139298e-30,1.0043882847258486e-08
V11-PHASE-BLOCK-METRIC-TIME-3600,ordered_boundary_outgoing_channels,bottom,-2,1,s,-1.25,-3.3255079965426715e-06,8.76213301992803e-06,-1.9355895217042767e-06,1.6853186594882002e-06,7.2120160051697396e-06,0.9095181214967073,0.025985643578738574,3.7104346653246423e-09,2.7825122943269296e-10,3.4321834358919494e-09
V11-PHASE-BLOCK-METRIC-TIME-3600,ordered_boundary_outgoing_channels,bottom,-2,1,p,-1.25,-1.313581450332692e-05,-5.762297996003185e-07,0.00018535452531684516,-4.189471985896257e-05,0.0002027452406906584,0.9095181214967073,0.025985643578738574,7.303165905202726e-09,1.5254830024097482e-06,1.5181798365045454e-06
V11-PHASE-BLOCK-METRIC-TIME-3600,ordered_boundary_outgoing_channels,bottom,-1,-1,s,-1.25,1.3607222048804237e-05,-5.8796954160593375e-05,-0.00020705147255067278,-0.00026129824663100645,0.000299494629258244,0.9095181214967073,0.025985643578738574,1.1310565395734617e-07,3.4515489579344382e-06,3.338443303977092e-06
V11-PHASE-BLOCK-METRIC-TIME-3600,ordered_boundary_outgoing_channels,bottom,-1,-1,p,-1.25,-3.5369607416260767e-06,-1.7907420769040236e-05,0.00015499807170421564,0.00018981004150854804,0.00026130423006075773,0.9095181214967073,0.025985643578738574,1.0346714219248053e-08,1.8648558637476027e-06,1.8545091495283546e-06
V11-PHASE-BLOCK-METRIC-TIME-3600,ordered_boundary_outgoing_channels,bottom,-1,0,s,-1.25,-0.00011570889464842424,-0.0009871854163685282,0.0006107069086373302,-0.0012913701554319347,0.0007875330308897275,0.9095181214967073,0.025985643578738574,4.8633452886806846e-05,0.00010045454435778903,5.182109147098218e-05
V11-PHASE-BLOCK-METRIC-TIME-3600,ordered_boundary_outgoing_channels,bottom,-1,0,p,-1.25,7.877082595151331e-06,-1.1424559459759457e-05,1.0475495179447351e-16,-4.776152653530708e-16,1.38769228955072e-05,0.9095181214967073,0.025985643578738574,9.479776480895325e-09,1.1769907587313279e-29,9.479776480895325e-09
V11-PHASE-BLOCK-METRIC-TIME-3600,ordered_boundary_outgoing_channels,bottom,-1,1,s,-1.25,1.3067661647019904e-06,-4.042539121428616e-05,-0.00020705147254900414,-0.0002612982466308191,0.0003036411926925107,0.9095181214967073,0.025985643578738574,5.080167015644679e-08,3.4515489579099395e-06,3.4007472877534926e-06
V11-PHASE-BLOCK-METRIC-TIME-3600,ordered_boundary_outgoing_channels,bottom,-1,1,p,-1.25,-4.4632799643193216e-05,1.8577622830123127e-05,-0.0001549980717030024,-0.00018981004150863128,0.00023580905819199792,0.9095181214967073,0.025985643578738574,7.257960469119839e-08,1.8648558637369045e-06,1.792276259045706e-06
V11-PHASE-BLOCK-METRIC-TIME-3600,ordered_boundary_outgoing_channels,bottom,0,0,s,-1.25,0.07070620170841586,-0.08636476388877569,0.07050175899447489,-0.09994772920440079,0.013584503803553444,0.9095181214967073,0.025985643578738574,0.02692502330561185,0.032331984498269135,0.005406961192657284
V11-PHASE-BLOCK-METRIC-TIME-3600,ordered_boundary_outgoing_channels,bottom,0,0,p,-1.25,0.000925926816451445,0.00047777022820045753,1.7315585978917311e-15,4.892126973773713e-15,0.0010419236346156774,0.9095181214967073,0.025985643578738574,2.3462333018449904e-06,5.820430999983165e-29,2.3462333018449904e-06
V11-PHASE-BLOCK-METRIC-TIME-3600,ordered_scattered_channels,top,-3,-1,s,8.75,5.411836133275289e-06,-5.8409788338858536e-06,-9.195140170810291e-05,5.5769259938579254e-05,0.00011521901581144037,0.2468359522790033,0.10242312043511129,2.007728701716001e-09,3.662159813318062e-07,3.642082526300902e-07
V11-PHASE-BLOCK-METRIC-TIME-3600,ordered_scattered_channels,top,-3,-1,p,8.75,-7.477351124723706e-06,9.794217350984787e-06,6.49187356517443e-05,-4.008051303985588e-05,8.791292346467004e-05,0.2468359522790033,0.10242312043511129,4.807955739884136e-09,1.843193233752179e-07,1.7951136763533374e-07
V11-PHASE-BLOCK-METRIC-TIME-3600,ordered_scattered_channels,top,-3,0,s,8.75,-2.7264094484378185e-05,-2.545102081662698e-05,-0.00019219020094724982,0.00048817928501638765,0.0005394596478543309,0.2468359522790033,0.10242312043511129,6.902159154796449e-08,1.365740342110789e-05,1.3588381829559926e-05
V11-PHASE-BLOCK-METRIC-TIME-3600,ordered_scattered_channels,top,-3,0,p,8.75,-2.101343223932724e-06,5.656295635446911e-07,1.2553482268998042e-15,3.668039838538298e-15,2.1761388165854823e-06,0.2468359522790033,0.10242312043511129,2.349656607532543e-10,7.457653301374714e-28,2.349656607532543e-10
V11-PHASE-BLOCK-METRIC-TIME-3600,ordered_scattered_channels,top,-3,1,s,8.75,1.2367826073711725e-06,-1.5403081243486586e-05,-9.195140170914724e-05,5.5769259941376876e-05,0.00011725843187568228,0.2468359522790033,0.10242312043511129,7.561147381850749e-09,3.6621598134782935e-07,3.586548339659786e-07
V11-PHASE-BLOCK-METRIC-TIME-3600,ordered_scattered_channels,top,-3,1,p,8.75,4.274412569701468e-06,-1.7877616877687064e-06,-6.491873565010715e-05,4.00805130396873e-05,8.087424923436469e-05,0.2468359522790033,0.10242312043511129,6.797460176465361e-10,1.843193233680326e-07,1.8363957735038605e-07
V11-PHASE-BLOCK-METRIC-TIME-3600,ordered_scattered_channels,top,-2,-1,s,8.75,6.606548025610443e-06,-6.756067236240174e-07,2.3445165024338254e-06,9.658174404606376e-07,4.56718578459342e-06,0.2468359522790033,0.10242312043511129,1.8835440304190913e-09,2.745931746845648e-10,1.6089508557345266e-09
V11-PHASE-BLOCK-METRIC-TIME-3600,ordered_scattered_channels,top,-2,-1,p,8.75,-1.3722433687658743e-05,-3.724033887737657e-06,-0.00011450210530949539,-0.00014336308972242402,0.00017220803734613517,0.2468359522790033,0.10242312043511129,8.634414551657055e-09,1.437706929814518e-06,1.429072515262861e-06
V11-PHASE-BLOCK-METRIC-TIME-3600,ordered_scattered_channels,top,-2,0,s,8.75,0.00010611302107880676,-8.931801765842338e-05,0.0001642593255332033,-5.620738854478225e-05,6.691267803641156e-05,0.2468359522790033,0.10242312043511129,1.1022939081147718e-06,1.7270051732052553e-06,6.247112650904835e-07
V11-PHASE-BLOCK-METRIC-TIME-3600,ordered_scattered_channels,top,-2,0,p,8.75,-5.4502461059413e-07,-2.3218823514439793e-06,-1.731002669799771e-16,1.1404235647096274e-15,2.384992554539212e-06,0.2468359522790033,0.10242312043511129,3.25925793360788e-10,7.623760074136061e-29,3.25925793360788e-10
V11-PHASE-BLOCK-METRIC-TIME-3600,ordered_scattered_channels,top,-2,1,s,8.75,1.801494602568344e-05,-1.3284204222750092e-05,2.344516501375749e-06,9.658174394089149e-07,2.1180780883817648e-05,0.2468359522790033,0.10242312043511129,2.139702502113188e-08,2.745931743859139e-10,2.112243184674597e-08
V11-PHASE-BLOCK-METRIC-TIME-3600,ordered_scattered_channels,top,-2,1,p,8.75,1.5843389260013038e-05,-1.0770737434817214e-06,0.00011450210531154583,0.0001433630897223534,0.00017491856126487592,0.2468359522790033,0.10242312043511129,1.0769787332085163e-08,1.4377069298335635e-06,1.4269371425014783e-06
V11-PHASE-BLOCK-METRIC-TIME-3600,ordered_scattered_channels,top,-1,-1,s,8.75,-4.0822143604213295e-06,-3.6463062529253754e-05,-0.00016753172947578341,-0.00027805078620911914,0.00029168539940193435,0.2468359522790033,0.10242312043511129,4.264948718635935e-08,3.3385088803210597e-06,3.2958593931347003e-06
V11-PHASE-BLOCK-METRIC-TIME-3600,ordered_scattered_channels,top,-1,-1,p,8.75,-2.0304700606525703e-05,2.7001637609998336e-05,-0.00012312018254764134,-0.00020515373533901306,0.0002539038016963875,0.2468359522790033,0.10242312043511129,3.615964473382324e-08,1.8136268113864188e-06,1.7774671666525955e-06
V11-PHASE-BLOCK-METRIC-TIME-3600,ordered_scattered_channels,top,-1,0,s,8.75,0.0007530171331473353,0.0009161640620631577,-0.0010285581087378939,0.0013279322632823076,0.0018285413295940748,0.2468359522790033,0.10242312043511129,6.979520677923386e-05,0.00014001487940183894,7.021967262260507e-05
V11-PHASE-BLOCK-METRIC-TIME-3600,ordered_scattered_channels,top,-1,0,p,8.75,-1.3193837253648406e-06,-7.879117283168952e-06,1.0695710033665002e-15,-1.898478834981676e-15,7.988821098860268e-06,0.2468359522790033,0.10242312043511129,3.1672678356806323e-09,2.3563986760300565e-28,3.1672678356806323e-09
V11-PHASE-BLOCK-METRIC-TIME-3600,ordered_scattered_channels,top,-1,1,s,8.75,-1.7392582409224962e-05,-9.803165946956748e-05,-0.00016753172947527734,-0.00027805078621216526,0.00023441128273803116,0.2468359522790033,0.10242312043511129,3.140438472245505e-07,3.338508880369034e-06,3.0244650331444836e-06
V11-PHASE-BLOCK-METRIC-TIME-3600,ordered_scattered_channels,top,-1,1,p,8.75,-1.2960210279034654e-05,-1.766778849635793e-05,0.00012312018254903858,0.0002051537353391292,0.00026108869143762485,0.2468359522790033,0.10242312043511129,1.5210580049017064e-08,1.8136268113985115e-06,1.7984162313494944e-06
V11-PHASE-BLOCK-METRIC-TIME-3600,ordered_scattered_channels,top,0,0,s,8.75,-0.00661480944498653,0.22361100092478842,-0.01927337511042978,0.20927155222279603,0.019127442949422428,0.2468359522790033,0.10242312043511129,0.7887439988791914,0.812256818464021,0.023512819584829536
V11-PHASE-BLOCK-METRIC-TIME-3600,ordered_scattered_channels,top,0,0,p,8.75,0.0013081111835432878,0.0001903777142772239,1.1185579377514874e-13,-3.735624544869974e-15,0.0013218920312617155,0.2468359522790033,0.10242312043511129,1.7473985426037812e-06,1.2563444413870592e-26,1.7473985426037812e-06
V11-PHASE-BLOCK-METRIC-TIME-3600,ordered_scattered_channels,bottom,-3,-1,s,-1.25,-6.492392854258195e-06,-2.2242414605358553e-06,-4.909306826320045e-06,0.00011217325597253238,0.00011440845065081821,0.2468359522790033,0.10242312043511129,1.4255974140560141e-09,3.815929255738811e-07,3.801673281598251e-07
V11-PHASE-BLOCK-METRIC-TIME-3600,ordered_scattered_channels,bottom,-3,-1,p,-1.25,4.202004592374622e-06,1.5810406641990645e-05,-1.5732873804033325e-06,7.928198517251764e-05,6.373378443594644e-05,0.2468359522790033,0.10242312043511129,8.100626085405962e-09,1.903314808729246e-07,1.8223085478751865e-07
V11-PHASE-BLOCK-METRIC-TIME-3600,ordered_scattered_channels,bottom,-3,0,s,-1.25,1.5928520956265208e-05,1.9772762157804824e-05,-0.0004924362020247152,-0.0001736752134377082,0.000543927210969934,0.2468359522790033,0.10242312043511129,3.123146988484111e-08,1.3208823483228831e-05,1.317759201334399e-05
V11-PHASE-BLOCK-METRIC-TIME-3600,ordered_scattered_channels,bottom,-3,0,p,-1.25,-1.1771012408744818e-05,-1.0490342275485038e-06,-1.3274970028758873e-16,2.3198170478591657e-16,1.1817664995029868e-05,0.2468359522790033,0.10242312043511129,6.765682937752487e-09,3.46080831114775e-30,6.765682937752487e-09
V11-PHASE-BLOCK-METRIC-TIME-3600,ordered_scattered_channels,bottom,-3,1,s,-1.25,-4.028059742602756e-06,-8.176776870748845e-08,-4.9093068289528565e-06,0.00011217325597378981,0.00011225848276124096,0.2468359522790033,0.10242312043511129,4.91316485161247e-10,3.8159292558322023e-07,3.81101609098059e-07
V11-PHASE-BLOCK-METRIC-TIME-3600,ordered_scattered_channels,bottom,-3,1,p,-1.25,4.185505208111876e-06,-1.1593112837052275e-05,1.5732873796878703e-06,-7.928198517485518e-05,6.773925833921209e-05,0.2468359522790033,0.10242312043511129,4.598348646569602e-09,1.903314808841085e-07,1.8573313223753892e-07
V11-PHASE-BLOCK-METRIC-TIME-3600,ordered_scattered_channels,bottom,-2,-1,s,-1.25,1.4866930690815119e-05,8.160086208463123e-06,7.745485652971132e-07,2.471734525870588e-06,1.519712403175261e-05,0.2468359522790033,0.10242312043511129,1.1927833265137786e-08,2.7825122930511906e-10,1.1649582035832666e-08
V11-PHASE-BLOCK-METRIC-TIME-3600,ordered_scattered_channels,bottom,-2,-1,p,-1.25,-7.599095971926352e-06,-1.1276691656829634e-05,-3.630225008417886e-05,0.00018832341315366003,0.00020165334833904984,0.2468359522790033,0.10242312043511129,7.668564552506953e-09,1.5254830024257906e-06,1.5178144378732836e-06
V11-PHASE-BLOCK-METRIC-TIME-3600,ordered_scattered_channels,bottom,-2,0,s,-1.25,-9.769610487645074e-05,-1.4729397042852154e-05,-0.00018404130862069833,1.7489532595272983e-05,9.216047762822243e-05,0.2468359522790033,0.10242312043511129,5.483943019066176e-07,1.9200481909981673e-06,1.3716538890915497e-06
V11-PHASE-BLOCK-METRIC-TIME-3600,ordered_scattered_channels,bottom,-2,0,p,-1.25,1.3318079083787894e-05,-1.1878902776038518e-06,-1.953215047833636e-16,3.0838854490696276e-16,1.3370950370096719e-05,0.2468359522790033,0.10242312043511129,1.0043882847258486e-08,7.486128714139298e-30,1.0043882847258486e-08
V11-PHASE-BLOCK-METRIC-TIME-3600,ordered_scattered_channels,bottom,-2,1,s,-1.25,6.754532327127283e-06,6.621556166762543e-06,7.745485660026087e-07,2.4717345262717774e-06,7.2788203323890525e-06,0.2468359522790033,0.10242312043511129,3.7104346653246423e-09,2.7825122943269296e-10,3.4321834358919494e-09
V11-PHASE-BLOCK-METRIC-TIME-3600,ordered_scattered_channels,bottom,-2,1,p,-1.25,-5.850338741205681e-06,1.1911037386893017e-05,3.630225008296777e-05,-0.00018832341315285628,0.00020462325363344004,0.2468359522790033,0.10242312043511129,7.303165905202726e-09,1.5254830024097482e-06,1.5181798365045454e-06
V11-PHASE-BLOCK-METRIC-TIME-3600,ordered_scattered_channels,bottom,-1,-1,s,-1.25,-3.570198889487721e-05,-4.959968567626631e-05,-0.00033718347041335536,-1.666806024013619e-05,0.0003032747527448371,0.2468359522790033,0.10242312043511129,1.1310565395734617e-07,3.4515489579344382e-06,3.338443303977092e-06
V11-PHASE-BLOCK-METRIC-TIME-3600,ordered_scattered_channels,bottom,-1,-1,p,-1.25,-1.599929875795863e-05,-9.255919889787807e-06,0.00024799923661753275,8.609260274615205e-06,0.00026460232679005515,0.2468359522790033,0.10242312043511129,1.0346714219248053e-08,1.8648558637476027e-06,1.8545091495283546e-06
V11-PHASE-BLOCK-METRIC-TIME-3600,ordered_scattered_channels,bottom,-1,0,s,-1.25,-0.0009963659439628759,-0.00010457558921159776,-0.0011348134234954131,-0.00088619762079417,0.0007937888288733849,0.2468359522790033,0.10242312043511129,4.8633452886806846e-05,0.00010045454435778903,5.182109147098218e-05
V11-PHASE-BLOCK-METRIC-TIME-3600,ordered_scattered_channels,bottom,-1,0,p,-1.25,-9.492233395467481e-06,-1.0273169090989925e-05,-4.465027736885759e-16,-2.0865938982257457e-16,1.3987154749745748e-05,0.2468359522790033,0.10242312043511129,9.479776480895325e-09,1.1769907587313279e-29,9.479776480895325e-09
V11-PHASE-BLOCK-METRIC-TIME-3600,ordered_scattered_channels,bottom,-1,1,s,-1.25,-2.9917661641662792e-05,-2.7971594906739607e-05,-0.00033718347041209747,-1.666806024128843e-05,0.00030747365274976386,0.2468359522790033,0.10242312043511129,5.080167015644679e-08,3.4515489579099395e-06,3.4007472877534926e-06
V11-PHASE-BLOCK-METRIC-TIME-3600,ordered_scattered_channels,bottom,-1,1,p,-1.25,-1.563445630978731e-05,4.639127192481406e-05,-0.00024799923661679776,-8.609260275598644e-06,0.00023878536318094095,0.2468359522790033,0.10242312043511129,7.257960469119839e-08,1.8648558637369045e-06,1.792276259045706e-06
V11-PHASE-BLOCK-METRIC-TIME-3600,ordered_scattered_channels,bottom,0,0,s,-1.25,-0.040400029729159244,0.13879621605820125,-0.041607545586981674,0.12257388541158544,0.016267209538056094,0.2468359522790033,0.10242312043511129,0.02692502330561185,0.032331984498269135,0.005406961192657284
V11-PHASE-BLOCK-METRIC-TIME-3600,ordered_scattered_channels,bottom,0,0,p,-1.25,0.001140713203587663,0.0005054629563254374,2.6658179463359154e-15,5.966790876859179e-15,0.0012476856226807961,0.2468359522790033,0.10242312043511129,2.3462333018449904e-06,5.820430999983165e-29,2.3462333018449904e-06
V11-PHASE-IDENTITY-METRIC-CONTROL-WORK-20,ordered_total_channels,top,-3,-1,s,8.75,7.254431566767739e-06,-1.0441552997581335e-05,-9.195140170809825e-05,5.576925993858354e-05,0.00011927140942165614,0.4382342339399896,0.12141574928298447,5.118759690847478e-09,3.662159813318062e-07,3.6109722164095873e-07
V11-PHASE-IDENTITY-METRIC-CONTROL-WORK-20,ordered_total_channels,top,-3,-1,p,8.75,-1.564465322951809e-05,2.027374078696724e-05,6.491873565175626e-05,-4.0080513039853855e-05,0.00010066327822511934,0.4382342339399896,0.12141574928298447,2.0765361119763537e-08,1.843193233752179e-07,1.6355396225545437e-07
V11-PHASE-IDENTITY-METRIC-CONTROL-WORK-20,ordered_total_channels,top,-3,0,s,8.75,-4.2370213671963e-05,-6.477313480757567e-06,-0.0001921902009470994,0.00048817928501632254,0.0005168473459579952,0.4382342339399896,0.12141574928298447,9.11560334659239e-08,1.365740342110789e-05,1.3566247387641966e-05
V11-PHASE-IDENTITY-METRIC-CONTROL-WORK-20,ordered_total_channels,top,-3,0,p,8.75,-3.9468579233221006e-07,3.8706905357225016e-07,1.2553482268998042e-15,3.668039838538298e-15,5.528103879754691e-07,0.4382342339399896,0.12141574928298447,1.5162946361030898e-11,7.457653301374714e-28,1.5162946361030898e-11
V11-PHASE-IDENTITY-METRIC-CONTROL-WORK-20,ordered_total_channels,top,-3,1,s,8.75,3.315051219454302e-06,-1.159927341037313e-05,-9.195140170915746e-05,5.576925994137385e-05,0.00011667997402967163,0.4382342339399896,0.12141574928298447,4.608314432652209e-09,3.6621598134782935e-07,3.6160766691517714e-07
V11-PHASE-IDENTITY-METRIC-CONTROL-WORK-20,ordered_total_channels,top,-3,1,p,8.75,1.2061781102070494e-05,1.329191308679586e-05,-6.491873565012055e-05,4.0080513039672495e-05,8.150845997115653e-05,0.4382342339399896,0.12141574928298447,1.0201291419569454e-08,1.843193233680326e-07,1.7411803194846314e-07
V11-PHASE-IDENTITY-METRIC-CONTROL-WORK-20,ordered_total_channels,top,-2,-1,s,8.75,6.064569431656806e-06,-2.542796891043619e-06,2.344516502433825e-06,9.65817440460633e-07,5.113625751211904e-06,0.4382342339399896,0.12141574928298447,1.8468962430588532e-09,2.745931746845648e-10,1.5723030683742884e-09
V11-PHASE-IDENTITY-METRIC-CONTROL-WORK-20,ordered_total_channels,top,-2,-1,p,8.75,-2.946086950785063e-05,-4.122646207627062e-06,-0.00011450210530953003,-0.00014336308972240936,0.00016315609978443993,0.4382342339399896,0.12141574928298447,3.7793905841968425e-08,1.437706929814518e-06,1.3999130239725495e-06
V11-PHASE-IDENTITY-METRIC-CONTROL-WORK-20,ordered_total_channels,top,-2,0,s,8.75,5.162945420085663e-05,-0.00010178129620000768,0.00016425932553326252,-5.6207388544626634e-05,0.00012150090112972622,0.4382342339399896,0.12141574928298447,7.463172882759313e-07,1.7270051732052553e-06,9.80687884929324e-07
V11-PHASE-IDENTITY-METRIC-CONTROL-WORK-20,ordered_total_channels,top,-2,0,p,8.75,3.6980408586570546e-07,-6.326134285818732e-08,-1.731002669799771e-16,1.1404235647096274e-15,3.751760382747105e-07,0.4382342339399896,0.12141574928298447,8.065194808318197e-12,7.623760074136061e-29,8.065194808318197e-12
V11-PHASE-IDENTITY-METRIC-CONTROL-WORK-20,ordered_total_channels,top,-2,1,s,8.75,2.0087968583772604e-05,-1.6353882164436847e-05,2.3445165013757525e-06,9.658174394089157e-07,2.479520288619894e-05,0.4382342339399896,0.12141574928298447,2.8655986886086908e-08,2.745931743859139e-10,2.8381393711700995e-08
V11-PHASE-IDENTITY-METRIC-CONTROL-WORK-20,ordered_total_channels,top,-2,1,p,8.75,3.796717657837985e-06,2.058741624486171e-05,0.0001145021053115565,0.0001433630897223461,0.00016531651113367338,0.4382342339399896,0.12141574928298447,1.871703515928576e-08,1.4377069298335635e-06,1.4189898946742777e-06
V11-PHASE-IDENTITY-METRIC-CONTROL-WORK-20,ordered_total_channels,top,-1,-1,s,8.75,-1.151433229732357e-05,-3.2425727587474206e-05,-0.0001675317294758279,-0.0002780507862091289,0.0002909864217540854,0.4382342339399896,0.12141574928298447,3.751046769567032e-08,3.3385088803210597e-06,3.3009984126253894e-06
V11-PHASE-IDENTITY-METRIC-CONTROL-WORK-20,ordered_total_channels,top,-1,-1,p,8.75,-2.45738485380645e-05,4.1925975071085576e-05,-0.00012312018254765662,-0.00020515373533905003,0.00026600707367114613,0.4382342339399896,0.12141574928298447,7.481963797140686e-08,1.8136268113864188e-06,1.738807173415012e-06
V11-PHASE-IDENTITY-METRIC-CONTROL-WORK-20,ordered_total_channels,top,-1,0,s,8.75,0.0006011966915132128,0.0004901836158701891,-0.0010285581087383054,0.0013279322632824794,0.0018324637800469586,0.4382342339399896,0.12141574928298447,2.9861525990817593e-05,0.00014001487940183894,0.00011015335341102134
V11-PHASE-IDENTITY-METRIC-CONTROL-WORK-20,ordered_total_channels,top,-1,0,p,8.75,-4.441469600769996e-06,8.041187920021696e-06,1.0695710033665002e-15,-1.898478834981676e-15,9.186259054680518e-06,0.4382342339399896,0.12141574928298447,4.187904557842339e-09,2.3563986760300565e-28,4.187904557842339e-09
V11-PHASE-IDENTITY-METRIC-CONTROL-WORK-20,ordered_total_channels,top,-1,1,s,8.75,-3.749667199783254e-05,-0.00014003810140446083,-0.0001675317294752791,-0.00027805078621218255,0.00018962230180281635,0.4382342339399896,0.12141574928298447,6.65827729651995e-07,3.338508880369034e-06,2.672681150717039e-06
V11-PHASE-IDENTITY-METRIC-CONTROL-WORK-20,ordered_total_channels,top,-1,1,p,8.75,2.050409415523479e-05,5.2344472774796375e-05,0.00012312018254904267,0.00020515373533914856,0.0001840671951291346,0.4382342339399896,0.12141574928298447,1.0012320861313422e-07,1.8136268113985115e-06,1.7135036027853773e-06
V11-PHASE-IDENTITY-METRIC-CONTROL-WORK-20,ordered_total_channels,top,0,0,s,8.75,0.039001946710988764,-0.45782157831504855,0.026785429987131376,-0.4121567714282053,0.04727068720546567,0.4382342339399896,0.12141574928298447,0.7959344551689298,0.812256818464021,0.01632236329509118
V11-PHASE-IDENTITY-METRIC-CONTROL-WORK-20,ordered_total_channels,top,0,0,p,8.75,0.0007835031243663762,-3.827391422389298e-05,1.1196540890151039e-13,-5.214558791588342e-15,0.0007844374023630192,0.4382342339399896,0.12141574928298447,6.153420384017559e-07,1.2563444413870592e-26,6.153420384017559e-07
V11-PHASE-IDENTITY-METRIC-CONTROL-WORK-20,ordered_total_channels,bottom,-3,-1,s,-1.25,-1.3693266501090689e-05,-8.793181403402694e-06,-4.909306826319978e-06,0.00011217325597253058,0.00012128494102316901,0.4382342339399896,0.12141574928298447,8.015867861615893e-09,3.815929255738811e-07,3.7357705771226525e-07
V11-PHASE-IDENTITY-METRIC-CONTROL-WORK-20,ordered_total_channels,bottom,-3,-1,p,-1.25,-1.691269793380057e-05,-1.8650864881035693e-06,-1.5732873803997091e-06,7.928198517251047e-05,8.258416770312948e-05,0.4382342339399896,0.12141574928298447,8.763266613563176e-09,1.903314808729246e-07,1.8156821425936142e-07
V11-PHASE-IDENTITY-METRIC-CONTROL-WORK-20,ordered_total_channels,bottom,-3,0,s,-1.25,1.8015602407510305e-05,4.262076999432734e-05,-0.0004924362020247129,-0.0001736752134376343,0.0005543870462924905,0.4382342339399896,0.12141574928298447,1.0372504074264397e-07,1.3208823483228831e-05,1.3105098442486187e-05
V11-PHASE-IDENTITY-METRIC-CONTROL-WORK-20,ordered_total_channels,bottom,-3,0,p,-1.25,-1.1302485501585879e-05,5.320664716753791e-07,-1.3274970028758873e-16,2.3198170478591657e-16,1.1315002131709583e-05,0.4382342339399896,0.12141574928298447,6.202368604646247e-09,3.46080831114775e-30,6.202368604646247e-09
V11-PHASE-IDENTITY-METRIC-CONTROL-WORK-20,ordered_total_channels,bottom,-3,1,s,-1.25,7.052647445296954e-07,6.748074050908708e-06,-4.909306828951654e-06,0.00011217325597379069,0.00010557458215605926,0.4382342339399896,0.12141574928298447,1.3933762152054274e-09,3.8159292558322023e-07,3.8019954936801483e-07
V11-PHASE-IDENTITY-METRIC-CONTROL-WORK-20,ordered_total_channels,bottom,-3,1,p,-1.25,-4.615407200764534e-06,-2.3586938732071494e-05,1.5732873796791848e-06,-7.9281985174855e-05,5.603782774942142e-05,0.4382342339399896,0.12141574928298447,1.7484455934992947e-08,1.903314808841085e-07,1.7284702494911558e-07
V11-PHASE-IDENTITY-METRIC-CONTROL-WORK-20,ordered_total_channels,bottom,-2,-1,s,-1.25,1.3135879534973053e-05,7.730503078353707e-06,7.745485652971132e-07,2.4717345258705883e-06,1.3433434037149805e-05,0.4382342339399896,0.12141574928298447,9.634412994221988e-09,2.7825122930511906e-10,9.356161764916868e-09
V11-PHASE-IDENTITY-METRIC-CONTROL-WORK-20,ordered_total_channels,bottom,-2,-1,p,-1.25,2.917952861119839e-05,1.2070536339533425e-06,-3.630225008417201e-05,0.0001883234131536643,0.0001982432731293024,0.4382342339399896,0.12141574928298447,3.5371433786273145e-08,1.5254830024257906e-06,1.4901115686395175e-06
V11-PHASE-IDENTITY-METRIC-CONTROL-WORK-20,ordered_total_channels,bottom,-2,0,s,-1.25,-9.729114111671334e-05,-5.524622356536195e-05,-0.00018404130862068258,1.7489532595230964e-05,0.00011320813480585196,0.4382342339399896,0.12141574928298447,7.032374944029523e-07,1.9200481909981673e-06,1.216810696595215e-06
V11-PHASE-IDENTITY-METRIC-CONTROL-WORK-20,ordered_total_channels,bottom,-2,0,p,-1.25,1.3002208314751184e-05,-4.1310651421441355e-06,-1.953215047833636e-16,3.0838854490696276e-16,1.364269475860434e-05,0.4382342339399896,0.12141574928298447,1.0456284939369727e-08,7.486128714139298e-30,1.0456284939369727e-08
V11-PHASE-IDENTITY-METRIC-CONTROL-WORK-20,ordered_total_channels,bottom,-2,1,s,-1.25,4.895567283133418e-06,4.745395106101385e-06,7.745485660026084e-07,2.4717345262717786e-06,4.706625935764767e-06,0.4382342339399896,0.12141574928298447,1.9278344585210354e-09,2.7825122943269296e-10,1.6495832290883425e-09
V11-PHASE-IDENTITY-METRIC-CONTROL-WORK-20,ordered_total_channels,bottom,-2,1,p,-1.25,1.4258192967781031e-05,2.3565414381693485e-05,3.630225008297548e-05,-0.00018832341315286793,0.0002130324287240538,0.4382342339399896,0.12141574928298447,3.146158853866704e-08,1.5254830024097482e-06,1.4940214138710811e-06
V11-PHASE-IDENTITY-METRIC-CONTROL-WORK-20,ordered_total_channels,bottom,-1,-1,s,-1.25,2.3779077631776614e-06,-3.013599736156725e-05,-0.00033718347041335526,-1.6668060240140516e-05,0.0003398283609109944,0.4382342339399896,0.12141574928298447,2.7675039754539835e-08,3.4515489579344382e-06,3.4238739181798984e-06
V11-PHASE-IDENTITY-METRIC-CONTROL-WORK-20,ordered_total_channels,bottom,-1,-1,p,-1.25,-0.00010191009691557079,-4.80801447486932e-05,0.0002479992366175502,8.609260274623294e-06,0.00035447176239510324,0.4382342339399896,0.12141574928298447,3.8453443097340184e-07,1.8648558637476027e-06,1.4803214327742009e-06
V11-PHASE-IDENTITY-METRIC-CONTROL-WORK-20,ordered_total_channels,bottom,-1,0,s,-1.25,-0.0007393321841680078,-0.00020543304988839464,-0.0011348134234953988,-0.0008861976207941805,0.0007873028716195998,0.4382342339399896,0.12141574928298447,2.85310705414327e-05,0.00010045454435778903,7.192347381635633e-05
V11-PHASE-IDENTITY-METRIC-CONTROL-WORK-20,ordered_total_channels,bottom,-1,0,p,-1.25,1.0322282526105628e-05,-2.8208167896969942e-05,-4.465027736885759e-16,-2.0865938982257457e-16,3.0037480797327818e-05,0.4382342339399896,0.12141574928298447,4.3718610472507454e-08,1.1769907587313279e-29,4.3718610472507454e-08
V11-PHASE-IDENTITY-METRIC-CONTROL-WORK-20,ordered_total_channels,bottom,-1,1,s,-1.25,-3.6992270240107745e-05,-2.956570948664423e-05,-0.00033718347041209904,-1.6668060241286416e-05,0.0003004681447620643,0.4382342339399896,0.12141574928298447,6.791495903981315e-08,3.4515489579099395e-06,3.3836339988701264e-06
V11-PHASE-IDENTITY-METRIC-CONTROL-WORK-20,ordered_total_channels,bottom,-1,1,p,-1.25,-3.056341233511215e-05,2.1181716849865894e-05,-0.000247999236616804,-8.609260275602887e-06,0.00021946717294198917,0.4382342339399896,0.12141574928298447,4.187712927732003e-08,1.8648558637369045e-06,1.8229787344595845e-06
V11-PHASE-IDENTITY-METRIC-CONTROL-WORK-20,ordered_total_channels,bottom,0,0,s,-1.25,0.08526231859640587,-0.1473873788816737,0.07718950242782177,-0.12447475436113979,0.024293182650915138,0.4382342339399896,0.12141574928298447,0.043696791709525916,0.032331984498269135,0.01136480721125678
V11-PHASE-IDENTITY-METRIC-CONTROL-WORK-20,ordered_total_channels,bottom,0,0,p,-1.25,0.0006435521583472952,0.00019111248220190613,2.4167599005431038e-15,5.725178855579965e-15,0.0006713295475111586,0.4382342339399896,0.12141574928298447,6.792542716164472e-07,5.820430999983165e-29,6.792542716164472e-07
V11-PHASE-IDENTITY-METRIC-CONTROL-WORK-20,ordered_outgoing_channels,top,-3,-1,s,8.75,7.254431566767739e-06,-1.0441552997581335e-05,-9.195140170809825e-05,5.576925993858354e-05,0.00011927140942165614,0.9130801710515086,0.058273675808777306,5.118759690847478e-09,3.662159813318062e-07,3.6109722164095873e-07
V11-PHASE-IDENTITY-METRIC-CONTROL-WORK-20,ordered_outgoing_channels,top,-3,-1,p,8.75,-1.564465322951809e-05,2.027374078696724e-05,6.491873565175626e-05,-4.0080513039853855e-05,0.00010066327822511934,0.9130801710515086,0.058273675808777306,2.0765361119763537e-08,1.843193233752179e-07,1.6355396225545437e-07
V11-PHASE-IDENTITY-METRIC-CONTROL-WORK-20,ordered_outgoing_channels,top,-3,0,s,8.75,-4.2370213671963e-05,-6.477313480757567e-06,-0.0001921902009470994,0.00048817928501632254,0.0005168473459579952,0.9130801710515086,0.058273675808777306,9.11560334659239e-08,1.365740342110789e-05,1.3566247387641966e-05
V11-PHASE-IDENTITY-METRIC-CONTROL-WORK-20,ordered_outgoing_channels,top,-3,0,p,8.75,-3.9468579233221006e-07,3.8706905357225016e-07,1.2553482268998042e-15,3.668039838538298e-15,5.528103879754691e-07,0.9130801710515086,0.058273675808777306,1.5162946361030898e-11,7.457653301374714e-28,1.5162946361030898e-11
V11-PHASE-IDENTITY-METRIC-CONTROL-WORK-20,ordered_outgoing_channels,top,-3,1,s,8.75,3.315051219454302e-06,-1.159927341037313e-05,-9.195140170915746e-05,5.576925994137385e-05,0.00011667997402967163,0.9130801710515086,0.058273675808777306,4.608314432652209e-09,3.6621598134782935e-07,3.6160766691517714e-07
V11-PHASE-IDENTITY-METRIC-CONTROL-WORK-20,ordered_outgoing_channels,top,-3,1,p,8.75,1.2061781102070494e-05,1.329191308679586e-05,-6.491873565012055e-05,4.0080513039672495e-05,8.150845997115653e-05,0.9130801710515086,0.058273675808777306,1.0201291419569454e-08,1.843193233680326e-07,1.7411803194846314e-07
V11-PHASE-IDENTITY-METRIC-CONTROL-WORK-20,ordered_outgoing_channels,top,-2,-1,s,8.75,6.064569431656806e-06,-2.542796891043619e-06,2.344516502433825e-06,9.65817440460633e-07,5.113625751211904e-06,0.9130801710515086,0.058273675808777306,1.8468962430588532e-09,2.745931746845648e-10,1.5723030683742884e-09
V11-PHASE-IDENTITY-METRIC-CONTROL-WORK-20,ordered_outgoing_channels,top,-2,-1,p,8.75,-2.946086950785063e-05,-4.122646207627062e-06,-0.00011450210530953003,-0.00014336308972240936,0.00016315609978443993,0.9130801710515086,0.058273675808777306,3.7793905841968425e-08,1.437706929814518e-06,1.3999130239725495e-06
V11-PHASE-IDENTITY-METRIC-CONTROL-WORK-20,ordered_outgoing_channels,top,-2,0,s,8.75,5.162945420085663e-05,-0.00010178129620000768,0.00016425932553326252,-5.6207388544626634e-05,0.00012150090112972622,0.9130801710515086,0.058273675808777306,7.463172882759313e-07,1.7270051732052553e-06,9.80687884929324e-07
V11-PHASE-IDENTITY-METRIC-CONTROL-WORK-20,ordered_outgoing_channels,top,-2,0,p,8.75,3.6980408586570546e-07,-6.326134285818732e-08,-1.731002669799771e-16,1.1404235647096274e-15,3.751760382747105e-07,0.9130801710515086,0.058273675808777306,8.065194808318197e-12,7.623760074136061e-29,8.065194808318197e-12
V11-PHASE-IDENTITY-METRIC-CONTROL-WORK-20,ordered_outgoing_channels,top,-2,1,s,8.75,2.0087968583772604e-05,-1.6353882164436847e-05,2.3445165013757525e-06,9.658174394089157e-07,2.479520288619894e-05,0.9130801710515086,0.058273675808777306,2.8655986886086908e-08,2.745931743859139e-10,2.8381393711700995e-08
V11-PHASE-IDENTITY-METRIC-CONTROL-WORK-20,ordered_outgoing_channels,top,-2,1,p,8.75,3.796717657837985e-06,2.058741624486171e-05,0.0001145021053115565,0.0001433630897223461,0.00016531651113367338,0.9130801710515086,0.058273675808777306,1.871703515928576e-08,1.4377069298335635e-06,1.4189898946742777e-06
V11-PHASE-IDENTITY-METRIC-CONTROL-WORK-20,ordered_outgoing_channels,top,-1,-1,s,8.75,-1.151433229732357e-05,-3.2425727587474206e-05,-0.0001675317294758279,-0.0002780507862091289,0.0002909864217540854,0.9130801710515086,0.058273675808777306,3.751046769567032e-08,3.3385088803210597e-06,3.3009984126253894e-06
V11-PHASE-IDENTITY-METRIC-CONTROL-WORK-20,ordered_outgoing_channels,top,-1,-1,p,8.75,-2.45738485380645e-05,4.1925975071085576e-05,-0.00012312018254765662,-0.00020515373533905003,0.00026600707367114613,0.9130801710515086,0.058273675808777306,7.481963797140686e-08,1.8136268113864188e-06,1.738807173415012e-06
V11-PHASE-IDENTITY-METRIC-CONTROL-WORK-20,ordered_outgoing_channels,top,-1,0,s,8.75,0.0006011966915132128,0.0004901836158701891,-0.0010285581087383054,0.0013279322632824794,0.0018324637800469586,0.9130801710515086,0.058273675808777306,2.9861525990817593e-05,0.00014001487940183894,0.00011015335341102134
V11-PHASE-IDENTITY-METRIC-CONTROL-WORK-20,ordered_outgoing_channels,top,-1,0,p,8.75,-4.441469600769996e-06,8.041187920021696e-06,1.0695710033665002e-15,-1.898478834981676e-15,9.186259054680518e-06,0.9130801710515086,0.058273675808777306,4.187904557842339e-09,2.3563986760300565e-28,4.187904557842339e-09
V11-PHASE-IDENTITY-METRIC-CONTROL-WORK-20,ordered_outgoing_channels,top,-1,1,s,8.75,-3.749667199783254e-05,-0.00014003810140446083,-0.0001675317294752791,-0.00027805078621218255,0.00018962230180281635,0.9130801710515086,0.058273675808777306,6.65827729651995e-07,3.338508880369034e-06,2.672681150717039e-06
V11-PHASE-IDENTITY-METRIC-CONTROL-WORK-20,ordered_outgoing_channels,top,-1,1,p,8.75,2.050409415523479e-05,5.2344472774796375e-05,0.00012312018254904267,0.00020515373533914856,0.0001840671951291346,0.9130801710515086,0.058273675808777306,1.0012320861313422e-07,1.8136268113985115e-06,1.7135036027853773e-06
V11-PHASE-IDENTITY-METRIC-CONTROL-WORK-20,ordered_outgoing_channels,top,0,0,s,8.75,-0.8882470650633919,-0.08337629504466904,-0.9004635817872493,-0.03771148815782577,0.047270687205465664,0.9130801710515086,0.058273675808777306,0.7959344551689298,0.812256818464021,0.01632236329509118
V11-PHASE-IDENTITY-METRIC-CONTROL-WORK-20,ordered_outgoing_channels,top,0,0,p,8.75,0.0007835031243663762,-3.827391422389298e-05,1.1196540890151039e-13,-5.214558791588342e-15,0.0007844374023630192,0.9130801710515086,0.058273675808777306,6.153420384017559e-07,1.2563444413870592e-26,6.153420384017559e-07
V11-PHASE-IDENTITY-METRIC-CONTROL-WORK-20,ordered_outgoing_channels,bottom,-3,-1,s,-1.25,-1.3693266501090689e-05,-8.793181403402694e-06,-4.909306826319978e-06,0.00011217325597253058,0.00012128494102316901,0.9130801710515086,0.058273675808777306,8.015867861615893e-09,3.815929255738811e-07,3.7357705771226525e-07
V11-PHASE-IDENTITY-METRIC-CONTROL-WORK-20,ordered_outgoing_channels,bottom,-3,-1,p,-1.25,-1.691269793380057e-05,-1.8650864881035693e-06,-1.5732873803997091e-06,7.928198517251047e-05,8.258416770312948e-05,0.9130801710515086,0.058273675808777306,8.763266613563176e-09,1.903314808729246e-07,1.8156821425936142e-07
V11-PHASE-IDENTITY-METRIC-CONTROL-WORK-20,ordered_outgoing_channels,bottom,-3,0,s,-1.25,1.8015602407510305e-05,4.262076999432734e-05,-0.0004924362020247129,-0.0001736752134376343,0.0005543870462924905,0.9130801710515086,0.058273675808777306,1.0372504074264397e-07,1.3208823483228831e-05,1.3105098442486187e-05
V11-PHASE-IDENTITY-METRIC-CONTROL-WORK-20,ordered_outgoing_channels,bottom,-3,0,p,-1.25,-1.1302485501585879e-05,5.320664716753791e-07,-1.3274970028758873e-16,2.3198170478591657e-16,1.1315002131709583e-05,0.9130801710515086,0.058273675808777306,6.202368604646247e-09,3.46080831114775e-30,6.202368604646247e-09
V11-PHASE-IDENTITY-METRIC-CONTROL-WORK-20,ordered_outgoing_channels,bottom,-3,1,s,-1.25,7.052647445296954e-07,6.748074050908708e-06,-4.909306828951654e-06,0.00011217325597379069,0.00010557458215605926,0.9130801710515086,0.058273675808777306,1.3933762152054274e-09,3.8159292558322023e-07,3.8019954936801483e-07
V11-PHASE-IDENTITY-METRIC-CONTROL-WORK-20,ordered_outgoing_channels,bottom,-3,1,p,-1.25,-4.615407200764534e-06,-2.3586938732071494e-05,1.5732873796791848e-06,-7.9281985174855e-05,5.603782774942142e-05,0.9130801710515086,0.058273675808777306,1.7484455934992947e-08,1.903314808841085e-07,1.7284702494911558e-07
V11-PHASE-IDENTITY-METRIC-CONTROL-WORK-20,ordered_outgoing_channels,bottom,-2,-1,s,-1.25,1.3135879534973053e-05,7.730503078353707e-06,7.745485652971132e-07,2.4717345258705883e-06,1.3433434037149805e-05,0.9130801710515086,0.058273675808777306,9.634412994221988e-09,2.7825122930511906e-10,9.356161764916868e-09
V11-PHASE-IDENTITY-METRIC-CONTROL-WORK-20,ordered_outgoing_channels,bottom,-2,-1,p,-1.25,2.917952861119839e-05,1.2070536339533425e-06,-3.630225008417201e-05,0.0001883234131536643,0.0001982432731293024,0.9130801710515086,0.058273675808777306,3.5371433786273145e-08,1.5254830024257906e-06,1.4901115686395175e-06
V11-PHASE-IDENTITY-METRIC-CONTROL-WORK-20,ordered_outgoing_channels,bottom,-2,0,s,-1.25,-9.729114111671334e-05,-5.524622356536195e-05,-0.00018404130862068258,1.7489532595230964e-05,0.00011320813480585196,0.9130801710515086,0.058273675808777306,7.032374944029523e-07,1.9200481909981673e-06,1.216810696595215e-06
V11-PHASE-IDENTITY-METRIC-CONTROL-WORK-20,ordered_outgoing_channels,bottom,-2,0,p,-1.25,1.3002208314751184e-05,-4.1310651421441355e-06,-1.953215047833636e-16,3.0838854490696276e-16,1.364269475860434e-05,0.9130801710515086,0.058273675808777306,1.0456284939369727e-08,7.486128714139298e-30,1.0456284939369727e-08
V11-PHASE-IDENTITY-METRIC-CONTROL-WORK-20,ordered_outgoing_channels,bottom,-2,1,s,-1.25,4.895567283133418e-06,4.745395106101385e-06,7.745485660026084e-07,2.4717345262717786e-06,4.706625935764767e-06,0.9130801710515086,0.058273675808777306,1.9278344585210354e-09,2.7825122943269296e-10,1.6495832290883425e-09
V11-PHASE-IDENTITY-METRIC-CONTROL-WORK-20,ordered_outgoing_channels,bottom,-2,1,p,-1.25,1.4258192967781031e-05,2.3565414381693485e-05,3.630225008297548e-05,-0.00018832341315286793,0.0002130324287240538,0.9130801710515086,0.058273675808777306,3.146158853866704e-08,1.5254830024097482e-06,1.4940214138710811e-06
V11-PHASE-IDENTITY-METRIC-CONTROL-WORK-20,ordered_outgoing_channels,bottom,-1,-1,s,-1.25,2.3779077631776614e-06,-3.013599736156725e-05,-0.00033718347041335526,-1.6668060240140516e-05,0.0003398283609109944,0.9130801710515086,0.058273675808777306,2.7675039754539835e-08,3.4515489579344382e-06,3.4238739181798984e-06
V11-PHASE-IDENTITY-METRIC-CONTROL-WORK-20,ordered_outgoing_channels,bottom,-1,-1,p,-1.25,-0.00010191009691557079,-4.80801447486932e-05,0.0002479992366175502,8.609260274623294e-06,0.00035447176239510324,0.9130801710515086,0.058273675808777306,3.8453443097340184e-07,1.8648558637476027e-06,1.4803214327742009e-06
V11-PHASE-IDENTITY-METRIC-CONTROL-WORK-20,ordered_outgoing_channels,bottom,-1,0,s,-1.25,-0.0007393321841680078,-0.00020543304988839464,-0.0011348134234953988,-0.0008861976207941805,0.0007873028716195998,0.9130801710515086,0.058273675808777306,2.85310705414327e-05,0.00010045454435778903,7.192347381635633e-05
V11-PHASE-IDENTITY-METRIC-CONTROL-WORK-20,ordered_outgoing_channels,bottom,-1,0,p,-1.25,1.0322282526105628e-05,-2.8208167896969942e-05,-4.465027736885759e-16,-2.0865938982257457e-16,3.0037480797327818e-05,0.9130801710515086,0.058273675808777306,4.3718610472507454e-08,1.1769907587313279e-29,4.3718610472507454e-08
V11-PHASE-IDENTITY-METRIC-CONTROL-WORK-20,ordered_outgoing_channels,bottom,-1,1,s,-1.25,-3.6992270240107745e-05,-2.956570948664423e-05,-0.00033718347041209904,-1.6668060241286416e-05,0.0003004681447620643,0.9130801710515086,0.058273675808777306,6.791495903981315e-08,3.4515489579099395e-06,3.3836339988701264e-06
V11-PHASE-IDENTITY-METRIC-CONTROL-WORK-20,ordered_outgoing_channels,bottom,-1,1,p,-1.25,-3.056341233511215e-05,2.1181716849865894e-05,-0.000247999236616804,-8.609260275602887e-06,0.00021946717294198917,0.9130801710515086,0.058273675808777306,4.187712927732003e-08,1.8648558637369045e-06,1.8229787344595845e-06
V11-PHASE-IDENTITY-METRIC-CONTROL-WORK-20,ordered_outgoing_channels,bottom,0,0,s,-1.25,0.08526231859640587,-0.1473873788816737,0.07718950242782177,-0.12447475436113979,0.024293182650915138,0.9130801710515086,0.058273675808777306,0.043696791709525916,0.032331984498269135,0.01136480721125678
V11-PHASE-IDENTITY-METRIC-CONTROL-WORK-20,ordered_outgoing_channels,bottom,0,0,p,-1.25,0.0006435521583472952,0.00019111248220190613,2.4167599005431038e-15,5.725178855579965e-15,0.0006713295475111586,0.9130801710515086,0.058273675808777306,6.792542716164472e-07,5.820430999983165e-29,6.792542716164472e-07
V11-PHASE-IDENTITY-METRIC-CONTROL-WORK-20,ordered_boundary_outgoing_channels,top,-3,-1,s,8.75,4.957449844579584e-06,-1.1707967261514436e-05,-7.855082196187339e-05,7.345092919286605e-05,0.00011927140942165614,0.9095181214967073,0.05662482174545141,5.118759690847478e-09,3.662159813318062e-07,3.6109722164095873e-07
V11-PHASE-IDENTITY-METRIC-CONTROL-WORK-20,ordered_boundary_outgoing_channels,top,-3,-1,p,8.75,-1.1151562020232013e-05,2.305260082242194e-05,5.531274235513715e-05,-5.254893240889601e-05,0.00010066327822511936,0.9095181214967073,0.05662482174545141,2.0765361119763537e-08,1.843193233752179e-07,1.6355396225545437e-07
V11-PHASE-IDENTITY-METRIC-CONTROL-WORK-20,ordered_boundary_outgoing_channels,top,-3,0,s,8.75,4.1546870720315604e-05,1.0537937648571766e-05,0.0002384264874377627,-0.00046734237743567054,0.0005168473459579952,0.9095181214967073,0.05662482174545141,9.11560334659239e-08,1.365740342110789e-05,1.3566247387641966e-05
V11-PHASE-IDENTITY-METRIC-CONTROL-WORK-20,ordered_boundary_outgoing_channels,top,-3,0,p,8.75,4.30213734937513e-07,-3.4715337989617394e-07,-8.953304260694988e-16,-3.7721080122444466e-15,5.528103879754692e-07,0.9095181214967073,0.05662482174545141,1.5162946361030898e-11,7.457653301374714e-28,1.5162946361030898e-11
V11-PHASE-IDENTITY-METRIC-CONTROL-WORK-20,ordered_boundary_outgoing_channels,top,-3,1,s,8.75,8.643350045141503e-07,-1.2032690191148699e-05,-7.855082196233748e-05,7.345092919581435e-05,0.00011667997402967163,0.9095181214967073,0.05662482174545141,4.608314432652209e-09,3.6621598134782935e-07,3.6160766691517714e-07
V11-PHASE-IDENTITY-METRIC-CONTROL-WORK-20,ordered_boundary_outgoing_channels,top,-3,1,p,8.75,1.4532608789208172e-05,1.053398303781762e-05,-5.5312742353573465e-05,5.2548932408382856e-05,8.150845997115653e-05,0.9095181214967073,0.05662482174545141,1.0201291419569454e-08,1.843193233680326e-07,1.7411803194846314e-07
V11-PHASE-IDENTITY-METRIC-CONTROL-WORK-20,ordered_boundary_outgoing_channels,top,-2,-1,s,8.75,3.640405945706227e-07,6.565995192352178e-06,-1.6954805776036832e-06,1.8854459868824524e-06,5.113625751211904e-06,0.9095181214967073,0.05662482174545141,1.8468962430588532e-09,2.745931746845648e-10,1.5723030683742884e-09
V11-PHASE-IDENTITY-METRIC-CONTROL-WORK-20,ordered_boundary_outgoing_channels,top,-2,-1,p,8.75,1.3754618577780658e-05,-2.637706412191539e-05,0.00017343931198744156,-5.9854094867379096e-05,0.00016315609978443993,0.9095181214967073,0.05662482174545141,3.7793905841968425e-08,1.437706929814518e-06,1.3999130239725495e-06
V11-PHASE-IDENTITY-METRIC-CONTROL-WORK-20,ordered_boundary_outgoing_channels,top,-2,0,s,8.75,-0.00010178130278435661,-5.162944122059789e-05,-5.6207409492762594e-05,-0.00016425931836508344,0.00012150090112972622,0.9095181214967073,0.05662482174545141,7.463172882759313e-07,1.7270051732052553e-06,9.80687884929324e-07
V11-PHASE-IDENTITY-METRIC-CONTROL-WORK-20,ordered_boundary_outgoing_channels,top,-2,0,p,8.75,-6.326139001962749e-08,-3.698040777979277e-07,1.1404235867852477e-15,1.7310012154075433e-16,3.751760382747105e-07,0.9095181214967073,0.05662482174545141,8.065194808318197e-12,7.623760074136061e-29,8.065194808318197e-12
V11-PHASE-IDENTITY-METRIC-CONTROL-WORK-20,ordered_boundary_outgoing_channels,top,-2,1,s,8.75,8.678718892503236e-06,2.440606035508042e-05,-1.6954805762582626e-06,1.885445986237883e-06,2.4795202886198943e-05,0.9095181214967073,0.05662482174545141,2.8655986886086908e-08,2.745931743859139e-10,2.8381393711700995e-08
V11-PHASE-IDENTITY-METRIC-CONTROL-WORK-20,ordered_boundary_outgoing_channels,top,-2,1,p,8.75,-2.0669637107768148e-05,-3.3200714518980723e-06,-0.00017343931198806085,5.9854094869309646e-05,0.00016531651113367338,0.9095181214967073,0.05662482174545141,1.871703515928576e-08,1.4377069298335635e-06,1.4189898946742777e-06
V11-PHASE-IDENTITY-METRIC-CONTROL-WORK-20,ordered_boundary_outgoing_channels,top,-1,-1,s,8.75,-1.7833999596715538e-05,-2.9427132313812448e-05,-0.00022030138827274493,-0.0002384248695454775,0.0002909864217540854,0.9095181214967073,0.05662482174545141,3.751046769567032e-08,3.3385088803210597e-06,3.3009984126253894e-06
V11-PHASE-IDENTITY-METRIC-CONTROL-WORK-20,ordered_boundary_outgoing_channels,top,-1,-1,p,8.75,-1.55872259923686e-05,4.6029336335600723e-05,-0.00016206524324860404,-0.0001760155998907599,0.00026600707367114613,0.9095181214967073,0.05662482174545141,7.481963797140686e-08,1.8136268113864188e-06,1.738807173415012e-06
V11-PHASE-IDENTITY-METRIC-CONTROL-WORK-20,ordered_boundary_outgoing_channels,top,-1,0,s,8.75,-0.0005500034709330456,-0.0005470042240381777,0.0011543275989399616,-0.0012201900152203147,0.0018324637800469588,0.9095181214967073,0.05662482174545141,2.9861525990817593e-05,0.00014001487940183894,0.00011015335341102134
V11-PHASE-IDENTITY-METRIC-CONTROL-WORK-20,ordered_boundary_outgoing_channels,top,-1,0,p,8.75,5.211741906446322e-06,-7.564727469000989e-06,-1.2513260214317444e-15,1.783924663825131e-15,9.18625905468052e-06,0.9095181214967073,0.05662482174545141,4.187904557842339e-09,2.3563986760300565e-28,4.187904557842339e-09
V11-PHASE-IDENTITY-METRIC-CONTROL-WORK-20,ordered_boundary_outgoing_channels,top,-1,1,s,8.75,-6.504235540379258e-05,-0.00012956142272839484,-0.00022030138827282503,-0.00023842486954857905,0.00018962230180281638,0.9095181214967073,0.05662482174545141,6.65827729651995e-07,3.338508880369034e-06,2.672681150717039e-06
V11-PHASE-IDENTITY-METRIC-CONTROL-WORK-20,ordered_boundary_outgoing_channels,top,-1,1,p,8.75,3.066625601099551e-05,4.71162652325735e-05,0.00016206524324998136,0.0001760155998905761,0.0001840671951291346,0.9095181214967073,0.05662482174545141,1.0012320861313422e-07,1.8136268113985115e-06,1.7135036027853773e-06
V11-PHASE-IDENTITY-METRIC-CONTROL-WORK-20,ordered_boundary_outgoing_channels,top,0,0,s,8.75,-0.856040376598811,-0.2512555050176436,-0.8767420008873494,-0.208758909616445,0.04727068720546568,0.9095181214967073,0.05662482174545141,0.7959344551689298,0.812256818464021,0.01632236329509118
V11-PHASE-IDENTITY-METRIC-CONTROL-WORK-20,ordered_boundary_outgoing_channels,top,0,0,p,8.75,0.0007764207056384777,0.00011186119191989516,1.109046864019619e-13,1.6235607409513206e-14,0.0007844374023630193,0.9095181214967073,0.05662482174545141,6.153420384017559e-07,1.2563444413870592e-26,6.153420384017559e-07
V11-PHASE-IDENTITY-METRIC-CONTROL-WORK-20,ordered_boundary_outgoing_channels,bottom,-3,-1,s,-1.25,-2.386952715402268e-06,-1.5892264359077566e-05,-8.648303367237041e-05,6.939127777564956e-05,0.00011977242333428308,0.9095181214967073,0.05662482174545141,8.015867861615893e-09,3.815929255738811e-07,3.7357705771226525e-07
V11-PHASE-IDENTITY-METRIC-CONTROL-WORK-20,ordered_boundary_outgoing_channels,bottom,-3,-1,p,-1.25,-9.627116703170624e-06,-1.377172906615777e-05,-5.9889780695573525e-05,5.0452604324837186e-05,8.155427880332746e-05,0.9095181214967073,0.05662482174545141,8.763266613563176e-09,1.903314808729246e-07,1.8156821425936142e-07
V11-PHASE-IDENTITY-METRIC-CONTROL-WORK-20,ordered_boundary_outgoing_channels,bottom,-3,0,s,-1.25,-3.732420995871324e-05,2.6727772110120384e-05,6.074845422874771e-05,-0.0005144750722767751,0.0005500170599475007,0.9095181214967073,0.05662482174545141,1.0372504074264397e-07,1.3208823483228831e-05,1.3105098442486187e-05
V11-PHASE-IDENTITY-METRIC-CONTROL-WORK-20,ordered_boundary_outgoing_channels,bottom,-3,0,p,-1.25,-2.978819466382918e-06,-1.0823375967295578e-05,-2.5346697492730613e-16,-7.791468315616378e-17,1.1225811005871096e-05,0.9095181214967073,0.05662482174545141,6.202368604646247e-09,3.46080831114775e-30,6.202368604646247e-09
V11-PHASE-IDENTITY-METRIC-CONTROL-WORK-20,ordered_boundary_outgoing_channels,bottom,-3,1,s,-1.25,-4.551120233226158e-06,4.917337527670703e-06,-8.648303367501951e-05,6.939127777451605e-05,0.00010425798487975537,0.9095181214967073,0.05662482174545141,1.3933762152054274e-09,3.8159292558322023e-07,3.8019954936801483e-07
V11-PHASE-IDENTITY-METRIC-CONTROL-WORK-20,ordered_boundary_outgoing_channels,bottom,-3,1,p,-1.25,1.450776038373339e-05,-1.878438191534971e-05,5.9889780696845165e-05,-5.0452604326898695e-05,5.5338992386987166e-05,0.9095181214967073,0.05662482174545141,1.7484455934992947e-08,1.903314808841085e-07,1.7284702494911558e-07
V11-PHASE-IDENTITY-METRIC-CONTROL-WORK-20,ordered_boundary_outgoing_channels,bottom,-2,-1,s,-1.25,-1.795938793255365e-06,1.4994729272323285e-05,-1.935589521620524e-06,1.6853186586884327e-06,1.331014324521975e-05,0.9095181214967073,0.05662482174545141,9.634412994221988e-09,2.7825122930511906e-10,9.356161764916868e-09
V11-PHASE-IDENTITY-METRIC-CONTROL-WORK-20,ordered_boundary_outgoing_channels,bottom,-2,-1,p,-1.25,1.0500990642457126e-05,2.6963812810698324e-05,-0.0001853545253180435,4.1894719858193056e-05,0.0001964238150464827,0.9095181214967073,0.05662482174545141,3.5371433786273145e-08,1.5254830024257906e-06,1.4901115686395175e-06
V11-PHASE-IDENTITY-METRIC-CONTROL-WORK-20,ordered_boundary_outgoing_channels,bottom,-2,0,s,-1.25,5.395176381414101e-05,-9.71435446526444e-05,-1.910128656019509e-05,-0.00018261418318362527,0.00011243655197438634,0.9095181214967073,0.05662482174545141,7.032374944029523e-07,1.9200481909981673e-06,1.216810696595215e-06
V11-PHASE-IDENTITY-METRIC-CONTROL-WORK-20,ordered_boundary_outgoing_channels,bottom,-2,0,p,-1.25,4.225069452457595e-06,1.2874139504691076e-05,-3.081108181661143e-16,-1.9107978283180129e-16,1.3549711431313261e-05,0.9095181214967073,0.05662482174545141,1.0456284939369727e-08,7.486128714139298e-30,1.0456284939369727e-08
V11-PHASE-IDENTITY-METRIC-CONTROL-WORK-20,ordered_boundary_outgoing_channels,bottom,-2,1,s,-1.25,-2.3614459482487725e-06,6.329262675986529e-06,-1.9355895217042767e-06,1.6853186594882002e-06,4.663428966372264e-06,0.9095181214967073,0.05662482174545141,1.9278344585210354e-09,2.7825122943269296e-10,1.6495832290883425e-09
V11-PHASE-IDENTITY-METRIC-CONTROL-WORK-20,ordered_boundary_outgoing_channels,bottom,-2,1,p,-1.25,-1.572208887414594e-05,2.2306489432763807e-05,0.00018535452531684516,-4.189471985896257e-05,0.00021107723716458091,0.9095181214967073,0.05662482174545141,3.146158853866704e-08,1.5254830024097482e-06,1.4940214138710811e-06
V11-PHASE-IDENTITY-METRIC-CONTROL-WORK-20,ordered_boundary_outgoing_channels,bottom,-1,-1,s,-1.25,2.3931719907309365e-05,-1.7845640069531644e-05,-0.00020705147255067278,-0.00026129824663100645,0.00033559262035935396,0.9095181214967073,0.05662482174545141,2.7675039754539835e-08,3.4515489579344382e-06,3.4238739181798984e-06
V11-PHASE-IDENTITY-METRIC-CONTROL-WORK-20,ordered_boundary_outgoing_channels,bottom,-1,-1,p,-1.25,-3.060832833330003e-05,-0.00010698570989843738,0.00015499807170421564,0.00018981004150854804,0.0003500535013224741,0.9095181214967073,0.05662482174545141,3.8453443097340184e-07,1.8648558637476027e-06,1.4803214327742009e-06
V11-PHASE-IDENTITY-METRIC-CONTROL-WORK-20,ordered_boundary_outgoing_channels,bottom,-1,0,s,-1.25,3.787653523159104e-05,-0.0007603525057925555,0.0006107069086373302,-0.0012913701554319347,0.0007810981890419981,0.9095181214967073,0.05662482174545141,2.85310705414327e-05,0.00010045454435778903,7.192347381635633e-05
V11-PHASE-IDENTITY-METRIC-CONTROL-WORK-20,ordered_boundary_outgoing_channels,bottom,-1,0,p,-1.25,2.955105113164511e-05,3.849742441839654e-06,1.0475495179447351e-16,-4.776152653530708e-16,2.9800757370427542e-05,0.9095181214967073,0.05662482174545141,4.3718610472507454e-08,1.1769907587313279e-29,4.3718610472507454e-08
V11-PHASE-IDENTITY-METRIC-CONTROL-WORK-20,ordered_boundary_outgoing_channels,bottom,-1,1,s,-1.25,-2.1131772503944592e-06,-4.6717641448547124e-05,-0.00020705147254900414,-0.0002612982466308191,0.00029672300382729047,0.9095181214967073,0.05662482174545141,6.791495903981315e-08,3.4515489579099395e-06,3.3836339988701264e-06
V11-PHASE-IDENTITY-METRIC-CONTROL-WORK-20,ordered_boundary_outgoing_channels,bottom,-1,1,p,-1.25,-3.5623262619955846e-05,-8.917073243013542e-06,-0.0001549980717030024,-0.00018981004150863128,0.00021673165668992518,0.9095181214967073,0.05662482174545141,4.187712927732003e-08,1.8648558637369045e-06,1.8229787344595845e-06
V11-PHASE-IDENTITY-METRIC-CONTROL-WORK-20,ordered_boundary_outgoing_channels,bottom,0,0,s,-1.25,0.07836440818000678,-0.1186489593563253,0.07050175899447489,-0.09994772920440079,0.02028687411628504,0.9095181214967073,0.05662482174545141,0.043696791709525916,0.032331984498269135,0.01136480721125678
V11-PHASE-IDENTITY-METRIC-CONTROL-WORK-20,ordered_boundary_outgoing_channels,bottom,0,0,p,-1.25,0.0005270276256228851,0.00019113769471918663,1.7315585978917311e-15,4.892126973773713e-15,0.0005606172816713427,0.9095181214967073,0.05662482174545141,6.792542716164472e-07,5.820430999983165e-29,6.792542716164472e-07
V11-PHASE-IDENTITY-METRIC-CONTROL-WORK-20,ordered_scattered_channels,top,-3,-1,s,8.75,7.2544315667630775e-06,-1.0441552997585614e-05,-9.195140170810291e-05,5.5769259938579254e-05,0.00011927140942165614,0.2468359522790033,0.21556234974691177,5.118759690847478e-09,3.662159813318062e-07,3.6109722164095873e-07
V11-PHASE-IDENTITY-METRIC-CONTROL-WORK-20,ordered_scattered_channels,top,-3,-1,p,8.75,-1.564465322953005e-05,2.027374078696521e-05,6.49187356517443e-05,-4.008051303985588e-05,0.00010066327822511936,0.2468359522790033,0.21556234974691177,2.0765361119763537e-08,1.843193233752179e-07,1.6355396225545437e-07
V11-PHASE-IDENTITY-METRIC-CONTROL-WORK-20,ordered_scattered_channels,top,-3,0,s,8.75,-4.237021367211343e-05,-6.477313480692434e-06,-0.00019219020094724982,0.00048817928501638765,0.0005168473459579952,0.2468359522790033,0.21556234974691177,9.11560334659239e-08,1.365740342110789e-05,1.3566247387641966e-05
V11-PHASE-IDENTITY-METRIC-CONTROL-WORK-20,ordered_scattered_channels,top,-3,0,p,8.75,-3.9468579233221006e-07,3.8706905357225016e-07,1.2553482268998042e-15,3.668039838538298e-15,5.528103879754691e-07,0.2468359522790033,0.21556234974691177,1.5162946361030898e-11,7.457653301374714e-28,1.5162946361030898e-11
V11-PHASE-IDENTITY-METRIC-CONTROL-WORK-20,ordered_scattered_channels,top,-3,1,s,8.75,3.315051219464525e-06,-1.1599273410370106e-05,-9.195140170914724e-05,5.5769259941376876e-05,0.00011667997402967163,0.2468359522790033,0.21556234974691177,4.608314432652209e-09,3.6621598134782935e-07,3.6160766691517714e-07
V11-PHASE-IDENTITY-METRIC-CONTROL-WORK-20,ordered_scattered_channels,top,-3,1,p,8.75,1.2061781102083894e-05,1.329191308681067e-05,-6.491873565010715e-05,4.00805130396873e-05,8.150845997115653e-05,0.2468359522790033,0.21556234974691177,1.0201291419569454e-08,1.843193233680326e-07,1.7411803194846314e-07
V11-PHASE-IDENTITY-METRIC-CONTROL-WORK-20,ordered_scattered_channels,top,-2,-1,s,8.75,6.064569431656806e-06,-2.5427968910436144e-06,2.3445165024338254e-06,9.658174404606376e-07,5.113625751211904e-06,0.2468359522790033,0.21556234974691177,1.8468962430588532e-09,2.745931746845648e-10,1.5723030683742884e-09
V11-PHASE-IDENTITY-METRIC-CONTROL-WORK-20,ordered_scattered_channels,top,-2,-1,p,8.75,-2.9460869507815994e-05,-4.1226462076417136e-06,-0.00011450210530949539,-0.00014336308972242402,0.00016315609978443993,0.2468359522790033,0.21556234974691177,3.7793905841968425e-08,1.437706929814518e-06,1.3999130239725495e-06
V11-PHASE-IDENTITY-METRIC-CONTROL-WORK-20,ordered_scattered_channels,top,-2,0,s,8.75,5.162945420079742e-05,-0.0001017812962001633,0.0001642593255332033,-5.620738854478225e-05,0.0001215009011297262,0.2468359522790033,0.21556234974691177,7.463172882759313e-07,1.7270051732052553e-06,9.80687884929324e-07
V11-PHASE-IDENTITY-METRIC-CONTROL-WORK-20,ordered_scattered_channels,top,-2,0,p,8.75,3.6980408586570546e-07,-6.326134285818732e-08,-1.731002669799771e-16,1.1404235647096274e-15,3.751760382747105e-07,0.2468359522790033,0.21556234974691177,8.065194808318197e-12,7.623760074136061e-29,8.065194808318197e-12
V11-PHASE-IDENTITY-METRIC-CONTROL-WORK-20,ordered_scattered_channels,top,-2,1,s,8.75,2.00879685837726e-05,-1.6353882164436847e-05,2.344516501375749e-06,9.658174394089149e-07,2.479520288619894e-05,0.2468359522790033,0.21556234974691177,2.8655986886086908e-08,2.745931743859139e-10,2.8381393711700995e-08
V11-PHASE-IDENTITY-METRIC-CONTROL-WORK-20,ordered_scattered_channels,top,-2,1,p,8.75,3.796717657827324e-06,2.058741624486904e-05,0.00011450210531154583,0.0001433630897223534,0.00016531651113367338,0.2468359522790033,0.21556234974691177,1.871703515928576e-08,1.4377069298335635e-06,1.4189898946742777e-06
V11-PHASE-IDENTITY-METRIC-CONTROL-WORK-20,ordered_scattered_channels,top,-1,-1,s,8.75,-1.1514332297279088e-05,-3.242572758746444e-05,-0.00016753172947578341,-0.00027805078620911914,0.0002909864217540854,0.2468359522790033,0.21556234974691177,3.751046769567032e-08,3.3385088803210597e-06,3.3009984126253894e-06
V11-PHASE-IDENTITY-METRIC-CONTROL-WORK-20,ordered_scattered_channels,top,-1,-1,p,8.75,-2.4573848538049202e-05,4.192597507112256e-05,-0.00012312018254764134,-0.00020515373533901306,0.0002660070736711462,0.2468359522790033,0.21556234974691177,7.481963797140686e-08,1.8136268113864188e-06,1.738807173415012e-06
V11-PHASE-IDENTITY-METRIC-CONTROL-WORK-20,ordered_scattered_channels,top,-1,0,s,8.75,0.0006011966915136244,0.0004901836158700174,-0.0010285581087378939,0.0013279322632823076,0.0018324637800469586,0.2468359522790033,0.21556234974691177,2.9861525990817593e-05,0.00014001487940183894,0.00011015335341102134
V11-PHASE-IDENTITY-METRIC-CONTROL-WORK-20,ordered_scattered_channels,top,-1,0,p,8.75,-4.441469600769996e-06,8.041187920021696e-06,1.0695710033665002e-15,-1.898478834981676e-15,9.186259054680518e-06,0.2468359522790033,0.21556234974691177,4.187904557842339e-09,2.3563986760300565e-28,4.187904557842339e-09
V11-PHASE-IDENTITY-METRIC-CONTROL-WORK-20,ordered_scattered_channels,top,-1,1,s,8.75,-3.749667199783078e-05,-0.00014003810140444353,-0.00016753172947527734,-0.00027805078621216526,0.00018962230180281635,0.2468359522790033,0.21556234974691177,6.65827729651995e-07,3.338508880369034e-06,2.672681150717039e-06
V11-PHASE-IDENTITY-METRIC-CONTROL-WORK-20,ordered_scattered_channels,top,-1,1,p,8.75,2.0504094155230706e-05,5.234447277477702e-05,0.00012312018254903858,0.0002051537353391292,0.0001840671951291346,0.2468359522790033,0.21556234974691177,1.0012320861313422e-07,1.8136268113985115e-06,1.7135036027853773e-06
V11-PHASE-IDENTITY-METRIC-CONTROL-WORK-20,ordered_scattered_channels,top,0,0,s,8.75,-0.007056858386572395,0.1636067453359528,-0.01927337511042978,0.20927155222279603,0.04727068720546564,0.2468359522790033,0.21556234974691177,0.7959344551689298,0.812256818464021,0.01632236329509118
V11-PHASE-IDENTITY-METRIC-CONTROL-WORK-20,ordered_scattered_channels,top,0,0,p,8.75,0.0007835031243662666,-3.8273914222414045e-05,1.1185579377514874e-13,-3.735624544869974e-15,0.0007844374023630192,0.2468359522790033,0.21556234974691177,6.153420384017559e-07,1.2563444413870592e-26,6.153420384017559e-07
V11-PHASE-IDENTITY-METRIC-CONTROL-WORK-20,ordered_scattered_channels,bottom,-3,-1,s,-1.25,-1.3693266501090755e-05,-8.793181403400893e-06,-4.909306826320045e-06,0.00011217325597253238,0.00012128494102316901,0.2468359522790033,0.21556234974691177,8.015867861615893e-09,3.815929255738811e-07,3.7357705771226525e-07
V11-PHASE-IDENTITY-METRIC-CONTROL-WORK-20,ordered_scattered_channels,bottom,-3,-1,p,-1.25,-1.691269793380419e-05,-1.8650864880964047e-06,-1.5732873804033325e-06,7.928198517251764e-05,8.258416770312948e-05,0.2468359522790033,0.21556234974691177,8.763266613563176e-09,1.903314808729246e-07,1.8156821425936142e-07
V11-PHASE-IDENTITY-METRIC-CONTROL-WORK-20,ordered_scattered_channels,bottom,-3,0,s,-1.25,1.801560240750805e-05,4.262076999425346e-05,-0.0004924362020247152,-0.0001736752134377082,0.0005543870462924905,0.2468359522790033,0.21556234974691177,1.0372504074264397e-07,1.3208823483228831e-05,1.3105098442486187e-05
V11-PHASE-IDENTITY-METRIC-CONTROL-WORK-20,ordered_scattered_channels,bottom,-3,0,p,-1.25,-1.1302485501585879e-05,5.320664716753791e-07,-1.3274970028758873e-16,2.3198170478591657e-16,1.1315002131709583e-05,0.2468359522790033,0.21556234974691177,6.202368604646247e-09,3.46080831114775e-30,6.202368604646247e-09
V11-PHASE-IDENTITY-METRIC-CONTROL-WORK-20,ordered_scattered_channels,bottom,-3,1,s,-1.25,7.052647445284923e-07,6.748074050907822e-06,-4.9093068289528565e-06,0.00011217325597378981,0.00010557458215605927,0.2468359522790033,0.21556234974691177,1.3933762152054274e-09,3.8159292558322023e-07,3.8019954936801483e-07
V11-PHASE-IDENTITY-METRIC-CONTROL-WORK-20,ordered_scattered_channels,bottom,-3,1,p,-1.25,-4.615407200755849e-06,-2.3586938732071664e-05,1.5732873796878703e-06,-7.928198517485518e-05,5.603782774942143e-05,0.2468359522790033,0.21556234974691177,1.7484455934992947e-08,1.903314808841085e-07,1.7284702494911558e-07
V11-PHASE-IDENTITY-METRIC-CONTROL-WORK-20,ordered_scattered_channels,bottom,-2,-1,s,-1.25,1.3135879534973053e-05,7.730503078353707e-06,7.745485652971132e-07,2.471734525870588e-06,1.3433434037149805e-05,0.2468359522790033,0.21556234974691177,9.634412994221988e-09,2.7825122930511906e-10,9.356161764916868e-09
V11-PHASE-IDENTITY-METRIC-CONTROL-WORK-20,ordered_scattered_channels,bottom,-2,-1,p,-1.25,2.917952861119154e-05,1.20705363394906e-06,-3.630225008417886e-05,0.00018832341315366003,0.0001982432731293024,0.2468359522790033,0.21556234974691177,3.5371433786273145e-08,1.5254830024257906e-06,1.4901115686395175e-06
V11-PHASE-IDENTITY-METRIC-CONTROL-WORK-20,ordered_scattered_channels,bottom,-2,0,s,-1.25,-9.72911411167291e-05,-5.524622356531993e-05,-0.00018404130862069833,1.7489532595272983e-05,0.00011320813480585195,0.2468359522790033,0.21556234974691177,7.032374944029523e-07,1.9200481909981673e-06,1.216810696595215e-06
V11-PHASE-IDENTITY-METRIC-CONTROL-WORK-20,ordered_scattered_channels,bottom,-2,0,p,-1.25,1.3002208314751184e-05,-4.1310651421441355e-06,-1.953215047833636e-16,3.0838854490696276e-16,1.364269475860434e-05,0.2468359522790033,0.21556234974691177,1.0456284939369727e-08,7.486128714139298e-30,1.0456284939369727e-08
V11-PHASE-IDENTITY-METRIC-CONTROL-WORK-20,ordered_scattered_channels,bottom,-2,1,s,-1.25,4.895567283133418e-06,4.745395106101383e-06,7.745485660026087e-07,2.4717345262717774e-06,4.706625935764766e-06,0.2468359522790033,0.21556234974691177,1.9278344585210354e-09,2.7825122943269296e-10,1.6495832290883425e-09
V11-PHASE-IDENTITY-METRIC-CONTROL-WORK-20,ordered_scattered_channels,bottom,-2,1,p,-1.25,1.4258192967773323e-05,2.3565414381705133e-05,3.630225008296777e-05,-0.00018832341315285628,0.0002130324287240538,0.2468359522790033,0.21556234974691177,3.146158853866704e-08,1.5254830024097482e-06,1.4940214138710811e-06
V11-PHASE-IDENTITY-METRIC-CONTROL-WORK-20,ordered_scattered_channels,bottom,-1,-1,s,-1.25,2.3779077631775716e-06,-3.0135997361562925e-05,-0.00033718347041335536,-1.666806024013619e-05,0.0003398283609109945,0.2468359522790033,0.21556234974691177,2.7675039754539835e-08,3.4515489579344382e-06,3.4238739181798984e-06
V11-PHASE-IDENTITY-METRIC-CONTROL-WORK-20,ordered_scattered_channels,bottom,-1,-1,p,-1.25,-0.00010191009691558826,-4.808014474870129e-05,0.00024799923661753275,8.609260274615205e-06,0.0003544717623951033,0.2468359522790033,0.21556234974691177,3.8453443097340184e-07,1.8648558637476027e-06,1.4803214327742009e-06
V11-PHASE-IDENTITY-METRIC-CONTROL-WORK-20,ordered_scattered_channels,bottom,-1,0,s,-1.25,-0.0007393321841680221,-0.00020543304988838412,-0.0011348134234954131,-0.00088619762079417,0.0007873028716195998,0.2468359522790033,0.21556234974691177,2.85310705414327e-05,0.00010045454435778903,7.192347381635633e-05
V11-PHASE-IDENTITY-METRIC-CONTROL-WORK-20,ordered_scattered_channels,bottom,-1,0,p,-1.25,1.0322282526105628e-05,-2.8208167896969942e-05,-4.465027736885759e-16,-2.0865938982257457e-16,3.0037480797327818e-05,0.2468359522790033,0.21556234974691177,4.3718610472507454e-08,1.1769907587313279e-29,4.3718610472507454e-08
V11-PHASE-IDENTITY-METRIC-CONTROL-WORK-20,ordered_scattered_channels,bottom,-1,1,s,-1.25,-3.699227024010616e-05,-2.9565709486646244e-05,-0.00033718347041209747,-1.666806024128843e-05,0.0003004681447620643,0.2468359522790033,0.21556234974691177,6.791495903981315e-08,3.4515489579099395e-06,3.3836339988701264e-06
V11-PHASE-IDENTITY-METRIC-CONTROL-WORK-20,ordered_scattered_channels,bottom,-1,1,p,-1.25,-3.056341233510592e-05,2.118171684987014e-05,-0.00024799923661679776,-8.609260275598644e-06,0.00021946717294198917,0.2468359522790033,0.21556234974691177,4.187712927732003e-08,1.8648558637369045e-06,1.8229787344595845e-06
V11-PHASE-IDENTITY-METRIC-CONTROL-WORK-20,ordered_scattered_channels,bottom,0,0,s,-1.25,-0.03353472941839758,0.09966126089105153,-0.041607545586981674,0.12257388541158544,0.024293182650915148,0.2468359522790033,0.21556234974691177,0.043696791709525916,0.032331984498269135,0.01136480721125678
V11-PHASE-IDENTITY-METRIC-CONTROL-WORK-20,ordered_scattered_channels,bottom,0,0,p,-1.25,0.0006435521583475442,0.00019111248220214774,2.6658179463359154e-15,5.966790876859179e-15,0.0006713295475111586,0.2468359522790033,0.21556234974691177,6.792542716164472e-07,5.820430999983165e-29,6.792542716164472e-07
V11-PHASE-BLOCK-METRIC-WORK-20,ordered_total_channels,top,-3,-1,s,8.75,4.8432978555649365e-06,-5.297222256890437e-06,-9.195140170809825e-05,5.576925993858354e-05,0.00011444793187886778,0.4382342339399896,0.07129184613397482,1.6313280795220752e-09,3.662159813318062e-07,3.645846532522841e-07
V11-PHASE-BLOCK-METRIC-WORK-20,ordered_total_channels,top,-3,-1,p,8.75,-6.742636021263861e-06,9.750522592325349e-06,6.491873565175626e-05,-4.0080513039853855e-05,8.728392923232916e-05,0.4382342339399896,0.07129184613397482,4.4500875968843e-09,1.843193233752179e-07,1.7986923577833359e-07
V11-PHASE-BLOCK-METRIC-WORK-20,ordered_total_channels,top,-3,0,s,8.75,-2.293441141619677e-05,-2.3651736045427662e-05,-0.0001921902009470994,0.00048817928501632254,0.0005390904529027045,0.4382342339399896,0.07129184613397482,5.385397439453652e-08,1.365740342110789e-05,1.3603549446713354e-05
V11-PHASE-BLOCK-METRIC-WORK-20,ordered_total_channels,top,-3,0,p,8.75,-1.5848782540763168e-06,1.987544919923901e-06,1.2553482268998042e-15,3.668039838538298e-15,2.5420806199563496e-06,0.4382342339399896,0.07129184613397482,3.206342011522012e-10,7.457653301374714e-28,3.206342011522012e-10
V11-PHASE-BLOCK-METRIC-WORK-20,ordered_total_channels,top,-3,1,s,8.75,1.1918964637685271e-06,-1.3549288809625385e-05,-9.195140170915746e-05,5.576925994137385e-05,0.00011610656827016831,0.4382342339399896,0.07129184613397482,5.858173717109306e-09,3.6621598134782935e-07,3.6035780763072007e-07
V11-PHASE-BLOCK-METRIC-WORK-20,ordered_total_channels,top,-3,1,p,8.75,4.579621910196107e-06,-3.0109308945439176e-07,-6.491873565012055e-05,4.0080513039672495e-05,8.037845368722617e-05,0.4382342339399896,0.07129184613397482,6.669817726750883e-10,1.843193233680326e-07,1.836523415953575e-07
V11-PHASE-BLOCK-METRIC-WORK-20,ordered_total_channels,top,-2,-1,s,8.75,5.575816240860899e-06,-3.2550242235299383e-07,2.344516502433825e-06,9.65817440460633e-07,3.4797708240135417e-06,0.4382342339399896,0.07129184613397482,1.3323025433163304e-09,2.745931746845648e-10,1.0577093686317657e-09
V11-PHASE-BLOCK-METRIC-WORK-20,ordered_total_channels,top,-2,-1,p,8.75,-1.3346062631231014e-05,-2.6545778794098584e-06,-0.00011450210530953003,-0.00014336308972240936,0.0001732957883948868,0.4382342339399896,0.07129184613397482,7.907976611679297e-09,1.437706929814518e-06,1.4297989532028387e-06
V11-PHASE-BLOCK-METRIC-WORK-20,ordered_total_channels,top,-2,0,s,8.75,0.00010195114355377122,-8.240983917782932e-05,0.00016425932553326252,-5.6207388544626634e-05,6.759347572639559e-05,0.4382342339399896,0.07129184613397482,9.847018591775001e-07,1.7270051732052553e-06,7.423033140277552e-07
V11-PHASE-BLOCK-METRIC-WORK-20,ordered_total_channels,top,-2,0,p,8.75,-2.299881559230412e-06,-1.9931272865340197e-06,-1.731002669799771e-16,1.1404235647096274e-15,3.0433553145441914e-06,0.4382342339399896,0.07129184613397482,5.307011094816068e-10,7.623760074136061e-29,5.307011094816068e-10
V11-PHASE-BLOCK-METRIC-WORK-20,ordered_total_channels,top,-2,1,s,8.75,1.6328000897503297e-05,-1.2345047719992394e-05,2.3445165013757525e-06,9.658174394089157e-07,1.9305879082510235e-05,0.4382342339399896,0.07129184613397482,1.7894781451720774e-08,2.745931743859139e-10,1.762018827733486e-08
V11-PHASE-BLOCK-METRIC-WORK-20,ordered_total_channels,top,-2,1,p,8.75,1.3808638772917516e-05,-1.9377399659294698e-07,0.0001145021053115565,0.0001433630897223461,0.00017535035592888324,0.4382342339399896,0.07129184613397482,8.145085928639572e-09,1.4377069298335635e-06,1.4295618439049239e-06
V11-PHASE-BLOCK-METRIC-WORK-20,ordered_total_channels,top,-1,-1,s,8.75,-3.5019389185804075e-06,-2.9808006610004434e-05,-0.0001675317294758279,-0.0002780507862091289,0.00029754033308671614,0.4382342339399896,0.07129184613397482,2.8537577574447363e-08,3.3385088803210597e-06,3.3099713027466125e-06
V11-PHASE-BLOCK-METRIC-WORK-20,ordered_total_channels,top,-1,-1,p,8.75,-2.0710663965664076e-05,2.7147678558616437e-05,-0.00012312018254765662,-0.00020515373533905003,0.00025387330776403106,0.4382342339399896,0.07129184613397482,3.693768894066982e-08,1.8136268113864188e-06,1.776689122445749e-06
V11-PHASE-BLOCK-METRIC-WORK-20,ordered_total_channels,top,-1,0,s,8.75,0.0007234616048915794,0.0009079360453370249,-0.0010285581087383054,0.0013279322632824794,0.0018016575423859633,0.4382342339399896,0.07129184613397482,6.688473106209601e-05,0.00014001487940183894,7.313014833974293e-05
V11-PHASE-BLOCK-METRIC-WORK-20,ordered_total_channels,top,-1,0,p,8.75,-4.6610838298686765e-07,-8.918684284092797e-06,1.0695710033665002e-15,-1.898478834981676e-15,8.930855857707461e-06,0.4382342339399896,0.07129184613397482,3.958271314335474e-09,2.3563986760300565e-28,3.958271314335474e-09
V11-PHASE-BLOCK-METRIC-WORK-20,ordered_total_channels,top,-1,1,s,8.75,-1.4115273153183665e-05,-8.724823128367296e-05,-0.0001675317294752791,-0.00027805078621218255,0.0002448310111846053,0.4382342339399896,0.07129184613397482,2.4747544608298243e-07,3.338508880369034e-06,3.0910334342860516e-06
V11-PHASE-BLOCK-METRIC-WORK-20,ordered_total_channels,top,-1,1,p,8.75,-1.611179766566194e-05,-2.1572583325378566e-05,0.00012312018254904267,0.00020515373533914856,0.0002660645934536886,0.4382342339399896,0.07129184613397482,2.2967611419703938e-08,1.8136268113985115e-06,1.7906591999788075e-06
V11-PHASE-BLOCK-METRIC-WORK-20,ordered_total_channels,top,0,0,s,8.75,0.0355402822682139,-0.390147499694086,0.026785429987131376,-0.4121567714282053,0.02368660973482438,0.4382342339399896,0.07129184613397482,0.7953910178779435,0.812256818464021,0.01686580058607745
V11-PHASE-BLOCK-METRIC-WORK-20,ordered_total_channels,top,0,0,p,8.75,0.0013713098898434503,0.0003273390388723154,1.1196540890151039e-13,-5.214558791588342e-15,0.0014098374587336805,0.4382342339399896,0.07129184613397482,1.9876416603518695e-06,1.2563444413870592e-26,1.9876416603518695e-06
V11-PHASE-BLOCK-METRIC-WORK-20,ordered_total_channels,bottom,-3,-1,s,-1.25,-6.419271468091488e-06,-1.6176230035792177e-06,-4.909306826319978e-06,0.00011217325597253058,0.00011380089688299942,0.4382342339399896,0.07129184613397482,1.3264782928823017e-09,3.815929255738811e-07,3.802664472809988e-07
V11-PHASE-BLOCK-METRIC-WORK-20,ordered_total_channels,bottom,-3,-1,p,-1.25,2.637173451634992e-06,1.567183335363006e-05,-1.5732873803997091e-06,7.928198517251047e-05,6.374934819148438e-05,0.4382342339399896,0.07129184613397482,7.644638816954515e-09,1.903314808729246e-07,1.826868420559701e-07
V11-PHASE-BLOCK-METRIC-WORK-20,ordered_total_channels,bottom,-3,0,s,-1.25,1.1617184300525629e-05,1.5025113699123768e-05,-0.0004924362020247129,-0.0001736752134376343,0.0005382170842025174,0.4382342339399896,0.07129184613397482,1.7474715030753637e-08,1.3208823483228831e-05,1.3191348768198078e-05
V11-PHASE-BLOCK-METRIC-WORK-20,ordered_total_channels,bottom,-3,0,p,-1.25,-9.258233982876897e-06,-9.097403328814922e-07,-1.3274970028758873e-16,2.3198170478591657e-16,9.302823439845129e-06,0.4382342339399896,0.07129184613397482,4.192546125938151e-09,3.46080831114775e-30,4.192546125938151e-09
V11-PHASE-BLOCK-METRIC-WORK-20,ordered_total_channels,bottom,-3,1,s,-1.25,-3.60629792323093e-06,-2.953166236349599e-07,-4.909306828951654e-06,0.00011217325597379069,0.00011247612037366328,0.4382342339399896,0.07129184613397482,3.962929933928242e-10,3.8159292558322023e-07,3.8119663258982743e-07
V11-PHASE-BLOCK-METRIC-WORK-20,ordered_total_channels,bottom,-3,1,p,-1.25,3.7271026793387183e-06,-1.009597134276521e-05,1.5732873796791848e-06,-7.9281985174855e-05,6.921953069993445e-05,0.4382342339399896,0.07129184613397482,3.5056932384731984e-09,1.903314808841085e-07,1.868257876456353e-07
V11-PHASE-BLOCK-METRIC-WORK-20,ordered_total_channels,bottom,-2,-1,s,-1.25,1.3466789646344055e-05,7.580953131224478e-06,7.745485652971132e-07,2.4717345258705883e-06,1.3681999065074884e-05,0.4382342339399896,0.07129184613397482,9.904530251007202e-09,2.7825122930511906e-10,9.626279021702082e-09
V11-PHASE-BLOCK-METRIC-WORK-20,ordered_total_channels,bottom,-2,-1,p,-1.25,-6.439997317365233e-06,-1.2102585211119168e-05,-3.630225008417201e-05,0.0001883234131536643,0.00020263843406626703,0.4382342339399896,0.07129184613397482,7.794477288182802e-09,1.5254830024257906e-06,1.5176885251376078e-06
V11-PHASE-BLOCK-METRIC-WORK-20,ordered_total_channels,bottom,-2,0,s,-1.25,-8.792355511914286e-05,-9.714737964775597e-06,-0.00018404130862068258,1.7489532595230964e-05,9.989341757535774e-05,0.4382342339399896,0.07129184613397482,4.3959973010510675e-07,1.9200481909981673e-06,1.4804484608930606e-06
V11-PHASE-BLOCK-METRIC-WORK-20,ordered_total_channels,bottom,-2,0,p,-1.25,1.0276035424168068e-05,-6.940314771974202e-07,-1.953215047833636e-16,3.0838854490696276e-16,1.0299445797446586e-05,0.4382342339399896,0.07129184613397482,5.959431025251778e-09,7.486128714139298e-30,5.959431025251778e-09
V11-PHASE-BLOCK-METRIC-WORK-20,ordered_total_channels,bottom,-2,1,s,-1.25,6.00483834683346e-06,6.125642055964087e-06,7.745485660026084e-07,2.4717345262717786e-06,6.380201519310012e-06,0.4382342339399896,0.07129184613397482,3.0515653381809537e-09,2.7825122943269296e-10,2.7733141087482608e-09
V11-PHASE-BLOCK-METRIC-WORK-20,ordered_total_channels,bottom,-2,1,p,-1.25,-5.767938030881618e-06,9.88518575425775e-06,3.630225008297548e-05,-0.00018832341315286793,0.00020262415800851867,0.4382342339399896,0.07129184613397482,5.432234384874697e-09,1.5254830024097482e-06,1.5200507680248735e-06
V11-PHASE-BLOCK-METRIC-WORK-20,ordered_total_channels,bottom,-1,-1,s,-1.25,-3.0939883108073034e-05,-4.598843607471219e-05,-0.00033718347041335526,-1.6668060240140516e-05,0.0003076439812586759,0.4382342339399896,0.07129184613397482,9.304066129035577e-08,3.4515489579344382e-06,3.3585082966440823e-06
V11-PHASE-BLOCK-METRIC-WORK-20,ordered_total_channels,bottom,-1,-1,p,-1.25,-1.4335738905279301e-05,-7.413519522772736e-06,0.0002479992366175502,8.609260274623294e-06,0.0002628238361621704,0.4382342339399896,0.07129184613397482,7.888335409863959e-09,1.8648558637476027e-06,1.8569675283377388e-06
V11-PHASE-BLOCK-METRIC-WORK-20,ordered_total_channels,bottom,-1,0,s,-1.25,-0.000967017331225816,-9.918646991796982e-05,-0.0011348134234953988,-0.0008861976207941805,0.000804699993901106,0.4382342339399896,0.07129184613397482,4.57881378078137e-05,0.00010045454435778903,5.466640654997533e-05
V11-PHASE-BLOCK-METRIC-WORK-20,ordered_total_channels,bottom,-1,0,p,-1.25,-1.1411698311190861e-05,-9.038165258815733e-06,-4.465027736885759e-16,-2.0865938982257457e-16,1.4557310520056152e-05,0.4382342339399896,0.07129184613397482,1.0268372850630873e-08,1.1769907587313279e-29,1.0268372850630873e-08
V11-PHASE-BLOCK-METRIC-WORK-20,ordered_total_channels,bottom,-1,1,s,-1.25,-2.752510377679869e-05,-2.308997702849026e-05,-0.00033718347041209904,-1.6668060241286416e-05,0.0003097249506295285,0.4382342339399896,0.07129184613397482,3.9090677848490534e-08,3.4515489579099395e-06,3.412458280061449e-06
V11-PHASE-BLOCK-METRIC-WORK-20,ordered_total_channels,bottom,-1,1,p,-1.25,-1.8127596709092173e-05,4.908070153439485e-05,-0.000247999236616804,-8.609260275602887e-06,0.00023700021630264332,0.4382342339399896,0.07129184613397482,8.29047889046833e-08,1.8648558637369045e-06,1.7819510748322211e-06
V11-PHASE-BLOCK-METRIC-WORK-20,ordered_total_channels,bottom,0,0,s,-1.25,0.07541200237923879,-0.1043995139540572,0.07718950242782177,-0.12447475436113979,0.020153778400708745,0.4382342339399896,0.07129184613397482,0.02499818631805047,0.032331984498269135,0.007333798180218665
V11-PHASE-BLOCK-METRIC-WORK-20,ordered_total_channels,bottom,0,0,p,-1.25,0.0010947228623513557,0.0006100730165476168,2.4167599005431038e-15,5.725178855579965e-15,0.0012532386966823109,0.4382342339399896,0.07129184613397482,2.3671645373538776e-06,5.820430999983165e-29,2.3671645373538776e-06
V11-PHASE-BLOCK-METRIC-WORK-20,ordered_outgoing_channels,top,-3,-1,s,8.75,4.8432978555649365e-06,-5.297222256890437e-06,-9.195140170809825e-05,5.576925993858354e-05,0.00011444793187886778,0.9130801710515086,0.03421663131804843,1.6313280795220752e-09,3.662159813318062e-07,3.645846532522841e-07
V11-PHASE-BLOCK-METRIC-WORK-20,ordered_outgoing_channels,top,-3,-1,p,8.75,-6.742636021263861e-06,9.750522592325349e-06,6.491873565175626e-05,-4.0080513039853855e-05,8.728392923232916e-05,0.9130801710515086,0.03421663131804843,4.4500875968843e-09,1.843193233752179e-07,1.7986923577833359e-07
V11-PHASE-BLOCK-METRIC-WORK-20,ordered_outgoing_channels,top,-3,0,s,8.75,-2.293441141619677e-05,-2.3651736045427662e-05,-0.0001921902009470994,0.00048817928501632254,0.0005390904529027045,0.9130801710515086,0.03421663131804843,5.385397439453652e-08,1.365740342110789e-05,1.3603549446713354e-05
V11-PHASE-BLOCK-METRIC-WORK-20,ordered_outgoing_channels,top,-3,0,p,8.75,-1.5848782540763168e-06,1.987544919923901e-06,1.2553482268998042e-15,3.668039838538298e-15,2.5420806199563496e-06,0.9130801710515086,0.03421663131804843,3.206342011522012e-10,7.457653301374714e-28,3.206342011522012e-10
V11-PHASE-BLOCK-METRIC-WORK-20,ordered_outgoing_channels,top,-3,1,s,8.75,1.1918964637685271e-06,-1.3549288809625385e-05,-9.195140170915746e-05,5.576925994137385e-05,0.00011610656827016831,0.9130801710515086,0.03421663131804843,5.858173717109306e-09,3.6621598134782935e-07,3.6035780763072007e-07
V11-PHASE-BLOCK-METRIC-WORK-20,ordered_outgoing_channels,top,-3,1,p,8.75,4.579621910196107e-06,-3.0109308945439176e-07,-6.491873565012055e-05,4.0080513039672495e-05,8.037845368722617e-05,0.9130801710515086,0.03421663131804843,6.669817726750883e-10,1.843193233680326e-07,1.836523415953575e-07
V11-PHASE-BLOCK-METRIC-WORK-20,ordered_outgoing_channels,top,-2,-1,s,8.75,5.575816240860899e-06,-3.2550242235299383e-07,2.344516502433825e-06,9.65817440460633e-07,3.4797708240135417e-06,0.9130801710515086,0.03421663131804843,1.3323025433163304e-09,2.745931746845648e-10,1.0577093686317657e-09
V11-PHASE-BLOCK-METRIC-WORK-20,ordered_outgoing_channels,top,-2,-1,p,8.75,-1.3346062631231014e-05,-2.6545778794098584e-06,-0.00011450210530953003,-0.00014336308972240936,0.0001732957883948868,0.9130801710515086,0.03421663131804843,7.907976611679297e-09,1.437706929814518e-06,1.4297989532028387e-06
V11-PHASE-BLOCK-METRIC-WORK-20,ordered_outgoing_channels,top,-2,0,s,8.75,0.00010195114355377122,-8.240983917782932e-05,0.00016425932553326252,-5.6207388544626634e-05,6.759347572639559e-05,0.9130801710515086,0.03421663131804843,9.847018591775001e-07,1.7270051732052553e-06,7.423033140277552e-07
V11-PHASE-BLOCK-METRIC-WORK-20,ordered_outgoing_channels,top,-2,0,p,8.75,-2.299881559230412e-06,-1.9931272865340197e-06,-1.731002669799771e-16,1.1404235647096274e-15,3.0433553145441914e-06,0.9130801710515086,0.03421663131804843,5.307011094816068e-10,7.623760074136061e-29,5.307011094816068e-10
V11-PHASE-BLOCK-METRIC-WORK-20,ordered_outgoing_channels,top,-2,1,s,8.75,1.6328000897503297e-05,-1.2345047719992394e-05,2.3445165013757525e-06,9.658174394089157e-07,1.9305879082510235e-05,0.9130801710515086,0.03421663131804843,1.7894781451720774e-08,2.745931743859139e-10,1.762018827733486e-08
V11-PHASE-BLOCK-METRIC-WORK-20,ordered_outgoing_channels,top,-2,1,p,8.75,1.3808638772917516e-05,-1.9377399659294698e-07,0.0001145021053115565,0.0001433630897223461,0.00017535035592888324,0.9130801710515086,0.03421663131804843,8.145085928639572e-09,1.4377069298335635e-06,1.4295618439049239e-06
V11-PHASE-BLOCK-METRIC-WORK-20,ordered_outgoing_channels,top,-1,-1,s,8.75,-3.5019389185804075e-06,-2.9808006610004434e-05,-0.0001675317294758279,-0.0002780507862091289,0.00029754033308671614,0.9130801710515086,0.03421663131804843,2.8537577574447363e-08,3.3385088803210597e-06,3.3099713027466125e-06
V11-PHASE-BLOCK-METRIC-WORK-20,ordered_outgoing_channels,top,-1,-1,p,8.75,-2.0710663965664076e-05,2.7147678558616437e-05,-0.00012312018254765662,-0.00020515373533905003,0.00025387330776403106,0.9130801710515086,0.03421663131804843,3.693768894066982e-08,1.8136268113864188e-06,1.776689122445749e-06
V11-PHASE-BLOCK-METRIC-WORK-20,ordered_outgoing_channels,top,-1,0,s,8.75,0.0007234616048915794,0.0009079360453370249,-0.0010285581087383054,0.0013279322632824794,0.0018016575423859633,0.9130801710515086,0.03421663131804843,6.688473106209601e-05,0.00014001487940183894,7.313014833974293e-05
V11-PHASE-BLOCK-METRIC-WORK-20,ordered_outgoing_channels,top,-1,0,p,8.75,-4.6610838298686765e-07,-8.918684284092797e-06,1.0695710033665002e-15,-1.898478834981676e-15,8.930855857707461e-06,0.9130801710515086,0.03421663131804843,3.958271314335474e-09,2.3563986760300565e-28,3.958271314335474e-09
V11-PHASE-BLOCK-METRIC-WORK-20,ordered_outgoing_channels,top,-1,1,s,8.75,-1.4115273153183665e-05,-8.724823128367296e-05,-0.0001675317294752791,-0.00027805078621218255,0.0002448310111846053,0.9130801710515086,0.03421663131804843,2.4747544608298243e-07,3.338508880369034e-06,3.0910334342860516e-06
V11-PHASE-BLOCK-METRIC-WORK-20,ordered_outgoing_channels,top,-1,1,p,8.75,-1.611179766566194e-05,-2.1572583325378566e-05,0.00012312018254904267,0.00020515373533914856,0.0002660645934536886,0.9130801710515086,0.03421663131804843,2.2967611419703938e-08,1.8136268113985115e-06,1.7906591999788075e-06
V11-PHASE-BLOCK-METRIC-WORK-20,ordered_outgoing_channels,top,0,0,s,8.75,-0.8917087295061668,-0.015702216423706505,-0.9004635817872493,-0.03771148815782577,0.02368660973482438,0.9130801710515086,0.03421663131804843,0.7953910178779435,0.812256818464021,0.01686580058607745
V11-PHASE-BLOCK-METRIC-WORK-20,ordered_outgoing_channels,top,0,0,p,8.75,0.0013713098898434503,0.0003273390388723154,1.1196540890151039e-13,-5.214558791588342e-15,0.0014098374587336805,0.9130801710515086,0.03421663131804843,1.9876416603518695e-06,1.2563444413870592e-26,1.9876416603518695e-06
V11-PHASE-BLOCK-METRIC-WORK-20,ordered_outgoing_channels,bottom,-3,-1,s,-1.25,-6.419271468091488e-06,-1.6176230035792177e-06,-4.909306826319978e-06,0.00011217325597253058,0.00011380089688299942,0.9130801710515086,0.03421663131804843,1.3264782928823017e-09,3.815929255738811e-07,3.802664472809988e-07
V11-PHASE-BLOCK-METRIC-WORK-20,ordered_outgoing_channels,bottom,-3,-1,p,-1.25,2.637173451634992e-06,1.567183335363006e-05,-1.5732873803997091e-06,7.928198517251047e-05,6.374934819148438e-05,0.9130801710515086,0.03421663131804843,7.644638816954515e-09,1.903314808729246e-07,1.826868420559701e-07
V11-PHASE-BLOCK-METRIC-WORK-20,ordered_outgoing_channels,bottom,-3,0,s,-1.25,1.1617184300525629e-05,1.5025113699123768e-05,-0.0004924362020247129,-0.0001736752134376343,0.0005382170842025174,0.9130801710515086,0.03421663131804843,1.7474715030753637e-08,1.3208823483228831e-05,1.3191348768198078e-05
V11-PHASE-BLOCK-METRIC-WORK-20,ordered_outgoing_channels,bottom,-3,0,p,-1.25,-9.258233982876897e-06,-9.097403328814922e-07,-1.3274970028758873e-16,2.3198170478591657e-16,9.302823439845129e-06,0.9130801710515086,0.03421663131804843,4.192546125938151e-09,3.46080831114775e-30,4.192546125938151e-09
V11-PHASE-BLOCK-METRIC-WORK-20,ordered_outgoing_channels,bottom,-3,1,s,-1.25,-3.60629792323093e-06,-2.953166236349599e-07,-4.909306828951654e-06,0.00011217325597379069,0.00011247612037366328,0.9130801710515086,0.03421663131804843,3.962929933928242e-10,3.8159292558322023e-07,3.8119663258982743e-07
V11-PHASE-BLOCK-METRIC-WORK-20,ordered_outgoing_channels,bottom,-3,1,p,-1.25,3.7271026793387183e-06,-1.009597134276521e-05,1.5732873796791848e-06,-7.9281985174855e-05,6.921953069993445e-05,0.9130801710515086,0.03421663131804843,3.5056932384731984e-09,1.903314808841085e-07,1.868257876456353e-07
V11-PHASE-BLOCK-METRIC-WORK-20,ordered_outgoing_channels,bottom,-2,-1,s,-1.25,1.3466789646344055e-05,7.580953131224478e-06,7.745485652971132e-07,2.4717345258705883e-06,1.3681999065074884e-05,0.9130801710515086,0.03421663131804843,9.904530251007202e-09,2.7825122930511906e-10,9.626279021702082e-09
V11-PHASE-BLOCK-METRIC-WORK-20,ordered_outgoing_channels,bottom,-2,-1,p,-1.25,-6.439997317365233e-06,-1.2102585211119168e-05,-3.630225008417201e-05,0.0001883234131536643,0.00020263843406626703,0.9130801710515086,0.03421663131804843,7.794477288182802e-09,1.5254830024257906e-06,1.5176885251376078e-06
V11-PHASE-BLOCK-METRIC-WORK-20,ordered_outgoing_channels,bottom,-2,0,s,-1.25,-8.792355511914286e-05,-9.714737964775597e-06,-0.00018404130862068258,1.7489532595230964e-05,9.989341757535774e-05,0.9130801710515086,0.03421663131804843,4.3959973010510675e-07,1.9200481909981673e-06,1.4804484608930606e-06
V11-PHASE-BLOCK-METRIC-WORK-20,ordered_outgoing_channels,bottom,-2,0,p,-1.25,1.0276035424168068e-05,-6.940314771974202e-07,-1.953215047833636e-16,3.0838854490696276e-16,1.0299445797446586e-05,0.9130801710515086,0.03421663131804843,5.959431025251778e-09,7.486128714139298e-30,5.959431025251778e-09
V11-PHASE-BLOCK-METRIC-WORK-20,ordered_outgoing_channels,bottom,-2,1,s,-1.25,6.00483834683346e-06,6.125642055964087e-06,7.745485660026084e-07,2.4717345262717786e-06,6.380201519310012e-06,0.9130801710515086,0.03421663131804843,3.0515653381809537e-09,2.7825122943269296e-10,2.7733141087482608e-09
V11-PHASE-BLOCK-METRIC-WORK-20,ordered_outgoing_channels,bottom,-2,1,p,-1.25,-5.767938030881618e-06,9.88518575425775e-06,3.630225008297548e-05,-0.00018832341315286793,0.00020262415800851867,0.9130801710515086,0.03421663131804843,5.432234384874697e-09,1.5254830024097482e-06,1.5200507680248735e-06
V11-PHASE-BLOCK-METRIC-WORK-20,ordered_outgoing_channels,bottom,-1,-1,s,-1.25,-3.0939883108073034e-05,-4.598843607471219e-05,-0.00033718347041335526,-1.6668060240140516e-05,0.0003076439812586759,0.9130801710515086,0.03421663131804843,9.304066129035577e-08,3.4515489579344382e-06,3.3585082966440823e-06
V11-PHASE-BLOCK-METRIC-WORK-20,ordered_outgoing_channels,bottom,-1,-1,p,-1.25,-1.4335738905279301e-05,-7.413519522772736e-06,0.0002479992366175502,8.609260274623294e-06,0.0002628238361621704,0.9130801710515086,0.03421663131804843,7.888335409863959e-09,1.8648558637476027e-06,1.8569675283377388e-06
V11-PHASE-BLOCK-METRIC-WORK-20,ordered_outgoing_channels,bottom,-1,0,s,-1.25,-0.000967017331225816,-9.918646991796982e-05,-0.0011348134234953988,-0.0008861976207941805,0.000804699993901106,0.9130801710515086,0.03421663131804843,4.57881378078137e-05,0.00010045454435778903,5.466640654997533e-05
V11-PHASE-BLOCK-METRIC-WORK-20,ordered_outgoing_channels,bottom,-1,0,p,-1.25,-1.1411698311190861e-05,-9.038165258815733e-06,-4.465027736885759e-16,-2.0865938982257457e-16,1.4557310520056152e-05,0.9130801710515086,0.03421663131804843,1.0268372850630873e-08,1.1769907587313279e-29,1.0268372850630873e-08
V11-PHASE-BLOCK-METRIC-WORK-20,ordered_outgoing_channels,bottom,-1,1,s,-1.25,-2.752510377679869e-05,-2.308997702849026e-05,-0.00033718347041209904,-1.6668060241286416e-05,0.0003097249506295285,0.9130801710515086,0.03421663131804843,3.9090677848490534e-08,3.4515489579099395e-06,3.412458280061449e-06
V11-PHASE-BLOCK-METRIC-WORK-20,ordered_outgoing_channels,bottom,-1,1,p,-1.25,-1.8127596709092173e-05,4.908070153439485e-05,-0.000247999236616804,-8.609260275602887e-06,0.00023700021630264332,0.9130801710515086,0.03421663131804843,8.29047889046833e-08,1.8648558637369045e-06,1.7819510748322211e-06
V11-PHASE-BLOCK-METRIC-WORK-20,ordered_outgoing_channels,bottom,0,0,s,-1.25,0.07541200237923879,-0.1043995139540572,0.07718950242782177,-0.12447475436113979,0.020153778400708745,0.9130801710515086,0.03421663131804843,0.02499818631805047,0.032331984498269135,0.007333798180218665
V11-PHASE-BLOCK-METRIC-WORK-20,ordered_outgoing_channels,bottom,0,0,p,-1.25,0.0010947228623513557,0.0006100730165476168,2.4167599005431038e-15,5.725178855579965e-15,0.0012532386966823109,0.9130801710515086,0.03421663131804843,2.3671645373538776e-06,5.820430999983165e-29,2.3671645373538776e-06
V11-PHASE-BLOCK-METRIC-WORK-20,ordered_boundary_outgoing_channels,top,-3,-1,s,8.75,3.653242140879344e-06,-6.178342788864878e-06,-7.855082196187339e-05,7.345092919286605e-05,0.00011444793187886777,0.9095181214967073,0.032105539913263356,1.6313280795220752e-09,3.662159813318062e-07,3.645846532522841e-07
V11-PHASE-BLOCK-METRIC-WORK-20,ordered_boundary_outgoing_channels,top,-3,-1,p,8.75,-4.598344795332105e-06,1.092662145779445e-05,5.531274235513715e-05,-5.254893240889601e-05,8.728392923232916e-05,0.9095181214967073,0.032105539913263356,4.4500875968843e-09,1.843193233752179e-07,1.7986923577833359e-07
V11-PHASE-BLOCK-METRIC-WORK-20,ordered_boundary_outgoing_channels,top,-3,0,s,8.75,2.0543664319828304e-05,2.575557612021468e-05,0.0002384264874377627,-0.00046734237743567054,0.0005390904529027045,0.9095181214967073,0.032105539913263356,5.385397439453652e-08,1.365740342110789e-05,1.3603549446713354e-05
V11-PHASE-BLOCK-METRIC-WORK-20,ordered_boundary_outgoing_channels,top,-3,0,p,8.75,1.7693731883860068e-06,-1.8252376308798907e-06,-8.953304260694988e-16,-3.7721080122444466e-15,2.5420806199563496e-06,0.9095181214967073,0.032105539913263356,3.206342011522012e-10,7.457653301374714e-28,3.206342011522012e-10
V11-PHASE-BLOCK-METRIC-WORK-20,ordered_boundary_outgoing_channels,top,-3,1,s,8.75,-1.6137824599958222e-06,-1.3505537775253284e-05,-7.855082196233748e-05,7.345092919581435e-05,0.00011610656827016832,0.9095181214967073,0.032105539913263356,5.858173717109306e-09,3.6621598134782935e-07,3.6035780763072007e-07
V11-PHASE-BLOCK-METRIC-WORK-20,ordered_boundary_outgoing_channels,top,-3,1,p,8.75,4.420383412596944e-06,-1.2344247139875404e-06,-5.5312742353573465e-05,5.2548932408382856e-05,8.037845368722617e-05,0.9095181214967073,0.032105539913263356,6.669817726750883e-10,1.843193233680326e-07,1.836523415953575e-07
V11-PHASE-BLOCK-METRIC-WORK-20,ordered_boundary_outgoing_channels,top,-2,-1,s,8.75,-1.5613658473739996e-06,5.36263137549654e-06,-1.6954805776036832e-06,1.8854459868824524e-06,3.479770824013542e-06,0.9095181214967073,0.032105539913263356,1.3323025433163304e-09,2.745931746845648e-10,1.0577093686317657e-09
V11-PHASE-BLOCK-METRIC-WORK-20,ordered_boundary_outgoing_channels,top,-2,-1,p,8.75,6.972474710950477e-06,-1.1685408331750718e-05,0.00017343931198744156,-5.9854094867379096e-05,0.0001732957883948868,0.9095181214967073,0.032105539913263356,7.907976611679297e-09,1.437706929814518e-06,1.4297989532028387e-06
V11-PHASE-BLOCK-METRIC-WORK-20,ordered_boundary_outgoing_channels,top,-2,0,s,8.75,-8.240985217974776e-05,-0.00010195113304397104,-5.6207409492762594e-05,-0.00016425931836508344,6.759347572639559e-05,0.9095181214967073,0.032105539913263356,9.847018591775001e-07,1.7270051732052553e-06,7.423033140277552e-07
V11-PHASE-BLOCK-METRIC-WORK-20,ordered_boundary_outgoing_channels,top,-2,0,p,8.75,-1.993126993228083e-06,2.299881813415671e-06,1.1404235867852477e-15,1.7310012154075433e-16,3.0433553145441914e-06,0.9095181214967073,0.032105539913263356,5.307011094816068e-10,7.623760074136061e-29,5.307011094816068e-10
V11-PHASE-BLOCK-METRIC-WORK-20,ordered_boundary_outgoing_channels,top,-2,1,s,8.75,6.161258892393913e-06,1.9520315196703532e-05,-1.6954805762582626e-06,1.885445986237883e-06,1.9305879082510235e-05,0.9095181214967073,0.032105539913263356,1.7894781451720774e-08,2.745931743859139e-10,1.762018827733486e-08
V11-PHASE-BLOCK-METRIC-WORK-20,ordered_boundary_outgoing_channels,top,-2,1,p,8.75,-4.44371085949221e-06,1.3075530081794296e-05,-0.00017343931198806085,5.9854094869309646e-05,0.00017535035592888327,0.9095181214967073,0.032105539913263356,8.145085928639572e-09,1.4377069298335635e-06,1.4295618439049239e-06
V11-PHASE-BLOCK-METRIC-WORK-20,ordered_boundary_outgoing_channels,top,-1,-1,s,8.75,-9.457772255905604e-06,-2.8483879268929616e-05,-0.00022030138827274493,-0.0002384248695454775,0.0002975403330867161,0.9095181214967073,0.032105539913263356,2.8537577574447363e-08,3.3385088803210597e-06,3.3099713027466125e-06
V11-PHASE-BLOCK-METRIC-WORK-20,ordered_boundary_outgoing_channels,top,-1,-1,p,8.75,-1.4792539901467919e-05,3.077513308312571e-05,-0.00016206524324860404,-0.0001760155998907599,0.00025387330776403106,0.9095181214967073,0.032105539913263356,3.693768894066982e-08,1.8136268113864188e-06,1.776689122445749e-06
V11-PHASE-BLOCK-METRIC-WORK-20,ordered_boundary_outgoing_channels,top,-1,0,s,8.75,-0.0006305357233954937,-0.0009747662579801669,0.0011543275989399616,-0.0012201900152203147,0.0018016575423859635,0.9095181214967073,0.032105539913263356,6.688473106209601e-05,0.00014001487940183894,7.313014833974293e-05
V11-PHASE-BLOCK-METRIC-WORK-20,ordered_boundary_outgoing_channels,top,-1,0,p,8.75,-4.1442924998263383e-07,8.921235047950104e-06,-1.2513260214317444e-15,1.783924663825131e-15,8.930855857707461e-06,0.9095181214967073,0.032105539913263356,3.958271314335474e-09,2.3563986760300565e-28,3.958271314335474e-09
V11-PHASE-BLOCK-METRIC-WORK-20,ordered_boundary_outgoing_channels,top,-1,1,s,8.75,-3.1468173306257147e-05,-8.259085219977842e-05,-0.00022030138827282503,-0.00023842486954857905,0.0002448310111846053,0.9095181214967073,0.032105539913263356,2.4747544608298243e-07,3.338508880369034e-06,3.0910334342860516e-06
V11-PHASE-BLOCK-METRIC-WORK-20,ordered_boundary_outgoing_channels,top,-1,1,p,8.75,-2.0141593537567974e-05,-1.7868480212850532e-05,0.00016206524324998136,0.0001760155998905761,0.0002660645934536886,0.9095181214967073,0.032105539913263356,2.2967611419703938e-08,1.8136268113985115e-06,1.7906591999788075e-06
V11-PHASE-BLOCK-METRIC-WORK-20,ordered_boundary_outgoing_channels,top,0,0,s,8.75,-0.8723455423064421,-0.18548388796927476,-0.8767420008873494,-0.208758909616445,0.023686609734824376,0.9095181214967073,0.032105539913263356,0.7953910178779435,0.812256818464021,0.01686580058607745
V11-PHASE-BLOCK-METRIC-WORK-20,ordered_boundary_outgoing_channels,top,0,0,p,8.75,0.0012837065383037316,0.0005828714985900043,1.109046864019619e-13,1.6235607409513206e-14,0.0014098374587336805,0.9095181214967073,0.032105539913263356,1.9876416603518695e-06,1.2563444413870592e-26,1.9876416603518695e-06
V11-PHASE-BLOCK-METRIC-WORK-20,ordered_boundary_outgoing_channels,bottom,-3,-1,s,-1.25,-2.9785519525514374e-06,-5.8194296547060705e-06,-8.648303367237041e-05,6.939127777564956e-05,0.00011238171105420192,0.9095181214967073,0.032105539913263356,1.3264782928823017e-09,3.815929255738811e-07,3.802664472809988e-07
V11-PHASE-BLOCK-METRIC-WORK-20,ordered_boundary_outgoing_channels,bottom,-3,-1,p,-1.25,-9.918974943387881e-06,1.2162030793211693e-05,-5.9889780695573525e-05,5.0452604324837186e-05,6.295434416228548e-05,0.9095181214967073,0.032105539913263356,7.644638816954515e-09,1.903314808729246e-07,1.826868420559701e-07
V11-PHASE-BLOCK-METRIC-WORK-20,ordered_boundary_outgoing_channels,bottom,-3,0,s,-1.25,-1.2009941705849762e-05,1.451929906975194e-05,6.074845422874771e-05,-0.0005144750722767751,0.000533974558471921,0.9095181214967073,0.032105539913263356,1.7474715030753637e-08,1.3208823483228831e-05,1.3191348768198078e-05
V11-PHASE-BLOCK-METRIC-WORK-20,ordered_boundary_outgoing_channels,bottom,-3,0,p,-1.25,-1.1377049847061826e-06,-9.159103461385106e-06,-2.5346697492730613e-16,-7.791468315616378e-17,9.229493423074634e-06,0.9095181214967073,0.032105539913263356,4.192546125938151e-09,3.46080831114775e-30,4.192546125938151e-09
V11-PHASE-BLOCK-METRIC-WORK-20,ordered_boundary_outgoing_channels,bottom,-3,1,s,-1.25,-2.128804386676537e-06,-2.869891097404034e-06,-8.648303367501951e-05,6.939127777451605e-05,0.00011107345553986557,0.9095181214967073,0.032105539913263356,3.962929933928242e-10,3.8159292558322023e-07,3.8119663258982743e-07
V11-PHASE-BLOCK-METRIC-WORK-20,ordered_boundary_outgoing_channels,bottom,-3,1,p,-1.25,9.92279996795124e-06,-3.8062127310150562e-06,5.9889780696845165e-05,-5.0452604326898695e-05,6.835630923388258e-05,0.9095181214967073,0.032105539913263356,3.5056932384731984e-09,1.903314808841085e-07,1.868257876456353e-07
V11-PHASE-BLOCK-METRIC-WORK-20,ordered_boundary_outgoing_channels,bottom,-2,-1,s,-1.25,-1.5286928651611037e-06,1.5235637740372622e-05,-1.935589521620524e-06,1.6853186586884327e-06,1.3556426966737679e-05,0.9095181214967073,0.032105539913263356,9.904530251007202e-09,2.7825122930511906e-10,9.626279021702082e-09
V11-PHASE-BLOCK-METRIC-WORK-20,ordered_boundary_outgoing_channels,bottom,-2,-1,p,-1.25,8.425236277677451e-06,-1.0654926350143503e-05,-0.0001853545253180435,4.1894719858193056e-05,0.00020077863761046836,0.9095181214967073,0.032105539913263356,7.794477288182802e-09,1.5254830024257906e-06,1.5176885251376078e-06
V11-PHASE-BLOCK-METRIC-WORK-20,ordered_boundary_outgoing_channels,bottom,-2,0,s,-1.25,8.820776957099595e-06,-8.741179384599723e-05,-1.910128656019509e-05,-0.00018261418318362527,9.921258270328997e-05,0.9095181214967073,0.032105539913263356,4.3959973010510675e-07,1.9200481909981673e-06,1.4804484608930606e-06
V11-PHASE-BLOCK-METRIC-WORK-20,ordered_boundary_outgoing_channels,bottom,-2,0,p,-1.25,7.859625762189693e-07,1.0199009414711247e-05,-3.081108181661143e-16,-1.9107978283180129e-16,1.0229248761124514e-05,0.9095181214967073,0.032105539913263356,5.959431025251778e-09,7.486128714139298e-30,5.959431025251778e-09
V11-PHASE-BLOCK-METRIC-WORK-20,ordered_boundary_outgoing_channels,bottom,-2,1,s,-1.25,-3.1733471427856585e-06,7.88460465956401e-06,-1.9355895217042767e-06,1.6853186594882002e-06,6.321644630891631e-06,0.9095181214967073,0.032105539913263356,3.0515653381809537e-09,2.7825122943269296e-10,2.7733141087482608e-09
V11-PHASE-BLOCK-METRIC-WORK-20,ordered_boundary_outgoing_channels,bottom,-2,1,p,-1.25,-1.1264350733318696e-05,-1.3065558147015456e-06,0.00018535452531684516,-4.189471985896257e-05,0.000200764492577033,0.9095181214967073,0.032105539913263356,5.432234384874697e-09,1.5254830024097482e-06,1.5200507680248735e-06
V11-PHASE-BLOCK-METRIC-WORK-20,ordered_boundary_outgoing_channels,bottom,-1,-1,s,-1.25,1.4023961328959492e-05,-5.290966021271871e-05,-0.00020705147255067278,-0.00026129824663100645,0.0003038093981668109,0.9095181214967073,0.032105539913263356,9.304066129035577e-08,3.4515489579344382e-06,3.3585082966440823e-06
V11-PHASE-BLOCK-METRIC-WORK-20,ordered_boundary_outgoing_channels,bottom,-1,-1,p,-1.25,-3.822836743054984e-06,-1.5472775977320076e-05,0.00015499807170421564,0.00018981004150854804,0.00025954790716735236,0.9095181214967073,0.032105539913263356,7.888335409863959e-09,1.8648558637476027e-06,1.8569675283377388e-06
V11-PHASE-BLOCK-METRIC-WORK-20,ordered_boundary_outgoing_channels,bottom,-1,0,s,-1.25,-0.00011453535781527069,-0.0009576045496256918,0.0006107069086373302,-0.0012913701554319347,0.0007983582057375711,0.9095181214967073,0.032105539913263356,4.57881378078137e-05,0.00010045454435778903,5.466640654997533e-05
V11-PHASE-BLOCK-METRIC-WORK-20,ordered_boundary_outgoing_channels,bottom,-1,0,p,-1.25,6.263769220883333e-06,-1.301358772454697e-05,1.0475495179447351e-16,-4.776152653530708e-16,1.4442585305381502e-05,0.9095181214967073,0.032105539913263356,1.0268372850630873e-08,1.1769907587313279e-29,1.0268372850630873e-08
V11-PHASE-BLOCK-METRIC-WORK-20,ordered_boundary_outgoing_channels,bottom,-1,1,s,-1.25,-7.62143772609137e-07,-3.5471405603448824e-05,-0.00020705147254900414,-0.0002612982466308191,0.0003058644296014441,0.9095181214967073,0.032105539913263356,3.9090677848490534e-08,3.4515489579099395e-06,3.412458280061449e-06
V11-PHASE-BLOCK-METRIC-WORK-20,ordered_boundary_outgoing_channels,bottom,-1,1,p,-1.25,-4.825292174820358e-05,1.8476009187583898e-05,-0.0001549980717030024,-0.00018981004150863128,0.0002340461620140326,0.9095181214967073,0.032105539913263356,8.29047889046833e-08,1.8648558637369045e-06,1.7819510748322211e-06
V11-PHASE-BLOCK-METRIC-WORK-20,ordered_boundary_outgoing_channels,bottom,0,0,s,-1.25,0.06802731362953243,-0.08330050600623135,0.07050175899447489,-0.09994772920440079,0.01683011943135746,0.9095181214967073,0.032105539913263356,0.02499818631805047,0.032331984498269135,0.007333798180218665
V11-PHASE-BLOCK-METRIC-WORK-20,ordered_boundary_outgoing_channels,bottom,0,0,p,-1.25,0.0008824155704060245,0.0005627011003583328,1.7315585978917311e-15,4.892126973773713e-15,0.0010465609238027697,0.9095181214967073,0.032105539913263356,2.3671645373538776e-06,5.820430999983165e-29,2.3671645373538776e-06
V11-PHASE-BLOCK-METRIC-WORK-20,ordered_scattered_channels,top,-3,-1,s,8.75,4.843297855560275e-06,-5.297222256894717e-06,-9.195140170810291e-05,5.5769259938579254e-05,0.00011444793187886777,0.2468359522790033,0.1265720300800269,1.6313280795220752e-09,3.662159813318062e-07,3.645846532522841e-07
V11-PHASE-BLOCK-METRIC-WORK-20,ordered_scattered_channels,top,-3,-1,p,8.75,-6.74263602127582e-06,9.75052259232332e-06,6.49187356517443e-05,-4.008051303985588e-05,8.728392923232916e-05,0.2468359522790033,0.1265720300800269,4.4500875968843e-09,1.843193233752179e-07,1.7986923577833359e-07
V11-PHASE-BLOCK-METRIC-WORK-20,ordered_scattered_channels,top,-3,0,s,8.75,-2.2934411416347206e-05,-2.365173604536253e-05,-0.00019219020094724982,0.00048817928501638765,0.0005390904529027044,0.2468359522790033,0.1265720300800269,5.385397439453652e-08,1.365740342110789e-05,1.3603549446713354e-05
V11-PHASE-BLOCK-METRIC-WORK-20,ordered_scattered_channels,top,-3,0,p,8.75,-1.5848782540763168e-06,1.987544919923901e-06,1.2553482268998042e-15,3.668039838538298e-15,2.5420806199563496e-06,0.2468359522790033,0.1265720300800269,3.206342011522012e-10,7.457653301374714e-28,3.206342011522012e-10
V11-PHASE-BLOCK-METRIC-WORK-20,ordered_scattered_channels,top,-3,1,s,8.75,1.1918964637787502e-06,-1.3549288809622361e-05,-9.195140170914724e-05,5.5769259941376876e-05,0.00011610656827016831,0.2468359522790033,0.1265720300800269,5.858173717109306e-09,3.6621598134782935e-07,3.6035780763072007e-07
V11-PHASE-BLOCK-METRIC-WORK-20,ordered_scattered_channels,top,-3,1,p,8.75,4.579621910209506e-06,-3.0109308943958235e-07,-6.491873565010715e-05,4.00805130396873e-05,8.037845368722616e-05,0.2468359522790033,0.1265720300800269,6.669817726750883e-10,1.843193233680326e-07,1.836523415953575e-07
V11-PHASE-BLOCK-METRIC-WORK-20,ordered_scattered_channels,top,-2,-1,s,8.75,5.575816240860899e-06,-3.255024223529892e-07,2.3445165024338254e-06,9.658174404606376e-07,3.4797708240135413e-06,0.2468359522790033,0.1265720300800269,1.3323025433163304e-09,2.745931746845648e-10,1.0577093686317657e-09
V11-PHASE-BLOCK-METRIC-WORK-20,ordered_scattered_channels,top,-2,-1,p,8.75,-1.3346062631196376e-05,-2.6545778794245103e-06,-0.00011450210530949539,-0.00014336308972242402,0.0001732957883948868,0.2468359522790033,0.1265720300800269,7.907976611679297e-09,1.437706929814518e-06,1.4297989532028387e-06
V11-PHASE-BLOCK-METRIC-WORK-20,ordered_scattered_channels,top,-2,0,s,8.75,0.00010195114355371201,-8.240983917798493e-05,0.0001642593255332033,-5.620738854478225e-05,6.759347572639556e-05,0.2468359522790033,0.1265720300800269,9.847018591775001e-07,1.7270051732052553e-06,7.423033140277552e-07
V11-PHASE-BLOCK-METRIC-WORK-20,ordered_scattered_channels,top,-2,0,p,8.75,-2.299881559230412e-06,-1.9931272865340197e-06,-1.731002669799771e-16,1.1404235647096274e-15,3.0433553145441914e-06,0.2468359522790033,0.1265720300800269,5.307011094816068e-10,7.623760074136061e-29,5.307011094816068e-10
V11-PHASE-BLOCK-METRIC-WORK-20,ordered_scattered_channels,top,-2,1,s,8.75,1.6328000897503294e-05,-1.2345047719992394e-05,2.344516501375749e-06,9.658174394089149e-07,1.9305879082510235e-05,0.2468359522790033,0.1265720300800269,1.7894781451720774e-08,2.745931743859139e-10,1.762018827733486e-08
V11-PHASE-BLOCK-METRIC-WORK-20,ordered_scattered_channels,top,-2,1,p,8.75,1.3808638772906855e-05,-1.93773996585618e-07,0.00011450210531154583,0.0001433630897223534,0.00017535035592888324,0.2468359522790033,0.1265720300800269,8.145085928639572e-09,1.4377069298335635e-06,1.4295618439049239e-06
V11-PHASE-BLOCK-METRIC-WORK-20,ordered_scattered_channels,top,-1,-1,s,8.75,-3.501938918535925e-06,-2.9808006609994673e-05,-0.00016753172947578341,-0.00027805078620911914,0.00029754033308671614,0.2468359522790033,0.1265720300800269,2.8537577574447363e-08,3.3385088803210597e-06,3.3099713027466125e-06
V11-PHASE-BLOCK-METRIC-WORK-20,ordered_scattered_channels,top,-1,-1,p,8.75,-2.071066396564878e-05,2.7147678558653422e-05,-0.00012312018254764134,-0.00020515373533901306,0.00025387330776403106,0.2468359522790033,0.1265720300800269,3.693768894066982e-08,1.8136268113864188e-06,1.776689122445749e-06
V11-PHASE-BLOCK-METRIC-WORK-20,ordered_scattered_channels,top,-1,0,s,8.75,0.000723461604891991,0.0009079360453368531,-0.0010285581087378939,0.0013279322632823076,0.0018016575423859633,0.2468359522790033,0.1265720300800269,6.688473106209601e-05,0.00014001487940183894,7.313014833974293e-05
V11-PHASE-BLOCK-METRIC-WORK-20,ordered_scattered_channels,top,-1,0,p,8.75,-4.6610838298686765e-07,-8.918684284092797e-06,1.0695710033665002e-15,-1.898478834981676e-15,8.930855857707461e-06,0.2468359522790033,0.1265720300800269,3.958271314335474e-09,2.3563986760300565e-28,3.958271314335474e-09
V11-PHASE-BLOCK-METRIC-WORK-20,ordered_scattered_channels,top,-1,1,s,8.75,-1.4115273153181907e-05,-8.724823128365567e-05,-0.00016753172947527734,-0.00027805078621216526,0.0002448310111846053,0.2468359522790033,0.1265720300800269,2.4747544608298243e-07,3.338508880369034e-06,3.0910334342860516e-06
V11-PHASE-BLOCK-METRIC-WORK-20,ordered_scattered_channels,top,-1,1,p,8.75,-1.611179766566602e-05,-2.157258332539792e-05,0.00012312018254903858,0.0002051537353391292,0.0002660645934536886,0.2468359522790033,0.1265720300800269,2.2967611419703938e-08,1.8136268113985115e-06,1.7906591999788075e-06
V11-PHASE-BLOCK-METRIC-WORK-20,ordered_scattered_channels,top,0,0,s,8.75,-0.010518522829347253,0.23128082395691532,-0.01927337511042978,0.20927155222279603,0.023686609734824404,0.2468359522790033,0.1265720300800269,0.7953910178779435,0.812256818464021,0.01686580058607745
V11-PHASE-BLOCK-METRIC-WORK-20,ordered_scattered_channels,top,0,0,p,8.75,0.0013713098898433405,0.0003273390388737944,1.1185579377514874e-13,-3.735624544869974e-15,0.0014098374587336803,0.2468359522790033,0.1265720300800269,1.9876416603518695e-06,1.2563444413870592e-26,1.9876416603518695e-06
V11-PHASE-BLOCK-METRIC-WORK-20,ordered_scattered_channels,bottom,-3,-1,s,-1.25,-6.419271468091555e-06,-1.6176230035774172e-06,-4.909306826320045e-06,0.00011217325597253238,0.00011380089688299942,0.2468359522790033,0.1265720300800269,1.3264782928823017e-09,3.815929255738811e-07,3.802664472809988e-07
V11-PHASE-BLOCK-METRIC-WORK-20,ordered_scattered_channels,bottom,-3,-1,p,-1.25,2.637173451631369e-06,1.5671833353637226e-05,-1.5732873804033325e-06,7.928198517251764e-05,6.374934819148438e-05,0.2468359522790033,0.1265720300800269,7.644638816954515e-09,1.903314808729246e-07,1.826868420559701e-07
V11-PHASE-BLOCK-METRIC-WORK-20,ordered_scattered_channels,bottom,-3,0,s,-1.25,1.1617184300523372e-05,1.5025113699049888e-05,-0.0004924362020247152,-0.0001736752134377082,0.0005382170842025174,0.2468359522790033,0.1265720300800269,1.7474715030753637e-08,1.3208823483228831e-05,1.3191348768198078e-05
V11-PHASE-BLOCK-METRIC-WORK-20,ordered_scattered_channels,bottom,-3,0,p,-1.25,-9.258233982876897e-06,-9.097403328814922e-07,-1.3274970028758873e-16,2.3198170478591657e-16,9.302823439845129e-06,0.2468359522790033,0.1265720300800269,4.192546125938151e-09,3.46080831114775e-30,4.192546125938151e-09
V11-PHASE-BLOCK-METRIC-WORK-20,ordered_scattered_channels,bottom,-3,1,s,-1.25,-3.606297923232133e-06,-2.9531662363584604e-07,-4.9093068289528565e-06,0.00011217325597378981,0.00011247612037366329,0.2468359522790033,0.1265720300800269,3.962929933928242e-10,3.8159292558322023e-07,3.8119663258982743e-07
V11-PHASE-BLOCK-METRIC-WORK-20,ordered_scattered_channels,bottom,-3,1,p,-1.25,3.7271026793474037e-06,-1.009597134276538e-05,1.5732873796878703e-06,-7.928198517485518e-05,6.921953069993445e-05,0.2468359522790033,0.1265720300800269,3.5056932384731984e-09,1.903314808841085e-07,1.868257876456353e-07
V11-PHASE-BLOCK-METRIC-WORK-20,ordered_scattered_channels,bottom,-2,-1,s,-1.25,1.3466789646344055e-05,7.580953131224478e-06,7.745485652971132e-07,2.471734525870588e-06,1.3681999065074884e-05,0.2468359522790033,0.1265720300800269,9.904530251007202e-09,2.7825122930511906e-10,9.626279021702082e-09
V11-PHASE-BLOCK-METRIC-WORK-20,ordered_scattered_channels,bottom,-2,-1,p,-1.25,-6.439997317372084e-06,-1.210258521112345e-05,-3.630225008417886e-05,0.00018832341315366003,0.00020263843406626703,0.2468359522790033,0.1265720300800269,7.794477288182802e-09,1.5254830024257906e-06,1.5176885251376078e-06
V11-PHASE-BLOCK-METRIC-WORK-20,ordered_scattered_channels,bottom,-2,0,s,-1.25,-8.792355511915863e-05,-9.714737964733578e-06,-0.00018404130862069833,1.7489532595272983e-05,9.989341757535773e-05,0.2468359522790033,0.1265720300800269,4.3959973010510675e-07,1.9200481909981673e-06,1.4804484608930606e-06
V11-PHASE-BLOCK-METRIC-WORK-20,ordered_scattered_channels,bottom,-2,0,p,-1.25,1.0276035424168068e-05,-6.940314771974202e-07,-1.953215047833636e-16,3.0838854490696276e-16,1.0299445797446586e-05,0.2468359522790033,0.1265720300800269,5.959431025251778e-09,7.486128714139298e-30,5.959431025251778e-09
V11-PHASE-BLOCK-METRIC-WORK-20,ordered_scattered_channels,bottom,-2,1,s,-1.25,6.00483834683346e-06,6.125642055964085e-06,7.745485660026087e-07,2.4717345262717774e-06,6.380201519310011e-06,0.2468359522790033,0.1265720300800269,3.0515653381809537e-09,2.7825122943269296e-10,2.7733141087482608e-09
V11-PHASE-BLOCK-METRIC-WORK-20,ordered_scattered_channels,bottom,-2,1,p,-1.25,-5.767938030889326e-06,9.885185754269398e-06,3.630225008296777e-05,-0.00018832341315285628,0.00020262415800851867,0.2468359522790033,0.1265720300800269,5.432234384874697e-09,1.5254830024097482e-06,1.5200507680248735e-06
V11-PHASE-BLOCK-METRIC-WORK-20,ordered_scattered_channels,bottom,-1,-1,s,-1.25,-3.093988310807312e-05,-4.598843607470786e-05,-0.00033718347041335536,-1.666806024013619e-05,0.00030764398125867595,0.2468359522790033,0.1265720300800269,9.304066129035577e-08,3.4515489579344382e-06,3.3585082966440823e-06
V11-PHASE-BLOCK-METRIC-WORK-20,ordered_scattered_channels,bottom,-1,-1,p,-1.25,-1.4335738905296769e-05,-7.413519522780826e-06,0.00024799923661753275,8.609260274615205e-06,0.00026282383616217046,0.2468359522790033,0.1265720300800269,7.888335409863959e-09,1.8648558637476027e-06,1.8569675283377388e-06
V11-PHASE-BLOCK-METRIC-WORK-20,ordered_scattered_channels,bottom,-1,0,s,-1.25,-0.0009670173312258303,-9.918646991795929e-05,-0.0011348134234954131,-0.00088619762079417,0.000804699993901106,0.2468359522790033,0.1265720300800269,4.57881378078137e-05,0.00010045454435778903,5.466640654997533e-05
V11-PHASE-BLOCK-METRIC-WORK-20,ordered_scattered_channels,bottom,-1,0,p,-1.25,-1.1411698311190861e-05,-9.038165258815733e-06,-4.465027736885759e-16,-2.0865938982257457e-16,1.4557310520056152e-05,0.2468359522790033,0.1265720300800269,1.0268372850630873e-08,1.1769907587313279e-29,1.0268372850630873e-08
V11-PHASE-BLOCK-METRIC-WORK-20,ordered_scattered_channels,bottom,-1,1,s,-1.25,-2.7525103776797104e-05,-2.3089977028492272e-05,-0.00033718347041209747,-1.666806024128843e-05,0.00030972495062952854,0.2468359522790033,0.1265720300800269,3.9090677848490534e-08,3.4515489579099395e-06,3.412458280061449e-06
V11-PHASE-BLOCK-METRIC-WORK-20,ordered_scattered_channels,bottom,-1,1,p,-1.25,-1.8127596709085935e-05,4.908070153439909e-05,-0.00024799923661679776,-8.609260275598644e-06,0.00023700021630264332,0.2468359522790033,0.1265720300800269,8.29047889046833e-08,1.8648558637369045e-06,1.7819510748322211e-06
V11-PHASE-BLOCK-METRIC-WORK-20,ordered_scattered_channels,bottom,0,0,s,-1.25,-0.04338504563556467,0.14264912581866804,-0.041607545586981674,0.12257388541158544,0.020153778400708748,0.2468359522790033,0.1265720300800269,0.02499818631805047,0.032331984498269135,0.007333798180218665
V11-PHASE-BLOCK-METRIC-WORK-20,ordered_scattered_channels,bottom,0,0,p,-1.25,0.0010947228623516049,0.0006100730165478584,2.6658179463359154e-15,5.966790876859179e-15,0.0012532386966823109,0.2468359522790033,0.1265720300800269,2.3671645373538776e-06,5.820430999983165e-29,2.3671645373538776e-06
